source,array_row_index,reference_original_index,x_m,y_m,z_m
prior_mesh,728,,133.82104551336093,96.65735481796965,-30.83804937359515
prior_mesh,965,,133.77742025312435,101.15817101851131,-30.24754322794392
prior_mesh,1833,,133.82905523681194,104.21918953981267,-30.85942596829514
prior_mesh,2578,,133.95332419860287,93.11419051802255,-31.3792397522374
prior_mesh,2985,,133.95354100455734,94.87223009924001,-29.749722087545376
prior_mesh,3205,,134.06107012685555,98.69989371471007,-29.76141545728612
prior_mesh,3260,,134.05800799196524,105.42105372806942,-31.241323769394256
prior_mesh,3295,,133.79360751228916,90.01055171841203,-30.34745868112396
prior_mesh,3937,,134.08009809429257,108.63877652642856,-30.46376567035244
prior_mesh,4293,,133.8087585672932,96.38226119406848,-29.560621200605524
prior_mesh,4393,,134.11514838884256,93.77664927483795,-30.405036562278603
prior_mesh,4564,,134.14160718715337,104.97864654606845,-30.822523956371555
prior_mesh,4900,,134.00586999777028,101.50864194745539,-30.793673043587322
prior_mesh,4992,,133.91053383909696,104.31891877839426,-31.380983804455266
prior_mesh,5281,,134.24466433871743,96.40418992894199,-30.712210880705477
prior_mesh,5506,,134.23316362047117,96.2712834709781,-29.95186383054621
prior_mesh,5649,,134.19157782443415,96.3268356033768,-30.19288768453945
prior_mesh,5657,,133.80489903020361,102.44324252383835,-29.90067058663713
prior_mesh,6276,,134.03359313409936,100.16755860217137,-30.72981234771808
prior_mesh,6388,,133.79440225845673,90.81192099610195,-27.350042729019975
prior_mesh,6426,,134.2282711600525,104.47958073418351,-30.22050862927495
prior_mesh,7049,,134.23231130395232,90.05438265438974,-30.207710838124093
prior_mesh,7067,,134.22176283588706,98.83933142489961,-29.68090670960281
prior_mesh,7396,,134.13869300385682,95.14680694044112,-29.619598573203348
prior_mesh,7683,,133.87241202340576,96.76151821823692,-30.968563587032392
prior_mesh,7942,,134.21807882391948,110.85602035716767,-29.596057313413088
prior_mesh,7945,,133.89249712547223,90.25458544334296,-30.757105413600243
prior_mesh,8100,,134.18174829146477,96.44436587329832,-30.87062130782047
prior_mesh,8115,,134.06024420836084,101.28210972975184,-31.40404370253882
prior_mesh,8465,,134.04450588613028,99.95736030188482,-29.483935347196233
prior_mesh,8821,,134.1501775211455,104.18403797389135,-29.644723625924737
prior_mesh,9433,,134.1705077204071,105.46318107780725,-30.690724826407234
prior_mesh,9538,,133.988528047275,104.3448371464545,-29.77538266119919
prior_mesh,9754,,134.02651178736215,110.92317938943384,-29.588576244320677
prior_mesh,9767,,133.99150483166662,101.71160010499857,-30.33275117677836
prior_mesh,9925,,133.84868265097305,96.30595985846938,-29.62455115403885
prior_mesh,10009,,134.11620457134322,105.37674343200129,-30.473249500776824
prior_mesh,10214,,134.22940440624586,107.91957274704654,-29.46726943365972
prior_mesh,10287,,133.9319757854396,108.36583825225999,-29.774554022995677
prior_mesh,10894,,133.9656146846419,96.7547392420131,-31.257594468055537
prior_mesh,10971,,134.1489345801198,104.19467004749893,-29.659415585471507
prior_mesh,11064,,133.82478598237395,90.03344121357534,-30.320934799048025
prior_mesh,11685,,134.07936022714085,98.19982743109748,-30.019868236228092
prior_mesh,11974,,134.1101651688435,104.94533731304462,-30.872888225077993
prior_mesh,12010,,133.75023375788217,93.22532068602327,-31.30589616203534
prior_mesh,12105,,134.18100947291418,102.0777171150412,-30.03509187178422
prior_mesh,12150,,134.22724403375076,98.91509477703573,-29.65955791233619
prior_mesh,12161,,134.11763434549997,108.48197616684787,-30.372488914759803
prior_mesh,12675,,133.98078925656546,96.72968233717643,-31.288762917004174
prior_mesh,13098,,133.89457611850628,92.40514394667557,-30.271775536906738
prior_mesh,13399,,133.95683249665692,102.51579420441999,-29.82982898030397
prior_mesh,13527,,133.88186676975235,96.25229714413409,-29.739277363893255
prior_mesh,14054,,133.84093625088497,103.50660371813173,-29.502514943274115
prior_mesh,14098,,134.0644107285323,109.93145733764896,-30.0296693732444
prior_mesh,14311,,133.80845430893675,90.50113706439016,-27.36685465372513
prior_mesh,14402,,133.9235377601955,97.43321996354793,-30.663952846873947
prior_mesh,14787,,134.22270119665217,95.04268578464351,-29.64920731301414
prior_mesh,15566,,134.13881651625533,93.76914265602082,-30.404283228562495
prior_mesh,15661,,133.812528938656,90.48260593113896,-30.177534889164324
prior_mesh,15697,,134.2378200652852,104.53497249985523,-30.32645280151698
prior_mesh,15960,,134.00850623793883,110.47335317664232,-29.752780381211252
prior_mesh,16000,,133.7814873861292,91.82153568651694,-29.487014553885018
prior_mesh,16535,,134.20407672407003,104.95877238559413,-30.87641462524168
prior_mesh,16576,,134.1185523199078,93.51611302058402,-30.639326199382623
prior_mesh,16759,,133.79269691319496,99.13076198309516,-29.64364586341632
prior_mesh,17165,,134.07786175079195,98.16778528888709,-30.04050234577087
prior_mesh,17192,,134.2145388811954,101.69654866093633,-30.29851660237048
prior_mesh,17655,,134.11274503576848,104.13353471393131,-29.54716469034447
prior_mesh,17834,,133.78671348181715,104.23014445694187,-30.963437936057296
prior_mesh,18158,,134.07556078577375,100.21804279709826,-30.68729706884229
prior_mesh,18212,,134.07717175061535,110.18394596474576,-29.883640724320337
prior_mesh,18644,,134.18665863833607,106.31439790918476,-29.83994256059731
prior_mesh,18747,,134.03169122289154,93.55332487867113,-31.28074446307339
prior_mesh,20297,,134.08911861398067,101.64267436184682,-30.392389222390722
prior_mesh,20465,,133.91101853917877,95.40120232797368,-29.558167955714893
prior_mesh,20485,,133.77638452187563,105.29367470751099,-30.61853344893295
prior_mesh,20586,,133.86147810149137,96.37424357926906,-30.218446050624458
prior_mesh,21400,,134.23368713653196,98.22796363176975,-29.946609863563147
prior_mesh,21535,,134.11576622740938,98.8990578985763,-29.690476746173257
prior_mesh,21654,,133.8577669443964,103.66520668815512,-29.474775593676814
prior_mesh,21942,,134.2377317078086,108.68256400810446,-30.813704253769195
prior_mesh,22069,,133.78475183301498,92.31374259739886,-30.030529954534607
prior_mesh,22081,,134.18276595990588,90.8260550510787,-29.759964623309205
prior_mesh,22588,,134.22011515565995,92.89898721944708,-31.378178845624863
prior_mesh,23046,,133.98807241769532,97.87832986888922,-30.274458990028915
prior_mesh,23258,,134.07993148628424,94.39644892440326,-29.974873768799284
prior_mesh,24025,,134.20924495043138,99.94130005735043,-29.473487876112237
prior_mesh,24419,,134.21340226500683,96.2810611537741,-29.924842475882343
prior_mesh,24987,,134.19869099990223,105.94668732276322,-30.03628801442618
prior_mesh,25203,,134.13244575254146,109.99313399050175,-29.97963624729624
prior_mesh,25686,,133.81044112391552,96.11354023339038,-29.417355251781046
prior_mesh,25840,,134.10924490459206,96.38436599742863,-31.126976880713627
prior_mesh,25916,,133.8544502079601,93.29009729621764,-31.387163585687766
prior_mesh,26554,,133.85615437351385,90.87988915221662,-29.813647156307013
prior_mesh,26863,,134.20792672247492,99.95506273001853,-29.64124607338251
prior_mesh,26920,,134.08867880592865,90.14541936146662,-30.184793900766653
prior_mesh,26984,,133.91032777807243,92.29222197469414,-30.033216765696302
prior_mesh,27861,,134.1838207148944,94.18017038794854,-30.110029895925543
prior_mesh,27931,,133.98277178991498,111.18257909767463,-29.503723195068282
prior_mesh,28040,,133.92822552719593,97.36203583804038,-30.788153167851878
prior_mesh,28053,,134.1735158521185,98.83345994021326,-29.688941912467065
prior_mesh,28983,,133.7756261119452,105.35479817550976,-30.56066804240602
prior_mesh,29090,,134.13598822599016,91.03891525266302,-29.696430155695133
prior_mesh,29282,,134.18738495040887,100.02349491326204,-30.459508129380126
prior_mesh,29458,,134.20491845378803,96.24836045852783,-29.76010850398481
prior_mesh,29753,,133.81440477750022,90.22974372062798,-30.202457724305273
prior_mesh,30204,,134.16044381878638,96.83267469654541,-30.356437505693314
prior_mesh,30250,,134.07227695173955,104.3491397992392,-31.35215862917167
prior_mesh,30370,,134.00543785120408,106.31247731504695,-29.885504473226117
prior_mesh,30811,,133.77323204764122,97.45534166631434,-30.737009920603796
prior_mesh,30979,,134.1671321753892,93.3391007013622,-31.365937934545435
prior_mesh,31080,,134.17868009916174,96.00052043204406,-29.402202775421955
prior_mesh,31134,,134.15638798318057,109.8980793598628,-30.028252133867888
prior_mesh,31191,,133.87550250201292,90.20022163268291,-30.718516555069286
prior_mesh,31195,,134.18563244358668,92.91238320396431,-31.378583611653067
prior_mesh,31314,,134.20135519132725,93.95506516558417,-30.556476427237094
prior_mesh,31734,,133.82370284595905,106.15783166432209,-30.01099835234754
prior_mesh,32719,,133.82938558639302,90.2931963367497,-30.415971692555544
prior_mesh,32947,,133.85408981045182,94.89622551558593,-29.744485919263177
prior_mesh,33191,,134.16723997297586,101.96058157766177,-30.113541231873224
prior_mesh,33199,,133.8199082591329,96.44510447952754,-30.291589321063256
prior_mesh,33415,,133.8789177221642,90.28648767012987,-30.664296843425493
prior_mesh,33613,,134.15280335283032,102.40896016363163,-29.83623316648644
prior_mesh,33677,,134.00754682545073,96.27549234280511,-30.82947379475332
prior_mesh,33689,,134.13688037858432,104.05697462906599,-30.937407562690964
prior_mesh,33810,,134.13135995896863,94.12746222187833,-30.239192503685203
prior_mesh,34304,,133.97908857129588,96.54141642751253,-31.071728757865014
prior_mesh,34791,,133.9792137023105,104.21444515831459,-31.28367375661867
prior_mesh,35023,,133.90551479207957,104.22220248291018,-31.05934893148426
prior_mesh,35720,,134.12930033798483,107.53359877466532,-29.443983550557064
prior_mesh,36240,,134.10050447077276,104.06654637692537,-30.29263354023648
prior_mesh,36364,,133.980753655283,92.39689092260112,-29.910368388984168
prior_mesh,36404,,133.9704737827361,105.79968328161078,-30.18496924779209
prior_mesh,36417,,134.05250442767925,98.94796671097362,-29.68545613403437
prior_mesh,37946,,133.7829822937909,106.06882560849675,-30.068360402351104
prior_mesh,38091,,133.95163649556753,105.3529524712984,-31.734430966216387
prior_mesh,38751,,134.2158883621262,94.30803998204911,-29.987851062630533
prior_mesh,39124,,134.00274490388938,91.9609346338095,-29.433536612037585
prior_mesh,39240,,134.10862971213066,101.47815060728979,-30.823966154759994
prior_mesh,39906,,133.9654902762854,96.15121621251441,-30.148099448445784
prior_mesh,41230,,134.18501430105223,96.34079602252615,-29.667935203059706
prior_mesh,41716,,134.19125686466293,94.1406395485013,-30.096357357662257
prior_mesh,41911,,133.88030102336734,105.73435239816274,-30.266646223242446
prior_mesh,42507,,134.04129150007827,104.15714537138591,-31.274641714683963
prior_mesh,42863,,134.04661905584567,105.9375139416614,-30.06970971533716
prior_mesh,43273,,133.93478455088197,91.93126018208685,-29.445827843005507
prior_mesh,43629,,134.1348975311357,96.36536922229567,-31.14973950479236
prior_mesh,43820,,134.2315806327484,99.99355465228511,-30.14148386040934
prior_mesh,44108,,134.16307726998107,90.39654372440386,-29.990228397119694
prior_mesh,44353,,134.2368511278295,90.97334292776576,-29.70786241711897
prior_mesh,44368,,134.2269798882522,94.44413240368222,-29.925971193929044
prior_mesh,44788,,133.84827854362499,105.61268675053833,-30.378744202063842
prior_mesh,44807,,134.18723318955244,108.18290483652977,-30.194542150247877
prior_mesh,44917,,133.9797955857854,104.9968284356734,-30.907746621276807
prior_mesh,45556,,133.86460792736656,100.3240701949614,-31.129180543770218
prior_mesh,45750,,133.88553751979111,103.17176279914285,-29.589948587846244
prior_mesh,45867,,133.78359219453824,97.39752005591727,-30.79557367937648
prior_mesh,46005,,134.18957829659334,110.33798834402256,-29.77811594729757
prior_mesh,46382,,133.95701994263894,99.26675138096712,-29.571365914848286
prior_mesh,46491,,133.95959409995203,96.54641071293022,-31.036771498487838
prior_mesh,46902,,134.0585511611368,108.46992000763971,-30.245875419833443
prior_mesh,47080,,134.18122440299467,93.35540771016235,-30.497917960722745
prior_mesh,47718,,133.9995363311578,96.1765271631871,-29.457593202947706
prior_mesh,47763,,133.9940109507243,105.85627399386374,-30.135023705632697
prior_mesh,48272,,133.79678576236216,90.83110325997772,-27.358596623047898
prior_mesh,48396,,134.11133179882168,96.38024899539286,-31.12594166052845
prior_mesh,48421,,133.78391112533373,93.89937766842931,-30.398577802686255
prior_mesh,48642,,134.05006538866826,105.26825624908824,-31.134453966918876
prior_mesh,48738,,134.01641497333793,105.40312882704421,-31.44260362257903
prior_mesh,49092,,134.03841020245443,93.56896078110147,-30.635343614483737
prior_mesh,49756,,134.24916787996446,111.85074005412538,-29.74706029314023
prior_mesh,49892,,134.12817305051922,104.40987636399252,-31.340036338094226
prior_mesh,50602,,133.98493918711358,102.69454508377541,-29.74540610682046
prior_mesh,50629,,134.10185173279396,101.55295640620685,-30.627240503153573
prior_mesh,50971,,133.99866283428776,103.30678015736224,-29.527172951194846
prior_mesh,51173,,133.8377097900174,101.29422051289859,-30.421977846393457
prior_mesh,51490,,134.24452226111612,96.34253138598115,-30.425771282337152
prior_mesh,52358,,134.02101411454493,95.81289410299058,-29.46877776675666
prior_mesh,52484,,134.12354520932996,104.02638295138,-29.397990437537008
prior_mesh,52877,,134.0201662818016,104.13412891024333,-30.126340146822734
prior_mesh,53089,,134.07098938214435,96.4684824527449,-30.93300799397923
prior_mesh,53102,,133.99034374523484,92.43343287458222,-29.907779795888388
prior_mesh,53399,,134.16952420195767,108.35068497781499,-29.732815014684412
prior_mesh,53408,,134.05507479974713,108.89451508283963,-30.68249473809955
prior_mesh,53796,,134.05000961379824,100.22794400848626,-30.755576290852247
prior_mesh,53833,,134.23777513763724,101.6734696859845,-30.313071507511193
prior_mesh,54317,,133.9650052567398,96.0188274147115,-29.679558255357556
prior_mesh,54358,,134.04406491982252,93.61870232983811,-30.58856111804697
prior_mesh,54820,,133.88748736445615,96.38151637995936,-30.64595235574749
prior_mesh,55250,,133.95726159662667,104.75572742852137,-31.359918301195513
prior_mesh,55271,,134.24925966260167,107.8207268620266,-29.46332780247122
prior_mesh,55623,,133.95644120289845,96.1641749558118,-30.110943447738418
prior_mesh,56068,,134.20331253660464,93.15696775419639,-30.31388985505008
prior_mesh,56192,,134.08675503453534,111.21026310369385,-29.494923930280237
prior_mesh,56448,,133.9325082150413,104.29212427778144,-29.662693724035798
prior_mesh,57052,,133.91690308715164,96.30431668820833,-30.34607275853611
prior_mesh,58407,,133.7636345359276,101.41696319756159,-30.489161325210528
prior_mesh,58510,,133.90558647556452,101.6893869644475,-30.708582169257895
prior_mesh,58517,,133.85775579251379,92.12915866179422,-29.423292940621415
prior_mesh,58960,,133.96656340812493,104.18420486882272,-30.531713695509886
prior_mesh,59259,,134.22378485275954,101.38284279877475,-31.049375085916076
prior_mesh,59292,,134.11247882456303,94.16801270632816,-30.165614732127196
prior_mesh,59500,,134.13831770814713,101.56324241964992,-30.591330999371294
prior_mesh,59692,,134.1899132533068,101.24967167128861,-31.420038504213913
prior_mesh,60208,,133.76800008113048,99.08663414471617,-29.66404655900889
prior_mesh,60399,,134.12765852974104,101.63741335696324,-30.397207957469064
prior_mesh,60857,,133.76260741446356,102.91300679387462,-29.71451580968799
prior_mesh,61154,,134.09496665548156,92.08234909662113,-29.415416544112215
prior_mesh,61183,,134.18585924890507,96.46784847530813,-30.981529187587853
prior_mesh,61239,,134.1593710784407,98.42974899275902,-29.82974788844202
prior_mesh,61276,,134.11274382935986,98.71372113041726,-29.742903196882672
prior_mesh,61348,,133.84299471631365,100.17821433309274,-29.365777122417843
prior_mesh,61586,,134.16539237254733,95.59958445195856,-29.466611169883894
prior_mesh,61595,,134.04867744486015,93.80486713853189,-30.400287349133553
prior_mesh,61658,,134.07031698865944,103.82936734006684,-29.422343288738446
prior_mesh,61863,,134.1547138889311,94.74723205484284,-29.7804386921382
prior_mesh,61988,,134.12777957061735,99.95080069460776,-29.497822865277804
prior_mesh,62215,,133.93232180071917,106.86258457819041,-29.65313771671264
prior_mesh,62349,,134.0335809256421,104.1136457870372,-29.90500438451282
prior_mesh,63272,,133.92418287542108,92.23888840310386,-29.489832312313258
prior_mesh,63389,,134.05760241252574,96.8602449336239,-30.325545368186706
prior_mesh,63749,,133.9336546715831,101.65314505207412,-30.61521379264843
prior_mesh,63949,,134.1399667966208,98.24331868423471,-29.97906672074609
prior_mesh,64014,,134.17560309217887,96.19979877261,-31.033821307076074
prior_mesh,64015,,133.87095701179175,99.18675600985085,-29.610025828652077
prior_mesh,64254,,134.1579511771797,104.40220349665101,-29.967521568359167
prior_mesh,65022,,133.99347805106171,96.6855829965772,-31.265194676852715
prior_mesh,65078,,134.00592156800002,94.70532522708835,-29.826137056948113
prior_mesh,65219,,133.9508753911452,96.0022932894247,-29.492639953991283
prior_mesh,65912,,134.04058078704932,100.31429141255295,-30.86704179015857
prior_mesh,66082,,134.12105829139182,103.3030129740047,-29.53334615185507
prior_mesh,66295,,134.0242185925727,93.34311773954744,-31.468795029234357
prior_mesh,66432,,134.06336801876634,102.75740193912033,-29.704840331746894
prior_mesh,67556,,134.04600203213954,91.54406866566833,-29.56512881449136
prior_mesh,67598,,133.8568325179988,102.03103988103278,-30.128948395735975
prior_mesh,67917,,133.962785696482,90.1431034723313,-30.215507150642843
prior_mesh,68271,,133.9719634033024,96.17692076112681,-30.297288050167833
prior_mesh,68824,,134.23729599600935,93.05426097070054,-31.422101883772214
prior_mesh,69449,,133.86837936218174,97.3463582465524,-30.82367928423675
prior_mesh,69721,,134.1760023514652,95.17183700379529,-29.59524952926183
prior_mesh,69790,,134.14406228482815,94.1789723037573,-30.129756474992092
prior_mesh,69833,,133.76739155089896,90.45290562418532,-27.241873729921124
prior_mesh,69834,,133.94399304140762,100.57583097601258,-31.262636317942288
prior_mesh,69914,,133.76623833648557,91.83749770049654,-29.484647662775366
prior_mesh,69961,,133.88454588037064,103.27246448676271,-29.55317889697708
prior_mesh,70368,,134.06408793002828,96.65331110330231,-30.033254389576065
prior_mesh,70470,,134.2078669761775,93.55797397332901,-30.561776527796184
prior_mesh,70660,,133.90745876659054,95.63502370288381,-29.500147814825937
prior_mesh,70796,,134.21133036641484,93.25468260409835,-31.416194809398803
prior_mesh,70983,,134.04228376390822,111.06660238273572,-29.53510546624491
prior_mesh,71196,,133.78131815267008,108.38192155937111,-29.717065419427755
prior_mesh,71272,,133.77068415277725,90.53646845093351,-27.258216014641324
prior_mesh,71307,,134.10647036837372,96.40881698720659,-30.64905047319652
prior_mesh,71771,,133.85926060137592,96.38643043814159,-30.299441582472497
prior_mesh,72558,,134.1601897310734,90.03238204286454,-30.23817863370126
prior_mesh,72714,,134.00036163243578,105.31025639290513,-31.436677007488974
prior_mesh,72826,,134.05129687014346,101.63799950057212,-30.413743144960428
prior_mesh,72836,,133.98003696514465,104.14082398191843,-29.820000804329148
prior_mesh,73095,,134.2417283698747,108.34008746213496,-30.46383070489509
prior_mesh,73208,,134.19895520792514,107.72744771373479,-29.425897715303577
prior_mesh,73545,,134.0062432114641,101.88968647551539,-30.178222067423178
prior_mesh,73709,,134.18041661519652,108.7870922243176,-30.812231150847843
prior_mesh,73865,,133.8551689803593,101.26941562029965,-30.410148518015593
prior_mesh,74449,,134.05361842794332,101.63960465820531,-30.40893746822199
prior_mesh,74499,,133.7638158987379,101.54878527450208,-31.49489913146553
prior_mesh,75454,,134.19951764628442,110.59594340179467,-29.67707266577878
prior_mesh,75866,,133.937899983129,101.67941482133742,-30.57962446603792
prior_mesh,75920,,133.94750000759655,95.64590012015138,-29.492368788834185
prior_mesh,75980,,134.0216936371964,90.49994998851095,-29.968213970324875
prior_mesh,76146,,133.81703008723326,107.06414852596056,-29.597817094791566
prior_mesh,76380,,134.0364681425485,100.37675464701688,-31.08198774776635
prior_mesh,76454,,133.84522587839206,105.29852135442772,-31.521910613382424
prior_mesh,77060,,133.849036664468,92.18920074125283,-29.3818091104636
prior_mesh,77130,,134.07303689261894,96.37393999000045,-30.144217786886916
prior_mesh,77827,,134.24810385192418,92.47260148826119,-29.667672952941267
prior_mesh,77939,,134.02237859735186,95.86494166040323,-29.663693422020238
prior_mesh,78139,,133.81997325073257,97.74626993253155,-30.483891277953454
prior_mesh,78338,,134.04515871674477,99.65398929906513,-29.47133123526572
prior_mesh,78426,,133.7994475476577,92.11720124837318,-29.40380378409928
prior_mesh,78925,,133.93938463819117,96.22373635070325,-30.164082606374915
prior_mesh,79036,,134.21940103321228,108.49706751903013,-30.584646969867713
prior_mesh,79291,,134.24104030752216,104.22668857818041,-29.874357389766146
prior_mesh,79306,,133.78767099985436,107.32391846401413,-29.530480231843462
prior_mesh,79539,,134.065259550656,103.29539612692858,-29.540798155536727
prior_mesh,79774,,133.92936532853028,96.15639088287212,-29.836549796423153
prior_mesh,79843,,134.08024494239396,96.34227288610494,-29.853478218990407
prior_mesh,80137,,134.12162637635245,93.73436033035826,-30.52310583975091
prior_mesh,80528,,134.20077346468793,99.88854196987965,-29.40757068221808
prior_mesh,80946,,134.03904141202557,105.32055316400346,-31.243296026697898
prior_mesh,81308,,134.1814816710268,110.15473502119974,-29.879249917263557
prior_mesh,81361,,134.20489186865657,93.47162877997948,-30.969639327250967
prior_mesh,82503,,133.8169938636604,94.53029520441783,-29.947023099245484
prior_mesh,82875,,134.12045112548142,96.11295411012249,-29.38646939064478
prior_mesh,82923,,133.8313006113022,96.56818573939354,-30.794138437967337
prior_mesh,83148,,134.16829643366998,96.18356210322786,-29.431021481710108
prior_mesh,83211,,133.94155774570515,101.62446219048812,-30.656792352021853
prior_mesh,83359,,134.1513399243371,108.86275245007604,-30.835114051304693
prior_mesh,85195,,133.86090091071333,95.20695627343835,-29.62410296919674
prior_mesh,85687,,133.9739322240786,94.9962486406936,-29.693186886888107
prior_mesh,86317,,134.23104614946362,96.28439754728815,-29.99904555241035
prior_mesh,86776,,133.92079163774233,98.50396864534794,-29.888948386941674
prior_mesh,87264,,133.92144324656604,110.15745004589007,-29.93224076388117
prior_mesh,87841,,133.93142786267103,103.37534875384557,-29.53246774464792
prior_mesh,87908,,134.1489964388515,108.32872566668456,-30.273003051659217
prior_mesh,88245,,134.1173401367201,93.46043203944542,-31.25302540254589
prior_mesh,88592,,134.22742221522319,111.35426256539805,-29.470232133246128
prior_mesh,88863,,133.75832356927552,110.07728459716611,-30.012066569992538
prior_mesh,89781,,133.76700095321974,92.21966973339401,-29.492898912217875
prior_mesh,89817,,134.0714494550407,101.50659000121108,-30.761069858941617
prior_mesh,89830,,133.85160870631447,96.34387575816108,-29.80304997475719
prior_mesh,89953,,134.08187011703325,104.91371266534694,-30.91972491768807
prior_mesh,90401,,133.76168395468738,101.12728958376333,-30.206508728575027
prior_mesh,90741,,134.03866074155943,104.34996775527395,-29.814982722512624
prior_mesh,90779,,134.18558197893591,108.81273290983725,-30.848971817769822
prior_mesh,90937,,134.2247819610608,111.32399861641893,-29.477618699176535
prior_mesh,91011,,133.77265119615808,97.97271758500173,-30.269127642466295
prior_mesh,91105,,134.23582786447005,104.32361800265447,-30.00625494559612
prior_mesh,91109,,134.14751993040903,95.96933347186683,-29.403936828456885
prior_mesh,91343,,134.09955287387783,96.65812392432755,-30.064442331463923
prior_mesh,91366,,133.98552626028606,97.60830942420085,-30.506913445110186
prior_mesh,91647,,134.1850767536897,94.14111820798065,-30.18825881848897
prior_mesh,92228,,133.81424674696638,95.56037613468017,-29.52824429908369
prior_mesh,92497,,134.0386554815328,95.76540230958136,-29.46328808212048
prior_mesh,93359,,133.9670649790412,102.48499007960187,-29.843565688676396
prior_mesh,93584,,134.00241035943813,95.90162316181343,-29.61004958438935
prior_mesh,94167,,134.20054660174222,104.25401065459366,-31.304634495137055
prior_mesh,94184,,133.9177610746019,93.54989463803965,-30.716155895589267
prior_mesh,94217,,133.97983055975956,107.40649404833107,-29.495298293341346
prior_mesh,94686,,134.1249506124609,96.2196859644921,-30.969090690305947
prior_mesh,95229,,133.918174205987,103.99748517437766,-29.40175133701628
prior_mesh,95524,,134.23117172169347,99.3368077378793,-29.518880032409644
prior_mesh,95565,,133.84406247265295,96.31300010698132,-29.607066553701067
prior_mesh,95684,,133.95550617996597,104.14826196675325,-29.89882225827947
prior_mesh,95780,,134.09860368487162,104.08590325247468,-30.769603394910206
prior_mesh,96065,,134.00614448908624,97.67834497298952,-30.590105573283015
prior_mesh,96729,,133.87837879269415,97.74995554249108,-30.450680511135857
prior_mesh,97052,,133.98276041163862,96.283586009103,-30.787004343530448
prior_mesh,97418,,134.14070122230163,93.81822395025742,-30.368351734664472
prior_mesh,97926,,133.87044856785877,107.08676400166146,-29.582226425750516
prior_mesh,98224,,133.88233837762337,96.28742735492622,-29.86673723835488
prior_mesh,98702,,134.08665001249753,98.55573135091936,-29.8022266537076
prior_mesh,98921,,134.0191290518908,95.97757382643458,-30.028890787152534
prior_mesh,99066,,133.91042501929567,96.36429419249903,-30.727800587395695
prior_mesh,99087,,133.9539472729649,94.21171181885249,-30.122171930150802
prior_mesh,99188,,134.03796085023816,102.35612610101494,-29.904848117053636
prior_mesh,99267,,134.14099784880796,98.39110032558128,-29.851358047107105
prior_mesh,99797,,134.16048922231872,98.84982251667286,-29.691329813982694
prior_mesh,100160,,134.11453916286604,105.34615744352585,-30.502362409895788
prior_mesh,100500,,133.88114582795305,97.61576663248523,-30.806759094165553
prior_mesh,100601,,134.0712489568238,93.1513411537959,-31.416600660252573
prior_mesh,100998,,134.21006004637752,104.5475498516933,-31.403069977407576
prior_mesh,101116,,133.89516208326322,106.10415935822431,-30.008514410380243
prior_mesh,101297,,133.75160055930937,92.73742386079661,-30.027115303981116
prior_mesh,102259,,133.92635135131883,101.6990280585145,-30.614862042287285
prior_mesh,103056,,133.88371239669357,100.17566064195886,-30.090583909567556
prior_mesh,103138,,134.20082622962724,90.0114745714427,-30.24186051065572
prior_mesh,103637,,134.13141172514744,93.81187047887781,-30.37740703804794
prior_mesh,105069,,134.20744319620633,104.20856592026759,-29.765336653824406
prior_mesh,105288,,133.96311423396114,106.41342156248945,-29.841046167600716
prior_mesh,105379,,133.9122617650036,103.90172488658267,-29.421767292843917
prior_mesh,105396,,133.9551843120828,104.47054087204756,-29.937136479539532
prior_mesh,105601,,133.82217067882564,90.2435024037905,-30.190820999064755
prior_mesh,107662,,134.1479467675216,90.62603127005008,-29.85717337381602
prior_mesh,107665,,133.81783080687893,90.17450692599735,-30.456962230280197
prior_mesh,107695,,133.92847054697813,96.07019501352623,-29.52620726130212
prior_mesh,107891,,134.20939922581897,105.4988622929521,-30.520923565629797
prior_mesh,107935,,133.8582240424419,104.94796405786546,-31.029145058732226
prior_mesh,108060,,133.76339621663192,90.66969991646182,-27.247279709130726
prior_mesh,108552,,133.83091245335635,107.22401836473878,-29.55232848456432
prior_mesh,108802,,134.11396107681867,100.30800816454558,-30.771549357088997
prior_mesh,109148,,134.1397792734872,107.98248289472468,-29.89369557033222
prior_mesh,109288,,133.95888772049636,93.02486144997222,-31.36774142107753
prior_mesh,109391,,134.0739980554081,104.1072556063235,-30.736368536302646
prior_mesh,109396,,134.15854407706587,94.94793055862493,-29.6903603738346
prior_mesh,110249,,133.77794237847183,94.07313013729348,-30.250555107028053
prior_mesh,110668,,134.03198091555151,96.5932986453782,-31.22874259441008
prior_mesh,111112,,134.09751538577027,96.39596893294896,-30.47807902754387
prior_mesh,111565,,133.79102834981123,91.66225278652288,-29.529777269261956
prior_mesh,111902,,133.97926150618227,105.34574197462851,-31.582150956106084
prior_mesh,112733,,134.22047728056862,108.25375868935882,-29.733247630095917
prior_mesh,113206,,133.88648996414338,96.3556248226117,-30.39468147146442
prior_mesh,113732,,133.88576164105316,104.21314253262933,-29.517679617045626
prior_mesh,113771,,134.04614788270942,101.7692350269427,-30.2630566343381
prior_mesh,114078,,134.15696604368506,93.38530645267014,-31.296882391155563
prior_mesh,114110,,133.98537603368675,105.37054119569882,-31.574121556790093
prior_mesh,114300,,134.14074499870753,104.04002186458514,-29.42888110580109
prior_mesh,114479,,134.12958856695178,98.29734773657312,-29.951126957116475
prior_mesh,114683,,134.01390768020212,96.08870588619125,-30.37083357669884
prior_mesh,114984,,134.18635800227878,108.77591554241326,-30.812027709788552
prior_mesh,116291,,134.24588561478512,103.40656658139574,-29.497169494846272
prior_mesh,116988,,133.88452277622702,92.10747021233627,-29.40113972441658
prior_mesh,117149,,134.04574831116526,98.87795887988275,-29.68525212635909
prior_mesh,117320,,133.94503513640393,97.5642753866068,-30.56668385886191
prior_mesh,117565,,134.1026480203283,93.75959299892644,-30.506685950299925
prior_mesh,117708,,133.94340268816728,94.93613658378047,-29.699874510219868
prior_mesh,119754,,133.99356149608542,94.2860774248202,-30.05194234419278
prior_mesh,119913,,134.02569739843148,93.77787956287452,-30.673625480168333
prior_mesh,120473,,134.0461150816809,96.40897540327394,-31.046102708859507
prior_mesh,120486,,134.10274214141378,102.11665563407576,-30.028507623138236
prior_mesh,120532,,133.75616459160216,92.08942964781151,-29.420548390412733
prior_mesh,120555,,134.2459630495034,96.18443716795198,-29.635224343874157
prior_mesh,120946,,134.09217272025748,96.45252100989397,-29.764564521261867
prior_mesh,120970,,133.7709548188521,94.1169297377764,-30.2217045356629
prior_mesh,121240,,134.21631421697447,104.31270182178154,-31.310434048056443
prior_mesh,121247,,134.07309788360908,108.14809554305991,-29.93792583112942
prior_mesh,121401,,133.8179118770381,100.14812210578448,-29.651915440391587
prior_mesh,121620,,134.0976628482348,94.41208651384675,-29.96393843231975
prior_mesh,122680,,134.082212697966,101.43592704122015,-30.513345872165758
prior_mesh,122685,,134.16269221558636,100.18761063367077,-30.457935532088772
prior_mesh,123201,,134.09321239858255,96.41710875346803,-31.13618057939942
prior_mesh,123458,,133.90631945552576,105.82780881631402,-30.183318958074338
prior_mesh,123665,,134.00524630430158,96.09666367471632,-29.417253960747487
prior_mesh,123728,,133.99004042319905,97.71791221574591,-30.49123668763692
prior_mesh,125284,,134.01757721728296,100.54735548536493,-31.2715314600886
prior_mesh,125619,,134.21851607846256,101.30628614999844,-31.25359647513168
prior_mesh,126168,,133.84093019949236,98.24037029760042,-30.076711243309067
prior_mesh,127031,,134.0167323240288,104.1183186281325,-29.61284094107896
prior_mesh,127135,,134.14585782856454,103.36509918508033,-29.51553628758687
prior_mesh,127169,,134.17928704148355,103.88603413106537,-29.401956310943085
prior_mesh,127242,,133.91600218942082,101.47994147628341,-31.12445832046476
prior_mesh,127380,,133.75503069421532,96.57873301574361,-30.61699819760671
prior_mesh,127494,,133.75023323108937,105.11422666314245,-30.62866535625423
prior_mesh,127886,,133.8923158951214,94.77237883247301,-29.81036486099729
prior_mesh,128686,,134.10815382899585,93.2035965889888,-31.44004091597199
prior_mesh,128956,,134.03916938814965,101.46501667561094,-30.502587486904012
prior_mesh,129257,,133.93789055432796,101.61547040844322,-30.69338664307105
prior_mesh,129600,,134.0819550403384,93.60313744760711,-30.58215201858555
prior_mesh,129714,,133.79491305180153,101.32410558673831,-30.42095217886744
prior_mesh,130059,,133.954405833739,94.38836169503504,-30.000065074756744
prior_mesh,130172,,134.2045925714932,94.25545013938395,-30.026067135512644
prior_mesh,130783,,134.2018047117733,95.21479297443638,-29.577554007216953
prior_mesh,131245,,134.0961361684092,99.50531871386777,-29.498264904593377
prior_mesh,131830,,134.14412864639243,101.23894393519348,-31.477275464383933
prior_mesh,132054,,134.2162899929052,96.46595335846544,-30.986361271233612
prior_mesh,132522,,133.89104458451197,108.23448840478898,-29.573637621521893
prior_mesh,132558,,134.191303779641,103.68096938357823,-29.444781318175757
prior_mesh,132672,,133.962963561966,97.34325959620466,-31.445344616801492
prior_mesh,132861,,134.08712598296984,102.5077107766785,-29.813224384434946
prior_mesh,133019,,133.76038967073612,108.887355449959,-30.39609787417256
prior_mesh,133209,,134.06500197656726,90.47327477121942,-29.970554272878935
prior_mesh,133736,,134.06699235434104,101.81695992523484,-30.22544740601596
prior_mesh,134230,,134.01380900032783,93.56095045269254,-31.310156156626785
prior_mesh,134289,,133.93587611762257,101.50169207404838,-30.996225415859122
prior_mesh,134577,,134.14804810845783,104.0421343251113,-30.813047240770914
prior_mesh,134703,,133.81161615400651,101.5272064321107,-30.534761497704686
prior_mesh,134974,,134.11034424190314,93.47982302999051,-31.232130770390548
prior_mesh,135069,,134.17929740200165,108.67147300985496,-30.689350782360656
prior_mesh,135622,,134.2218959273299,98.86965018185353,-29.67635539574901
prior_mesh,136168,,134.00798618799698,101.26627676143706,-31.47954669548508
prior_mesh,136263,,134.15638891558902,104.03332734902847,-30.78182382451291
prior_mesh,136521,,134.21306311355548,93.88042141030391,-30.701949928509997
prior_mesh,137165,,133.81797078075053,101.57406396058128,-31.23377220375113
prior_mesh,137716,,133.75382466817476,101.5934262675129,-30.49553023314796
prior_mesh,137840,,134.2163858738541,110.64779531804501,-29.655125210996484
prior_mesh,138359,,133.95628479462013,96.45296175038182,-30.92390630589724
prior_mesh,138870,,134.06406641716165,104.15966042187287,-31.3445827469707
prior_mesh,138892,,134.22715781764646,102.10274178149407,-30.008112006148004
prior_mesh,139045,,133.89055424213197,92.25227744783597,-29.57047345822742
prior_mesh,139144,,133.88032769647597,103.5464758216904,-29.496917149396467
prior_mesh,139688,,134.0236112529228,103.3979924619843,-29.508485410115178
prior_mesh,140132,,133.76246720833052,92.31388004225101,-29.57606461655713
prior_mesh,140385,,134.21967891385196,100.06166415187539,-30.965588408884646
prior_mesh,140495,,134.11195157816516,99.8983208694337,-29.40784790758904
prior_mesh,140599,,134.1387746715601,93.46168104575062,-31.18684911111231
prior_mesh,140889,,134.2246146261755,90.60783526096779,-29.854905798287984
prior_mesh,140966,,133.9223868115218,100.11639163399519,-30.356151323895695
prior_mesh,141472,,133.98614658361552,101.32121333352536,-31.33659466470811
prior_mesh,141496,,133.98074317268842,91.96189732054316,-29.434647297775168
prior_mesh,141610,,133.883770411483,101.39422430103181,-30.55142152387758
prior_mesh,142041,,134.00094582806906,104.56264146837914,-31.380843337810024
prior_mesh,142433,,134.05098162838146,96.33672550918715,-29.66632519286006
prior_mesh,142569,,134.15650100390945,110.0573157641263,-29.938303496761677
prior_mesh,142666,,134.2330144378276,98.81005151230251,-29.69177713375167
prior_mesh,143216,,134.1599729932267,99.89210441561173,-29.407931708625743
prior_mesh,143246,,134.15093347700144,110.82305577005879,-29.603685017242917
prior_mesh,143313,,133.78961129799404,91.9917431643196,-29.439784004500602
prior_mesh,143770,,134.01567493129215,93.57848465424165,-31.25614485524014
prior_mesh,143892,,133.84389961899868,90.30970784446822,-30.47353741578219
prior_mesh,144064,,133.91434340637983,96.29462242588671,-30.22166398915391
prior_mesh,144417,,133.9900090776249,94.87946565554859,-29.740172794467647
prior_mesh,144855,,134.20149644365833,91.88401200777815,-29.43796930370201
prior_mesh,145367,,133.92581074952227,100.12275343291671,-30.378471969950837
prior_mesh,145469,,134.13559314364926,107.30042144571296,-29.493446406217178
prior_mesh,146189,,133.92744419397076,96.1633007345788,-29.84324059850627
prior_mesh,146252,,134.00820702874452,110.99628364938935,-29.565643626430862
prior_mesh,146265,,133.94592280239277,92.41986007652187,-30.07616263289277
prior_mesh,146471,,133.91494727179898,93.75114453340817,-30.49703058479796
prior_mesh,146973,,134.22147597466952,104.16683587679664,-29.737318414207675
prior_mesh,147305,,134.1269745436812,99.95751356728951,-29.57946449081208
prior_mesh,147612,,134.2149923369976,91.1796342350736,-29.63975428931936
prior_mesh,147750,,134.23701895788594,95.45564304439785,-29.49412094371811
prior_mesh,148127,,133.95051451842028,94.81988205004045,-29.750382405723975
prior_mesh,148450,,134.02587116423743,109.83498753497673,-30.09291096192685
prior_mesh,148865,,134.23079037444137,102.56501087291542,-29.7619056525753
prior_mesh,149135,,134.10551851238392,93.59620955357158,-30.952636923295216
prior_mesh,149559,,133.7787185556752,94.49369112189801,-29.973272530601747
prior_mesh,150197,,134.23332594113367,105.0064697514947,-31.437093330901934
prior_mesh,151177,,133.75095637545064,101.65824472275673,-30.43497384596779
prior_mesh,151191,,133.7884623076541,101.58392423073012,-31.314661433079912
prior_mesh,152204,,134.19062667829152,108.63524134561493,-30.673385080376967
prior_mesh,152817,,134.17842534574075,108.1756419033184,-30.16996039993586
prior_mesh,152848,,133.82178183316978,97.25621736646949,-31.38163971275329
prior_mesh,152925,,134.20596977926277,102.42306293622,-29.836603831661577
prior_mesh,153119,,134.1738966862424,108.83275427129436,-30.847324930665465
prior_mesh,153810,,133.96830539251494,104.99046153270211,-30.920824823457767
prior_mesh,154845,,133.94634142752489,110.42716993079338,-29.76530884719736
prior_mesh,155281,,133.94500344121155,105.24079953660691,-31.617866190038733
prior_mesh,155306,,133.85842467350338,107.11947763600125,-29.57472516546262
prior_mesh,155891,,134.2044938536156,104.28361431769645,-29.870110477527202
prior_mesh,155946,,134.1471464722586,94.18246622891375,-30.081868894407535
prior_mesh,155962,,134.06201565633012,96.39507988268122,-30.310596441854553
prior_mesh,156661,,134.14117613450247,96.12458242883199,-29.424131297518755
prior_mesh,156875,,133.96181247008667,96.76675610203107,-31.242672085878667
prior_mesh,157045,,134.02904760150597,95.09912290028215,-29.633178238064104
prior_mesh,157455,,134.115458342848,92.1200690206505,-29.40817800064434
prior_mesh,157495,,134.2122910417776,100.01689505266577,-30.40662342241563
prior_mesh,157665,,134.0364643400814,94.92491848513849,-29.711931547046657
prior_mesh,157667,,134.23516409850336,90.32224624904629,-30.01660805909556
prior_mesh,157823,,134.22551089965805,90.97759078789446,-29.707644675752572
prior_mesh,158249,,133.8807899008986,100.17359162894664,-30.071187437388797
prior_mesh,159373,,133.81635292017324,99.56752345463994,-29.512513751428266
prior_mesh,159787,,134.15228835147983,104.57487373766311,-30.215433117743068
prior_mesh,160551,,133.95377301694265,105.33108591402213,-31.701925081455773
prior_mesh,160968,,134.00837248362086,95.13054380323554,-29.626578697040184
prior_mesh,160979,,133.90595026872313,93.5284117680936,-30.741332861493547
prior_mesh,162174,,133.8298472287834,103.13859358008635,-29.61312919539835
prior_mesh,162304,,134.1461173512797,102.10713917169979,-30.025171457404117
prior_mesh,162489,,134.2389265874441,92.40160062057961,-29.595541034958575
prior_mesh,162996,,133.86724926722547,108.42753672786975,-29.824658339289982
prior_mesh,164570,,134.23337245410482,108.37500585960808,-29.837469878203272
prior_mesh,164875,,133.90751873866054,90.06394200626343,-30.27733741250486
prior_mesh,165002,,134.1111590805425,104.5215970443798,-30.11146496615249
prior_mesh,165153,,134.03824064044477,105.2427846048947,-31.171856407002
prior_mesh,166216,,133.9577963869878,103.28413072770068,-29.536847180111252
prior_mesh,167611,,134.18287584364361,93.60426440049102,-30.711338586636842
prior_mesh,168332,,133.99925082955016,100.38361481388313,-31.073119613035544
prior_mesh,168673,,134.04249130828526,94.90938562292537,-29.689404218918085
prior_mesh,168995,,133.93287134361483,104.89675024867827,-31.029124885264693
prior_mesh,169024,,134.03342686563917,96.4694905523182,-31.092233268734002
prior_mesh,169039,,133.88593997389378,92.37986692199904,-30.281771185299707
prior_mesh,170009,,133.8036104819231,92.3077097268127,-30.001050104407145
prior_mesh,170377,,134.18877931645497,96.19965009483951,-29.50274470777625
prior_mesh,170664,,134.06948211949313,98.8963960346931,-29.69878988815519
prior_mesh,170682,,134.05572435932407,105.19185013446219,-30.680986838111785
prior_mesh,170920,,134.20934837018038,109.66316707888724,-30.168593033211565
prior_mesh,171134,,133.9809395897328,101.61825243625164,-30.530784404959206
prior_mesh,171933,,133.85272580046725,101.01680297891077,-31.025801214016575
prior_mesh,172025,,133.86864683274362,110.71242945593562,-29.639164004438378
prior_mesh,172072,,134.24532638060128,104.7951293306651,-30.732918024157314
prior_mesh,172186,,134.09412471228111,94.16336220565958,-30.182986603003584
prior_mesh,172435,,133.77328881287465,108.75160503082448,-30.217560031623528
prior_mesh,172537,,133.81084486070034,92.15626134465282,-29.39249242724196
prior_mesh,173177,,134.1215718346063,104.33854280318943,-29.851470184840977
prior_mesh,173375,,133.7926446791635,94.77661359695287,-29.82514173975961
prior_mesh,173680,,134.16706561487376,102.7075460954493,-29.70640261497708
prior_mesh,173723,,134.1253864442917,101.32793291024369,-31.235969076065878
prior_mesh,173960,,133.81962047639848,104.39463273289196,-31.339617960964013
prior_mesh,174471,,134.12677117321687,101.59526827700773,-30.509156660125548
prior_mesh,174505,,134.0164570498529,95.9728412532782,-29.98791408982708
prior_mesh,175244,,133.9585901223672,106.92752337648079,-29.62849597471005
prior_mesh,175707,,134.24724299223453,93.8980809024178,-30.651446278377176
prior_mesh,175793,,133.76527326212047,97.74647496433164,-30.505460373445878
prior_mesh,176017,,134.1885558084415,108.85509155077938,-30.898938572871046
prior_mesh,176438,,134.17604204119942,96.07547730693435,-29.395885574761245
prior_mesh,176474,,133.929739050968,98.33491759561701,-30.004983462793295
prior_mesh,178176,,134.0157427692392,104.15866579313249,-30.680897653338747
prior_mesh,178358,,133.7867096181807,103.8556183653302,-29.44191922471249
prior_mesh,178517,,134.06007617310848,104.92059608873099,-30.927134403382077
prior_mesh,178571,,134.02697997816054,110.69299708158354,-29.67028298293704
prior_mesh,178744,,134.20274340970562,104.06231620441417,-29.535666873998654
prior_mesh,178756,,133.85987727217798,101.29795095604497,-30.441162746488878
prior_mesh,178834,,133.9412214301663,104.2846581495525,-31.401257396296906
prior_mesh,178930,,133.80931645088614,94.65954841945981,-29.881553909311165
prior_mesh,179041,,133.7857306266884,105.30639465695175,-30.659993193071095
prior_mesh,179140,,134.14918406846766,100.00834479138656,-30.22981242968084
prior_mesh,179303,,133.83857375154972,106.10693096983951,-30.034922130621165
prior_mesh,179885,,133.87660641576161,104.2138997135241,-30.86190708297412
prior_mesh,180055,,133.98973587871404,104.2029511786177,-31.2338929748432
prior_mesh,180420,,134.04098086921562,104.16821796909318,-29.551702324249945
prior_mesh,180464,,134.23107072150714,99.38065370172714,-29.508763374517674
prior_mesh,180557,,133.93143630978034,96.1430327565299,-29.808620871540995
prior_mesh,180714,,134.10234459719197,90.847702872407,-29.763024071163603
prior_mesh,180836,,133.90561066415256,97.32299691654055,-31.4290063509753
prior_mesh,180916,,133.9793413446316,91.25169317572193,-29.661296058534962
prior_mesh,181674,,133.7602003929153,90.65830250402551,-27.236946491903232
prior_mesh,181772,,133.99210251859114,104.35668768160966,-29.794936722789508
prior_mesh,182195,,133.94168890758183,96.0493786998516,-29.573867572005476
prior_mesh,182221,,134.23121507804245,104.24321393664512,-29.875037820106638
prior_mesh,182621,,134.24044104922564,109.54031260553714,-30.258067507263355
prior_mesh,182840,,134.2279360173175,99.55564425435428,-29.469790335361054
prior_mesh,182973,,134.0947355222773,106.88537491557076,-29.61945531313776
prior_mesh,183359,,133.95516269492663,101.6921891022297,-30.498493234444858
prior_mesh,184039,,134.156643698531,94.07638024246918,-30.331226797404533
prior_mesh,184768,,134.1008247837012,110.4787081466209,-29.73912727585921
prior_mesh,184897,,133.83689714781164,102.05042530762205,-30.122203168025024
prior_mesh,185192,,133.76444619523105,103.88897646787879,-29.443440100149484
prior_mesh,185546,,133.79091296066818,95.41286964078672,-29.567724797391616
prior_mesh,185894,,133.80332960988875,105.87951110398082,-30.179135707498656
prior_mesh,186146,,133.9985034731891,110.06528193350059,-29.968302653468466
prior_mesh,186157,,134.17617540376142,100.38209424951937,-31.205398979959647
prior_mesh,186307,,133.87092271259536,100.12026726084177,-30.010452051448475
prior_mesh,186698,,133.85915287903615,101.03779537527011,-31.009417861540776
prior_mesh,186876,,133.7878444084165,94.98075971326861,-29.728284465046215
prior_mesh,187710,,134.04829240788823,108.0130162758631,-29.354184150353873
prior_mesh,188071,,134.24185167713088,107.66731060059226,-29.41438015238193
prior_mesh,188328,,134.17390160195927,108.41316999783558,-29.78342546578035
prior_mesh,188592,,134.12664628373696,108.63385208852452,-30.54845792570109
prior_mesh,189234,,133.92424849380802,100.33254650840216,-31.079022400054082
prior_mesh,189435,,133.9755499164363,110.99117036921857,-29.57281547457736
prior_mesh,190060,,133.99115430410455,100.24538058982783,-30.907250272657258
prior_mesh,190130,,134.10444623328803,96.3296432950702,-29.832693829157318
prior_mesh,190420,,134.2006937521706,104.47199689058229,-31.37252005694176
prior_mesh,190805,,134.05338210465226,91.05623476759993,-29.69949891377503
prior_mesh,190808,,134.1570402051645,108.77234885382313,-30.751722856013295
prior_mesh,191742,,133.89394757229937,96.06175534744165,-29.40738407829416
prior_mesh,192473,,134.0534108720609,90.61428573057383,-29.880369016260016
prior_mesh,192653,,134.1736646125624,107.36249621728163,-29.481505163776887
prior_mesh,192883,,134.09449247638125,96.19736520335076,-29.46550696802028
prior_mesh,193059,,134.243367246979,104.23851872841279,-29.897685820550695
prior_mesh,193092,,134.07460188003762,94.78566188104378,-29.773511153307087
prior_mesh,193445,,133.91291368014174,103.55479630596108,-29.492533587357656
prior_mesh,193789,,133.76573864578432,94.51514302058978,-29.963330337090248
prior_mesh,194144,,134.04484979847678,98.40960035706745,-29.860423197305
prior_mesh,194180,,133.8931445172687,102.3895516287842,-29.91279524178745
prior_mesh,194477,,134.0299596654381,100.5624843318109,-31.294603858514172
prior_mesh,194905,,134.1804729969752,93.36232771775865,-31.276566600388044
prior_mesh,195234,,134.11382483102315,108.08471235204073,-29.950345616491354
prior_mesh,195483,,133.75040599458185,92.81135954475613,-30.10394456796118
prior_mesh,195896,,133.79643370838423,90.64186690710832,-29.96763035269689
prior_mesh,196219,,134.20878190057005,94.28999718573657,-30.006797673827116
prior_mesh,196267,,134.24947602424004,108.60285337513486,-30.75314226354842
prior_mesh,196412,,134.095617717482,102.57081476927567,-29.78041940894716
prior_mesh,196784,,134.08810132923327,108.53830570234676,-30.37430757814344
prior_mesh,197016,,133.86897369404738,97.74310430975137,-30.47268545967452
prior_mesh,197940,,133.9565428142974,99.48285874895959,-29.521907589086062
prior_mesh,198303,,134.1804608500591,93.3564796530319,-31.289154195065343
prior_mesh,198663,,133.88609321955892,96.69972850051482,-31.027205269351615
prior_mesh,198819,,134.20316234808146,108.60921842285987,-30.67040676861728
prior_mesh,199165,,133.95465146814115,107.24539046827952,-29.53767285792881
prior_mesh,199431,,133.98793654581007,96.76407781379288,-31.323893042482005
prior_mesh,199723,,134.01934139017078,102.1724250125179,-30.013224417435918
prior_mesh,200016,,134.10356419982287,107.37771610207126,-29.475542170579942
prior_mesh,200039,,134.21078335142528,101.38509016605451,-31.046496590832483
prior_mesh,200181,,133.8824274867055,102.70898987983618,-29.75846171422402
prior_mesh,200904,,133.8514681794988,101.13322562360338,-30.951474121132325
prior_mesh,200937,,133.9417396382758,96.40869182956531,-30.843397154043
prior_mesh,201306,,134.24116667070822,108.82361662958868,-30.168518862016217
prior_mesh,201575,,134.1092550831716,98.19170574641467,-30.017969245688544
prior_mesh,201710,,133.97307208849674,96.96635906005322,-31.224133545937054
prior_mesh,201808,,134.14873081165146,98.29614778154772,-29.917520372009783
prior_mesh,201979,,133.7592410075623,101.08563204263375,-31.023412243471572
prior_mesh,202178,,134.1583157408573,93.2993102280372,-31.477456561442807
prior_mesh,202626,,133.7598046032925,106.8281516401084,-29.692119484996603
prior_mesh,202718,,134.00051874425128,100.49891548618979,-31.211947176004045
prior_mesh,203442,,134.22219303709292,109.58449644601157,-30.228162389910892
prior_mesh,203912,,134.02767305383264,92.2412058608266,-29.561724355953558
prior_mesh,204962,,134.16125733391667,108.59996841436777,-30.57987560905829
prior_mesh,205546,,134.16018624342394,96.31612143716964,-31.13791503853324
prior_mesh,206522,,134.07693991530655,104.66576161855885,-30.299550956707836
prior_mesh,207757,,134.00061072384005,96.20274232323594,-30.649257267833644
prior_mesh,208252,,133.85756811170108,94.76660286742002,-29.819186558333296
prior_mesh,208862,,134.01867148523638,91.38731709029024,-29.615241740966223
prior_mesh,209204,,133.99820500231448,110.08832001267517,-29.955307771417043
prior_mesh,209210,,133.97602439059204,98.59566307582861,-29.837068724578526
prior_mesh,209300,,134.1794378419003,108.36126391717761,-30.365726167026732
prior_mesh,209658,,133.90941837151036,94.65821580014294,-29.865911508570505
prior_mesh,209693,,134.17898554221966,91.89831275070796,-29.43741649604102
prior_mesh,210142,,134.04243201088735,103.47334571113208,-29.493216709154954
prior_mesh,210380,,133.83967033531408,104.21282444752472,-30.771795979119695
prior_mesh,210461,,133.80947898092995,95.36420352304916,-29.583220321473995
prior_mesh,211071,,134.0012116800662,98.92027079360003,-29.686669547772677
prior_mesh,212661,,134.14266447100482,99.46102523610193,-29.502186820575975
prior_mesh,212830,,133.943182050543,99.66171724559429,-29.48189853472143
prior_mesh,212879,,134.02609634316698,111.20491665502132,-29.491251297522673
prior_mesh,213198,,134.1308282042816,93.85322973119884,-30.339721326864485
prior_mesh,213270,,133.86998283386387,96.21600613321289,-29.50359468910004
prior_mesh,213339,,134.002987582223,97.47132686808997,-30.583970525086094
prior_mesh,213669,,134.15532610471703,105.48823541913148,-30.794929197350697
prior_mesh,214041,,133.98274635644128,98.30530800333364,-30.015281660723424
prior_mesh,214739,,134.15279246896162,93.41930739374087,-31.236270080896084
prior_mesh,215111,,133.93498538362817,96.13068254665482,-29.797715047923617
prior_mesh,216151,,133.8271787146012,97.39205293706343,-31.42682519375686
prior_mesh,216224,,133.90215622053574,105.75415139903191,-30.24367434936773
prior_mesh,216476,,134.15769928037378,93.97022920540522,-30.21884695273021
prior_mesh,216855,,133.8006419243131,98.75890848275611,-29.802065595790943
prior_mesh,217052,,134.21117465469405,91.81442639393433,-29.452900179748
prior_mesh,217602,,134.1784330120354,94.06928331182905,-30.336056158984505
prior_mesh,217698,,134.1414784033677,108.35944560841874,-29.700731172085646
prior_mesh,217726,,133.83825975823942,110.69364497941763,-29.636947748138155
prior_mesh,217835,,134.10253354068067,98.75015064673755,-29.739042530420164
prior_mesh,218540,,134.1373086008365,107.37729621928843,-29.484439579496172
prior_mesh,218812,,133.92247439935883,104.68426879597762,-31.375455641267806
prior_mesh,219877,,134.18928956843695,96.35602760480337,-30.463708907861182
prior_mesh,219925,,134.13529196353088,93.9275686486638,-30.26828782065517
prior_mesh,220007,,133.95832815824568,100.22520650000979,-30.928532426417704
prior_mesh,220067,,133.7666377710859,92.63240246635823,-29.925191008628914
prior_mesh,220593,,134.2301725122029,92.55377558244462,-29.7396769733954
prior_mesh,220635,,134.08855631966065,93.39625717614852,-31.47602929241939
prior_mesh,220862,,133.80852892545212,90.10000951795737,-30.472644811778412
prior_mesh,221299,,134.09890297350535,94.08635035328449,-30.336254011020344
prior_mesh,221371,,134.16824908932523,109.57360421892437,-30.254341942109953
prior_mesh,221658,,134.0909366970207,96.72823936878586,-30.15908380521111
prior_mesh,221735,,134.04429392075036,98.68742151054332,-29.768016423605374
prior_mesh,222106,,134.02032729482602,95.89018568477204,-29.73347027304819
prior_mesh,222652,,134.03838337736096,94.7996440693576,-29.7719891150486
prior_mesh,222999,,133.95943831194674,106.29876522512535,-29.903586858789236
prior_mesh,224465,,134.05864864026478,104.11505311598918,-30.56608148703505
prior_mesh,225135,,134.22473834512382,108.41474746944101,-29.85404953243024
prior_mesh,225185,,133.98143482324963,104.16134081950614,-30.171711620011738
prior_mesh,225250,,133.9492377508331,110.29662944821493,-29.84752166780476
prior_mesh,225751,,133.9589171674195,101.89086791109776,-30.34839790939727
prior_mesh,225977,,133.78901301200918,108.086535020669,-29.31783201111426
prior_mesh,226323,,133.9812782501203,96.98561604880896,-31.244286340436048
prior_mesh,227261,,133.88781421547012,109.83065486319045,-30.137101385732045
prior_mesh,227285,,133.80812360619794,97.63021527952012,-30.798190506052883
prior_mesh,227298,,133.88912832543556,92.26120315738603,-29.66306380685764
prior_mesh,227437,,134.10143541294735,99.86497613440098,-29.41655482849381
prior_mesh,227488,,133.77442492322533,92.28701580344381,-29.40611986382641
prior_mesh,227725,,134.1275331955772,93.50251370284309,-31.13251125227574
prior_mesh,227739,,133.96609578171558,94.52136289258002,-29.92802492198965
prior_mesh,228194,,133.8623730246075,94.92953618294493,-29.739395943543727
prior_mesh,228244,,133.9649912421437,96.17785758093778,-30.236941572359505
prior_mesh,228903,,133.97276014753135,96.0059793175048,-29.70529092863287
prior_mesh,228939,,133.7513612133594,92.3516488043926,-29.948418840759327
prior_mesh,228986,,134.12050624729136,104.26170949854078,-29.738859076798455
prior_mesh,229310,,134.06101064293182,93.74711275672192,-30.659199948194296
prior_mesh,229477,,133.94332164996166,101.86692483843996,-30.43007910857237
prior_mesh,229749,,133.83378998346325,96.39566160115106,-30.030754635170876
prior_mesh,229937,,134.10987150703792,93.5520553993336,-30.612297559167985
prior_mesh,230881,,134.127636288487,100.36061457504184,-31.107725498040722
prior_mesh,230911,,133.9356178082555,104.11843109729912,-29.411655831118754
prior_mesh,231236,,133.95105117101508,96.56542282813004,-31.04052999319341
prior_mesh,231255,,134.09640997408604,105.4601768873614,-31.077444862986578
prior_mesh,231946,,133.94599683479427,95.39364966316319,-29.556138643270046
prior_mesh,232088,,134.17455029120342,104.60416388115658,-30.275296978062556
prior_mesh,232095,,133.77483148905904,102.18752977735946,-30.056702091731747
prior_mesh,232398,,134.23115845162184,96.40063301873592,-30.689639536099975
prior_mesh,232417,,133.9038749848783,102.44656934551234,-29.877492291200852
prior_mesh,232489,,133.94058838947961,90.00804508869803,-31.195649311771945
prior_mesh,232586,,134.17980529049134,104.59016532373381,-30.267234420902447
prior_mesh,232588,,133.95051600341296,107.00890879469918,-29.6002670400339
prior_mesh,232804,,134.16308794974844,94.12991988357032,-30.22042136382379
prior_mesh,232903,,133.83512717017373,100.44980698233456,-31.24736797192594
prior_mesh,233198,,134.08178746368418,96.94477980945618,-30.463326032397244
prior_mesh,233257,,133.81969888711507,106.9424801654186,-29.642539953849386
prior_mesh,234287,,134.0649266497832,96.37387758529444,-30.107389607022256
prior_mesh,234772,,133.9981548967477,97.66670079129798,-30.62430138020753
prior_mesh,234860,,134.07675806906272,107.70379158735311,-29.481082832489502
prior_mesh,234894,,134.07731869195297,107.11787471750529,-29.557094053431946
prior_mesh,235349,,133.79235904687343,97.56489544582817,-30.979450676103944
prior_mesh,235415,,133.93776606101807,98.68069764863985,-29.801398755196384
prior_mesh,235476,,134.24020503434963,108.22706245843835,-31.42784140375431
prior_mesh,235596,,134.24644054297133,101.71889995055074,-30.279749730962802
prior_mesh,235999,,134.0880051556888,98.5507770440203,-29.80355220820895
prior_mesh,237046,,134.22365478017136,94.90792204941337,-29.69384053944613
prior_mesh,237331,,133.8958174438124,93.25260690999433,-31.390803218234012
prior_mesh,238347,,133.7734176949869,91.92109886070727,-29.46056746693171
prior_mesh,239242,,134.24016325084995,95.39049115444436,-29.517206990755952
prior_mesh,239304,,133.95714919070738,110.34682366787248,-29.81741170462314
prior_mesh,239385,,133.76990184517447,104.0773823047086,-29.398188031679204
prior_mesh,239704,,134.01375354589516,91.9178801041282,-29.44453487372339
prior_mesh,239842,,133.84062335403644,90.4736494480376,-30.044855371611053
prior_mesh,240162,,133.85745288410564,90.17076064775603,-30.222894502927037
prior_mesh,240327,,134.17107974343975,104.16957654038268,-29.63705121022581
prior_mesh,240437,,133.83871535580369,93.2086415142282,-31.342818579053088
prior_mesh,241352,,134.16474633764093,94.74247761036588,-29.781241487778225
prior_mesh,241663,,133.85472581705815,90.34819597711025,-30.49494772306734
prior_mesh,241789,,134.2387811940199,93.5634214396093,-30.66664333946843
prior_mesh,241815,,133.83722073273717,94.81352117499097,-29.78856941916105
prior_mesh,242433,,134.16177739059916,104.02860688018708,-30.787898549461687
prior_mesh,243352,,133.983574237467,110.11377485742874,-29.943951885931863
prior_mesh,243362,,133.81040560236696,102.28665988607742,-29.990987313094877
prior_mesh,243736,,133.99862313349362,102.94759024193505,-29.643105674777814
prior_mesh,243782,,133.97928669584812,93.46059068780278,-31.495737160429798
prior_mesh,244206,,133.85010987667985,95.12040117816085,-29.652951357477235
prior_mesh,244240,,133.95733457189843,98.4850763893499,-29.908142702886977
prior_mesh,244272,,134.19261345308456,90.96704949588849,-29.714825286735685
prior_mesh,244722,,134.0729187724212,90.05418118572007,-30.24490727744977
prior_mesh,244937,,133.84725125562915,90.04938765274589,-30.704102588179175
prior_mesh,245232,,133.79478090303218,93.46821591599507,-31.43606016076795
prior_mesh,245269,,133.77352640019697,100.39585246865289,-31.297792425720722
prior_mesh,245828,,134.07068218987305,96.45916911043426,-30.88961411375186
prior_mesh,245992,,133.8558418941885,92.32049837660307,-30.23410888767842
prior_mesh,246238,,133.94624813306586,102.78436396954005,-29.714286058436507
prior_mesh,246511,,134.21408202230313,98.33655471046592,-29.873440837433506
prior_mesh,246698,,134.15134754918907,110.16117259586142,-29.881575397346445
prior_mesh,247122,,134.0239510245703,94.36745496074275,-29.99881218723654
prior_mesh,247151,,134.17792404295116,108.27317595785071,-30.270830228345673
prior_mesh,247410,,133.9780494852834,95.9156822419082,-29.43700951878679
prior_mesh,248492,,134.2009262000388,110.01553651661833,-29.95282561874508
prior_mesh,248834,,134.2353976692699,96.4618852991373,-30.976027891806137
prior_mesh,249314,,133.8796528511104,106.45984617229149,-29.83549328496542
prior_mesh,249834,,134.15602836912018,104.38693178206583,-29.94404206016015
prior_mesh,250000,,133.9781827810479,101.79723257908597,-30.33080000481378
prior_mesh,250114,,133.858248890712,97.59420042078986,-30.873340484547498
prior_mesh,251006,,134.2357484222403,93.39516514183508,-31.04234562928144
prior_mesh,251442,,134.12416205496078,99.9679668734825,-29.704826933810736
prior_mesh,251699,,133.79944580261858,97.79646407014903,-30.39356443690564
prior_mesh,251947,,134.2185665300016,101.28603120596243,-31.307286095139695
prior_mesh,252090,,134.22851094236324,105.86108827798606,-30.085432017002468
prior_mesh,252378,,133.84254391115087,90.35499742339324,-30.11411496010895
prior_mesh,252487,,134.21067823630085,90.33974501618232,-30.01280033478436
prior_mesh,252636,,133.75494252113643,106.0133817898801,-30.113675835051268
prior_mesh,253166,,133.7511091396385,109.86903036896766,-30.14928503282814
prior_mesh,253280,,134.05472836524305,98.79013150028374,-29.719653468222905
prior_mesh,253622,,134.13905725813666,99.96866513487714,-29.730327942374913
prior_mesh,253623,,134.10511589176963,110.00758650135296,-29.97748540407556
prior_mesh,253641,,134.07293658801112,105.42641969166993,-31.168041683984057
prior_mesh,253648,,133.97400207039684,97.68998917795335,-30.571988692887913
prior_mesh,253659,,134.0635111051479,98.76161858322915,-29.73335485716309
prior_mesh,253752,,134.1838170234788,93.74976473974783,-30.978242608875867
prior_mesh,253867,,134.21655007930605,93.30984094879592,-31.282346931512176
prior_mesh,254373,,134.21251398032598,101.87024290782392,-30.17454118956366
prior_mesh,254407,,134.08253592028268,107.19451349208182,-29.53892937531548
prior_mesh,254580,,133.99385492565554,107.58204616020177,-29.4477089066797
prior_mesh,255977,,133.7591371165721,98.09932250617325,-30.177184281429764
prior_mesh,256207,,133.8245073910283,93.55752968823438,-30.758927105979616
prior_mesh,256209,,133.90041075090747,100.96644487904314,-31.036829317509287
prior_mesh,256520,,133.80391874161396,104.24317742900628,-31.218584587295805
prior_mesh,256641,,134.16721217411117,95.07166272928166,-29.642698195031233
prior_mesh,256920,,134.15956600319248,96.47464191121144,-31.001301316838124
prior_mesh,257148,,133.9966617396847,95.97254567240924,-29.806218095323963
prior_mesh,257200,,133.82321814597066,105.38136917728335,-31.585178582310597
prior_mesh,257261,,134.225346752451,96.49536340637333,-29.91719666183759
prior_mesh,257701,,134.21505565477347,101.346539576575,-31.14769301960234
prior_mesh,257801,,133.88383822975186,90.06413341968305,-30.871322419823443
prior_mesh,257887,,133.7837207701256,90.28375330644644,-30.175856620012475
prior_mesh,258181,,133.94059492653093,104.33467111587993,-31.39467931039006
prior_mesh,258391,,134.20126867839943,96.24653735550962,-29.740057145134514
prior_mesh,258627,,134.07518814046213,108.73715212153029,-30.557005854974673
prior_mesh,259540,,133.90833126541688,91.13015409531744,-29.708715142284387
prior_mesh,260048,,133.86364744838684,93.20257247696938,-31.35300812543498
prior_mesh,260655,,134.22111630066954,107.16940830596857,-29.52183945555523
prior_mesh,261351,,134.0428420138204,96.38565324705462,-31.014294364917475
prior_mesh,261502,,133.88913935070423,95.17818875993797,-29.629245056589426
prior_mesh,261695,,133.81608447875448,98.57131509222552,-29.875421371520467
prior_mesh,261730,,133.94266631533839,102.92244841917912,-29.662143179912235
prior_mesh,262250,,133.78227821551368,104.23308084351433,-31.004761860375545
prior_mesh,262261,,134.05664895901833,101.59021747172345,-30.53915893501047
prior_mesh,262368,,134.19038621319405,96.43671223974975,-30.83894374633062
prior_mesh,263736,,134.08413751479802,102.4213260753895,-29.858052004676306
prior_mesh,263929,,134.03403736818257,94.91813115778076,-29.71506767617863
prior_mesh,264675,,133.8639360159636,109.6702243998224,-30.28275735740238
prior_mesh,264701,,134.23778288418325,96.16515651636934,-29.527224110014895
prior_mesh,264738,,133.9402267892634,103.29264853068845,-29.53764977320597
prior_mesh,265289,,134.18719904780795,107.3017471162415,-29.495248327004646
prior_mesh,265529,,133.96202429960866,106.24147068386125,-29.933809546812316
prior_mesh,265579,,133.91025392639364,90.07469358532765,-30.992125625608463
prior_mesh,265748,,134.19477062801909,106.0823017055602,-29.954412956178803
prior_mesh,265815,,133.9663346658287,95.19068130547245,-29.613761813045258
prior_mesh,265998,,134.11313863302607,93.00641427830462,-31.389554226420913
prior_mesh,266106,,133.77112241324141,101.0478621086746,-30.136008070250877
prior_mesh,266642,,133.8189460861028,108.59979823465099,-30.034374950827612
prior_mesh,266916,,133.9954015060141,106.95754652938867,-29.61307243737746
prior_mesh,267010,,134.17141901842015,104.98295093854911,-30.83279872326233
prior_mesh,267874,,133.82466991208446,105.34540111329247,-31.54427399033842
prior_mesh,268027,,133.7930690723236,97.57041401723225,-30.964398933957547
prior_mesh,268369,,134.06293835906595,96.4649729308374,-30.91310071699627
prior_mesh,268556,,134.08527200879516,108.94847944399665,-30.797118020202713
prior_mesh,268638,,133.91709320806052,109.89382206637723,-30.082771067702193
prior_mesh,269158,,134.20931943939738,103.1492667260539,-29.54663036594509
prior_mesh,269299,,134.21622829924078,104.73180295625541,-31.427840239334376
prior_mesh,269518,,134.12202032678476,94.09927483543044,-30.300118131235916
prior_mesh,269671,,134.17403640212257,109.85984466020227,-30.046033520358215
prior_mesh,269966,,134.01937462604923,91.10580391829338,-29.686261606198634
prior_mesh,270406,,134.09694254485663,94.14115501104823,-30.22655597966778
prior_mesh,271001,,133.92638143799522,96.41970644055237,-30.82388560670142
prior_mesh,271469,,133.81144433987174,92.3396909201795,-30.35674704062558
prior_mesh,271636,,133.96104952862453,105.20987082978542,-31.545747907909465
prior_mesh,271828,,133.95096341116593,96.27396195087336,-30.540209528958247
prior_mesh,271879,,134.19295837953302,94.06955675342068,-30.32918059787213
prior_mesh,272787,,134.00632204471097,110.73113790396091,-29.66002053893465
prior_mesh,272862,,134.17768533690906,104.68897935548011,-30.4094899205186
prior_mesh,273115,,133.94965775297595,104.10152771095153,-29.39602858360439
prior_mesh,273240,,134.23827048825586,94.2567918084937,-30.017763237133167
prior_mesh,273478,,134.09468662149453,104.07296016457092,-30.32174536573976
prior_mesh,273682,,134.08978439095,108.10462338159972,-29.92473916855344
prior_mesh,273813,,133.97680119945534,104.3022746127949,-31.401235350987832
prior_mesh,274207,,134.1020423197988,110.82983091448187,-29.609302504527133
prior_mesh,274455,,133.90653973319468,95.29374426776198,-29.589211716166645
prior_mesh,274543,,134.21282618848335,103.30202588645521,-29.52467570280353
prior_mesh,274547,,133.96146012552617,98.82903320277809,-29.734808484331673
prior_mesh,274640,,134.16124949536896,92.95176463905578,-31.38346489029566
prior_mesh,274764,,133.93234379551348,96.29635797872345,-30.48728911714247
prior_mesh,275076,,133.99377485555726,96.16163048778253,-30.44274490212255
prior_mesh,275487,,133.86542769294542,104.24215188130151,-31.32074169761259
prior_mesh,275531,,134.2142640593027,108.52059855386699,-29.915328319628237
prior_mesh,276272,,134.24122735025375,101.99370371410667,-30.084658010973403
prior_mesh,276281,,133.84687373810087,103.9186276258767,-29.424180911023115
prior_mesh,276473,,134.0099312613222,95.37709058354301,-29.555041040040216
prior_mesh,276945,,133.75210051282073,105.23129021433891,-30.536530134128995
prior_mesh,277104,,133.93464421071002,95.16161795908499,-29.638853275582505
prior_mesh,277139,,134.15435052144912,99.98577489631437,-29.958111625352295
prior_mesh,277261,,134.22483372949443,101.51255480457648,-30.705223494205157
prior_mesh,277698,,134.0188072698631,106.79961524445072,-29.658736630839478
prior_mesh,278418,,133.8307624060725,101.48002566801338,-31.431892254852812
prior_mesh,278731,,134.06660569686392,99.14407195612094,-29.62203452133495
prior_mesh,278996,,133.89159942578286,106.05061304913896,-30.046037434683257
prior_mesh,279148,,133.8462017721052,104.19853952599462,-29.471055736503367
prior_mesh,279856,,133.98682743014393,104.3515614236187,-29.784088582639914
prior_mesh,280737,,134.12782916401233,93.47892425520624,-31.182264174869548
prior_mesh,280807,,133.9769506648071,110.98144470583776,-29.576036109183043
prior_mesh,280976,,134.23796176671596,103.00632005496065,-29.601063329269916
prior_mesh,281001,,133.88230566605787,102.7288615560916,-29.74994780323195
prior_mesh,281153,,134.21229391553157,98.59910985755951,-29.76838796127134
prior_mesh,281958,,134.04357232173962,92.16215716781107,-29.40440375435527
prior_mesh,282042,,133.9223869464873,96.85862616628009,-31.09667114714833
prior_mesh,282706,,133.88243939421574,101.58129656681098,-30.982299604629567
prior_mesh,282804,,134.11170816409785,105.90265607437345,-30.080412204322055
prior_mesh,283154,,134.1750053363926,96.78089484527865,-30.292159719830344
prior_mesh,283168,,133.81674346628776,110.3280254304798,-29.856218283201954
prior_mesh,284037,,133.90543339082592,99.51305552759703,-29.518636217594246
prior_mesh,284084,,133.86275036661098,90.35222326230333,-30.530971309501904
prior_mesh,284534,,133.80691757366696,109.74871074217589,-30.23418337693947
prior_mesh,284959,,133.92549948641428,96.0475653856331,-29.41975962743774
prior_mesh,285701,,133.92347935089597,101.65567847329658,-30.656231988855843
prior_mesh,285868,,134.10402492607227,101.50525928846942,-30.753184214556775
prior_mesh,286607,,134.0225904125648,104.16586984539032,-31.04616456961618
prior_mesh,286677,,134.00664271684502,97.75404887695734,-30.388395521756152
prior_mesh,286767,,134.014254104256,107.600969169248,-29.441098975332007
prior_mesh,286948,,133.86468956393304,94.86528805302429,-29.768140645608526
prior_mesh,286961,,133.9722551078058,106.40950543239671,-29.841025733920482
prior_mesh,287006,,134.09908733095256,111.31739737591374,-29.468713694333054
prior_mesh,287209,,133.85691297491746,100.19810167607895,-29.908469773853263
prior_mesh,287245,,133.8899473043926,96.13885618312568,-29.415334115803148
prior_mesh,287362,,134.24941629754858,100.927489014164,-31.368049079832517
prior_mesh,288982,,134.17766149332485,99.84580849134528,-29.41902592529191
prior_mesh,288991,,134.21812895556695,109.6297623711344,-30.192816543276717
prior_mesh,289202,,133.86433587757833,95.10541901823609,-29.655456201977263
prior_mesh,289506,,134.24175397745103,104.90324736490987,-31.39925919793248
prior_mesh,289528,,134.2361680298978,110.74241006468647,-29.62649785530759
prior_mesh,289642,,134.24450173167796,96.16146322233156,-29.451518690093923
prior_mesh,289685,,133.8966062643679,105.05012871075962,-30.911231941903104
prior_mesh,289724,,133.79937753545164,97.55270433821909,-31.009082363838615
prior_mesh,290239,,134.07288944095944,101.46034230694184,-30.89133999322854
prior_mesh,290513,,133.842965840226,110.69957177701144,-29.636255238812844
prior_mesh,291299,,133.94712172868157,90.18231436985099,-30.194891027914316
prior_mesh,291666,,133.75980556684604,100.51458422967598,-31.325132021880687
prior_mesh,291974,,133.952293005343,98.03458586473057,-30.186114986948503
prior_mesh,292042,,134.03093771121036,107.5608753514405,-29.450409267064064
prior_mesh,292417,,134.24835077050102,100.04893533206133,-30.84160507499374
prior_mesh,292688,,133.75340368874282,108.76738564852266,-30.22861917108941
prior_mesh,293644,,133.9637109986774,97.66317112796682,-30.455105960888822
prior_mesh,293917,,134.2068587586033,103.99833096996706,-31.088321533035227
prior_mesh,294386,,134.0573926970469,102.37075795310774,-29.868099796678415
prior_mesh,294495,,133.97755295470273,102.7130817898246,-29.738830612730258
prior_mesh,294699,,133.8797542873804,108.2671427152114,-29.6122667688879
prior_mesh,294780,,134.1656392975999,93.30063359781508,-31.452921645365635
prior_mesh,294948,,133.99961367784556,96.20774274466412,-30.657687785523407
prior_mesh,295457,,133.80902612470547,90.87790491269658,-27.39842369539893
prior_mesh,295656,,134.14467430556886,102.13098594531766,-29.99395694032351
prior_mesh,295718,,133.9210091538855,96.18690801000592,-29.867271796009238
prior_mesh,296278,,133.9196428390871,96.18030984891479,-29.83167113159839
prior_mesh,296503,,133.8757082930627,101.69889486110488,-30.82762665257352
prior_mesh,297074,,133.950246822375,96.11963467042884,-29.898266452423055
prior_mesh,297176,,134.0053612189807,96.48472365496406,-31.061098022351857
prior_mesh,297987,,133.86433182603264,90.16322822251139,-30.694188079792845
prior_mesh,299034,,133.80036175503525,103.03235315241551,-29.661758700574016
prior_mesh,299152,,134.15080420214673,102.0253892151121,-30.068626412428767
prior_mesh,299410,,134.04882292934923,102.07442736597079,-30.044101850799883
prior_mesh,299529,,133.94786984775263,101.36440589281295,-31.309572662977654
prior_mesh,300087,,134.163565868437,101.3688239373158,-31.100808244047066
prior_mesh,300320,,134.20506398856125,102.13246548240305,-29.988559362469722
prior_mesh,300408,,134.02458335440997,96.27522794210998,-29.508843980720606
prior_mesh,301045,,134.24303087882203,103.99906977407298,-31.217539966196675
prior_mesh,301921,,134.05936071871463,93.59237257001956,-31.09392189564404
prior_mesh,301942,,134.09979519560864,104.07943015424323,-30.623914899232567
prior_mesh,302474,,133.99251665583526,95.88217692441002,-29.451583185578805
prior_mesh,302668,,133.82285843484632,101.54069970635,-31.30280351451599
prior_mesh,302935,,134.2123522076988,106.65084820256484,-29.684172215072635
prior_mesh,303016,,133.92828450120555,96.29266310673098,-30.39709350835302
prior_mesh,303471,,133.81669232260376,100.32189502019273,-31.17451114130968
prior_mesh,303740,,133.98192920464672,96.2282516800497,-30.568190402078994
prior_mesh,303974,,133.9707732103614,93.87190157758141,-30.36204771226456
prior_mesh,304016,,133.81512395109144,97.95613706603555,-30.266566509963763
prior_mesh,304428,,133.81415325074653,96.49119726443281,-30.634439962348758
prior_mesh,304650,,133.78226694616387,94.96583926005161,-29.736367592205568
prior_mesh,305261,,134.07333351769492,95.09891747638724,-29.646713744937458
prior_mesh,305294,,134.18279732930296,109.79723574009694,-30.07960558809266
prior_mesh,305585,,134.0099943554307,100.51438145570528,-31.233520231412857
prior_mesh,305816,,133.87031149990133,106.23481714749609,-29.95873306911847
prior_mesh,305845,,133.79535061488218,98.61682746139249,-29.86168646607303
prior_mesh,305858,,134.16308626198108,98.59659991683816,-29.777126416196808
prior_mesh,305915,,134.0731689533361,93.76782602680025,-30.56722715002961
prior_mesh,306085,,134.1203442308302,101.78513809740991,-30.243192385121098
prior_mesh,306525,,133.77043128723795,90.78306813694257,-27.27702804528326
prior_mesh,306734,,134.23729882599915,101.27114938691027,-31.34230452568632
prior_mesh,307271,,133.9751201905038,103.50451055517581,-29.498597045896233
prior_mesh,307303,,134.20227477689858,94.09754442662684,-30.268667946253565
prior_mesh,307645,,134.03189282960298,90.42496432566966,-30.01418870146244
prior_mesh,307764,,133.80267763494066,96.43953480186057,-30.001482474152546
prior_mesh,308635,,133.88895994131795,101.73264185627369,-30.749159969061985
prior_mesh,309606,,134.06141281834488,110.21847489590564,-29.867543143465
prior_mesh,309658,,133.7669483611031,97.75213035205687,-30.489636134516367
prior_mesh,309768,,134.15526827180423,96.3132969374504,-29.89280476794407
prior_mesh,309776,,133.80867638264928,97.68183009271195,-30.659978563968902
prior_mesh,309990,,133.91287063109343,103.73357001525393,-29.455931398138617
prior_mesh,310304,,134.09139058044622,100.51572125728654,-31.286362613607274
prior_mesh,310499,,134.13069276635912,90.05310786406461,-30.23213415131497
prior_mesh,310782,,134.23029501417628,94.44941735817915,-29.92267270453322
prior_mesh,310816,,133.7944769856173,95.2611593293352,-29.618653057426076
prior_mesh,310878,,133.97328615931588,103.4857672340433,-29.502730945889464
prior_mesh,311130,,134.05670590424916,93.6252082755445,-31.01017795106072
prior_mesh,311997,,134.24804359623045,99.99206958493,-30.14191423289864
prior_mesh,312906,,133.80901663430052,107.10493735761504,-29.583784861402478
prior_mesh,313315,,133.84033249314407,101.65719332978165,-31.004381419598452
prior_mesh,313511,,134.18048967834082,108.63410708454576,-30.652637246002172
prior_mesh,313769,,134.20511449841257,93.50186765226303,-30.904078601752214
prior_mesh,313894,,134.1518113161281,108.8658199066125,-30.839226590554215
prior_mesh,313958,,133.8889080686097,90.93894803082337,-29.78780462809284
prior_mesh,314683,,134.07611291025881,90.86014464019405,-29.761580279442356
prior_mesh,314985,,133.7514237504247,100.66479922120256,-31.30953884852859
prior_mesh,315388,,133.75807300992204,108.83731350781639,-30.326553962807566
prior_mesh,315765,,134.17504797747787,91.08552826032799,-29.676254093681287
prior_mesh,315845,,133.95556483631913,104.20118321717162,-30.79913020848441
prior_mesh,315965,,133.92184993768143,92.0813609591091,-29.42589130798749
prior_mesh,316224,,134.00513243211907,93.19437817479998,-31.416216906746158
prior_mesh,316255,,133.95326798334403,95.51780504920357,-29.51750130445353
prior_mesh,316447,,133.8809321352419,96.53121698818508,-30.855633860285142
prior_mesh,316812,,133.83738947152162,105.37604028877857,-31.60226222567717
prior_mesh,316869,,133.91609951484534,96.0857266891004,-29.467753675067094
prior_mesh,317679,,133.96347363996395,96.07940898726602,-29.877960620073427
prior_mesh,317700,,133.776825657497,97.22758392162544,-31.360774918584326
prior_mesh,317705,,134.1944808450616,104.03526363490253,-31.246108247961047
prior_mesh,317858,,133.93209745408296,93.811161501586,-30.433513487604593
prior_mesh,317955,,134.0987095429827,103.80807667590847,-29.42461335340691
prior_mesh,318111,,133.78182171847206,105.17095702298384,-30.756746508308996
prior_mesh,318229,,134.1379921670507,100.45760304302324,-31.25730221540889
prior_mesh,318394,,133.79302780473688,97.59463471108283,-30.899668516046383
prior_mesh,318446,,133.9377901477003,94.70374352071909,-29.837760427423632
prior_mesh,318584,,133.80929700425116,100.0289280578621,-29.606338412750528
prior_mesh,318761,,133.95634286258644,93.4204830999344,-31.474798469970168
prior_mesh,319187,,134.11578073059223,95.22705162329807,-29.593862301426007
prior_mesh,319240,,133.80029384895334,90.85923411049954,-27.371178320205846
prior_mesh,319549,,134.15522792388794,90.76099666063593,-29.79394021630744
prior_mesh,319874,,133.76318980848646,102.080661143133,-30.12129015039999
prior_mesh,319941,,133.75164971549663,97.34801199834453,-30.84005984226559
prior_mesh,320184,,133.96593642350268,95.99948518182394,-29.620248484698006
prior_mesh,320521,,133.89667457282397,95.21327098164144,-29.616757445951276
prior_mesh,320747,,134.1425996982717,107.33390211352418,-29.495088331352743
prior_mesh,320897,,133.9139202118726,101.5732190321684,-30.44886319431887
prior_mesh,321206,,134.04143413071475,98.25258366691236,-29.99540674595391
prior_mesh,321444,,133.94751118921116,103.30563732539179,-29.532769896476548
prior_mesh,321703,,134.21819617009595,94.79377860472397,-29.74568552646552
prior_mesh,322642,,134.1006226227189,104.21657876935046,-29.66037230375298
prior_mesh,322907,,133.9736948041941,107.2836531928049,-29.52703581314011
prior_mesh,323313,,134.24802087989406,93.28830841673032,-31.2353358558543
prior_mesh,323844,,134.07164195560478,100.17512082077269,-30.651407069493285
prior_mesh,324349,,133.86642396592612,90.15803290742195,-30.708717344224013
prior_mesh,324371,,133.84187193276915,90.02660281874368,-30.318499625633805
prior_mesh,324423,,134.20274029080153,103.22610372337391,-29.526872675311044
prior_mesh,324623,,133.7609985509916,97.62526442975236,-30.831287320575647
prior_mesh,324625,,134.13413432310722,101.24078163526528,-31.477920818552604
prior_mesh,324816,,134.08295987556377,101.40910541194097,-30.538578996227436
prior_mesh,325356,,134.14203231713148,93.8620332706893,-30.32239341574011
prior_mesh,325533,,133.99203324510873,100.55664022712344,-31.264724208234913
prior_mesh,325689,,134.03001055597758,96.35809248793649,-30.961299356767885
prior_mesh,325700,,134.23743816275925,95.27649786648107,-29.558765236594503
prior_mesh,325923,,134.24077695823973,93.8242216055767,-30.328007388759175
prior_mesh,326408,,134.23915113459594,93.81272563088483,-30.339104938311934
prior_mesh,326999,,133.76658160111648,97.47531068642782,-30.69174809399305
prior_mesh,327033,,133.82244938728223,94.46621741234792,-27.107542045149422
prior_mesh,327163,,134.06928265706304,104.09338348136797,-30.243511445078916
prior_mesh,327787,,134.154039377329,103.30566241147987,-29.515829170072
prior_mesh,327841,,134.05112483215137,93.70560720384718,-30.80252760128633
prior_mesh,327996,,133.97297838583557,96.10489218509498,-29.42003188277459
prior_mesh,328303,,133.86747728791408,102.83879262393121,-29.706774679081477
prior_mesh,328703,,134.12365376076332,96.70421293906189,-30.147036003485326
prior_mesh,329085,,134.1636506544727,93.95210140470641,-30.57887050328856
prior_mesh,329268,,133.78162186202613,100.202270198608,-29.40287153624637
prior_mesh,329423,,134.20100608783943,103.42693442172455,-29.498221336191996
prior_mesh,329717,,134.2479076987765,94.41388135361176,-29.912610557814233
prior_mesh,329871,,133.8734049458202,100.1120752103946,-30.027946969587017
prior_mesh,330117,,134.16748112033042,108.56841757831467,-30.55894410352458
prior_mesh,330575,,134.08579650264548,110.10294535985621,-29.927674240515096
prior_mesh,331194,,133.78983253162733,103.86607243592184,-29.439551223770966
prior_mesh,331250,,133.96255147978528,104.8924937768511,-31.014338498081724
prior_mesh,331418,,133.84858139775838,99.6412529306111,-29.493330456608433
prior_mesh,331705,,134.0499423878699,93.17823005388252,-31.42003403881933
prior_mesh,332262,,134.09832119090396,102.39928004165105,-29.8682269628071
prior_mesh,332600,,133.85878361781096,100.3998751379164,-31.217300198076366
prior_mesh,332633,,133.8336889141102,108.31212262401012,-29.649385916129994
prior_mesh,332768,,134.11720770427323,101.5656444954971,-30.58996314141435
prior_mesh,332780,,134.11241708869085,93.77911066746618,-30.4247972401678
prior_mesh,333443,,133.9777856771185,104.28845776314827,-29.686367099392143
prior_mesh,333559,,133.92358113449987,101.4815717435424,-31.092868894361477
prior_mesh,333601,,133.80883456699183,90.50474188090736,-30.141216370049285
prior_mesh,333960,,133.90166559338724,92.29739992123967,-30.072436807101525
prior_mesh,334021,,134.1254231568039,96.68503410826833,-30.120746255345797
prior_mesh,334505,,134.0579006147093,96.33567418676799,-30.984066276240643
prior_mesh,334514,,134.07542209084392,96.40066295030863,-31.087141046529595
prior_mesh,334545,,133.82738005838945,101.47507388531871,-31.456963545379104
prior_mesh,334864,,133.92963292375345,104.22417945064825,-31.139874041678105
prior_mesh,335234,,133.85015227757623,104.32747095032502,-31.373872633076083
prior_mesh,336072,,134.23284169909374,102.53251620085489,-29.769336179847237
prior_mesh,336294,,134.07298855345724,96.95386325432119,-30.47032567078395
prior_mesh,336564,,134.11315028865704,93.30239694357704,-31.473414750833562
prior_mesh,337069,,134.06255390925975,90.73680596229815,-29.819809229081812
prior_mesh,337885,,134.17343778983383,98.2851969666759,-29.9488234734256
prior_mesh,337962,,134.16133141658,99.92754703596631,-29.39897942501315
prior_mesh,338060,,133.98146548264472,98.8891132290407,-29.700374633720955
prior_mesh,338227,,134.22021256066674,96.3027004446142,-30.074566687283657
prior_mesh,338451,,133.97193905202172,102.78750659664144,-29.70875444757769
prior_mesh,338457,,133.81094694141987,100.20684976350424,-29.599160395141546
prior_mesh,338551,,134.1317383534997,108.31474992382775,-30.225104087607285
prior_mesh,338715,,134.0764041896191,94.1254175351061,-30.26724337947246
prior_mesh,339189,,133.75212693122683,106.46620511300901,-29.861750712109824
prior_mesh,339478,,133.9557136810659,96.13524734613736,-30.002892428124145
prior_mesh,340814,,134.00368243120096,104.17851918090837,-30.91883568672121
prior_mesh,340910,,134.07980377457477,104.30419541619571,-29.77466828331106
prior_mesh,340914,,134.00019268751885,99.39051247949914,-29.537805527532633
prior_mesh,341641,,134.24197053948456,109.49857545414386,-30.291371613719022
prior_mesh,341977,,134.19438963746558,106.81765199653704,-29.633629372192612
prior_mesh,342041,,134.19075976277554,107.33064892209663,-29.482209184242194
prior_mesh,342058,,133.78261580654396,90.63371456838827,-27.301133052242577
prior_mesh,342387,,134.1773100650789,96.11729468701648,-29.38157845984132
prior_mesh,343306,,133.87812320793404,100.16869157324722,-30.05379765455549
prior_mesh,343678,,134.16631008872957,111.06943621219855,-29.53739866387383
prior_mesh,343878,,133.88371131129284,103.97275536420445,-29.409868679084468
prior_mesh,343987,,133.80871693608796,90.51401372804168,-30.133012862245838
prior_mesh,344312,,134.06038323635215,101.30049680754101,-31.351834267827563
prior_mesh,344372,,134.08584028238033,96.33392919555999,-29.793367805950105
prior_mesh,344796,,134.16510400699548,104.50510562870357,-30.122009714059274
prior_mesh,345145,,134.02066992656805,93.53431819297126,-31.36475671454486
prior_mesh,345182,,133.92894683135856,104.16209857875603,-30.082540312525445
prior_mesh,346007,,134.0614068557534,108.3510905717516,-30.127314420303396
prior_mesh,346014,,133.88669532620972,105.7756653062059,-30.231473093572404
prior_mesh,346028,,133.97019077510495,111.0217687041638,-29.562839112127833
prior_mesh,346109,,134.24528155843845,108.74566526777085,-30.118472052719483
prior_mesh,346241,,134.17752311723677,93.80039132471029,-30.36012765200126
prior_mesh,346392,,133.83518781343676,106.48337537951002,-29.8331827022214
prior_mesh,346489,,133.77162409256192,97.9691165356723,-30.2722323003822
prior_mesh,346517,,133.76898555764922,104.80745347621244,-31.404148378848458
prior_mesh,346930,,134.08380808118665,93.63097752839758,-30.917448035893205
prior_mesh,347066,,133.85853206317324,100.14489293970863,-29.92479045978095
prior_mesh,347246,,133.96018908937978,96.07950012267221,-29.8483040138534
prior_mesh,347517,,133.81524788487746,98.47464353457323,-29.92922566870001
prior_mesh,348150,,133.78644217977833,105.3740754800393,-30.60465303080724
prior_mesh,348250,,134.04014170429602,104.12800891462379,-30.457018478309983
prior_mesh,348331,,134.15389365761658,107.87793878191191,-29.37381591058658
prior_mesh,348696,,134.0994425807083,96.94956169847102,-30.48227334228889
prior_mesh,348757,,133.86115510682248,99.31760206930946,-29.566555599647927
prior_mesh,349033,,134.19003153576256,90.42954930644902,-29.959614620833367
prior_mesh,349309,,134.02141838904691,96.47485553917987,-30.94039854313504
prior_mesh,349597,,134.06059208511044,107.31478989552777,-29.512899907371768
prior_mesh,349967,,133.7524767228375,101.61723057935211,-31.400349213276172
prior_mesh,350019,,133.90870412722907,96.56345651550552,-30.95006154708637
prior_mesh,350385,,134.24132405622686,92.99214888163492,-31.405096168314394
prior_mesh,350517,,133.95671701855107,94.61253387807466,-29.882145832919342
prior_mesh,351613,,133.86628020131576,90.20712660302043,-30.667628880877732
prior_mesh,351746,,134.23331937307276,98.92903017579786,-29.642269027041895
prior_mesh,352341,,134.1973573335622,108.73872440145425,-30.794423433360464
prior_mesh,352401,,134.12508513642362,109.90808539978528,-30.029502178788402
prior_mesh,352569,,133.80217970734395,95.08945286053168,-29.6779610480331
prior_mesh,353179,,133.84763401069395,91.05319716691606,-29.741875595476074
prior_mesh,353580,,133.8389190231601,93.31069839098058,-31.38880764209598
prior_mesh,354090,,133.94361729442534,92.3211343555224,-29.986437172936448
prior_mesh,354392,,133.94177390413557,95.21641393723195,-29.618775993212964
prior_mesh,355004,,134.0774254514008,96.32339818965771,-29.64843342394972
prior_mesh,355769,,133.942490301597,105.30566155690136,-31.691804258785247
prior_mesh,355932,,133.83949077178272,108.2346327315394,-29.546648507860276
prior_mesh,356088,,134.12386453660906,100.35946704236291,-31.095698116593333
prior_mesh,356502,,133.92477696627287,101.98257432631303,-30.14244511774793
prior_mesh,356603,,134.22225774001254,106.7497793142208,-29.652833631983995
prior_mesh,356779,,134.12263198077142,99.60005085824497,-29.472783271228387
prior_mesh,357327,,133.8988569381603,95.09005451973309,-29.655095364743392
prior_mesh,357583,,134.00529713418305,110.61354589519323,-29.703101547853382
prior_mesh,358060,,134.07273280286367,96.32452233330307,-30.997038834544494
prior_mesh,358070,,134.12035994476284,98.77596700380849,-29.718016731118944
prior_mesh,358304,,133.8413113643269,98.20100874308295,-30.100950204198146
prior_mesh,358439,,134.0366177330106,96.33257434128524,-30.94400698779423
prior_mesh,358992,,133.96667617850875,105.23845246339171,-31.543963404678447
prior_mesh,359816,,134.17931697422284,104.06731236267423,-29.49335465099002
prior_mesh,360105,,133.86146962753503,103.17268599200338,-29.593711161568567
prior_mesh,360452,,133.99112171343083,103.45089680740851,-29.508830468988343
prior_mesh,360766,,133.97443384350902,96.14387953318375,-30.2040017986164
prior_mesh,360807,,133.7595168921669,105.17779786178829,-30.62518475921249
prior_mesh,361091,,134.0544592819402,104.1183316064227,-30.550755893841806
prior_mesh,361114,,134.12290017750644,94.27267018548434,-30.034308464627294
prior_mesh,361191,,133.94869809770518,95.32299941436045,-29.580437657597898
prior_mesh,361269,,133.86655426737696,103.01954212917039,-29.637885983382986
prior_mesh,362328,,134.1802351686625,93.44231806653438,-30.58171335670729
prior_mesh,362632,,134.1663562847618,99.96765853466661,-29.74894705842128
prior_mesh,362698,,134.05402056854138,90.64481525458055,-29.86298508314
prior_mesh,363211,,134.14650175618937,93.8594283032075,-30.328584770352904
prior_mesh,363241,,133.8530460044811,104.21166673814338,-30.778111731635207
prior_mesh,364126,,133.9114459025288,98.84733334460932,-29.720665613740174
prior_mesh,364136,,133.8779929525472,96.28549244624334,-29.82029598256387
prior_mesh,364228,,133.78206811716103,101.55783525395601,-31.405512485452174
prior_mesh,364594,,133.9733533561729,101.43391712423607,-31.03702293202886
prior_mesh,364622,,133.7618538755852,104.25278829892181,-31.30027262468676
prior_mesh,364627,,133.99287273689563,103.40394047703474,-29.518871563615534
prior_mesh,364704,,133.85863470084314,97.49434585427895,-31.140113441209795
prior_mesh,364943,,133.81015642170703,107.04327745184196,-29.60647852586031
prior_mesh,365038,,134.08215148991533,108.02122052930066,-29.378069776282707
prior_mesh,365122,,133.8290958378369,93.21090314520347,-31.33887463892899
prior_mesh,365657,,134.13528683701546,103.95321432144851,-29.391325295949255
prior_mesh,366342,,134.21561309426278,100.22719838998414,-30.42090943614275
prior_mesh,366582,,133.81883948426545,91.93707116444155,-29.455542757391846
prior_mesh,366821,,134.04075202661747,104.1313521861442,-30.56272547737707
prior_mesh,367692,,133.89728977476992,95.46789364603019,-29.53824105504954
prior_mesh,369236,,134.22218767992445,109.72977936824773,-30.110522478107946
prior_mesh,369342,,134.13972292559947,98.72433213837483,-29.735877975681603
prior_mesh,369613,,133.8134016329982,100.21316976064826,-29.61498210564565
prior_mesh,369711,,133.880842907616,92.05920014426438,-29.414469375044394
prior_mesh,370204,,133.9492192859269,98.55032613598054,-29.869088119289966
prior_mesh,370282,,133.9601123815005,105.3624712626902,-31.699120127477755
prior_mesh,370342,,133.83557613603068,108.52628170563992,-29.942772466607703
prior_mesh,370730,,133.8243219779626,98.12270488233875,-30.151841320416732
prior_mesh,370787,,133.8638780958826,96.47692281114516,-30.758529599137518
prior_mesh,371625,,133.78872408138105,94.09626588781634,-30.232584994748798
prior_mesh,372158,,134.0963586877226,102.42362856492998,-29.854391974879203
prior_mesh,372303,,134.063923147124,96.42487581562033,-30.62293389425425
prior_mesh,372410,,133.99153732420677,104.1878094347037,-30.86860507830221
prior_mesh,372726,,133.79614717754455,90.64578773810187,-29.96300056146003
prior_mesh,373312,,134.00562898852064,105.21026521784168,-31.31171082170801
prior_mesh,374039,,134.15303278361,100.19933006830689,-30.492069232556894
prior_mesh,374073,,133.93051634017385,92.25720105894526,-29.69692481474427
prior_mesh,374808,,133.96856054364764,91.17105834574343,-29.688145248899936
prior_mesh,375048,,134.187994954509,104.44027336005246,-30.063582716949774
prior_mesh,375189,,133.87212915751778,104.36105252856323,-31.355704769628304
prior_mesh,375626,,134.09332625393824,96.33700442244094,-29.858131544553302
prior_mesh,375981,,134.1147118258969,111.11042196012208,-29.522676130370755
prior_mesh,376180,,133.80999678551308,110.08282002663353,-29.997935533943377
prior_mesh,376346,,133.92309485333553,91.1409061763462,-29.70306224767645
prior_mesh,376394,,133.75111709495982,92.3307769057731,-29.59341059821564
prior_mesh,376540,,134.1570204822148,91.92644585958445,-29.434713592181048
prior_mesh,377085,,133.84399270562034,90.14902943822217,-30.606165344491178
prior_mesh,377115,,134.0097316653629,107.3633891963948,-29.485160202205087
prior_mesh,377494,,133.8584277024571,103.51836377852254,-29.504598184734235
prior_mesh,377553,,133.98079418454398,96.3027505915191,-30.80463962967565
prior_mesh,377969,,133.96001408058066,99.09509917493983,-29.63088670493233
prior_mesh,378152,,134.09986239857838,101.83450708153111,-30.208871422362375
prior_mesh,378274,,134.19891805064773,98.35957700081596,-29.860481974130366
prior_mesh,378343,,133.99009061986857,102.87977800898747,-29.670447668524808
prior_mesh,378384,,134.08479130469144,104.11014508020645,-31.08284501219091
prior_mesh,378788,,133.88859712308005,106.24373247781122,-29.949681081444716
prior_mesh,378959,,134.0197660794703,102.49974652156018,-29.82786268851301
prior_mesh,379131,,133.76984780470397,92.31127264935247,-29.705028825278895
prior_mesh,379275,,133.8060602165576,97.30489928249744,-31.41143712074163
prior_mesh,379290,,133.8376810422153,90.2396573328782,-30.500676417961152
prior_mesh,379404,,134.21057506913834,106.29328306978421,-29.845210714474124
prior_mesh,379779,,133.9922867328477,93.10277709760513,-31.394861441829093
prior_mesh,380008,,133.8710277694873,101.67091906376133,-30.86619710436223
prior_mesh,380136,,134.07459559264765,104.63015026978928,-30.246171216420855
prior_mesh,380412,,134.0612065855542,101.39910914735165,-30.556647386874207
prior_mesh,380915,,133.93515615817154,93.07692831276367,-31.365289044740674
prior_mesh,381005,,134.17152624884972,101.86161302807216,-30.183628758640836
prior_mesh,381645,,134.07491364173598,93.07240557166061,-31.397860025302386
prior_mesh,381924,,134.0287303175623,104.82822683597203,-31.031628434400318
prior_mesh,382675,,133.86120312627534,90.03986612201015,-30.78032697373755
prior_mesh,383385,,134.07334648070469,96.22238012380667,-29.42166219297467
prior_mesh,383879,,134.12983585706183,98.04091853758382,-30.108564456569066
prior_mesh,384102,,134.07225250797984,99.9603544003851,-29.552263804707064
prior_mesh,384446,,133.98760888545266,102.72551918573078,-29.73159813237398
prior_mesh,384913,,134.12403853413142,98.87314211440014,-29.678178004009865
prior_mesh,385036,,134.01028971251372,96.40035231050369,-30.974848291886495
prior_mesh,385190,,133.97917469363819,97.44190894092223,-30.686790651745344
prior_mesh,385409,,133.78045427555054,101.96811421587225,-30.18710656982398
prior_mesh,385492,,133.83938157069193,96.26697537835274,-29.402998153493098
prior_mesh,385790,,134.1837101224257,91.13966466313079,-29.65681430631234
prior_mesh,385957,,134.14148424686303,104.2026640471665,-29.66628667299281
prior_mesh,386425,,133.96182692490814,110.01563043169949,-30.004143662408524
prior_mesh,386558,,134.03437115915222,104.15655871870945,-31.08677509058198
prior_mesh,386650,,134.05579351019304,100.2387646250329,-30.753746940881758
prior_mesh,386864,,133.91341345638014,98.40629925570124,-29.963379702854755
prior_mesh,388386,,133.92911815927675,104.1740400306236,-30.28599832218382
prior_mesh,389053,,134.21768162913688,107.43791908686023,-29.452883797724716
prior_mesh,389171,,134.14625032725456,96.31036116455223,-29.8226266152882
prior_mesh,389417,,133.9174488978339,90.10299713530591,-31.004113330340022
prior_mesh,389599,,134.06814475979598,94.59584140876153,-29.873152189557334
prior_mesh,390766,,134.19402435036125,101.64107724840684,-30.371772629934817
prior_mesh,391175,,133.94843491229332,103.37800422846074,-29.530107345259104
prior_mesh,391286,,134.22062009668423,99.21157778016793,-29.577003230836755
prior_mesh,391345,,133.75383437346304,91.89231074896414,-29.46968728302135
prior_mesh,391607,,134.23230957110923,103.12928649231529,-29.550101695482397
prior_mesh,391714,,134.17276533533493,95.35086379704765,-29.541069450565878
prior_mesh,391790,,134.16395084939458,100.17050486289142,-30.437235551182233
prior_mesh,391992,,133.93020252235175,93.81120988136936,-30.434105440253933
prior_mesh,392147,,133.935862746495,93.87725753845538,-30.36865814756397
prior_mesh,392218,,133.8282407699323,92.2940604675608,-29.90098767436863
prior_mesh,392467,,133.7855158156205,94.18946422777012,-30.168878455828164
prior_mesh,392652,,134.05716383044182,102.68991526785794,-29.73382468898553
prior_mesh,393197,,134.0283252485082,99.71976976062227,-29.457978625431046
prior_mesh,393229,,133.86503861384477,99.12916490936325,-29.632870052610716
prior_mesh,393526,,133.97683262411982,102.18316851856211,-30.015673342344595
prior_mesh,393826,,133.94572400200943,95.0128107348942,-29.671901393317
prior_mesh,394543,,134.1878952893261,106.50814887761845,-29.759718655754327
prior_mesh,394552,,134.06583944642068,102.49114781806512,-29.82485289754096
prior_mesh,394707,,134.07370612073626,96.24568141746715,-29.45532131424015
prior_mesh,394718,,133.85888820872032,104.27185700853663,-31.402963658727497
prior_mesh,394945,,133.90950368446087,97.42650024796342,-30.72511016712598
prior_mesh,395360,,134.24005748066577,99.24601666007476,-29.56624032572471
prior_mesh,395365,,134.2139547916953,104.94166407445115,-30.874993374620452
prior_mesh,395418,,133.99112841030274,101.49671120708234,-30.83613363149454
prior_mesh,396204,,134.2269799992712,104.50772952579746,-31.389581684503263
prior_mesh,396274,,133.82977430644448,101.3343539620378,-30.455377783737276
prior_mesh,397146,,133.88774010117828,92.25693579874311,-29.614967621327928
prior_mesh,397210,,133.7517045041173,108.45421684940324,-29.80015383199592
prior_mesh,397508,,134.16033140484842,108.84720854164298,-30.83623711512188
prior_mesh,398034,,134.23312298989256,101.22212924118635,-31.473259971321596
prior_mesh,398093,,134.11674164929363,99.76021540048117,-29.44242075145065
prior_mesh,398465,,133.83443930048733,90.34376164228772,-30.399150764081757
prior_mesh,398837,,133.88261509946526,103.4301877108935,-29.522579009654823
prior_mesh,399601,,134.07544124597058,103.18063890773792,-29.570424470597267
prior_mesh,399661,,133.9759259211225,104.22149569595467,-31.392904966828286
prior_mesh,400300,,133.8089284426815,96.45221362717295,-30.204465690899255
prior_mesh,400769,,134.08168214877736,96.3021553279196,-29.5617951292932
prior_mesh,401544,,133.91635581234956,93.84660212664113,-30.404722537796978
prior_mesh,402270,,133.9794423501648,98.79457743841006,-29.73326584095263
prior_mesh,402429,,133.77442813102147,90.24580898151063,-30.207613250517422
prior_mesh,402610,,134.0376339183714,94.72501586016571,-29.810879484404
prior_mesh,402735,,134.02232222069762,91.91497010088811,-29.444790316656142
prior_mesh,403534,,134.01275526738556,107.69107008589683,-29.422033529725876
prior_mesh,404119,,134.1656361738334,104.31874800699092,-29.850871012473508
prior_mesh,404714,,133.86311213152666,96.32004483553715,-29.805617893173405
prior_mesh,405001,,133.84284955394526,105.36585149580306,-31.59904763173269
prior_mesh,405155,,134.23061563274172,104.21154825431805,-29.82633053227683
prior_mesh,405295,,133.95560046546265,106.39187739465149,-29.85438559488812
prior_mesh,405437,,133.9155520215856,96.77291637740458,-31.09846812879569
prior_mesh,405510,,134.06400412569081,104.68662402065911,-30.32165313264568
prior_mesh,405625,,134.04315712808227,93.51918060473028,-31.34319079720655
prior_mesh,405885,,134.11572480859783,96.80785854471709,-30.290228592034534
prior_mesh,406249,,133.7935582244845,103.43628304418918,-29.531140667612945
prior_mesh,407546,,133.94777836364207,96.0683526897059,-29.695959357291095
prior_mesh,407619,,133.9338992217342,92.38415911276135,-30.089567369524783
prior_mesh,407811,,133.80373670927744,97.87056018237733,-30.33569695320469
prior_mesh,407864,,133.79335167104597,99.22878109745692,-29.606247396949886
prior_mesh,408016,,133.99678391236338,97.59529856032708,-30.814910809271773
prior_mesh,408048,,133.81099188293376,100.18585066515337,-29.601615686875068
prior_mesh,408463,,133.9735877925232,95.95904333477228,-29.548301113499733
prior_mesh,408473,,134.06409288911757,96.35120433233229,-29.872472713385438
prior_mesh,408756,,134.12499288909015,94.25999554519989,-30.047340058254097
prior_mesh,409627,,133.8396255719793,92.3257627189137,-30.26027709859569
prior_mesh,410422,,134.01785187176088,92.19411727621616,-29.397069629087
prior_mesh,410537,,133.9692808277069,105.13322501051583,-30.789218364347807
prior_mesh,410842,,133.89447965602065,98.93974108039238,-29.705355106152098
prior_mesh,412811,,133.76372655901469,106.12104753820682,-30.046879328061664
prior_mesh,413891,,134.18216742189009,107.87734299962341,-29.457068202106388
prior_mesh,414046,,133.7995403590083,90.14200168194239,-30.3940407108725
prior_mesh,414095,,133.85299643264943,95.89731797285525,-29.443033203207392
prior_mesh,414455,,133.76531634012053,90.71164943695227,-27.256272097456357
prior_mesh,415632,,133.90224653231638,100.58354187494626,-31.256940184433873
prior_mesh,415890,,134.17181612839357,93.91021445748277,-30.659809504618146
prior_mesh,416078,,134.01088734897257,92.94899809653846,-31.375830532554442
prior_mesh,417065,,133.87173531417181,108.54020035798771,-29.980843623287456
prior_mesh,417218,,134.15567699034483,96.3877623101879,-31.210593321744202
prior_mesh,417266,,133.95415510699553,101.4342950203637,-30.565258714138665
prior_mesh,417463,,134.15511648284334,111.49437278673143,-29.428930593514423
prior_mesh,418051,,133.86487327600952,96.6561956748616,-30.963895729065793
prior_mesh,418181,,134.21668768864285,108.6814047355539,-30.771880704897526
prior_mesh,418237,,134.2175766222309,111.2668806043788,-29.491372790801293
prior_mesh,418663,,134.16624598208588,109.71813922972746,-30.137950539836137
prior_mesh,419681,,133.9887976376143,99.65933956696068,-29.4772403723117
prior_mesh,420062,,134.1610905137464,100.29344926162182,-30.74731986782686
prior_mesh,420146,,133.97782980954105,101.55219527630629,-30.71360867778983
prior_mesh,420412,,133.82238354527468,90.29096308876592,-30.15880334558642
prior_mesh,420462,,133.80139358993438,110.16962039341138,-29.95054482190329
prior_mesh,421115,,133.84928404810478,98.1745903756629,-30.116057174856802
prior_mesh,421182,,134.1539500177323,101.72495983748091,-30.284085961882646
prior_mesh,421707,,133.86884587440682,97.69666206833878,-30.596357723414293
prior_mesh,421926,,133.9035616184509,107.08965830681612,-29.577913795142205
prior_mesh,422282,,133.885913085988,95.1842700544824,-29.627751735547747
prior_mesh,422302,,133.8256635276677,101.51858196934077,-30.5371807279216
prior_mesh,422632,,133.80826433733426,108.15106852648734,-29.41609150363817
prior_mesh,422885,,133.94329770049472,92.07871210111429,-29.407670627813182
prior_mesh,423011,,133.82692379794125,108.38052834270628,-29.739212743233736
prior_mesh,424216,,134.1219700938599,101.90678111689088,-30.15506656653429
prior_mesh,424912,,134.016430419726,94.89093464744326,-29.730429815983214
prior_mesh,425235,,133.75433123081152,92.53527242266131,-29.816763094968472
prior_mesh,425487,,134.01866516775843,96.2471726839089,-30.817274540805126
prior_mesh,426329,,134.09626696050674,96.6810706344126,-30.095096501394003
prior_mesh,426334,,134.19543927599864,110.23406952456762,-29.832410137142514
prior_mesh,426789,,133.9420766042447,101.43698675241403,-30.567446872066043
prior_mesh,426880,,133.9134137226004,107.18868939408213,-29.554185951370542
prior_mesh,427123,,134.08503465322121,104.28947741374257,-31.353841456793823
prior_mesh,427161,,134.13633073921199,100.17903101298268,-30.508772593988354
prior_mesh,427540,,133.86170902396378,108.60625310981825,-30.065738211896296
prior_mesh,427757,,134.1793039452289,104.02796884753545,-31.206177330606717
prior_mesh,427861,,133.94596244058522,104.48058430437055,-31.379237122591846
prior_mesh,428018,,134.02469963622013,93.59143693601288,-31.1946090854063
prior_mesh,428145,,133.90134671729277,93.24876659343585,-31.391829839462922
prior_mesh,428296,,133.95264058383398,105.2403174346504,-31.619583644137116
prior_mesh,428360,,134.0628035503618,108.39385211189342,-30.174658117359204
prior_mesh,428541,,133.99187098682415,104.15966090675565,-30.163428906093962
prior_mesh,428729,,133.8181986196234,95.99549082637135,-29.425320134812832
prior_mesh,428739,,134.20095107159986,96.29757182822492,-31.187153249905997
prior_mesh,429234,,133.8306723286231,101.58299661977838,-31.164724146848023
prior_mesh,429238,,134.04273647618305,100.15219052285458,-30.69304272725521
prior_mesh,429241,,133.9114836078585,102.75582087443034,-29.73288390140228
prior_mesh,429403,,134.0782892210226,104.1383318593938,-29.53207309286731
prior_mesh,429414,,134.1944684915116,95.10410662510259,-29.62711806067222
prior_mesh,429929,,134.16685857363552,96.24837138867295,-31.07332254542623
prior_mesh,429962,,134.23384364166824,93.3708575629635,-31.100159149438003
prior_mesh,430412,,134.1656939968159,111.1379070833299,-29.51990640319658
prior_mesh,430416,,134.18380646362078,103.83147436643706,-29.413251358154326
prior_mesh,430431,,134.0875555621524,104.0914808711909,-30.64609175763941
prior_mesh,431005,,134.12683339119718,104.05851015733184,-30.729310890089963
prior_mesh,431206,,134.10058708395817,103.2535101163373,-29.548541136049447
prior_mesh,431565,,133.82674134696455,97.5731270661254,-30.594315587768264
prior_mesh,431566,,133.8576270029177,98.78879748455591,-29.77616308416215
prior_mesh,431730,,134.02787478883332,92.18529088462303,-29.399372045867384
prior_mesh,431839,,134.10719956194447,96.3642830798255,-30.198197956173324
prior_mesh,431841,,133.76055004384978,92.14016687057165,-29.429267913638096
prior_mesh,431875,,133.96046744339006,103.79008460745071,-29.440170336907567
prior_mesh,432015,,134.23555263617772,108.06389144995441,-30.850241876480446
prior_mesh,432174,,134.19035062368172,101.47898358935896,-30.802398918100696
prior_mesh,432480,,133.84895054924417,91.063098921457,-29.738349822382812
prior_mesh,432590,,134.24146958435105,98.93832943584245,-29.63745734555263
prior_mesh,432792,,134.19808521293697,111.31272312934541,-29.478209550916972
prior_mesh,432808,,133.78771272945187,106.9673438787213,-29.637644591385104
prior_mesh,432915,,133.75077086662722,92.87168535685461,-30.167355018264402
prior_mesh,433103,,134.21584541547844,103.81941498324,-29.412190635818696
prior_mesh,433815,,134.20212045126007,104.89502748463039,-30.776534933194473
prior_mesh,434646,,133.79216317982505,106.09572672261963,-30.053539814368364
prior_mesh,434888,,133.95788869802627,104.94285213862568,-30.97106886938383
prior_mesh,435060,,134.159355038019,96.23779715550442,-29.560405018780035
prior_mesh,435222,,133.807280794819,104.07421501116023,-29.39590534106194
prior_mesh,435517,,134.2359065913861,91.84381407406207,-29.440892212799106
prior_mesh,436552,,133.84362909492512,105.31799503694161,-31.5427124876582
prior_mesh,437333,,133.98734292398177,97.61366530142725,-30.500618237518097
prior_mesh,437397,,134.0071438535135,99.3995153831115,-29.534782491475333
prior_mesh,437640,,133.79985017944966,95.11734627166929,-29.665618878632067
prior_mesh,437972,,133.82659746022244,95.22457448107643,-29.62774879723175
prior_mesh,438140,,133.86931530737746,96.77970626462786,-30.954169386095966
prior_mesh,438210,,133.95521889474568,101.43041821663347,-31.11156424214225
prior_mesh,439385,,134.10775647565805,106.87425394394788,-29.621812799611327
prior_mesh,439802,,134.10816273192074,105.24517210894543,-30.599036902103038
prior_mesh,439954,,134.20643975734856,111.42246270761432,-29.451322776621947
prior_mesh,440201,,134.07349899754303,103.49938913189729,-29.49232134440369
prior_mesh,440500,,133.80399264558358,108.59865577006204,-30.02492966199422
prior_mesh,440619,,133.86685862691772,96.37846389057896,-30.331788832458315
prior_mesh,440901,,134.01680156607438,107.18815728598724,-29.545806374266053
prior_mesh,441076,,134.05023641454318,104.124910011751,-30.62396311237161
prior_mesh,441277,,134.08816877340502,103.809496551161,-29.425100012357216
prior_mesh,441472,,133.84014659251642,96.52714545205015,-30.766031830553267
prior_mesh,442056,,134.19461111431536,108.3480515553538,-29.765229845301754
prior_mesh,442465,,133.97826773956325,96.05071990994631,-29.912402237738675
prior_mesh,442559,,133.78299096874164,90.32123211826554,-30.165483305578462
prior_mesh,442637,,133.97541377682379,95.23998510701115,-29.606993040529098
prior_mesh,443544,,134.24832868495756,108.7815616076999,-30.93752091556189
prior_mesh,444271,,134.1388238161322,101.39258528899124,-30.532332788416227
prior_mesh,444399,,133.8457016123087,92.29546921962586,-29.948316513761164
prior_mesh,444463,,134.1465709470523,94.12478102375053,-30.23797851824838
prior_mesh,445069,,134.23825486458696,101.83175940727345,-30.20006222907123
prior_mesh,445223,,133.8072989535936,95.24105967529873,-29.620988074635758
prior_mesh,445278,,133.87884474049702,96.67459155816988,-31.011572045463165
prior_mesh,445469,,133.86452707055983,95.05835074591965,-29.682523828142998
prior_mesh,445892,,133.83319871386436,107.1754821224331,-29.56383931474818
prior_mesh,446870,,133.9160383168611,98.99847242116755,-29.67607775112169
prior_mesh,446926,,134.08715903959677,104.15708152981833,-31.332611799929712
prior_mesh,447185,,133.97782916313196,101.57529065240018,-30.653614900909332
prior_mesh,447466,,134.21563025120594,92.44666744936988,-29.630605679073486
prior_mesh,447547,,133.86651635452876,97.55805930259694,-30.966469970490287
prior_mesh,448255,,133.93213958491867,100.47859677765096,-31.16174747552176
prior_mesh,448481,,134.03075638144762,106.98057863641803,-29.59993325188943
prior_mesh,449421,,134.22148521012522,107.87780925388503,-29.458240668486166
prior_mesh,449961,,133.93122868282288,101.5555019752253,-30.458918369494633
prior_mesh,450216,,133.99308603139946,97.69557819475476,-30.549465680574453
prior_mesh,450395,,133.79008768085188,92.25501557849446,-29.370131393147226
prior_mesh,450622,,133.879080697108,97.6845290604269,-30.624553042984402
prior_mesh,450884,,134.17882996934927,98.44745151144399,-29.821082476928076
prior_mesh,451601,,134.06349707537854,107.52022815791773,-29.450685523393112
prior_mesh,451665,,133.922885325722,95.13185225153836,-29.65057104640283
prior_mesh,451765,,134.04745544927968,96.28109900743164,-29.51245403555944
prior_mesh,451826,,133.7871103120962,98.71864157587252,-29.821839770860315
prior_mesh,451962,,133.91597468524702,97.57450792319332,-30.90262823176873
prior_mesh,452289,,133.96175654646984,94.76702836703528,-29.775694235315523
prior_mesh,452512,,134.0688134665735,96.21604838431873,-30.868523152995618
prior_mesh,452699,,133.90355559719788,103.4981968626305,-29.499245357369105
prior_mesh,452829,,134.12386552474314,96.3587690743782,-30.216343980624956
prior_mesh,452898,,133.8612266180578,104.4164101684703,-31.34310385452264
prior_mesh,453257,,133.87219067384348,104.03489897269958,-29.398254064654857
prior_mesh,453552,,134.20728102020277,93.13371071276606,-30.2928297892709
prior_mesh,454035,,133.79234046128917,100.25811794897739,-29.469060711841443
prior_mesh,454278,,134.08748769165686,99.91804247924031,-29.403643280785502
prior_mesh,455192,,134.05919704809108,93.76940955795874,-30.447880980380273
prior_mesh,455452,,134.16099239692744,99.13327049643061,-29.60331789394784
prior_mesh,456721,,133.9981897014663,101.81637825580304,-30.233836764874205
prior_mesh,456914,,133.93672985793734,96.33118663145285,-30.745068641682398
prior_mesh,457553,,133.976080587873,108.14027015126243,-29.489843974368924
prior_mesh,457769,,134.15152995068698,111.40794431282075,-29.450357612134347
prior_mesh,457946,,133.84230816616207,106.4280307530973,-29.8613010716336
prior_mesh,458593,,133.88958105608975,98.04163524515005,-30.191195396144845
prior_mesh,458691,,134.08061076482858,96.38926196601997,-30.334252308842686
prior_mesh,458848,,133.78414123570047,91.7669092654094,-29.501763103662807
prior_mesh,459253,,134.1920299990394,107.80845925994103,-29.442802611938852
prior_mesh,459908,,134.10551786025073,95.12275753217122,-29.634874807072745
prior_mesh,460548,,134.13724590790991,104.05097485362006,-30.78401050000265
prior_mesh,460618,,133.80887117844642,106.04247593218119,-30.080331600067723
prior_mesh,461088,,134.18412379362073,100.33002684878029,-30.999343468747757
prior_mesh,462069,,134.2309591312011,104.95208890470946,-31.440010537313597
prior_mesh,462209,,133.9404657903675,96.14712704262853,-29.440081630935328
prior_mesh,462329,,133.7694221689183,101.62005210443019,-30.463733903208876
prior_mesh,462465,,134.12494539218318,104.86739425154786,-30.624045617373277
prior_mesh,462544,,134.00843553073994,106.27373599258227,-29.905649702024437
prior_mesh,463013,,133.89654140301928,92.29411955229901,-30.027960010599543
prior_mesh,463078,,134.24692236543555,109.37242042722066,-30.391931052192284
prior_mesh,463247,,133.8640964490392,100.13822606218844,-29.96280885672735
prior_mesh,463578,,134.11590747795796,105.45934697236667,-30.974110083448632
prior_mesh,463760,,133.99815554495007,97.48509879853447,-31.107693583840124
prior_mesh,464251,,133.8180713518204,90.42779542948361,-30.249790104564482
prior_mesh,464455,,134.16588009508325,96.34524691909061,-30.265949742248193
prior_mesh,465185,,133.81474694944617,106.15443463341227,-30.007989128534426
prior_mesh,465360,,133.88997483198253,101.9707658849156,-30.15642353894716
prior_mesh,466505,,134.0160036948363,98.8968156458792,-29.692533855441017
prior_mesh,466679,,134.0282130178694,95.93192719645405,-29.95177147844594
prior_mesh,466785,,133.87205067288613,108.4913656691437,-29.914335932316696
prior_mesh,467071,,134.08460058628268,94.06095102370739,-30.39371624849415
prior_mesh,467506,,134.19496949954453,96.254326490867,-29.750834754828105
prior_mesh,468019,,134.22807294576862,111.98716231534178,-29.94888753404178
prior_mesh,468730,,134.13227693421945,108.05431107966145,-29.954213982889307
prior_mesh,468912,,133.98652624284438,93.48918705402016,-31.507592640661308
prior_mesh,469144,,133.85734893921082,104.83533572375151,-31.378648219421557
prior_mesh,469256,,133.9754181761441,105.5869377410429,-30.353771911342555
prior_mesh,469462,,134.04376132914862,110.67569154796615,-29.67406930688528
prior_mesh,469491,,133.75413694204912,103.74071750879881,-29.467808866019972
prior_mesh,469526,,134.14051104806532,102.0000000641603,-30.087426232586147
prior_mesh,469683,,134.00024925928835,101.54797678959396,-30.685450422059613
prior_mesh,470007,,134.2217819046774,98.35140098826957,-29.861029255195326
prior_mesh,470841,,134.12393960693888,100.38814356466409,-31.178446975800362
prior_mesh,470870,,133.8196462097446,100.61545910837395,-31.26230455231385
prior_mesh,470999,,134.15205966462688,101.24537113032176,-31.454407666874577
prior_mesh,471001,,133.80564437795135,94.90880768510655,-29.75390141485182
prior_mesh,471212,,133.94114601831453,97.79237819791534,-30.34606891206733
prior_mesh,472235,,134.20049181702106,101.23227357963,-31.463165098790295
prior_mesh,472879,,134.07095786243497,95.2842833752378,-29.581522253400166
prior_mesh,473423,,134.2487474819418,96.27033844710498,-30.001251466690064
prior_mesh,473750,,133.8005193178974,96.48815459662246,-30.417401589422393
prior_mesh,474044,,134.11663040062137,90.49528085202235,-29.939360054977072
prior_mesh,474105,,134.2374861156255,108.20605434721564,-31.430042539503248
prior_mesh,474205,,134.10686775628696,90.7410201816861,-29.810781127053485
prior_mesh,474706,,134.21933425918792,96.17502396941067,-29.453729255491236
prior_mesh,474760,,134.1676835587779,100.30188939321137,-30.8072007360429
prior_mesh,474840,,134.15959970384307,108.36881807622223,-29.732198012557376
prior_mesh,474935,,133.90453222466977,102.2648034741029,-29.983425283900598
prior_mesh,475460,,133.9712409051043,95.98639381397876,-29.622764928335144
prior_mesh,475568,,133.86900550815753,94.15647051503797,-30.176099997926713
prior_mesh,475774,,134.05122940061682,94.17387976523672,-30.105952373721784
prior_mesh,476688,,134.11422831972445,95.35833688754457,-29.54666462967526
prior_mesh,476836,,133.96338177134288,96.15713988695487,-30.149622998325114
prior_mesh,477393,,133.86603417009812,104.51947486202218,-31.332725937687982
prior_mesh,477697,,134.0896083992335,100.20578409511492,-30.64264841656108
prior_mesh,478180,,134.0600175967854,105.3523766066329,-31.163949633051722
prior_mesh,478409,,134.01973296166005,99.25693249176655,-29.5660176662133
prior_mesh,478691,,133.94417270624868,108.32060639100999,-29.71923084299261
prior_mesh,479480,,134.1148508527996,95.27955989806625,-29.57832402303365
prior_mesh,480030,,134.11549346735487,96.35705448811389,-30.161500373789707
prior_mesh,480574,,133.93114503396822,98.43614787777257,-29.942286378221997
prior_mesh,481000,,134.21982859903216,108.33412886359308,-30.415344555302
prior_mesh,481169,,133.94662280408133,100.46761466825834,-31.155429411814566
prior_mesh,481619,,133.78682084720654,90.41081688759145,-30.110566311981852
prior_mesh,481902,,134.05711549806477,102.54479225672449,-29.799490372596004
prior_mesh,482203,,133.8514599939832,106.19540861488142,-29.984322121776724
prior_mesh,482426,,134.12411586960505,105.04659908385246,-30.771189980761633
prior_mesh,482851,,134.20501814629935,99.23844614006045,-29.57227874850089
prior_mesh,483905,,133.88677859884365,104.4684849007904,-31.34990940830817
prior_mesh,484111,,134.00152139545716,97.61714159815921,-30.754870412292888
prior_mesh,484246,,134.0750953444069,105.92071556307225,-30.075438590772976
prior_mesh,484278,,134.23506347373115,91.85439632349576,-29.44044550910415
prior_mesh,484426,,133.99043108238072,98.80466049328061,-29.728140226303957
prior_mesh,484539,,133.8486363279941,90.1434923209537,-30.242871891591086
prior_mesh,485007,,133.901359471712,95.59458550427846,-29.509184974395684
prior_mesh,485019,,133.92853033325196,96.11182805078336,-29.67270561469666
prior_mesh,485423,,133.80595172570185,90.50553776368807,-30.12642999082517
prior_mesh,485556,,134.05590649903033,102.79178478002123,-29.692964385396017
prior_mesh,485678,,133.88896600890294,99.07766738406809,-29.648699274390204
prior_mesh,485809,,133.941654143381,96.9331654013808,-31.136166088606032
prior_mesh,486221,,134.18599970517886,94.57343906627747,-29.865573139207108
prior_mesh,486357,,133.9097485834096,95.30457527961211,-29.58522567777642
prior_mesh,486424,,134.2179617468103,103.21442273856164,-29.527896493979103
prior_mesh,486568,,134.1889050313843,106.0027122111023,-30.003422006859438
prior_mesh,486971,,134.2080607637904,109.70633436114265,-30.13405304973653
prior_mesh,487108,,133.99507362012588,92.34452918879744,-29.799092975347502
prior_mesh,487309,,133.9854498352675,93.43380538058024,-31.488995344925797
prior_mesh,487353,,133.78747695132387,92.26116673792706,-29.37158862295305
prior_mesh,487414,,134.03220378618718,95.81948434567464,-29.59400248581736
prior_mesh,488001,,133.91869065329746,106.93400157879347,-29.632319184090207
prior_mesh,488066,,134.2173743908973,104.62763490019677,-30.414812625256538
prior_mesh,488109,,133.86138057508217,108.19555977367757,-29.504845479828028
prior_mesh,488180,,133.98305166940168,102.68794717805807,-29.74859519101345
prior_mesh,488631,,133.90121912031952,105.24851303513375,-31.554546226224296
prior_mesh,488875,,133.9240654025647,105.18199463615736,-31.5123324348789
prior_mesh,489665,,134.0064556502198,102.48661166085921,-29.836518968706482
prior_mesh,489719,,133.84785392698294,97.46135994178678,-31.232836632045682
prior_mesh,490051,,133.7618676176711,108.2964182914975,-29.590070864624252
prior_mesh,491273,,133.90583171651932,103.43453649591893,-29.510791672461913
prior_mesh,491307,,133.85530884579964,100.06834895937216,-29.91101473448607
prior_mesh,491322,,133.88303245141077,92.2443447059067,-29.47192563946421
prior_mesh,491454,,134.14505975088775,104.30587343547572,-29.818930003123086
prior_mesh,491759,,133.86696578529438,108.28751680330994,-29.63333967431212
prior_mesh,491763,,133.7632796246364,109.94102515038696,-30.089048518031248
prior_mesh,492006,,134.1465511409211,99.94770701582362,-29.481091788044438
prior_mesh,492102,,133.89248275127753,106.10238199198206,-30.01082108192807
prior_mesh,492145,,133.7792055167198,96.48356870022664,-30.079672684156527
prior_mesh,492242,,134.07186116728803,108.14693653486118,-29.934328931931923
prior_mesh,493180,,133.88848829746888,91.93967232523043,-29.44643171744149
prior_mesh,493728,,133.80937558559518,100.59581710946425,-31.252953516801355
prior_mesh,493941,,133.96609051997342,92.11624919824698,-29.41729980454005
prior_mesh,494218,,134.24260209856754,108.09921514533512,-29.653120238602206
prior_mesh,494453,,134.04430411866898,100.47142309523623,-31.21195404424573
D005_Pnative.anchor_512.raw,361,,133.95229707591542,92.5846620038454,-30.034751250617393
D005_Pnative.anchor_512.raw,433,,134.23062511496497,96.42283590693205,-29.75876802778354
D005_Pnative.anchor_512.raw,525,,133.9025702909038,101.74258026149215,-30.194898571287307
D005_Pnative.anchor_512.raw,864,,134.0456149383027,105.25885790482619,-31.661003816855104
D005_Pnative.anchor_512.raw,904,,134.05155137706575,103.7597567209935,-30.45165441610689
D005_Pnative.anchor_512.raw,905,,134.14088962765103,100.79524068029242,-30.129853995695854
D005_Pnative.anchor_512.raw,1657,,133.87522991470524,110.62370646060836,-30.080918133245508
D005_Pnative.anchor_512.raw,2263,,134.02446175294187,99.28950665629935,-29.44090918229832
D005_Pnative.anchor_512.raw,2574,,134.17853889016533,101.60694853646604,-30.226403573936445
D005_Pnative.anchor_512.raw,2663,,133.88089550959535,94.81708700666263,-29.79024254850028
D005_Pnative.anchor_512.raw,2823,,134.2381108781434,100.18173588205579,-32.99473278575859
D005_Pnative.anchor_512.raw,3222,,134.23620987327374,96.88853395899135,-30.577487010577364
D005_Pnative.anchor_512.raw,3399,,133.93919285955903,110.08506350671777,-30.043877992699322
D005_Pnative.anchor_512.raw,3749,,133.91842086234828,103.18940875766103,-29.46742749507004
D005_Pnative.anchor_512.raw,3836,,134.2307354838299,103.56376740917597,-30.41000904744449
D005_Pnative.anchor_512.raw,3948,,134.16651202373208,100.68733908750222,-31.374947089079342
D005_Pnative.anchor_512.raw,4073,,133.98259320517727,92.80434127410611,-32.04912586106304
D005_Pnative.anchor_512.raw,4508,,134.09104512376157,110.86869267804047,-29.87725798097055
D005_Pnative.anchor_512.raw,4740,,134.19023972169643,108.99207332601831,-32.32268624020334
D005_Pnative.anchor_512.raw,4882,,133.94637226501828,93.04816464746051,-31.506250998132554
D005_Pnative.anchor_512.raw,4915,,134.10533155693835,93.96165986487307,-32.23205315728538
D005_Pnative.anchor_512.raw,5027,,134.17665523173213,108.91038915009166,-32.729499938453834
D005_Pnative.anchor_512.raw,5166,,134.0150813204601,92.13263702664736,-29.437876583853907
D005_Pnative.anchor_512.raw,5225,,134.20417990701935,107.67732431277217,-29.434121508870376
D005_Pnative.anchor_512.raw,5532,,133.8002644916591,102.18350890293817,-30.003330215958044
D005_Pnative.anchor_512.raw,5670,,133.82376077154763,95.97853028203923,-29.40747004231401
D005_Pnative.anchor_512.raw,5823,,133.98767029148752,106.45890397729555,-30.04013731794642
D005_Pnative.anchor_512.raw,5869,,134.206794071831,108.34545474901424,-32.466539402705266
D005_Pnative.anchor_512.raw,6013,,133.850419913024,104.52052931701904,-29.740297388955028
D005_Pnative.anchor_512.raw,6327,,134.04510981243044,104.09591276862876,-29.644144799136374
D005_Pnative.anchor_512.raw,6562,,134.14130510832018,95.0019951043925,-29.670577160349083
D005_Pnative.anchor_512.raw,6966,,133.87286075948276,101.42669174336959,-31.506015615822037
D005_Pnative.anchor_512.raw,7055,,133.86286436573835,98.89180757912533,-30.371664761665688
D005_Pnative.anchor_512.raw,7333,,133.9419165221206,93.35605088941334,-30.75991781453442
D005_Pnative.anchor_512.raw,7424,,133.91214970665408,108.54602737109249,-32.33303450990312
D005_Pnative.anchor_512.raw,7481,,134.07760934026834,93.70793219953224,-30.524707401599933
D005_Pnative.anchor_512.raw,7653,,133.94242813119985,93.28060533091751,-32.23053757639151
D005_Pnative.anchor_512.raw,7727,,133.7693441255529,110.00058967957352,-32.424406522055676
D005_Pnative.anchor_512.raw,8059,,133.84861001455732,99.12072126737779,-31.46453693644239
D005_Pnative.anchor_512.raw,8081,,134.0643704855343,106.4389105546679,-29.92490513026872
D005_Pnative.anchor_512.raw,8348,,134.17875025467964,93.0389831382112,-31.218639056826696
D005_Pnative.anchor_512.raw,8918,,133.8579169573302,98.7479447033777,-30.63334876169892
D005_Pnative.anchor_512.raw,9069,,134.22699852901806,108.47643345248218,-29.977801696974637
D005_Pnative.anchor_512.raw,9164,,133.84549975011586,108.46483263131927,-30.046228507676698
D005_Pnative.anchor_512.raw,9300,,134.23939418234937,94.14737059564774,-30.09594936406329
D005_Pnative.anchor_512.raw,9499,,133.88587579732194,100.00831176446053,-29.47151987776961
D005_Pnative.anchor_512.raw,9735,,134.00551363063812,90.37572333014366,-32.34115136399995
D005_Pnative.anchor_512.raw,9807,,133.99112048618588,94.91363588201554,-29.727027929061073
D005_Pnative.anchor_512.raw,9874,,133.85751548413702,93.65228416138538,-30.634959241722743
D005_Pnative.anchor_512.raw,10151,,134.1348808695248,97.11369731253127,-30.605899882063436
D005_Pnative.anchor_512.raw,10229,,134.00479333159706,105.27466127226091,-31.643236112418013
D005_Pnative.anchor_512.raw,10532,,134.07727993541334,104.55651946469612,-31.320374030179504
D005_Pnative.anchor_512.raw,11079,,134.2015340308796,95.4811195968151,-29.450512672080066
D005_Pnative.anchor_512.raw,11166,,134.12124122124797,96.8439810400132,-31.536589995979984
D005_Pnative.anchor_512.raw,11471,,133.78625049280274,93.30725320111056,-32.20122299980568
D005_Pnative.anchor_512.raw,11610,,133.75081052365147,107.63254285561501,-29.44895891130715
D005_Pnative.anchor_512.raw,11728,,133.767369062995,94.2253702986272,-30.173983175835055
D005_Pnative.anchor_512.raw,11831,,134.19175169877755,97.68375044439328,-31.930484848909487
D005_Pnative.anchor_512.raw,12332,,133.88349741559338,100.06898341929272,-29.46974797236315
D005_Pnative.anchor_512.raw,12626,,133.90548004349594,99.86558907163189,-30.819201593166007
D005_Pnative.anchor_512.raw,12722,,133.814199267285,98.2221210224483,-31.857978670265332
D005_Pnative.anchor_512.raw,12885,,133.84938453697254,104.96919549879685,-31.42476834735914
D005_Pnative.anchor_512.raw,13605,,134.16066230944813,102.62845640406992,-29.710397665268054
D005_Pnative.anchor_512.raw,13624,,134.1935128905532,106.42438310398398,-30.670594513152068
D005_Pnative.anchor_512.raw,13647,,134.02191969703782,96.66291147844129,-29.876603429640433
D005_Pnative.anchor_512.raw,13869,,134.058035361046,106.96784088806626,-29.49011183497881
D005_Pnative.anchor_512.raw,13888,,134.1651566114643,103.9716580198657,-29.62595818078067
D005_Pnative.anchor_512.raw,14440,,133.81609207799977,105.22555966013445,-31.53301531549616
D005_Pnative.anchor_512.raw,14515,,134.20015279135814,106.45201372735872,-30.47234012356835
D005_Pnative.anchor_512.raw,14624,,133.80728809787598,108.19966614744521,-32.4220046415043
D005_Pnative.anchor_512.raw,14682,,134.0854926518701,108.77721652804803,-30.55421500584625
D005_Pnative.anchor_512.raw,14879,,133.87800912394223,101.6460633097701,-30.22038672959941
D005_Pnative.anchor_512.raw,15116,,133.83765970100808,100.92105404912488,-32.92552779188227
D005_Pnative.anchor_512.raw,15281,,133.98198973849225,105.18771906216809,-31.6282695445635
D005_Pnative.anchor_512.raw,15298,,133.75410404078917,104.91794531956607,-29.832066908315582
D005_Pnative.anchor_512.raw,15341,,133.8790563817103,90.93717780406055,-29.63642678274526
D005_Pnative.anchor_512.raw,15435,,134.01857338208328,99.40328262322456,-31.05995007066589
D005_Pnative.anchor_512.raw,15447,,134.1788042250636,110.86199564621984,-29.824196340454392
D005_Pnative.anchor_512.raw,15477,,133.95342309991926,92.93236632114844,-31.776337840439744
D005_Pnative.anchor_512.raw,15883,,133.87189004262848,104.43038786663101,-29.718957536964627
D005_Pnative.anchor_512.raw,15996,,134.1668396644338,98.95738684122125,-31.59471666257701
D005_Pnative.anchor_512.raw,16096,,134.1371064067918,92.07921185411979,-29.40329634020155
D005_Pnative.anchor_512.raw,16437,,133.90583448265133,98.05203294260464,-31.880343706894923
D005_Pnative.anchor_512.raw,16696,,134.00548876739322,105.32773579566556,-30.10060904446852
D005_Pnative.anchor_512.raw,17258,,134.01678558870356,98.4841135925701,-31.77592755264414
D005_Pnative.anchor_512.raw,17651,,133.95326331610784,98.88976485300154,-30.40947523194797
D005_Pnative.anchor_512.raw,17875,,133.82941460755274,93.9796049393259,-30.349284165321162
D005_Pnative.anchor_512.raw,17995,,134.14460157999866,102.77316608119175,-30.76438938218412
D005_Pnative.anchor_512.raw,18289,,133.9164874051553,100.65298499065705,-30.031532585507957
D005_Pnative.anchor_512.raw,18321,,133.7875119977408,91.35800000215613,-29.475681601217772
D005_Pnative.anchor_512.raw,18497,,134.14656120653586,92.56752733863271,-30.213631806857563
D005_Pnative.anchor_512.raw,18569,,133.80211207107925,99.77254958644816,-30.840038669173573
D005_Pnative.anchor_512.raw,18647,,133.76957313454784,96.44698139861553,-29.47693643022052
D005_Pnative.anchor_512.raw,18963,,133.91683340078183,100.93621774772711,-31.563210046608084
D005_Pnative.anchor_512.raw,19026,,134.06107413204683,105.72572714264922,-31.690704086768697
D005_Pnative.anchor_512.raw,19032,,134.14679489767335,109.58784041819509,-32.6424428743309
D005_Pnative.anchor_512.raw,19173,,133.9653488085432,107.28940615382257,-30.2120988424454
D005_Pnative.anchor_512.raw,19336,,133.9138090842769,103.89940795181359,-30.74330070724161
D005_Pnative.anchor_512.raw,19541,,134.07908421757682,106.28364279068508,-31.006722042793577
D005_Pnative.anchor_512.raw,19711,,134.03587757880157,111.9593665382754,-32.57182362298526
D005_Pnative.anchor_512.raw,20342,,133.8360597450409,103.02056327125074,-30.347352610996644
D005_Pnative.anchor_512.raw,20429,,133.78211087019062,106.39064250630051,-30.18024025434962
D005_Pnative.anchor_512.raw,20467,,133.81356272167164,99.73875317012897,-29.481520641745867
D005_Pnative.anchor_512.raw,20641,,134.00449172447853,103.73335392502591,-30.409632271421735
D005_Pnative.anchor_512.raw,20735,,133.85763602716113,110.11353160182854,-32.48439500582167
D005_Pnative.anchor_512.raw,20791,,133.96515497674642,104.38709483348791,-31.306239929131376
D005_Pnative.anchor_512.raw,21076,,134.1959348770128,93.45272983330892,-30.649432972805524
D005_Pnative.anchor_512.raw,21261,,133.8576540412266,108.93724292356976,-32.64377473678618
D005_Pnative.anchor_512.raw,21344,,134.01483961508936,99.96138473692136,-29.46141975504513
D005_Pnative.anchor_512.raw,21706,,133.931893603251,92.53485159620193,-29.610291848333055
D005_Pnative.anchor_512.raw,21799,,133.99603533943989,108.52387986376776,-30.10044690633008
D005_Pnative.anchor_512.raw,21953,,133.91170313968428,98.67586644314753,-30.239735798369928
D005_Pnative.anchor_512.raw,22098,,134.08356868084758,110.18046587810889,-32.42092192391236
D005_Pnative.anchor_512.raw,22266,,133.91424264380817,92.27022723176918,-31.941297937823784
D005_Pnative.anchor_512.raw,22289,,134.18308617889377,100.07754372950072,-29.485519234204347
D005_Pnative.anchor_512.raw,22517,,134.0926810382228,103.76366414963344,-30.47001017275522
D005_Pnative.anchor_512.raw,22566,,133.80068429300263,92.84151127233339,-30.51348886693387
D005_Pnative.anchor_512.raw,22866,,134.07367717448892,98.32820128321251,-31.8264195139324
D005_Pnative.anchor_512.raw,22927,,134.0221939426996,95.0700815682889,-29.654650783412176
D005_Pnative.anchor_512.raw,23946,,133.80070944770483,103.31450891040264,-30.255141666152106
D005_Pnative.anchor_512.raw,24009,,134.1605096653638,111.02551691630879,-30.102401857581718
D005_Pnative.anchor_512.raw,24218,,133.80232917106795,104.72357785473302,-31.264737155927456
D005_Pnative.anchor_512.raw,24260,,133.80549265721214,111.11249292989639,-29.484904527307684
D005_Pnative.anchor_512.raw,25238,,133.89509754057795,102.66289819541214,-30.840758438280858
D005_Pnative.anchor_512.raw,25281,,133.92307557389628,102.61831035592898,-30.92638867698963
D005_Pnative.anchor_512.raw,25312,,133.92680654296092,99.1800313817139,-31.40408870255665
D005_Pnative.anchor_512.raw,25351,,133.78581303029895,99.74854516816086,-30.845272494914802
D005_Pnative.anchor_512.raw,25410,,133.84260133750809,102.5579361490912,-30.986188666482093
D005_Pnative.anchor_512.raw,25473,,133.9343752795312,98.77378357043614,-29.55250238723209
D005_Pnative.anchor_512.raw,25480,,133.88209660799274,101.05981980810294,-29.917999879934566
D005_Pnative.anchor_512.raw,25938,,134.0820078805082,102.69430154052567,-30.85814905336059
D005_Pnative.anchor_512.raw,26164,,133.93904160115997,103.68782594366215,-29.699533561370046
D005_Pnative.anchor_512.raw,26171,,134.16673177035466,100.22739668511895,-29.594025512402215
D005_Pnative.anchor_512.raw,26568,,134.18857016511822,106.5923062664368,-30.140353690444154
D005_Pnative.anchor_512.raw,26840,,133.84168688852972,104.52990218274692,-29.738313631981406
D005_Pnative.anchor_512.raw,27378,,134.14445054437115,104.59452322389481,-31.331772075600377
D005_Pnative.anchor_512.raw,27431,,133.99472095900126,99.43665590762514,-29.45730343647784
D005_Pnative.anchor_512.raw,28051,,134.1836485709002,96.99721482000041,-30.589954660940396
D005_Pnative.anchor_512.raw,28168,,134.076688154695,100.06597357113908,-32.919164396932544
D005_Pnative.anchor_512.raw,28378,,133.80228225116494,106.37560071283215,-30.667269856069566
D005_Pnative.anchor_512.raw,28486,,134.00857464825134,100.9988745471246,-30.012644413863317
D005_Pnative.anchor_512.raw,28695,,134.00665242585563,95.48678785000796,-31.768470299224866
D005_Pnative.anchor_512.raw,28731,,134.23619504651256,106.31146246304208,-29.866490020819498
D005_Pnative.anchor_512.raw,28743,,134.18267433628523,103.11489205112406,-30.276897337911436
D005_Pnative.anchor_512.raw,28867,,134.2289099085928,103.48020957045796,-29.4408058944987
D005_Pnative.anchor_512.raw,29436,,133.9949195651268,106.59187661219845,-29.990106152216974
D005_Pnative.anchor_512.raw,29689,,133.80972025231412,106.92521436697918,-29.751316858233942
D005_Pnative.anchor_512.raw,30150,,134.02636492709934,105.45999464518333,-31.671260604524903
D005_Pnative.anchor_512.raw,30426,,134.13501455521774,90.74799171841502,-32.30098648607295
D005_Pnative.anchor_512.raw,30836,,133.8170004870749,96.55981154928415,-31.238376164872413
D005_Pnative.anchor_512.raw,31027,,133.94624505940294,98.88839408760825,-30.40335075922158
D005_Pnative.anchor_512.raw,31081,,133.8409124819001,91.92712163160934,-31.94125982386369
D005_Pnative.anchor_512.raw,31094,,134.16971028037736,98.68805337394544,-29.613328799031606
D005_Pnative.anchor_512.raw,31378,,133.86826103367378,100.86701549350587,-29.93827145450896
D005_Pnative.anchor_512.raw,31681,,134.17739146838827,107.5335768605012,-29.427240913580917
D005_Pnative.anchor_512.raw,31875,,134.04783951288704,108.5166752085389,-31.121294621329998
D005_Pnative.anchor_512.raw,32043,,133.99586243976924,108.77264661998866,-30.513368690655604
D005_Pnative.anchor_512.raw,32224,,133.9084046628457,94.94568784561605,-32.048322289574244
D005_Pnative.anchor_512.raw,32426,,134.1692583833963,110.8808708748133,-29.836697796011414
D005_Pnative.anchor_512.raw,32460,,134.1792662506949,101.36833042653602,-30.201675402940843
D005_Pnative.anchor_512.raw,32708,,134.2160144414691,110.26806460327069,-32.46980699365861
D005_Pnative.anchor_512.raw,33033,,133.9224561823625,109.44430333144125,-32.27760287117209
D005_Pnative.anchor_512.raw,34565,,134.16611617494124,110.94657920858734,-29.858672404163155
D005_Pnative.anchor_512.raw,35002,,134.1709704236648,102.98879858867443,-29.511755680073996
D005_Pnative.anchor_512.raw,35286,,134.24014834414996,96.5783635332094,-31.537466130981144
D005_Pnative.anchor_512.raw,35746,,133.91793788667815,103.58172093219754,-30.309695595736905
D005_Pnative.anchor_512.raw,36195,,134.1379718615493,107.17859575637826,-29.45218294192599
D005_Pnative.anchor_512.raw,36286,,134.07261134205666,90.64046960825618,-32.304090241670615
D005_Pnative.anchor_512.raw,36458,,134.12974205752806,105.28494197370924,-30.10146002760053
D005_Pnative.anchor_512.raw,36623,,134.21597524054525,103.98036854267106,-29.613598539300867
D005_Pnative.anchor_512.raw,37469,,134.02629356494992,92.48115464351727,-31.91694543033282
D005_Pnative.anchor_512.raw,37712,,134.2077814665193,108.63947745369994,-30.236046456492215
D005_Pnative.anchor_512.raw,37746,,134.18644668896704,103.86005232468942,-29.5992894619203
D005_Pnative.anchor_512.raw,37842,,134.02588250397525,109.65045496601562,-32.64510999416011
D005_Pnative.anchor_512.raw,38011,,133.9229104894443,100.3995147668857,-31.057943557320332
D005_Pnative.anchor_512.raw,38131,,134.19112205107774,100.3098830403304,-29.926037521193436
D005_Pnative.anchor_512.raw,38154,,134.12793758865817,108.29345727309881,-29.697939337906888
D005_Pnative.anchor_512.raw,38765,,134.00078775908185,93.61918970817162,-32.270854636751764
D005_Pnative.anchor_512.raw,39416,,133.854084776691,102.57131830608783,-30.94804721581672
D005_Pnative.anchor_512.raw,39453,,133.88371989643034,95.73133484244981,-29.43825111414465
D005_Pnative.anchor_512.raw,39462,,133.92174669613726,92.66266610821884,-31.867454744832674
D005_Pnative.anchor_512.raw,39484,,133.93259492578315,105.67582339321159,-30.11903206579368
D005_Pnative.anchor_512.raw,40083,,133.87893842372802,91.7865526464802,-31.946659636638003
D005_Pnative.anchor_512.raw,40240,,133.85451486583875,96.93075075034207,-30.11744985533045
D005_Pnative.anchor_512.raw,40435,,133.8034657208604,101.75325130901842,-30.20186093173516
D005_Pnative.anchor_512.raw,40460,,134.08761381875996,92.47597608447296,-29.751183054691225
D005_Pnative.anchor_512.raw,40475,,133.83969162794742,110.24920079575352,-30.00711708184648
D005_Pnative.anchor_512.raw,40521,,133.95245517980652,108.43219870852056,-31.132981462662748
D005_Pnative.anchor_512.raw,40671,,133.820466709225,98.12046035061633,-30.035546944412673
D005_Pnative.anchor_512.raw,40840,,134.11216320999637,96.20741092549346,-31.455325641497353
D005_Pnative.anchor_512.raw,41204,,134.11528492341506,107.6612488963954,-30.734019218440295
D005_Pnative.anchor_512.raw,41308,,134.1988089755149,104.35929926457419,-31.342921000340876
D005_Pnative.anchor_512.raw,41325,,133.9118493052615,93.37197237074881,-32.235508749109776
D005_Pnative.anchor_512.raw,41349,,133.9490349201,105.35903344451509,-30.106394944923778
D005_Pnative.anchor_512.raw,41488,,133.94604634665575,96.75595572507565,-29.943878858056003
D005_Pnative.anchor_512.raw,41563,,133.8405343324829,98.23135840128737,-31.853075235022523
D005_Pnative.anchor_512.raw,42208,,133.82996662709735,97.94129979099745,-30.185057717358635
D005_Pnative.anchor_512.raw,42296,,134.00586269744954,102.67934282949845,-30.863638573534015
D005_Pnative.anchor_512.raw,42517,,134.03351672293783,93.18168397791987,-32.233313992235814
D005_Pnative.anchor_512.raw,43525,,133.94564179293295,92.77868207609879,-32.03878216083834
D005_Pnative.anchor_512.raw,43630,,133.95160983536965,108.15087661307496,-32.788403759893946
D005_Pnative.anchor_512.raw,43990,,133.75442659071257,90.25232038783793,-32.390060779141436
D005_Pnative.anchor_512.raw,44150,,134.07035960262414,98.6370137816651,-29.640936460202155
D005_Pnative.anchor_512.raw,44185,,133.84293056802952,98.32328723848103,-29.843551440366248
D005_Pnative.anchor_512.raw,44189,,133.86579771042517,110.39388366535553,-29.947178477628427
D005_Pnative.anchor_512.raw,44278,,134.12671866295312,95.15862602329864,-29.59777462999243
D005_Pnative.anchor_512.raw,44443,,134.24443394779792,92.36637675292846,-29.563490909546875
D005_Pnative.anchor_512.raw,44493,,133.8283422131941,103.93422428061157,-30.779307192670924
D005_Pnative.anchor_512.raw,45071,,134.2004712783454,101.90111931835702,-31.518913207115073
D005_Pnative.anchor_512.raw,45249,,134.2111827771397,109.73076335558602,-32.26499645521849
D005_Pnative.anchor_512.raw,45288,,134.0512794594906,103.96297058928648,-31.092402200878176
D005_Pnative.anchor_512.raw,45383,,133.88691701497513,101.11854113596907,-29.935992639361253
D005_Pnative.anchor_512.raw,45428,,133.7537899713392,95.67380008462973,-31.59879491143255
D005_Pnative.anchor_512.raw,45527,,133.92794493569926,100.25286101977355,-29.521488637978074
D005_Pnative.anchor_512.raw,45713,,134.0790406519619,105.53908490594706,-30.102504192670168
D005_Pnative.anchor_512.raw,45953,,134.00716187898567,95.66405882575664,-31.738860985070335
D005_Pnative.anchor_512.raw,45976,,134.13401797475282,92.38096552848229,-31.897885363187545
D005_Pnative.anchor_512.raw,46106,,133.79480289482677,110.84066784016682,-29.934140836303474
D005_Pnative.anchor_512.raw,46393,,134.2285529424226,100.22783229537117,-29.733371554936028
D005_Pnative.anchor_512.raw,46779,,133.89743919372197,109.3746875359823,-32.64302205673592
D005_Pnative.anchor_512.raw,47055,,133.94348077839442,100.44072086108302,-31.097231463853316
D005_Pnative.anchor_512.raw,47135,,134.144175074632,93.82999940215463,-30.39742387298353
D005_Pnative.anchor_512.raw,47382,,134.13799646407458,111.15162846844692,-29.62371460266026
D005_Pnative.anchor_512.raw,47444,,133.78364433200505,99.27421026951748,-31.241104561951097
D005_Pnative.anchor_512.raw,48077,,133.99026187040562,110.05303930719737,-30.052297101902347
D005_Pnative.anchor_512.raw,48161,,134.0870286385441,108.08118907071967,-29.51362715959024
D005_Pnative.anchor_512.raw,48323,,133.83722363322545,98.59062614654484,-31.7474021897258
D005_Pnative.anchor_512.raw,48420,,134.17625939999763,93.68519786726017,-32.289061640560234
D005_Pnative.anchor_512.raw,48639,,134.23661818770668,105.49677443733472,-30.088039771838353
D005_Pnative.anchor_512.raw,48846,,133.97734075568468,111.21624976921325,-29.647716135546556
D005_Pnative.anchor_512.raw,48920,,133.8518305652519,90.04754973124776,-32.4164710314267
D005_Pnative.anchor_512.raw,49032,,134.19548213438722,92.93881019622707,-31.831967072577136
D005_Pnative.anchor_512.raw,49245,,134.0322270139301,99.7321082641545,-30.850313290541695
D005_Pnative.anchor_512.raw,49276,,134.2308369120506,110.19544933170383,-32.33400965288118
D005_Pnative.anchor_512.raw,49706,,133.91923571182883,103.06847838427369,-30.344411134850123
D005_Pnative.anchor_512.raw,49833,,134.22938449127622,104.30845409665113,-29.685951584741176
D005_Pnative.anchor_512.raw,50125,,133.97274687092457,105.61643378576605,-31.66555222976885
D005_Pnative.anchor_512.raw,50132,,134.05915991677423,95.66780360885268,-29.43511546126924
D005_Pnative.anchor_512.raw,50153,,134.0496999341985,103.72421792807789,-30.416935910223863
D005_Pnative.anchor_512.raw,50187,,133.8010483679613,108.07043961876641,-31.074905449885264
D005_Pnative.anchor_512.raw,50408,,133.86711435506083,100.30429723368887,-29.53012158991387
D005_Pnative.anchor_512.raw,50492,,133.8869488383242,105.74188991025187,-31.601369816278552
D005_Pnative.anchor_512.raw,50794,,133.89714059094953,110.08951029904084,-32.46405597703805
D005_Pnative.anchor_512.raw,50926,,133.78201609113358,101.13545605001839,-29.947481027649545
D005_Pnative.anchor_512.raw,50998,,133.92798279971527,90.70578955112487,-32.30257085065673
D005_Pnative.anchor_512.raw,51039,,133.87926338900846,104.39168130526764,-29.708600868817182
D005_Pnative.anchor_512.raw,51610,,134.02945822384757,101.20193204006345,-30.02375885247826
D005_Pnative.anchor_512.raw,51669,,134.04525708187091,100.53528509374704,-31.18343778103031
D005_Pnative.anchor_512.raw,51820,,133.80455109418853,97.90220537575061,-31.884560023954194
D005_Pnative.anchor_512.raw,52167,,134.11334831550602,94.93480643969554,-32.06106973891586
D005_Pnative.anchor_512.raw,52447,,133.96278895156763,108.37361015869854,-32.90535828257842
D005_Pnative.anchor_512.raw,52492,,133.77804706285713,97.28666274634742,-31.639933023169846
D005_Pnative.anchor_512.raw,52748,,133.796003980491,95.4702570179842,-31.728033965978604
D005_Pnative.anchor_512.raw,53296,,134.13924999125982,105.18334725907808,-31.705681974041244
D005_Pnative.anchor_512.raw,53497,,133.9137635301142,110.51851235570237,-29.47287911896098
D005_Pnative.anchor_512.raw,53785,,134.21794274340428,95.32458939999054,-31.813734293326412
D005_Pnative.anchor_512.raw,53918,,134.0208731809109,98.48623676322897,-30.588251031273632
D005_Pnative.anchor_512.raw,54319,,134.1517884064984,110.52464404996448,-29.56907264814695
D005_Pnative.anchor_512.raw,54565,,133.97710034941903,105.7275757292596,-31.655465986993164
D005_Pnative.anchor_512.raw,54781,,133.8515762193711,92.60078403660451,-29.79340676015162
D005_Pnative.anchor_512.raw,55048,,134.12915414189246,102.6916430543204,-30.870731665686044
D005_Pnative.anchor_512.raw,55119,,133.86908013138907,96.18877269815106,-29.395562755863644
D005_Pnative.anchor_512.raw,55320,,134.13353958095593,109.47476239675032,-32.63971423412784
D005_Pnative.anchor_512.raw,55477,,133.97353015300956,109.06421170325785,-32.31014361329148
D005_Pnative.anchor_512.raw,55558,,134.05610648427674,110.56896738768879,-30.136594969317024
D005_Pnative.anchor_512.raw,55622,,133.98779668730685,104.72973680667027,-31.334829756992324
D005_Pnative.anchor_512.raw,55638,,133.9846793602212,93.07020806945062,-30.88069582977295
D005_Pnative.anchor_512.raw,55668,,133.87100818430525,95.24216368916474,-29.590189507861176
D005_Pnative.anchor_512.raw,55703,,134.0256681536376,96.85799105612108,-30.197180521054335
D005_Pnative.anchor_512.raw,55872,,133.89809196178206,93.40062152870395,-32.23614554571759
D005_Pnative.anchor_512.raw,56115,,133.9573268496687,109.96669675049381,-30.00657062903505
D005_Pnative.anchor_512.raw,56276,,133.95305012657496,110.09104636282007,-32.44988081747607
D005_Pnative.anchor_512.raw,56484,,134.1610015462753,98.15362633213445,-31.909312383013287
D005_Pnative.anchor_512.raw,56720,,133.9378571293541,91.14598337445265,-32.22708843163562
D005_Pnative.anchor_512.raw,56728,,134.0201318258537,90.83850868864445,-29.675103763042355
D005_Pnative.anchor_512.raw,56899,,133.86234872446482,104.88286898063217,-31.37766585973297
D005_Pnative.anchor_512.raw,56954,,134.1495271656822,94.90099529542987,-32.07712915566614
D005_Pnative.anchor_512.raw,57027,,134.00494844858724,94.89120293576887,-32.085688475531576
D005_Pnative.anchor_512.raw,57045,,133.89756314317998,90.66091587179059,-29.767438557538348
D005_Pnative.anchor_512.raw,57083,,134.14026366749698,100.35445444942148,-29.884234045469476
D005_Pnative.anchor_512.raw,57111,,134.04774874720655,101.80775308921744,-30.156136612572013
D005_Pnative.anchor_512.raw,57504,,134.03539068959566,106.90643191950664,-30.109538649411892
D005_Pnative.anchor_512.raw,57579,,133.79382905474333,105.84422930261849,-30.10952245907577
D005_Pnative.anchor_512.raw,57602,,133.7710300842385,110.77838319963355,-29.963017241944495
D005_Pnative.anchor_512.raw,57665,,134.01878217684526,108.62253049058836,-30.23647445918639
D005_Pnative.anchor_512.raw,57765,,133.99897582809558,106.99315269251936,-29.482028574582742
D005_Pnative.anchor_512.raw,57784,,133.79178083320383,98.25883502953634,-31.84894288291275
D005_Pnative.anchor_512.raw,57936,,134.20745042895652,95.79459521004227,-29.4121534653889
D005_Pnative.anchor_512.raw,57986,,134.08733189138633,101.82690951739086,-31.48783738991716
D005_Pnative.anchor_512.raw,58241,,133.79200067538153,107.57887714507481,-29.449476923054725
D005_Pnative.anchor_512.raw,58709,,134.14159571999375,98.79040134393165,-31.67033905861339
D005_Pnative.anchor_512.raw,58759,,133.94232736404322,104.87425051599246,-32.99878586396569
D005_Pnative.anchor_512.raw,59623,,133.84544670552796,100.05056384634011,-30.78034931097064
D005_Pnative.anchor_512.raw,59687,,133.9508335089625,102.89233461784164,-30.567556185350263
D005_Pnative.anchor_512.raw,59705,,133.82988849208496,93.2099852384782,-32.19841733303184
D005_Pnative.anchor_512.raw,59989,,134.176752807911,107.52622711317811,-30.42258470444156
D005_Pnative.anchor_512.raw,60067,,134.18268777994638,93.44635541052617,-32.29029896932688
D005_Pnative.anchor_512.raw,60093,,133.8981499831526,104.47020810907514,-29.75149350495341
D005_Pnative.anchor_512.raw,60186,,134.00067565444334,92.37842621856518,-31.925226338956286
D005_Pnative.anchor_512.raw,60564,,133.94070207253995,100.62271068912487,-32.84394458151709
D005_Pnative.anchor_512.raw,61012,,134.19299439422437,107.63397267034006,-30.686064606415595
D005_Pnative.anchor_512.raw,61121,,133.95796253089873,107.71349408649301,-30.61012168351972
D005_Pnative.anchor_512.raw,61348,,134.07420315135312,100.84403447110677,-30.08533059953279
D005_Pnative.anchor_512.raw,61459,,134.18191834143954,100.119616221379,-29.49551804896396
D005_Pnative.anchor_512.raw,61518,,134.12356912080153,106.47296898872969,-30.162313628954955
D005_Pnative.anchor_512.raw,61772,,133.98949061806485,98.38822028904747,-30.46850038128396
D005_Pnative.anchor_512.raw,62060,,134.23787978038024,96.60051494670262,-30.003677929740626
D005_Pnative.anchor_512.raw,62070,,134.1904784696337,101.288886345788,-31.860323898602616
D005_Pnative.anchor_512.raw,62316,,133.8379903768737,95.17057527223751,-29.634531720534053
D005_Pnative.anchor_512.raw,62332,,133.77815407384244,92.84893465256793,-30.514563266916145
D005_Pnative.anchor_512.raw,62493,,134.04145109402958,93.40236125528452,-30.71348753330534
D005_Pnative.anchor_512.raw,62570,,133.93970023905513,102.60807873615701,-29.75958389775811
D005_Pnative.anchor_512.raw,62642,,134.01945604126794,96.45830502473724,-31.390865846435304
D005_Pnative.anchor_512.raw,62818,,133.9776941615392,96.96979137120061,-30.33156154364531
D005_Pnative.anchor_512.raw,63384,,134.19623688759407,90.78356103346422,-32.29691343727525
D005_Pnative.anchor_512.raw,63560,,134.089123822913,91.42516441871116,-32.073989004321035
D005_Pnative.anchor_512.raw,63784,,134.1383584856419,103.10540510133163,-30.292635194478176
D005_Pnative.anchor_512.raw,63930,,133.88872889313197,90.36777861625094,-32.35331229550502
D005_Pnative.anchor_512.raw,64398,,133.86221598293034,104.5926672490098,-29.776109664470223
D005_Pnative.anchor_512.raw,64436,,133.88724227511918,93.99719624889914,-30.318201758345538
D005_Pnative.anchor_512.raw,64465,,133.84318809798287,99.05106393493244,-29.478343417680822
D005_Pnative.anchor_512.raw,64899,,133.93799574948423,92.84595511267196,-31.928872446079087
D005_Pnative.anchor_512.raw,64942,,134.15243952760437,96.71398396278659,-30.095694204282175
D005_Pnative.anchor_512.raw,65068,,133.93937467579923,99.945642323576,-30.802043315470122
D005_Pnative.anchor_512.raw,65613,,133.79242744702916,107.30958760525414,-30.15510255619393
D005_Pnative.anchor_512.raw,65873,,134.1013484538999,103.62002539878281,-30.374190236669868
D005_Pnative.anchor_512.raw,66137,,134.07367916608365,109.16317840241942,-32.321355194819475
D005_Pnative.anchor_512.raw,66522,,134.20125094951936,106.02365751357615,-31.549925976363845
D005_Pnative.anchor_512.raw,66717,,134.18826900023595,101.45645040086619,-31.7910520757286
D005_Pnative.anchor_512.raw,66944,,134.18849943835784,94.1722419785262,-32.21772863737589
D005_Pnative.anchor_512.raw,67926,,134.043621799437,93.87928590446623,-32.23522622125354
D005_Pnative.anchor_512.raw,68071,,134.11137871832184,110.02102878876337,-29.91588144338436
D005_Pnative.anchor_512.raw,68141,,133.89945108629783,90.09933133641945,-30.293503748827142
D005_Pnative.anchor_512.raw,68150,,133.84865773191848,103.3592737305592,-30.267100526619217
D005_Pnative.anchor_512.raw,68223,,134.0877130671959,100.27938581196898,-29.63361257630367
D005_Pnative.anchor_512.raw,68261,,133.8253708609928,103.01103550377884,-30.35159716996292
D005_Pnative.anchor_512.raw,68420,,133.9752326885789,92.83484010333467,-32.06685525974201
D005_Pnative.anchor_512.raw,68505,,134.17885885571005,102.98295599442096,-30.491761724556568
D005_Pnative.anchor_512.raw,68585,,133.88443753935803,93.90206300469137,-30.40512693934745
D005_Pnative.anchor_512.raw,68694,,134.1854942082697,93.14852429313808,-30.90309017378435
D005_Pnative.anchor_512.raw,68868,,134.00345201857124,91.04403830675405,-29.565190034966086
D005_Pnative.anchor_512.raw,68871,,133.89478745585387,94.07170885623853,-30.249142788724775
D005_Pnative.anchor_512.raw,69191,,133.92823609236007,99.795403271568,-32.87137657100064
D005_Pnative.anchor_512.raw,69364,,133.7644146278887,111.09472207592859,-29.52831751768231
D005_Pnative.anchor_512.raw,69610,,133.89198401569436,102.81463050214,-29.64193811137256
D005_Pnative.anchor_512.raw,69620,,134.11065829839836,108.79545041866056,-30.67945298631312
D005_Pnative.anchor_512.raw,69893,,133.99462035378863,106.42363915660292,-30.58227369652319
D005_Pnative.anchor_512.raw,69922,,133.85955072917426,95.05242889992498,-29.68982541691695
D005_Pnative.anchor_512.raw,70026,,134.08641692999126,94.06925315769445,-30.198226670113392
D005_Pnative.anchor_512.raw,70137,,134.09144556516424,96.42970422030669,-31.44011535745745
D005_Pnative.anchor_512.raw,70471,,133.8837252287737,92.97643316563564,-30.72006449449028
D005_Pnative.anchor_512.raw,70501,,133.81194478439102,100.13517846162102,-32.89771845122518
D005_Pnative.anchor_512.raw,70647,,133.8855437431223,102.9296611291645,-30.482595811286238
D005_Pnative.anchor_512.raw,70882,,133.9811677410648,96.54876128091689,-31.362447910270816
D005_Pnative.anchor_512.raw,71073,,134.07085867059294,109.0903804383263,-32.72158426718936
D005_Pnative.anchor_512.raw,71645,,133.80715826757597,92.62316849601763,-29.92008842652764
D005_Pnative.anchor_512.raw,71703,,133.7726282419357,90.58271093209333,-29.820066915142533
D005_Pnative.anchor_512.raw,71740,,134.09659965544262,95.82817601280632,-29.416384632835758
D005_Pnative.anchor_512.raw,71867,,134.11944891665595,94.76256285253737,-32.16165174409609
D005_Pnative.anchor_512.raw,72012,,134.1731131517199,101.80212761776077,-31.533700417408156
D005_Pnative.anchor_512.raw,72245,,134.10078074250896,94.85215882383979,-29.741160342148305
D005_Pnative.anchor_512.raw,72766,,134.1495744279097,109.7751208355089,-32.6475658648926
D005_Pnative.anchor_512.raw,73030,,133.93941244919415,93.72709494463336,-30.54839045812276
D005_Pnative.anchor_512.raw,73076,,133.80701722241378,97.30969650982749,-30.48739291547963
D005_Pnative.anchor_512.raw,73131,,133.88028693598076,104.08360106000994,-29.623688983016635
D005_Pnative.anchor_512.raw,73249,,133.9219186404316,98.74095985151585,-31.675574791320724
D005_Pnative.anchor_512.raw,73326,,133.86145396807512,101.37247366006049,-31.545530985654686
D005_Pnative.anchor_512.raw,73575,,133.95032767974547,104.44281631475641,-31.300764687776073
D005_Pnative.anchor_512.raw,74487,,134.12181498769905,101.38753755113203,-30.180644810051046
D005_Pnative.anchor_512.raw,74669,,133.99950820159737,110.22470128205399,-32.551928219537764
D005_Pnative.anchor_512.raw,74756,,133.83326568367204,96.57885998449228,-29.60850813547496
D005_Pnative.anchor_512.raw,74970,,133.85835710687607,98.95106839187234,-29.499951996782304
D005_Pnative.anchor_512.raw,75421,,133.76476581739934,100.86354929700201,-31.488626001856684
D005_Pnative.anchor_512.raw,75456,,133.99971027010378,94.90754105116426,-32.07379863697692
D005_Pnative.anchor_512.raw,75625,,134.14392751629293,99.98828718034673,-30.801293138174437
D005_Pnative.anchor_512.raw,75708,,133.9938472806091,95.37346254576406,-29.503694971706203
D005_Pnative.anchor_512.raw,76093,,134.09139945566483,105.9596782007185,-30.044473730736403
D005_Pnative.anchor_512.raw,76143,,134.09837756754257,102.80542059834906,-30.71230406185674
D005_Pnative.anchor_512.raw,76493,,134.23286005590782,96.41698025030144,-29.738202764084136
D005_Pnative.anchor_512.raw,76650,,133.99107951028816,92.99572035117855,-32.15458299088233
D005_Pnative.anchor_512.raw,76697,,134.0496086981332,90.5186260911538,-32.31113901813346
D005_Pnative.anchor_512.raw,76899,,134.06908522877936,106.97809781517921,-29.488633809277253
D005_Pnative.anchor_512.raw,77120,,133.99765388241082,98.99588775566801,-29.471060815737697
D005_Pnative.anchor_512.raw,77655,,134.23886768484886,97.77562730322681,-30.126762686903994
D005_Pnative.anchor_512.raw,77735,,134.15411226257504,100.97014478881201,-30.098101451850212
D005_Pnative.anchor_512.raw,77810,,133.76299541690136,98.02798919971107,-31.88539124755785
D005_Pnative.anchor_512.raw,77961,,133.7739268757162,106.3559945885108,-30.07982291739535
D005_Pnative.anchor_512.raw,78007,,133.91405111201033,98.25010988079097,-30.40121726476285
D005_Pnative.anchor_512.raw,78600,,133.87554018755776,91.55813116921632,-29.423237285810735
D005_Pnative.anchor_512.raw,78737,,133.94675474271014,95.0633206797581,-31.877070303200153
D005_Pnative.anchor_512.raw,78746,,133.78552618920145,99.96199407450013,-32.92440417703203
D005_Pnative.anchor_512.raw,79605,,133.86324431605806,96.88506942128674,-31.404582692834303
D005_Pnative.anchor_512.raw,79635,,134.12961924069904,101.13216680550113,-31.837908951036503
D005_Pnative.anchor_512.raw,79647,,134.0650886121985,97.08861255989183,-30.568996875083943
D005_Pnative.anchor_512.raw,79722,,134.10975501688716,100.64894078225709,-32.92871453420451
D005_Pnative.anchor_512.raw,80334,,134.0547331069087,106.26838977212269,-31.021995339639258
D005_Pnative.anchor_512.raw,80876,,134.13322834295985,98.44189427158672,-31.797218070425576
D005_Pnative.anchor_512.raw,81112,,134.0189488361997,102.91302095715228,-30.55526304163954
D005_Pnative.anchor_512.raw,81294,,134.22680000324658,109.23715764467816,-32.80709375722822
D005_Pnative.anchor_512.raw,81318,,134.0278410335839,106.22100432217832,-31.094737416298617
D005_Pnative.anchor_512.raw,81336,,133.7714420191504,97.67588737463674,-30.391895125103666
D005_Pnative.anchor_512.raw,81669,,134.12342560585384,108.80610276876234,-32.36573868597932
D005_Pnative.anchor_512.raw,81710,,134.05223022514582,100.84326253294067,-30.07077333846167
D005_Pnative.anchor_512.raw,82322,,134.19644156821465,100.58511717654848,-31.23246502625585
D005_Pnative.anchor_512.raw,82371,,133.81963545292132,90.11778526864856,-32.40783149923483
D005_Pnative.anchor_512.raw,82435,,134.13895817181506,92.11558249857411,-31.92571891551401
D005_Pnative.anchor_512.raw,82568,,134.05297914722868,98.93706561282681,-30.523844975767265
D005_Pnative.anchor_512.raw,83867,,134.12376650461505,90.96354138681701,-29.59254375962726
D005_Pnative.anchor_512.raw,84101,,133.9297454905791,104.47434014720622,-29.77353471098281
D005_Pnative.anchor_512.raw,84311,,134.09743332584696,108.206237684855,-29.56953546006671
D005_Pnative.anchor_512.raw,84483,,134.07879242767464,93.04914686835257,-31.409510753131187
D005_Pnative.anchor_512.raw,85155,,133.92846470567193,102.61838637436945,-29.7576715753935
D005_Pnative.anchor_512.raw,85189,,134.12268560072022,109.72242448366067,-32.64605003682672
D005_Pnative.anchor_512.raw,85586,,134.1435281592322,108.32449238107425,-32.45316536158966
D005_Pnative.anchor_512.raw,86127,,133.75922742419334,107.15861909061508,-29.9427077186172
D005_Pnative.anchor_512.raw,86230,,134.2244426721102,94.66632231880996,-29.813264310726876
D005_Pnative.anchor_512.raw,86499,,134.05961995720452,109.95040660133627,-32.627323189178554
D005_Pnative.anchor_512.raw,86527,,134.11525148691325,92.69974103215688,-30.484340890613687
D005_Pnative.anchor_512.raw,86761,,134.1489252316524,91.93259666176274,-31.93534905110711
D005_Pnative.anchor_512.raw,86881,,134.0058936929387,92.1748037137695,-31.930190171794976
D005_Pnative.anchor_512.raw,87089,,134.2469160588742,104.10701141091816,-31.25925987033394
D005_Pnative.anchor_512.raw,87279,,134.05245194679372,102.44179249392792,-31.167432026837567
D005_Pnative.anchor_512.raw,87355,,134.24792006727202,101.04526411666143,-31.7735342490305
D005_Pnative.anchor_512.raw,87613,,133.93533954267434,92.58217628584875,-29.99497933395117
D005_Pnative.anchor_512.raw,88361,,134.04668934190772,96.42843815009465,-29.589630012077485
D005_Pnative.anchor_512.raw,88385,,133.96920850975388,107.29882150725744,-29.440228323364863
D005_Pnative.anchor_512.raw,88562,,133.83785702219984,92.60806194357039,-29.82319527273936
D005_Pnative.anchor_512.raw,88697,,134.01258819798176,100.2334755137022,-29.537104873258908
D005_Pnative.anchor_512.raw,88909,,133.94113733218197,92.81739960382745,-32.060776315206645
D005_Pnative.anchor_512.raw,88914,,133.82547052558328,108.3219591794808,-32.37919155921191
D005_Pnative.anchor_512.raw,88916,,134.1738971931573,93.95586244166972,-32.24461880635908
D005_Pnative.anchor_512.raw,89563,,134.08372552884168,110.40836884894672,-29.71137199629129
D005_Pnative.anchor_512.raw,89618,,134.0924421238107,95.66867412225504,-31.742301637788476
D005_Pnative.anchor_512.raw,89887,,134.10650431169705,93.01590124343913,-31.67379849020799
D005_Pnative.anchor_512.raw,90094,,134.0447270383931,107.81006647273904,-31.013110352372443
D005_Pnative.anchor_512.raw,90267,,134.21799815810937,92.91696733587747,-31.875918148966413
D005_Pnative.anchor_512.raw,90458,,134.13471960222356,104.8285937843296,-31.444467540363355
D005_Pnative.anchor_512.raw,91154,,134.06538351227493,98.93503419794082,-29.484903683789774
D005_Pnative.anchor_512.raw,91596,,134.07321642933024,108.91150642904338,-32.311021209591246
D005_Pnative.anchor_512.raw,91722,,133.8044414009269,99.77534126535645,-32.9444195428532
D005_Pnative.anchor_512.raw,91948,,134.04507406747342,100.5206252380587,-31.168915223181653
D005_Pnative.anchor_512.raw,92099,,133.8897488342201,109.120123592649,-32.315588743652796
D005_Pnative.anchor_512.raw,92118,,133.98886683469766,104.53621491452607,-31.303999668325357
D005_Pnative.anchor_512.raw,92130,,133.94909095831972,108.63533336412452,-30.965436806642685
D005_Pnative.anchor_512.raw,92198,,133.8302908711551,111.04711757869404,-29.724043059016616
D005_Pnative.anchor_512.raw,92239,,134.08130629512945,109.09050207412805,-32.72822362069721
D005_Pnative.anchor_512.raw,92577,,133.92883854579347,94.29820299088055,-30.07324361083642
D005_Pnative.anchor_512.raw,92808,,133.7839898844172,96.52545009850023,-29.518037908285457
D005_Pnative.anchor_512.raw,92945,,134.11803436785954,90.1011997597383,-32.37910380393758
D005_Pnative.anchor_512.raw,93946,,134.17091880471403,110.039050492403,-32.63507411462393
D005_Pnative.anchor_512.raw,94011,,134.18407817832684,100.17480936863902,-32.966400538210735
D005_Pnative.anchor_512.raw,94243,,134.18762987971544,105.43748360113331,-31.73485527824027
D005_Pnative.anchor_512.raw,94663,,134.003857320727,97.01449276139381,-31.512670914106042
D005_Pnative.anchor_512.raw,94718,,134.037878692177,110.20353942808975,-30.09347803842454
D005_Pnative.anchor_512.raw,94855,,134.1592131413993,105.13398417406442,-30.076718596073476
D005_Pnative.anchor_512.raw,94959,,134.23005520069017,99.76631750148897,-30.853439246378777
D005_Pnative.anchor_512.raw,95016,,133.9053322882466,106.8417063786972,-29.872855429319245
D005_Pnative.anchor_512.raw,95166,,133.92544281582985,94.85513993544292,-29.76227924292217
D005_Pnative.anchor_512.raw,95281,,134.02637667005087,98.55041580470096,-30.34785755610399
D005_Pnative.anchor_512.raw,95485,,133.78389931628,102.81160733361081,-30.560099170149986
D005_Pnative.anchor_512.raw,95632,,133.98663309161756,94.25430182278396,-32.225878299777186
D005_Pnative.anchor_512.raw,95726,,133.8285932076004,99.55551005289209,-30.92041389621822
D005_Pnative.anchor_512.raw,95749,,133.8521443844474,102.77344249112932,-29.66567860441702
D005_Pnative.anchor_512.raw,95874,,134.19043177945025,109.55146482497436,-32.64113328288247
D005_Pnative.anchor_512.raw,95946,,134.0253340354888,98.69122030573759,-30.632475480308003
D005_Pnative.anchor_512.raw,96199,,134.06108122022775,93.03561658115915,-31.626079227009456
D005_Pnative.anchor_512.raw,96289,,133.8026089102624,98.95160272487601,-31.57233759813252
D005_Pnative.anchor_512.raw,96625,,134.02670692198404,101.17454777867289,-30.009207152990953
D005_Pnative.anchor_512.raw,96657,,133.9471298778436,92.7422604011701,-30.391738886277917
D005_Pnative.anchor_512.raw,97297,,133.76484239410357,96.18855968184718,-29.398390656621828
D005_Pnative.anchor_512.raw,97584,,134.08140542330725,110.77098575590253,-30.15697106067811
D005_Pnative.anchor_512.raw,98125,,133.98424944073903,104.24157689774918,-29.6910802069912
D005_Pnative.anchor_512.raw,98598,,134.11546720122948,108.2469411287483,-31.262382241039575
D005_Pnative.anchor_512.raw,98866,,133.80279268090783,105.13410264760677,-31.500179927262778
D005_Pnative.anchor_512.raw,99624,,133.91104083091287,103.13779309876134,-30.25877643643646
D005_Pnative.anchor_512.raw,99789,,133.87541361012762,102.25108531151494,-29.959383937190395
D005_Pnative.anchor_512.raw,100220,,134.11444691133823,101.83065523313365,-30.144419031286542
D005_Pnative.anchor_512.raw,100556,,133.82910627331282,94.95337976781727,-31.99749543588875
D005_Pnative.anchor_512.raw,100755,,134.2237719982657,107.55527823207075,-29.42204276362711
D005_Pnative.anchor_512.raw,100810,,134.04489152731247,91.51455117764819,-32.01410544171818
D005_Pnative.anchor_512.raw,100930,,134.08316999489736,106.79469647937282,-29.907990451201147
D005_Pnative.anchor_512.raw,101390,,133.80113872173268,98.75455550322333,-29.63144655212805
D005_Pnative.anchor_512.raw,101391,,134.17197425348553,93.85285419782683,-32.26132450299373
D005_Pnative.anchor_512.raw,101526,,134.04338238639403,110.11039798415946,-32.40298481756763
D005_Pnative.anchor_512.raw,101743,,134.05173869497065,100.87214418610911,-30.061064521944974
D005_Pnative.anchor_512.raw,101800,,134.14201887303463,99.93706925659214,-32.96976407112067
D005_Pnative.anchor_512.raw,101816,,134.12201685982586,97.38604137917851,-31.873005583148018
D005_Pnative.anchor_512.raw,101953,,133.91051225749803,98.52467470968061,-29.70709003179926
D005_Pnative.anchor_512.raw,102412,,134.21619844751658,108.18243768002816,-32.5295894384942
D005_Pnative.anchor_512.raw,102666,,133.78094851168638,102.54229298480884,-31.009107635079815
D005_Pnative.anchor_512.raw,102726,,134.21274363589183,102.29172613187507,-31.35559891998834
D005_Pnative.anchor_512.raw,102987,,134.04474792478456,103.7663158600518,-29.663637853911013
D005_Pnative.anchor_512.raw,103457,,134.15944382194832,106.68610534514929,-29.877563373640196
D005_Pnative.anchor_512.raw,103802,,134.15025255854295,106.03083515452289,-31.44172399400297
D005_Pnative.anchor_512.raw,103823,,133.95441914029587,98.06364976252583,-31.88459237856602
D005_Pnative.anchor_512.raw,104184,,134.22421816862564,92.86981470111617,-31.73243538217852
D005_Pnative.anchor_512.raw,104243,,134.02044691339145,91.44205348168958,-32.06256497217898
D005_Pnative.anchor_512.raw,104622,,134.03790773513396,109.9532356323376,-32.307348706553164
D005_Pnative.anchor_512.raw,104684,,133.9018777550436,94.6495950273124,-32.28468002339844
D005_Pnative.anchor_512.raw,105041,,134.02174455306752,101.47457183787319,-30.174604616471363
D005_Pnative.anchor_512.raw,105053,,134.19857844592173,96.64638484358686,-30.033321515809263
D005_Pnative.anchor_512.raw,105293,,134.05537332662206,91.25868195498347,-32.165324498228
D005_Pnative.anchor_512.raw,105444,,134.22595707851173,95.0391875624073,-32.00185522969376
D005_Pnative.anchor_512.raw,105452,,134.24118493156234,107.61514872653991,-30.804340054311925
D005_Pnative.anchor_512.raw,105570,,133.78778620562525,106.99966337998673,-29.887172040220907
D005_Pnative.anchor_512.raw,105716,,134.1004699579767,103.2550233020957,-30.282361298556125
D005_Pnative.anchor_512.raw,105817,,133.97147591271025,109.3484392215667,-32.63799349008168
D005_Pnative.anchor_512.raw,105897,,133.85588330758722,100.62444962104979,-29.95047586817302
D005_Pnative.anchor_512.raw,105992,,133.76017443232115,100.02391201021014,-30.77502899102624
D005_Pnative.anchor_512.raw,106000,,133.95470556893133,102.27562121313755,-31.256377460448686
D005_Pnative.anchor_512.raw,106265,,133.80920709064094,90.66362864782735,-32.31320286558269
D005_Pnative.anchor_512.raw,106313,,134.2288433465701,102.37924660408402,-31.32551294326364
D005_Pnative.anchor_512.raw,107321,,133.77612516412938,98.21477271082242,-30.01964100987658
D005_Pnative.anchor_512.raw,107358,,133.84028434930534,91.23424262771405,-29.50109891759209
D005_Pnative.anchor_512.raw,107401,,134.09788535783116,99.92729930349063,-30.812188215749085
D005_Pnative.anchor_512.raw,107622,,133.88386792708948,98.32210553144117,-30.095310802218965
D005_Pnative.anchor_512.raw,107647,,133.76918999166483,95.05880762809,-29.703639353708823
D005_Pnative.anchor_512.raw,107724,,133.78180818676677,100.73232825645356,-29.87083760400305
D005_Pnative.anchor_512.raw,107977,,133.98319011401662,105.64985564925716,-31.673285016824515
D005_Pnative.anchor_512.raw,108486,,134.06020384299188,101.85554127897058,-30.133702887130354
D005_Pnative.anchor_512.raw,109038,,134.10588950015006,100.6370652271015,-31.292301081990985
D005_Pnative.anchor_512.raw,109100,,133.8268561485349,99.09527384135215,-29.47078584434056
D005_Pnative.anchor_512.raw,109227,,134.1121086967687,107.03104722588762,-29.480283426234017
D005_Pnative.anchor_512.raw,109317,,133.93641466032113,100.43181890401311,-29.782164905530255
D005_Pnative.anchor_512.raw,109390,,133.79045450886457,106.28371391018521,-30.997113033491438
D005_Pnative.anchor_512.raw,109414,,133.97555327210287,93.0719062108665,-31.533170523076958
D005_Pnative.anchor_512.raw,109707,,134.15504073721638,91.07942046907817,-29.50952848091651
D005_Pnative.anchor_512.raw,109892,,133.9271367887658,99.79495917132941,-32.8719278685378
D005_Pnative.anchor_512.raw,110131,,134.2322087486037,95.40722615306446,-29.471558121651768
D005_Pnative.anchor_512.raw,110604,,134.10973951437833,103.66163996094411,-29.57778707424894
D005_Pnative.anchor_512.raw,110837,,134.16255901677386,95.8550322985651,-29.411634948527997
D005_Pnative.anchor_512.raw,111082,,134.1859508307895,96.64948473506468,-31.51237092632781
D005_Pnative.anchor_512.raw,111296,,133.9283141203075,93.34639795705753,-32.23581746122806
D005_Pnative.anchor_512.raw,111348,,133.91039794189,98.30655516418933,-30.530131069201147
D005_Pnative.anchor_512.raw,111496,,133.82921863887404,104.86694971895031,-29.860969156272592
D005_Pnative.anchor_512.raw,111818,,133.9619579464244,90.06411412738709,-32.40233112104746
D005_Pnative.anchor_512.raw,112083,,133.98714451146918,104.17127932675835,-31.310076479448405
D005_Pnative.anchor_512.raw,112317,,134.08791566229667,109.90069885936609,-30.047164149760146
D005_Pnative.anchor_512.raw,112338,,133.85951855858968,107.98559798460118,-31.05385021571888
D005_Pnative.anchor_512.raw,112604,,134.00313699903188,111.04883864457898,-29.46292635814473
D005_Pnative.anchor_512.raw,112679,,134.23416655142373,101.55132164035416,-30.22562367168056
D005_Pnative.anchor_512.raw,112722,,134.13877567873567,96.46072666411237,-29.74064742460103
D005_Pnative.anchor_512.raw,112745,,134.08663446910728,102.96382461417186,-30.496213883332196
D005_Pnative.anchor_512.raw,112752,,134.15271186418425,96.02419738692801,-31.550616024923134
D005_Pnative.anchor_512.raw,113067,,134.06290658138332,108.7200635642177,-30.403337722694957
D005_Pnative.anchor_512.raw,113693,,133.96208850552262,97.80638462083863,-31.90319256686095
D005_Pnative.anchor_512.raw,113720,,133.77612815997784,106.09059058109196,-30.03641381649885
D005_Pnative.anchor_512.raw,113726,,134.0901941008819,98.68413751424198,-30.608178617650633
D005_Pnative.anchor_512.raw,113952,,133.98937432516104,110.03052570991696,-32.59233662179675
D005_Pnative.anchor_512.raw,114134,,133.93094557785258,94.7231202770738,-29.81888813596265
D005_Pnative.anchor_512.raw,114135,,133.75623941553673,100.08441079703613,-30.749207590572738
D005_Pnative.anchor_512.raw,114267,,134.14765440849106,101.16623704785891,-31.858670611724733
D005_Pnative.anchor_512.raw,114276,,133.91179727700546,98.41998401790434,-30.203950229961492
D005_Pnative.anchor_512.raw,114383,,133.83835447469139,98.88269848266367,-31.605837095065105
D005_Pnative.anchor_512.raw,114409,,134.08017537540198,91.96910226756142,-31.93930143993305
D005_Pnative.anchor_512.raw,114788,,133.92230820415818,105.06978185103952,-31.519776103236826
D005_Pnative.anchor_512.raw,115036,,133.7943916555595,99.76744026169946,-32.968526820921035
D005_Pnative.anchor_512.raw,115147,,134.21748986415326,98.0355876632823,-31.940421162026176
D005_Pnative.anchor_512.raw,115169,,133.9693274873026,93.00549748709766,-30.79471929751013
D005_Pnative.anchor_512.raw,115261,,133.98905429795383,100.26338891565729,-29.569198090682754
D005_Pnative.anchor_512.raw,115393,,134.08042972442095,101.682895794628,-30.213711832938337
D005_Pnative.anchor_512.raw,115427,,133.8936983614117,106.85789617065791,-29.972551799415598
D005_Pnative.anchor_512.raw,116158,,134.23510418752895,99.14364536508543,-29.433134779416182
D005_Pnative.anchor_512.raw,116174,,134.1352486328543,91.19398278291534,-32.2025970032242
D005_Pnative.anchor_512.raw,116740,,133.7875867990507,91.62491928084492,-31.941791877226724
D005_Pnative.anchor_512.raw,116895,,133.82010296848674,90.30296405735933,-32.37317711884535
D005_Pnative.anchor_512.raw,116913,,133.8931142446562,95.32200681454765,-29.543336812176655
D005_Pnative.anchor_512.raw,117052,,133.9773751590413,100.80517534619182,-32.936872415853564
D005_Pnative.anchor_512.raw,117272,,133.76420677453567,101.63421967019815,-31.35391983421915
D005_Pnative.anchor_512.raw,117507,,133.8335227189813,100.96445050479751,-31.560692472868034
D005_Pnative.anchor_512.raw,117526,,133.9582407962666,108.50426678611439,-30.080305695322064
D005_Pnative.anchor_512.raw,117532,,134.14282143367035,108.90578690722387,-32.32354200791787
D005_Pnative.anchor_512.raw,117641,,134.2183460377868,108.76272866911478,-30.976797426449046
D005_Pnative.anchor_512.raw,117642,,134.09165244575334,99.08755025686648,-31.525914394616123
D005_Pnative.anchor_512.raw,117749,,134.12156580765998,97.41853020627849,-31.899202669199717
D005_Pnative.anchor_512.raw,117823,,134.11631167597034,108.49431881899969,-32.40329921233794
D005_Pnative.anchor_512.raw,118167,,134.00554883767734,94.33715756039038,-32.247723034268944
D005_Pnative.anchor_512.raw,118623,,133.78435773151475,103.2856005534852,-29.444457077639804
D005_Pnative.anchor_512.raw,118645,,133.85647643155124,100.29145893022974,-32.84029525705989
D005_Pnative.anchor_512.raw,119392,,134.16236726028964,93.15820887549378,-32.26380871730383
D005_Pnative.anchor_512.raw,119394,,133.85685849946867,105.05952446140128,-29.982578713446227
D005_Pnative.anchor_512.raw,119509,,134.03113616014,94.9474449807324,-32.05102001696559
D005_Pnative.anchor_512.raw,119574,,133.95123510263653,98.39127252155629,-30.437538316575765
D005_Pnative.anchor_512.raw,119835,,133.9210301978375,110.0945294803076,-32.565752456992605
D005_Pnative.anchor_512.raw,119869,,134.16108503673317,100.08832685849669,-32.960451988542474
D005_Pnative.anchor_512.raw,119989,,133.9380282960406,94.6799200222611,-32.271319399671754
D005_Pnative.anchor_512.raw,120078,,133.87338522535086,107.93358718637433,-29.490974330053426
D005_Pnative.anchor_512.raw,120196,,134.104089111641,92.41278810854934,-31.90306269217479
D005_Pnative.anchor_512.raw,120333,,133.77855253409845,91.51998690748755,-29.43364658153697
D005_Pnative.anchor_512.raw,120856,,133.9309715740332,93.55110899234178,-32.26153380465964
D005_Pnative.anchor_512.raw,120927,,133.86084485871982,96.20160052419114,-31.240274519530118
D005_Pnative.anchor_512.raw,120938,,133.96592876517798,109.95040516103603,-32.60429455363196
D005_Pnative.anchor_512.raw,121179,,134.08590196447125,108.7256908618291,-30.93198234212401
D005_Pnative.anchor_512.raw,121239,,133.7830387932778,97.90718885210802,-31.88301957472169
D005_Pnative.anchor_512.raw,121398,,133.87116350068658,92.79744009030087,-30.462287461891435
D005_Pnative.anchor_512.raw,121810,,133.77072414911152,101.10946136851506,-29.924986668829824
D005_Pnative.anchor_512.raw,122217,,134.0842086354208,101.48547291138425,-30.2156177977403
D005_Pnative.anchor_512.raw,122438,,134.16820382466724,110.54682640372886,-29.548482996126413
D005_Pnative.anchor_512.raw,122570,,133.87926826736006,91.70743445269852,-31.947970831543763
D005_Pnative.anchor_512.raw,123798,,133.9951724680816,102.23480748429695,-31.306196404455864
D005_Pnative.anchor_512.raw,124109,,133.99951750648927,99.95427298767706,-29.46368778825705
D005_Pnative.anchor_512.raw,124148,,134.09663647726637,96.24451416292246,-31.444344226778085
D005_Pnative.anchor_512.raw,124243,,133.85977333203024,96.56048039512586,-29.603743409397932
D005_Pnative.anchor_512.raw,124562,,133.88933446716413,102.15450068392094,-31.347010269490752
D005_Pnative.anchor_512.raw,124652,,134.07898176747418,93.28729420905199,-30.74532515965017
D005_Pnative.anchor_512.raw,124747,,134.0839377274444,107.40660134069583,-29.43144458038641
D005_Pnative.anchor_512.raw,125049,,134.2206942326761,110.78399817490502,-29.479830657273894
D005_Pnative.anchor_512.raw,125576,,133.84018099128775,96.91834940635539,-30.078683430316936
D005_Pnative.anchor_512.raw,125640,,133.94572351695916,104.81730863986527,-31.37459409083622
D005_Pnative.anchor_512.raw,126423,,133.92254961175112,107.42598951072509,-30.308888910157556
D005_Pnative.anchor_512.raw,126586,,134.08987595271327,96.90147517723078,-30.40285251834874
D005_Pnative.anchor_512.raw,126657,,134.04757092126863,108.55799450833518,-31.09579265697566
D005_Pnative.anchor_512.raw,126668,,134.00608481955834,95.93036914668657,-29.4021506509616
D005_Pnative.anchor_512.raw,126857,,133.98030127360522,103.72674463510664,-30.394704474830533
D005_Pnative.anchor_512.raw,127061,,133.90857551577082,100.83909583855214,-32.92002683769877
D005_Pnative.anchor_512.raw,127235,,133.7656331276566,92.92004754942968,-32.0474709533027
D005_Pnative.anchor_512.raw,127296,,133.8152704052791,109.88290977443728,-32.61216802705665
D005_Pnative.anchor_512.raw,128028,,133.8361783472697,102.73761082081985,-30.69752176961997
D005_Pnative.anchor_512.raw,128212,,134.1399591362238,107.15816870779781,-30.220689375967424
D005_Pnative.anchor_512.raw,128348,,133.8522525925079,90.40302304593189,-30.04849971799095
D005_Pnative.anchor_512.raw,128369,,133.9683835710985,99.93780699725716,-29.468357226423265
D005_Pnative.anchor_512.raw,128556,,134.1203147733861,106.67701592674139,-29.905552424340183
D005_Pnative.anchor_512.raw,128681,,133.76498671605742,90.25947612771802,-32.38753052661308
D005_Pnative.anchor_512.raw,128775,,133.88370270989589,98.44075250986472,-30.60056367683724
D005_Pnative.anchor_512.raw,129197,,134.20142797283168,92.90343513544505,-31.724267805934872
D005_Pnative.anchor_512.raw,129385,,133.9262726346406,90.58213207757674,-32.311620003278776
D005_Pnative.anchor_512.raw,129559,,133.82936398458693,92.60546861546038,-29.73624548860708
D005_Pnative.anchor_512.raw,129577,,134.17043606993525,102.04219245090164,-30.030404815226625
D005_Pnative.anchor_512.raw,129585,,133.91813482648516,110.20794333307407,-29.90801645096409
D005_Pnative.anchor_512.raw,129832,,133.818877482493,104.03825116889118,-31.112849842956514
D005_Pnative.anchor_512.raw,130076,,134.0213635050331,95.71819505801243,-31.70616494949339
D005_Pnative.anchor_512.raw,131028,,134.24032412604564,100.27123757555938,-29.986779783603787
D005_Pnative.anchor_512.raw,131175,,133.80998146988824,93.05658370808737,-31.597808356025045
D005_Pnative.anchor_512.raw,131342,,133.9008275615704,105.6670689428837,-31.633728935042612
D005_Pnative.anchor_512.raw,131418,,134.1345072757987,106.62073587330516,-29.889931562124865
D005_Pnative.anchor_512.raw,131432,,133.9860650607633,105.39435136043048,-31.647982958998618
D005_Pnative.anchor_512.raw,131997,,134.08663980572717,92.30008405041201,-29.482180317634747
D005_Pnative.anchor_512.raw,132092,,134.14304558422305,91.18748106695584,-32.20633983110436
D005_Pnative.anchor_512.raw,132121,,133.75055950156235,97.14596190443885,-31.49689195783506
D005_Pnative.anchor_512.raw,132179,,133.8924894430493,93.6588637884441,-32.24420536391523
D005_Pnative.anchor_512.raw,132374,,133.7770653637637,99.20660855596697,-29.464371224641575
D005_Pnative.anchor_512.raw,132502,,134.19593788601514,94.2490867096332,-30.035462008324984
D005_Pnative.anchor_512.raw,132733,,134.09092350320435,106.02817266052716,-30.0257993456758
D005_Pnative.anchor_512.raw,133164,,133.82205999160124,98.96652883192492,-30.413231721083363
D005_Pnative.anchor_512.raw,133240,,133.78874810710096,97.1098388949815,-30.336738575523455
D005_Pnative.anchor_512.raw,133390,,134.02692626555688,102.10079056238632,-31.395159313721393
D005_Pnative.anchor_512.raw,133492,,134.06225043902487,99.36889832353258,-31.11643514543107
D005_Pnative.anchor_512.raw,133729,,134.0337690771335,103.86650936107549,-30.904861717945504
D005_Pnative.anchor_512.raw,133897,,133.84093023809822,105.9927459722234,-31.42751314869106
D005_Pnative.anchor_512.raw,133943,,133.9037418779954,103.2158862746368,-29.4681410040455
D005_Pnative.anchor_512.raw,134152,,133.7607286430365,106.25256848189937,-31.03359018842569
D005_Pnative.anchor_512.raw,134172,,133.86287499700617,109.59186280285518,-32.65187474228916
D005_Pnative.anchor_512.raw,134288,,134.0372673302765,110.22635816707069,-32.48019368991899
D005_Pnative.anchor_512.raw,134311,,133.9387661322204,91.43987107208699,-32.06219507541145
D005_Pnative.anchor_512.raw,134470,,134.0603299353613,106.81873066608163,-30.09836402904424
D005_Pnative.anchor_512.raw,134619,,133.96370163842812,108.55376003350679,-31.063030108617703
D005_Pnative.anchor_512.raw,134703,,134.14003825218163,100.80979295108204,-31.493615125616543
D005_Pnative.anchor_512.raw,134937,,134.20801157397966,92.90735523415981,-30.81025197317104
D005_Pnative.anchor_512.raw,134940,,134.02359028184586,97.39482065447727,-31.79919200501683
D005_Pnative.anchor_512.raw,134962,,133.87491700014328,104.46807093176919,-29.735638170395735
D005_Pnative.anchor_512.raw,134996,,133.85600580562635,95.70941317189971,-31.620302418468043
D005_Pnative.anchor_512.raw,135057,,134.00789309749405,108.73855453809588,-30.780607535959458
D005_Pnative.anchor_512.raw,135114,,134.13351729064368,107.7585526888866,-29.456308530142365
D005_Pnative.anchor_512.raw,135543,,134.00028014642365,105.2892970978397,-30.099596626421537
D005_Pnative.anchor_512.raw,135630,,134.10633881604525,100.33959770924733,-29.726244755968487
D005_Pnative.anchor_512.raw,135637,,134.06382029353674,108.002227546126,-31.163928057746865
D005_Pnative.anchor_512.raw,135863,,133.86314991490312,111.1764682370929,-29.58861501545904
D005_Pnative.anchor_512.raw,135878,,134.18767281953245,108.27308981982071,-32.721245375309906
D005_Pnative.anchor_512.raw,135957,,134.09848972557404,92.18225692911065,-29.45776583297363
D005_Pnative.anchor_512.raw,136086,,133.86726824270102,90.88664845470845,-29.662200817398976
D005_Pnative.anchor_512.raw,136417,,133.90324658432,102.18020980245437,-31.321177811590147
D005_Pnative.anchor_512.raw,136517,,134.17185237247497,108.82141387944651,-32.389487279917006
D005_Pnative.anchor_512.raw,136574,,133.8791315969146,102.33884107114993,-31.19304624372041
D005_Pnative.anchor_512.raw,136770,,134.14511929663632,102.9537395631612,-29.531410073292374
D005_Pnative.anchor_512.raw,137008,,134.2184309524075,102.12302903605766,-29.970047123205713
D005_Pnative.anchor_512.raw,137216,,134.06284601235842,103.90805492298702,-29.654343210723813
D005_Pnative.anchor_512.raw,137502,,133.78867193748468,95.04597533349684,-31.8344987127438
D005_Pnative.anchor_512.raw,137620,,134.02974910903959,95.70965774079427,-31.718319387049917
D005_Pnative.anchor_512.raw,137685,,133.79134796845534,104.67356881239516,-29.761903187605892
D005_Pnative.anchor_512.raw,137716,,134.01280604787846,100.82329668443047,-31.478222415074498
D005_Pnative.anchor_512.raw,137746,,133.77492821706022,92.92954816484576,-31.978809683127814
D005_Pnative.anchor_512.raw,138008,,133.97605696417762,99.71066939111653,-30.852549903663732
D005_Pnative.anchor_512.raw,138147,,133.78581765914686,102.28934776253811,-29.964208793945758
D005_Pnative.anchor_512.raw,138405,,134.14631772887282,111.10387572284428,-30.006042949213636
D005_Pnative.anchor_512.raw,138421,,133.9463310902605,103.80214181465574,-30.454898520038697
D005_Pnative.anchor_512.raw,138462,,134.22884040474753,108.96244322886875,-32.3494427937028
D005_Pnative.anchor_512.raw,138482,,133.85170536128356,95.04570618944928,-31.85055634700941
D005_Pnative.anchor_512.raw,139076,,134.21071388281072,93.38024916247869,-32.28676931365442
D005_Pnative.anchor_512.raw,139164,,134.19014440460245,106.29679608946151,-29.88501821425479
D005_Pnative.anchor_512.raw,139321,,133.94608778345687,107.5229253325459,-29.460513860435135
D005_Pnative.anchor_512.raw,139384,,133.81565006263548,102.83636552364986,-29.62818067049141
D005_Pnative.anchor_512.raw,139513,,133.95908352983236,95.54227823426805,-29.464228813817034
D005_Pnative.anchor_512.raw,140527,,133.91906344679012,97.36612751080307,-31.711185133974432
D005_Pnative.anchor_512.raw,140573,,134.21144153012983,101.95356237766728,-30.0763333899211
D005_Pnative.anchor_512.raw,140577,,133.78414827300662,108.26456375128603,-32.3886292397672
D005_Pnative.anchor_512.raw,140606,,134.02497795034222,96.87153895761148,-30.219110682216588
D005_Pnative.anchor_512.raw,140782,,133.9588812438084,106.75284853099456,-30.019885848454066
D005_Pnative.anchor_512.raw,140806,,133.944179435916,99.26921366493814,-31.268337524349327
D005_Pnative.anchor_512.raw,141441,,133.90049902509327,107.5284299638222,-30.38075232502696
D005_Pnative.anchor_512.raw,141553,,133.80877944500338,93.26673734244686,-32.2009667335772
D005_Pnative.anchor_512.raw,141926,,134.04452395897786,101.27855625694508,-30.075373473586012
D005_Pnative.anchor_512.raw,142447,,133.93275041541966,105.85831783008032,-31.571848219795754
D005_Pnative.anchor_512.raw,142948,,134.0009903284801,95.73962506967453,-31.67608470630303
D005_Pnative.anchor_512.raw,143435,,134.24807835509404,97.12979962653125,-31.76719298795676
D005_Pnative.anchor_512.raw,144037,,133.8975458151292,90.7714255194781,-29.714149770849478
D005_Pnative.anchor_512.raw,144119,,133.89885853425324,108.0791538051271,-29.525345880607645
D005_Pnative.anchor_512.raw,144263,,134.02573065561538,99.58297119772357,-30.911023998487686
D005_Pnative.anchor_512.raw,144322,,134.08194816277683,97.20063199135315,-31.68841254685837
D005_Pnative.anchor_512.raw,144373,,134.10667541162988,101.64244525791511,-31.55707576725532
D005_Pnative.anchor_512.raw,144409,,134.0747222824105,93.07013940009215,-31.432771199920005
D005_Pnative.anchor_512.raw,144605,,134.20581555925716,92.55952497215398,-30.26205697008383
D005_Pnative.anchor_512.raw,144824,,134.05013472173738,103.81743654278237,-30.506432194202212
D005_Pnative.anchor_512.raw,144936,,134.15698923497553,109.80702948482329,-30.046339534682858
D005_Pnative.anchor_512.raw,145015,,133.83180961640977,107.14969388515364,-30.036903402920466
D005_Pnative.anchor_512.raw,145962,,133.95260894003326,100.16707871344717,-30.79283372075848
D005_Pnative.anchor_512.raw,145981,,133.8500602081999,93.35611111477276,-30.729226340333728
D005_Pnative.anchor_512.raw,146262,,134.16256676027535,95.17681019919519,-29.583966225008627
D005_Pnative.anchor_512.raw,146566,,134.20335933708589,98.51409002759067,-29.70264046369988
D005_Pnative.anchor_512.raw,146774,,134.21117680881474,98.12228887464362,-31.932959214264397
D005_Pnative.anchor_512.raw,147106,,134.03447896713567,93.65882664238893,-30.580512759577925
D005_Pnative.anchor_512.raw,147256,,133.91123623471887,102.74827056446833,-30.738097950425416
D005_Pnative.anchor_512.raw,147343,,133.97163910974962,99.38693571368273,-31.087954140151936
D005_Pnative.anchor_512.raw,147375,,134.0564027108611,101.18768034016072,-30.0302066878482
D005_Pnative.anchor_512.raw,147541,,134.04594136500646,109.94842625009517,-32.29905531579987
D005_Pnative.anchor_512.raw,147634,,133.7793621905518,107.00060204076533,-29.87365473871602
D005_Pnative.anchor_512.raw,147642,,133.80305976814734,96.80509583108659,-31.361478487037257
D005_Pnative.anchor_512.raw,147841,,133.97211213416173,104.71179517469429,-29.873594877687296
D005_Pnative.anchor_512.raw,148111,,134.06444890920355,91.08373604224765,-32.26364095433259
D005_Pnative.anchor_512.raw,148117,,134.0627616919287,100.43741812754325,-29.888777234221557
D005_Pnative.anchor_512.raw,148131,,134.18850545906318,108.3163506701863,-31.249153916316438
D005_Pnative.anchor_512.raw,148142,,133.9491703535496,94.35198382696278,-30.028417429480754
D005_Pnative.anchor_512.raw,148588,,133.78955932468673,94.56729623302452,-32.315827901073206
D005_Pnative.anchor_512.raw,148592,,133.79205888603926,102.56711248621846,-29.824611865685682
D005_Pnative.anchor_512.raw,149143,,134.0976127435089,106.20933725415354,-31.05535390844532
D005_Pnative.anchor_512.raw,149170,,133.87484022272892,105.41927918249166,-30.109172534077107
D005_Pnative.anchor_512.raw,149418,,134.24480649423072,93.10789437938237,-31.245674831348808
D005_Pnative.anchor_512.raw,149427,,133.85220649969878,93.10254707395711,-31.59262600088233
D005_Pnative.anchor_512.raw,149746,,133.82696850442053,104.36144889787494,-29.662979324255105
D005_Pnative.anchor_512.raw,149801,,133.84280438885855,105.73937948926928,-30.12329477021552
D005_Pnative.anchor_512.raw,149977,,133.84759895086395,99.00723510499924,-29.488278678452357
D005_Pnative.anchor_512.raw,150256,,133.83851453594536,100.66570048263398,-29.943179796643243
D005_Pnative.anchor_512.raw,150362,,133.97841963746322,92.32014577378311,-29.47479448713731
D005_Pnative.anchor_512.raw,150566,,134.2376015883325,96.76409087467016,-31.599035527544963
D005_Pnative.anchor_512.raw,150946,,134.20996332717846,107.88869311229266,-31.19073948197704
D005_Pnative.anchor_512.raw,151177,,134.1604031840985,100.73331920092191,-31.428477504752426
D005_Pnative.anchor_512.raw,151492,,134.13504521586069,103.00554982552184,-29.508810290399616
D005_Pnative.anchor_512.raw,151928,,133.99491022634007,109.48274580194646,-32.641165058027994
D005_Pnative.anchor_512.raw,152106,,134.13105230186426,103.82358700370455,-30.810243747165206
D005_Pnative.anchor_512.raw,152364,,134.21211822008587,93.0224606276229,-30.940230300435775
D005_Pnative.anchor_512.raw,152787,,133.76420420442574,101.29267359536382,-31.58680809835463
D005_Pnative.anchor_512.raw,152808,,133.82670017237533,110.5155082319794,-29.921900170410197
D005_Pnative.anchor_512.raw,152964,,134.15999105444186,99.21344285915045,-29.432281389835218
D005_Pnative.anchor_512.raw,153124,,134.2402059425736,104.17411857806128,-29.593292232569986
D005_Pnative.anchor_512.raw,153937,,133.88735311105924,102.67225699725594,-30.8225499732393
D005_Pnative.anchor_512.raw,153976,,133.8995193141309,109.49678740753869,-32.645893859832704
D005_Pnative.anchor_512.raw,154132,,134.1983121868133,97.70797143683448,-31.93288740654257
D005_Pnative.anchor_512.raw,154172,,133.8521031951871,98.9924224661789,-30.442240683014187
D005_Pnative.anchor_512.raw,154232,,133.8797369145334,101.94956295386288,-31.345437642732925
D005_Pnative.anchor_512.raw,154303,,133.77543735284817,107.23217625181178,-30.045278175831516
D005_Pnative.anchor_512.raw,154309,,134.24641631482146,108.62819854685881,-32.49467695424346
D005_Pnative.anchor_512.raw,154486,,134.24643739938756,108.5538058568687,-30.09119253126332
D005_Pnative.anchor_512.raw,155330,,134.0260956745489,97.7631685292173,-30.192964850973567
D005_Pnative.anchor_512.raw,155543,,133.75536089459592,109.33981004479517,-32.340786708903934
D005_Pnative.anchor_512.raw,156015,,134.22249794268242,108.01255016151387,-29.488719555388275
D005_Pnative.anchor_512.raw,156223,,133.85935299146325,92.8484780592015,-31.75523415143936
D005_Pnative.anchor_512.raw,156240,,133.88761117720117,98.07532589882517,-31.878566039557374
D005_Pnative.anchor_512.raw,156882,,133.949413052946,101.33690436636232,-31.625605694611608
D005_Pnative.anchor_512.raw,157004,,133.97053222023968,91.86327043657585,-31.94826743596048
D005_Pnative.anchor_512.raw,157071,,133.84010460786254,108.4085725018973,-32.358994969062124
D005_Pnative.anchor_512.raw,157226,,134.06932138857238,108.35463578159408,-31.22991808064573
D005_Pnative.anchor_512.raw,157283,,133.82846733357064,111.13380228404938,-29.483046782965175
D005_Pnative.anchor_512.raw,157428,,133.8042830078473,110.58225554980905,-30.021223344980996
D005_Pnative.anchor_512.raw,157873,,133.773563555102,100.73598928267644,-31.395492267410024
D005_Pnative.anchor_512.raw,157986,,134.15201478194365,95.73356707039261,-29.42126771649354
D005_Pnative.anchor_512.raw,158093,,133.8129810994779,102.94379531658038,-30.42098927656351
D005_Pnative.anchor_512.raw,159090,,134.10711633374137,108.55085141066675,-31.12528973887528
D005_Pnative.anchor_512.raw,159115,,134.2228758778847,93.70546929272602,-32.29346090355666
D005_Pnative.anchor_512.raw,159369,,134.02639973569433,100.76922732705515,-31.431992954890738
D005_Pnative.anchor_512.raw,159419,,133.87993766705057,90.8330406112621,-29.686539446522396
D005_Pnative.anchor_512.raw,159486,,134.00031791204498,108.70983697615782,-30.883694058310823
D005_Pnative.anchor_512.raw,159951,,133.7873307468411,102.17047271719122,-30.031623557531894
D005_Pnative.anchor_512.raw,160186,,133.8575132638432,101.15432686475309,-31.765228546307753
D005_Pnative.anchor_512.raw,160290,,134.14321005183297,91.91012435908647,-31.936091611055737
D005_Pnative.anchor_512.raw,160618,,134.12577324610334,104.36727610808252,-31.338604327912673
D005_Pnative.anchor_512.raw,160708,,134.15044257263742,104.45497645482897,-29.783494702027
D005_Pnative.anchor_512.raw,161187,,133.79087500328814,100.63293212601033,-29.88816382068675
D005_Pnative.anchor_512.raw,161453,,133.80730431523418,103.84427926329087,-30.47635090011713
D005_Pnative.anchor_512.raw,161558,,134.01177039049912,107.77681955755214,-29.47759417538381
D005_Pnative.anchor_512.raw,162014,,133.96651436490288,93.3105746948091,-30.76963698174567
D005_Pnative.anchor_512.raw,162493,,134.04795594343693,98.8325601983642,-30.439393800013946
D005_Pnative.anchor_512.raw,163445,,134.24306112895005,92.87872651267698,-31.764850137996184
D005_Pnative.anchor_512.raw,163892,,133.8368698077669,110.86692810695831,-29.433631185903053
D005_Pnative.anchor_512.raw,164246,,134.076809630047,102.45277838684093,-29.81400181482691
D005_Pnative.anchor_512.raw,164278,,133.7924712569635,110.69706285427856,-29.433263167516223
D005_Pnative.anchor_512.raw,164309,,133.7855080796849,96.93036938054973,-30.030174136650785
D005_Pnative.anchor_512.raw,164333,,133.9367802913077,104.20646246173895,-29.673416475546436
D005_Pnative.anchor_512.raw,164448,,134.17564422513362,108.3907087024777,-29.841328183963345
D005_Pnative.anchor_512.raw,164536,,133.81412358942748,97.36470113105516,-30.472283059459443
D005_Pnative.anchor_512.raw,165102,,133.95674760782657,110.55869484519727,-29.459765225119668
D005_Pnative.anchor_512.raw,165280,,134.23823540814627,91.13588909037551,-29.48712672926804
D005_Pnative.anchor_512.raw,165430,,134.05952790149567,92.57766193373448,-30.138485775875754
D005_Pnative.anchor_512.raw,165751,,134.13826650928928,110.74669209763094,-29.451838617671637
D005_Pnative.anchor_512.raw,165868,,133.7991800471136,110.1351898550265,-32.55631036897653
D005_Pnative.anchor_512.raw,166264,,134.03595488209302,104.56194182191042,-31.312032158263698
D005_Pnative.anchor_512.raw,166454,,133.86889637597233,106.04482823528197,-30.041455661057082
D005_Pnative.anchor_512.raw,166765,,133.79248414192028,97.00741372853493,-30.167970643101715
D005_Pnative.anchor_512.raw,167087,,134.10991892222756,104.41085286177059,-31.333488570662873
D005_Pnative.anchor_512.raw,167224,,134.1682920038873,104.32421595057212,-29.710657310989433
D005_Pnative.anchor_512.raw,167243,,134.09698047967976,108.69295890520135,-32.39761863185247
D005_Pnative.anchor_512.raw,167261,,133.9499127725224,109.97604909604084,-32.59468605069174
D005_Pnative.anchor_512.raw,167598,,133.88348014447615,99.22208119682519,-29.448092009791726
D005_Pnative.anchor_512.raw,167718,,133.7684458723639,108.30139554527366,-31.0959187795311
D005_Pnative.anchor_512.raw,167873,,133.89722265333552,106.88393507565544,-29.995405928523923
D005_Pnative.anchor_512.raw,167925,,133.96049968583247,98.29432881938392,-29.7887200115499
D005_Pnative.anchor_512.raw,167969,,133.98688012408374,95.99081245812513,-31.457293897004824
D005_Pnative.anchor_512.raw,168006,,133.79368729536048,109.31544300842413,-32.63533986200761
D005_Pnative.anchor_512.raw,168216,,134.052552357099,110.96086701162595,-29.841573755717626
D005_Pnative.anchor_512.raw,168343,,134.038628018382,110.1067987286355,-30.07730341253555
D005_Pnative.anchor_512.raw,168638,,134.0133476831195,105.85167690033187,-31.609300652293314
D005_Pnative.anchor_512.raw,168781,,133.77944812750803,98.93150159551202,-30.375623360970078
D005_Pnative.anchor_512.raw,168877,,134.0249198102396,102.61100765433817,-29.74310747247239
D005_Pnative.anchor_512.raw,169159,,134.15923909195487,96.7421322472486,-30.150331785380654
D005_Pnative.anchor_512.raw,169210,,133.97991717466593,109.01742581530772,-32.66533164987899
D005_Pnative.anchor_512.raw,169479,,133.96052498920258,91.29207077959606,-29.481642257624074
D005_Pnative.anchor_512.raw,169739,,134.03570551758747,102.46468838034167,-31.142067928603616
D005_Pnative.anchor_512.raw,169740,,133.8206267738783,110.57562346499118,-29.985075786238053
D005_Pnative.anchor_512.raw,169851,,133.77257640347383,98.37337066202218,-30.069982744897484
D005_Pnative.anchor_512.raw,170107,,133.96027742382188,104.25007003597997,-31.311609713439086
D005_Pnative.anchor_512.raw,170165,,133.85741443907196,100.65332804394659,-29.965507180990045
D005_Pnative.anchor_512.raw,170444,,134.00522863323908,92.78708536392854,-32.0260954204461
D005_Pnative.anchor_512.raw,170474,,133.98775878976284,105.20592033424963,-31.631440989314854
D005_Pnative.anchor_512.raw,170610,,134.1590170388543,110.98004916697579,-30.129982657506538
D005_Pnative.anchor_512.raw,171097,,133.9994013356875,102.32255298113095,-29.893484260001554
D005_Pnative.anchor_512.raw,171115,,133.85259731619163,110.1821527502575,-32.522221582790245
D005_Pnative.anchor_512.raw,171632,,134.24475421492298,103.95812690358665,-29.598254811615075
D005_Pnative.anchor_512.raw,171848,,134.2450035762721,105.3028508587177,-30.106421029089574
D005_Pnative.anchor_512.raw,172059,,133.99133263423735,92.43775164695305,-31.925379716629877
D005_Pnative.anchor_512.raw,172213,,134.07622511231722,96.03282907740616,-31.488979250765908
D005_Pnative.anchor_512.raw,172300,,134.22266862174726,95.86545651158038,-31.70639744054337
D005_Pnative.anchor_512.raw,172323,,134.1703861950645,100.91841372764779,-30.122947730767688
D005_Pnative.anchor_512.raw,172427,,134.03721508242862,96.7766283533361,-30.073634698607542
D005_Pnative.anchor_512.raw,172568,,134.00285407819743,107.83047127986283,-29.486058267190174
D005_Pnative.anchor_512.raw,172663,,134.2486947184609,104.00178824616125,-29.604438822069014
D005_Pnative.anchor_512.raw,172758,,133.80984739586575,96.35180938949836,-29.447771518254946
D005_Pnative.anchor_512.raw,172903,,134.03275454114635,96.62787387611883,-29.833061967951725
D005_Pnative.anchor_512.raw,172963,,134.19429478369582,102.17433994598218,-29.94172792858976
D005_Pnative.anchor_512.raw,173658,,134.21987687361155,108.74507065946693,-31.03188840315139
D005_Pnative.anchor_512.raw,173868,,133.99112219065702,102.5585063173607,-31.03409427988589
D005_Pnative.anchor_512.raw,174003,,134.16919528915702,103.05619822626596,-30.345711110594877
D005_Pnative.anchor_512.raw,174107,,133.9561367068822,102.84360501549952,-29.622477439281138
D005_Pnative.anchor_512.raw,174453,,133.99284847420085,103.09655534920078,-30.31872554610829
D005_Pnative.anchor_512.raw,174675,,133.9509677829125,105.0210364285898,-29.991909144163614
D005_Pnative.anchor_512.raw,174764,,134.1568233893086,100.32400567139155,-29.825543528452066
D005_Pnative.anchor_512.raw,175713,,134.09366586595647,96.36207468934508,-29.49826206177443
D005_Pnative.anchor_512.raw,175818,,133.89594305513214,108.15577295717324,-32.79077394592226
D005_Pnative.anchor_512.raw,175908,,134.0877421604696,99.74766670049948,-29.458107490922274
D005_Pnative.anchor_512.raw,175918,,133.8615176957009,93.7246896353763,-30.570306833205585
D005_Pnative.anchor_512.raw,176372,,134.09319786988996,102.19374720207342,-31.381182468148516
D005_Pnative.anchor_512.raw,176386,,133.85945337914245,101.01018771216573,-31.621359931650005
D005_Pnative.anchor_512.raw,176399,,133.88679075734387,96.15917963016962,-31.264144788225426
D005_Pnative.anchor_512.raw,176816,,133.9069485032753,107.06820405459001,-29.46927239767434
D005_Pnative.anchor_512.raw,176938,,133.97385545368928,104.00802724315287,-31.134020570604225
D005_Pnative.anchor_512.raw,177249,,134.20781670132908,97.48147252319924,-30.34101414966883
D005_Pnative.anchor_512.raw,177360,,134.09843493611797,90.62039444837718,-32.30185646197799
D005_Pnative.anchor_512.raw,177425,,133.87254862031918,105.97938000740967,-30.056335141905855
D005_Pnative.anchor_512.raw,177554,,133.94041890461926,103.63664234439798,-29.68239703517697
D005_Pnative.anchor_512.raw,177740,,134.0039746510319,96.66983956109556,-29.86899083104009
D005_Pnative.anchor_512.raw,177837,,133.94855606871587,98.30195414878668,-31.824763797479726
D005_Pnative.anchor_512.raw,177882,,133.79712381383393,106.34955805118184,-30.799672083455864
D005_Pnative.anchor_512.raw,178074,,134.19952878777232,92.5622726256134,-30.261354452583802
D005_Pnative.anchor_512.raw,178136,,134.04161308741334,100.70736222054174,-32.922714468247634
D005_Pnative.anchor_512.raw,178582,,134.10014911192187,110.115746692549,-32.3692136937585
D005_Pnative.anchor_512.raw,178707,,134.07437645682242,95.36705111070307,-31.788536768020734
D005_Pnative.anchor_512.raw,179232,,134.1899241835759,110.23278421136493,-32.39288740913484
D005_Pnative.anchor_512.raw,179252,,133.81573521175645,97.63567621520438,-31.90282929000673
D005_Pnative.anchor_512.raw,179381,,134.12621540949917,92.70195458344494,-30.50192063920401
D005_Pnative.anchor_512.raw,179965,,133.96062617069427,101.50287770540392,-31.495178303479435
D005_Pnative.anchor_512.raw,180653,,134.23622674096174,94.53912857673942,-32.25649671735024
D005_Pnative.anchor_512.raw,180789,,134.03650108714615,94.83568157842996,-32.12277958189901
D005_Pnative.anchor_512.raw,180954,,133.79027987022917,108.59342047968339,-32.31224039494483
D005_Pnative.anchor_512.raw,181019,,134.19590167382637,108.61793212402517,-30.193167277005315
D005_Pnative.anchor_512.raw,181083,,134.13471860673604,111.97899975215886,-32.50158171520808
D005_Pnative.anchor_512.raw,181099,,134.10245462386325,98.45685973624566,-29.72345493655301
D005_Pnative.anchor_512.raw,181176,,133.95948466921195,92.96407787899832,-30.736717896853705
D005_Pnative.anchor_512.raw,181345,,133.88164528244036,92.6389975090884,-30.10615255613846
D005_Pnative.anchor_512.raw,181806,,133.96247768247423,92.92886691620467,-32.12046123404729
D005_Pnative.anchor_512.raw,181956,,134.0293091431051,108.92629775157847,-32.30848714277903
D005_Pnative.anchor_512.raw,182097,,133.92980948770912,102.73677301333771,-30.767089727410646
D005_Pnative.anchor_512.raw,182203,,133.89026010699203,110.08951945436955,-32.56674717830422
D005_Pnative.anchor_512.raw,182296,,133.78400012399413,97.65496608756355,-31.899766694651316
D005_Pnative.anchor_512.raw,182307,,133.77474365194382,92.81585784630272,-30.43625004237893
D005_Pnative.anchor_512.raw,182518,,133.9744672043675,105.33491406464206,-30.10341351568337
D005_Pnative.anchor_512.raw,183328,,134.14688884559834,99.96149951252059,-29.452045016852644
D005_Pnative.anchor_512.raw,183358,,134.17015666998898,95.16525035285633,-31.860522824306283
D005_Pnative.anchor_512.raw,183372,,133.811739218823,102.51056610105242,-31.04990636156794
D005_Pnative.anchor_512.raw,183573,,134.01571909692578,103.76142195456235,-30.440521397876964
D005_Pnative.anchor_512.raw,183680,,133.8485992580411,100.81134544096012,-29.927476918357648
D005_Pnative.anchor_512.raw,183696,,134.15222686373997,93.74640958468979,-30.468810577883723
D005_Pnative.anchor_512.raw,183718,,134.16979250053677,95.50403567619928,-29.44827501523276
D005_Pnative.anchor_512.raw,183833,,134.01305424747457,93.10609674642095,-30.866957848915547
D005_Pnative.anchor_512.raw,183944,,134.01842801061048,108.49298280602409,-32.37333991555023
D005_Pnative.anchor_512.raw,183962,,134.04041128612863,109.02800727250283,-32.703563479539405
D005_Pnative.anchor_512.raw,184147,,134.24034650571082,98.58999552915128,-29.67091315071821
D005_Pnative.anchor_512.raw,184371,,134.0078173836986,106.07539436684671,-30.02448357729149
D005_Pnative.anchor_512.raw,184522,,133.9810451340301,110.6704380030575,-29.428596028048418
D005_Pnative.anchor_512.raw,184715,,133.99122835993612,108.54163038502018,-31.082090142781617
D005_Pnative.anchor_512.raw,184843,,134.14815782447414,92.54315409185139,-30.158308730557692
D005_Pnative.anchor_512.raw,184973,,133.8701601925468,108.51433007296792,-32.7502411430408
D005_Pnative.anchor_512.raw,184994,,134.0392818245283,96.81052193040489,-30.132679143727948
D005_Pnative.anchor_512.raw,185229,,133.87157497568487,98.0789794436701,-30.01262776200614
D005_Pnative.anchor_512.raw,185612,,134.1576320813245,110.05588123840309,-29.893196761797725
D005_Pnative.anchor_512.raw,185671,,133.91866940243708,97.94598274862291,-31.888084791533416
D005_Pnative.anchor_512.raw,185904,,133.982739590896,93.29046078487238,-32.23835787912219
D005_Pnative.anchor_512.raw,186151,,134.23295229538132,103.59663668764529,-30.416051719433142
D005_Pnative.anchor_512.raw,186200,,134.00794013801195,106.32520389780606,-29.956035248692466
D005_Pnative.anchor_512.raw,186636,,134.16787327716298,101.33288197538243,-30.17509032331008
D005_Pnative.anchor_512.raw,186655,,134.02097377205664,101.11911269274933,-29.999883156863664
D005_Pnative.anchor_512.raw,186785,,133.88910773278926,91.49120921948021,-29.441515732330657
D005_Pnative.anchor_512.raw,186807,,133.99020402157348,99.7684925993143,-30.841044436635126
D005_Pnative.anchor_512.raw,187246,,134.22572693080102,105.36409900065226,-31.752005203436
D005_Pnative.anchor_512.raw,187635,,134.13991003852087,105.7985064673316,-31.687169319919096
D005_Pnative.anchor_512.raw,187688,,133.78968900744854,98.26664880618355,-31.84679942744221
D005_Pnative.anchor_512.raw,187940,,134.17216862440625,104.21628980359061,-31.328300930127362
D005_Pnative.anchor_512.raw,188024,,134.15318713498596,108.43028050356189,-29.916032969106627
D005_Pnative.anchor_512.raw,188096,,133.90825118229378,90.7763539245334,-32.29872920246236
D005_Pnative.anchor_512.raw,188341,,133.890260039285,90.2404800674467,-30.181392298615545
D005_Pnative.anchor_512.raw,188407,,134.16603815126194,97.44753823934866,-31.915053961908256
D005_Pnative.anchor_512.raw,188443,,133.91650692483512,100.66586480237007,-30.02682531841596
D005_Pnative.anchor_512.raw,188521,,134.1696999918529,97.634640917345,-31.925136109790486
D005_Pnative.anchor_512.raw,188663,,133.8381089427061,108.244067821817,-29.578586828779812
D005_Pnative.anchor_512.raw,188853,,134.18187951892847,108.7512866487707,-30.48613577610639
D005_Pnative.anchor_512.raw,188986,,134.11565726631994,103.40396167578916,-30.344479429338342
D005_Pnative.anchor_512.raw,189176,,133.85823700062787,95.77848530453018,-31.566142601685332
D005_Pnative.anchor_512.raw,189369,,133.84141750939312,107.9207788155683,-30.909128320830767
D005_Pnative.anchor_512.raw,189639,,133.79112585116576,99.7574236991475,-32.9841570361393
D005_Pnative.anchor_512.raw,189700,,134.0303635933196,93.4748786244882,-32.26883098023187
D005_Pnative.anchor_512.raw,189713,,133.95683999867245,97.65803039390859,-31.911934406810918
D005_Pnative.anchor_512.raw,189814,,133.9782409959863,98.98414564338587,-31.572122539358634
D005_Pnative.anchor_512.raw,190593,,134.1131933709677,106.39355289562505,-30.79648371662088
D005_Pnative.anchor_512.raw,190810,,134.1676037698374,92.45310051079264,-29.85514921095043
D005_Pnative.anchor_512.raw,190838,,133.8381029273636,108.44519241692433,-29.90901658872168
D005_Pnative.anchor_512.raw,190895,,133.88396797540935,103.86779494655741,-30.50685311814583
D005_Pnative.anchor_512.raw,190922,,134.11554458519754,106.39506472676597,-30.78957410130735
D005_Pnative.anchor_512.raw,191282,,134.19124951355442,97.95820038571125,-31.940159469056812
D005_Pnative.anchor_512.raw,191721,,134.16281360970422,110.25038731796057,-32.45752606152924
D005_Pnative.anchor_512.raw,191734,,133.97597934357123,101.69577185961248,-31.40566666051389
D005_Pnative.anchor_512.raw,191735,,133.97204010941726,98.82156246744765,-30.375812840479743
D005_Pnative.anchor_512.raw,191835,,134.10653696417853,111.21792779622379,-29.577784925051315
D005_Pnative.anchor_512.raw,192166,,133.83605029850085,90.47046843800663,-29.95348337881868
D005_Pnative.anchor_512.raw,192542,,134.0506506998298,104.28103429243788,-31.3271364830923
D005_Pnative.anchor_512.raw,192584,,133.84570606296825,110.58232305117619,-29.46292121803065
D005_Pnative.anchor_512.raw,192703,,134.1872522717663,106.71295116864155,-29.854648031156934
D005_Pnative.anchor_512.raw,192805,,133.7725162096927,100.92390442945064,-31.518123082498036
D005_Pnative.anchor_512.raw,193035,,134.0371620476613,91.109863647465,-32.24864839432609
D005_Pnative.anchor_512.raw,193305,,133.98992656094492,108.67713743072902,-30.934341220796252
D005_Pnative.anchor_512.raw,193441,,134.23729361335083,92.3866127121735,-29.668144874943746
D005_Pnative.anchor_512.raw,193481,,134.17006263952553,101.77981954525504,-31.547127758468275
D005_Pnative.anchor_512.raw,193510,,133.81214118464885,105.69149594432,-31.58090509126322
D005_Pnative.anchor_512.raw,193761,,133.81944690546743,93.50321044279013,-30.685257519176595
D005_Pnative.anchor_512.raw,194071,,133.78440658686608,93.60999008106873,-30.6804996483411
D005_Pnative.anchor_512.raw,194561,,134.09786046048274,111.96486760231741,-32.51542893265382
D005_Pnative.anchor_512.raw,194575,,134.2053774880846,90.63379657147362,-29.769850186821138
D005_Pnative.anchor_512.raw,194977,,134.0293503393495,92.70027117521903,-31.813091411845587
D005_Pnative.anchor_512.raw,195136,,134.02395247323707,106.4053315774651,-30.692758832692597
D005_Pnative.anchor_512.raw,195196,,134.19118854235427,110.09716685487936,-32.627202381365784
D005_Pnative.anchor_512.raw,195249,,133.88037788421792,92.3912152585439,-29.473763107522345
D005_Pnative.anchor_512.raw,195285,,133.79257553250585,97.49595996457256,-30.43939140509013
D005_Pnative.anchor_512.raw,195692,,133.83122960518514,106.99395049027761,-29.956314478939053
D005_Pnative.anchor_512.raw,195812,,133.79230406665,102.43464061631954,-29.891536098270468
D005_Pnative.anchor_512.raw,195875,,133.86692679054016,98.25245181127131,-31.844653702770362
D005_Pnative.anchor_512.raw,196053,,133.92224051962222,108.60836089176092,-30.23872801490341
D005_Pnative.anchor_512.raw,196083,,134.17686518205753,98.15902662289082,-29.899753885817766
D005_Pnative.anchor_512.raw,196242,,134.00014583704015,98.61215318647885,-29.650971660932676
D005_Pnative.anchor_512.raw,196727,,134.20025678620334,94.50916722370927,-29.90326725548737
D005_Pnative.anchor_512.raw,197037,,134.0878376534714,109.55050647649807,-32.64203403019277
D005_Pnative.anchor_512.raw,197101,,133.93989512099404,93.70507042220963,-32.24647139656227
D005_Pnative.anchor_512.raw,197192,,134.1799323472517,101.3418843133976,-31.853323371555412
D005_Pnative.anchor_512.raw,197386,,134.03251384938335,102.82994233226535,-30.666829216948607
D005_Pnative.anchor_512.raw,197507,,134.04583061015512,92.99650310276097,-31.686961410138565
D005_Pnative.anchor_512.raw,197533,,133.98205919052646,106.43102565625266,-30.398309510586454
D005_Pnative.anchor_512.raw,197640,,133.77302030123514,91.68257266078439,-31.939661611133857
D005_Pnative.anchor_512.raw,198054,,134.074303637705,91.96092647925391,-29.402415164815604
D005_Pnative.anchor_512.raw,198126,,133.82791443422295,98.42765916429487,-30.595461757237004
D005_Pnative.anchor_512.raw,198204,,134.18218622985023,107.83686181406817,-29.463500526414386
D005_Pnative.anchor_512.raw,198206,,133.88517422983486,108.1790663630832,-29.55899394427706
D005_Pnative.anchor_512.raw,198265,,133.78902751155064,92.0604459168802,-29.40076107386868
D005_Pnative.anchor_512.raw,198495,,134.2332529272531,103.75433588403222,-30.511006369344386
D005_Pnative.anchor_512.raw,198644,,134.06887357831397,109.08348953308032,-32.72046984375182
D005_Pnative.anchor_512.raw,198768,,133.9367086904859,104.7073327557198,-31.303765967053465
D005_Pnative.anchor_512.raw,198984,,134.13221288083656,96.0927995189553,-29.376491001341304
D005_Pnative.anchor_512.raw,199060,,134.12419369847305,101.4221973644228,-31.74888315772596
D005_Pnative.anchor_512.raw,199164,,134.16731343233954,104.8508123706959,-29.935541008937154
D005_Pnative.anchor_512.raw,199496,,134.04331686144167,107.22547560350944,-29.43977644833671
D005_Pnative.anchor_512.raw,199952,,134.05760570657063,105.52035434776533,-31.690287237619863
D005_Pnative.anchor_512.raw,199957,,133.85916646072525,108.57025885512525,-32.698287631029764
D005_Pnative.anchor_512.raw,200013,,133.83889612859087,102.25804548883316,-31.252496929253372
D005_Pnative.anchor_512.raw,200050,,134.0808301599095,108.10904243878669,-31.259632119396603
D005_Pnative.anchor_512.raw,200186,,134.106030775491,96.8912289843904,-30.427631617422623
D005_Pnative.anchor_512.raw,200307,,133.95708333420362,92.74731247892902,-30.41474020339661
D005_Pnative.anchor_512.raw,200514,,133.83920122476783,98.02705675276833,-30.104416741110374
D005_Pnative.anchor_512.raw,200711,,133.9379128039351,107.83242845235299,-30.914793022951294
D005_Pnative.anchor_512.raw,201094,,134.23027209017164,109.89779565922504,-32.240083353082895
D005_Pnative.anchor_512.raw,201579,,133.96222608527958,110.95262751684149,-29.972724462043015
D005_Pnative.anchor_512.raw,201621,,133.7619879278471,105.35057646673613,-31.513889897870953
D005_Pnative.anchor_512.raw,202014,,134.1531960772549,99.25761189599015,-31.294542657957237
D005_Pnative.anchor_512.raw,202036,,134.22550863937977,107.03297746747873,-30.23589364845614
D005_Pnative.anchor_512.raw,202268,,134.06435082203126,99.05965425364761,-29.454072351463463
D005_Pnative.anchor_512.raw,203054,,133.87645246798212,101.30320141451031,-31.62186070830367
D005_Pnative.anchor_512.raw,203869,,134.17220144619097,97.48316685782167,-30.3525155424936
D005_Pnative.anchor_512.raw,204082,,134.23893670267356,110.97915739140691,-29.50584202710751
D005_Pnative.anchor_512.raw,204488,,134.19862127158,91.71864488142322,-31.94904466480883
D005_Pnative.anchor_512.raw,204509,,134.23188643677818,105.00996741016239,-31.60381255375501
D005_Pnative.anchor_512.raw,205154,,133.87205117607346,96.91743270906176,-30.11716063098438
D005_Pnative.anchor_512.raw,205266,,134.10737195512525,98.68055646872853,-30.602417090746393
D005_Pnative.anchor_512.raw,205274,,134.07380176145142,101.60459171183693,-30.228074713494486
D005_Pnative.anchor_512.raw,205541,,133.98882058922524,95.23372934397273,-29.57431826240552
D005_Pnative.anchor_512.raw,205967,,134.1787431107199,106.44485038143841,-30.263134315229777
D005_Pnative.anchor_512.raw,206030,,133.881595976283,96.2075001450762,-31.260868908052082
D005_Pnative.anchor_512.raw,206180,,134.22012517521824,98.65214607440782,-29.63787048181033
D005_Pnative.anchor_512.raw,206232,,134.12514001865011,96.0253748032449,-29.386633195409118
D005_Pnative.anchor_512.raw,206710,,134.1386753120345,103.2556744575945,-30.278578266056577
D005_Pnative.anchor_512.raw,206831,,133.9418704066085,91.92529312820636,-31.94915553148063
D005_Pnative.anchor_512.raw,206874,,133.91483173392078,110.35197553895073,-30.07772552308598
D005_Pnative.anchor_512.raw,208011,,134.06945043157012,96.02268456810665,-31.493128965356405
D005_Pnative.anchor_512.raw,208024,,134.24503531489125,102.49363058204442,-29.763739966457052
D005_Pnative.anchor_512.raw,208104,,134.12580709827967,93.11794350089039,-30.90903294117696
D005_Pnative.anchor_512.raw,208359,,133.97210487917204,100.40063569391353,-32.85797598534498
D005_Pnative.anchor_512.raw,209695,,133.79243571309462,102.31138064021891,-29.953835527479672
D005_Pnative.anchor_512.raw,209831,,134.23399163304825,108.42474183116482,-29.885882544436715
D005_Pnative.anchor_512.raw,209919,,133.81855342439385,99.36967722041813,-29.46220595840908
D005_Pnative.anchor_512.raw,210141,,133.7883173860158,92.47483299158796,-31.930976967426812
D005_Pnative.anchor_512.raw,210157,,133.9033338874922,108.46997580162467,-30.050432229690035
D005_Pnative.anchor_512.raw,210368,,133.82399719092462,110.56884940427936,-29.981214403743593
D005_Pnative.anchor_512.raw,210641,,134.0663297506052,92.98742337890036,-31.708803388827572
D005_Pnative.anchor_512.raw,210790,,133.95364594775333,102.27825859448336,-31.253832962953304
D005_Pnative.anchor_512.raw,211241,,133.8712717796391,103.5580670688418,-29.577147086634756
D005_Pnative.anchor_512.raw,211312,,133.82619436471762,99.07811236405024,-31.508137030208918
D005_Pnative.anchor_512.raw,211417,,133.79604722635798,96.38825005978777,-31.18824161234992
D005_Pnative.anchor_512.raw,211498,,133.94525519897846,96.59589789861498,-31.33688737937887
D005_Pnative.anchor_512.raw,211562,,133.93145883943058,109.77722402239922,-32.63597132476032
D005_Pnative.anchor_512.raw,211567,,133.83206168622598,108.16824770682604,-32.46252056941917
D005_Pnative.anchor_512.raw,211634,,133.79787248305098,98.50018743209392,-29.798017434266008
D005_Pnative.anchor_512.raw,211685,,134.12458121578192,109.29020281711432,-32.709244326464784
D005_Pnative.anchor_512.raw,212078,,134.17147241042503,107.44792859209092,-30.360847277778785
D005_Pnative.anchor_512.raw,212161,,133.9630892827457,106.82172378768317,-29.883177863460666
D005_Pnative.anchor_512.raw,212251,,134.11742893874373,93.20315768172864,-32.254174338488184
D005_Pnative.anchor_512.raw,212473,,133.94806587856496,96.63389450745343,-29.75551807207469
D005_Pnative.anchor_512.raw,212532,,133.8730520747179,98.50173577778071,-29.743820374738334
D005_Pnative.anchor_512.raw,212678,,133.88793319931435,107.51945192214727,-29.455621572920045
D005_Pnative.anchor_512.raw,212702,,133.7704488958339,98.48833326347209,-30.10664188995967
D005_Pnative.anchor_512.raw,213074,,133.96579368998755,108.50520109393463,-31.093749363612268
D005_Pnative.anchor_512.raw,213593,,134.0917619546231,109.2921803562077,-32.31763276508522
D005_Pnative.anchor_512.raw,213665,,134.0370321334836,100.55460562091041,-31.203206227180843
D005_Pnative.anchor_512.raw,213972,,134.0228599966014,110.99145356265308,-29.992578491608633
D005_Pnative.anchor_512.raw,213986,,133.99534946218563,102.80479498689479,-30.69343501175578
D005_Pnative.anchor_512.raw,214183,,133.81875858938625,95.93502177826866,-31.379130675160745
D005_Pnative.anchor_512.raw,214302,,134.03309230508546,103.09867781349018,-30.31188271329846
D005_Pnative.anchor_512.raw,214409,,134.2472281337563,110.44235527154328,-29.745627646485243
D005_Pnative.anchor_512.raw,215008,,133.7913685460674,93.34547473649437,-32.20699346419918
D005_Pnative.anchor_512.raw,215216,,134.21729209825497,95.0913649131073,-31.90682094240682
D005_Pnative.anchor_512.raw,215654,,133.8163757323361,108.47158372775218,-32.742819962130085
D005_Pnative.anchor_512.raw,215663,,133.96169928945258,101.25164831188823,-31.726771800147276
D005_Pnative.anchor_512.raw,215686,,133.91206924664635,108.59179014782113,-32.7215873453972
D005_Pnative.anchor_512.raw,215976,,134.1036008707127,91.8020404879236,-31.94046436750588
D005_Pnative.anchor_512.raw,216086,,133.86666178354315,99.0072446739818,-29.484323336489172
D005_Pnative.anchor_512.raw,216207,,133.82436107553445,99.23088023596152,-31.312963517574488
D005_Pnative.anchor_512.raw,216441,,134.24136013568014,97.09639746057692,-30.64602025998113
D005_Pnative.anchor_512.raw,216508,,134.02379706287405,98.78624439881759,-30.595593242033736
D005_Pnative.anchor_512.raw,216877,,134.14478269017974,97.22750333001774,-30.518797001645606
D005_Pnative.anchor_512.raw,217160,,133.85616502749497,98.16064582702194,-29.947849459627413
D005_Pnative.anchor_512.raw,217494,,134.22826246980526,109.15801264990088,-32.33219682872545
D005_Pnative.anchor_512.raw,217613,,134.03159928203632,92.6106886157658,-30.183193142734346
D005_Pnative.anchor_512.raw,217639,,134.01722170148594,92.9024880649539,-31.835881634571216
D005_Pnative.anchor_512.raw,217720,,134.1405310404009,104.14196434601757,-29.618679835025567
D005_Pnative.anchor_512.raw,217738,,133.83629710299857,110.58863636806954,-30.04713499340595
D005_Pnative.anchor_512.raw,217767,,133.8600704848034,100.20038888771727,-32.8472964214013
D005_Pnative.anchor_512.raw,217774,,134.06613914894695,96.42995857386197,-29.61577288190977
D005_Pnative.anchor_512.raw,218258,,133.85266733184218,109.52361870696227,-32.27305240727453
D005_Pnative.anchor_512.raw,218328,,133.84494607662631,91.48817920874882,-32.0189756708523
D005_Pnative.anchor_512.raw,218474,,133.9544984382377,101.30647518364151,-31.662553708122793
D005_Pnative.anchor_512.raw,218476,,134.0907990163767,108.19803487294868,-32.47815330919276
D005_Pnative.anchor_512.raw,218541,,134.11786934631488,103.82827335182976,-30.807487455104333
D005_Pnative.anchor_512.raw,218599,,133.9906881521569,91.01650293819048,-32.2800143064588
D005_Pnative.anchor_512.raw,218689,,134.00781739621033,91.49421674698141,-29.43140915078617
D005_Pnative.anchor_512.raw,218791,,133.86850632139985,110.35854585784493,-29.866262204441803
D005_Pnative.anchor_512.raw,218869,,133.92467985068504,103.86343394430848,-30.5099088598858
D005_Pnative.anchor_512.raw,218937,,134.18047730930004,100.13478619692052,-32.96467072923993
D005_Pnative.anchor_512.raw,218983,,134.06034982296998,105.9973420807432,-31.52509330560552
D005_Pnative.anchor_512.raw,219360,,133.79201730639255,108.08622858618713,-32.53904014737654
D005_Pnative.anchor_512.raw,219440,,133.8665996229483,98.72645044178739,-30.643201275588588
D005_Pnative.anchor_512.raw,219673,,134.06031421721525,98.5361732421025,-30.597582273950273
D005_Pnative.anchor_512.raw,220315,,133.85500826654263,108.42370021256042,-29.888519558864054
D005_Pnative.anchor_512.raw,220535,,134.0365820373286,101.78141354422425,-31.46855513783174
D005_Pnative.anchor_512.raw,220553,,134.01900897824726,104.9805868971799,-31.49926763671757
D005_Pnative.anchor_512.raw,221016,,133.95637332987164,94.5189005240678,-32.31748722091147
D005_Pnative.anchor_512.raw,221621,,133.80859381487815,94.85935296467888,-29.789927333733225
D005_Pnative.anchor_512.raw,221814,,133.81913234681267,92.6071736487093,-29.703192452286093
D005_Pnative.anchor_512.raw,221863,,134.04010098446386,107.03774116761525,-29.47524828763527
D005_Pnative.anchor_512.raw,222084,,133.75125107948446,90.87103050330478,-29.683697538829634
D005_Pnative.anchor_512.raw,222267,,134.18727985462363,104.83794780069178,-29.931667949612294
D005_Pnative.anchor_512.raw,222435,,134.24596195991882,93.00523779556977,-31.201399893228796
D005_Pnative.anchor_512.raw,222490,,133.84759185439867,99.14896530535417,-31.429652742198915
D005_Pnative.anchor_512.raw,222865,,133.8641017184085,107.228564218215,-29.44416220288672
D005_Pnative.anchor_512.raw,223020,,133.95322329107665,96.44418438263494,-31.337514984107383
D005_Pnative.anchor_512.raw,223280,,134.19653810932274,110.63492857075835,-29.49845960048437
D005_Pnative.anchor_512.raw,223890,,133.8831719209823,106.11486250804623,-30.02445276540856
D005_Pnative.anchor_512.raw,223913,,134.23393118655764,110.27434187972445,-32.56292084532008
D005_Pnative.anchor_512.raw,224013,,134.0300333850262,90.07261488048778,-30.310370381592257
D005_Pnative.anchor_512.raw,224299,,134.0155128004309,101.31067243910468,-31.73151650592211
D005_Pnative.anchor_512.raw,224375,,133.999361516413,106.52761304609712,-29.980934929133824
D005_Pnative.anchor_512.raw,224389,,133.882071724093,104.7606104991153,-31.31157887892361
D005_Pnative.anchor_512.raw,224414,,134.02816309982515,95.39447029721998,-31.782342370897
D005_Pnative.anchor_512.raw,224546,,133.94535026427192,103.097217135682,-29.492070107858513
D005_Pnative.anchor_512.raw,224612,,133.9149787388974,95.82395228798715,-29.421242636540786
D005_Pnative.anchor_512.raw,224774,,134.10436596439374,105.35482872844017,-31.692250432287835
D005_Pnative.anchor_512.raw,225496,,133.97496445359815,101.71084594900168,-31.4038430685666
D005_Pnative.anchor_512.raw,225633,,134.06540827089458,108.13544083802276,-32.58406946793019
D005_Pnative.anchor_512.raw,225850,,133.86407078663393,108.23313758524212,-29.587740705095005
D005_Pnative.anchor_512.raw,225870,,134.15058751888014,110.04823943578819,-32.6280443822006
D005_Pnative.anchor_512.raw,225917,,133.93890116742443,105.6250558980805,-31.652567170873724
D005_Pnative.anchor_512.raw,226021,,134.18970536354377,93.95672556178478,-32.24715218060973
D005_Pnative.anchor_512.raw,226219,,133.82959609931703,100.42621050627378,-29.66234611634212
D005_Pnative.anchor_512.raw,227113,,134.19285419421672,95.88543315720497,-31.681298072355
D005_Pnative.anchor_512.raw,227405,,133.90975891335327,104.99894403638055,-29.96392558328684
D005_Pnative.anchor_512.raw,227622,,133.89555588420396,109.59604424139128,-32.64878175721882
D005_Pnative.anchor_512.raw,227634,,134.18574792124295,111.098405974977,-29.583898316613784
D005_Pnative.anchor_512.raw,227663,,134.17406024627704,100.19117306103198,-29.546170146981535
D005_Pnative.anchor_512.raw,227841,,133.84816491864564,101.31929866171654,-30.033839658832214
D005_Pnative.anchor_512.raw,228245,,134.04211822238761,93.61142667367646,-30.619931452362934
D005_Pnative.anchor_512.raw,229248,,133.83867743483282,107.04789435378447,-30.003906557973092
D005_Pnative.anchor_512.raw,229329,,134.21973711117718,100.18572013984121,-30.815516439364515
D005_Pnative.anchor_512.raw,229744,,134.06677898114472,101.23795238174523,-30.064584906754128
D005_Pnative.anchor_512.raw,229865,,133.88663810394422,110.01259458387197,-32.58374778932888
D005_Pnative.anchor_512.raw,229912,,134.23835026581924,105.87451126481781,-31.670481687117803
D005_Pnative.anchor_512.raw,229920,,133.9539250645631,100.48608843555179,-31.141440412327228
D005_Pnative.anchor_512.raw,229932,,133.97085665277297,110.78576400105447,-30.12840784532801
D005_Pnative.anchor_512.raw,230265,,134.09031560228325,104.01935001954485,-31.156796833930315
D005_Pnative.anchor_512.raw,230362,,133.92045654164204,110.29420853892684,-29.742473968270083
D005_Pnative.anchor_512.raw,230459,,134.13937303630158,106.73342135602786,-29.885419956194973
D005_Pnative.anchor_512.raw,230710,,134.22792566999212,91.52324992327945,-32.01710530630888
D005_Pnative.anchor_512.raw,230804,,133.88069519041457,95.59292413996323,-31.72331350043451
D005_Pnative.anchor_512.raw,230968,,133.8172163133248,108.2034070606745,-32.918395336134544
D005_Pnative.anchor_512.raw,231182,,133.9080961943651,102.37475391610096,-29.88701272642681
D005_Pnative.anchor_512.raw,231218,,133.77831045518016,105.3726293413586,-31.52656674267524
D005_Pnative.anchor_512.raw,231675,,134.22390612436595,109.97408498933828,-32.65358793906935
D005_Pnative.anchor_512.raw,231838,,133.88852555999458,107.89003087033348,-30.946887138506796
D005_Pnative.anchor_512.raw,232155,,134.09392887901495,111.9591151726693,-32.518845032356026
D005_Pnative.anchor_512.raw,232659,,134.20158106740567,106.77362914340881,-29.823895296352283
D005_Pnative.anchor_512.raw,232788,,133.922901880372,92.29120666857833,-29.460827530599786
D005_Pnative.anchor_512.raw,233154,,133.76017407932082,92.97746616012718,-31.92701864143809
D005_Pnative.anchor_512.raw,233252,,133.81928759186096,106.97920852589192,-29.50145616314695
D005_Pnative.anchor_512.raw,233679,,133.98673552592933,92.50197969383115,-29.60394402308418
D005_Pnative.anchor_512.raw,234302,,134.1465814446444,96.44020856487288,-29.725269311740526
D005_Pnative.anchor_512.raw,234332,,134.00378720498688,108.62260237908237,-30.239687998563124
D005_Pnative.anchor_512.raw,234381,,133.87234156954742,94.68058771303903,-32.25070221754926
D005_Pnative.anchor_512.raw,235048,,133.84412188898426,108.32439018807163,-29.715820258475475
D005_Pnative.anchor_512.raw,235192,,133.99824491146876,108.75026167200707,-32.64680071191202
D005_Pnative.anchor_512.raw,235361,,133.9758638373533,104.98207970868037,-31.485815250712538
D005_Pnative.anchor_512.raw,235964,,133.7701141815795,101.02804921341124,-29.855512055933957
D005_Pnative.anchor_512.raw,236080,,133.91520528860983,109.87517010247153,-32.61424808590466
D005_Pnative.anchor_512.raw,236532,,134.11017895496596,104.80768906450751,-29.916471454702126
D005_Pnative.anchor_512.raw,236533,,134.0688993263131,110.37943634411859,-30.11406215670507
D005_Pnative.anchor_512.raw,236831,,133.95930279134626,91.92473602217345,-31.948012157143282
D005_Pnative.anchor_512.raw,237794,,133.82619930486712,107.7937739633867,-30.582722195371108
D005_Pnative.anchor_512.raw,238412,,134.17884276185836,103.39265527981489,-29.44005886731927
D005_Pnative.anchor_512.raw,238536,,134.2145211368152,100.68035256062952,-30.152312184760238
D005_Pnative.anchor_512.raw,238598,,134.01637690158134,93.96723691002586,-30.31019859001394
D005_Pnative.anchor_512.raw,238650,,133.96715684596154,98.5706050107255,-30.654290726427483
D005_Pnative.anchor_512.raw,238807,,133.88347955382415,110.08201748077606,-32.56838145284238
D005_Pnative.anchor_512.raw,238859,,134.15262943177842,103.6058414784561,-29.518907045443186
D005_Pnative.anchor_512.raw,238893,,133.8458282334782,96.50064727884332,-29.52742174734339
D005_Pnative.anchor_512.raw,239249,,133.91095951357215,92.03726152559524,-29.4150896956839
D005_Pnative.anchor_512.raw,239260,,134.01694057232953,92.56835302124074,-31.916275316652218
D005_Pnative.anchor_512.raw,239271,,134.09906627962565,92.50923879408518,-30.023214316432508
D005_Pnative.anchor_512.raw,239314,,133.955410139683,109.45759479815045,-32.275480882896744
D005_Pnative.anchor_512.raw,239376,,134.1994279149564,98.51126124539067,-30.511016568603033
D005_Pnative.anchor_512.raw,239387,,133.85083730055067,107.01735588531099,-30.004428789709024
D005_Pnative.anchor_512.raw,240400,,133.99510428846148,110.05588352810187,-29.941540107796563
D005_Pnative.anchor_512.raw,240922,,134.10599287437228,90.99819405108362,-29.572448011929744
D005_Pnative.anchor_512.raw,241006,,133.90195473131266,95.4078128343945,-31.766575306315822
D005_Pnative.anchor_512.raw,241164,,134.09494434482855,90.6251638251496,-29.776380731243343
D005_Pnative.anchor_512.raw,241490,,133.79200366468442,91.50953623290188,-31.986507985555264
D005_Pnative.anchor_512.raw,241640,,133.87178463958514,100.58296405808542,-32.84329262676401
D005_Pnative.anchor_512.raw,242292,,133.78295936077546,109.11645047185665,-32.350260809500995
D005_Pnative.anchor_512.raw,242815,,133.80330125552206,105.54969020585753,-31.56160940766884
D005_Pnative.anchor_512.raw,242840,,133.82910224785462,108.59202298760957,-32.65852808426136
D005_Pnative.anchor_512.raw,243464,,134.15526384804534,108.63757645924427,-30.230724827198344
D005_Pnative.anchor_512.raw,243766,,133.97510585638685,106.29277564555119,-31.048715281180677
D005_Pnative.anchor_512.raw,243813,,133.85654440567507,103.6080111840477,-30.30818714468461
D005_Pnative.anchor_512.raw,244351,,134.0578915963597,100.23699414301007,-29.56129874565388
D005_Pnative.anchor_512.raw,244402,,133.89710846200313,105.98860655056455,-30.05274713949196
D005_Pnative.anchor_512.raw,245039,,133.82192061943852,91.5951260635685,-29.419656001726356
D005_Pnative.anchor_512.raw,245201,,134.13486976101848,103.34607344153818,-30.334734680524477
D005_Pnative.anchor_512.raw,245497,,134.09345832311098,99.12344950555314,-31.49424297831195
D005_Pnative.anchor_512.raw,245720,,134.01915649599425,96.47231175127021,-29.632828286063784
D005_Pnative.anchor_512.raw,245840,,133.90907955552086,99.94415656681927,-32.86804434816483
D005_Pnative.anchor_512.raw,245885,,133.813006925573,110.38931751372142,-29.816971427884546
D005_Pnative.anchor_512.raw,246032,,133.8348341522215,107.91854697263184,-30.88540268550506
D005_Pnative.anchor_512.raw,246070,,134.05663804529325,92.96934938127806,-31.736088471237203
D005_Pnative.anchor_512.raw,246178,,133.9524853593711,98.36889808320385,-31.805222111935855
D005_Pnative.anchor_512.raw,246190,,134.1486566430161,94.10073379760938,-32.21753360867843
D005_Pnative.anchor_512.raw,246504,,134.12312873701447,106.02085136071454,-31.484887975053564
D005_Pnative.anchor_512.raw,246630,,134.11448681571704,106.47348577884327,-30.15150453521384
D005_Pnative.anchor_512.raw,246701,,133.8958069065531,103.68026211893087,-29.658521947768683
D005_Pnative.anchor_512.raw,246953,,133.82598178107372,108.75135563187067,-30.50222070628851
D005_Pnative.anchor_512.raw,247598,,133.84550411064862,110.36519498297886,-29.981010598149847
D005_Pnative.anchor_512.raw,247626,,133.94468292039107,92.76387904806282,-30.43899389366402
D005_Pnative.anchor_512.raw,247705,,134.057666960472,108.70099810550273,-32.62251066492703
D005_Pnative.anchor_512.raw,247870,,133.78564331408015,109.19770599600155,-32.606115618273826
D005_Pnative.anchor_512.raw,247946,,133.8779893569577,95.94615884324367,-31.414217374880838
D005_Pnative.anchor_512.raw,248471,,133.8553369534311,108.69522787024181,-32.64839043397692
D005_Pnative.anchor_512.raw,248664,,133.92581370089997,100.56403661695886,-32.8425886254652
D005_Pnative.anchor_512.raw,248759,,133.99022814293755,98.70518727392869,-29.595004882279667
D005_Pnative.anchor_512.raw,248908,,133.8786717835499,100.14015178999495,-32.86562243515073
D005_Pnative.anchor_512.raw,249037,,133.80051955509362,97.20926609794137,-30.431506083853847
D005_Pnative.anchor_512.raw,249273,,133.9958364319297,100.05221360508565,-32.87863530360679
D005_Pnative.anchor_512.raw,249325,,134.0828923090572,94.60262348148463,-32.29921103547286
D005_Pnative.anchor_512.raw,249444,,134.16336494306836,97.2801928427284,-30.469389211022076
D005_Pnative.anchor_512.raw,249495,,133.84846547745843,103.3020326555251,-30.257896282871812
D005_Pnative.anchor_512.raw,249555,,133.8847327708968,104.39932467246982,-31.277672215703355
D005_Pnative.anchor_512.raw,249818,,134.23006738478048,97.48230122193111,-31.920266520506722
D005_Pnative.anchor_512.raw,249873,,134.13028800999803,98.81434806667355,-30.48736033043494
D005_Pnative.anchor_512.raw,249883,,134.03879500300084,100.46163682845379,-29.8836626905607
D005_Pnative.anchor_512.raw,250315,,134.2061074701756,90.1954168924009,-32.35512364912557
D005_Pnative.anchor_512.raw,250625,,133.99516913739672,96.69240596084481,-29.895158538804203
D005_Pnative.anchor_512.raw,251034,,134.05127535216727,106.99081949546486,-30.14188614646341
D005_Pnative.anchor_512.raw,251320,,133.75699663142512,99.58519274454213,-29.4819609564272
D005_Pnative.anchor_512.raw,251623,,133.90979565832362,93.02665682474071,-30.79227218935562
D005_Pnative.anchor_512.raw,251829,,134.06805895998178,100.77219633706214,-30.10749362769249
D005_Pnative.anchor_512.raw,252231,,133.79040054814217,104.10347359844408,-31.17125446694456
D005_Pnative.anchor_512.raw,252303,,133.98852405766246,92.67575838432236,-30.28485363093605
D005_Pnative.anchor_512.raw,252485,,134.23579280564158,104.0400631170452,-29.60449894001103
D005_Pnative.anchor_512.raw,252968,,134.1370170793256,97.75097983835745,-30.170166790593147
D005_Pnative.anchor_512.raw,253244,,134.11338467498058,106.46370946786054,-30.161207926360035
D005_Pnative.anchor_512.raw,253637,,134.19951386797962,93.99039476389055,-32.24324579733859
D005_Pnative.anchor_512.raw,253734,,134.20873157857665,106.22563556834571,-30.994570476344038
D005_Pnative.anchor_512.raw,253741,,134.17906663586348,104.00518769739398,-29.620207437349983
D005_Pnative.anchor_512.raw,253990,,133.96577941527812,98.57361753612899,-31.745558563385398
D005_Pnative.anchor_512.raw,254148,,134.0283730418493,98.01197868985,-31.903184524256623
D005_Pnative.anchor_512.raw,254382,,134.17097008052968,101.92830701032405,-31.499515451159446
D005_Pnative.anchor_512.raw,254561,,133.91700609656252,90.0192148566602,-32.40170813007906
D005_Pnative.anchor_512.raw,254581,,133.7887455839069,106.38462970708258,-30.605295955569165
D005_Pnative.anchor_512.raw,254872,,133.7969585411745,99.58397067184389,-30.899744289230924
D005_Pnative.anchor_512.raw,255122,,134.02493080567103,93.10463587421022,-31.423545485689537
D005_Pnative.anchor_512.raw,255372,,134.07243639736055,92.70277625532086,-30.44272156411064
D005_Pnative.anchor_512.raw,255406,,133.80929041437912,100.96774598059723,-29.85733725317737
D005_Pnative.anchor_512.raw,255635,,134.20399872996308,108.18767889942146,-32.52115623525036
D005_Pnative.anchor_512.raw,255692,,134.1546486358285,90.97588012020908,-29.576287481476527
D005_Pnative.anchor_512.raw,255748,,134.19959229577597,105.05265944309795,-30.01473839573866
D005_Pnative.anchor_512.raw,255936,,134.14265650354125,92.9462912594881,-31.672555528857533
D005_Pnative.anchor_512.raw,255967,,133.8776390566119,97.34639854047181,-30.47189521313683
D005_Pnative.anchor_512.raw,256465,,134.07845946577626,91.00783630229732,-29.572380692104705
D005_Pnative.anchor_512.raw,256690,,134.06933655613378,108.12568981660498,-32.53842836392945
D005_Pnative.anchor_512.raw,256807,,134.02883763856028,98.40111604644697,-30.540934260488907
D005_Pnative.anchor_512.raw,257073,,134.05817183020616,107.98965770984573,-29.50263352692067
D005_Pnative.anchor_512.raw,257117,,133.78283084981405,103.16660884532968,-30.22962838087371
D005_Pnative.anchor_512.raw,257400,,133.83667078281297,100.98242248521501,-29.883769530977943
D005_Pnative.anchor_512.raw,257407,,133.8286117597558,93.04644131845606,-31.609131097541777
D005_Pnative.anchor_512.raw,257544,,133.84054754258582,95.93367123119047,-29.412454007620905
D005_Pnative.anchor_512.raw,258214,,133.91172070180605,103.92865704717185,-31.033667813660035
D005_Pnative.anchor_512.raw,258312,,133.84684794223742,90.35532747159698,-32.3603708985073
D005_Pnative.anchor_512.raw,258593,,133.789955745724,100.83646444511545,-29.86060567969531
D005_Pnative.anchor_512.raw,259054,,133.76473889567592,97.85955685215046,-31.885142190097277
D005_Pnative.anchor_512.raw,259295,,133.78741937565755,97.73388327907597,-30.37358487732385
D005_Pnative.anchor_512.raw,259452,,134.2397952980534,110.01219046463868,-30.107972390937412
D005_Pnative.anchor_512.raw,259544,,134.18223527228736,106.90474752086442,-29.682642765324257
D005_Pnative.anchor_512.raw,259765,,133.82021566508845,92.85790706088727,-30.547713866163033
D005_Pnative.anchor_512.raw,260028,,134.00188198164008,93.72107894363137,-32.25431799911807
D005_Pnative.anchor_512.raw,260314,,133.98019578956473,109.02949913865473,-32.30919944149433
D005_Pnative.anchor_512.raw,260399,,134.0773860601085,97.7196315549197,-30.227249106817318
D005_Pnative.anchor_512.raw,260720,,134.0459733190842,110.40125434064203,-29.664306474129333
D005_Pnative.anchor_512.raw,260852,,133.9162606108578,97.64515854161,-31.90785887498935
D005_Pnative.anchor_512.raw,261806,,133.9561301426706,93.60622902334364,-32.265562018406705
D005_Pnative.anchor_512.raw,262281,,133.91425201708904,109.5927558441739,-32.25316434889166
D005_Pnative.anchor_512.raw,262443,,134.1977923312114,98.2797148706173,-31.8631340668989
D005_Pnative.anchor_512.raw,262681,,134.14793308817428,104.4826987563396,-29.794190061352683
D005_Pnative.anchor_512.raw,262687,,134.09407823646063,99.15733859829272,-29.43524509677804
D005_Pnative.anchor_512.raw,262720,,133.79769367755227,93.23535469011513,-32.19478564879987
D005_Pnative.anchor_512.raw,262984,,134.17937636697448,110.36983438456441,-30.136244274965957
D005_Pnative.anchor_512.raw,263069,,134.07247356869723,95.2121989749673,-31.81359601804226
D005_Pnative.anchor_512.raw,263431,,133.80600492938066,94.87009929677448,-32.07786816710122
D005_Pnative.anchor_512.raw,263657,,133.77301826411158,107.80107052680174,-30.562124481643693
D005_Pnative.anchor_512.raw,263802,,133.8512404631032,105.40752724568586,-30.108626259448986
D005_Pnative.anchor_512.raw,263917,,133.78794707923498,107.93734751399508,-30.814468414678508
D005_Pnative.anchor_512.raw,263964,,134.0119415633113,105.28804428604857,-31.647545266851868
D005_Pnative.anchor_512.raw,264059,,134.18087753093627,111.11682553499921,-30.040196373782926
D005_Pnative.anchor_512.raw,264150,,134.2146916335471,93.85867091029371,-30.351367119575563
D005_Pnative.anchor_512.raw,264296,,133.89441049931546,107.9820026584564,-31.07419476839027
D005_Pnative.anchor_512.raw,264302,,133.76048655276392,108.65765334278436,-30.3660504466123
D005_Pnative.anchor_512.raw,264650,,134.10937020037215,92.44609623995441,-29.641451399716438
D005_Pnative.anchor_512.raw,264743,,134.0874394425819,90.8389253099989,-29.673459839046195
D005_Pnative.anchor_512.raw,264786,,134.044475887639,109.97343228413239,-30.050616477541016
D005_Pnative.anchor_512.raw,265317,,133.85400166149626,99.72997638131903,-32.91379383392274
D005_Pnative.anchor_512.raw,265677,,133.94261830312195,108.91682395489784,-32.30190078398477
D005_Pnative.anchor_512.raw,265912,,133.81983634047054,96.54434468558024,-29.56121441562985
D005_Pnative.anchor_512.raw,266221,,133.94660198363258,101.7322888764378,-31.37153959240944
D005_Pnative.anchor_512.raw,267012,,133.8324298585401,96.62289952760685,-31.270409399521384
D005_Pnative.anchor_512.raw,267375,,133.81375175341321,91.02536384971405,-32.270975620188985
D005_Pnative.anchor_512.raw,267844,,133.75473979420423,95.40898108244247,-31.729600860552246
D005_Pnative.anchor_512.raw,267911,,133.7565134432216,101.24232204172537,-31.634715746384998
D005_Pnative.anchor_512.raw,268016,,134.16817711107686,97.10105296374856,-31.682381012122796
D005_Pnative.anchor_512.raw,268309,,133.87535236399273,93.07043128194229,-30.83497983028909
D005_Pnative.anchor_512.raw,268375,,133.95434889009408,90.19615692046968,-30.22133333311308
D005_Pnative.anchor_512.raw,268468,,133.98037845334088,110.32348723840073,-29.726147617254032
D005_Pnative.anchor_512.raw,269120,,133.80627439503382,109.5563734403957,-32.65652005857078
D005_Pnative.anchor_512.raw,269485,,134.10388671211064,92.82546847924854,-30.651789697371257
D005_Pnative.anchor_512.raw,269754,,133.8013959335156,102.59984098340685,-30.862414046097808
D005_Pnative.anchor_512.raw,270047,,133.90930373250077,107.4187178355993,-30.29861984192751
D005_Pnative.anchor_512.raw,270160,,134.1481687119197,93.71034102971484,-32.280433181710954
D005_Pnative.anchor_512.raw,270328,,133.88159619748146,105.24302002984419,-31.576302190249613
D005_Pnative.anchor_512.raw,270400,,134.23211319056787,110.81190296879791,-29.751977873558126
D005_Pnative.anchor_512.raw,270547,,134.18290574130475,108.90576105219048,-32.35021868283411
D005_Pnative.anchor_512.raw,270572,,134.12724431080525,110.99020150288683,-29.899601780535342
D005_Pnative.anchor_512.raw,270597,,133.94245025807933,108.19430021630221,-32.97069650911271
D005_Pnative.anchor_512.raw,270753,,133.97094288148327,110.23050602036831,-29.86306081427708
D005_Pnative.anchor_512.raw,271027,,133.76011672621047,97.51165236289984,-30.43791557691963
D005_Pnative.anchor_512.raw,271093,,134.22774596497243,98.7834871186783,-31.679900042977316
D005_Pnative.anchor_512.raw,271357,,134.03827981876987,100.85586717741289,-30.05688708370958
D005_Pnative.anchor_512.raw,271416,,133.8593349923648,94.7089921764891,-32.22386083079623
D005_Pnative.anchor_512.raw,271580,,134.0300885617062,91.72187739486435,-29.410974011642402
D005_Pnative.anchor_512.raw,271581,,134.22423169653615,106.13505451952655,-31.107073815173607
D005_Pnative.anchor_512.raw,271699,,133.96912867909512,91.24974655684153,-29.49019791996158
D005_Pnative.anchor_512.raw,272002,,134.0189131575884,96.30403061702387,-31.384609638225708
D005_Pnative.anchor_512.raw,272189,,134.14963479888928,94.798282752211,-29.759140988592826
D005_Pnative.anchor_512.raw,272717,,134.16559195086876,92.06723586643344,-31.93206195772121
D005_Pnative.anchor_512.raw,272731,,133.92769135925127,109.89585596953951,-32.33753469760246
D005_Pnative.anchor_512.raw,272763,,133.80377662164017,100.691004981762,-32.84438979022779
D005_Pnative.anchor_512.raw,273045,,133.94549701967603,103.33270318823575,-29.520459396529567
D005_Pnative.anchor_512.raw,273085,,134.10217211889233,94.5026840855329,-32.277186485764865
D005_Pnative.anchor_512.raw,273416,,134.0919481334829,98.32099484123209,-31.82993261465462
D005_Pnative.anchor_512.raw,273449,,134.2065603875355,104.33868848656954,-29.711621451449005
D005_Pnative.anchor_512.raw,273464,,133.90004963602627,100.91948717314148,-31.538081055148997
D005_Pnative.anchor_512.raw,273717,,133.8352872010792,101.50919968431589,-30.138616349233494
D005_Pnative.anchor_512.raw,273747,,134.16112584972194,90.55896742317228,-29.80688362059798
D005_Pnative.anchor_512.raw,273998,,133.9560028209636,108.24857946420124,-29.683551697274243
D005_Pnative.anchor_512.raw,274038,,134.08647971359662,107.0048635857482,-29.48418900531098
D005_Pnative.anchor_512.raw,274073,,134.06697638134688,105.02116061431686,-29.996920690062343
D005_Pnative.anchor_512.raw,274365,,134.21605214527506,98.04751584500909,-29.99549276718762
D005_Pnative.anchor_512.raw,274410,,133.9666664861918,100.41635873364962,-32.85530116537031
D005_Pnative.anchor_512.raw,274592,,133.9755845856857,108.20894432051051,-32.98644895170479
D005_Pnative.anchor_512.raw,275162,,134.01662509205002,102.83829060028992,-30.65259748053458
D005_Pnative.anchor_512.raw,275300,,134.0159154363432,109.81087792788459,-32.23186802551422
D005_Pnative.anchor_512.raw,275501,,134.2116083676974,110.86374570500578,-29.801231883978154
D005_Pnative.anchor_512.raw,275554,,134.15482760647149,96.07947886718544,-29.37822476405996
D005_Pnative.anchor_512.raw,275652,,134.0418121013548,110.31083425552134,-30.10278330936817
D005_Pnative.anchor_512.raw,275665,,133.9232890674318,98.46658730361446,-30.245069072419433
D005_Pnative.anchor_512.raw,276195,,134.12521973230358,108.93100477218007,-32.31553763171151
D005_Pnative.anchor_512.raw,276340,,134.18989522111224,103.78533666170267,-30.583624431155286
D005_Pnative.anchor_512.raw,276375,,134.21084911871924,106.05271365416864,-31.28194650473933
D005_Pnative.anchor_512.raw,276516,,133.83544791940588,98.22257015871466,-29.895376106586163
D005_Pnative.anchor_512.raw,276771,,134.1500505999887,110.61431579704369,-30.15614787308062
D005_Pnative.anchor_512.raw,277430,,133.95322117120963,92.56813258976646,-29.90126022688652
D005_Pnative.anchor_512.raw,277591,,134.15778583033818,95.85967164948792,-29.410996221309226
D005_Pnative.anchor_512.raw,277729,,134.06673586219387,92.63265910874833,-30.273962847789022
D005_Pnative.anchor_512.raw,277733,,134.21267385861643,105.72557698413367,-31.752754037292465
D005_Pnative.anchor_512.raw,277841,,134.12897940446408,110.53095409161055,-29.526419369791245
D005_Pnative.anchor_512.raw,278380,,134.13281863425047,102.72786661326435,-29.65951337072765
D005_Pnative.anchor_512.raw,278434,,133.75422108458994,94.230369308778,-30.174466711162346
D005_Pnative.anchor_512.raw,278517,,134.13009701593595,91.7615436449512,-31.93937005920831
D005_Pnative.anchor_512.raw,278655,,134.21458020455867,108.43290697599897,-32.46644420507355
D005_Pnative.anchor_512.raw,279061,,134.03855692703166,108.19231675250836,-29.58438237764329
D005_Pnative.anchor_512.raw,279386,,133.9086254493325,99.66697300461485,-32.89364882454991
D005_Pnative.anchor_512.raw,279623,,134.22221230139917,93.1795096360463,-32.27957903047772
D005_Pnative.anchor_512.raw,279759,,133.96985319461706,92.77675722357418,-30.497396781587234
D005_Pnative.anchor_512.raw,279962,,133.88748623052692,98.45923197295367,-29.752192381494552
D005_Pnative.anchor_512.raw,279966,,133.7588042665941,104.27517998606578,-29.59693571429606
D005_Pnative.anchor_512.raw,280315,,133.9726290483749,109.99368643412886,-32.37560385406278
D005_Pnative.anchor_512.raw,280442,,133.84237077363767,98.89615350108578,-30.572378971613976
D005_Pnative.anchor_512.raw,280644,,134.14953383899746,110.09787743667628,-30.10151639234117
D005_Pnative.anchor_512.raw,280835,,133.80624231208887,98.65007450797715,-31.723206823884404
D005_Pnative.anchor_512.raw,281074,,133.81568519121586,107.97452975597623,-29.48218327307397
D005_Pnative.anchor_512.raw,281371,,134.18369553576807,102.71370812490443,-30.851582220358235
D005_Pnative.anchor_512.raw,281504,,134.13371735315218,108.28149500651111,-32.78877551845544
D005_Pnative.anchor_512.raw,281654,,133.76324665505103,91.7842738756811,-29.415083590308534
D005_Pnative.anchor_512.raw,282162,,134.06373146515,106.073546719113,-31.270757358240786
D005_Pnative.anchor_512.raw,282219,,133.93417875005758,109.7731525061343,-32.636881869563474
D005_Pnative.anchor_512.raw,282448,,134.18916923826066,111.91345056514265,-32.52060361289247
D005_Pnative.anchor_512.raw,282645,,133.76482911345363,99.50781269383147,-30.952852658965586
D005_Pnative.anchor_512.raw,282968,,134.18466011811284,93.08660299680724,-31.161407025029185
D005_Pnative.anchor_512.raw,283056,,134.1456120250051,108.77307890510349,-30.83466938532917
D005_Pnative.anchor_512.raw,283080,,134.04930238110285,92.52437805995683,-29.937693565494854
D005_Pnative.anchor_512.raw,283348,,133.99239609716884,107.1683399392505,-30.15789074974547
D005_Pnative.anchor_512.raw,283393,,134.2176261488886,90.45490705602784,-29.954580829748355
D005_Pnative.anchor_512.raw,283825,,133.82632155837612,97.30185863734556,-31.654980218466772
D005_Pnative.anchor_512.raw,284171,,133.79236527289413,106.27800492721883,-31.01281725882157
D005_Pnative.anchor_512.raw,284533,,134.13385682187652,93.69744313088599,-32.280150459627635
D005_Pnative.anchor_512.raw,285025,,134.1722795787349,110.281813981124,-30.129832571364936
D005_Pnative.anchor_512.raw,285077,,133.8106939516355,105.95871739226196,-31.431644781731826
D005_Pnative.anchor_512.raw,285185,,134.05231983422848,102.13194982779368,-31.398614204453082
D005_Pnative.anchor_512.raw,285784,,133.75875164883112,106.0125088453797,-31.356045208459374
D005_Pnative.anchor_512.raw,285856,,133.8818700548865,104.45930832215564,-31.273697382725906
D005_Pnative.anchor_512.raw,286353,,134.15138123423606,104.80952910690239,-29.91923349027143
D005_Pnative.anchor_512.raw,286489,,133.9788335606411,91.13530097256344,-32.23367306112141
D005_Pnative.anchor_512.raw,286507,,133.96962891599225,94.42576333770276,-32.2846138535895
D005_Pnative.anchor_512.raw,287091,,134.0585742855826,106.66921078726108,-29.95031551433346
D005_Pnative.anchor_512.raw,287265,,133.7978959834298,111.10103953879116,-29.48084596201551
D005_Pnative.anchor_512.raw,287298,,133.86355322768716,105.22049136816383,-31.56242002262789
D005_Pnative.anchor_512.raw,287303,,133.8350390780279,110.3216911745405,-29.77663350524811
D005_Pnative.anchor_512.raw,287307,,134.0136992221756,109.98251269922565,-32.6089349322054
D005_Pnative.anchor_512.raw,287451,,133.9550841247361,103.09155765034218,-30.328595467599705
D005_Pnative.anchor_512.raw,287691,,133.89749685932824,93.81054110192765,-30.484625553568563
D005_Pnative.anchor_512.raw,287724,,134.1673979492177,106.44526078970614,-30.318729088997422
D005_Pnative.anchor_512.raw,287770,,133.75914362677827,98.26881365794713,-30.030837484874468
D005_Pnative.anchor_512.raw,288010,,133.7813258791538,103.95614220968481,-29.560993140134936
D005_Pnative.anchor_512.raw,288238,,133.84887531437764,102.56205022661999,-29.810091089526875
D005_Pnative.anchor_512.raw,288477,,133.87929336406393,97.967939326141,-31.884415702363917
D005_Pnative.anchor_512.raw,288593,,134.0710529335491,97.94057155059313,-30.02807648237116
D005_Pnative.anchor_512.raw,288760,,133.93139137662837,108.58538181542295,-30.20271890191993
D005_Pnative.anchor_512.raw,289254,,134.0353772880174,106.20505673815791,-29.962391068678443
D005_Pnative.anchor_512.raw,289398,,134.21399550595126,93.02141809735988,-32.196377298349084
D005_Pnative.anchor_512.raw,289488,,134.0503481964575,91.27738376217255,-32.154766050738104
D005_Pnative.anchor_512.raw,289521,,133.76873907035332,96.38313227913243,-29.450957414862074
D005_Pnative.anchor_512.raw,289579,,134.19166983034032,111.87974193304078,-32.535499731479085
D005_Pnative.anchor_512.raw,289705,,133.80145335810636,104.20006900795997,-29.599925232403656
D005_Pnative.anchor_512.raw,290134,,134.0096144828699,102.41575042994756,-29.844552351874167
D005_Pnative.anchor_512.raw,290788,,134.16309132874744,93.13689939040748,-30.905491053761104
D005_Pnative.anchor_512.raw,290861,,133.8435922696935,94.58478340404176,-29.903417902242186
D005_Pnative.anchor_512.raw,290916,,134.24058090617459,107.61542078243923,-30.827014583745875
D005_Pnative.anchor_512.raw,291111,,134.05487638799687,109.33411184602411,-32.31076134790634
D005_Pnative.anchor_512.raw,291683,,133.78466794380827,110.8743964861486,-29.88459573414455
D005_Pnative.anchor_512.raw,291801,,134.1077863101985,100.46463797938378,-31.108742124152663
D005_Pnative.anchor_512.raw,292007,,134.23741442060495,103.48708257077993,-29.439158450460333
D005_Pnative.anchor_512.raw,292930,,133.86413627234379,92.29306258126189,-31.941171246740442
D005_Pnative.anchor_512.raw,292948,,134.09935347115797,98.30306068842908,-31.83580549842229
D005_Pnative.anchor_512.raw,293093,,134.03217718373,98.45881335655145,-31.784585413298988
D005_Pnative.anchor_512.raw,293104,,134.20627206672015,109.701943349462,-30.017913809037445
D005_Pnative.anchor_512.raw,293284,,134.03822664661283,109.18967779544687,-32.69871226571688
D005_Pnative.anchor_512.raw,293339,,133.84033108327984,110.65860239736844,-30.056152754271253
D005_Pnative.anchor_512.raw,293448,,133.99451581942822,100.85225591028669,-32.967021899257574
D005_Pnative.anchor_512.raw,293631,,134.03467621928675,111.3092456302159,-29.53759341432099
D005_Pnative.anchor_512.raw,293663,,133.92525144797193,109.53411696873852,-32.26180848803894
D005_Pnative.anchor_512.raw,293664,,133.94716371744857,96.39563453746479,-29.49609315444169
D005_Pnative.anchor_512.raw,294000,,134.13878569465015,98.73747481044666,-30.56681811373587
D005_Pnative.anchor_512.raw,294066,,133.85298811997154,97.24812926000969,-30.499872682619618
D005_Pnative.anchor_512.raw,294304,,134.02427612127593,102.74559016371481,-30.778343618457708
D005_Pnative.anchor_512.raw,294464,,134.1066451092268,100.4907771690743,-32.92748669610093
D005_Pnative.anchor_512.raw,294584,,133.90138071266102,110.03168007580234,-32.57958085280364
D005_Pnative.anchor_512.raw,294732,,134.0222861872282,106.70379612869645,-29.9781774165841
D005_Pnative.anchor_512.raw,294985,,133.978479584723,93.20689135303877,-30.804732895280896
D005_Pnative.anchor_512.raw,295124,,133.89866597707223,104.80398726366674,-29.88159400787217
D005_Pnative.anchor_512.raw,295187,,133.9658806650977,104.50799636366956,-29.794178216551693
D005_Pnative.anchor_512.raw,295205,,134.23995232185183,92.20701875797182,-29.478542309495836
D005_Pnative.anchor_512.raw,295468,,133.9736439187402,93.89613111821541,-30.38654539186156
D005_Pnative.anchor_512.raw,296043,,134.00801719937292,111.20466039681983,-29.483769381042237
D005_Pnative.anchor_512.raw,296556,,134.2067059664421,96.38329747874806,-29.57939244354946
D005_Pnative.anchor_512.raw,296701,,134.13583624474666,93.65863637154634,-30.550958028434493
D005_Pnative.anchor_512.raw,296838,,133.98489756377984,99.2456377973144,-29.442511399415594
D005_Pnative.anchor_512.raw,296949,,134.1169004863761,92.18795531658631,-29.46100985327147
D005_Pnative.anchor_512.raw,297529,,134.01705387189782,92.81332355980291,-30.583104764967253
D005_Pnative.anchor_512.raw,298091,,133.94896873716502,93.504330908875,-30.702640484097223
D005_Pnative.anchor_512.raw,298190,,134.1033883154847,109.6388349080726,-32.64411860104101
D005_Pnative.anchor_512.raw,298272,,133.7716496038938,96.56316587748901,-31.207842417363548
D005_Pnative.anchor_512.raw,298517,,134.01713643720265,97.33321921598282,-30.44413784014671
D005_Pnative.anchor_512.raw,298527,,134.0647928442603,101.64410918009025,-31.511532049540115
D005_Pnative.anchor_512.raw,298791,,134.1058393517331,105.73266984873183,-30.095656014977955
D005_Pnative.anchor_512.raw,298813,,133.99793482440828,103.53626202660539,-29.59011980722407
D005_Pnative.anchor_512.raw,299018,,134.0069207304309,108.667434453163,-30.30300069500678
D005_Pnative.anchor_512.raw,299060,,134.2122598898675,109.44014864728092,-32.672083668790876
D005_Pnative.anchor_512.raw,299146,,133.9129654579991,98.28660523878045,-30.33400023166471
D005_Pnative.anchor_512.raw,299240,,133.9146492270606,108.53468667908685,-32.33622988644797
D005_Pnative.anchor_512.raw,299477,,134.20531062424666,104.63290721931963,-31.341916947018937
D005_Pnative.anchor_512.raw,299520,,133.93849506803605,103.43253843503723,-29.57638381088097
D005_Pnative.anchor_512.raw,299627,,133.84403209421953,110.8272557403115,-29.426257401789982
D005_Pnative.anchor_512.raw,299692,,133.88782100644661,110.59831357523035,-30.088788284414136
D005_Pnative.anchor_512.raw,299722,,134.16318303030448,100.70354815874754,-31.401999702341648
D005_Pnative.anchor_512.raw,299896,,134.10429735024402,97.88754025440048,-31.926996926978838
D005_Pnative.anchor_512.raw,299930,,133.79225003145814,108.65138652053233,-30.80730255049715
D005_Pnative.anchor_512.raw,300283,,134.1523105537127,103.98112450477473,-31.121153852389313
D005_Pnative.anchor_512.raw,300639,,134.0208711114671,92.53652471955395,-29.91658608435061
D005_Pnative.anchor_512.raw,300779,,134.21783057468306,106.45152497551932,-29.821963427183825
D005_Pnative.anchor_512.raw,300888,,133.996285133226,100.56313736385724,-31.214692670420703
D005_Pnative.anchor_512.raw,300956,,133.9535913280118,104.83324065310586,-31.38699798077208
D005_Pnative.anchor_512.raw,301486,,133.78682571956358,110.85843324695604,-29.44034798538712
D005_Pnative.anchor_512.raw,301504,,133.9489351229348,106.82281048289914,-29.725075440972546
D005_Pnative.anchor_512.raw,301687,,134.18961559706148,97.39672509371057,-31.91382766765044
D005_Pnative.anchor_512.raw,301756,,134.18531251947024,99.94464856620908,-29.45333272018589
D005_Pnative.anchor_512.raw,301815,,133.92427408562406,111.07323413688701,-29.821992778498476
D005_Pnative.anchor_512.raw,301823,,133.807248049531,98.74713799875505,-29.63337959494566
D005_Pnative.anchor_512.raw,302146,,134.02134580134617,97.07298013851899,-31.54985385960888
D005_Pnative.anchor_512.raw,302452,,133.76010201085546,100.56738097380014,-31.236914727964567
D005_Pnative.anchor_512.raw,302931,,133.96781214805415,106.96517557057034,-29.486007483211946
D005_Pnative.anchor_512.raw,302947,,133.78326174157303,100.2693719782556,-30.88193769192904
D005_Pnative.anchor_512.raw,303100,,134.2421711014492,101.16713204973979,-31.883700167247486
D005_Pnative.anchor_512.raw,303183,,133.9949267370478,106.3067827881495,-29.963930248882168
D005_Pnative.anchor_512.raw,303215,,134.08591687372868,97.36980011272829,-31.83001818500012
D005_Pnative.anchor_512.raw,303383,,134.1122260603931,98.73931196503077,-29.578911225064672
D005_Pnative.anchor_512.raw,303452,,133.79644863906086,108.16331856636734,-32.745038231674876
D005_Pnative.anchor_512.raw,303650,,134.1368331065319,98.24251509959447,-29.835175114295055
D005_Pnative.anchor_512.raw,304209,,133.8887588352739,104.0328611813791,-31.136473541941733
D005_Pnative.anchor_512.raw,304256,,133.84558780100815,108.41295175525434,-29.86260583616661
D005_Pnative.anchor_512.raw,304385,,134.24369585812263,102.08145228092982,-31.49389994977129
D005_Pnative.anchor_512.raw,304532,,133.8864819612566,92.74091177531736,-30.343429313043877
D005_Pnative.anchor_512.raw,304778,,134.2304028926171,90.02795285328116,-32.36841057732233
D005_Pnative.anchor_512.raw,305178,,133.79005427820226,109.16283695057231,-32.61700793903136
D005_Pnative.anchor_512.raw,305404,,133.84770847714626,109.25149994629064,-32.62517192795929
D005_Pnative.anchor_512.raw,305410,,134.08132604573504,90.27132925837913,-30.14891597061621
D005_Pnative.anchor_512.raw,305572,,133.8358844055686,92.61822124977661,-30.02917184342766
D005_Pnative.anchor_512.raw,305823,,134.23501411053658,110.9168655619448,-30.16230319582085
D005_Pnative.anchor_512.raw,305886,,134.03973938082225,108.54625754903569,-32.74839724319175
D005_Pnative.anchor_512.raw,306069,,134.0653236246716,97.7544456521797,-30.190120688660873
D005_Pnative.anchor_512.raw,306311,,133.9437201489956,92.99712605673967,-32.16038329250371
D005_Pnative.anchor_512.raw,307436,,133.92899040076372,107.53308897091273,-30.39495159666462
D005_Pnative.anchor_512.raw,307882,,134.01692807179265,96.5638290097467,-31.3860439550907
D005_Pnative.anchor_512.raw,308045,,133.99862293603417,108.03873504227612,-29.525630558564025
D005_Pnative.anchor_512.raw,308069,,134.1433056013936,108.78735283448249,-32.38932558333293
D005_Pnative.anchor_512.raw,308126,,134.18370373842293,99.8016970294682,-29.44361621416466
D005_Pnative.anchor_512.raw,308212,,134.065807627575,100.42525781509535,-31.07281244227884
D005_Pnative.anchor_512.raw,308294,,133.78580504116957,104.77735576026866,-31.285296871104965
D005_Pnative.anchor_512.raw,308669,,133.96811579471444,92.56580394952931,-29.964354837958624
D005_Pnative.anchor_512.raw,308676,,133.95139031273416,90.74130839568659,-29.723450232875873
D005_Pnative.anchor_512.raw,309269,,134.24071416691456,107.94916539069872,-29.47547466069043
D005_Pnative.anchor_512.raw,309575,,134.040200376584,110.26800502665216,-29.841001544579484
D005_Pnative.anchor_512.raw,309686,,134.22853532443284,107.93763341298947,-31.249318254358926
D005_Pnative.anchor_512.raw,309843,,134.1641457126002,97.0552079262338,-30.600220574783023
D005_Pnative.anchor_512.raw,310001,,134.04126760244634,107.67317667672015,-30.520779417695707
D005_Pnative.anchor_512.raw,310156,,133.80422008265245,99.99995693155178,-30.792544003580947
D005_Pnative.anchor_512.raw,310503,,133.75252851963438,104.80203678454077,-29.78636315809918
D005_Pnative.anchor_512.raw,310653,,133.97348237221414,108.00114608862884,-29.516860984001177
D005_Pnative.anchor_512.raw,310934,,133.94266842304867,104.7260467223185,-32.96930623636378
D005_Pnative.anchor_512.raw,311007,,133.79308830707427,100.54404685424615,-31.21124055975143
D005_Pnative.anchor_512.raw,311135,,134.16076349438632,107.58250036174589,-30.46455063007772
D005_Pnative.anchor_512.raw,311252,,133.7957246163943,98.19614550793821,-30.22070775898288
D005_Pnative.anchor_512.raw,311275,,133.80540340572801,91.648559288668,-29.418365886438448
D005_Pnative.anchor_512.raw,311307,,134.0188275434811,94.31357956336936,-30.036855263151015
D005_Pnative.anchor_512.raw,311683,,134.1783983260284,92.80076180166579,-31.703948641181373
D005_Pnative.anchor_512.raw,311758,,134.13935983110088,108.4374037457915,-31.208593671518102
D005_Pnative.anchor_512.raw,311770,,133.871715788636,95.27740419873894,-31.777026803333126
D005_Pnative.anchor_512.raw,311872,,134.0067172064018,108.48021241487255,-32.80948087529201
D005_Pnative.anchor_512.raw,312311,,133.76196713661017,102.05377168333492,-31.340836266654215
D005_Pnative.anchor_512.raw,312929,,134.01829990141198,108.55316810500025,-32.35799919359175
D005_Pnative.anchor_512.raw,312996,,133.89942144613707,103.57698953331362,-29.614085872449557
D005_Pnative.anchor_512.raw,313238,,133.86342605304657,100.54520782957395,-32.84296342754745
D005_Pnative.anchor_512.raw,313793,,134.23482603271538,105.11408298554453,-31.69398507673303
D005_Pnative.anchor_512.raw,314684,,133.881932826695,93.99075759448064,-30.32542568429918
D005_Pnative.anchor_512.raw,314855,,133.77727767808966,98.24874712567936,-30.36785741333265
D005_Pnative.anchor_512.raw,315016,,133.80482065464864,101.3985115647186,-31.50660077412375
D005_Pnative.anchor_512.raw,315060,,133.87154404719428,107.21787988245877,-30.105646905612684
D005_Pnative.anchor_512.raw,315116,,134.13487743356785,95.24950794964742,-31.817827132653754
D005_Pnative.anchor_512.raw,315137,,134.02072368847934,94.77539690924532,-32.1751102638142
D005_Pnative.anchor_512.raw,315223,,133.8496300739306,92.96552527732028,-31.852297716288977
D005_Pnative.anchor_512.raw,315652,,133.90188135697642,109.50031803102334,-32.6457516263571
D005_Pnative.anchor_512.raw,315893,,134.01826638285232,105.69705001787113,-31.687295703390042
D005_Pnative.anchor_512.raw,315966,,134.2469591141919,93.45509193245796,-30.63359116740104
D005_Pnative.anchor_512.raw,316186,,134.10419451898437,96.46923531723338,-29.715329378137163
D005_Pnative.anchor_512.raw,316204,,134.01799484589603,106.401232916015,-29.95560790061591
D005_Pnative.anchor_512.raw,316879,,134.2492359002049,100.28445708254694,-30.906878793562512
D005_Pnative.anchor_512.raw,316982,,134.2312995386216,107.23466357578627,-29.448301988307385
D005_Pnative.anchor_512.raw,317080,,134.03824700172828,98.86916068709789,-30.556814116572188
D005_Pnative.anchor_512.raw,317283,,134.03725575406685,93.5526510423217,-32.279519264053704
D005_Pnative.anchor_512.raw,317363,,134.13213668079868,92.78931826639493,-30.62384643304842
D005_Pnative.anchor_512.raw,317372,,133.96166843071552,101.36851238968801,-31.608271697046394
D005_Pnative.anchor_512.raw,317424,,134.01604829298415,91.49274967129,-29.431223902673246
D005_Pnative.anchor_512.raw,317455,,134.15155556090815,106.74617905147693,-29.873643260916417
D005_Pnative.anchor_512.raw,317516,,134.07046579376814,100.87219657589702,-30.072451791787067
D005_Pnative.anchor_512.raw,318086,,133.80730925588674,102.70247075217328,-29.73034609337542
D005_Pnative.anchor_512.raw,318435,,133.89402531575524,108.40829823720648,-32.85102738813729
D005_Pnative.anchor_512.raw,318465,,134.0485396924702,106.08984081673623,-31.254997219817838
D005_Pnative.anchor_512.raw,318818,,134.0414067253171,95.37815583097024,-29.497940503433185
D005_Pnative.anchor_512.raw,319121,,134.08289557159208,101.70533537662126,-30.203231605231522
D005_Pnative.anchor_512.raw,319408,,133.76641545007982,108.09652758338665,-31.070468569461745
D005_Pnative.anchor_512.raw,319467,,133.98355036206348,110.64273905255622,-30.13550008944439
D005_Pnative.anchor_512.raw,319683,,134.21933766213147,110.47236380455246,-30.150672712990826
D005_Pnative.anchor_512.raw,320071,,133.78233260217013,103.64050167954537,-29.53456216902919
D005_Pnative.anchor_512.raw,320363,,134.18916638471134,108.88019666212966,-32.67434963810453
D005_Pnative.anchor_512.raw,320397,,134.04065955951583,111.15510207773491,-29.689113333111443
D005_Pnative.anchor_512.raw,320505,,134.17986156002533,99.62532320085661,-29.44840456543707
D005_Pnative.anchor_512.raw,321660,,134.08259285341785,96.7635850107936,-31.481044350952146
D005_Pnative.anchor_512.raw,321919,,134.20690092158756,98.54247695854544,-31.77296639570124
D005_Pnative.anchor_512.raw,322080,,133.84588927999437,108.4289689646557,-31.068269749373883
D005_Pnative.anchor_512.raw,322276,,133.9091147236964,93.09309934253052,-30.848050064783177
D005_Pnative.anchor_512.raw,322316,,133.90928095503276,110.93918796231122,-29.433317138511363
D005_Pnative.anchor_512.raw,322493,,133.9018632416166,105.05601186694928,-31.502001165347142
D005_Pnative.anchor_512.raw,322919,,134.19192329784224,92.43347850130752,-29.814985852219053
D005_Pnative.anchor_512.raw,323077,,133.96634309641817,98.34988559122385,-31.81190103599101
D005_Pnative.anchor_512.raw,323158,,134.18454323652077,97.75515895547933,-30.149279149779588
D005_Pnative.anchor_512.raw,323165,,134.2487573362251,100.27370674057762,-30.897040298482473
D005_Pnative.anchor_512.raw,323787,,133.79497960715526,101.39722659678819,-31.504736725724182
D005_Pnative.anchor_512.raw,324134,,133.9306103273155,97.02156869723704,-31.468544478388974
D005_Pnative.anchor_512.raw,324481,,133.99288870114867,108.38760227764513,-32.885720578307165
D005_Pnative.anchor_512.raw,324991,,134.19997369069364,98.24750651826349,-29.84802832686061
D005_Pnative.anchor_512.raw,324993,,134.24122070038214,95.40493990143655,-29.471489779791526
D005_Pnative.anchor_512.raw,325014,,133.92088847479914,108.5206340520437,-30.114042815460767
D005_Pnative.anchor_512.raw,325498,,134.1846535229714,104.25013289336533,-31.332120883899325
D005_Pnative.anchor_512.raw,325590,,134.13243345265198,111.19062645165997,-29.597515490093116
D005_Pnative.anchor_512.raw,326145,,133.93572269997586,92.10437850929286,-29.422750745735517
D005_Pnative.anchor_512.raw,326333,,133.7565329526919,102.78168628443387,-30.58020912494981
D005_Pnative.anchor_512.raw,326406,,133.79979423635268,100.23260095182924,-30.842751566209714
D005_Pnative.anchor_512.raw,326804,,133.95832058929764,109.89438899858118,-32.61481393826812
D005_Pnative.anchor_512.raw,327386,,133.791805539633,98.1860927674534,-30.190983203768372
D005_Pnative.anchor_512.raw,327654,,134.00013632829896,105.80077510132047,-31.628912989422915
D005_Pnative.anchor_512.raw,327792,,134.17221478854935,108.61816913104369,-31.11137575522174
D005_Pnative.anchor_512.raw,327959,,134.05020723444383,109.70166152342718,-32.64618046481651
D005_Pnative.anchor_512.raw,328206,,134.08143452113558,111.28022984022412,-29.505536612584486
D005_Pnative.anchor_512.raw,328244,,133.96747983876517,108.59977535023583,-32.72760062298652
D005_Pnative.anchor_512.raw,328288,,133.7739139104931,109.49110985051402,-32.28888032891125
D005_Pnative.anchor_512.raw,328417,,134.17014047131474,92.67828809305446,-30.497051181606587
D005_Pnative.anchor_512.raw,328617,,134.09131552225404,107.60754423120281,-30.475650521349117
D005_Pnative.anchor_512.raw,328623,,134.14419953272935,91.25419727026829,-32.168901573027924
D005_Pnative.anchor_512.raw,328687,,133.7647845161295,106.9658798857721,-29.656573236263355
D005_Pnative.anchor_512.raw,329029,,133.8317623698892,93.06597508710468,-32.15547321509029
D005_Pnative.anchor_512.raw,329236,,134.24113193834376,103.76395489993348,-30.55066935619369
D005_Pnative.anchor_512.raw,329292,,133.9452203582772,105.11145808972537,-30.03892055514882
D005_Pnative.anchor_512.raw,329737,,133.90995640548687,94.74907348662182,-29.812785316640408
D005_Pnative.anchor_512.raw,329744,,134.2235237214848,98.03202362500627,-30.00554848135826
D005_Pnative.anchor_512.raw,330268,,134.2381548461677,91.82202928095883,-29.389076889173804
D005_Pnative.anchor_512.raw,330360,,133.79386658841975,110.06082027755544,-32.45933213992765
D005_Pnative.anchor_512.raw,330427,,134.1730223084423,96.04588279133742,-29.383034187890015
D005_Pnative.anchor_512.raw,331262,,133.94249151325923,105.41050306839024,-30.10885560424837
D005_Pnative.anchor_512.raw,331640,,133.87576466494568,103.28975836841043,-29.47634932463952
D005_Pnative.anchor_512.raw,332050,,134.0500801803019,101.82396202861194,-31.47239078279922
D005_Pnative.anchor_512.raw,332405,,133.8976334738112,100.39068298146381,-29.683648858942462
D005_Pnative.anchor_512.raw,332526,,133.8191806139647,110.81625052771201,-29.983504397488925
D005_Pnative.anchor_512.raw,332631,,133.81859899356448,92.6126470262099,-29.78140913148693
D005_Pnative.anchor_512.raw,332652,,133.8865848473032,103.46873621372833,-29.545318233775298
D005_Pnative.anchor_512.raw,332805,,133.929715406535,96.53867248181919,-31.320609028249937
D005_Pnative.anchor_512.raw,333292,,134.01020334992938,104.59516975352545,-29.830648313564403
D005_Pnative.anchor_512.raw,333403,,133.89427939328752,105.1059268790025,-30.033366554128882
D005_Pnative.anchor_512.raw,333458,,134.12651669144887,111.24815252113491,-29.53534575009765
D005_Pnative.anchor_512.raw,333522,,134.039010503673,108.59668564164504,-31.068409231853565
D005_Pnative.anchor_512.raw,333580,,133.91373841300492,91.2727638667203,-32.15367945697389
D005_Pnative.anchor_512.raw,334066,,134.08679198555194,106.6900901334103,-30.07896331030485
D005_Pnative.anchor_512.raw,334147,,134.08527246128472,105.13755312383329,-30.07479022506391
D005_Pnative.anchor_512.raw,334325,,133.7739551095139,94.95838811832733,-31.950790806002225
D005_Pnative.anchor_512.raw,334399,,134.11452094911385,97.80245603355576,-30.116832252354133
D005_Pnative.anchor_512.raw,334664,,134.2189663374248,97.45070897474602,-31.91809859268804
D005_Pnative.anchor_512.raw,334914,,134.09000870041908,107.65440196637343,-30.51205431139117
D005_Pnative.anchor_512.raw,335246,,134.0745624926958,94.74170078078748,-32.18926188597824
D005_Pnative.anchor_512.raw,335316,,134.0963265917206,104.14647754494706,-31.290986233242975
D005_Pnative.anchor_512.raw,335509,,133.8711912651775,110.75766406276682,-29.410975097814188
D005_Pnative.anchor_512.raw,335922,,133.86854941381057,92.90061467429564,-32.0785431769627
D005_Pnative.anchor_512.raw,336306,,133.82999867472128,103.53986491181817,-29.527960535464352
D005_Pnative.anchor_512.raw,336314,,134.2202661012025,105.71769049742142,-31.759733304340866
D005_Pnative.anchor_512.raw,336329,,134.06870491412636,109.21337576057306,-32.7175809593608
D005_Pnative.anchor_512.raw,336672,,133.77157220517995,95.1328812397722,-29.66596271951012
D005_Pnative.anchor_512.raw,336902,,134.21715108311813,100.03287845664126,-30.79490356156313
D005_Pnative.anchor_512.raw,336939,,133.87753806828474,90.83480164870892,-29.685976708331076
D005_Pnative.anchor_512.raw,337044,,133.83393814281655,108.17295708302147,-32.81134642012425
D005_Pnative.anchor_512.raw,337176,,133.98243096734822,97.04318711340461,-30.469271192792757
D005_Pnative.anchor_512.raw,337184,,134.13214565752014,111.26465473913616,-29.519960930929578
D005_Pnative.anchor_512.raw,337482,,134.1215998592742,97.84023664904966,-31.933677430606963
D005_Pnative.anchor_512.raw,337484,,134.07571451465506,101.81909400864626,-31.484693910758295
D005_Pnative.anchor_512.raw,338153,,134.2192722895156,100.29600797356728,-29.998154009491127
D005_Pnative.anchor_512.raw,338185,,134.096251610768,98.6631655297147,-30.35700886867912
D005_Pnative.anchor_512.raw,338215,,133.76804740209428,95.61735442734215,-31.650919471264643
D005_Pnative.anchor_512.raw,338257,,133.80502105924134,103.17708928900653,-30.233520298325555
D005_Pnative.anchor_512.raw,338454,,133.93719097680057,93.02330702092759,-31.548216593784026
D005_Pnative.anchor_512.raw,338484,,134.0569358538378,100.19779787608762,-30.820061106082157
D005_Pnative.anchor_512.raw,338785,,134.2078139824576,97.90034325043746,-30.0618258744139
D005_Pnative.anchor_512.raw,338908,,134.02864492185503,91.95303876226518,-29.40748299344377
D005_Pnative.anchor_512.raw,338961,,133.83296580028548,100.50189373247865,-31.166376192687835
D005_Pnative.anchor_512.raw,339067,,134.21225868280396,95.44558919654486,-29.46099116349975
D005_Pnative.anchor_512.raw,339154,,134.14664377280036,95.71162808834606,-31.735806937762494
D005_Pnative.anchor_512.raw,339155,,133.98745611122777,102.28625581676141,-31.262180210113712
D005_Pnative.anchor_512.raw,339210,,134.09675777599506,91.36269411509414,-29.451394385421906
D005_Pnative.anchor_512.raw,339354,,133.9042362983804,100.41850715127343,-31.078211895272666
D005_Pnative.anchor_512.raw,339779,,134.03777828763467,93.90400313602362,-30.36151609071335
D005_Pnative.anchor_512.raw,340115,,133.9755476170357,104.29452730626639,-29.711296186404848
D005_Pnative.anchor_512.raw,340164,,134.120376511798,100.91340011689778,-30.091013274565416
D005_Pnative.anchor_512.raw,340382,,134.02315410045424,106.19198321953195,-31.133401834296556
D005_Pnative.anchor_512.raw,340421,,134.00233445384416,105.99710439918698,-31.427356014276576
D005_Pnative.anchor_512.raw,340507,,133.89335552085902,96.36135094803522,-29.470851639987323
D005_Pnative.anchor_512.raw,340817,,134.12128739992693,104.05915385698202,-31.202568640907234
D005_Pnative.anchor_512.raw,341354,,133.98896728286638,108.63896950619932,-31.007101989879015
D005_Pnative.anchor_512.raw,341438,,134.20652315976048,110.03257024406179,-32.64525881278808
D005_Pnative.anchor_512.raw,341842,,133.8799713840326,103.93817797323298,-29.62368331700132
D005_Pnative.anchor_512.raw,342066,,134.023399069119,107.3943294267264,-29.439438702811827
D005_Pnative.anchor_512.raw,342122,,134.17362774770695,110.49553703023719,-29.669250300932624
D005_Pnative.anchor_512.raw,342136,,133.8733867470061,93.10593295624818,-30.830629553295594
D005_Pnative.anchor_512.raw,342181,,134.20522312599343,106.91604708194527,-29.59289416542117
D005_Pnative.anchor_512.raw,342348,,134.2410904148127,105.25265246217572,-31.757683669225766
D005_Pnative.anchor_512.raw,342667,,134.0406926506085,98.78425763107067,-29.547833432218276
D005_Pnative.anchor_512.raw,342679,,133.84516652093453,106.0861763424689,-31.30046554514017
D005_Pnative.anchor_512.raw,342680,,133.805163624052,98.15431389964634,-31.878815587703233
D005_Pnative.anchor_512.raw,342853,,134.04477366035235,97.72437059509265,-31.92558422156961
D005_Pnative.anchor_512.raw,342903,,134.03752969714975,92.14276380335319,-31.927857960370922
D005_Pnative.anchor_512.raw,343286,,133.88046761256,109.70339158692198,-32.65296216227496
D005_Pnative.anchor_512.raw,343323,,133.75006270175965,90.1024459561526,-32.41855861237518
D005_Pnative.anchor_512.raw,343686,,134.14591632596506,99.67505099182046,-29.452505929433084
D005_Pnative.anchor_512.raw,343773,,134.2435384314973,100.40084655652183,-30.094570660428303
D005_Pnative.anchor_512.raw,343786,,133.85660215601055,98.56726295305009,-29.726782551849862
D005_Pnative.anchor_512.raw,343868,,134.02351186775732,91.39545834510926,-32.08816321343802
D005_Pnative.anchor_512.raw,343898,,133.8313063371021,98.09095711167856,-30.05405930240892
D005_Pnative.anchor_512.raw,344265,,133.76292680624135,100.53535168549939,-32.84378767447092
D005_Pnative.anchor_512.raw,344359,,133.93589363795292,106.09218089035593,-30.026550967358318
D005_Pnative.anchor_512.raw,344654,,133.79066654222117,108.75499070369581,-32.311930655854965
D005_Pnative.anchor_512.raw,344793,,133.76587248847375,93.04762990622999,-31.82329364227563
D005_Pnative.anchor_512.raw,345136,,134.11448405908425,101.3773723609738,-30.170757920109974
D005_Pnative.anchor_512.raw,345395,,133.93192930410686,111.18567157221389,-29.695273712166454
D005_Pnative.anchor_512.raw,345443,,134.1620871905054,110.94461311500582,-29.489277122420035
D005_Pnative.anchor_512.raw,345484,,134.03067558414563,102.93156130930626,-30.534673129516392
D005_Pnative.anchor_512.raw,345643,,133.75564277808658,92.2874758323658,-31.942526823362197
D005_Pnative.anchor_512.raw,345894,,133.9342176505089,96.68689810700799,-29.823300363673724
D005_Pnative.anchor_512.raw,346409,,133.80290706823382,93.52475219632494,-30.69097324781681
D005_Pnative.anchor_512.raw,346458,,134.0821728832025,101.71067667267765,-31.51380868447136
D005_Pnative.anchor_512.raw,346496,,134.0027675846081,109.3525125610437,-32.63781399246949
D005_Pnative.anchor_512.raw,346522,,134.19038061039294,92.62583223531489,-30.398640878798776
D005_Pnative.anchor_512.raw,346979,,134.12513002364915,100.05335855359981,-29.471446566098045
D005_Pnative.anchor_512.raw,347053,,133.80182324569572,98.71219483070561,-30.22353320630279
D005_Pnative.anchor_512.raw,347331,,133.90349612588545,105.93124695287793,-30.065598277452523
D005_Pnative.anchor_512.raw,347816,,134.1902357865799,98.86862715173105,-31.638576259388593
D005_Pnative.anchor_512.raw,347836,,134.12579787383484,92.95749923834249,-31.778193582274653
D005_Pnative.anchor_512.raw,347847,,133.75133823632,99.87037001939774,-29.479142217581366
D005_Pnative.anchor_512.raw,347994,,133.8570705939239,94.5770612207701,-32.32853180903223
D005_Pnative.anchor_512.raw,348006,,133.9221985449547,100.74403199449023,-32.8821965151023
D005_Pnative.anchor_512.raw,348105,,133.7905115322367,90.4435712576132,-29.99378721097978
D005_Pnative.anchor_512.raw,348353,,133.87760799533334,98.603416940182,-29.695967808063685
D005_Pnative.anchor_512.raw,348474,,133.9677932281376,106.4243089589252,-30.181998685860922
D005_Pnative.anchor_512.raw,349358,,133.80816640916467,98.97969384670465,-30.534013864980157
D005_Pnative.anchor_512.raw,349407,,133.85432839233033,95.94872801548959,-29.408802315686692
D005_Pnative.anchor_512.raw,349454,,134.16979487763246,91.86789786495223,-29.393544353713118
D005_Pnative.anchor_512.raw,349459,,133.87101409474928,109.26190266115216,-32.325170898537664
D005_Pnative.anchor_512.raw,349469,,134.0685632903219,103.77174490791126,-30.46918732023042
D005_Pnative.anchor_512.raw,349475,,133.80471871375622,102.6346869085432,-29.78662996007797
D005_Pnative.anchor_512.raw,349780,,133.89438392002154,108.20886970019497,-29.58268457443705
D005_Pnative.anchor_512.raw,349949,,133.88185189166447,92.0714760782754,-31.947539782252214
D005_Pnative.anchor_512.raw,350352,,133.9801980920026,92.2941946631299,-31.931908318603966
D005_Pnative.anchor_512.raw,351051,,133.8708141094605,99.80635149080732,-30.8320413259655
D005_Pnative.anchor_512.raw,351178,,134.09085047734746,91.18000356094257,-32.20991483368344
D005_Pnative.anchor_512.raw,351222,,133.88419005028493,102.9988411010603,-30.402381170534394
D005_Pnative.anchor_512.raw,351447,,133.76774486924566,91.64181152493055,-29.417453137380043
D005_Pnative.anchor_512.raw,351575,,133.80787396066043,100.742563451418,-29.8966786098746
D005_Pnative.anchor_512.raw,351591,,134.0954949793666,97.9489615427633,-31.92112595019552
D005_Pnative.anchor_512.raw,351743,,134.10661284365918,107.8796202611732,-29.482202359099652
D005_Pnative.anchor_512.raw,352258,,134.21342547855085,109.94383065972616,-30.090934344875535
D005_Pnative.anchor_512.raw,352343,,134.09519597732015,109.5458225614977,-32.28021925155539
D005_Pnative.anchor_512.raw,352379,,134.01125886595867,108.23652874560298,-32.94643493980449
D005_Pnative.anchor_512.raw,352539,,134.0997377439404,108.80435227834371,-32.63940013724787
D005_Pnative.anchor_512.raw,352805,,134.16537246212516,103.3730584077152,-30.348032607286342
D005_Pnative.anchor_512.raw,353004,,134.16329069147153,100.51128687477973,-30.100273922015354
D005_Pnative.anchor_512.raw,353121,,134.0304274191172,91.40377776279185,-32.08357548850939
D005_Pnative.anchor_512.raw,353140,,133.96963902271108,93.09922768086821,-31.508149331324194
D005_Pnative.anchor_512.raw,354177,,133.92379707154822,91.13450567410523,-32.232226320053556
D005_Pnative.anchor_512.raw,354367,,134.13922419822228,98.63821675938172,-30.605831169196524
D005_Pnative.anchor_512.raw,354501,,134.21036486379452,94.32216710591346,-32.207697822215664
D005_Pnative.anchor_512.raw,354691,,133.8776052078694,111.18804564298817,-29.598931379134882
D005_Pnative.anchor_512.raw,354812,,133.79005428903392,91.10148570289994,-29.574151693968982
D005_Pnative.anchor_512.raw,354966,,134.20278629528607,111.96264169686236,-32.70737005766023
D005_Pnative.anchor_512.raw,355072,,133.78596492080408,101.54215808406907,-30.15232832206295
D005_Pnative.anchor_512.raw,355250,,133.83346836381838,97.18441140886351,-30.443530644671224
D005_Pnative.anchor_512.raw,355368,,133.7558435597531,91.21160329439319,-29.50979239622488
D005_Pnative.anchor_512.raw,355451,,133.77138848444497,98.15631160380399,-30.106827469685435
D005_Pnative.anchor_512.raw,355536,,134.13510442957914,106.02550538677644,-31.502407604026068
D005_Pnative.anchor_512.raw,355646,,134.16875988511353,98.66281545067602,-30.410177418037513
D005_Pnative.anchor_512.raw,355718,,133.9958674348189,92.95297426293371,-31.744136838936804
D005_Pnative.anchor_512.raw,356310,,134.10193335198855,111.18895620972287,-29.49686387477132
D005_Pnative.anchor_512.raw,356617,,134.21703920115567,106.63412908041184,-29.830365948705015
D005_Pnative.anchor_512.raw,357004,,134.20840670179822,108.46195618217968,-32.463387524041046
D005_Pnative.anchor_512.raw,357730,,134.05009452991166,103.01125976645147,-29.512969294059342
D005_Pnative.anchor_512.raw,358095,,134.17417298096768,93.10756986405987,-30.94502005144367
D005_Pnative.anchor_512.raw,358098,,134.13055579862268,102.93012467102866,-30.55987377570189
D005_Pnative.anchor_512.raw,358221,,134.18329865605267,93.05820018412896,-31.1712543088489
D005_Pnative.anchor_512.raw,358469,,133.7539774432343,107.04364413672005,-29.49935720822828
D005_Pnative.anchor_512.raw,358528,,134.11457887536164,106.1825864312045,-29.94773032614806
D005_Pnative.anchor_512.raw,358657,,133.78077732152784,93.36809256044418,-32.20755277760702
D005_Pnative.anchor_512.raw,359009,,134.24217492028612,108.77339514681825,-32.462804037276165
D005_Pnative.anchor_512.raw,359409,,134.2290215726724,92.8517833207037,-30.75888350079672
D005_Pnative.anchor_512.raw,359537,,133.82026401847835,90.64636240142474,-32.31374515278177
D005_Pnative.anchor_512.raw,359749,,133.80415655884912,96.4510965567586,-29.48656076730216
D005_Pnative.anchor_512.raw,359837,,134.21946563711097,106.91719641906921,-29.692494744630437
D005_Pnative.anchor_512.raw,360289,,134.10751804354973,107.15556786510123,-29.45521117255126
D005_Pnative.anchor_512.raw,360749,,134.20937210995027,96.30346604548978,-31.523137832983544
D005_Pnative.anchor_512.raw,360874,,134.09812424678273,107.00873722849454,-29.48401471892885
D005_Pnative.anchor_512.raw,360877,,134.07201107946014,108.72622913737169,-32.60928166824844
D005_Pnative.anchor_512.raw,361153,,133.9112597882072,106.42197298205198,-30.407325533880023
D005_Pnative.anchor_512.raw,361156,,134.17057170996634,107.29539710103043,-30.278388151646393
D005_Pnative.anchor_512.raw,361177,,134.06832456798276,98.2260555239812,-31.859436727914186
D005_Pnative.anchor_512.raw,361582,,133.7517474366304,108.32111731259403,-32.37020712918251
D005_Pnative.anchor_512.raw,361670,,134.19579522419622,100.09102876730469,-30.781915120550412
D005_Pnative.anchor_512.raw,361705,,133.9344355206763,101.2205910384527,-31.729220874139084
D005_Pnative.anchor_512.raw,361735,,134.13324715874293,90.3800216724848,-30.04667585501819
D005_Pnative.anchor_512.raw,362146,,134.15664729616665,101.07930498264446,-30.077258701583155
D005_Pnative.anchor_512.raw,362380,,134.04945797037723,109.94704980489357,-29.98174390860273
D005_Pnative.anchor_512.raw,362692,,133.9045437259556,92.4191574171738,-31.9369933711996
D005_Pnative.anchor_512.raw,362933,,133.99614107834867,102.49762355807357,-29.80551559712128
D005_Pnative.anchor_512.raw,363400,,134.24226815053683,99.0193538824725,-29.460839910708486
D005_Pnative.anchor_512.raw,363499,,133.96972814770413,99.34567934514305,-29.452980526465893
D005_Pnative.anchor_512.raw,363783,,134.2178373101857,108.47431668886512,-32.47010700320503
D005_Pnative.anchor_512.raw,363946,,134.23723481581266,95.71144764432813,-29.41176779001502
D005_Pnative.anchor_512.raw,364141,,134.04602873292896,93.74356491808754,-32.2580735724626
D005_Pnative.anchor_512.raw,364185,,133.87327426676202,95.44655295467795,-29.497550237281967
D005_Pnative.anchor_512.raw,364193,,133.77551353763167,110.63086580090459,-29.936751090119238
D005_Pnative.anchor_512.raw,364239,,134.0814359176237,90.18933804182375,-32.37018427128468
D005_Pnative.anchor_512.raw,364254,,134.21247710279954,92.53125807344749,-31.877390774045487
D005_Pnative.anchor_512.raw,364416,,134.13513839961928,107.6130275259635,-30.48525587834356
D005_Pnative.anchor_512.raw,364729,,134.09708400345994,93.4064792380462,-30.695640512190515
D005_Pnative.anchor_512.raw,364992,,134.1069775202181,104.74670823198053,-31.38494372280953
D005_Pnative.anchor_512.raw,365003,,134.07949059889464,94.86621491603162,-29.737485000898424
D005_Pnative.anchor_512.raw,365303,,133.94528112094306,105.57784997121611,-30.114888930754727
D005_Pnative.anchor_512.raw,365474,,134.18510207785744,109.74736368651264,-32.6463119695235
D005_Pnative.anchor_512.raw,365616,,133.82149413286012,92.60120068400775,-31.92055561028651
D005_Pnative.anchor_512.raw,365625,,134.2119851067221,93.2639351293621,-30.78225061014934
D005_Pnative.anchor_512.raw,365635,,133.97524591512465,105.40929769066868,-31.645108792787696
D005_Pnative.anchor_512.raw,365837,,134.13116842864747,93.14896609856497,-32.25565467626491
D005_Pnative.anchor_512.raw,366185,,133.97823256878806,102.04414423278914,-30.047251588789432
D005_Pnative.anchor_512.raw,366594,,134.23598244020553,100.78943051733629,-30.159010794184205
D005_Pnative.anchor_512.raw,366812,,133.8142297412278,93.337440937812,-30.723499421197875
D005_Pnative.anchor_512.raw,367513,,134.2300824658208,92.60045123631097,-30.38500511294028
D005_Pnative.anchor_512.raw,367671,,133.93192344107678,109.5688087757542,-32.644536668539416
D005_Pnative.anchor_512.raw,367723,,134.01206501675864,95.61970379602826,-29.442712632329627
D005_Pnative.anchor_512.raw,367790,,133.8821231850731,101.17779775050083,-31.75129018401779
D005_Pnative.anchor_512.raw,368043,,134.23877189908217,108.1265557670107,-31.267989423584062
D005_Pnative.anchor_512.raw,368051,,134.0889892952,102.39111624070429,-31.223342137893777
D005_Pnative.anchor_512.raw,368180,,133.78696307961647,105.58987850516888,-30.122580945461777
D005_Pnative.anchor_512.raw,368618,,134.0278369682603,92.88420570820958,-30.67863240639649
D005_Pnative.anchor_512.raw,368851,,134.2244706896662,93.39950398499408,-32.291391178458866
D005_Pnative.anchor_512.raw,369041,,133.93308014393892,111.34615373863643,-29.53742175645713
D005_Pnative.anchor_512.raw,369434,,134.01383918638,97.28103553406979,-31.69811849088525
D005_Pnative.anchor_512.raw,369515,,133.9256256334133,100.35073026592404,-31.002976961513877
D005_Pnative.anchor_512.raw,369523,,133.85145661011973,97.1815066976517,-30.461382033983792
D005_Pnative.anchor_512.raw,369603,,133.91266811386546,97.63404290902346,-31.908392376901002
D005_Pnative.anchor_512.raw,369695,,134.1601695150061,106.44785928213207,-30.446631739747417
D005_Pnative.anchor_512.raw,369714,,133.949487652191,92.72133624940982,-30.34598992269844
D005_Pnative.anchor_512.raw,369848,,134.1328132824863,97.19250147850624,-30.5467215522254
D005_Pnative.anchor_512.raw,370022,,133.86201179421104,99.33313326224832,-29.458008233244037
D005_Pnative.anchor_512.raw,370226,,134.09747843930205,94.50771961142635,-32.2799221479661
D005_Pnative.anchor_512.raw,370578,,133.99726885634843,108.28861537896836,-32.419047323645486
D005_Pnative.anchor_512.raw,370772,,134.0294495526728,97.14111878941236,-30.55509853102477
D005_Pnative.anchor_512.raw,371004,,134.19544660784248,111.17395129276659,-29.531541798236862
D005_Pnative.anchor_512.raw,371465,,134.118045224495,103.03525722075847,-30.375338352937682
D005_Pnative.anchor_512.raw,371576,,134.08309723907388,91.95114481905549,-31.939399744548595
D005_Pnative.anchor_512.raw,372060,,133.8296784450996,107.86412171227111,-30.71796997292319
D005_Pnative.anchor_512.raw,372285,,133.8708079279534,102.02114183508228,-30.0690951132892
D005_Pnative.anchor_512.raw,372343,,134.06415933922963,101.31944481093711,-30.10965522721763
D005_Pnative.anchor_512.raw,372357,,134.12399160236123,92.73873743805959,-30.55540156945168
D005_Pnative.anchor_512.raw,372366,,134.20743748695168,102.26806856154622,-31.37199741574913
D005_Pnative.anchor_512.raw,372672,,133.90968481727535,98.2813034998136,-31.832587038849425
D005_Pnative.anchor_512.raw,372862,,133.97984761514425,98.39676571424985,-30.45360923419483
D005_Pnative.anchor_512.raw,373840,,133.89897090639565,93.0963169656825,-31.528275558306987
D005_Pnative.anchor_512.raw,375098,,134.07770481648623,106.03431911456957,-31.335693642723882
D005_Pnative.anchor_512.raw,375236,,134.07767702381483,95.74249223116175,-29.429385091615778
D005_Pnative.anchor_512.raw,375300,,134.17704363146947,93.92100503113446,-32.25091471956614
D005_Pnative.anchor_512.raw,375427,,134.11215951573473,100.05308356639665,-32.93935826240354
D005_Pnative.anchor_512.raw,375440,,133.8621086455375,98.6112231559782,-29.70357653557481
D005_Pnative.anchor_512.raw,375534,,133.82810193640438,108.06001636340605,-31.085337067485998
D005_Pnative.anchor_512.raw,375684,,133.87288923260576,108.11729446318282,-32.62201437619309
D005_Pnative.anchor_512.raw,376103,,133.92096842796548,111.29222828479756,-29.53242026636243
D005_Pnative.anchor_512.raw,376605,,134.0880368339545,102.0519989850678,-31.433514290419332
D005_Pnative.anchor_512.raw,376864,,134.00420043829612,105.35625588024325,-30.101781453289227
D005_Pnative.anchor_512.raw,376963,,134.1732049430854,107.96734457886646,-31.240291618488087
D005_Pnative.anchor_512.raw,376970,,134.12977054251397,92.99385747821225,-31.71832798086872
D005_Pnative.anchor_512.raw,377659,,134.05278161861244,106.93825519622577,-30.127910411223333
D005_Pnative.anchor_512.raw,377816,,134.2230410635596,111.06471306460129,-29.548766355581066
D005_Pnative.anchor_512.raw,378009,,134.13681773254103,93.10927817200417,-32.2556328134753
D005_Pnative.anchor_512.raw,378116,,133.76434792430297,92.50967177610804,-31.924036457092345
D005_Pnative.anchor_512.raw,378337,,134.07348262198647,105.11340636985639,-31.613521360086455
D005_Pnative.anchor_512.raw,378530,,133.77576134719422,90.95899488679893,-32.28305294530493
D005_Pnative.anchor_512.raw,379234,,133.87903515467053,101.41700451149714,-30.090808447742063
D005_Pnative.anchor_512.raw,379357,,134.13720136488317,110.5005369097173,-30.139624034319805
D005_Pnative.anchor_512.raw,379475,,134.02956992776674,99.12743463072965,-29.437920477615716
D005_Pnative.anchor_512.raw,379590,,133.88290871124693,96.55976828382629,-31.283756240411243
D005_Pnative.anchor_512.raw,379686,,133.77502649984274,100.82437811261784,-32.85200698683361
D005_Pnative.anchor_512.raw,379760,,134.22584552602785,96.81710526261244,-30.546073202336295
D005_Pnative.anchor_512.raw,379947,,133.9379716064486,98.55010785596369,-30.27575307477701
D005_Pnative.anchor_512.raw,379997,,133.9499878114887,98.70274462681408,-30.276827119973305
D005_Pnative.anchor_512.raw,380013,,134.2309293363846,106.1060252483839,-31.15636358318998
D005_Pnative.anchor_512.raw,380088,,134.24828506319267,103.56312347612442,-30.41598848698119
D005_Pnative.anchor_512.raw,380176,,133.9704526880503,90.76654345146794,-29.71087249937562
D005_Pnative.anchor_512.raw,380241,,134.22684380462158,93.7685512726978,-30.427308494055172
D005_Pnative.anchor_512.raw,380993,,134.17570214678184,90.81237710578745,-32.29697870041276
D005_Pnative.anchor_512.raw,381007,,133.94718360629818,94.40725797012973,-32.28412557507504
D005_Pnative.anchor_512.raw,381133,,133.8434696719057,91.87153484842963,-29.415877977868526
D005_Pnative.anchor_512.raw,381895,,134.19079283399338,100.86409699890021,-30.14523206246105
D005_Pnative.anchor_512.raw,382065,,134.06935395033526,92.71877938126936,-31.790423002961273
D005_Pnative.anchor_512.raw,382389,,134.1600589174087,98.67808009352791,-30.581386224295755
D005_Pnative.anchor_512.raw,382407,,134.0433868445435,98.86363192730391,-30.556850329477733
D005_Pnative.anchor_512.raw,382526,,134.04111973082394,97.31852833676817,-30.43997108600852
D005_Pnative.anchor_512.raw,382746,,133.75075649054966,108.95344895825187,-32.32459979352588
D005_Pnative.anchor_512.raw,382771,,133.91842735241775,107.25405544325547,-29.439007946533184
D005_Pnative.anchor_512.raw,383071,,133.76700636584687,92.61978528862932,-29.59307535525991
D005_Pnative.anchor_512.raw,383189,,134.01927780628293,100.50453865765216,-29.984662250439698
D005_Pnative.anchor_512.raw,383672,,133.90494528723488,106.3404049217049,-30.961170741766402
D005_Pnative.anchor_512.raw,383938,,133.8346178934724,102.73640766684682,-29.687433073235447
D005_Pnative.anchor_512.raw,384128,,133.9335263351939,92.70921851613735,-31.818977236045086
D005_Pnative.anchor_512.raw,384265,,133.91190141945634,94.995984955414,-31.977402752209954
D005_Pnative.anchor_512.raw,385145,,134.16812997028393,111.96743621550867,-32.688918756195854
D005_Pnative.anchor_512.raw,385311,,134.06953454310639,108.75488591832367,-30.79631539468813
D005_Pnative.anchor_512.raw,385656,,134.1815324833953,92.63599069624861,-30.412099288411813
D005_Pnative.anchor_512.raw,385829,,133.948175134483,99.3653580337494,-29.457528135597165
D005_Pnative.anchor_512.raw,385874,,134.06262508110294,94.17666856583946,-32.196014585785804
D005_Pnative.anchor_512.raw,386430,,133.7945635357919,94.68490160463296,-32.22345368879419
D005_Pnative.anchor_512.raw,386479,,134.236404409,110.2412087276317,-32.38491533404732
D005_Pnative.anchor_512.raw,386525,,134.2130373723453,100.34050737407037,-32.98190697907333
D005_Pnative.anchor_512.raw,386648,,133.9120004590341,92.00213657006356,-31.945871766282988
D005_Pnative.anchor_512.raw,386797,,133.89862726864214,99.09301833957547,-29.456461346950157
D005_Pnative.anchor_512.raw,386993,,134.17191319758183,102.22330026451884,-29.91863097391495
D005_Pnative.anchor_512.raw,387250,,133.77194507471233,90.7474651627028,-29.74069936053852
D005_Pnative.anchor_512.raw,387251,,134.16387912619197,96.13333204517768,-31.493770731425638
D005_Pnative.anchor_512.raw,387396,,133.75155001799095,109.09506308839616,-32.357252222028855
D005_Pnative.anchor_512.raw,387663,,133.82622382735502,105.42120557541458,-31.561068235896965
D005_Pnative.anchor_512.raw,387946,,133.88324694354912,101.87940102777212,-31.349165254067497
D005_Pnative.anchor_512.raw,387974,,133.77806849862506,106.39568010247338,-30.411289233720993
D005_Pnative.anchor_512.raw,388123,,134.01909921458247,93.08323345371929,-31.358572051215383
D005_Pnative.anchor_512.raw,388378,,133.9711748880241,106.8827880824309,-30.068113811547565
D005_Pnative.anchor_512.raw,388691,,133.8132556831626,106.92567485663142,-29.66169404749816
D005_Pnative.anchor_512.raw,388767,,133.93970917028804,98.06619113016538,-29.909519593578413
D005_Pnative.anchor_512.raw,390112,,133.87312104633025,101.02142270165282,-31.639199230008874
D005_Pnative.anchor_512.raw,390329,,134.17492731412696,102.50579586054533,-29.76992345710927
D005_Pnative.anchor_512.raw,390478,,133.88758108572813,95.27503293047693,-31.781321674285124
D005_Pnative.anchor_512.raw,390535,,133.968740461175,99.33894883231348,-31.161813761179083
D005_Pnative.anchor_512.raw,390850,,133.88566957832148,105.80294230440197,-30.096820012795806
D005_Pnative.anchor_512.raw,391220,,134.21504036643478,108.42620946855209,-29.893247886699378
D005_Pnative.anchor_512.raw,391608,,133.7722307375755,95.73682913068453,-29.44879431637267
D005_Pnative.anchor_512.raw,391880,,133.90408435371927,110.98047580985178,-29.907365374646965
D005_Pnative.anchor_512.raw,392884,,133.87123694839028,110.50325667880196,-30.067733772374226
D005_Pnative.anchor_512.raw,392892,,134.14347708547635,92.73635290067347,-30.56440658781309
D005_Pnative.anchor_512.raw,392971,,134.01564911002498,92.50333075822147,-31.918465199063736
D005_Pnative.anchor_512.raw,392975,,133.96271860612373,111.18196681371772,-29.69726107836361
D005_Pnative.anchor_512.raw,393006,,134.21325967024603,107.49227113979464,-30.40052669924019
D005_Pnative.anchor_512.raw,393301,,134.0542440078638,103.85127380554036,-30.799458318556432
D005_Pnative.anchor_512.raw,393385,,133.8000450899097,97.9083577870278,-31.883899255433377
D005_Pnative.anchor_512.raw,393595,,134.07083170843407,98.63500341261732,-30.31867235842885
D005_Pnative.anchor_512.raw,393755,,133.77023898331493,108.20333237014654,-31.147704323630457
D005_Pnative.anchor_512.raw,393903,,134.04250452910844,94.3029075831872,-30.037994401844646
D005_Pnative.anchor_512.raw,394320,,134.1979671271034,93.9237278312759,-32.25400656348091
D005_Pnative.anchor_512.raw,394465,,133.80517761538889,90.68625529613195,-29.76624890746187
D005_Pnative.anchor_512.raw,394467,,134.00585596418765,94.17814739022586,-30.138780480300387
D005_Pnative.anchor_512.raw,394665,,133.81746815267323,105.9130645811424,-30.079872997319498
D005_Pnative.anchor_512.raw,394696,,133.7660496623625,110.59968545766138,-29.47060392765993
D005_Pnative.anchor_512.raw,394826,,134.0544493141102,102.1466353769988,-31.395973931465416
D005_Pnative.anchor_512.raw,394845,,134.24607526651482,109.93027003188959,-32.236960874012915
D005_Pnative.anchor_512.raw,395054,,134.05873325893833,106.82568885408399,-30.09945746230666
D005_Pnative.anchor_512.raw,395085,,133.82034515194084,96.19557367679789,-31.20028782667032
D005_Pnative.anchor_512.raw,395197,,133.85782920234206,105.66668249653902,-30.12659501737754
D005_Pnative.anchor_512.raw,395794,,134.17217848205496,96.44143694428745,-31.494045989166878
D005_Pnative.anchor_512.raw,395974,,134.1502477156812,103.81471965910225,-29.60765080610198
D005_Pnative.anchor_512.raw,396032,,133.75100852920187,91.19102003264929,-32.18446035301133
D005_Pnative.anchor_512.raw,396094,,133.87348229507126,105.60088848010948,-30.115961402654502
D005_Pnative.anchor_512.raw,396614,,134.18759224749655,103.45918553022128,-29.45290209399469
D005_Pnative.anchor_512.raw,396653,,133.93314528830976,94.10489006407833,-32.188862746071656
D005_Pnative.anchor_512.raw,397048,,134.13288935976317,108.74667194046985,-32.40488250637557
D005_Pnative.anchor_512.raw,397300,,133.78705988483048,110.3552802596112,-29.760349302000982
D005_Pnative.anchor_512.raw,397333,,134.00348830827045,93.05007378850954,-31.583299370039033
D005_Pnative.anchor_512.raw,397399,,134.18001403174884,97.25989415411824,-31.81757125603046
D005_Pnative.anchor_512.raw,397709,,134.16843607028892,95.51497555937445,-29.445675635695164
D005_Pnative.anchor_512.raw,397790,,134.07113451127918,102.61979210106274,-29.73053284386104
D005_Pnative.anchor_512.raw,397822,,134.21233380869114,109.30712424448642,-32.32474498211763
D005_Pnative.anchor_512.raw,397846,,134.0599831033506,96.86193376013341,-30.241599795036322
D005_Pnative.anchor_512.raw,397958,,133.82374463299482,108.73519951391543,-30.468552469568337
D005_Pnative.anchor_512.raw,398086,,133.76647370212905,93.56728362433061,-30.70286470830895
D005_Pnative.anchor_512.raw,398521,,134.23867363147917,94.80592067440617,-32.12154564022896
D005_Pnative.anchor_512.raw,398731,,133.86181679872124,108.41456360749478,-31.087556389566494
D005_Pnative.anchor_512.raw,399073,,134.11106130164396,101.61607852696599,-30.227460059824907
D005_Pnative.anchor_512.raw,399152,,133.96323551810573,99.28492854084205,-29.448727485492068
D005_Pnative.anchor_512.raw,399204,,133.97778370470846,100.0367469251504,-29.46410847575908
D005_Pnative.anchor_512.raw,399699,,134.17321961439885,99.90568505757378,-29.442101840091034
D005_Pnative.anchor_512.raw,400104,,134.02753093126145,99.16087137946354,-31.4386723800083
D005_Pnative.anchor_512.raw,400149,,133.81530665912868,111.00284397597167,-29.458415038701606
D005_Pnative.anchor_512.raw,400725,,133.75282857249505,96.01916885104728,-29.40563898626276
D005_Pnative.anchor_512.raw,401012,,134.17626987867624,104.16175367066519,-29.608949060593645
D005_Pnative.anchor_512.raw,401089,,134.13366087274753,111.04348829710736,-30.073473509569816
D005_Pnative.anchor_512.raw,401470,,134.03449895983698,109.8725403588679,-32.25863538599809
D005_Pnative.anchor_512.raw,401541,,134.09371517674248,102.64910080479089,-30.922614163385404
D005_Pnative.anchor_512.raw,401608,,133.97612073993588,98.91668603294588,-30.56399854629866
D005_Pnative.anchor_512.raw,401734,,134.04552223328875,111.20128822814384,-29.48915566638275
D005_Pnative.anchor_512.raw,401868,,134.1422543515164,106.02725035119812,-31.35916682174968
D005_Pnative.anchor_512.raw,401957,,133.9065783131837,108.58085527105825,-31.009135188685683
D005_Pnative.anchor_512.raw,401978,,133.9778464430311,101.53980191423418,-31.488402271211914
D005_Pnative.anchor_512.raw,402024,,134.01258271398396,110.46344621934786,-29.50689493086249
D005_Pnative.anchor_512.raw,402406,,134.07289997865027,105.08176919303372,-30.025552271148
D005_Pnative.anchor_512.raw,402863,,134.02113017995538,97.2876203280219,-31.70950290009576
D005_Pnative.anchor_512.raw,403042,,133.8477786032948,92.06519716272234,-29.40629854808422
D005_Pnative.anchor_512.raw,403198,,134.19398790052966,94.85955271981464,-32.09682014107939
D005_Pnative.anchor_512.raw,403327,,134.02361322111736,106.21536240076033,-31.1047672786322
D005_Pnative.anchor_512.raw,403487,,133.96642490460135,105.08285626675773,-30.016403350003444
D005_Pnative.anchor_512.raw,404323,,134.03115344087593,107.08258045949474,-29.46584507406179
D005_Pnative.anchor_512.raw,404424,,133.92288244906422,93.18935155543534,-32.21537754092784
D005_Pnative.anchor_512.raw,404751,,134.06405856387752,105.66136414474173,-30.108304057885483
D005_Pnative.anchor_512.raw,404752,,134.00002720660774,101.98840721109255,-30.072838838251982
D005_Pnative.anchor_512.raw,405235,,133.99848904467456,92.93092981651735,-31.63883899029209
D005_Pnative.anchor_512.raw,405297,,134.10285322355185,109.80101644182135,-30.030131938432913
D005_Pnative.anchor_512.raw,405323,,133.78267757499407,108.32892528348458,-32.82854809567966
D005_Pnative.anchor_512.raw,405326,,134.24799771033298,107.6306820466463,-29.42415327170559
D005_Pnative.anchor_512.raw,405393,,133.96584493598027,96.69483524337127,-31.37955827682905
D005_Pnative.anchor_512.raw,405534,,133.94649304808928,111.1796172357924,-29.468220911452647
D005_Pnative.anchor_512.raw,405988,,134.05684322624612,110.61666791002182,-30.142843536872427
D005_Pnative.anchor_512.raw,406104,,133.77036069331132,110.02981961329843,-32.44277152607498
D005_Pnative.anchor_512.raw,406197,,134.01728581141384,99.50814272128775,-29.46030814266405
D005_Pnative.anchor_512.raw,406392,,134.0803344636011,93.69986383736511,-32.27098815684651
D005_Pnative.anchor_512.raw,406489,,133.91750874068083,106.8407770916985,-29.63089892948954
D005_Pnative.anchor_512.raw,406997,,133.84392848217,109.09486575074175,-32.31977447234665
D005_Pnative.anchor_512.raw,407245,,134.11687427562975,103.8948151963616,-31.023738799653707
D005_Pnative.anchor_512.raw,407837,,133.78817070291174,108.57298578241027,-30.907200838385712
D005_Pnative.anchor_512.raw,407843,,134.13594455776965,106.43261149947732,-30.60034840457983
D005_Pnative.anchor_512.raw,408172,,133.96612693302444,93.5529107576915,-30.679521208859203
D005_Pnative.anchor_512.raw,408283,,133.91980224754735,99.16771783348034,-31.422199938819933
D005_Pnative.anchor_512.raw,408495,,134.23614889018532,98.7969549715695,-29.540546796289973
D005_Pnative.anchor_512.raw,408539,,134.17516609802237,98.79935865787235,-29.538512450269955
D005_Pnative.anchor_512.raw,408675,,133.7900653378796,102.66471332057296,-30.76154598029258
D005_Pnative.anchor_512.raw,408917,,134.22370450359975,104.63032743448399,-29.855991029209978
D005_Pnative.anchor_512.raw,408959,,133.86552262307404,98.15773341436619,-31.872837727220194
D005_Pnative.anchor_512.raw,409223,,133.78753098845078,101.44431775791654,-31.46976640825094
D005_Pnative.anchor_512.raw,409262,,134.06005776137835,97.96606688928567,-31.912723564312024
D005_Pnative.anchor_512.raw,409335,,133.8187385807754,104.49895442480747,-31.245269434753354
D005_Pnative.anchor_512.raw,409629,,134.19663142325123,110.9400582171483,-29.834864100478608
D005_Pnative.anchor_512.raw,409683,,134.00390261488496,108.23145401726589,-32.43554250739036
D005_Pnative.anchor_512.raw,409714,,133.8019396771815,99.00847074332857,-30.51720070679452
D005_Pnative.anchor_512.raw,409833,,134.03718915047867,105.11753300379716,-31.59906741188801
D005_Pnative.anchor_512.raw,410072,,133.9636570517885,108.24791625926828,-29.680006912003783
D005_Pnative.anchor_512.raw,410184,,134.04136289853713,100.43310855148914,-31.082412690329505
D005_Pnative.anchor_512.raw,410298,,133.9063469453649,91.5187234051416,-29.43461977361006
D005_Pnative.anchor_512.raw,410579,,133.84608710517938,92.2480927713542,-29.435382179897662
D005_Pnative.anchor_512.raw,410802,,133.85099699970846,93.00287750782398,-30.741646228234742
D005_Pnative.anchor_512.raw,410884,,133.8997182303773,108.39356809482584,-29.878191504257163
D005_Pnative.anchor_512.raw,410981,,133.9345294649944,98.11947018962627,-29.8728392599949
D005_Pnative.anchor_512.raw,411358,,133.94135011766255,97.95703425047037,-30.000496204192196
D005_Pnative.anchor_512.raw,411792,,133.96043064917617,94.40038079169412,-32.27874194313245
D005_Pnative.anchor_512.raw,412499,,133.78451743840873,105.11126710205949,-31.481880558545804
D005_Pnative.anchor_512.raw,412569,,134.11474790609475,107.0174272200686,-29.48313562741272
D005_Pnative.anchor_512.raw,412846,,134.21084428886684,100.782190270548,-30.151293679384302
D005_Pnative.anchor_512.raw,412931,,133.86981821886016,91.53406085482294,-29.43130746526071
D005_Pnative.anchor_512.raw,413268,,134.0030059363058,107.16247249474999,-30.161493109898853
D005_Pnative.anchor_512.raw,413276,,134.1472930775492,97.08884601063392,-31.660107167144364
D005_Pnative.anchor_512.raw,413390,,134.0918400436055,92.74956069080059,-30.549181808620183
D005_Pnative.anchor_512.raw,413526,,133.97365962154444,103.5181565703518,-30.313586469838427
D005_Pnative.anchor_512.raw,413619,,134.02438970987205,93.20025837613565,-30.79373990086644
D005_Pnative.anchor_512.raw,413708,,134.00914650968963,98.63920393737322,-29.63696577627766
D005_Pnative.anchor_512.raw,413820,,134.0920509941791,99.29509620903077,-29.43232352400137
D005_Pnative.anchor_512.raw,414032,,133.77390302253335,107.83972922243416,-30.608187138481476
D005_Pnative.anchor_512.raw,414070,,133.9897953629925,100.78177600887163,-30.05121026860896
D005_Pnative.anchor_512.raw,414079,,134.17970784554086,102.45266140242451,-29.795955151636335
D005_Pnative.anchor_512.raw,414338,,134.23399273459745,98.94728109442075,-31.602268410991528
D005_Pnative.anchor_512.raw,414700,,134.14422474877665,104.58416521658316,-31.332205971611852
D005_Pnative.anchor_512.raw,414798,,133.9800173706942,98.93089388152819,-29.487468275141445
D005_Pnative.anchor_512.raw,414905,,134.17302562259576,102.59511823585638,-31.011469047198766
D005_Pnative.anchor_512.raw,415007,,133.83479268886725,104.70663154921233,-31.26707336257104
D005_Pnative.anchor_512.raw,415011,,134.17231727881108,100.56558722996382,-30.11794652692156
D005_Pnative.anchor_512.raw,415158,,134.21037499311348,106.45298441159281,-30.527064970354253
D005_Pnative.anchor_512.raw,415430,,134.00971010359234,93.73718622697652,-30.518901618037738
D005_Pnative.anchor_512.raw,415457,,134.01902576503937,90.11252657413466,-32.38866765988272
D005_Pnative.anchor_512.raw,415835,,133.8595612434337,101.18581151521127,-31.73397613456599
D005_Pnative.anchor_512.raw,416115,,134.2270102946461,106.92551499165718,-29.540761917086737
D005_Pnative.anchor_512.raw,416179,,133.95603019787467,104.0176583021038,-29.670598107964516
D005_Pnative.anchor_512.raw,416195,,134.05613444160528,108.42568970580962,-32.83768220224919
D005_Pnative.anchor_512.raw,416590,,133.76662730346297,95.37277994620882,-29.543445821309458
D005_Pnative.anchor_512.raw,416836,,134.1989658934594,98.75223388377748,-30.494696607891008
D005_Pnative.anchor_512.raw,416977,,134.13027004403594,106.28941591330087,-30.97955023760978
D005_Pnative.anchor_512.raw,417612,,134.2329603658938,98.56309398435324,-29.68240106462571
D005_Pnative.anchor_512.raw,417785,,134.1434926330122,108.25190068105017,-31.26239966850155
D005_Pnative.anchor_512.raw,417933,,134.21158658656483,104.94739330018722,-29.974669296581286
D005_Pnative.anchor_512.raw,417981,,134.23148506705834,106.49808474157246,-30.255754977085893
D005_Pnative.anchor_512.raw,418002,,133.97059451028818,107.82284035081256,-30.93804607672628
D005_Pnative.anchor_512.raw,418180,,133.8983922193925,90.54823242474284,-32.31678176970605
D005_Pnative.anchor_512.raw,419041,,134.0560000393218,101.01697154781071,-30.033911721821145
D005_Pnative.anchor_512.raw,419059,,134.23852485879053,91.85270099120746,-31.931974480944387
D005_Pnative.anchor_512.raw,419305,,134.21572960027115,92.47519994898776,-30.075924564526005
D005_Pnative.anchor_512.raw,419663,,133.98195454844046,97.39002694888218,-31.761010789633467
D005_Pnative.anchor_512.raw,420282,,134.20070486064967,93.7629335197677,-30.439959934495
D005_Pnative.anchor_512.raw,420360,,133.9379299877944,96.80371601157995,-31.39766923492624
D005_Pnative.anchor_512.raw,420641,,134.18768995783316,108.64807801316226,-30.253270802081268
D005_Pnative.anchor_512.raw,420846,,134.2418789833829,101.77530184876537,-31.626343645780942
D005_Pnative.anchor_512.raw,420984,,133.85096582035547,109.21798112373958,-32.36101620601157
D005_Pnative.anchor_512.raw,421101,,133.86242338280462,100.59237311673094,-29.930541427003188
D005_Pnative.anchor_512.raw,421349,,133.95940910162096,99.33350769797653,-31.169830186835334
D005_Pnative.anchor_512.raw,421552,,134.04588435426024,99.28347992677142,-29.43753030559463
D005_Pnative.anchor_512.raw,421738,,134.1645160820767,111.17686300361136,-29.57351280233183
D005_Pnative.anchor_512.raw,421974,,133.77436967770313,109.09261529723648,-32.343739454265325
D005_Pnative.anchor_512.raw,422069,,134.0507696917191,98.85765564627414,-30.45894222721212
D005_Pnative.anchor_512.raw,422089,,134.23445777622837,98.83443400054247,-31.65686906101803
D005_Pnative.anchor_512.raw,422095,,134.14506096750398,96.51245491316054,-29.805672434504118
D005_Pnative.anchor_512.raw,422144,,134.09512864861836,94.30749512793727,-30.021252896582133
D005_Pnative.anchor_512.raw,422302,,134.08958391926967,100.78902615386127,-31.463748331530514
D005_Pnative.anchor_512.raw,422336,,134.04139144253662,96.33664253892063,-31.4037661125976
D005_Pnative.anchor_512.raw,422577,,133.87001243353888,106.1294272137277,-30.021875373706113
D005_Pnative.anchor_512.raw,423002,,133.97963957145285,108.79765426607035,-32.669861819002584
D005_Pnative.anchor_512.raw,423375,,134.01518252485164,92.82483841768897,-30.596392926072838
D005_Pnative.anchor_512.raw,423517,,133.88353351539223,106.22108924337874,-31.134225743828278
D005_Pnative.anchor_512.raw,424313,,134.1801407674737,109.4636080206131,-32.63901317535747
D005_Pnative.anchor_512.raw,424729,,133.77329598813725,96.93132807031662,-30.016449911471852
D005_Pnative.anchor_512.raw,424755,,134.16003579528558,102.38759140586328,-31.269333193690844
D005_Pnative.anchor_512.raw,424887,,134.04533185692333,92.86336176062716,-30.663263044369923
D005_Pnative.anchor_512.raw,424950,,134.24739810084557,94.57816511822135,-32.26624416287769
D005_Pnative.anchor_512.raw,425219,,134.13754364989538,97.37021447335648,-31.872839521897404
D005_Pnative.anchor_512.raw,425548,,133.94602771821855,101.13913691326975,-29.96667217455693
D005_Pnative.anchor_512.raw,425572,,133.8328124139208,97.38660325448001,-30.464962827504422
D005_Pnative.anchor_512.raw,425696,,134.1166838662749,91.50085030436844,-32.034499276604265
D005_Pnative.anchor_512.raw,426018,,134.14577152798736,94.47061248840848,-29.9333746698667
D005_Pnative.anchor_512.raw,426088,,133.8380476184218,104.04495024290185,-31.12815752268555
D005_Pnative.anchor_512.raw,426333,,133.93545046354794,100.79765828659075,-32.913130826323965
D005_Pnative.anchor_512.raw,426835,,134.11218619603858,106.90832148999407,-29.5068351270238
D005_Pnative.anchor_512.raw,427051,,133.89204190267145,111.17179776454468,-29.472569995362182
D005_Pnative.anchor_512.raw,428183,,134.15157307084323,100.80809890245416,-30.133144165813686
D005_Pnative.anchor_512.raw,428577,,133.75413978996724,107.84967691654418,-30.609459821910022
D005_Pnative.anchor_512.raw,429094,,134.00091463520113,107.39430045535698,-30.298269979426195
D005_Pnative.anchor_512.raw,429380,,134.20015621686275,101.98800421306419,-31.49768965508996
D005_Pnative.anchor_512.raw,429453,,134.08756781868223,107.78346443749159,-31.002178815707687
D005_Pnative.anchor_512.raw,429463,,133.9895183331151,99.14387783664202,-31.463355920132734
D005_Pnative.anchor_512.raw,429564,,133.86621524972114,102.6644672031884,-29.751498393286496
D005_Pnative.anchor_512.raw,429663,,134.1466255043229,102.66066453951838,-30.91570423958902
D005_Pnative.anchor_512.raw,429782,,134.07783145758572,103.34269351378687,-30.32153753048024
D005_Pnative.anchor_512.raw,429800,,134.056947143362,97.3546644144775,-30.425118168116594
D005_Pnative.anchor_512.raw,429947,,133.90836178394684,95.4145092497204,-29.502073695847443
D005_Pnative.anchor_512.raw,430250,,134.11483149231813,98.62145886630645,-31.742619441921377
D005_Pnative.anchor_512.raw,430387,,134.0554154797781,106.43200948030241,-30.18278482478111
D005_Pnative.anchor_512.raw,430567,,133.86407756664016,93.08719576272058,-31.52080284700257
D005_Pnative.anchor_512.raw,430667,,133.83574505486143,110.10779266476983,-32.562504707627994
D005_Pnative.anchor_512.raw,430771,,133.9335094970734,93.56586428187815,-30.680656679033657
D005_Pnative.anchor_512.raw,430805,,133.89654194209896,98.6261449656481,-29.672286258263824
D005_Pnative.anchor_512.raw,431039,,134.23803208040957,96.18373206509752,-29.43038055324164
D005_Pnative.anchor_512.raw,431307,,134.22343525358488,92.52543030489164,-31.875322661795614
D005_Pnative.anchor_512.raw,431319,,134.01236033191717,91.46443449773355,-29.437585751632433
D005_Pnative.anchor_512.raw,431749,,134.19684565824406,90.01338522150718,-32.36841770435721
D005_Pnative.anchor_512.raw,431994,,134.02820621118764,92.61389440464804,-31.88094234874394
D005_Pnative.anchor_512.raw,432063,,134.11069325795515,96.63672558007387,-29.926879808494867
D005_Pnative.anchor_512.raw,432137,,134.24993714521446,105.01129852300843,-30.00094700524552
D005_Pnative.anchor_512.raw,432453,,133.77939760132614,110.41789211476542,-29.626956699875702
D005_Pnative.anchor_512.raw,432961,,134.19236050490306,108.59864070870302,-30.16637851389114
D005_Pnative.anchor_512.raw,433274,,134.02607220583934,104.04881491194885,-29.65210726526853
D005_Pnative.anchor_512.raw,433360,,133.86462248756206,90.72863726603039,-32.304964666921364
D005_Pnative.anchor_512.raw,433599,,134.01768117780827,97.81839331310529,-30.130472426010165
D005_Pnative.anchor_512.raw,433626,,133.87807966347785,95.06434597244947,-31.83670189637542
D005_Pnative.anchor_512.raw,433910,,134.05313150574474,103.6729373335591,-29.6226162457179
D005_Pnative.anchor_512.raw,434148,,134.05878958932493,105.38885995161279,-30.098538898627723
D005_Pnative.anchor_512.raw,434332,,133.76612031306234,95.78855085205174,-31.511552018031832
D005_Pnative.anchor_512.raw,434665,,133.98069030609412,107.97012929230796,-29.508264834536206
D005_Pnative.anchor_512.raw,434692,,134.1188008611268,105.87056792731747,-30.062788317832705
D005_Pnative.anchor_512.raw,434777,,134.20580014408455,91.41769952019007,-29.43398483262097
D005_Pnative.anchor_512.raw,434779,,134.20389010187043,92.40090557567905,-29.65339667608773
D005_Pnative.anchor_512.raw,435084,,133.96118023943936,108.58046075527157,-32.744491041640885
D005_Pnative.anchor_512.raw,435452,,133.94960384532524,95.7319918228091,-31.649556847523893
D005_Pnative.anchor_512.raw,435494,,134.01162585058773,102.8269035787724,-30.666907670128566
D005_Pnative.anchor_512.raw,435547,,133.941996578665,98.54950151970132,-29.675983831380663
D005_Pnative.anchor_512.raw,435592,,134.01590242376062,104.29401092595774,-31.320473041919005
D005_Pnative.anchor_512.raw,435682,,134.1865069941009,110.22905722560145,-30.130047843334953
D005_Pnative.anchor_512.raw,435846,,134.05230625034633,101.12316152056884,-30.01193237142177
D005_Pnative.anchor_512.raw,436138,,134.0066902341389,92.85158874632235,-30.62471120034909
D005_Pnative.anchor_512.raw,436210,,134.2203183603287,103.80876091160782,-30.808369276599556
D005_Pnative.anchor_512.raw,436263,,134.08496474546456,107.15320115377554,-29.454524364472945
D005_Pnative.anchor_512.raw,436358,,133.90806969322563,102.90097929203624,-30.531048038349923
D005_Pnative.anchor_512.raw,436520,,133.84638133914598,103.29890328360895,-30.257186548916557
D005_Pnative.anchor_512.raw,436529,,133.76697788321235,102.57639444090944,-30.892490105411902
D005_Pnative.anchor_512.raw,436647,,134.10350516150828,109.91100257255579,-32.23775981429576
D005_Pnative.anchor_512.raw,437157,,133.9911136863886,105.97383004344579,-31.47250111143816
D005_Pnative.anchor_512.raw,437383,,133.814669802639,95.65975345192487,-29.45597186133121
D005_Pnative.anchor_512.raw,437601,,133.7717906286029,93.44550172493997,-32.21518239554479
D005_Pnative.anchor_512.raw,437919,,133.8175129658217,109.83932586783892,-32.31609114475691
D005_Pnative.anchor_512.raw,438033,,133.77834817874208,97.09933500801701,-30.30417803358562
D005_Pnative.anchor_512.raw,438309,,133.92419876384875,104.74318509671173,-29.87466062788394
D005_Pnative.anchor_512.raw,438398,,134.18116456770173,107.99346659840789,-29.490277511828246
D005_Pnative.anchor_512.raw,438520,,134.0940347521033,100.29818924588685,-30.931662669132816
D005_Pnative.anchor_512.raw,439326,,133.83236954748358,95.0410340575292,-29.7006822778109
D005_Pnative.anchor_512.raw,439492,,133.93129198557557,106.39929703405951,-30.67715543256307
D005_Pnative.anchor_512.raw,439667,,134.2323674854971,97.78864974092978,-30.119653111829248
D005_Pnative.anchor_512.raw,439945,,133.88240161178192,105.25865360669926,-30.103196794869422
D005_Pnative.anchor_512.raw,440379,,134.02453646339353,91.6094895972212,-29.415498689224012
D005_Pnative.anchor_512.raw,440692,,133.797864568961,95.29534111795087,-29.57767960854289
D005_Pnative.anchor_512.raw,440850,,133.7586423854558,91.83544953248219,-31.936001262226274
D005_Pnative.anchor_512.raw,441132,,134.2445292536833,108.7212978932347,-30.41190836784414
D005_Pnative.anchor_512.raw,441139,,133.88413887618356,96.79763744654608,-29.937503260602018
D005_Pnative.anchor_512.raw,441179,,134.15969943425696,109.29662224834885,-32.7275930714311
D005_Pnative.anchor_512.raw,441609,,134.189736439747,109.01615532507272,-32.79874907025335
D005_Pnative.anchor_512.raw,441743,,134.03374673225477,100.629870064342,-30.093094091305584
D005_Pnative.anchor_512.raw,442200,,134.11981474412838,90.83504515398474,-29.674636860587018
D005_Pnative.anchor_512.raw,442213,,133.93776903241903,95.10401489427842,-31.81749431439155
D005_Pnative.anchor_512.raw,442352,,133.98620410840275,102.63564593210374,-29.737458970337496
D005_Pnative.anchor_512.raw,442636,,134.18416286218186,95.95362242798805,-29.39667816171147
D005_Pnative.anchor_512.raw,443009,,133.8341393269747,108.66701690943466,-30.80978071792127
D005_Pnative.anchor_512.raw,443118,,134.20442209243583,96.92466098777618,-31.63867160693032
D005_Pnative.anchor_512.raw,443153,,133.93008562668663,92.68387848094257,-31.843157935774336
D005_Pnative.anchor_512.raw,443331,,134.03600534656584,99.84765847796515,-29.46201936916257
D005_Pnative.anchor_512.raw,443392,,134.02322032868688,105.98158776455625,-31.531188408547976
D005_Pnative.anchor_512.raw,443531,,133.7821496239695,90.01649907792283,-30.39041946058142
D005_Pnative.anchor_512.raw,444223,,134.23183346147215,92.62352624781158,-31.83176480959236
D005_Pnative.anchor_512.raw,444443,,134.1835671083092,103.69464212524511,-29.54003201401218
D005_Pnative.anchor_512.raw,444445,,133.79077086647462,108.53750276855281,-30.189835407254687
D005_Pnative.anchor_512.raw,445100,,133.76550640921832,110.69479307472056,-29.96834429282474
D005_Pnative.anchor_512.raw,445106,,134.24951190510592,101.762136419695,-30.174151096569688
D005_Pnative.anchor_512.raw,445228,,134.23513700376918,101.4931675920553,-30.225718311415918
D005_Pnative.anchor_512.raw,445488,,134.01575738630999,90.84113157688307,-32.29299200850439
D005_Pnative.anchor_512.raw,445897,,134.11286974935626,110.89077325659758,-29.46761287882027
D005_Pnative.anchor_512.raw,445902,,133.81388290750704,96.66355822207288,-29.68269766147845
D005_Pnative.anchor_512.raw,445944,,133.84651988961562,100.4376868290054,-29.696227026304946
D005_Pnative.anchor_512.raw,445946,,134.2122597187509,92.9295129125309,-30.83698459039885
D005_Pnative.anchor_512.raw,446461,,133.8811179997869,93.32125007281589,-30.75319584054797
D005_Pnative.anchor_512.raw,446493,,133.98767437525828,110.49560744556467,-29.489354777691595
D005_Pnative.anchor_512.raw,446769,,134.1457502852786,95.96681049691968,-29.3951417982473
D005_Pnative.anchor_512.raw,446891,,134.20331778540535,109.93673698964426,-30.08664121670937
D005_Pnative.anchor_512.raw,447389,,133.8806692220391,96.51813804956855,-31.27355006123647
D005_Pnative.anchor_512.raw,447491,,134.06852567662335,111.99871053652676,-32.50585303280195
D005_Pnative.anchor_512.raw,447650,,134.2319913342656,92.84700715927983,-30.755044940624455
D005_Pnative.anchor_512.raw,447768,,133.7588747889683,94.45620006948842,-32.27567597429379
D005_Pnative.anchor_512.raw,447976,,133.92343286277656,106.41520927124355,-30.04421188110236
D005_Pnative.anchor_512.raw,448182,,134.19073975971068,99.48682584747176,-30.98489297829419
D005_Pnative.anchor_512.raw,448532,,134.0585326282203,108.37902677917012,-29.855205542473268
D005_Pnative.anchor_512.raw,449432,,134.1037610715756,94.64619388577708,-29.833876659510086
D005_Pnative.anchor_512.raw,449466,,134.23936128090716,92.46619088770618,-31.87382064684582
D005_Pnative.anchor_512.raw,449568,,133.96630319934087,95.77255366275489,-29.42615078393876
D005_Pnative.anchor_512.raw,449570,,134.208513867918,100.48556965898726,-30.107084097811573
D005_Pnative.anchor_512.raw,449664,,133.75405612551805,108.49665378064377,-30.128570962547084
D005_Pnative.anchor_512.raw,449790,,133.85699451361015,97.89889298322797,-31.887730552090932
D005_Pnative.anchor_512.raw,449843,,133.89441856558105,102.56930664620009,-29.79272922923498
D005_Pnative.anchor_512.raw,450003,,134.0665274165423,94.13102026507666,-32.20085631854444
D005_Pnative.anchor_512.raw,450602,,134.08493913828428,96.01636946455157,-29.388429150994128
D005_Pnative.anchor_512.raw,450768,,134.00476707418312,105.4853011987127,-30.106563426645888
D005_Pnative.anchor_512.raw,450857,,134.0479035160583,94.98390100125522,-29.689492526637835
D005_Pnative.anchor_512.raw,450932,,133.9028689953015,94.52111513250975,-29.92934261832651
D005_Pnative.anchor_512.raw,451176,,134.1353419980395,103.85294116587158,-30.91149205944123
D005_Pnative.anchor_512.raw,451192,,134.11767461411085,100.62789127797853,-31.28170478385553
D005_Pnative.anchor_512.raw,451834,,134.20435232469168,108.94847102677544,-32.7617955545639
D005_Pnative.anchor_512.raw,451994,,133.9626131581589,109.78002099145166,-32.64116452675758
D005_Pnative.anchor_512.raw,452051,,134.24000839880898,101.53553005461741,-31.772977901587865
D005_Pnative.anchor_512.raw,452307,,133.98299111331835,108.28137562747949,-32.41666703684085
D005_Pnative.anchor_512.raw,452751,,133.765076529377,98.38172388394611,-30.57081450417828
D005_Pnative.anchor_512.raw,452822,,134.10081204181404,108.16161280017457,-32.642281940264056
D005_Pnative.anchor_512.raw,452983,,134.23871678597956,93.82141739016843,-30.377166119231493
D005_Pnative.anchor_512.raw,453457,,133.96478874641087,108.61156790505979,-32.71918301956106
D005_Pnative.anchor_512.raw,453476,,133.94129216813232,107.12370217185426,-29.453025740394978
D005_Pnative.anchor_512.raw,453607,,134.08924984893022,96.52900397951719,-29.768005987785514
D005_Pnative.anchor_512.raw,453626,,134.14390567807084,111.90227547495803,-32.554716444592074
D005_Pnative.anchor_512.raw,453681,,133.91178547827133,108.41984594089364,-32.36507223528427
D005_Pnative.anchor_512.raw,453811,,134.22681219066507,106.92356117685438,-29.59077574622365
D005_Pnative.anchor_512.raw,453872,,133.83623076773185,108.52121793413787,-32.3298701495776
D005_Pnative.anchor_512.raw,453983,,134.01878358709345,110.04524816002429,-30.05876916570776
D005_Pnative.anchor_512.raw,454216,,133.8355947263958,98.41480760996468,-29.80862193385078
D005_Pnative.anchor_512.raw,454301,,133.80148771087332,108.22706557537597,-31.163238996537537
D005_Pnative.anchor_512.raw,454519,,133.8576607513993,93.37453499124989,-30.725055959280233
D005_Pnative.anchor_512.raw,454615,,134.21719638921616,101.56083860051785,-31.72466495525039
D005_Pnative.anchor_512.raw,455160,,134.2494812677644,109.85985301944231,-30.083059403941075
D005_Pnative.anchor_512.raw,455237,,133.99544020729948,107.12611921005345,-30.14972524000982
D005_Pnative.anchor_512.raw,455273,,133.8387094769178,94.7208212758092,-32.208033488468175
D005_Pnative.anchor_512.raw,455420,,133.81710509713514,100.32123583962499,-30.953787774076975
D005_Pnative.anchor_512.raw,455510,,134.0592475281788,111.10991528250315,-29.486243972701423
D005_Pnative.anchor_512.raw,455584,,133.84399556214288,108.87168271659033,-32.645629323296845
D005_Pnative.anchor_512.raw,455610,,134.17289015006267,98.25623672307458,-31.868029175702784
D005_Pnative.anchor_512.raw,455678,,133.92788397393286,98.55675732751229,-31.749463094642962
D005_Pnative.anchor_512.raw,455775,,134.07053768498497,106.8689657614165,-29.611518981609116
D005_Pnative.anchor_512.raw,455826,,134.0684958879741,97.61765562550048,-30.35084073311257
D005_Pnative.anchor_512.raw,456223,,134.01830124252427,100.20027503498528,-32.8799778561625
D005_Pnative.anchor_512.raw,456259,,134.05485505093316,103.53314665004237,-30.344134548053354
D005_Pnative.anchor_512.raw,456520,,133.96305296531605,94.82228083607356,-29.77045691521
D005_Pnative.anchor_512.raw,456734,,134.18870070202746,100.33290465726614,-30.017053164014904
D005_Pnative.anchor_512.raw,456834,,134.03528999361265,108.13036418677727,-32.5240583371202
D005_Pnative.anchor_512.raw,457152,,133.95820241603502,108.88502514148277,-32.65436224676788
D005_Pnative.anchor_512.raw,457216,,133.93619528850323,100.87277781945117,-31.507419959628237
D005_Pnative.anchor_512.raw,458650,,134.1694190364928,92.89090899733426,-30.7728635270374
D005_Pnative.anchor_512.raw,458671,,134.23391746394518,92.40802536367416,-29.791950891874748
D005_Pnative.anchor_512.raw,459121,,134.22090793705797,100.40722720901641,-32.984501359839996
D005_Pnative.anchor_512.raw,459468,,133.85238672230918,94.51966443258434,-29.943379337103423
D005_Pnative.anchor_512.raw,459513,,133.8793002069484,107.70647352108767,-30.51162806892834
D005_Pnative.anchor_512.raw,459560,,134.1046553719628,103.22035257570226,-29.45605755278041
D005_Pnative.anchor_512.raw,459659,,134.2390850990681,95.05306027179516,-31.98221965199233
D005_Pnative.anchor_512.raw,459671,,133.9235066354417,90.16623045244108,-30.244291871047096
D005_Pnative.anchor_512.raw,459840,,134.12292944526644,100.15907969126702,-30.787325362224575
D005_Pnative.anchor_512.raw,460097,,133.75303721264737,100.6523082254691,-31.320946868017348
D005_Pnative.anchor_512.raw,460304,,133.9822325637319,111.20436117535363,-29.47992452547343
D005_Pnative.anchor_512.raw,460419,,134.07012617685643,103.8156890656166,-29.659689104481938
D005_Pnative.anchor_512.raw,460433,,134.03545006711227,96.85358543649609,-31.479451596203823
D005_Pnative.anchor_512.raw,460564,,133.88318520190748,107.73669082076191,-30.5480983931978
D005_Pnative.anchor_512.raw,460797,,134.04086243175416,111.95978533857493,-32.57644014370334
D005_Pnative.anchor_512.raw,461201,,133.88830210822618,102.93818705090686,-30.474539777004026
D005_Pnative.anchor_512.raw,461227,,133.89826787625236,98.33419252257856,-30.183723622617407
D005_Pnative.anchor_512.raw,461363,,134.01151756422746,106.12273947768776,-30.003161093086085
D005_Pnative.anchor_512.raw,461557,,133.81507377379575,99.03832330400101,-31.534916950135525
D005_Pnative.anchor_512.raw,462319,,133.7835353087662,90.91424603574671,-29.661689045338704
D005_Pnative.anchor_512.raw,462329,,133.98427998269278,100.78855433029518,-31.44041223632306
D005_Pnative.anchor_512.raw,462449,,134.1324346261958,94.66166592266634,-32.23974399358032
D005_Pnative.anchor_512.raw,462968,,134.054441482722,102.00526926214275,-30.064127145216727
D005_Pnative.anchor_512.raw,463335,,133.87868892552504,92.26114385960969,-31.941956969284664
D005_Pnative.anchor_512.raw,463703,,133.92461128859827,91.03596708269689,-29.583349104951306
D005_Pnative.anchor_512.raw,463816,,134.05133597164956,99.91502633727085,-29.457929766939422
D005_Pnative.anchor_512.raw,463840,,134.0753734598853,110.87728395033993,-29.90269491411335
D005_Pnative.anchor_512.raw,464287,,134.0286743715707,110.91097822338409,-29.946402393602497
D005_Pnative.anchor_512.raw,464535,,133.87288611590478,94.57449309867765,-32.32994279877007
D005_Pnative.anchor_512.raw,464609,,133.77703976077765,101.31185059305501,-30.026169440939576
D005_Pnative.anchor_512.raw,464764,,134.10224544379787,96.31169258792707,-29.478834827167688
D005_Pnative.anchor_512.raw,464782,,134.24775217051132,92.82414571520971,-31.73321397105907
D005_Pnative.anchor_512.raw,464932,,133.87173176309983,93.5933563911737,-30.67867287050743
D005_Pnative.anchor_512.raw,465255,,133.86217849598654,111.08284936501691,-29.463423441506272
D005_Pnative.anchor_512.raw,465346,,133.78913970402962,110.47191944611345,-29.509780229201894
D005_Pnative.anchor_512.raw,465585,,134.05556924685,111.14918412175945,-29.68850578145972
D005_Pnative.anchor_512.raw,465640,,133.8137170973123,108.37390925301953,-29.77053475534825
D005_Pnative.anchor_512.raw,465736,,134.03013592465314,103.54517454141325,-30.337496817771175
D005_Pnative.anchor_512.raw,465838,,133.99684520147733,97.84190501200263,-30.109655085435364
D005_Pnative.anchor_512.raw,466045,,134.11466837227573,92.89694607067497,-32.0865926084475
D005_Pnative.anchor_512.raw,466080,,134.21820302336943,91.49753659446051,-32.03981414338497
D005_Pnative.anchor_512.raw,466460,,133.96285726545457,99.51366875495432,-30.960406094888505
D005_Pnative.anchor_512.raw,466596,,134.20297049848304,108.69611446071411,-31.07329209388177
D005_Pnative.anchor_512.raw,466703,,133.93797460757295,100.30564474537603,-30.953410140773496
D005_Pnative.anchor_512.raw,466947,,134.05511617322142,107.21449217991997,-29.441737888753515
D005_Pnative.anchor_512.raw,467746,,134.11770997843752,104.72264074902478,-31.373738625480517
D005_Pnative.anchor_512.raw,468331,,134.19700706250086,94.99709373429457,-32.04034017940508
D005_Pnative.anchor_512.raw,468475,,133.9613141912348,104.94130323074704,-31.455929459682203
D005_Pnative.anchor_512.raw,468797,,133.95647848879855,95.16397135929992,-31.81044715076131
D005_Pnative.anchor_512.raw,468807,,133.96965048514616,108.64681558002273,-32.69028233283037
D005_Pnative.anchor_512.raw,468901,,134.13556732097484,100.83101918960077,-31.5119519173209
D005_Pnative.anchor_512.raw,469030,,134.0761193162006,108.23586576724912,-29.624296961537222
D005_Pnative.anchor_512.raw,469032,,133.85115978111145,101.56197771969329,-31.405466248959428
D005_Pnative.anchor_512.raw,469287,,134.16728487973833,93.73644661166509,-32.27939028794659
D005_Pnative.anchor_512.raw,469481,,133.81159097606258,93.38441734107388,-30.705074907265523
D005_Pnative.anchor_512.raw,469559,,133.91372903583743,99.19318016034232,-29.444878023337353
D005_Pnative.anchor_512.raw,469564,,133.77505043838977,104.0794125619984,-29.570662713109336
D005_Pnative.anchor_512.raw,469899,,133.96458504608495,102.46148302468055,-31.113745470285462
D005_Pnative.anchor_512.raw,469997,,134.17695642607296,92.91433681278494,-31.86718040634135
D005_Pnative.anchor_512.raw,470015,,133.98183426086698,102.95551073046877,-29.552087046337537
D005_Pnative.anchor_512.raw,470191,,133.89242160044344,111.15834399288161,-29.470398973122222
D005_Pnative.anchor_512.raw,470830,,133.97497261728472,108.24822103478763,-31.255521569012
D005_Pnative.anchor_512.raw,470861,,133.94054395282606,105.05812793807648,-31.52075224966897
D005_Pnative.anchor_512.raw,470897,,134.20359532215647,104.23767501370222,-31.33208622040673
D005_Pnative.anchor_512.raw,470967,,134.08730539937048,102.27105786812828,-29.905146944514875
D005_Pnative.anchor_512.raw,471055,,134.15604692014793,93.05080001627671,-31.34176186687217
D005_Pnative.anchor_512.raw,471168,,134.1710317469861,94.4166050782018,-32.23316335444232
D005_Pnative.anchor_512.raw,471379,,134.2481268143597,111.9567072326417,-32.489020727392834
D005_Pnative.anchor_512.raw,471457,,133.97107559763492,92.86434054320263,-31.696571524436408
D005_Pnative.anchor_512.raw,471478,,134.22311721322666,92.95341859094579,-30.868932569013502
D005_Pnative.anchor_512.raw,471781,,133.98827669234447,92.12320790527764,-29.43290645742652
D005_Pnative.anchor_512.raw,471785,,133.9503624228755,90.14236629062951,-30.263994500862072
D005_Pnative.anchor_512.raw,471836,,133.982150510341,108.34362558005049,-31.19992673347667
D005_Pnative.anchor_512.raw,471881,,133.85919989985905,99.15850742664739,-31.423387078283596
D005_Pnative.anchor_512.raw,472003,,134.22278194161547,93.44885304432344,-30.643003804533798
D005_Pnative.anchor_512.raw,472197,,134.04199294270748,107.78448361533243,-29.47454742689822
D005_Pnative.anchor_512.raw,472531,,133.92962007043778,91.02698034575332,-32.27924545753764
D005_Pnative.anchor_512.raw,472753,,134.2093140882312,92.90746054337697,-32.08240543366563
D005_Pnative.anchor_512.raw,473089,,134.1653496728022,97.29114587563174,-30.458277641433355
D005_Pnative.anchor_512.raw,473881,,133.80048718992003,110.93376737599547,-29.449965321234192
D005_Pnative.anchor_512.raw,473984,,133.7799965165587,98.81468166468568,-30.28665820289281
D005_Pnative.anchor_512.raw,474209,,134.05304352447592,100.561621525759,-30.080279197895493
D005_Pnative.anchor_512.raw,474279,,134.2396599409592,109.24919268622537,-32.332548476983774
D005_Pnative.anchor_512.raw,474436,,133.79500776927202,104.94372823369918,-29.868451310612876
D005_Pnative.anchor_512.raw,474552,,133.8713057779526,108.30906838945565,-32.38818809882178
D005_Pnative.anchor_512.raw,474581,,134.14837179883807,106.79694685771642,-29.85451604628836
D005_Pnative.anchor_512.raw,474658,,134.13645876207875,100.33798949081601,-29.791276526194054
D005_Pnative.anchor_512.raw,474826,,133.86046006795186,97.32629310620628,-31.676285746465744
D005_Pnative.anchor_512.raw,475030,,134.09612295266106,103.79615266283267,-30.50237025062271
D005_Pnative.anchor_512.raw,475260,,133.9961985883963,98.64935634825359,-30.273689734967505
D005_Pnative.anchor_512.raw,475298,,134.24409073237456,105.1481316562902,-30.092228788176378
D005_Pnative.anchor_512.raw,475355,,133.96487662844214,98.9265738843018,-31.596640419561467
D005_Pnative.anchor_512.raw,475398,,133.80139351853998,98.94334838453828,-30.384339273858284
D005_Pnative.anchor_512.raw,475430,,133.83982375436403,98.98973208036769,-30.446813101989743
D005_Pnative.anchor_512.raw,475572,,133.93752924756382,93.05869115910438,-30.84225812139093
D005_Pnative.anchor_512.raw,475934,,134.11819728783468,108.68814921558688,-32.61498724343932
D005_Pnative.anchor_512.raw,476024,,133.80876339695774,108.32633331893601,-31.10701059037484
D005_Pnative.anchor_512.raw,476058,,133.8172994689329,105.99646815350997,-31.409826623579804
D005_Pnative.anchor_512.raw,476066,,134.08903277302412,100.52747364901106,-32.918260491788786
D005_Pnative.anchor_512.raw,476123,,133.968874217222,91.18544243442663,-32.20540669155669
D005_Pnative.anchor_512.raw,476146,,134.1624876652342,107.64117807092421,-29.43754100569405
D005_Pnative.anchor_512.raw,476405,,134.01636533045829,99.9910779940335,-30.795627600777088
D005_Pnative.anchor_512.raw,476713,,133.90819351280606,106.84008541904691,-29.853203084447248
D005_Pnative.anchor_512.raw,476795,,133.8736817413564,93.09165759838052,-32.18318495434684
D005_Pnative.anchor_512.raw,476894,,133.95058939185319,97.14318973383325,-31.541204067272957
D005_Pnative.anchor_512.raw,476942,,134.15948629244414,108.34242494983238,-29.764643253743042
D005_Pnative.anchor_512.raw,476982,,134.24097244901162,91.98041643375281,-31.928487862154906
D005_Pnative.anchor_512.raw,477275,,133.93177597374225,93.06603206405255,-31.62813908929367
D005_Pnative.anchor_512.raw,477423,,134.01389162248984,99.83070178411852,-30.829003669447097
D005_Pnative.anchor_512.raw,477890,,133.7923477044451,99.93293359669245,-29.476198958406147
D005_Pnative.anchor_512.raw,477976,,133.83925376610233,103.99706255650719,-31.076974861292847
D005_Pnative.anchor_512.raw,478066,,133.84743030357853,110.21033634358801,-32.53658836768847
D005_Pnative.anchor_512.raw,478147,,133.79603939579044,100.72207749178767,-31.38110821251498
D005_Pnative.anchor_512.raw,478233,,133.96155196447734,93.06079909645734,-31.579640722429637
D005_Pnative.anchor_512.raw,478249,,133.7853702466529,108.72837209841045,-32.65063230781024
D005_Pnative.anchor_512.raw,478672,,134.1205166892476,99.69422456829476,-29.455330241366532
D005_Pnative.anchor_512.raw,478901,,133.98733483820203,109.66316069544584,-32.64577752497138
D005_Pnative.anchor_512.raw,478972,,134.21582209465748,96.76863276159952,-30.42957225908352
D005_Pnative.anchor_512.raw,479146,,133.86441133057798,92.71450789959368,-30.267209820745254
D005_Pnative.anchor_512.raw,479182,,133.76795574568317,97.3478148815714,-31.68815363405297
D005_Pnative.anchor_512.raw,479301,,133.97996619752882,92.44179078903811,-31.927584289835035
D005_Pnative.anchor_512.raw,479463,,133.975708216529,102.34639379048947,-31.209545994937706
D005_Pnative.anchor_512.raw,479585,,133.82111766058256,103.22860357927871,-29.45297778865833
D005_Pnative.anchor_512.raw,479641,,134.17107273930097,99.63192763840347,-30.881672393633455
D005_Pnative.anchor_512.raw,479775,,133.95508245964328,108.2353889394264,-29.66310673636064
D005_Pnative.anchor_512.raw,479922,,134.09152846561508,108.2046660489915,-32.82327506797669
D005_Pnative.anchor_512.raw,480014,,134.1286526498837,110.77637511344024,-29.45391137002058
D005_Pnative.anchor_512.raw,480056,,133.92467395506148,110.63620896997314,-30.119938897034558
D005_Pnative.anchor_512.raw,480128,,134.1949064952438,96.38135508284886,-29.5595458922178
D005_Pnative.anchor_512.raw,480426,,133.91470921752557,99.41059373055458,-31.047157126374582
D005_Pnative.anchor_512.raw,480560,,133.92351539377847,96.82266553244989,-30.02305183406778
D005_Pnative.anchor_512.raw,480608,,134.094119315039,97.94926945902887,-31.920823340187045
D005_Pnative.anchor_512.raw,480662,,133.82189388113017,109.86433584708897,-32.331348123406514
D005_Pnative.anchor_512.raw,480722,,133.91047774929228,108.06771244744502,-29.531818639653977
D005_Pnative.anchor_512.raw,480921,,133.78702810931816,107.1053152977108,-29.481614848494736
D005_Pnative.anchor_512.raw,481142,,134.10098470297643,96.82502349862389,-30.224965079000942
D005_Pnative.anchor_512.raw,481586,,133.80529014191765,108.41036982759721,-32.78216250069721
D005_Pnative.anchor_512.raw,481768,,133.81249436646226,110.18150541361022,-32.54611552475636
D005_Pnative.anchor_512.raw,481784,,134.09156524230622,99.83464410410365,-29.454967476161926
D005_Pnative.anchor_512.raw,482023,,133.88364445646704,110.67086499767542,-30.091511749557178
D005_Pnative.anchor_512.raw,482652,,134.10891126083305,94.55604143363396,-32.292565443267584
D005_Pnative.anchor_512.raw,482732,,134.03634848162392,107.06506894109306,-30.154696991895086
D005_Pnative.anchor_512.raw,482765,,133.99455209173237,101.06621477897146,-31.729505500731047
D005_Pnative.anchor_512.raw,482768,,134.03528306313183,99.65277364173764,-29.46800392008558
D005_Pnative.anchor_512.raw,482787,,134.00225147298997,110.06319808721321,-30.058018231946384
D005_Pnative.anchor_512.raw,482821,,133.86146059970824,108.12360148036568,-31.15168282599748
D005_Pnative.anchor_512.raw,482863,,134.02335531769234,109.91756724491127,-32.29435379936063
D005_Pnative.anchor_512.raw,483173,,134.07696582946298,103.1290978428833,-30.272177486499082
D005_Pnative.anchor_512.raw,483393,,133.85640374810666,96.55841966290048,-31.265222372827047
D005_Pnative.anchor_512.raw,483853,,133.83071284184038,105.47244918850845,-30.110962648444747
D005_Pnative.anchor_512.raw,484060,,134.13893436593452,101.72510159849011,-30.193142769862718
D005_Pnative.anchor_512.raw,484385,,134.10425945426886,97.03600780734826,-31.602668513992995
D005_Pnative.anchor_512.raw,485081,,133.78202897023593,90.05513993780329,-32.42378616615533
D005_Pnative.anchor_512.raw,485196,,134.1268293067097,98.10747401036261,-31.9170635620966
D005_Pnative.anchor_512.raw,485629,,134.13057728096445,96.93008579882672,-31.580167913384038
D005_Pnative.anchor_512.raw,486131,,133.76902052229565,104.01240259274445,-29.56068811957489
D005_Pnative.anchor_512.raw,486607,,134.11423773472086,97.65777215819136,-30.28804781598855
D005_Pnative.anchor_512.raw,486631,,133.80678170117244,96.96587418023856,-30.11634826379946
D005_Pnative.anchor_512.raw,486703,,133.99933553103443,92.91051396013054,-31.81664968371002
D005_Pnative.anchor_512.raw,487139,,133.9899256644037,97.71041376797254,-30.26749392786889
D005_Pnative.anchor_512.raw,487142,,133.88863211816758,107.75131042970602,-30.58183371552822
D005_Pnative.anchor_512.raw,487209,,134.0378190463239,100.7503030342243,-30.095218531423026
D005_Pnative.anchor_512.raw,487310,,134.0037103167168,109.84397081515579,-32.637121874510996
D005_Pnative.anchor_512.raw,487367,,134.10668058847227,92.57121790255117,-30.17710368055379
D005_Pnative.anchor_512.raw,487527,,134.04290767627407,105.93474987172954,-30.05418781807926
D005_Pnative.anchor_512.raw,487605,,133.7738587657259,99.71543336472249,-30.852347692224715
D005_Pnative.anchor_512.raw,487616,,134.06641615462655,100.8281518120566,-32.990756754055475
D005_Pnative.anchor_512.raw,488118,,134.1281914258215,99.3710012946966,-31.107645791603506
D005_Pnative.anchor_512.raw,488721,,134.15887542356097,102.68267615221042,-29.681527956253404
D005_Pnative.anchor_512.raw,488813,,133.7643415241605,103.97383780151594,-30.992938356414392
D005_Pnative.anchor_512.raw,488889,,133.88583411792558,98.6246817850854,-30.194653467560173
D005_Pnative.anchor_512.raw,488958,,133.8505406107161,98.50667144797423,-30.635619634290684
D005_Pnative.anchor_512.raw,489154,,133.79761389684668,97.15766495164371,-30.373515004927675
D005_Pnative.anchor_512.raw,489160,,134.11271622572906,109.46218899196788,-32.63958526570891
D005_Pnative.anchor_512.raw,489197,,134.123454939718,110.156584897956,-30.104946285717027
D005_Pnative.anchor_512.raw,489450,,133.91461568603904,102.05484531230483,-31.345028002684167
D005_Pnative.anchor_512.raw,489615,,134.18143703073815,93.10188086675042,-31.219819346135107
D005_Pnative.anchor_512.raw,489677,,134.08293674163173,107.16363043530394,-29.45233997768831
D005_Pnative.anchor_512.raw,489985,,134.23535779044497,108.58953388214823,-32.48592417297608
D005_Pnative.anchor_512.raw,490623,,133.7671059508757,98.09759313958398,-30.090569642236463
D005_Pnative.anchor_512.raw,490777,,133.77059692489303,94.31848521397357,-30.10445384898601
D005_Pnative.anchor_512.raw,490970,,133.96989971048714,110.787555688362,-30.126653665014498
D005_Pnative.anchor_512.raw,491050,,133.86335226776876,95.62801472352373,-29.455746838955605
D005_Pnative.anchor_512.raw,491239,,134.0814481770076,104.69628277753705,-31.335649478253682
D005_Pnative.anchor_512.raw,491364,,133.7572674082094,100.29954412619074,-32.85097374759522
D005_Pnative.anchor_512.raw,491729,,133.89832277087098,100.57491581587026,-29.943594654802048
D005_Pnative.anchor_512.raw,491871,,133.99250578826204,100.28275336755577,-29.597910758600417
D005_Pnative.anchor_512.raw,491923,,133.79805830629772,94.7847837073472,-29.825346378008362
D005_Pnative.anchor_512.raw,492113,,134.06275869545644,92.93895676885603,-31.789159059186797
D005_Pnative.anchor_512.raw,492288,,133.79228883175472,101.5660114029898,-31.393220360499033
D005_Pnative.anchor_512.raw,492426,,134.23992759197301,109.84069156744121,-29.967499272598662
D005_Pnative.anchor_512.raw,492467,,134.1899642115015,98.49617308796294,-29.709930986976723
D005_Pnative.anchor_512.raw,492647,,134.10752408172982,106.36842039079245,-30.87646861633889
D005_Pnative.anchor_512.raw,492957,,134.0361745737571,96.39831837578207,-29.506729876572816
D005_Pnative.anchor_512.raw,493371,,133.78095370247206,97.04131834662861,-31.434479478858545
D005_Pnative.anchor_512.raw,493568,,133.80166129324732,98.54064743230511,-31.765025926549388
D005_Pnative.anchor_512.raw,493974,,134.19800346301176,97.05167335489044,-31.686338981584633
D005_Pnative.anchor_512.raw,494171,,134.04342181680164,93.14754619184689,-32.23361172148667
D005_Pnative.anchor_512.raw,494473,,134.22058452100808,94.084364718842,-30.147094962278352
D005_Pnative.anchor_512.raw,494859,,134.07932839999114,103.3013049993343,-30.313213961918677
D005_Pnative.anchor_512.raw,495197,,134.22670856639402,107.52639532443655,-30.428788222241934
D005_Pnative.anchor_512.raw,495236,,133.89860592827674,94.38232252880562,-32.272254045518416
D005_Pnative.anchor_512.raw,495488,,134.16479053830494,110.03065905273586,-30.094382604844675
D005_Pnative.anchor_512.raw,495550,,134.02178763965455,97.83131366099614,-30.113813560889067
D005_Pnative.anchor_512.raw,495942,,133.8560634855885,100.31422274359835,-30.947573668048886
D005_Pnative.anchor_512.raw,495955,,134.20089261137784,90.8132701338297,-29.679676537041345
D005_Pnative.anchor_512.raw,495988,,134.14076171697542,96.84183909308173,-30.39490238977087
D005_Pnative.anchor_512.raw,496032,,133.87142574798924,110.3898483216138,-29.939622317601717
D005_Pnative.anchor_512.raw,496142,,133.94666999713266,95.33623078871447,-29.525156591481668
D005_Pnative.anchor_512.raw,496678,,133.96096967577984,108.55856911493973,-31.05892319802473
D005_Pnative.anchor_512.raw,496681,,133.92906312605695,93.52885138973838,-30.692864425481485
D005_Pnative.anchor_512.raw,496733,,134.01051985217993,96.72186314110681,-29.956874436403577
D005_Pnative.anchor_512.raw,496831,,134.03919707798696,91.86484886331124,-31.94370253435344
D005_Pnative.anchor_512.raw,497143,,134.09928396354752,109.39281478042821,-32.307089310502775
D005_Pnative.anchor_512.raw,497205,,133.90770271276926,100.85814495283367,-32.928458308992816
D005_Pnative.anchor_512.raw,497245,,133.85572474480725,96.8834508453437,-30.039748324543176
D005_Pnative.anchor_512.raw,497384,,133.79289987306095,93.19016220026586,-30.770788496432303
D005_Pnative.anchor_512.raw,497433,,134.00534174789524,90.547258057575,-32.30911216988625
D005_Pnative.anchor_512.raw,497483,,133.83670170403187,102.3331613092861,-31.192879249966715
D005_Pnative.anchor_512.raw,497591,,133.9695881494008,98.40176886801765,-31.796770785950223
D005_Pnative.anchor_512.raw,497740,,134.1332002662017,111.2713007689382,-29.514401923381755
D005_Pnative.anchor_512.raw,497865,,134.0213607449966,108.3767851436489,-29.863829215093308
D005_Pnative.anchor_512.raw,498183,,134.0036045661099,106.4264073465826,-30.140815327142775
D005_Pnative.anchor_512.raw,498223,,134.20281920061296,92.85940489717963,-31.967846844830355
D005_Pnative.anchor_512.raw,498235,,134.0955689971371,96.86313780445207,-30.302435162738657
D005_Pnative.anchor_512.raw,498382,,134.03529632766583,110.12793658490241,-32.41934864321807
D005_Pnative.anchor_512.raw,499048,,133.99973420299904,93.77484740477237,-32.24506442036447
D005_Pnative.anchor_512.raw,499220,,133.94079857212208,94.79018562410468,-32.182465024948876
D005_Pnative.anchor_512.raw,499652,,133.8212962912732,110.40918638431998,-30.020316073378474
D005_Pnative.anchor_512.raw,499707,,133.99780138811403,98.02203504397748,-29.960968238110414
D005_Pnative.anchor_512.raw,500167,,133.99383304767667,98.83186198523114,-31.64081591292075
D005_Pnative.anchor_512.raw,500505,,133.93785431086738,110.46192435809344,-30.10502861276417
D005_Pnative.anchor_512.raw,500520,,133.9154205336352,99.43790814398723,-31.015399685447868
D005_Pnative.anchor_512.raw,500583,,133.98726845057791,90.51714170610617,-32.31609634096937
D005_Pnative.anchor_512.raw,500699,,133.758631119227,93.05544497515885,-31.819786129869865
D005_Pnative.anchor_512.raw,500888,,133.88663635833854,96.17574338898626,-31.26461843214058
D005_Pnative.anchor_512.raw,501076,,134.17705912955586,102.53921899005354,-31.09163076961388
D005_Pnative.anchor_512.raw,501413,,133.80867922634428,110.58043391045058,-30.00168857970352
D005_Pnative.anchor_512.raw,502166,,134.18299351073338,95.00415939857393,-29.664731678999544
D005_Pnative.anchor_512.raw,502317,,134.03168440086253,94.12347675320065,-32.19564887273118
D005_Pnative.anchor_512.raw,502361,,134.08936476388328,92.6006290341332,-31.87882100412707
D005_Pnative.anchor_512.raw,502601,,133.77653482923586,93.05968900150114,-32.12951031287733
D005_Pnative.anchor_512.raw,502998,,134.15716156334452,106.2054076660026,-31.020916978964465
D005_Pnative.anchor_512.raw,503182,,134.00264362140396,92.49887514157389,-29.63280703430337
D005_Pnative.anchor_512.raw,504172,,134.12289284464384,96.37295050012486,-31.462938625284195
D005_Pnative.anchor_512.raw,504249,,133.7958449187335,99.20527768723257,-31.348885818344925
D005_Pnative.anchor_512.raw,504460,,133.93211426097503,95.34023357909723,-29.525416984662492
D005_Pnative.anchor_512.raw,504523,,134.13965621235732,98.57134824982244,-29.67480968265191
D005_Pnative.anchor_512.raw,504718,,133.89669639228464,92.9278632814757,-30.66374536693711
D005_Pnative.anchor_512.raw,504721,,134.17393605138906,105.59781908706861,-30.09694442894774
D005_Pnative.anchor_512.raw,504788,,134.23094018607225,90.31635339524198,-30.084101788458856
D005_Pnative.anchor_512.raw,504833,,134.04297362003243,97.32311689340746,-31.7565052362055
D005_Pnative.anchor_512.raw,504889,,133.9200530466914,96.10052016523795,-31.299872876125843
D005_Pnative.anchor_512.raw,504934,,133.82312834733546,92.91385093450924,-31.726355031755503
D005_Pnative.anchor_512.raw,505219,,134.00231431733076,108.5616318682257,-30.15300574785709
D005_Pnative.anchor_512.raw,505791,,133.94916246143094,108.05161011416328,-29.549834280904243
D005_Pnative.anchor_512.raw,505911,,134.0876744663228,109.0791358966373,-32.3189160435494
D005_Pnative.anchor_512.raw,506135,,133.77857410066662,91.15052040222903,-29.537475129368943
D005_Pnative.anchor_512.raw,506187,,133.82736987349773,102.57001524950276,-30.940261935887236
D005_Pnative.anchor_512.raw,506573,,133.9739126782797,94.42410614515677,-29.97962013923541
D005_Pnative.anchor_512.raw,506576,,133.7550735604282,109.77289289566187,-32.28217199513065
D005_Pnative.anchor_512.raw,506696,,134.010704717428,105.41262683180396,-31.659949856274196
D005_Pnative.anchor_512.raw,506815,,133.92170063918016,106.87323192988292,-30.022785873620027
D005_Pnative.anchor_512.raw,506841,,133.82416380606077,101.74724460949858,-30.204810881297078
D005_Pnative.anchor_512.raw,506851,,134.11640589939267,104.63215927784144,-29.850874104187806
D005_Pnative.anchor_512.raw,506862,,133.78607985586646,98.78404763743558,-30.267623208334264
D005_Pnative.anchor_512.raw,507273,,134.12905190440205,92.04163957131472,-31.93489298643719
D005_Pnative.anchor_512.raw,507373,,134.19061218230243,101.22869749085451,-30.128268956427007
D005_Pnative.anchor_512.raw,507432,,133.83436215184798,94.25816279900565,-30.129730773155448
D005_Pnative.anchor_512.raw,507751,,134.10847402236618,99.956876096552,-30.806436709252466
D005_Pnative.anchor_512.raw,507989,,134.194364493788,91.37619931045774,-29.441667700566914
D005_Pnative.anchor_512.raw,508185,,133.8773295126816,95.43053264696327,-29.501185256115534
D005_Pnative.anchor_512.raw,508717,,133.86081893147497,91.96430744005798,-31.942288676977757
D005_Pnative.anchor_512.raw,508796,,134.1842987713495,98.34132863144859,-29.78293232646055
D005_Pnative.anchor_512.raw,508881,,133.86546979046705,92.04846036691286,-29.409605915801887
D005_Pnative.anchor_512.raw,509145,,134.23625432152528,106.61539981077928,-30.164690675393526
D005_Pnative.anchor_512.raw,509209,,133.99781139417553,90.42646547678046,-32.33224816353773
D005_Pnative.anchor_512.raw,509414,,133.96274555429244,107.42598979378766,-30.31835730389379
D005_Pnative.anchor_512.raw,509478,,133.87703804981433,96.39870836174936,-29.482182457812215
D005_Pnative.anchor_512.raw,509513,,133.8092017923291,95.27768593793058,-31.761355420538504
D005_Pnative.anchor_512.raw,509638,,134.21838008914216,106.26753895354419,-29.8872670655972
D005_Pnative.anchor_512.raw,509957,,134.22595337656344,108.56861716626157,-32.65265993481915
D005_Pnative.anchor_512.raw,509979,,133.89795399485598,96.72925344248038,-29.84697068765311
D005_Pnative.anchor_512.raw,510127,,134.08768943250323,90.95882640152979,-32.285341148680175
D005_Pnative.anchor_512.raw,510162,,134.24845062291794,102.23217309472048,-29.902832316207057
D005_Pnative.anchor_512.raw,510381,,134.19290874805748,91.4151412586654,-29.43510316710301
D005_Pnative.anchor_512.raw,510755,,134.2353840410186,95.76080502383944,-29.41007225081421
D005_Pnative.anchor_512.raw,511021,,133.84390800974575,110.41914731257793,-29.55282605220981
D005_Pnative.anchor_512.raw,511056,,133.91138133028218,99.43656647868823,-29.465462855867752
D005_Pnative.anchor_512.raw,511112,,134.10458043690147,92.49039323552596,-29.8824159627129
D005_Pnative.anchor_512.raw,511416,,133.7965385678645,107.19221913557288,-30.021648409577836
D005_Pnative.anchor_512.raw,511539,,133.8947992057526,110.28851365583341,-30.058114821110244
D005_Pnative.anchor_512.raw,512243,,133.7876557281957,95.04885503039365,-29.705169982394754
D005_Pnative.anchor_512.raw,512244,,133.92995437827636,94.082779817165,-30.229620399295257
D005_Pnative.anchor_512.raw,512308,,134.09872599946263,100.34621792585276,-32.92360944942414
D005_Pnative.anchor_512.raw,512443,,134.12277476069053,105.21444398768354,-31.69843995932831
D005_Pnative.anchor_512.raw,512831,,133.7736629982326,90.26666280229628,-30.144725215340173
D005_Pnative.anchor_512.raw,512885,,133.9113950902623,97.73017588438142,-31.9019583062751
D005_Pnative.anchor_512.raw,512951,,134.19394996834865,94.25420665566314,-30.03251227777579
D005_Pnative.anchor_512.raw,512993,,133.93454628179947,91.35426008176643,-32.10986218518577
D005_Pnative.anchor_512.raw,513213,,133.8860969006237,94.61212602088453,-29.87897167005656
D005_Pnative.anchor_512.raw,513253,,133.9267840630891,98.60090368420195,-30.682043225924588
D005_Pnative.anchor_512.raw,513303,,133.79803033520187,108.16229495103588,-29.500307823779178
D005_Pnative.anchor_512.raw,513356,,133.81584824417706,105.60532809459032,-30.121433121956635
D005_Pnative.anchor_512.raw,513388,,134.02974341058572,110.70656340840682,-30.150460526296772
D005_Pnative.anchor_512.raw,513810,,133.83619595880705,97.5620783685005,-30.418345011907483
D005_Pnative.anchor_512.raw,513899,,133.81804692877316,100.48266320473391,-29.729675943834913
D005_Pnative.anchor_512.raw,514031,,134.01844786537328,90.22341633043919,-30.193169743303713
D005_Pnative.anchor_512.raw,514095,,133.83411692976725,92.91883929887184,-30.630285467304816
D005_Pnative.anchor_512.raw,514518,,133.95380245785447,98.3795621730115,-30.45010158036833
D005_Pnative.anchor_512.raw,515182,,133.99070337382855,107.55782406306412,-30.42462466251778
D005_Pnative.anchor_512.raw,515677,,134.22106154409062,91.58496483670169,-29.40684618766233
D005_Pnative.anchor_512.raw,515979,,134.15404824512942,108.10166500287899,-31.262010322354143
D005_Pnative.anchor_512.raw,516533,,134.06830758080903,99.15783590230429,-31.4449749490048
D005_Pnative.anchor_512.raw,516759,,134.0517912076078,91.99344719148115,-29.404339419491258
D005_Pnative.anchor_512.raw,517099,,134.12968692815355,92.8777631723499,-31.913523865077945
D005_Pnative.anchor_512.raw,517533,,134.14489659297124,100.31276749366023,-29.717330246066737
D005_Pnative.anchor_512.raw,517621,,134.09130412115502,110.15030940737779,-32.59089728184506
D005_Pnative.anchor_512.raw,518309,,133.86198946845138,98.35248554751774,-29.81717423724725
D005_Pnative.anchor_512.raw,518720,,133.91287353002357,95.76754638493591,-31.601615853840393
D005_Pnative.anchor_512.raw,519026,,134.16977636108294,109.8415319115229,-29.989451242068917
D005_Pnative.anchor_512.raw,519314,,133.82043220507185,96.31358021815957,-31.204827593061935
D005_Pnative.anchor_512.raw,519942,,134.06726786452936,98.0265748500504,-31.910198150509252
D005_Pnative.anchor_512.raw,520015,,133.80716971876706,105.57104035174933,-30.116572763158707
D005_Pnative.anchor_512.raw,520346,,134.22943326415663,99.8272091731756,-29.436717655639036
D005_Pnative.anchor_512.raw,520477,,134.08245128347954,97.00711709086136,-30.550323398696488
D005_Pnative.anchor_512.raw,520614,,134.21174333635327,102.34951609042893,-31.32549564864907
D005_Pnative.anchor_512.raw,520811,,133.90392747923076,106.42193311737506,-30.463245313351333
D005_Pnative.anchor_512.raw,520963,,134.06852244800612,91.40539379839649,-32.083836649405285
D005_Pnative.anchor_512.raw,521053,,133.91335538756633,95.8618096544959,-31.525730860339653
D005_Pnative.anchor_512.raw,521065,,133.93454518296028,107.76752088945625,-30.722471285407643
D005_Pnative.anchor_512.raw,521133,,133.94840118872426,101.80633783031588,-31.37006954051014
D005_Pnative.anchor_512.raw,521231,,134.08452870281198,94.589126459634,-32.30898381651115
D005_Pnative.anchor_512.raw,521402,,133.89058267432767,92.02077749462748,-29.41465504456245
D005_Pnative.anchor_512.raw,521502,,133.7880515713772,103.97259625693628,-31.03066828878978
D005_Pnative.anchor_512.raw,521572,,134.21786767321782,102.26689361269571,-31.377451399676374
D005_Pnative.anchor_512.raw,521641,,133.81311215241124,95.87135129509896,-31.443752084350052
D005_Pnative.anchor_512.raw,521849,,134.14912909223537,106.39898682088419,-30.784397729808124
D005_Pnative.anchor_512.raw,521952,,133.94244051508542,102.9062105190486,-30.547347435223436
D005_Pnative.anchor_512.raw,522188,,133.75488362902172,92.57698742458393,-29.48932119385679
D005_Pnative.anchor_512.raw,522388,,134.12180050572582,98.83977205041397,-30.498812610556357
D005_Pnative.anchor_512.raw,522394,,133.85964745396302,98.51242301109909,-30.638320269203913
D005_Pnative.anchor_512.raw,522721,,133.93590203330842,90.41383571369619,-30.05156366758748
D005_Pnative.anchor_512.raw,523384,,133.8759275025442,103.61467268401321,-29.611127520297543
D005_Pnative.anchor_512.raw,523403,,134.16698671331406,105.84273169149188,-31.6739891885047
D005_Pnative.anchor_512.raw,524015,,133.90237400581617,94.94522075774435,-32.046854788329235
D005_Pnative.anchor_512.raw,524055,,133.91528733343912,100.85613669258656,-31.49388965772841
D005_Pnative.anchor_512.raw,524219,,134.06503580163834,110.40119360364405,-30.116299179797902
D005_Pnative.anchor_512.raw,524265,,134.0071694865459,97.67418642961283,-30.30455547175093
D005_Pnative.anchor_512.raw,524347,,134.02010761438675,92.88973358209968,-30.680806397990644
D005_Pnative.anchor_512.raw,524476,,133.9096903690907,104.08438343569557,-31.200906258563712
D005_Pnative.anchor_512.raw,524534,,134.2346303993629,98.78434955011365,-29.549535810024754
D005_Pnative.anchor_512.raw,524590,,133.92304865222258,107.76091833002532,-29.479053441091544
D005_Pnative.anchor_512.raw,524969,,134.222622166456,96.7723711533601,-30.465308849268585
D005_Pnative.anchor_512.raw,525047,,133.88615316901277,98.23998714916323,-30.366129430912167
D005_Pnative.anchor_512.raw,525348,,134.16216391773136,97.98109717510697,-30.01719884395044
D005_Pnative.anchor_512.raw,525533,,133.76267497247687,102.6810577387984,-29.765661172010326
D005_Pnative.anchor_512.raw,525978,,133.80083711869415,93.3200691400195,-30.725228584165315
D005_Pnative.anchor_512.raw,526165,,134.0757017316211,99.59946430726119,-29.46018142103644
D005_Pnative.anchor_512.raw,526632,,133.920245984754,98.77889786346577,-30.630921444723793
D005_Pnative.anchor_512.raw,526864,,134.19673312890723,94.3900243025234,-29.96382441460436
D005_Pnative.anchor_512.raw,526866,,133.79173631119102,102.47249448038227,-31.077805537353328
D005_Pnative.anchor_512.raw,526867,,133.81635916044465,98.64806150578434,-30.184362767045585
D005_Pnative.anchor_512.raw,527009,,133.92435402046124,106.8315288913464,-29.726321089929446
D005_Pnative.anchor_512.raw,527101,,134.1039401390164,109.59072873309286,-32.64290195881177
D005_Pnative.anchor_512.raw,527214,,133.9229117099889,94.24512494981305,-30.113491434742187
D005_Pnative.anchor_512.raw,527319,,133.96674011952138,91.34472526758094,-32.11596571171601
D005_Pnative.anchor_512.raw,527496,,134.0900387642671,97.64042026437556,-31.921277540925736
D005_Pnative.anchor_512.raw,527628,,133.96525302603524,106.29598751509721,-29.984797671913004
D005_Pnative.anchor_512.raw,527676,,134.18571159849103,91.49458536624033,-32.04025728648786
D005_Pnative.anchor_512.raw,528335,,133.76095030400865,95.02201027683726,-31.853858601099486
D005_Pnative.anchor_512.raw,528394,,134.07367170435498,94.56334939233032,-32.30338589284547
D005_Pnative.anchor_512.raw,528776,,133.79159600364576,96.98263872227125,-30.125361038386984
D005_Pnative.anchor_512.raw,529016,,133.96261704738072,97.63302263114623,-30.368187967831815
D005_Pnative.anchor_512.raw,529374,,133.7715371853459,100.89587271666153,-31.50480226974146
D005_Pnative.anchor_512.raw,529537,,133.83513422507963,99.84471233367411,-32.910880066548
D005_Pnative.anchor_512.raw,529929,,134.2337249124134,97.31869717732482,-30.45870067275016
D005_Pnative.anchor_512.raw,530261,,134.0526144151789,93.09688290328222,-31.434597113096867
D005_Pnative.anchor_512.raw,530305,,134.05501510451708,99.3937787917151,-31.07366781855268
D005_Pnative.anchor_512.raw,530337,,134.23500993711573,93.06549972104531,-32.26380244626104
D005_Pnative.anchor_512.raw,530378,,134.1192412698361,111.15680135542657,-29.645750018386387
D005_Pnative.anchor_512.raw,530424,,133.7739105392087,104.48997053080248,-31.226797590960835
D005_Pnative.anchor_512.raw,530937,,134.23065355895812,107.68277267062427,-30.950769688530098
D005_Pnative.anchor_512.raw,531025,,133.90723830159374,108.29321778810711,-31.19187636514402
D005_Pnative.anchor_512.raw,531037,,133.83233125824663,95.41949269920916,-29.508557482570808
D005_Pnative.anchor_512.raw,531162,,134.1231606839596,92.3236356399118,-29.49128709223605
D005_Pnative.anchor_512.raw,531774,,134.20835449452147,99.70452499785506,-29.443248703667624
D005_Pnative.anchor_512.raw,531828,,134.24920282174483,101.86273113965129,-31.588416234009667
D005_Pnative.anchor_512.raw,531833,,133.82703878489562,94.13138665417566,-30.226264360563476
D005_Pnative.anchor_512.raw,532080,,134.2371305499067,101.0795234530116,-31.808432435818347
D005_Pnative.anchor_512.raw,532271,,133.85416351334672,98.31792606031888,-30.082729771017462
D005_Pnative.anchor_512.raw,532422,,133.8267039827904,92.88489585285956,-30.585095769305667
D005_Pnative.anchor_512.raw,532455,,133.9460731085432,107.07713043052789,-30.10859026609408
D005_Pnative.anchor_512.raw,532519,,134.05961511472836,92.37103814228078,-29.494720793191135
D005_Pnative.anchor_512.raw,532703,,134.23215876479642,110.69703532553171,-29.487076509014237
D005_Pnative.anchor_512.raw,532938,,134.22783255794377,106.05306997895664,-31.535636651502525
D005_Pnative.anchor_512.raw,533299,,134.20042021802723,109.8453221143962,-30.066444110464865
D005_Pnative.anchor_512.raw,533499,,134.1518682547039,99.40338602875268,-31.04940616655172
D005_Pnative.anchor_512.raw,534128,,133.78370222616888,100.19269712310086,-30.79369627425044
D005_Pnative.anchor_512.raw,534150,,133.8660586782271,92.780443467215,-31.808312596727696
D005_Pnative.anchor_512.raw,534535,,133.78818027756353,108.21408807037321,-29.504834284310146
D005_Pnative.anchor_512.raw,534620,,134.23484603477462,109.71580117718108,-29.999627091217565
D005_Pnative.anchor_512.raw,535175,,133.92015759284575,97.45651315314514,-30.43932082883981
D005_Pnative.anchor_512.raw,536104,,133.93688242888874,103.1026941920503,-29.490708688874463
D005_Pnative.anchor_512.raw,536264,,133.93904550166275,108.37716587857494,-29.891281777640078
D005_Pnative.anchor_512.raw,536392,,134.21925337944782,111.91895523826187,-32.64282108327647
D005_Pnative.anchor_512.raw,536591,,133.82424407636398,106.39818813129676,-30.1484459137832
D005_Pnative.anchor_512.raw,537113,,133.93450056313122,91.51085082010475,-29.435170988448345
D005_Pnative.anchor_512.raw,537630,,133.84156068392826,92.25906455741651,-29.436830310498014
D005_Pnative.anchor_512.raw,537670,,134.21926993521106,96.27936050977613,-31.530687999408023
D005_Pnative.anchor_512.raw,537782,,134.21915398039332,96.7310883900715,-30.32331871237613
D005_Pnative.anchor_512.raw,537974,,133.87225544994524,108.16728292801223,-31.18931895119221
D005_Pnative.anchor_512.raw,538126,,133.79556681859208,108.62327925903186,-32.31117298591438
D005_Pnative.anchor_512.raw,538221,,133.85461516333837,106.34729238738284,-30.871947350444284
D005_Pnative.anchor_512.raw,538484,,134.1341706196383,98.34404859491457,-29.774296736346813
D005_Pnative.anchor_512.raw,538560,,133.91524688435948,100.13811865579466,-30.75746691352991
D005_Pnative.anchor_512.raw,538579,,133.91394977491612,95.64778705810511,-29.44763895986499
D005_Pnative.anchor_512.raw,538869,,133.88510851599497,95.93297693561553,-31.43210732924745
D005_Pnative.anchor_512.raw,538898,,134.2101489815022,109.59798184042162,-32.28761988984354
D005_Pnative.anchor_512.raw,538935,,133.76328037940064,107.58289788461786,-29.44660018467671
D005_Pnative.anchor_512.raw,539053,,134.02594903450694,100.71085149828913,-30.094513648794063
D005_Pnative.anchor_512.raw,539261,,133.87393628364012,94.16946762545273,-30.182624356552385
D005_Pnative.anchor_512.raw,539667,,134.06642929881144,95.53367210170106,-31.76510772894828
D005_Pnative.anchor_512.raw,539795,,134.24917907137865,92.6857196311717,-30.56598065870087
D005_Pnative.anchor_512.raw,540183,,134.11453420630437,96.41034512189458,-29.589377646629234
D005_Pnative.anchor_512.raw,540366,,134.09265514186646,107.29572860878955,-30.244403871747245
D005_Pnative.anchor_512.raw,540506,,134.00153358281392,110.19049862854183,-30.08346303772542
D005_Pnative.anchor_512.raw,540567,,133.87357707998228,93.62669327149777,-30.653370017827637
D005_Pnative.anchor_512.raw,540628,,133.92507769911754,108.13635881069703,-32.73652240676416
D005_Pnative.anchor_512.raw,540738,,134.05616257717998,92.22476951935178,-29.462439012268895
D005_Pnative.anchor_512.raw,540852,,133.94271132305246,102.77343996321636,-29.666139517385812
D005_Pnative.anchor_512.raw,540921,,133.87051472856004,108.13754997637879,-32.69985449357289
D005_Pnative.anchor_512.raw,540928,,133.76667516722085,97.69997982889507,-31.8958125435166
D005_Pnative.anchor_512.raw,540946,,134.19885550152932,95.13377436202225,-29.6024241888109
D005_Pnative.anchor_512.raw,541522,,134.06223179936228,98.89033204682086,-30.53843461371212
D005_Pnative.anchor_512.raw,541793,,134.24202826890124,108.80087331911682,-30.865268160518823
D005_Pnative.anchor_512.raw,541983,,133.85686258798367,98.41502515524446,-30.588068822319524
D005_Pnative.anchor_512.raw,542187,,133.78814251575182,96.53509280963033,-31.213358158783294
D005_Pnative.anchor_512.raw,542190,,133.9449289746074,98.61351118109005,-29.64802640971531
D005_Pnative.anchor_512.raw,542230,,134.18313729584688,105.76855321029868,-31.7195603883085
D005_Pnative.anchor_512.raw,542295,,133.84672649107605,110.20564090726414,-30.01298611365068
D005_Pnative.anchor_512.raw,542373,,134.0588184273613,93.12889458600895,-30.863155205612465
D005_Pnative.anchor_512.raw,542412,,133.9223039439171,111.23303308727674,-29.595818392304373
D005_Pnative.anchor_512.raw,542476,,134.02306724794906,111.34595130555358,-29.516051217515773
D005_Pnative.anchor_512.raw,542570,,134.2109782445202,99.01531881368314,-29.46240313921944
D005_Pnative.anchor_512.raw,543190,,133.92173097861487,110.13966256496377,-30.046049671996634
D005_Pnative.anchor_512.raw,543559,,133.78143764676994,109.83137277835075,-32.628093649380645
D005_Pnative.anchor_512.raw,543598,,133.99279145227214,90.17051217286692,-30.237419189591414
D005_Pnative.anchor_512.raw,543674,,133.96792974399554,107.26459613384955,-30.193053543639113
D005_Pnative.anchor_512.raw,544077,,133.8413459715189,98.40342830087458,-31.80201786162954
D005_Pnative.anchor_512.raw,544127,,134.2029939099855,106.91321684487723,-29.647602917873986
D005_Pnative.anchor_512.raw,544131,,133.9983427602375,98.17705142482129,-29.84248464848641
D005_Pnative.anchor_512.raw,545194,,133.987256494345,110.3358030338059,-29.710525509260265
D005_Pnative.anchor_512.raw,545316,,133.90710127625812,101.50950788795066,-31.45779846733393
D005_Pnative.anchor_512.raw,545562,,133.81389240387642,100.62004391023527,-29.902341965740142
D005_Pnative.anchor_512.raw,546110,,133.79573566250622,92.04530905355492,-29.402808660220018
D005_Pnative.anchor_512.raw,546472,,133.91278505339577,93.85230180126034,-32.21647758618714
D005_Pnative.anchor_512.raw,546652,,134.1480054593335,100.99705113402658,-30.08921486903806
D005_Pnative.anchor_512.raw,546927,,134.09943124272382,103.43382429192741,-30.343647268337133
D005_Pnative.anchor_512.raw,547354,,134.17466877437283,107.30897189122894,-30.285478979139626
D005_Pnative.anchor_512.raw,547404,,133.9879637843922,106.50983030273395,-29.987698387310463
D005_Pnative.anchor_512.raw,547446,,134.14393829962683,92.3640811729571,-31.89635693485922
D005_Pnative.anchor_512.raw,547533,,133.91163163870783,106.16792489105133,-30.006690564016587
D005_Pnative.anchor_512.raw,547578,,134.0745089300121,93.70950430748523,-30.524234872080743
D005_Pnative.anchor_512.raw,547605,,134.02536890894942,99.81735427028494,-30.83224697899958
D005_Pnative.anchor_512.raw,547653,,134.09543621395596,95.51709602818146,-29.454014785666317
D005_Pnative.anchor_512.raw,547869,,133.9391452761414,92.6311326938783,-30.128851229687022
D005_Pnative.anchor_512.raw,548041,,134.15552759802776,108.58237653244797,-32.68666452886904
D005_Pnative.anchor_512.raw,548144,,133.96847762914618,90.03439657555381,-30.348677282340777
D005_Pnative.anchor_512.raw,548236,,134.10431715939254,92.93640468766007,-32.10961824683365
D005_Pnative.anchor_512.raw,548348,,133.76270006956668,96.90195295482084,-29.958228353675874
D005_Pnative.anchor_512.raw,549088,,133.89109672802277,98.84931163247595,-31.624991767959067
D005_Pnative.anchor_512.raw,549346,,133.81070490412424,102.66347841089899,-29.76919787927943
D005_Pnative.anchor_512.raw,549368,,133.95832668999526,104.03909379080989,-29.668439975159856
D005_Pnative.anchor_512.raw,549457,,134.2223787986388,93.92743855840502,-30.28842593489312
D005_Pnative.anchor_512.raw,549533,,134.094118133555,98.86509758507773,-31.633641445911277
D005_Pnative.anchor_512.raw,549566,,133.99538476343113,95.07992286334816,-29.65347505699516
D005_Pnative.anchor_512.raw,549872,,134.08229248291096,105.05825602468919,-31.573413104129568
D005_Pnative.anchor_512.raw,549885,,134.2425165356744,93.03163589419312,-30.96547965208265
D005_Pnative.anchor_512.raw,550102,,134.0026745070022,92.05750912699791,-31.94298994340585
D005_Pnative.anchor_512.raw,550264,,133.7893069969769,104.03383921881684,-31.095629149157535
D005_Pnative.anchor_512.raw,550282,,133.80218007762923,95.35693958101952,-31.748652357808496
D005_Pnative.anchor_512.raw,550296,,134.13548128618115,96.08795593068635,-29.377177127541696
D005_Pnative.anchor_512.raw,550316,,133.75947405511445,98.45543288076112,-30.61185717272416
D005_Pnative.anchor_512.raw,551082,,133.89134692563235,104.56116923929466,-31.272988365599794
D005_Pnative.anchor_512.raw,551138,,134.17424660727784,104.0695914177424,-29.61642094781743
D005_Pnative.anchor_512.raw,551263,,134.2286012930905,94.39782189594061,-32.21330533517848
D005_Pnative.anchor_512.raw,551551,,133.75147822711378,102.56817184415979,-30.912132619731292
D005_Pnative.anchor_512.raw,552139,,134.00891272156872,108.71649072194155,-30.391072445186243
D005_Pnative.anchor_512.raw,552194,,133.95247635848614,109.61410739218962,-32.64485625080382
D005_Pnative.anchor_512.raw,552387,,133.96293771605116,90.23439301289172,-32.370755846449214
D005_Pnative.anchor_512.raw,552660,,134.10085596393557,104.08229179284041,-29.63234857629692
D005_Pnative.anchor_512.raw,553150,,134.203488172641,101.07258991269384,-30.10471549761848
D005_Pnative.anchor_512.raw,553294,,134.22261674948507,91.40209717923521,-32.09097765403254
D005_Pnative.anchor_512.raw,554024,,134.03430504680847,100.0354788918876,-30.787074842748034
D005_Pnative.anchor_512.raw,554218,,133.82848109487392,103.54597332911354,-29.52968444039933
D005_Pnative.anchor_512.raw,554353,,134.22268224973763,96.71655977273174,-30.290099090369665
D005_Pnative.anchor_512.raw,554488,,134.0198138256147,100.94986050011508,-31.608349443521277
D005_Pnative.anchor_512.raw,554631,,133.80804362827567,96.83999481377671,-31.37450543928639
D005_Pnative.anchor_512.raw,554986,,133.8940276327119,109.86429855060524,-32.32194287708428
D005_Pnative.anchor_512.raw,554999,,133.78924640145146,107.79519203056364,-30.563780092110456
D005_Pnative.anchor_512.raw,555027,,134.13840315460908,110.33578285832931,-29.80281725270294
D005_Pnative.anchor_512.raw,555210,,134.0207932474015,93.83927665629624,-30.42489805138672
D005_Pnative.anchor_512.raw,555453,,133.7675269241233,92.83243717367412,-31.837135259997062
D005_Pnative.anchor_512.raw,555532,,134.01995325001803,109.64202270410442,-32.644951059941995
D005_Pnative.anchor_512.raw,555767,,134.10127132725756,107.05677222779687,-29.474595564291594
D005_Pnative.anchor_512.raw,555886,,133.78396336430828,93.03739713577663,-31.650015872433258
D005_Pnative.anchor_512.raw,555959,,134.1412950617744,105.03357430691393,-30.0048863078685
D005_Pnative.anchor_512.raw,556232,,134.09449474918137,102.18378341518309,-31.389621209583332
D005_Pnative.anchor_512.raw,556390,,134.067364478928,99.21228221049473,-29.43398870322639
D005_Pnative.anchor_512.raw,556544,,134.08277161200294,103.7133029400035,-29.616972285114564
D005_Pnative.anchor_512.raw,556637,,134.18611301633825,97.1555839016513,-30.600462047913105
D005_Pnative.anchor_512.raw,556676,,134.14869868559038,92.43560916976914,-29.698604446361937
D005_Pnative.anchor_512.raw,557091,,134.20967534691812,97.25313833112793,-31.836454190341605
D005_Pnative.anchor_512.raw,557330,,134.02895681098815,97.40177167323608,-31.80929230275973
D005_Pnative.anchor_512.raw,557461,,133.84567891452204,96.85460701880669,-29.98140541802874
D005_Pnative.anchor_512.raw,558432,,134.01272324698274,95.0381180883525,-29.66980475142624
D005_Pnative.anchor_512.raw,558510,,133.94147567204956,95.9263838816032,-31.48175276720767
D005_Pnative.anchor_512.raw,558629,,134.19698762522387,109.32624594054367,-32.73294477450058
D005_Pnative.anchor_512.raw,558823,,134.22820583192998,110.95241037228212,-29.599080164153726
D005_Pnative.anchor_512.raw,559122,,134.04005720271783,110.22116130172532,-32.56264657020274
D005_Pnative.anchor_512.raw,559303,,133.83990585358018,107.96809659692146,-31.028754924744888
D005_Pnative.anchor_512.raw,559349,,134.20819717963695,110.92857102030774,-29.498537370997944
D005_Pnative.anchor_512.raw,559430,,133.86889659733058,105.51326068900582,-30.11266205825291
D005_Pnative.anchor_512.raw,560179,,133.9929205259485,105.21757702459101,-30.100340495353368
D005_Pnative.anchor_512.raw,560240,,134.04818719425842,104.80973748607555,-31.404069366248137
D005_Pnative.anchor_512.raw,560704,,133.78466750523236,97.71932699054214,-31.89554461344128
D005_Pnative.anchor_512.raw,561087,,134.247265818479,98.60619796976151,-29.664099263659665
D005_Pnative.anchor_512.raw,561538,,134.21871679303996,93.73240063207868,-32.28846991213102
D005_Pnative.anchor_512.raw,561602,,133.96391186531906,110.92994805835849,-29.433744308740636
D005_Pnative.anchor_512.raw,561650,,133.93429082370767,98.43609149602176,-30.596645429844585
D005_Pnative.anchor_512.raw,562057,,133.88749787875014,93.82371537468055,-32.21590258462754
D005_Pnative.anchor_512.raw,562253,,133.97221979368854,95.46838007791644,-31.769219511825085
D005_Pnative.anchor_512.raw,562344,,133.83036795854406,98.03978630217757,-30.099166571854038
D005_Pnative.anchor_512.raw,562699,,133.9037952237593,98.62614084554997,-31.730935245638886
D005_Pnative.anchor_512.raw,562944,,133.86355917244256,98.84587442549564,-31.624243473716923
D005_Pnative.anchor_512.raw,563218,,134.09655579513614,100.2743549283542,-29.63028993144639
D005_Pnative.anchor_512.raw,563396,,133.84210270211133,93.90664460526375,-32.19267413302401
D005_Pnative.anchor_512.raw,563673,,134.24668104905663,96.41537914454553,-29.74629930400181
D005_Pnative.anchor_512.raw,563993,,133.8250309259655,100.49419150045452,-29.75321478357381
D005_Pnative.anchor_512.raw,564078,,133.925936062933,93.99456445513896,-30.31045250630276
D005_Pnative.anchor_512.raw,564318,,134.12428294982226,110.1817467482959,-32.39508735931065
D005_Pnative.anchor_512.raw,564432,,133.83399937787664,91.83966026913396,-31.94211248471316
D005_Pnative.anchor_512.raw,564608,,133.9965708531549,101.22500598775329,-31.795624676307426
D005_Pnative.anchor_512.raw,564768,,134.12573127719588,103.23887693741607,-29.453477575898134
D005_Pnative.anchor_512.raw,564869,,134.0658996816079,102.5327474902906,-29.775476962581948
D005_Pnative.anchor_512.raw,564944,,134.13635726649915,98.75850053315595,-30.45294063410018
D005_Pnative.anchor_512.raw,565026,,134.0896979717023,109.84587998520875,-32.22866222691241
D005_Pnative.anchor_512.raw,565340,,134.06303661653936,110.09506342263614,-30.08154553731996
D005_Pnative.anchor_512.raw,565355,,134.23102384810593,110.26239990958551,-30.141661781751328
D005_Pnative.anchor_512.raw,565491,,133.7747832456849,91.27081673798408,-32.1418725518088
D005_Pnative.anchor_512.raw,565657,,133.9351697863619,96.92553486511952,-30.209975036565805
D005_Pnative.anchor_512.raw,565700,,133.955971768265,108.43755513509853,-31.131173006956764
D005_Pnative.anchor_512.raw,565858,,134.09933345145944,104.05346366935913,-31.194436963748274
D005_Pnative.anchor_512.raw,565871,,134.20072187370465,108.83527710886652,-32.59834835214056
D005_Pnative.anchor_512.raw,565981,,133.7791065166228,90.84936691484332,-29.690704483158612
D005_Pnative.anchor_512.raw,566321,,133.99921190754569,94.55137497224744,-29.89469394728868
D005_Pnative.anchor_512.raw,566393,,133.78099360932833,111.0283806225469,-29.67881699212083
D005_Pnative.anchor_512.raw,566813,,133.85386163533687,93.98054732261,-30.342027847018237
D005_Pnative.anchor_512.raw,567052,,133.85274654378995,92.59611494224424,-29.730764282668616
D005_Pnative.anchor_512.raw,567077,,134.16839034491477,99.4518148501766,-29.435309919621158
D005_Pnative.anchor_512.raw,567356,,134.1939664481797,98.01225321332494,-31.937139461987012
D005_Pnative.anchor_512.raw,568220,,133.78614049592656,93.1444652661626,-30.7854111417588
D005_Pnative.anchor_512.raw,568235,,133.91648875408868,98.35552708415398,-30.29681740709403
D005_Pnative.anchor_512.raw,568305,,134.1473638564864,92.9100221560195,-32.090394442123575
D005_Pnative.anchor_512.raw,568371,,133.83928134583851,111.14936384277148,-29.602021136402147
D005_Pnative.anchor_512.raw,568395,,133.81424961700938,103.94271546232909,-30.82315651484894
D005_Pnative.anchor_512.raw,568444,,134.16394463060803,92.88026377705164,-30.758320411617458
D005_Pnative.anchor_512.raw,568713,,133.8995588752263,98.24666235736525,-30.388192854392166
D005_Pnative.anchor_512.raw,568884,,134.15208752539863,93.15881268578364,-30.874608503845344
D005_Pnative.anchor_512.raw,568936,,134.1251843306352,96.06804782912039,-29.380264041498805
D005_Pnative.anchor_512.raw,569168,,133.89185413423644,92.83605724436846,-32.05214779732258
D005_Pnative.anchor_512.raw,569184,,133.93898304556333,101.84070819540875,-30.142547352036843
D005_Pnative.anchor_512.raw,569340,,134.2084848898233,106.7117343159546,-30.148478700993273
D005_Pnative.anchor_512.raw,569386,,134.06738743133252,97.87755344215637,-30.058933236359547
D005_Pnative.anchor_512.raw,569952,,133.9663995348502,106.06265927501858,-31.355429590152333
D005_Pnative.anchor_512.raw,570370,,133.9143063980857,101.4380042122823,-31.509745954601375
D005_Pnative.anchor_512.raw,570689,,133.84277680997383,103.98866544885746,-29.595081393001884
D005_Pnative.anchor_512.raw,571120,,134.14155733028213,106.35155815912962,-29.879576775859018
D005_Pnative.anchor_512.raw,571181,,133.99709898240178,96.60254511285254,-29.758897018094135
D005_Pnative.anchor_512.raw,571370,,134.0501891299999,110.77318036198197,-29.43233384713469
D005_Pnative.anchor_512.raw,571910,,133.95361566828566,109.45414772074454,-32.27581770329262
D005_Pnative.anchor_512.raw,572520,,133.99074913037518,106.04896168607098,-30.032107005691085
D005_Pnative.anchor_512.raw,573011,,133.76244354596602,98.34866376983568,-29.889714247498457
D005_Pnative.anchor_512.raw,573133,,134.2284012972339,110.10614817709111,-29.876866778790863
D005_Pnative.anchor_512.raw,573431,,134.1316852354028,96.41550447025702,-29.62735552668273
D005_Pnative.anchor_512.raw,573461,,134.03760671570376,95.0741166583883,-31.88458092888015
D005_Pnative.anchor_512.raw,573509,,133.9356352043417,109.644546523058,-32.64608105192596
D005_Pnative.anchor_512.raw,573529,,134.20474956481337,107.64542817124196,-30.8360053485787
D005_Pnative.anchor_512.raw,573531,,133.84782007822164,108.46477715890514,-32.34566691326743
D005_Pnative.anchor_512.raw,573637,,134.22295801900393,104.83782423723763,-31.47952281208301
D005_Pnative.anchor_512.raw,573653,,133.77284003710201,102.23703287252609,-29.985924857199983
D005_Pnative.anchor_512.raw,573709,,134.0180081063663,100.28154263679377,-30.91904729326965
D005_Pnative.anchor_512.raw,573937,,134.17553728171274,95.7219091921985,-29.418861591304
D005_Pnative.anchor_512.raw,574072,,134.04270483641034,103.85672118282295,-30.81559110227272
D005_Pnative.anchor_512.raw,574678,,134.2498616921598,104.6262228345419,-29.855809147709415
D005_Pnative.anchor_512.raw,574795,,133.99148423879328,110.10029007824394,-29.917903181868944
D005_Pnative.anchor_512.raw,574946,,133.81052165809533,90.25054528282054,-32.38405439502683
D005_Pnative.anchor_512.raw,575145,,133.9054447747726,98.64252525218446,-31.719485362518384
D005_Pnative.anchor_512.raw,575331,,134.09813361634872,92.67844810894738,-30.415611258908953
D005_Pnative.anchor_512.raw,575708,,133.92512237127607,103.3254689995835,-30.269292140891967
D005_Pnative.anchor_512.raw,575820,,134.19212806855336,105.82215805213202,-30.067960525280064
D005_Pnative.anchor_512.raw,575829,,134.01168490094798,97.36261506698064,-31.763058717933788
D005_Pnative.anchor_512.raw,576140,,134.10991939738574,106.4267130814656,-30.619489452188827
D005_Pnative.anchor_512.raw,576366,,134.2076091328682,96.97186216118895,-31.66097144931828
D005_Pnative.anchor_512.raw,576522,,133.92086648956735,108.45877968709017,-30.02329632938244
D005_Pnative.anchor_512.raw,576909,,134.06582496754302,91.40752608428753,-29.444645978383466
D005_Pnative.anchor_512.raw,577172,,133.8687808540315,91.55598825461485,-31.954749950007777
D005_Pnative.anchor_512.raw,577334,,133.98907171898173,99.51686672192155,-29.46482454377013
D005_Pnative.anchor_512.raw,577601,,134.14983235133403,108.79704318934714,-32.59929331665178
D005_Pnative.anchor_512.raw,577842,,133.81137737609896,98.25225399516528,-29.897176642522368
D005_Pnative.anchor_512.raw,577883,,134.22168992705343,97.74142223441466,-30.15306321993069
D005_Pnative.anchor_512.raw,577949,,133.93241842361743,106.12751107238473,-31.283722531898846
D005_Pnative.anchor_512.raw,578109,,133.9079251260462,106.03895327738454,-31.394678776784737
D005_Pnative.anchor_512.raw,578204,,134.18174496133037,108.28121764123264,-31.25712479258555
D005_Pnative.anchor_512.raw,578490,,134.2110635553795,92.3855397192372,-29.579405453675086
D005_Pnative.anchor_512.raw,578614,,134.11658354713137,92.88868458387847,-31.89095658822667
D005_Pnative.anchor_512.raw,579215,,134.02042118310382,91.92973828356615,-29.408741000966735
D005_Pnative.anchor_512.raw,579697,,133.8163002904839,109.22271893260255,-32.607680218771684
D005_Pnative.anchor_512.raw,579902,,134.19075007796533,102.19756527050184,-31.420488219891332
D005_Pnative.anchor_512.raw,579905,,134.20531877023424,108.79334608872111,-30.842004488813288
D005_Pnative.anchor_512.raw,580729,,134.01539952791373,102.00277594148514,-31.41394637570977
D005_Pnative.anchor_512.raw,580760,,134.07409955667177,104.57843366509522,-31.31873977998078
D005_Pnative.anchor_512.raw,581005,,134.18435569263218,108.32254328690837,-29.72524548276877
D005_Pnative.anchor_512.raw,581079,,133.79937276441188,98.53721993658132,-30.133496783181123
D005_Pnative.anchor_512.raw,581480,,133.82933189465203,95.89098595503609,-31.43123789346067
D005_Pnative.anchor_512.raw,581525,,133.87688130398226,95.69700586095385,-31.640437454902553
D005_Pnative.anchor_512.raw,581661,,133.9368310806031,96.59735974769545,-31.329809822374244
D005_Pnative.anchor_512.raw,582098,,133.85727316591934,92.71205938270593,-30.25653521518199
D005_Pnative.anchor_512.raw,582617,,133.82062660127966,103.58408309974777,-29.541991721521867
D005_Pnative.anchor_512.raw,582776,,134.24688858150537,105.04837852098265,-31.643970836137626
D005_Pnative.anchor_512.raw,582886,,134.10684116341744,92.81196559575599,-32.04019530487802
D005_Pnative.anchor_512.raw,583025,,134.00408521392282,109.8469361690027,-32.26237370786646
D005_Pnative.anchor_512.raw,583410,,134.05897321078464,109.90267804608735,-32.63772064569244
D005_Pnative.anchor_512.raw,583968,,134.11689476539388,107.72030762477308,-29.451743224166833
D005_Pnative.anchor_512.raw,584037,,133.9966208569322,109.51818598540233,-32.642042281356616
D005_Pnative.anchor_512.raw,584787,,134.18297144378909,93.0602813581801,-30.96783886925084
D005_Pnative.anchor_512.raw,584861,,133.9752767221322,108.68706147411899,-30.337568066529773
D005_Pnative.anchor_512.raw,584900,,134.2031702154325,99.19553387230302,-31.39222940483171
D005_Pnative.anchor_512.raw,585084,,134.2031966576095,98.74418155786793,-29.57804087714607
D005_Pnative.anchor_512.raw,585158,,133.8002688421476,105.12110263760735,-31.493094510573993
D005_Pnative.anchor_512.raw,585353,,133.86495719263576,111.19448916899502,-29.508554992825072
D005_Pnative.anchor_512.raw,585620,,133.91365365011112,95.03083722085745,-29.68806918110627
D005_Pnative.anchor_512.raw,585638,,133.78388723498765,95.73344712254942,-31.565803786291013
D005_Pnative.anchor_512.raw,585723,,134.24663863906184,109.43651067886947,-32.31413312171087
D005_Pnative.anchor_512.raw,585736,,133.9130488430606,90.33389195685143,-30.111185381591696
D005_Pnative.anchor_512.raw,585747,,134.20470199682532,100.63688970267572,-30.147449326352977
D005_Pnative.anchor_512.raw,586638,,134.23538831711548,105.4840258617356,-30.087663314815927
D005_Pnative.anchor_512.raw,587110,,134.2229106168692,102.61511494131693,-30.996575732057
D005_Pnative.anchor_512.raw,587239,,133.76004871084183,91.05637549461548,-29.636642799209003
D005_Pnative.anchor_512.raw,587445,,133.9678648152117,106.54130600269697,-30.005393146163307
D005_Pnative.anchor_512.raw,587588,,134.1568771775123,107.54164052504983,-30.432195701510338
D005_Pnative.anchor_512.raw,588089,,133.75112491674625,108.13641881263388,-32.604925860938934
D005_Pnative.anchor_512.raw,588815,,134.0840292267377,94.95969133159807,-29.695886618004888
D005_Pnative.anchor_512.raw,588915,,133.8028746114886,101.60778408430419,-31.37273924790793
D005_Pnative.anchor_512.raw,589005,,133.8351974163284,110.3264061572755,-30.00188210593706
D005_Pnative.anchor_512.raw,589297,,133.91310679098092,103.90435615144074,-30.807861887287054
D005_Pnative.anchor_512.raw,589510,,133.92243715344105,95.49529824685949,-31.759612981244683
D005_Pnative.anchor_512.raw,589954,,134.0657677509318,100.67101453311123,-30.10668255461203
D005_Pnative.anchor_512.raw,590017,,134.07167671503413,108.72135876895791,-32.37815768139239
D005_Pnative.anchor_512.raw,590372,,133.98667267188364,103.8734644251103,-30.760104640473145
D005_Pnative.anchor_512.raw,591790,,133.95075571964648,110.23844024302052,-29.8605720177067
D005_Pnative.anchor_512.raw,591904,,133.75366110690754,99.14674517489615,-31.398770758471134
D005_Pnative.anchor_512.raw,592243,,133.8494268483221,106.22366323530471,-31.113702734311573
D005_Pnative.anchor_512.raw,592406,,133.93813907556503,103.63253026411058,-30.31986071128289
D005_Pnative.anchor_512.raw,592470,,133.91511746442322,90.36498596892349,-32.35085252256647
D005_Pnative.anchor_512.raw,593015,,133.75836208739082,96.60787281209716,-31.208110332268983
D005_Pnative.anchor_512.raw,593245,,133.99276577234676,93.05285463880496,-31.434242293471666
D005_Pnative.anchor_512.raw,594476,,134.08882276426007,105.69159289860406,-30.106522035203668
D005_Pnative.anchor_512.raw,594563,,134.20748789622124,93.99262657474804,-30.233864371465053
D005_Pnative.anchor_512.raw,594844,,134.008711790783,101.57069501882593,-30.222229048551263
D005_Pnative.anchor_512.raw,594972,,134.00156994872293,104.14386800969238,-29.650521281128427
D005_Pnative.anchor_512.raw,594997,,134.20147272802518,98.82396128191952,-31.65997415919022
D005_Pnative.anchor_512.raw,595084,,134.18381580008474,99.35456016817315,-29.42738729995778
D005_Pnative.anchor_512.raw,595406,,134.09162257735622,101.14193267400726,-30.028275532088376
D005_Pnative.anchor_512.raw,595848,,133.86946377210384,103.74076656211669,-30.387904238370638
D005_Pnative.anchor_512.raw,596516,,134.1947998021445,108.54360794407262,-32.69369917301355
D005_Pnative.anchor_512.raw,596537,,133.7805929366892,93.88859213712134,-30.444527769644164
D005_Pnative.anchor_512.raw,596641,,134.1008102082412,106.82409550568214,-29.878623170106387
D005_Pnative.anchor_512.raw,596730,,134.1874725435527,93.86790372942747,-30.351232865480725
D005_Pnative.anchor_512.raw,596947,,133.9043546375406,104.2804300870721,-29.681353999500974
D005_Pnative.anchor_512.raw,596994,,134.07229131514194,108.96557565972981,-32.313168107771475
D005_Pnative.anchor_512.raw,597110,,133.80021867064622,104.63108972378824,-29.751040553033796
D005_Pnative.anchor_512.raw,597500,,133.96933143716956,102.58596730059537,-30.99180350503294
D005_Pnative.anchor_512.raw,597566,,134.07495465625115,106.80831405901662,-30.103351838374714
D005_Pnative.anchor_512.raw,597701,,134.24457739050968,94.2205845878114,-32.22279386533378
D005_Pnative.anchor_512.raw,597739,,134.08803260344067,91.61695804704918,-29.411608096044226
D005_Pnative.anchor_512.raw,598097,,133.85535672569608,108.5363859764279,-30.159607282211987
D005_Pnative.anchor_512.raw,598383,,134.03408600363352,93.80694119480266,-30.450176592714303
D005_Pnative.anchor_512.raw,598577,,134.1172964818991,93.18947428424583,-32.253645451443504
D005_Pnative.anchor_512.raw,598740,,133.88882611866134,101.20418020813491,-31.727277196683016
D005_Pnative.anchor_512.raw,598755,,134.14695662877213,110.53788543628751,-29.53702448085558
D005_Pnative.anchor_512.raw,598978,,133.96972884079332,107.97731088389727,-31.111558536162214
D005_Pnative.anchor_512.raw,599337,,133.77791094830502,104.6673081183973,-29.750769854685004
D005_Pnative.anchor_512.raw,599943,,133.86491810747646,104.90974401797351,-31.395340527974987
D005_Pnative.anchor_512.raw,600276,,133.87643198026717,102.752508461568,-29.678307284486124
D005_Pnative.anchor_512.raw,600327,,133.85384724721158,92.68525373623933,-30.19260070890534
D005_Pnative.anchor_512.raw,600556,,134.10289390713478,106.44261034588322,-30.53210618916839
D005_Pnative.anchor_512.raw,600933,,134.17937087074677,98.83303199818724,-29.514500532538506
D005_Pnative.anchor_512.raw,601149,,134.2110316786322,93.09854707456003,-31.170575295499834
D005_Pnative.anchor_512.raw,601465,,133.89670209809108,100.66844862812638,-31.32458053442077
D005_Pnative.anchor_512.raw,601498,,133.99390082554393,107.34719409653837,-30.260660794388563
D005_Pnative.anchor_512.raw,601540,,134.06855882463236,106.3762067315865,-30.867571356815446
D005_Pnative.anchor_512.raw,601658,,133.92274212951654,91.92479780700296,-31.94800788992994
D005_Pnative.anchor_512.raw,601804,,133.9644978692973,107.48078920824716,-29.45462804096915
D005_Pnative.anchor_512.raw,602199,,133.82222745513425,108.30282153074648,-29.66119931186542
D005_Pnative.anchor_512.raw,602374,,133.9663163643506,107.74470807951401,-30.710850370929936
D005_Pnative.anchor_512.raw,602902,,133.76166043365848,108.39476095399739,-29.759178122983613
D005_Pnative.anchor_512.raw,603237,,134.07417965706858,110.02262192224296,-32.327417051136436
D005_Pnative.anchor_512.raw,604190,,134.0678560344867,108.56619629179998,-30.145920101310395
D005_Pnative.anchor_512.raw,605026,,133.9551792437053,98.76150651989074,-30.634025554554597
D005_Pnative.anchor_512.raw,605048,,133.99680028849556,106.42985540713094,-30.30086618577718
D005_Pnative.anchor_512.raw,605584,,134.22807974677872,103.6852367080439,-29.507767723556125
D005_Pnative.anchor_512.raw,605693,,133.76909079045393,94.97447230570373,-29.746108987282227
D005_Pnative.anchor_512.raw,605809,,133.8330272576952,94.90616116312667,-32.05709900426195
D005_Pnative.anchor_512.raw,606066,,133.8279243551288,98.92841756667903,-29.51186995803353
D005_Pnative.anchor_512.raw,606140,,134.19994270995232,100.1030094547721,-29.494047732571794
D005_Pnative.anchor_512.raw,606277,,133.80621398526637,98.93480633578187,-30.3802114926875
D005_Pnative.anchor_512.raw,606462,,134.1555618876444,110.85282906109236,-29.838087629907967
D005_Pnative.anchor_512.raw,606514,,133.7993444185248,107.99491165960612,-31.007285641985398
D005_Pnative.anchor_512.raw,606761,,134.06724394740732,109.83287589975154,-32.650250669671756
D005_Pnative.anchor_512.raw,606775,,134.0092727604158,98.42938263279478,-30.445559961391474
D005_Pnative.anchor_512.raw,607280,,134.14024399997226,108.73589355211338,-30.968433006609903
D005_Pnative.anchor_512.raw,607584,,134.0596774535373,96.78302443884678,-30.109101235668952
D005_Pnative.anchor_512.raw,607714,,134.1086888427845,107.39556929835514,-30.312360306071035
D005_Pnative.anchor_512.raw,608502,,133.8434983901152,91.15313909052873,-29.529268167929427
D005_Pnative.anchor_512.raw,608540,,133.87599513303314,101.72170567338301,-30.211601524920955
D005_Pnative.anchor_512.raw,608785,,134.01884892314712,108.20862457903807,-32.93058042121266
D005_Pnative.anchor_512.raw,608916,,134.0467297785873,92.43630222376555,-31.914095066192594
D005_Pnative.anchor_512.raw,609095,,134.1045255861785,99.7312504939694,-30.854402207199882
D005_Pnative.anchor_512.raw,609132,,133.90351411733715,92.12225593562077,-29.419924598577325
D005_Pnative.anchor_512.raw,609171,,134.12343617580612,111.09156654419701,-29.494781104337036
D005_Pnative.anchor_512.raw,609336,,133.97344834981183,110.13847971260232,-30.066048320864088
D005_Pnative.anchor_512.raw,609704,,133.9261002936073,105.61302203666708,-31.64312751892612
D005_Pnative.anchor_512.raw,610068,,133.85414317331998,98.03095579245223,-30.09118662289322
D005_Pnative.anchor_512.raw,610229,,133.82519457725107,99.8654894977319,-30.82032322085601
D005_Pnative.anchor_512.raw,610232,,134.20090433196623,102.14533933672088,-31.4598291846059
D005_Pnative.anchor_512.raw,610729,,133.78321177511634,107.65668435727997,-29.454364334476733
D005_Pnative.anchor_512.raw,610807,,133.91194542089963,92.91849468123027,-31.854264886218417
D005_Pnative.anchor_512.raw,611165,,133.84973072264825,104.13627363681941,-31.231655839822878
D005_Pnative.anchor_512.raw,611373,,133.87209936229954,95.56178882072332,-31.730809458072276
D005_Pnative.anchor_512.raw,611468,,133.9013086533342,101.69951465185132,-31.35989257989938
D005_Pnative.anchor_512.raw,611482,,134.09977310874652,96.21251728663381,-31.445637797564398
D005_Pnative.anchor_512.raw,611550,,134.1902430671544,99.69237701168124,-30.86779708344065
D005_Pnative.anchor_512.raw,611873,,133.97638296479636,96.10303993507875,-31.343247570992084
D005_Pnative.anchor_512.raw,611879,,133.78616515543544,105.16855705118803,-31.509098897466455
D005_Pnative.anchor_512.raw,611969,,133.96749859390272,109.95337895697976,-32.353514546470436
D005_Pnative.anchor_512.raw,612342,,134.23599571928338,93.80975714148543,-30.388255740006237
D005_Pnative.anchor_512.raw,612903,,133.90349041120948,98.5580665725891,-31.751081490034437
D005_Pnative.anchor_512.raw,613117,,133.96767335705806,98.74659516620781,-30.32039115554265
D005_Pnative.anchor_512.raw,613624,,134.2068080942133,94.90241462677923,-32.079919153541475
D005_Pnative.anchor_512.raw,613698,,133.9706122674191,98.74738187784122,-30.323103910212645
D005_Pnative.anchor_512.raw,614315,,134.1125975571561,100.38528371820446,-29.891361371054433
D005_Pnative.anchor_512.raw,614582,,133.87484564635616,100.87858717972512,-32.92287941135504
D005_Pnative.anchor_512.raw,614653,,133.8436836780673,102.53418948628192,-31.034738674431726
D005_Pnative.anchor_512.raw,614656,,134.12300431438462,100.23107778547093,-30.85309182801106
D005_Pnative.anchor_512.raw,614832,,133.76427241874177,99.26448576532914,-29.461555944289067
D005_Pnative.anchor_512.raw,614909,,134.1842019521544,105.2214416462275,-30.11124815097736
D005_Pnative.anchor_512.raw,615032,,134.1963668002293,99.61683439356375,-29.445476994872248
D005_Pnative.anchor_512.raw,615378,,134.20996606247124,96.74009001409672,-30.319202658143034
D005_Pnative.anchor_512.raw,615544,,133.82623000665268,92.95476998640096,-31.68913129299454
D005_Pnative.anchor_512.raw,615589,,134.06413319113489,103.63045783534295,-29.593221098322196
D005_Pnative.anchor_512.raw,615732,,134.20195578617358,100.25730449426501,-29.739470817618344
D005_Pnative.anchor_512.raw,615750,,133.98442288256024,91.23324840330642,-32.17875564676786
D005_Pnative.anchor_512.raw,615916,,133.89576595070082,97.92559521214511,-30.13422280724573
D005_Pnative.anchor_512.raw,616081,,133.88045870032278,106.37960277731796,-30.728068409368852
D005_Pnative.anchor_512.raw,616197,,133.93218779365986,100.34284635643985,-29.652547668755155
D005_Pnative.anchor_512.raw,616779,,133.93806952441653,92.58376386991509,-31.92266348027533
D005_Pnative.anchor_512.raw,617082,,133.9111306531926,92.95459043379161,-31.80473054774807
D005_Pnative.anchor_512.raw,617087,,134.2115568252697,106.73728305441,-30.157331388334217
D005_Pnative.anchor_512.raw,617302,,133.88324007810277,103.07801527303111,-30.310953064243357
D005_Pnative.anchor_512.raw,617324,,134.18019052294852,90.24740750865946,-30.15727920282191
D005_Pnative.anchor_512.raw,617452,,134.22685323651368,92.41626408672295,-29.819447735861182
D005_Pnative.anchor_512.raw,618185,,133.82547829910754,108.21005744207835,-31.188601005090277
D005_Pnative.anchor_512.raw,618604,,134.04915632257286,108.43872597096602,-31.169745902342505
D005_Pnative.anchor_512.raw,618615,,133.7909744948079,108.520248355372,-30.950739655366565
D005_Pnative.anchor_512.raw,619240,,134.03867021240424,105.46016474387224,-30.10285148350655
D005_Pnative.anchor_512.raw,619272,,134.17435445123195,93.42679184505955,-30.66541873944947
D005_Pnative.anchor_512.raw,619335,,133.87876306746213,92.27892569710926,-29.448931436249524
D005_Pnative.anchor_512.raw,619353,,134.0107975747542,90.41078414120645,-30.04539560069444
D005_Pnative.anchor_512.raw,619487,,134.1537125371977,108.29040108812447,-32.76292543714201
D005_Pnative.anchor_512.raw,619604,,134.02821835640705,97.03824574704974,-31.541028998890248
D005_Pnative.anchor_512.raw,620015,,134.07365901253343,110.29022055598672,-30.10863997394594
D005_Pnative.anchor_512.raw,620176,,133.78300114915996,100.02590606011091,-30.778583023110993
D005_Pnative.anchor_512.raw,620329,,133.98034087605973,108.47836387641873,-31.11637351965421
D005_Pnative.anchor_512.raw,620396,,134.24776295692547,90.2273446795908,-30.16316431623976
D005_Pnative.anchor_512.raw,620559,,133.91253416999302,104.81048781987619,-31.3560928063145
D005_Pnative.anchor_512.raw,620754,,134.23881575384667,92.83632480048831,-32.01820135650492
D005_Pnative.anchor_512.raw,621015,,133.84908833268545,110.27501281607664,-30.030271275935526
D005_Pnative.anchor_512.raw,621270,,134.2285757204357,110.9011296493145,-29.624849176440026
D005_Pnative.anchor_512.raw,621504,,133.88742394959948,96.48418397077116,-31.27703409966023
D005_Pnative.anchor_512.raw,621789,,134.1699903619722,100.21478175213666,-29.577659873431735
D005_Pnative.anchor_512.raw,622036,,133.75235105184623,95.16906086825875,-31.762143347437984
D005_Pnative.anchor_512.raw,622144,,134.1548694083474,109.17350951697904,-32.32758333792377
D005_Pnative.anchor_512.raw,622386,,134.09121904972403,105.30769889983615,-31.684429310652725
D005_Pnative.anchor_512.raw,622763,,133.9465013216144,91.9917612293331,-31.94777056574003
D005_Pnative.anchor_512.raw,623093,,133.91750537816233,106.42346006773282,-30.41719753314654
D005_Pnative.anchor_512.raw,623319,,133.91452785217902,104.40184381578248,-29.735370331931833
D005_Pnative.anchor_512.raw,623359,,133.83466508143357,109.51006821696353,-32.652575306890405
D005_Pnative.anchor_512.raw,623448,,133.99786130336526,109.56210228913338,-32.26356788862922
D005_Pnative.anchor_512.raw,623610,,134.21741107093547,97.67419828453407,-31.931078518247674
D005_Pnative.anchor_512.raw,623960,,134.21921667720537,106.38182296357732,-30.790584083892842
D005_Pnative.anchor_512.raw,624005,,133.97140983674936,110.87024184107324,-30.075704911609712
D005_Pnative.anchor_512.raw,624131,,133.91803805814553,94.6680070873766,-29.846358679720122
D005_Pnative.anchor_512.raw,624264,,133.8480203513883,107.58861109541812,-30.409179370110763
D005_Pnative.anchor_512.raw,624470,,134.05516251283055,98.66555107807693,-29.622490199878932
D005_Pnative.anchor_512.raw,624825,,133.82056563168365,109.50461886407439,-32.65381789017274
D005_Pnative.anchor_512.raw,624913,,133.7668715459093,91.60904080585676,-31.94035086539537
D005_Pnative.anchor_512.raw,625178,,133.8498888357534,99.52407887671008,-30.94568304797044
D005_Pnative.anchor_512.raw,625253,,133.90499437136714,90.48437655907405,-29.94968383117783
D005_Pnative.anchor_512.raw,625255,,133.96032622568214,106.42583114022267,-30.26813658062072
D005_Pnative.anchor_512.raw,625326,,134.0113775461394,104.55509288037857,-29.815053139351384
D005_Pnative.anchor_512.raw,625778,,133.76039730950075,95.92827977571179,-31.34057451510026
D005_Pnative.anchor_512.raw,625809,,134.19797730157686,109.14651897561836,-32.80119622183707
D005_Pnative.anchor_512.raw,625857,,134.13944393578063,107.08096301484184,-29.471732004097575
D005_Pnative.anchor_512.raw,625943,,133.86978435386112,100.25560661987822,-29.50781409905398
D005_Pnative.anchor_512.raw,626410,,134.03908640988286,95.27647484161724,-31.799209849794103
D005_Pnative.anchor_512.raw,626547,,134.1856867968373,104.175983148038,-29.606557074030228
D005_Pnative.anchor_512.raw,626589,,133.93090865292476,110.68702162492619,-29.413119243726157
D005_Pnative.anchor_512.raw,626859,,133.75294757693155,100.25296774546557,-29.49671642582473
D005_Pnative.anchor_512.raw,627342,,133.89192063834037,102.94124120050957,-29.5674131418702
D005_Pnative.anchor_512.raw,628209,,134.16057777507194,97.35814968104603,-30.389429940504982
D005_Pnative.anchor_512.raw,628230,,133.77455102530055,100.99832484905679,-32.93243308738488
D005_Pnative.anchor_512.raw,628448,,133.99208700419874,101.45642552684481,-31.560275227122172
D005_Pnative.anchor_512.raw,628545,,134.05580043838467,99.5811031551139,-29.461299833505592
D005_Pnative.anchor_512.raw,628681,,133.822889161026,93.36462957983201,-32.21595588761441
D005_Pnative.anchor_512.raw,629253,,133.83842752818177,93.00850373987193,-31.634214912309574
D005_Pnative.anchor_512.raw,629460,,133.85334429086467,110.27258453344149,-30.032389229892427
D005_Pnative.anchor_512.raw,629515,,134.17882655094846,108.09408666030193,-29.50436038708697
D005_Pnative.anchor_512.raw,629886,,133.87245521064295,90.43283784295878,-32.34299439408934
D005_Pnative.anchor_512.raw,629917,,133.96205336964348,110.14854620037073,-32.48028956024408
D005_Pnative.anchor_512.raw,630025,,133.8563425934133,95.9947423847733,-31.351814766054932
D005_Pnative.anchor_512.raw,630078,,133.9956485037489,90.46788141735195,-32.324671764558246
D005_Pnative.anchor_512.raw,630384,,134.16591909918762,92.33760837785577,-31.89264637380699
D005_Pnative.anchor_512.raw,630761,,133.99306913413014,101.82183002492867,-30.150456822433547
D005_Pnative.anchor_512.raw,631135,,133.91710105975997,98.6252208027067,-31.730229450917925
D005_Pnative.anchor_512.raw,631319,,134.00687949154468,93.08793970904728,-31.39009160757073
D005_Pnative.anchor_512.raw,631427,,133.8539242887723,102.33480428135337,-31.193470706568473
D005_Pnative.anchor_512.raw,631430,,134.16280545450854,100.48513619205836,-30.092947283150597
D005_Pnative.anchor_512.raw,631760,,133.8832387690314,103.1567097178013,-30.244876756040867
D005_Pnative.anchor_512.raw,632204,,134.07740625518073,92.2070538984772,-29.460883479384375
D005_Pnative.anchor_512.raw,632273,,133.78942873127693,102.05946847435737,-31.339564186379363
D005_Pnative.anchor_512.raw,632552,,133.91547937420864,90.52525319500475,-29.86638964236538
D005_Pnative.anchor_512.raw,632559,,133.96141109936224,109.95828385813466,-30.009724123081988
D005_Pnative.anchor_512.raw,633088,,133.857044836316,105.80657934215161,-31.55150131453201
D005_Pnative.anchor_512.raw,633197,,133.85290658573064,98.90489030286305,-31.597198697831995
D005_Pnative.anchor_512.raw,633468,,133.99006737594485,95.96811710155558,-29.39669710923997
D005_Pnative.anchor_512.raw,633773,,133.92390846134805,96.38089185627096,-29.485778072270918
D005_Pnative.anchor_512.raw,633956,,133.80454172060735,93.01767217743136,-31.651562432599352
D005_Pnative.anchor_512.raw,633998,,134.01929214497196,104.50625806737486,-29.79640242959572
D005_Pnative.anchor_512.raw,634311,,134.11571117497004,109.91064985405103,-32.64990345599726
D005_Pnative.anchor_512.raw,634313,,133.81460980317388,94.3207901128319,-30.09000530231896
D005_Pnative.anchor_512.raw,634518,,133.91072274775914,90.46061022239853,-30.00255109504618
D005_Pnative.anchor_512.raw,634538,,133.84403138056103,109.769812358153,-32.268652810459876
D005_Pnative.anchor_512.raw,634560,,133.8004443757748,99.39322020868318,-31.059731681710208
D005_Pnative.anchor_512.raw,634614,,133.77179882439754,92.81399672426284,-30.42989359089593
D005_Pnative.anchor_512.raw,634687,,134.23434822926865,91.54767270241756,-29.4103075591528
D005_Pnative.anchor_512.raw,634724,,134.06453107049936,105.84822090094747,-30.072379321252843
D005_Pnative.anchor_512.raw,634897,,133.93948428213184,100.9745234467696,-29.98835393032759
D005_Pnative.anchor_512.raw,635063,,133.76874249889124,97.09151357516717,-31.447949592887156
D005_Pnative.anchor_512.raw,635348,,133.9570713929576,95.65791523006783,-31.71355342371136
D005_Pnative.anchor_512.raw,635456,,134.11976255941855,93.14238318736952,-30.877673446252487
D005_Pnative.anchor_512.raw,635723,,133.86214587508434,93.55912646753107,-30.686345785405262
D005_Pnative.anchor_512.raw,636172,,134.0756830777806,98.75867753207453,-29.565277399292132
D005_Pnative.anchor_512.raw,636284,,134.16913441575574,96.83027693757649,-30.458642266858035
D005_Pnative.anchor_512.raw,636442,,134.23676960273247,101.02445356359101,-30.133065037007253
D005_Pnative.anchor_512.raw,636979,,133.94616991906972,98.10679286267887,-31.88004460283558
D005_Pnative.anchor_512.raw,637067,,134.20949616454166,93.92088407928195,-32.25642843444983
D005_Pnative.anchor_512.raw,637239,,134.20617738415496,110.07912924925567,-29.884655365999787
D005_Pnative.anchor_512.raw,637453,,133.86004946273457,110.29147793632004,-29.971121950621374
D005_Pnative.anchor_512.raw,637742,,134.05361737478574,108.2169614384409,-31.266816837788703
D005_Pnative.anchor_512.raw,637990,,134.21390359107357,109.14556220332648,-32.33066054031688
D005_Pnative.anchor_512.raw,638836,,133.75915229521712,108.88971978883669,-32.648041698933774
D005_Pnative.anchor_512.raw,638884,,134.23746332196262,96.69364561389652,-31.56955441919412
D005_Pnative.anchor_512.raw,639351,,134.0320913987051,101.19773958734696,-31.825484510530618
D005_Pnative.anchor_512.raw,639691,,133.96421801989638,110.94286828508507,-29.43585282275724
D005_Pnative.anchor_512.raw,639921,,133.79024464824914,109.88652890212836,-32.349508548180644
D005_Pnative.anchor_512.raw,640739,,133.9652578487071,107.78991111494545,-29.484382945190532
D005_Pnative.anchor_512.raw,640977,,133.85449883135337,96.85593395819991,-29.99379054886871
D005_Pnative.anchor_512.raw,641295,,134.21827536297383,102.0734947379328,-31.484802346488763
D005_Pnative.anchor_512.raw,641852,,134.0317803003189,94.96981373026338,-32.04184351542059
D005_Pnative.anchor_512.raw,641880,,134.20840499659263,102.52135866524857,-31.12446199756272
D005_Pnative.anchor_512.raw,641926,,133.93290271070578,108.45873443411352,-31.10698896993959
D005_Pnative.anchor_512.raw,642264,,134.0056141629607,98.03292393064106,-31.897129085452036
D005_Pnative.anchor_512.raw,642378,,134.16142747550913,109.20893920019226,-32.7766232870632
D005_Pnative.anchor_512.raw,642464,,133.7574262354189,100.75469980044679,-31.413754199816474
D005_Pnative.anchor_512.raw,642581,,133.95970704040653,106.45376333905789,-30.003366253727023
D005_Pnative.anchor_512.raw,642599,,133.88034232154166,102.41322120619657,-29.87590160347007
D005_Pnative.anchor_512.raw,642747,,133.76124856444545,91.89380513593845,-31.935666199527994
D005_Pnative.anchor_512.raw,642806,,134.06183001999239,96.94005709290593,-31.527936726580364
D005_Pnative.anchor_512.raw,643280,,134.09920285028295,104.68693156330293,-31.3280295771619
D005_Pnative.anchor_512.raw,643530,,133.96401961993467,107.77748063326983,-30.800012864344716
D005_Pnative.anchor_512.raw,643721,,133.77936905102013,99.43377061649493,-29.46861714642428
D005_Pnative.anchor_512.raw,643751,,134.12756410898717,107.14814950461536,-29.457720840669943
D005_Pnative.anchor_512.raw,643884,,134.22336582378117,107.22283765161777,-30.273189075123582
D005_Pnative.anchor_512.raw,644109,,133.78253841950337,108.44665155344344,-29.949180735091247
D005_Pnative.anchor_512.raw,644136,,133.78690351717714,105.09280751775171,-30.016755549688728
D005_Pnative.anchor_512.raw,644189,,134.13246829446223,105.21868040274987,-30.108475598208248
D005_Pnative.anchor_512.raw,644352,,134.03786539338455,104.11177306055745,-31.251806590209707
D005_Pnative.anchor_512.raw,644542,,133.80828243961346,99.97846719175188,-29.474414117438076
D005_Pnative.anchor_512.raw,644943,,134.0500811466714,92.82183965537754,-30.614116066166453
D005_Pnative.anchor_512.raw,645114,,134.11478111872754,104.74821603939675,-31.388468560060875
D005_Pnative.anchor_512.raw,645174,,133.92038485456155,93.22741847804679,-30.80202667583177
D005_Pnative.anchor_512.raw,645284,,133.76538491494648,101.90497343072857,-30.148838305985862
D005_Pnative.anchor_512.raw,645485,,134.13365014983128,97.25956003614007,-31.77914625347909
D005_Pnative.anchor_512.raw,645940,,134.15937002488425,102.34434364965857,-31.290849746489222
D005_Pnative.anchor_512.raw,646215,,134.1607190616728,106.5814385088345,-30.125970785683414
D005_Pnative.anchor_512.raw,646263,,134.09992766619138,94.21427621874645,-32.19888469312591
D005_Pnative.anchor_512.raw,646396,,134.08994556211627,111.00503062917107,-29.766388465045395
D005_Pnative.anchor_512.raw,646442,,133.9712300938377,98.97307637914105,-30.54377339339165
D005_Pnative.anchor_512.raw,646464,,133.8620458836517,93.13317057046552,-30.81647522469882
D005_Pnative.anchor_512.raw,646510,,133.921877965275,92.95185378419455,-31.620568824668975
D005_Pnative.anchor_512.raw,646625,,133.97273803875436,103.48045446267605,-30.307217238285887
D005_Pnative.anchor_512.raw,646695,,134.0341634191854,110.02654122935552,-32.35607776942687
D005_Pnative.anchor_512.raw,647082,,133.8661723820382,106.12983038727313,-31.249898995770707
D005_Pnative.anchor_512.raw,647202,,134.02382955154602,94.1911380533434,-32.196787241207836
D005_Pnative.anchor_512.raw,647219,,133.80338706041172,99.77775204192608,-30.838935300746563
D005_Pnative.anchor_512.raw,647622,,133.93150174777315,110.79338072191477,-30.096738021160782
D005_Pnative.anchor_512.raw,647924,,134.10431186640778,99.48978295432616,-29.447098309519554
D005_Pnative.anchor_512.raw,648216,,133.8768590622632,96.41110935133457,-31.26390408967037
D005_Pnative.anchor_512.raw,648339,,133.91218616241667,90.34351781219767,-32.35519515403298
D005_Pnative.anchor_512.raw,648375,,133.96911365108852,98.18436711137167,-31.86115911664665
D005_Pnative.anchor_512.raw,648606,,133.93218377622787,108.60675780445686,-31.003169042392084
D005_Pnative.anchor_512.raw,649097,,133.80032446346962,104.1185673579429,-31.191727990299373
D005_Pnative.anchor_512.raw,649103,,134.02275395802525,108.23202877255697,-29.63570416754354
D005_Pnative.anchor_512.raw,650003,,134.02912190230052,96.05204248363319,-31.433324735488295
D005_Pnative.anchor_512.raw,650010,,133.91542436223855,108.01284389962747,-29.511700590557567
D005_Pnative.anchor_512.raw,650087,,133.790468763518,104.37013252632622,-31.239305258040222
D005_Pnative.anchor_512.raw,650339,,133.7823454524357,98.78829186361796,-29.618055659531805
D005_Pnative.anchor_512.raw,650428,,133.86237782139744,100.77639107124946,-32.86978679632003
D005_Pnative.anchor_512.raw,650547,,134.16977704622195,93.02654443450342,-31.257363470944792
D005_Pnative.anchor_512.raw,651295,,133.79740911007497,105.7729234060881,-31.53198436653605
D005_Pnative.anchor_512.raw,651320,,133.89002695818655,108.77899696048672,-32.301594796678536
D005_Pnative.anchor_512.raw,651366,,133.86360046995406,104.54375079881672,-31.262102497279276
D005_Pnative.anchor_512.raw,651428,,133.82169636902188,99.53139260017659,-30.938374403591197
D005_Pnative.anchor_512.raw,651682,,134.16171516121045,94.48901393760787,-32.25848223555252
D005_Pnative.anchor_512.raw,651770,,133.855396633635,99.47685905831136,-29.470298373727644
D005_Pnative.anchor_512.raw,652273,,133.90028942408452,108.9540614727741,-32.64200816825636
D005_Pnative.anchor_512.raw,652350,,134.2071985245634,108.32242824810939,-32.47251374461218
D005_Pnative.anchor_512.raw,652474,,133.80984648417984,109.336477960818,-32.646548801094085
D005_Pnative.anchor_512.raw,652565,,133.96694687718144,95.13188865494608,-29.630648276691893
D005_Pnative.anchor_512.raw,652688,,133.81751155970704,96.95025310258549,-30.103656388393055
D005_Pnative.anchor_512.raw,652734,,134.2270115024971,104.14114317436993,-31.29312675103218
D005_Pnative.anchor_512.raw,652837,,133.9264004620919,108.72270313014292,-32.29514728726118
D005_Pnative.anchor_512.raw,653232,,133.82252135452862,101.41264146257909,-31.501701437080534
D005_Pnative.anchor_512.raw,653246,,133.82417001378224,100.65282010345051,-29.930273657433375
D005_Pnative.anchor_512.raw,653255,,134.23685289397307,106.03264277971465,-31.553250286601042
D005_Pnative.anchor_512.raw,653270,,133.7674816916405,98.4810690452916,-31.785295503721308
D005_Pnative.anchor_512.raw,653382,,133.77390306036438,108.97962572729975,-32.64562969109984
D005_Pnative.anchor_512.raw,653636,,133.98007129947845,110.21330163036035,-32.50937969373125
D005_Pnative.anchor_512.raw,653783,,134.01040466378313,93.21015260223362,-30.79415693520528
D005_Pnative.anchor_512.raw,654130,,133.88913898262834,100.1554317989891,-32.853764185939035
D005_Pnative.anchor_512.raw,654202,,134.0425727690153,98.97306118339188,-31.581887436414508
D005_Pnative.mesh_512.raw,68,,134.1212227416826,108.63556025989907,-30.238230903732592
D005_Pnative.mesh_512.raw,118,,134.08265768094597,104.56787358378207,-30.055566504532653
D005_Pnative.mesh_512.raw,151,,134.2168608281166,107.98319492690705,-29.504243717784675
D005_Pnative.mesh_512.raw,445,,134.1955041074913,103.61867390615977,-29.098199149551913
D005_Pnative.mesh_512.raw,791,,134.24705415299087,106.66064111026574,-29.305634764262233
D005_Pnative.mesh_512.raw,819,,133.91539594715226,97.86458867922892,-32.04290366458522
D005_Pnative.mesh_512.raw,1311,,133.78876865342943,100.85335405616334,-32.52024440852263
D005_Pnative.mesh_512.raw,1468,,134.04739993321314,105.46597867484127,-30.050962848746227
D005_Pnative.mesh_512.raw,1730,,134.14550484155876,90.29454595463633,-32.59430784133868
D005_Pnative.mesh_512.raw,1793,,134.00087994448555,104.45739793221617,-29.79836644459701
D005_Pnative.mesh_512.raw,1841,,134.0454408338684,100.1867189948552,-29.334252706372475
D005_Pnative.mesh_512.raw,1904,,133.82256942999072,98.91766979299092,-29.303043993566703
D005_Pnative.mesh_512.raw,2074,,133.78925158427975,96.12654575434074,-29.19930704782142
D005_Pnative.mesh_512.raw,2093,,133.92681700666398,104.7926196717417,-30.272706445603493
D005_Pnative.mesh_512.raw,2355,,134.01901361468464,100.47120302637317,-29.55721744050819
D005_Pnative.mesh_512.raw,2477,,134.0578067654238,108.03265883491392,-29.53417053821243
D005_Pnative.mesh_512.raw,2580,,133.96735707450168,103.13029705348453,-29.087761214615313
D005_Pnative.mesh_512.raw,2753,,134.13836361945033,101.65407048189408,-29.808293260816587
D005_Pnative.mesh_512.raw,3421,,133.92422758280333,93.5111791248384,-32.06302997657487
D005_Pnative.mesh_512.raw,3496,,134.14126876802771,103.72031064889411,-29.1607388918253
D005_Pnative.mesh_512.raw,3566,,134.15520947139848,99.73967107122267,-29.281700574423844
D005_Pnative.mesh_512.raw,3854,,133.93982247065856,91.78547070260622,-29.13415102566129
D005_Pnative.mesh_512.raw,4254,,134.0490131397367,95.52974378083732,-29.179486894551697
D005_Pnative.mesh_512.raw,4740,,133.9058654765316,93.20240709017833,-29.487110237465064
D005_Pnative.mesh_512.raw,4791,,133.86540769047306,90.6954819758954,-32.29598662660281
D005_Pnative.mesh_512.raw,4937,,134.093006129807,100.19665028639973,-32.13263893529605
D005_Pnative.mesh_512.raw,5027,,133.7897445599403,92.99969624169557,-29.40372392732154
D005_Pnative.mesh_512.raw,5130,,134.18059345089796,90.44888358868947,-29.368427703431756
D005_Pnative.mesh_512.raw,5412,,133.88448873387037,97.80113021973128,-32.07314780860892
D005_Pnative.mesh_512.raw,5607,,134.16345380137523,109.46284679907225,-29.702758820517836
D005_Pnative.mesh_512.raw,5618,,134.08683510775424,107.53768626531986,-29.103096509043894
D005_Pnative.mesh_512.raw,5759,,133.9286257349664,103.70888390133096,-29.226125712918197
D005_Pnative.mesh_512.raw,5869,,133.8327344894623,92.73832938113424,-29.331861097618606
D005_Pnative.mesh_512.raw,6025,,133.94913149523305,100.04097933989246,-29.259616930605144
D005_Pnative.mesh_512.raw,6049,,134.10965060218908,100.09518347695838,-29.329781919384157
D005_Pnative.mesh_512.raw,6254,,133.9572137066874,95.6292301068547,-31.34570519690256
D005_Pnative.mesh_512.raw,6371,,133.9489417839638,96.35396606151322,-31.90815003191987
D005_Pnative.mesh_512.raw,6534,,133.8007065721788,92.24441050354817,-32.06460800820448
D005_Pnative.mesh_512.raw,6790,,134.04510107174715,101.4137198465161,-30.026472842143427
D005_Pnative.mesh_512.raw,6819,,134.12543478511793,101.22987525430241,-30.10079635763067
D005_Pnative.mesh_512.raw,7060,,134.13270088691448,100.10362413383591,-32.02316969850047
D005_Pnative.mesh_512.raw,7546,,134.07740883116358,99.56574897297072,-31.71520381329295
D005_Pnative.mesh_512.raw,7797,,133.9504947845632,96.34857411583332,-32.197842651766635
D005_Pnative.mesh_512.raw,7858,,133.78615103266694,107.0975716388136,-29.067193516857156
D005_Pnative.mesh_512.raw,7939,,133.89447903941908,108.11683017410488,-29.538848425509922
D005_Pnative.mesh_512.raw,8382,,134.04468243041055,94.13363082661377,-29.60488600998698
D005_Pnative.mesh_512.raw,8673,,133.7612468953727,102.47908713551551,-29.188992778642476
D005_Pnative.mesh_512.raw,9468,,134.13807160593103,96.43258520925691,-29.455614838467117
D005_Pnative.mesh_512.raw,9677,,133.8514789412903,107.7194105934746,-29.03239719982173
D005_Pnative.mesh_512.raw,9950,,134.13823205692103,101.85716474941339,-29.64931371852114
D005_Pnative.mesh_512.raw,10364,,134.1886757530947,106.97989401554001,-29.19610253279197
D005_Pnative.mesh_512.raw,10404,,133.8229477367761,99.669565926292,-29.20491493749941
D005_Pnative.mesh_512.raw,11012,,134.2318955766403,105.74281885348422,-29.73749090370707
D005_Pnative.mesh_512.raw,11089,,133.78320083693492,90.10125700899046,-29.522184506650362
D005_Pnative.mesh_512.raw,11160,,133.78055525183788,95.89244882764098,-31.395755086252976
D005_Pnative.mesh_512.raw,11373,,134.04048163286478,109.50202359471986,-29.617946822058247
D005_Pnative.mesh_512.raw,11586,,134.00651787351308,96.98247555432184,-32.40854913981689
D005_Pnative.mesh_512.raw,11595,,133.76189864150965,98.0290264972407,-31.92835954747931
D005_Pnative.mesh_512.raw,12312,,134.2228249248654,93.01814107981006,-29.388643511082268
D005_Pnative.mesh_512.raw,13326,,134.2046147136109,100.3784833460234,-29.572077958626917
D005_Pnative.mesh_512.raw,14203,,134.16425032933617,93.3233190394111,-29.426481576236366
D005_Pnative.mesh_512.raw,14688,,133.9427785295603,99.57192782069448,-29.232931371632606
D005_Pnative.mesh_512.raw,14752,,133.97973215626632,92.65141346505212,-32.23848048810956
D005_Pnative.mesh_512.raw,15424,,134.1054814328494,93.03181180554623,-32.19836697868217
D005_Pnative.mesh_512.raw,16109,,134.01210007174132,97.42383589027945,-29.948259255216485
D005_Pnative.mesh_512.raw,16945,,133.87184325049128,104.38766315275093,-29.590102142988233
D005_Pnative.mesh_512.raw,17319,,134.0391619653373,103.71748568435942,-29.207981364645015
D005_Pnative.mesh_512.raw,17771,,134.0583738681697,108.40369400576274,-29.95716190168477
D005_Pnative.mesh_512.raw,17861,,133.79087492524056,95.99784874854774,-29.201420060367475
D005_Pnative.mesh_512.raw,18170,,133.93473997872638,96.04125286669496,-29.19822184334115
D005_Pnative.mesh_512.raw,18232,,133.8926243636582,111.34695639533805,-28.66212209560741
D005_Pnative.mesh_512.raw,18803,,134.1963566614278,96.04795701503221,-31.765923521290034
D005_Pnative.mesh_512.raw,18884,,133.91880119496795,106.65155928273553,-29.234744970949315
D005_Pnative.mesh_512.raw,19555,,134.02310071492232,99.36193362101949,-31.608523020964142
D005_Pnative.mesh_512.raw,19861,,133.90393511698156,97.2176146115757,-32.25001980768802
D005_Pnative.mesh_512.raw,20240,,134.14930526737808,91.73322291735394,-29.157226510045234
D005_Pnative.mesh_512.raw,20331,,134.19792463892037,101.43000486915378,-29.935978174596453
D005_Pnative.mesh_512.raw,20487,,134.20674819050302,110.38896457817206,-28.980985499142946
D005_Pnative.mesh_512.raw,20495,,134.03437392777383,105.50230577429662,-30.02376120343903
D005_Pnative.mesh_512.raw,20700,,134.22942478652024,104.12285272339795,-29.47152525524591
D005_Pnative.mesh_512.raw,20817,,133.9119270281678,96.8399725850264,-29.82042339767229
D005_Pnative.mesh_512.raw,20940,,133.89864430375985,106.12525597136309,-29.502417041277134
D005_Pnative.mesh_512.raw,22702,,133.76146829665052,97.1068855794959,-32.316710681192
D005_Pnative.mesh_512.raw,23562,,133.80964268867788,90.65814508742798,-32.30638652333132
D005_Pnative.mesh_512.raw,23622,,134.14562439214433,101.84349265392746,-32.46820429908917
D005_Pnative.mesh_512.raw,23794,,134.0366690716918,98.47835391938847,-29.384088413038242
D005_Pnative.mesh_512.raw,23863,,134.21293570268065,92.67342167673557,-29.332515850890452
D005_Pnative.mesh_512.raw,24158,,133.8469621249677,100.8830726570706,-30.08096081830406
D005_Pnative.mesh_512.raw,24690,,133.82885902273495,102.03788311271667,-32.333415983435835
D005_Pnative.mesh_512.raw,25042,,133.86296673353456,98.53777401260491,-31.76833472235697
D005_Pnative.mesh_512.raw,25372,,133.7786697401624,95.51838753048456,-31.356210736050556
D005_Pnative.mesh_512.raw,26125,,133.96152592916522,108.96678585528525,-30.00936853517451
D005_Pnative.mesh_512.raw,26141,,133.78923574129715,105.06308527745851,-30.221895880759725
D005_Pnative.mesh_512.raw,26273,,133.82782181540838,100.55504225291803,-29.596740645351026
D005_Pnative.mesh_512.raw,27233,,133.96251893164958,99.48301674599962,-29.239867248714155
D005_Pnative.mesh_512.raw,27270,,133.79492778630197,96.23987432026067,-29.22789734730013
D005_Pnative.mesh_512.raw,27671,,133.75693964775297,96.41554464643602,-31.773406174326233
D005_Pnative.mesh_512.raw,27892,,134.120320291909,97.7286720680228,-32.362422729694444
D005_Pnative.mesh_512.raw,28155,,134.0555622971895,93.47745959524009,-29.654678044424415
D005_Pnative.mesh_512.raw,28190,,134.18728660036123,107.49039651611943,-29.138103332302002
D005_Pnative.mesh_512.raw,28890,,133.98899521350808,101.68129063011341,-29.873359646640317
D005_Pnative.mesh_512.raw,29552,,133.92201522557713,100.56084224757153,-29.684272233390733
D005_Pnative.mesh_512.raw,29894,,133.82196828418262,103.11781563025392,-29.11590812372599
D005_Pnative.mesh_512.raw,29995,,134.10958446993936,108.09729849850316,-29.70524801233516
D005_Pnative.mesh_512.raw,30049,,134.0464177880925,106.42494038116328,-29.378328618641284
D005_Pnative.mesh_512.raw,30383,,133.79411099448544,108.04580945415856,-29.344463568375488
D005_Pnative.mesh_512.raw,31287,,134.19975972671625,109.89473535765643,-29.286588343461066
D005_Pnative.mesh_512.raw,31374,,134.0827255637295,95.35818805687221,-29.193197655464513
D005_Pnative.mesh_512.raw,31460,,133.87925665409335,96.91658221058296,-29.884900763049288
D005_Pnative.mesh_512.raw,31531,,133.76907655204542,98.55389178584825,-29.373276109752158
D005_Pnative.mesh_512.raw,31648,,134.21501643386767,110.41828146922036,-28.974638110808964
D005_Pnative.mesh_512.raw,31955,,133.79419624024035,103.64980655500729,-29.171582326399616
D005_Pnative.mesh_512.raw,32388,,134.0229563200589,100.76708061648876,-32.43564130331781
D005_Pnative.mesh_512.raw,32402,,134.12777493423886,95.16112561650257,-29.213247202342608
D005_Pnative.mesh_512.raw,32465,,134.00387701098276,109.45784579401382,-29.62615853418382
D005_Pnative.mesh_512.raw,32708,,133.86365338181946,94.76772411089695,-29.32283845192324
D005_Pnative.mesh_512.raw,32996,,134.1805439819577,101.17352101639568,-30.10904897437524
D005_Pnative.mesh_512.raw,33260,,133.94404862362768,96.25401468672118,-31.767304696480906
D005_Pnative.mesh_512.raw,33564,,133.84509932553368,94.1905195281383,-32.12273565235021
D005_Pnative.mesh_512.raw,33599,,133.8311365031641,101.56148695971301,-29.98964561126477
D005_Pnative.mesh_512.raw,33737,,134.20213725287562,105.45568801557936,-30.00767296914578
D005_Pnative.mesh_512.raw,33759,,133.95990786302124,93.12575193780968,-32.16132557751054
D005_Pnative.mesh_512.raw,34024,,133.9047997675042,96.75947503746654,-29.743299517820738
D005_Pnative.mesh_512.raw,34200,,133.89416560546135,106.22038322711671,-29.45830293474372
D005_Pnative.mesh_512.raw,34272,,133.7885566752608,98.03634845000806,-29.597217625496448
D005_Pnative.mesh_512.raw,34345,,133.93065799397672,95.64760618169196,-31.34755767112045
D005_Pnative.mesh_512.raw,34925,,133.87902378343517,106.68632174006595,-29.213446547666607
D005_Pnative.mesh_512.raw,35306,,133.9564432403417,91.68556646264439,-29.14537915732254
D005_Pnative.mesh_512.raw,35376,,134.1883974945257,96.23778362741824,-32.109167194387
D005_Pnative.mesh_512.raw,36100,,133.86880740431437,96.27294895233264,-31.70936531444748
D005_Pnative.mesh_512.raw,36251,,134.02448046037784,103.0142391639236,-29.04454083225164
D005_Pnative.mesh_512.raw,37885,,134.21007237182462,97.66914410096673,-32.50778373503733
D005_Pnative.mesh_512.raw,38352,,133.95035101440934,109.62974586414475,-29.478762860044295
D005_Pnative.mesh_512.raw,38509,,134.0350088349212,104.53756314382423,-29.998844933925856
D005_Pnative.mesh_512.raw,38555,,133.76438704475135,97.52449568229679,-32.26044460227141
D005_Pnative.mesh_512.raw,38842,,134.01849822541726,107.55775412276074,-29.07944294734918
D005_Pnative.mesh_512.raw,38964,,133.918589660805,99.9533116549404,-31.919899215675827
D005_Pnative.mesh_512.raw,39056,,134.07221133503748,111.85683261191454,-28.74083527329596
D005_Pnative.mesh_512.raw,39082,,134.08940914434385,110.97852659722525,-28.651896863853537
D005_Pnative.mesh_512.raw,39254,,133.77231678120944,110.03057470460458,-28.951345946474195
D005_Pnative.mesh_512.raw,39306,,134.07820893117255,93.31607862958143,-32.17102426242234
D005_Pnative.mesh_512.raw,39358,,133.9718733558756,93.04401801696712,-29.42657254313563
D005_Pnative.mesh_512.raw,39975,,134.22907685291196,93.90608282230481,-29.728540266417134
D005_Pnative.mesh_512.raw,40170,,134.14376613615815,100.08298968211373,-32.00969108487067
D005_Pnative.mesh_512.raw,40221,,133.92357582381828,101.9954409883585,-32.363753083767975
D005_Pnative.mesh_512.raw,40294,,134.01709923473638,108.898365781797,-30.10087251207081
D005_Pnative.mesh_512.raw,40949,,134.22627301196397,110.34851613570663,-29.013011823318347
D005_Pnative.mesh_512.raw,41171,,134.1613982261585,100.43386552729149,-29.668023137341436
D005_Pnative.mesh_512.raw,41233,,134.2218745977032,100.50901583901185,-32.29182129195263
D005_Pnative.mesh_512.raw,41241,,133.967325527409,111.43120175866162,-28.67378810123087
D005_Pnative.mesh_512.raw,41553,,134.20561321493486,96.2639762268249,-29.348702555243875
D005_Pnative.mesh_512.raw,41694,,133.88549854461695,96.23591303490034,-32.40530727658689
D005_Pnative.mesh_512.raw,42277,,133.87283415729635,90.24193520964735,-32.51471154957024
D005_Pnative.mesh_512.raw,42398,,133.98507572062726,96.27485220613082,-29.323743981542233
D005_Pnative.mesh_512.raw,42571,,134.05033185707418,92.3461470785158,-29.225174789633698
D005_Pnative.mesh_512.raw,42717,,134.11765753984105,102.59264901234366,-28.981477691050408
D005_Pnative.mesh_512.raw,42744,,133.78427660872256,109.1862294219213,-29.65532784370277
D005_Pnative.mesh_512.raw,42954,,134.02170458696773,94.72500520363845,-32.046459513539176
D005_Pnative.mesh_512.raw,43075,,134.02068893957681,97.4664763080019,-29.92994856059523
D005_Pnative.mesh_512.raw,43147,,133.8548821918308,102.45294761568637,-29.196011587157038
D005_Pnative.mesh_512.raw,43150,,134.00805288782462,108.07983555591781,-29.600116453892433
D005_Pnative.mesh_512.raw,43182,,133.95329299855098,97.36993715617017,-32.21670013302763
D005_Pnative.mesh_512.raw,43223,,133.84438915264252,91.06573933413392,-29.319933397516163
D005_Pnative.mesh_512.raw,43458,,134.1172516053666,90.45276667701071,-29.378230218925115
D005_Pnative.mesh_512.raw,43505,,134.13165372036696,108.9872261816545,-30.081929168602635
D005_Pnative.mesh_512.raw,43588,,133.80600997305586,99.03461198649072,-31.547552430728423
D005_Pnative.mesh_512.raw,43736,,134.15139887855435,110.3031618063726,-28.97878742286455
D005_Pnative.mesh_512.raw,43799,,134.11731976690032,96.14038412790813,-31.842689621956147
D005_Pnative.mesh_512.raw,45213,,133.7536360974666,93.3052672951887,-32.094017617679874
D005_Pnative.mesh_512.raw,45249,,133.9360778871044,95.0381328829574,-29.261687756534997
D005_Pnative.mesh_512.raw,45375,,134.1656807189883,105.56675973123438,-29.92728063207523
D005_Pnative.mesh_512.raw,45497,,133.8341084801204,100.12080414947185,-31.980966940119345
D005_Pnative.mesh_512.raw,45580,,134.13987358734636,100.61669044196233,-32.318627580551016
D005_Pnative.mesh_512.raw,45826,,133.93905358461413,95.58310559530624,-29.193440325122054
D005_Pnative.mesh_512.raw,46312,,134.1233212388961,110.53934090439981,-28.83881422608505
D005_Pnative.mesh_512.raw,46347,,133.95355076910423,94.91377979838884,-29.284469398882393
D005_Pnative.mesh_512.raw,46656,,134.24900086763222,111.7518735139858,-28.978165903644864
D005_Pnative.mesh_512.raw,46763,,134.1026224458236,94.65966345916125,-29.310571468473505
D005_Pnative.mesh_512.raw,46911,,133.88070474047157,96.92454729382978,-32.479641724219796
D005_Pnative.mesh_512.raw,49480,,133.9115083150865,91.06985811997242,-29.319137948368606
D005_Pnative.mesh_512.raw,49778,,134.07976450841204,110.790107343296,-28.659255615271796
D005_Pnative.mesh_512.raw,50345,,133.982247753775,95.108339446823,-29.241866813786178
D005_Pnative.mesh_512.raw,50348,,134.14106277945777,109.90478726709324,-29.248181582323753
D005_Pnative.mesh_512.raw,51004,,134.1906277509378,104.6282447218157,-30.15815633195366
D005_Pnative.mesh_512.raw,52761,,134.1113965558667,105.85521611093694,-29.667918981080042
D005_Pnative.mesh_512.raw,52826,,134.08362604533954,95.22177785666818,-29.20960650444179
D005_Pnative.mesh_512.raw,53624,,133.85062869182084,95.83877218173957,-31.39824353741348
D005_Pnative.mesh_512.raw,53650,,134.04519976215428,109.06588126273036,-29.96120665222255
D005_Pnative.mesh_512.raw,53723,,134.1991806518462,106.03921327194647,-29.507433749847927
D005_Pnative.mesh_512.raw,54402,,134.21135159560293,94.82561333959862,-29.26482502304186
D005_Pnative.mesh_512.raw,54829,,134.23802621395265,107.22010899608145,-29.142247965871256
D005_Pnative.mesh_512.raw,55787,,133.7626856142142,111.86647069071427,-28.492900534909182
D005_Pnative.mesh_512.raw,55832,,134.08822083511367,98.12923018604498,-29.476522118156858
D005_Pnative.mesh_512.raw,56190,,134.14782041607342,93.59734105529509,-32.14254553832499
D005_Pnative.mesh_512.raw,56232,,134.20023952650212,96.58767946656432,-29.732367034487254
D005_Pnative.mesh_512.raw,56497,,134.16570706575328,111.10539354619166,-28.698686858580704
D005_Pnative.mesh_512.raw,56503,,133.7751570128193,98.70370920808175,-31.699199056066117
D005_Pnative.mesh_512.raw,56754,,133.7873626314587,98.34373429503893,-31.818071684459582
D005_Pnative.mesh_512.raw,56863,,134.06790463577371,104.89115044831227,-30.249221229549704
D005_Pnative.mesh_512.raw,57870,,133.91040419658847,105.37291936328003,-30.151050675886424
D005_Pnative.mesh_512.raw,58098,,133.96660317393673,103.11946197040359,-29.08456831489874
D005_Pnative.mesh_512.raw,58202,,133.97156481951114,99.34184668924283,-29.25031952211763
D005_Pnative.mesh_512.raw,58283,,133.8485524985296,91.88035521419326,-29.135841664503246
D005_Pnative.mesh_512.raw,58455,,134.0819820601436,93.79020953140179,-32.119168630341285
D005_Pnative.mesh_512.raw,58574,,133.8381944929469,93.92359790626182,-32.07926800884569
D005_Pnative.mesh_512.raw,59205,,134.1730821214788,96.98662531124887,-32.424408033365665
D005_Pnative.mesh_512.raw,59356,,134.087419800462,97.13146480624664,-32.99550539731805
D005_Pnative.mesh_512.raw,60131,,134.01179748908976,104.33932260987527,-29.55328730244353
D005_Pnative.mesh_512.raw,60323,,134.17957336689088,107.57910341505489,-29.13428019216056
D005_Pnative.mesh_512.raw,60439,,133.7891258911947,105.653409971988,-29.944696088530176
D005_Pnative.mesh_512.raw,60530,,134.0932616704971,99.01325130887292,-29.282443875630467
D005_Pnative.mesh_512.raw,60737,,134.16780818159114,100.4061001284781,-29.59628078615796
D005_Pnative.mesh_512.raw,61128,,134.21766560474006,102.38128304658422,-29.090936771580697
D005_Pnative.mesh_512.raw,61583,,133.79074652838577,107.2303313489006,-29.023224161693268
D005_Pnative.mesh_512.raw,61792,,133.84090571591813,99.07685747921326,-31.529121170804878
D005_Pnative.mesh_512.raw,62094,,133.92175387436285,104.93403554966831,-30.272423612991368
D005_Pnative.mesh_512.raw,62115,,134.210720034639,101.83112609060493,-32.48019534976866
D005_Pnative.mesh_512.raw,62395,,133.7530594356848,108.22508393233672,-29.520787433912776
D005_Pnative.mesh_512.raw,62423,,134.14024463377632,93.38922685945383,-32.1821685062381
D005_Pnative.mesh_512.raw,62510,,133.89978601885804,102.74531586826149,-28.998877797015048
D005_Pnative.mesh_512.raw,62651,,133.9929040842639,108.14164487141448,-29.64888319880586
D005_Pnative.mesh_512.raw,62861,,133.77074395592996,99.88003381476732,-31.780241081996934
D005_Pnative.mesh_512.raw,63295,,133.7892995972511,104.08518500413072,-29.296511180434713
D005_Pnative.mesh_512.raw,63485,,134.11844139605796,104.84059967769875,-30.239446085928837
D005_Pnative.mesh_512.raw,63820,,133.8729453598596,110.54579575238012,-28.651754671647197
D005_Pnative.mesh_512.raw,63990,,134.16202779933022,105.94950466342831,-29.57843249706528
D005_Pnative.mesh_512.raw,64016,,134.0849556558153,108.22856435307048,-29.824736959093244
D005_Pnative.mesh_512.raw,64413,,133.98487882545425,100.60309262876889,-32.29150146079144
D005_Pnative.mesh_512.raw,64710,,134.06703619131463,92.3753021578127,-32.20127602014613
D005_Pnative.mesh_512.raw,65016,,134.10197645188745,98.98455868742869,-31.585204780430484
D005_Pnative.mesh_512.raw,65277,,133.84721474721377,91.05850247644713,-32.12786764607348
D005_Pnative.mesh_512.raw,65383,,134.23575422987363,95.89885862437953,-29.224704436568803
D005_Pnative.mesh_512.raw,65699,,133.85411997250176,107.03118625598903,-29.102331322202986
D005_Pnative.mesh_512.raw,66088,,133.93509867402148,99.26726832041795,-31.56805374248286
D005_Pnative.mesh_512.raw,66137,,133.80229220029506,93.24971577688248,-29.496064224967256
D005_Pnative.mesh_512.raw,66205,,134.15327043801585,98.81461380634074,-29.311869134788914
D005_Pnative.mesh_512.raw,66726,,134.18488024206928,104.29435147793191,-29.617426380795344
D005_Pnative.mesh_512.raw,66745,,133.89711075561956,109.16483160913569,-29.762082719380423
D005_Pnative.mesh_512.raw,67095,,134.04588599906887,96.52281657233858,-29.503230067187502
D005_Pnative.mesh_512.raw,67129,,133.90876002048293,90.55885059587214,-32.361161798205735
D005_Pnative.mesh_512.raw,67153,,133.9001175353182,103.37049152260774,-29.147598690397167
D005_Pnative.mesh_512.raw,67563,,133.90331251152926,95.985037871376,-31.47703750227545
D005_Pnative.mesh_512.raw,67701,,133.8820728896748,101.6366349889787,-29.93794096634876
D005_Pnative.mesh_512.raw,68180,,133.9013537704835,95.55049360845084,-31.34391829300931
D005_Pnative.mesh_512.raw,68247,,134.2052024513793,109.55118812619497,-29.631423162251338
D005_Pnative.mesh_512.raw,68367,,134.2336923357459,106.36198750609341,-29.415973712277008
D005_Pnative.mesh_512.raw,68785,,134.07866230980497,100.06356537710889,-29.31482362596374
D005_Pnative.mesh_512.raw,68830,,133.99901835923222,96.41367200846231,-32.079862380239646
D005_Pnative.mesh_512.raw,69543,,134.167635068343,101.61144681265449,-29.822285428825122
D005_Pnative.mesh_512.raw,69804,,133.83665434951956,108.49811297946935,-29.844659666279536
D005_Pnative.mesh_512.raw,69818,,134.08889939269798,103.17465652590444,-29.082330325316143
D005_Pnative.mesh_512.raw,69829,,133.83571469002464,94.1534837274858,-29.608143538242906
D005_Pnative.mesh_512.raw,70029,,133.91927400135924,90.8981983984093,-32.212241387339496
D005_Pnative.mesh_512.raw,70590,,133.97685981960086,90.51887603159514,-29.386562166905634
D005_Pnative.mesh_512.raw,71073,,133.91621439983498,93.29108935293759,-29.547184479413495
D005_Pnative.mesh_512.raw,71131,,133.88084456958958,96.95822981011824,-29.924328131823003
D005_Pnative.mesh_512.raw,71345,,133.95930565855087,98.18976127560636,-29.47847692626832
D005_Pnative.mesh_512.raw,72158,,134.17866729624583,110.4333140987053,-28.944313397639647
D005_Pnative.mesh_512.raw,72222,,133.9287452622473,92.9490560976281,-32.180550957647284
D005_Pnative.mesh_512.raw,72277,,133.81345617271165,99.9764668051008,-31.868603573184416
D005_Pnative.mesh_512.raw,72434,,133.82388436813764,107.88884392074512,-29.17946636188594
D005_Pnative.mesh_512.raw,72482,,134.0756905169825,95.71372906406036,-29.200480446664645
D005_Pnative.mesh_512.raw,72655,,133.9479642928897,95.06077979154664,-29.255618870184268
D005_Pnative.mesh_512.raw,73133,,134.06455041138787,96.7605274567473,-29.793218301099838
D005_Pnative.mesh_512.raw,73614,,133.91997277109738,96.13071481303409,-32.53784660772053
D005_Pnative.mesh_512.raw,73638,,133.77205517978996,98.74841968336247,-29.331619073540978
D005_Pnative.mesh_512.raw,73679,,134.03071217201992,99.35120605812148,-29.251127867004918
D005_Pnative.mesh_512.raw,73714,,133.8835319363462,100.34674851822506,-29.36397690856988
D005_Pnative.mesh_512.raw,73791,,133.88345381401984,90.76448562752432,-29.367191454808097
D005_Pnative.mesh_512.raw,73799,,134.0409794425551,92.91967136309056,-32.205582642985746
D005_Pnative.mesh_512.raw,73897,,133.8940326072925,97.9869312718708,-31.967795344726017
D005_Pnative.mesh_512.raw,74018,,133.81958599146006,92.63400605473848,-32.19772115109041
D005_Pnative.mesh_512.raw,74109,,133.91101449664254,110.4014447862855,-28.75262415249953
D005_Pnative.mesh_512.raw,74245,,134.101116664484,100.01350376055763,-31.966573240202326
D005_Pnative.mesh_512.raw,74506,,134.1567410623687,105.59401104283862,-29.907554879607112
D005_Pnative.mesh_512.raw,74993,,133.7885019785756,100.93188008447153,-30.101629892526507
D005_Pnative.mesh_512.raw,75242,,134.11919201280386,93.20825163878636,-29.413709608867244
D005_Pnative.mesh_512.raw,75416,,134.1118906514573,101.38860421502109,-30.00948110245882
D005_Pnative.mesh_512.raw,75438,,133.97590808528705,111.88528142294491,-28.62321393322852
D005_Pnative.mesh_512.raw,75654,,133.80149053065634,100.61568166551012,-29.755419005088726
D005_Pnative.mesh_512.raw,76445,,134.00993487403085,93.95910567464921,-32.09225503376659
D005_Pnative.mesh_512.raw,77094,,134.16390994336354,100.75127761582874,-29.969646164417355
D005_Pnative.mesh_512.raw,77353,,134.13491817975307,97.9981409706952,-29.519399243849527
D005_Pnative.mesh_512.raw,77563,,134.1035699419207,104.54527692113174,-30.00967980271882
D005_Pnative.mesh_512.raw,77634,,133.99759633061782,105.1521567255066,-30.269400122764743
D005_Pnative.mesh_512.raw,77662,,134.09361426517083,100.08263780239685,-29.322295968883033
D005_Pnative.mesh_512.raw,79103,,134.11310646382935,99.80393974919619,-31.833596987105484
D005_Pnative.mesh_512.raw,79120,,133.7852439472765,108.8048417739127,-29.942467985413767
D005_Pnative.mesh_512.raw,79213,,133.91875201330697,99.8165015063815,-29.235953733318887
D005_Pnative.mesh_512.raw,80065,,133.9615268583508,100.64211415276158,-29.94177127269697
D005_Pnative.mesh_512.raw,80815,,133.84794124284736,100.18521531991348,-32.092698998505846
D005_Pnative.mesh_512.raw,81498,,134.1798378711435,99.65284398689047,-29.24270695698446
D005_Pnative.mesh_512.raw,81797,,133.82157425106863,111.83471895343462,-28.536612133219187
D005_Pnative.mesh_512.raw,82302,,134.13197408913496,103.96317269688747,-29.36500660131836
D005_Pnative.mesh_512.raw,82471,,134.04685717942255,102.8096442094427,-28.973050906749183
D005_Pnative.mesh_512.raw,82532,,133.86475174076568,111.41996748943055,-28.647758532827726
D005_Pnative.mesh_512.raw,82618,,134.1954569457983,96.17289095893854,-31.989299263765034
D005_Pnative.mesh_512.raw,83080,,134.14383567743474,91.39777909600997,-29.19455085974821
D005_Pnative.mesh_512.raw,83124,,133.97793537929954,98.61693234709735,-31.75382663200293
D005_Pnative.mesh_512.raw,83474,,133.7576747624526,110.98091181917938,-28.569952919566646
D005_Pnative.mesh_512.raw,85095,,134.22416186025507,111.77985838570117,-28.939447130492713
D005_Pnative.mesh_512.raw,85323,,134.13849820923568,102.25322399132693,-29.303879860670932
D005_Pnative.mesh_512.raw,85415,,134.19419500169283,90.32101637566603,-32.602340698862676
D005_Pnative.mesh_512.raw,85586,,133.8746140506155,92.99157128758159,-29.40721422980032
D005_Pnative.mesh_512.raw,85940,,134.0720680753359,97.66789553947446,-32.3402785163762
D005_Pnative.mesh_512.raw,86336,,134.22545105376219,93.35827595898422,-29.3965282137612
D005_Pnative.mesh_512.raw,86639,,134.07581149669477,102.62013109740413,-28.9690355594493
D005_Pnative.mesh_512.raw,86901,,133.89808863147087,108.6811685342799,-30.106067248274464
D005_Pnative.mesh_512.raw,87088,,134.0085503010807,95.27293070712571,-31.307322038673146
D005_Pnative.mesh_512.raw,87193,,133.9950587021149,91.37342756986536,-29.21368464556614
D005_Pnative.mesh_512.raw,87815,,133.79123802157153,105.40556785616691,-30.153182548870213
D005_Pnative.mesh_512.raw,88081,,134.1071671944744,104.55451210085545,-30.02838008782499
D005_Pnative.mesh_512.raw,88236,,133.96806478029913,102.0468226688483,-29.599193682851226
D005_Pnative.mesh_512.raw,88764,,133.75097528574574,99.05055292153769,-29.277011227494363
D005_Pnative.mesh_512.raw,88827,,133.855559006208,107.60225122690427,-29.02942715536703
D005_Pnative.mesh_512.raw,89183,,134.02573257979734,93.06471062219309,-29.425636645273947
D005_Pnative.mesh_512.raw,89700,,133.9237147997282,97.45976918279776,-32.20583602677406
D005_Pnative.mesh_512.raw,90213,,134.05930308756373,108.12005193382089,-29.68460385393362
D005_Pnative.mesh_512.raw,90229,,134.18642893772864,95.98589919891404,-31.52764674612277
D005_Pnative.mesh_512.raw,90297,,134.22716979851666,100.42902522069424,-29.720576056588115
D005_Pnative.mesh_512.raw,90931,,134.02620507411996,100.60681085627593,-32.29876729135794
D005_Pnative.mesh_512.raw,91209,,134.1365246030213,91.20286047332696,-29.260459931672806
D005_Pnative.mesh_512.raw,91596,,133.81383761427722,93.1388682024434,-29.457079510014267
D005_Pnative.mesh_512.raw,91858,,133.7789805167315,96.70195984594999,-29.573445243407594
D005_Pnative.mesh_512.raw,92166,,134.12820777609562,100.78386952615634,-29.963365887428942
D005_Pnative.mesh_512.raw,92265,,134.03425860588638,93.3864388789932,-29.56516695351391
D005_Pnative.mesh_512.raw,92274,,133.83342502278137,107.91132532682441,-29.213863420335162
D005_Pnative.mesh_512.raw,92518,,133.91328522858953,97.8643628036329,-29.703481934258235
D005_Pnative.mesh_512.raw,92734,,133.96832692583274,96.93644760356463,-29.92666235839265
D005_Pnative.mesh_512.raw,93169,,133.7692472714499,92.08400173801166,-29.125984786459885
D005_Pnative.mesh_512.raw,93462,,133.92025346608818,97.97962827309945,-29.606405713907783
D005_Pnative.mesh_512.raw,93892,,133.99639122963433,97.11609405095123,-32.81730156967442
D005_Pnative.mesh_512.raw,93951,,134.0627300392052,97.14601289344624,-32.978519527185604
D005_Pnative.mesh_512.raw,94194,,133.8272792849057,98.30669385816806,-31.83149887959048
D005_Pnative.mesh_512.raw,94300,,134.0883851704578,100.47144445742491,-29.665425381435096
D005_Pnative.mesh_512.raw,94515,,134.21031973221585,100.65615148528855,-29.979506562650265
D005_Pnative.mesh_512.raw,94550,,134.19103995659043,93.94603730000077,-32.045687364816715
D005_Pnative.mesh_512.raw,95342,,133.96906863992965,91.94973464318508,-29.1227732372759
D005_Pnative.mesh_512.raw,96887,,133.76776422222397,100.14420585635615,-29.133879118277523
D005_Pnative.mesh_512.raw,96903,,133.98955674515418,100.72797418043957,-32.39242948973642
D005_Pnative.mesh_512.raw,97046,,134.02332775042416,111.74817803275542,-28.731098506280603
D005_Pnative.mesh_512.raw,97234,,134.2267462162336,93.06482002748857,-29.40097488064805
D005_Pnative.mesh_512.raw,97492,,134.1390322243246,102.88583237986829,-28.985741389217452
D005_Pnative.mesh_512.raw,97595,,133.93723927017157,96.03239819929549,-29.197961574425207
D005_Pnative.mesh_512.raw,98250,,133.97191346675405,93.40775655120461,-32.10260778430816
D005_Pnative.mesh_512.raw,99067,,133.92161225977367,90.65925543725568,-29.374474378051495
D005_Pnative.mesh_512.raw,99547,,133.8330391162826,97.16505104764535,-32.28095255261424
D005_Pnative.mesh_512.raw,99581,,134.18481639738155,97.74745549345224,-32.40881113903125
D005_Pnative.mesh_512.raw,99813,,134.13344765703488,93.10052405966104,-30.01895089628506
D005_Pnative.mesh_512.raw,99839,,134.1678805315226,92.07840691306707,-29.140770542525935
D005_Pnative.mesh_512.raw,99984,,134.14600933927204,108.38438129855209,-30.02744502814196
D005_Pnative.mesh_512.raw,100077,,133.91523386429017,110.51269524835412,-28.68648123839191
D005_Pnative.mesh_512.raw,100184,,133.8922703797498,95.64520548522218,-29.194789632325815
D005_Pnative.mesh_512.raw,100214,,134.22017307182392,92.11035653407393,-29.158514046114725
D005_Pnative.mesh_512.raw,100235,,134.11055563862547,93.83585619314087,-29.768847425429605
D005_Pnative.mesh_512.raw,100729,,134.18840811609942,102.16623470042543,-29.324917385113025
D005_Pnative.mesh_512.raw,101608,,133.86021006081074,99.72587650261072,-31.738115653986018
D005_Pnative.mesh_512.raw,101750,,134.14831834001401,100.9974312536485,-30.055764337439054
D005_Pnative.mesh_512.raw,101755,,133.96789049545325,99.51102403722044,-29.237973651960477
D005_Pnative.mesh_512.raw,102309,,134.06595404094105,93.81014754540442,-32.112624050588195
D005_Pnative.mesh_512.raw,102412,,133.85017440165998,92.04879728127621,-29.116806837800116
D005_Pnative.mesh_512.raw,102493,,134.00248778583307,93.60792554471564,-29.85729358379481
D005_Pnative.mesh_512.raw,103490,,133.76134191397028,98.62460429493726,-31.729842870031355
D005_Pnative.mesh_512.raw,103854,,133.90580148976667,94.8292587360271,-29.306563373660687
D005_Pnative.mesh_512.raw,104131,,133.91500780113827,99.57078876952241,-31.69905413729773
D005_Pnative.mesh_512.raw,104216,,134.22488747907,100.07472319182914,-32.00211193201761
D005_Pnative.mesh_512.raw,104681,,133.97115097023027,104.02847027526548,-29.34504838582031
D005_Pnative.mesh_512.raw,104731,,134.04687849582476,108.94639189910912,-30.073540489709565
D005_Pnative.mesh_512.raw,104973,,133.86573891694718,96.39245105362491,-32.1851615738194
D005_Pnative.mesh_512.raw,105145,,133.94642571437956,102.03580379832107,-29.620337749840957
D005_Pnative.mesh_512.raw,105319,,133.91084038736864,100.70564215177909,-32.36154770602827
D005_Pnative.mesh_512.raw,105520,,134.13653292917513,95.7334793530654,-29.19515175643705
D005_Pnative.mesh_512.raw,105544,,133.95119381841633,95.15795417333429,-29.24050194321509
D005_Pnative.mesh_512.raw,105652,,134.14717459397934,97.46486431470403,-32.34423749763923
D005_Pnative.mesh_512.raw,105767,,133.9826625435369,97.90621795343995,-29.648339602512017
D005_Pnative.mesh_512.raw,106081,,134.21025031652505,108.06686134752235,-29.723711569889403
D005_Pnative.mesh_512.raw,106123,,133.92922003371027,111.33071694331612,-28.67400770202002
D005_Pnative.mesh_512.raw,106284,,133.87144948729116,109.98061726491133,-29.019076240196977
D005_Pnative.mesh_512.raw,107155,,134.07559852718808,107.70825668794295,-29.099575242185832
D005_Pnative.mesh_512.raw,107448,,133.98190478730965,109.93485471854734,-29.14017012005103
D005_Pnative.mesh_512.raw,107567,,134.13748453940843,97.49670749274998,-32.357806231013996
D005_Pnative.mesh_512.raw,107967,,134.04013269788862,97.57488219732232,-29.884192151767266
D005_Pnative.mesh_512.raw,108122,,133.76016104797012,96.3858648024486,-32.051208856085985
D005_Pnative.mesh_512.raw,108390,,134.0045408864512,106.48868101893103,-29.335644430387
D005_Pnative.mesh_512.raw,108847,,133.9809185348563,103.99886917098385,-29.341542934106176
D005_Pnative.mesh_512.raw,108879,,133.84615645831735,96.42507616847774,-32.062979249277014
D005_Pnative.mesh_512.raw,109044,,134.18365755041083,96.25788857364753,-32.338959423509365
D005_Pnative.mesh_512.raw,109293,,133.92105742334968,97.03038739949439,-32.351179402902424
D005_Pnative.mesh_512.raw,109965,,134.05506360506232,100.14387762397455,-29.312213553724973
D005_Pnative.mesh_512.raw,110018,,134.2207776138965,100.34680027210851,-29.510088772039808
D005_Pnative.mesh_512.raw,110318,,134.07101482011416,96.73931958024738,-29.775445516828977
D005_Pnative.mesh_512.raw,110481,,134.12446615994085,100.63316355693209,-29.95472403613964
D005_Pnative.mesh_512.raw,110615,,133.7875057495873,100.58793521824931,-29.663336945637727
D005_Pnative.mesh_512.raw,110659,,133.97062410522526,92.09677909063531,-29.122510150782443
D005_Pnative.mesh_512.raw,111467,,134.2209731015618,92.95535750415097,-32.230083996398655
D005_Pnative.mesh_512.raw,112000,,133.94030799960052,108.08352500977522,-29.54531981426658
D005_Pnative.mesh_512.raw,112067,,133.9697821099738,93.79296688120778,-29.795924943323268
D005_Pnative.mesh_512.raw,112221,,134.0164416365401,96.83598463909274,-29.848212737173114
D005_Pnative.mesh_512.raw,112236,,134.07879125963456,101.5859823030826,-29.892081137400204
D005_Pnative.mesh_512.raw,112264,,133.9853513055161,100.88360951926532,-30.0697045906898
D005_Pnative.mesh_512.raw,112320,,133.98574237373865,103.9226439205951,-29.321036863761055
D005_Pnative.mesh_512.raw,112402,,133.75295198559826,108.80950067445681,-29.90328011661505
D005_Pnative.mesh_512.raw,112741,,133.82674223231442,93.2520608840626,-32.11288542491492
D005_Pnative.mesh_512.raw,113297,,134.2197557635373,92.43308938500024,-29.274246159677517
D005_Pnative.mesh_512.raw,113551,,134.0456689626238,104.92987843890967,-30.25499281299699
D005_Pnative.mesh_512.raw,113588,,133.99598719878958,90.30088211965645,-29.43410763581617
D005_Pnative.mesh_512.raw,113802,,133.83037637415015,95.20440251699233,-29.244795913174805
D005_Pnative.mesh_512.raw,113952,,133.8521144445313,94.56581004070615,-29.371094408153773
D005_Pnative.mesh_512.raw,114396,,134.08859000090197,96.05391593443464,-31.633149794982543
D005_Pnative.mesh_512.raw,114603,,134.22888670318125,97.81614652717555,-32.387820541070695
D005_Pnative.mesh_512.raw,114829,,134.19098206670725,96.64132996162203,-29.788785896957656
D005_Pnative.mesh_512.raw,114950,,134.2072002236437,100.15168441058465,-32.08538572671936
D005_Pnative.mesh_512.raw,115411,,133.86144033870266,90.74649199032187,-32.2729931926927
D005_Pnative.mesh_512.raw,115555,,134.17837708667412,106.89009151108763,-29.219000565001984
D005_Pnative.mesh_512.raw,115556,,133.81272492089286,90.87632484359348,-32.21023679123695
D005_Pnative.mesh_512.raw,115850,,134.06294937965515,101.75739592330163,-29.77098702618261
D005_Pnative.mesh_512.raw,115917,,134.1398706123532,95.70642443945619,-31.406776262724104
D005_Pnative.mesh_512.raw,116207,,133.91894130227746,107.9052839134433,-29.29326988329719
D005_Pnative.mesh_512.raw,116485,,134.21307775670405,110.29679369576283,-29.032519004190174
D005_Pnative.mesh_512.raw,116836,,133.99848414994744,107.9577171017457,-29.404636034145028
D005_Pnative.mesh_512.raw,117006,,134.08089026834188,95.84724941362752,-31.454415412191544
D005_Pnative.mesh_512.raw,117030,,133.9797297190408,97.81356036365018,-29.726050481376248
D005_Pnative.mesh_512.raw,117367,,133.7737645225498,90.2888316040894,-29.470625444947505
D005_Pnative.mesh_512.raw,117763,,133.89261191427272,98.60127092305348,-29.35302155399144
D005_Pnative.mesh_512.raw,117823,,133.75393324470542,92.67607434013811,-29.30378390821083
D005_Pnative.mesh_512.raw,117861,,134.2309282850097,92.58278045994304,-32.25904350680185
D005_Pnative.mesh_512.raw,117886,,134.08050698631493,97.93529284440606,-32.02513845025122
D005_Pnative.mesh_512.raw,118159,,134.0158665997933,110.53208643436972,-28.749739552985613
D005_Pnative.mesh_512.raw,118481,,133.79375677734834,100.08572724267894,-29.172606374408954
D005_Pnative.mesh_512.raw,118816,,134.13994380053848,109.81587063473131,-29.37012959474069
D005_Pnative.mesh_512.raw,119084,,134.18851545280776,100.36011301994782,-29.507523862602753
D005_Pnative.mesh_512.raw,119927,,134.17705550985596,97.26110760486415,-30.006285479861397
D005_Pnative.mesh_512.raw,120005,,134.1398854560124,93.43652569516414,-32.17125801726494
D005_Pnative.mesh_512.raw,120182,,134.23605686591776,110.81907806805387,-28.783062436177026
D005_Pnative.mesh_512.raw,120655,,134.02386645772685,110.3966845451658,-28.838975711110685
D005_Pnative.mesh_512.raw,120968,,133.89621211119626,102.5332141094178,-29.081693362340566
D005_Pnative.mesh_512.raw,121191,,134.06725448155169,93.37978959384947,-29.52187353555521
D005_Pnative.mesh_512.raw,121511,,134.0250747696378,94.27375255725336,-32.05146798017967
D005_Pnative.mesh_512.raw,121676,,133.90242344603465,102.42818172182207,-29.21427604868174
D005_Pnative.mesh_512.raw,122040,,133.99667169843661,97.21431979406842,-32.982285547020446
D005_Pnative.mesh_512.raw,122097,,133.93821945714245,92.11844118138627,-32.05404578451799
D005_Pnative.mesh_512.raw,122296,,134.2460460944892,110.04667456633672,-29.246151802310983
D005_Pnative.mesh_512.raw,122553,,133.784014401199,107.88824311336668,-29.147654720310612
D005_Pnative.mesh_512.raw,123230,,134.1224549438264,102.15750408180597,-29.388300557462237
D005_Pnative.mesh_512.raw,123305,,133.80899308833918,92.49440464114787,-32.17200189486465
D005_Pnative.mesh_512.raw,123431,,134.20161400471522,98.75986544627587,-31.70213047002468
D005_Pnative.mesh_512.raw,123484,,134.14229946366385,104.60013481661147,-30.109997532833574
D005_Pnative.mesh_512.raw,123707,,133.77906465106264,99.89924561483153,-29.210533646904487
D005_Pnative.mesh_512.raw,123995,,133.86231015067412,111.67231105992947,-28.622328636160102
D005_Pnative.mesh_512.raw,124185,,133.95476264685425,105.75191759321697,-29.792576247063874
D005_Pnative.mesh_512.raw,124735,,134.12501139087635,99.06455116498869,-29.274337988908734
D005_Pnative.mesh_512.raw,125919,,133.8581007405791,91.81958766796926,-29.140301075469793
D005_Pnative.mesh_512.raw,126452,,133.85273368457067,102.12233412007217,-32.26758723636627
D005_Pnative.mesh_512.raw,126494,,133.84761541424967,108.58805415552679,-29.94128223991264
D005_Pnative.mesh_512.raw,126523,,134.0118125901463,110.8207741050136,-28.597239836737934
D005_Pnative.mesh_512.raw,126661,,134.1717999038446,100.49768578181659,-29.79627803484882
D005_Pnative.mesh_512.raw,126824,,133.75577822151985,105.59452300587444,-30.022229959347023
D005_Pnative.mesh_512.raw,127160,,133.9967718630165,111.4559879649759,-28.67762373374503
D005_Pnative.mesh_512.raw,127583,,133.91042657329734,96.54176031132371,-29.486173459267228
D005_Pnative.mesh_512.raw,127745,,133.77793902409945,92.94371116842801,-32.141184702369266
D005_Pnative.mesh_512.raw,128150,,133.90344877043202,100.10212113342503,-29.25164041528021
D005_Pnative.mesh_512.raw,128365,,133.79800858645643,93.58146687374621,-32.02982557034813
D005_Pnative.mesh_512.raw,128376,,134.09717249476307,92.99065484351885,-32.20359706894903
D005_Pnative.mesh_512.raw,128425,,134.03111860901856,110.54929013719605,-28.752554646678227
D005_Pnative.mesh_512.raw,129311,,134.12111376396237,94.43098820558725,-29.394006454955154
D005_Pnative.mesh_512.raw,129960,,134.18168824415505,100.63528720032167,-32.33129452914555
D005_Pnative.mesh_512.raw,130162,,134.24655719180532,97.6568269254416,-29.76712664317408
D005_Pnative.mesh_512.raw,130199,,134.1734836458221,98.57449043361859,-29.3466180617961
D005_Pnative.mesh_512.raw,130300,,133.86122743944858,107.73593101404057,-29.047597893807307
D005_Pnative.mesh_512.raw,130970,,134.02441310034442,100.30627398850105,-32.190827334227016
D005_Pnative.mesh_512.raw,131933,,134.1806947867041,99.3052554166307,-29.256305080518217
D005_Pnative.mesh_512.raw,132531,,134.13603753549697,106.07125332643349,-29.50069497792963
D005_Pnative.mesh_512.raw,132773,,134.06431577381755,108.96891926620029,-30.06256529160518
D005_Pnative.mesh_512.raw,132904,,134.15677954889802,109.49902259452857,-29.66498443046056
D005_Pnative.mesh_512.raw,133649,,133.95708743779457,95.43868909690316,-29.20688050132803
D005_Pnative.mesh_512.raw,134371,,133.7657347161495,102.6816392919653,-29.067747675222776
D005_Pnative.mesh_512.raw,134662,,134.0785474065326,97.71938719872608,-29.771182680083477
D005_Pnative.mesh_512.raw,135407,,134.18087991655545,93.99589263744929,-32.015000265362175
D005_Pnative.mesh_512.raw,135449,,134.0807306387234,100.1677804672453,-29.334009994014508
D005_Pnative.mesh_512.raw,135471,,134.0496433508671,91.08671832262084,-29.305819251180402
D005_Pnative.mesh_512.raw,135567,,134.07508484421354,95.40084786291285,-29.189652292021236
D005_Pnative.mesh_512.raw,135904,,134.11054655912534,90.84176271630817,-29.337505952337764
D005_Pnative.mesh_512.raw,136095,,134.09215512292155,96.02675608868242,-31.531877860376667
D005_Pnative.mesh_512.raw,136503,,133.77058635554678,90.11805881581633,-29.518121552991932
D005_Pnative.mesh_512.raw,136552,,133.76593793976173,106.76149156057335,-29.178050649252746
D005_Pnative.mesh_512.raw,136816,,133.76653057436994,100.00928110798264,-29.187205483188187
D005_Pnative.mesh_512.raw,136989,,133.97334951310734,99.2542627660913,-29.256708085152482
D005_Pnative.mesh_512.raw,137106,,134.1967908334296,106.4584868885511,-29.39715908168155
D005_Pnative.mesh_512.raw,137179,,134.09890720095657,109.91996696783877,-29.209638542316128
D005_Pnative.mesh_512.raw,137432,,134.04977093304572,101.75851179506498,-29.777734603141006
D005_Pnative.mesh_512.raw,137471,,134.0513902102534,109.50000320544216,-29.625488950741143
D005_Pnative.mesh_512.raw,137771,,133.91480234111108,104.35302557889067,-29.526475555959152
D005_Pnative.mesh_512.raw,137774,,134.11065645274863,95.25533846666303,-31.33004941844044
D005_Pnative.mesh_512.raw,137873,,134.08645890196496,100.65209268715661,-32.32732677273346
D005_Pnative.mesh_512.raw,137963,,133.83405070221335,105.09319587807296,-30.23890773776772
D005_Pnative.mesh_512.raw,138155,,133.75577565051614,106.96249084276774,-29.11496090441173
D005_Pnative.mesh_512.raw,138175,,133.96725942851555,96.72393533314107,-29.7269609604738
D005_Pnative.mesh_512.raw,138184,,134.13524087684493,97.89561302767642,-32.18811120775648
D005_Pnative.mesh_512.raw,138459,,133.8278368891662,96.50081044125592,-29.419136518977716
D005_Pnative.mesh_512.raw,138740,,134.05541224486024,103.8339908925485,-29.295919303923124
D005_Pnative.mesh_512.raw,139072,,134.141147356833,107.38168739949029,-29.122439412848365
D005_Pnative.mesh_512.raw,139233,,134.05270724348642,100.53657740510758,-29.801735291689475
D005_Pnative.mesh_512.raw,139706,,133.85777161523265,98.86573335429598,-29.30957659074525
D005_Pnative.mesh_512.raw,140347,,133.79767696742272,94.81673865894204,-31.773713047589695
D005_Pnative.mesh_512.raw,140600,,134.21923575062334,111.68158700263376,-28.905059380774798
D005_Pnative.mesh_512.raw,140637,,134.01654469729584,102.66692015059535,-28.935080566225743
D005_Pnative.mesh_512.raw,140662,,134.1490039678402,95.59696791525073,-31.378504095354156
D005_Pnative.mesh_512.raw,141086,,133.908399610884,92.52587733703959,-32.21575717313975
D005_Pnative.mesh_512.raw,141108,,133.89811491624164,95.75729084028333,-31.38133750943991
D005_Pnative.mesh_512.raw,141432,,133.84333725631396,92.59303325275928,-32.21161856018538
D005_Pnative.mesh_512.raw,141952,,134.08053939313658,97.26241936548273,-32.24916445838621
D005_Pnative.mesh_512.raw,141986,,133.94245917201718,96.82967577703573,-29.818013148198823
D005_Pnative.mesh_512.raw,143015,,134.03136496984126,111.14578797548228,-28.681226712536464
D005_Pnative.mesh_512.raw,143097,,133.922146833761,99.79296198947074,-31.819836416961895
D005_Pnative.mesh_512.raw,143249,,133.99222689558295,96.24782149125505,-31.822422773394678
D005_Pnative.mesh_512.raw,143508,,134.01718188433475,95.08577924268059,-29.24100413898271
D005_Pnative.mesh_512.raw,143642,,133.81155442209536,109.17580706477045,-29.67983740451622
D005_Pnative.mesh_512.raw,143808,,134.1146280160085,110.04008008547544,-29.141567974602957
D005_Pnative.mesh_512.raw,143981,,134.0177287639706,108.02782789313744,-29.504215071361752
D005_Pnative.mesh_512.raw,144028,,134.06585505325342,100.15367970327662,-29.320986428138937
D005_Pnative.mesh_512.raw,144125,,133.91875228036338,105.67994186177964,-29.867968417341913
D005_Pnative.mesh_512.raw,144434,,133.89214809631295,100.32421563636456,-29.35490755493238
D005_Pnative.mesh_512.raw,144668,,133.93383679317895,98.67992226035454,-31.72280563647998
D005_Pnative.mesh_512.raw,144831,,134.21335029973045,111.50398421183701,-28.753006691490672
D005_Pnative.mesh_512.raw,145667,,133.89903374079955,97.89630732543952,-29.68033481852632
D005_Pnative.mesh_512.raw,145680,,134.04243050676223,96.31050651579915,-31.972826441258363
D005_Pnative.mesh_512.raw,146278,,134.222823668299,108.11527284769157,-29.82099917123706
D005_Pnative.mesh_512.raw,146349,,133.9241869807369,109.15544984725791,-29.79591501516846
D005_Pnative.mesh_512.raw,146539,,134.20618173589,97.35087107189074,-29.943705659641793
D005_Pnative.mesh_512.raw,146759,,134.15329122090378,97.52712251923987,-29.8638751528902
D005_Pnative.mesh_512.raw,147099,,133.84147926025955,106.69347995946822,-29.2064855885723
D005_Pnative.mesh_512.raw,147792,,134.2416727115387,97.410896354705,-32.43335659187599
D005_Pnative.mesh_512.raw,147969,,134.19070290551605,106.44718449260762,-29.40149113054691
D005_Pnative.mesh_512.raw,148014,,134.0963088434016,93.57669299356196,-32.11989585083055
D005_Pnative.mesh_512.raw,148074,,133.78021165906853,102.7960486376281,-29.09238030361073
D005_Pnative.mesh_512.raw,148549,,134.0981598857797,106.43017988147615,-29.388037322845268
D005_Pnative.mesh_512.raw,148566,,133.77630355325,97.99546449833076,-31.948416900920886
D005_Pnative.mesh_512.raw,148587,,134.08726451812507,111.20319370644559,-28.7067587709209
D005_Pnative.mesh_512.raw,148721,,133.78091544132062,109.69279654381538,-29.35306998622049
D005_Pnative.mesh_512.raw,148846,,134.14958268755043,100.60812248856752,-32.31695169801528
D005_Pnative.mesh_512.raw,148960,,133.9763750553837,97.75995498556945,-29.771560000344888
D005_Pnative.mesh_512.raw,149454,,133.80754777811222,90.20435606264888,-32.52182734153296
D005_Pnative.mesh_512.raw,149806,,133.9432512189686,107.25425754412535,-29.057741788884243
D005_Pnative.mesh_512.raw,149901,,134.1172329276596,91.61274723123137,-29.146643797898356
D005_Pnative.mesh_512.raw,150181,,134.019135733432,106.97889069228728,-29.14856200188488
D005_Pnative.mesh_512.raw,150231,,133.75276877997848,94.23306512523044,-32.15695739252193
D005_Pnative.mesh_512.raw,150240,,133.92692845742204,90.23379921145269,-29.461123809497977
D005_Pnative.mesh_512.raw,150328,,133.78705830641354,91.08886849875981,-29.311698021291768
D005_Pnative.mesh_512.raw,150415,,134.18034223034022,94.08096203839483,-31.965789757139923
D005_Pnative.mesh_512.raw,150924,,134.03481934138904,93.72506223870991,-29.828435447385033
D005_Pnative.mesh_512.raw,151243,,134.19498208239185,92.70206874086638,-29.332499525946254
D005_Pnative.mesh_512.raw,151550,,134.18740635343252,104.51925786190505,-29.9323159851112
D005_Pnative.mesh_512.raw,152234,,133.954095276638,97.91042441416594,-29.654355079760343
D005_Pnative.mesh_512.raw,152610,,133.97606480422178,99.77860344446233,-31.82026784793365
D005_Pnative.mesh_512.raw,152658,,134.20194632102724,105.68946498032358,-29.79030613202624
D005_Pnative.mesh_512.raw,152800,,134.17946284395484,101.43716179693868,-29.941479629408008
D005_Pnative.mesh_512.raw,152982,,134.05465920330855,95.71611731324084,-29.20452202103971
D005_Pnative.mesh_512.raw,153486,,133.7589712521999,110.24129540265245,-28.79739849522663
D005_Pnative.mesh_512.raw,153914,,133.7685843457114,105.82768642637043,-29.79064713639281
D005_Pnative.mesh_512.raw,154309,,133.81654547974017,92.56614198389173,-29.282901949769972
D005_Pnative.mesh_512.raw,154831,,134.08386622011136,94.72880725792459,-29.30344082605635
D005_Pnative.mesh_512.raw,155000,,133.87367156944103,97.37671405952761,-32.23485219782277
D005_Pnative.mesh_512.raw,155377,,133.75039759657562,92.76069933246916,-32.15605602699727
D005_Pnative.mesh_512.raw,155855,,134.14066815680408,103.8965024870982,-29.30594949029439
D005_Pnative.mesh_512.raw,156770,,133.7722947156594,109.84080160631822,-29.15268083040821
D005_Pnative.mesh_512.raw,156919,,133.91128694345576,104.77000697955972,-30.265483659311414
D005_Pnative.mesh_512.raw,157801,,133.88929948972208,99.75668833590319,-29.2254337253058
D005_Pnative.mesh_512.raw,158280,,133.92556142372501,95.77741629003836,-29.19491823739322
D005_Pnative.mesh_512.raw,158970,,133.9730581662363,101.64786735644982,-29.908477409536356
D005_Pnative.mesh_512.raw,159048,,133.84838447290116,94.69990255284307,-32.14417975444823
D005_Pnative.mesh_512.raw,159208,,133.95558240491192,96.21337624903968,-29.277013329791345
D005_Pnative.mesh_512.raw,159296,,134.2419638911968,90.64208005096064,-29.331484008811923
D005_Pnative.mesh_512.raw,159555,,134.13736199521577,95.79549150049596,-29.21326214522952
D005_Pnative.mesh_512.raw,159587,,133.99498267604682,106.06120640344608,-29.51856183550738
D005_Pnative.mesh_512.raw,160231,,134.2000658669159,97.5917992430087,-32.52974520122731
D005_Pnative.mesh_512.raw,161355,,133.79139645262913,104.48728232355273,-29.799225512370487
D005_Pnative.mesh_512.raw,161645,,134.02935839972514,97.86607496215156,-29.66605738668853
D005_Pnative.mesh_512.raw,162298,,134.22584810810602,97.16238231302954,-32.282682637749836
D005_Pnative.mesh_512.raw,163084,,134.23457914301457,96.8049429084934,-29.89068738098506
D005_Pnative.mesh_512.raw,163218,,134.10202895073888,106.51318444382451,-29.346441018268386
D005_Pnative.mesh_512.raw,163316,,134.01589752067312,102.38357190831363,-29.213293471387637
D005_Pnative.mesh_512.raw,163407,,133.86871300659672,100.48692397337234,-29.457179270459694
D005_Pnative.mesh_512.raw,163446,,133.756914815698,105.61018173916037,-30.006871521752473
D005_Pnative.mesh_512.raw,164315,,134.2084889487793,104.34392099870985,-29.676138359654125
D005_Pnative.mesh_512.raw,164329,,134.10642313434533,107.80680024292553,-29.235100982974714
D005_Pnative.mesh_512.raw,164335,,134.00378510473178,92.03859218445459,-29.118984453591445
D005_Pnative.mesh_512.raw,164831,,133.78911293971726,109.75206705416983,-29.28483472413305
D005_Pnative.mesh_512.raw,165342,,134.09349335490055,107.05572612988897,-29.145772378155154
D005_Pnative.mesh_512.raw,165413,,134.19419360854744,97.91941821086189,-32.1571803382825
D005_Pnative.mesh_512.raw,165672,,133.8865601552041,93.72764685279856,-29.826609441294238
D005_Pnative.mesh_512.raw,165704,,134.17578501467761,103.88543127130238,-29.27979644971525
D005_Pnative.mesh_512.raw,165868,,133.91650518138715,90.94192012517871,-29.3407182504164
D005_Pnative.mesh_512.raw,166533,,133.9169704683928,97.90123061649547,-32.02221185053586
D005_Pnative.mesh_512.raw,166999,,133.9483822570142,105.2829658943299,-30.20861935289621
D005_Pnative.mesh_512.raw,167077,,133.78715999851485,92.41695088974404,-32.13280694391181
D005_Pnative.mesh_512.raw,167261,,133.79022517945074,94.81568944203477,-31.795843947896998
D005_Pnative.mesh_512.raw,167520,,133.8832961663016,99.38778304302022,-31.615669100939623
D005_Pnative.mesh_512.raw,167683,,134.0586228929164,100.50997984539038,-29.73266230268162
D005_Pnative.mesh_512.raw,168094,,134.13977047055104,108.66854437864797,-30.256236557680516
D005_Pnative.mesh_512.raw,168138,,134.09939965498737,96.51692715221333,-29.507475491107883
D005_Pnative.mesh_512.raw,168406,,134.1437751411736,102.43240122795861,-29.071438300280157
D005_Pnative.mesh_512.raw,168460,,134.2067478645205,97.76456852332426,-29.691136247501795
D005_Pnative.mesh_512.raw,168539,,133.98212492060196,108.38778682193549,-29.871163222661885
D005_Pnative.mesh_512.raw,168565,,133.92448997960233,99.28081971918378,-29.253424411089423
D005_Pnative.mesh_512.raw,168587,,134.19072313582936,90.94606592030573,-29.319095517952185
D005_Pnative.mesh_512.raw,168687,,134.1370295362999,104.46311790742493,-29.795349939854702
D005_Pnative.mesh_512.raw,168828,,134.15828452169518,105.57748608866234,-29.920771579835293
D005_Pnative.mesh_512.raw,169166,,134.22128845331227,107.8590795240379,-29.33951131947438
D005_Pnative.mesh_512.raw,169831,,133.7566740300734,102.94992346101805,-29.15438000510266
D005_Pnative.mesh_512.raw,169958,,134.0497413803917,104.46646072072996,-29.815201197207422
D005_Pnative.mesh_512.raw,170134,,134.05436723796782,95.53535773772302,-29.177855385422106
D005_Pnative.mesh_512.raw,170639,,134.0698695560924,103.40110746478567,-29.13690424124573
D005_Pnative.mesh_512.raw,171115,,133.77073238211517,90.81909180025407,-29.37695350970065
D005_Pnative.mesh_512.raw,171803,,134.0038717529788,103.68089727214233,-29.195018173733757
D005_Pnative.mesh_512.raw,172304,,133.93432725504192,98.37187732590954,-31.82069930692966
D005_Pnative.mesh_512.raw,172400,,133.9618153303983,98.68104389126131,-31.724031568642264
D005_Pnative.mesh_512.raw,173041,,133.94478634999197,97.162853233601,-32.80918571233637
D005_Pnative.mesh_512.raw,174242,,133.81807890575013,100.9102142686655,-30.092867989176643
D005_Pnative.mesh_512.raw,175227,,133.9739551229142,92.09313047475143,-29.12164865988286
D005_Pnative.mesh_512.raw,175765,,134.05893184710288,103.13837674459134,-29.07755052534219
D005_Pnative.mesh_512.raw,175990,,134.09089374557686,104.9528912653947,-30.24467143418802
D005_Pnative.mesh_512.raw,176197,,134.03305677846095,104.63664362888004,-30.188269874315683
D005_Pnative.mesh_512.raw,176210,,134.22424551165136,93.52363198275535,-29.532145645564107
D005_Pnative.mesh_512.raw,176738,,134.20902794732717,90.14108411240463,-29.509210665735043
D005_Pnative.mesh_512.raw,177005,,133.92916617274383,97.28916036677,-30.023916657514715
D005_Pnative.mesh_512.raw,177032,,134.1110517402492,109.91893514542978,-29.216142234943717
D005_Pnative.mesh_512.raw,178178,,134.11521887867468,111.04118154412514,-28.672583307808253
D005_Pnative.mesh_512.raw,178179,,134.214409585115,102.56073363071278,-28.977459562679417
D005_Pnative.mesh_512.raw,178582,,133.78985960185494,94.84894710662138,-31.628507884581957
D005_Pnative.mesh_512.raw,178810,,133.89784177059173,96.87629444582723,-32.52931555508036
D005_Pnative.mesh_512.raw,178912,,133.9353423700817,97.27828924250568,-32.23047308474939
D005_Pnative.mesh_512.raw,179009,,133.85449461019437,92.8183640236673,-32.17876938516323
D005_Pnative.mesh_512.raw,179209,,133.96524850237086,109.14299087442328,-29.837329302095142
D005_Pnative.mesh_512.raw,179232,,133.80191193963276,94.81025935121878,-29.31994253695636
D005_Pnative.mesh_512.raw,179243,,134.1690077694941,107.6885970016642,-29.129203589142815
D005_Pnative.mesh_512.raw,180275,,134.1640658265594,108.43719428580843,-30.131654675866763
D005_Pnative.mesh_512.raw,180610,,133.9497019184435,102.12173664988886,-29.55114371589839
D005_Pnative.mesh_512.raw,180644,,134.09366613113224,92.34364223027522,-32.196167673194985
D005_Pnative.mesh_512.raw,180959,,133.78775168662395,108.25867272926567,-29.57623999410171
D005_Pnative.mesh_512.raw,181324,,134.06805599648297,99.92225455056582,-31.909298577563696
D005_Pnative.mesh_512.raw,181619,,134.13415700746103,106.96476414780999,-29.185397012563065
D005_Pnative.mesh_512.raw,181726,,134.11560211583011,99.65799740588625,-29.24344395700856
D005_Pnative.mesh_512.raw,182062,,134.0611691041347,108.312469636939,-29.877790438101492
D005_Pnative.mesh_512.raw,182203,,133.7953567588378,90.78614887833118,-29.377385803224
D005_Pnative.mesh_512.raw,182461,,134.12669259750248,104.25361276599003,-29.54576271277925
D005_Pnative.mesh_512.raw,182507,,133.85026089663702,108.44896216087963,-29.810693559335743
D005_Pnative.mesh_512.raw,182644,,133.86022076799796,101.34632887169515,-30.121864362822922
D005_Pnative.mesh_512.raw,183246,,133.98758832467286,111.67342109032936,-28.656707807992134
D005_Pnative.mesh_512.raw,184114,,133.8310054476493,109.49897638556304,-29.48627374124389
D005_Pnative.mesh_512.raw,184162,,133.96781876941583,97.03177289281382,-32.348655752559665
D005_Pnative.mesh_512.raw,184195,,133.95215169111964,109.52656190988374,-29.551496067785926
D005_Pnative.mesh_512.raw,184504,,134.05909095570246,92.49610551758721,-32.238226266099666
D005_Pnative.mesh_512.raw,185027,,134.09904645578942,102.12105178032326,-32.24984238975302
D005_Pnative.mesh_512.raw,185130,,133.7873338698625,96.68852013717742,-29.55558692343673
D005_Pnative.mesh_512.raw,185240,,133.83756741426436,107.24824442161177,-29.03353080415535
D005_Pnative.mesh_512.raw,185359,,133.87481883146557,96.58381262347555,-29.497556837281238
D005_Pnative.mesh_512.raw,185363,,133.991283186352,94.61597261348727,-32.178303376828964
D005_Pnative.mesh_512.raw,185382,,134.07233578068207,94.68497393906584,-29.31232298220762
D005_Pnative.mesh_512.raw,185601,,133.76159666496892,107.27509806230154,-29.016061329283747
D005_Pnative.mesh_512.raw,185690,,133.9829891925824,101.98893178221051,-29.63590037311352
D005_Pnative.mesh_512.raw,185877,,133.77716446369053,110.80691173620764,-28.53152023997992
D005_Pnative.mesh_512.raw,185898,,133.9507683569471,110.20372662329272,-28.89171442110628
D005_Pnative.mesh_512.raw,185935,,134.0741774694679,92.58011853561419,-32.25106835779761
D005_Pnative.mesh_512.raw,187185,,133.84379802443513,108.31954687730828,-29.674146489766937
D005_Pnative.mesh_512.raw,187230,,134.07025707294005,96.28038848619757,-32.302693399039555
D005_Pnative.mesh_512.raw,187245,,133.91954045977886,90.48001714084289,-32.401014838090596
D005_Pnative.mesh_512.raw,187250,,133.90259489344922,103.11113612526113,-29.10936525003511
D005_Pnative.mesh_512.raw,187392,,133.8443137332206,103.88623024088787,-29.25261093530824
D005_Pnative.mesh_512.raw,188983,,134.2279594872897,102.08460847843534,-29.38658600717593
D005_Pnative.mesh_512.raw,189388,,133.84993613665583,99.16967897675151,-29.258924464451656
D005_Pnative.mesh_512.raw,189483,,133.80428292553253,109.16686546445696,-29.679441826879412
D005_Pnative.mesh_512.raw,189872,,133.9064188538505,100.5187382909682,-29.548750173432524
D005_Pnative.mesh_512.raw,190113,,133.9212686515035,97.9354471134441,-32.0021129328641
D005_Pnative.mesh_512.raw,190390,,133.89221844346972,96.58401287343769,-29.50583149189342
D005_Pnative.mesh_512.raw,190737,,134.16985884579515,100.41646374323578,-29.629944272156116
D005_Pnative.mesh_512.raw,190823,,134.04458036026983,95.64300509508328,-29.185351329377355
D005_Pnative.mesh_512.raw,191762,,134.06129621557727,101.79034963010713,-32.516180323752515
D005_Pnative.mesh_512.raw,191886,,133.91783126284122,97.90047735565798,-32.022769852854346
D005_Pnative.mesh_512.raw,192461,,134.2216170528359,102.36790807978281,-29.105589571968533
D005_Pnative.mesh_512.raw,192909,,133.88435271770592,104.59751759559892,-30.09995414347518
D005_Pnative.mesh_512.raw,193719,,134.23506478988452,106.7314097253174,-29.274901162749174
D005_Pnative.mesh_512.raw,193886,,133.88370614883013,93.66775738133461,-32.06222955806902
D005_Pnative.mesh_512.raw,194006,,133.808206243341,95.52926148057298,-29.207714309310475
D005_Pnative.mesh_512.raw,194460,,134.19882438154795,104.53164169935809,-29.962489571345692
D005_Pnative.mesh_512.raw,194496,,134.20484424746581,91.12531220152027,-29.28179702291482
D005_Pnative.mesh_512.raw,195196,,133.7808815487445,94.53054206801636,-29.394334629191967
D005_Pnative.mesh_512.raw,195950,,133.99183489386056,111.15261729013956,-28.674844419036084
D005_Pnative.mesh_512.raw,196088,,134.20863232242104,92.95643039279184,-32.22783746207362
D005_Pnative.mesh_512.raw,196102,,134.2195798170863,100.31313491307029,-29.48620033603033
D005_Pnative.mesh_512.raw,196247,,134.2066865489106,101.30677817196472,-30.014832717842445
D005_Pnative.mesh_512.raw,196309,,133.83583203503494,98.8668061726874,-29.310377121102665
D005_Pnative.mesh_512.raw,196544,,133.79769841264635,98.07189082054097,-31.908237442440257
D005_Pnative.mesh_512.raw,197085,,133.9179591799733,93.24525555620941,-32.12288606270512
D005_Pnative.mesh_512.raw,197232,,133.7518192540067,99.71809187368046,-31.71979503474045
D005_Pnative.mesh_512.raw,197389,,133.9577729138015,93.82634205642934,-29.77922791447274
D005_Pnative.mesh_512.raw,197559,,134.15160118162947,107.78420375410346,-29.220230602047252
D005_Pnative.mesh_512.raw,197965,,133.92194851302818,101.80000474353339,-29.811075522432343
D005_Pnative.mesh_512.raw,198030,,133.76425147670162,96.39391594210471,-32.07747119462542
D005_Pnative.mesh_512.raw,198202,,133.9302511558513,91.85958925071839,-29.128293669106824
D005_Pnative.mesh_512.raw,198474,,134.12700853067878,104.52149045681739,-29.945846239922332
D005_Pnative.mesh_512.raw,198644,,133.86743420706162,93.42287636198422,-29.705933544971227
D005_Pnative.mesh_512.raw,198656,,133.81053610850773,93.06506332456674,-32.1507223439371
D005_Pnative.mesh_512.raw,198675,,134.1150664133019,100.32785443949686,-29.458104845323398
D005_Pnative.mesh_512.raw,199093,,134.20071231318255,101.97102015691215,-32.35212887552579
D005_Pnative.mesh_512.raw,199103,,133.76617112965548,100.05638788954032,-29.163704128426367
D005_Pnative.mesh_512.raw,199140,,134.18410514351106,97.66348223940615,-29.782381351162744
D005_Pnative.mesh_512.raw,199239,,133.80578837327732,98.77880707319525,-31.668812113406055
D005_Pnative.mesh_512.raw,199305,,134.0632673523825,108.85266349741744,-30.16651635256907
D005_Pnative.mesh_512.raw,199521,,133.96167322460374,99.28748333854716,-29.254008513827266
D005_Pnative.mesh_512.raw,199928,,134.19866633745832,110.06666037156288,-29.198782497183913
D005_Pnative.mesh_512.raw,200132,,133.78591203025817,105.54869701211418,-30.04927250861384
D005_Pnative.mesh_512.raw,200420,,133.77863399178568,106.82464532718865,-29.159621879802298
D005_Pnative.mesh_512.raw,200503,,133.8162811480966,100.60801474458722,-29.74393136722251
D005_Pnative.mesh_512.raw,201276,,133.82681032769702,98.99787517370186,-29.29037128784367
D005_Pnative.mesh_512.raw,201429,,134.15722307466982,102.44870161397083,-29.042240112763487
D005_Pnative.mesh_512.raw,201473,,134.06687821277495,108.2592398078882,-29.835311613785404
D005_Pnative.mesh_512.raw,202779,,134.09270595339908,95.04905173092304,-29.23795608197916
D005_Pnative.mesh_512.raw,202941,,134.14659742484605,90.87823368319869,-29.33050063664569
D005_Pnative.mesh_512.raw,203085,,133.90988720278983,96.1363943768696,-32.536668562445584
D005_Pnative.mesh_512.raw,203219,,133.75881385604566,93.59235672683374,-32.030835724904065
D005_Pnative.mesh_512.raw,203384,,133.96328351970854,109.31405758760502,-29.69762240497606
D005_Pnative.mesh_512.raw,203700,,134.18975772112364,100.4471180041292,-29.737179785635302
D005_Pnative.mesh_512.raw,203781,,134.11381127933487,96.32255719568255,-32.14504360338
D005_Pnative.mesh_512.raw,204274,,134.1957907246809,105.15412986961255,-30.22279047495479
D005_Pnative.mesh_512.raw,204301,,134.12997390740992,98.14896492318712,-29.465921912088007
D005_Pnative.mesh_512.raw,204463,,134.09294120174152,96.13281021540149,-32.52429032827457
D005_Pnative.mesh_512.raw,204732,,133.76639127162858,90.31513402807333,-29.46557316612947
D005_Pnative.mesh_512.raw,204944,,134.2464747677266,110.20840297810906,-29.13575086951621
D005_Pnative.mesh_512.raw,205119,,134.05252811204466,95.38578191059632,-29.195530605001654
D005_Pnative.mesh_512.raw,205802,,133.97770838723952,100.85966514371655,-32.536091723828335
D005_Pnative.mesh_512.raw,206234,,134.0723084928221,97.80060824094606,-29.705992899481128
D005_Pnative.mesh_512.raw,206814,,134.22138981580704,107.19624256599327,-29.13838780771183
D005_Pnative.mesh_512.raw,207240,,134.23851306128688,97.23971721148392,-32.27215491583249
D005_Pnative.mesh_512.raw,207267,,134.1125213619704,93.28382651375338,-29.445954026184097
D005_Pnative.mesh_512.raw,207385,,134.15191376889308,108.64119808741631,-30.248295489389125
D005_Pnative.mesh_512.raw,207763,,134.13172362362445,106.57343489672044,-29.322687136156123
D005_Pnative.mesh_512.raw,208140,,134.01886829013534,102.2315419236796,-29.405892855267396
D005_Pnative.mesh_512.raw,208179,,134.08122868837575,109.97681013501087,-29.141605529577497
D005_Pnative.mesh_512.raw,209033,,134.20964304008504,101.88495172857554,-29.586252943364943
D005_Pnative.mesh_512.raw,209054,,133.88854928328985,96.2590554857281,-32.3684205367486
D005_Pnative.mesh_512.raw,209146,,133.854977977987,97.09894103556066,-30.053683878149982
D005_Pnative.mesh_512.raw,209343,,133.76389931869764,109.95713749743568,-28.99784833468088
D005_Pnative.mesh_512.raw,209527,,133.82511511893608,93.68736703383288,-29.842667809177186
D005_Pnative.mesh_512.raw,209611,,133.81344023110702,90.62700824334338,-32.32057265929669
D005_Pnative.mesh_512.raw,209995,,134.11048056783892,90.30386779996007,-29.414058706448955
D005_Pnative.mesh_512.raw,210053,,134.1831105765515,104.44258998614983,-29.74932056832817
D005_Pnative.mesh_512.raw,210608,,134.01956142051682,98.69643040107177,-29.33155620665242
D005_Pnative.mesh_512.raw,210709,,134.05204244189298,94.3944187757735,-29.424407427618046
D005_Pnative.mesh_512.raw,211950,,134.16228316138606,102.86762288850963,-28.975087456901573
D005_Pnative.mesh_512.raw,211975,,134.05412305065948,102.97922744198263,-29.02978542288298
D005_Pnative.mesh_512.raw,212111,,134.16272998785576,104.73132352756474,-30.25146025276087
D005_Pnative.mesh_512.raw,212189,,133.8549286392113,104.47908453907597,-29.81420531094836
D005_Pnative.mesh_512.raw,212326,,134.06237823097027,97.14915201225415,-30.070376529571924
D005_Pnative.mesh_512.raw,212647,,133.95349458766697,108.39475987034655,-29.850508898930816
D005_Pnative.mesh_512.raw,212776,,134.09992354675032,102.01648645648534,-29.548292665680254
D005_Pnative.mesh_512.raw,212988,,133.99426686253372,111.64453543215303,-28.660599872993387
D005_Pnative.mesh_512.raw,213166,,134.10532783079773,92.10020293150782,-32.09756330383086
D005_Pnative.mesh_512.raw,213331,,134.24152014345253,103.24425842269531,-29.07564612532772
D005_Pnative.mesh_512.raw,213628,,134.09260580272309,105.3907328559427,-30.09556627717234
D005_Pnative.mesh_512.raw,213892,,133.97036252305264,102.13145124719142,-29.53204179398386
D005_Pnative.mesh_512.raw,214568,,133.86167131636282,109.982720128996,-29.010373934795112
D005_Pnative.mesh_512.raw,215504,,133.92061170037124,91.88521070711616,-29.127062718324495
D005_Pnative.mesh_512.raw,215834,,134.00003801072842,95.78861317722145,-29.20026883495791
D005_Pnative.mesh_512.raw,216234,,133.79897816140368,101.5732028267438,-29.98353116549123
D005_Pnative.mesh_512.raw,216284,,134.07485236806022,96.29011718241934,-29.348112715502126
D005_Pnative.mesh_512.raw,216365,,133.97749884012742,109.08597510619728,-29.901011092847604
D005_Pnative.mesh_512.raw,217138,,133.77469718712442,97.4401672282703,-32.256650394998005
D005_Pnative.mesh_512.raw,217169,,133.97165868741257,101.07393606748369,-30.182806154657506
D005_Pnative.mesh_512.raw,217424,,134.0868347482303,98.05239930165624,-29.5027372035737
D005_Pnative.mesh_512.raw,217494,,133.75166583451426,93.13018020463383,-29.45022751533386
D005_Pnative.mesh_512.raw,217552,,133.76041598891828,97.62943020347141,-32.23363310364753
D005_Pnative.mesh_512.raw,217812,,134.1522472854001,95.43822009991632,-29.171185693579037
D005_Pnative.mesh_512.raw,217831,,133.81297854228856,96.44556451377096,-31.954393206974263
D005_Pnative.mesh_512.raw,218302,,134.03926491503717,104.11394141365246,-29.409559366772758
D005_Pnative.mesh_512.raw,218312,,134.24865447561976,98.02061130830523,-29.489844252559003
D005_Pnative.mesh_512.raw,218343,,133.76437991925783,91.48823592169862,-29.190334960661463
D005_Pnative.mesh_512.raw,218476,,133.76370578013479,91.97975020467176,-29.13228148728785
D005_Pnative.mesh_512.raw,218824,,133.99924322708054,105.46743399301383,-30.06122619923841
D005_Pnative.mesh_512.raw,219867,,134.23441654945688,100.62467502139847,-29.960475218244767
D005_Pnative.mesh_512.raw,219990,,133.9924548361005,93.07029737374127,-29.431257888701104
D005_Pnative.mesh_512.raw,219996,,133.93529472458712,108.86217258048917,-30.086404758532936
D005_Pnative.mesh_512.raw,220083,,133.92220383397796,96.14998377138662,-32.507358454097606
D005_Pnative.mesh_512.raw,220093,,133.79875299983394,97.74199900707188,-32.09529432627089
D005_Pnative.mesh_512.raw,220308,,134.04628520713396,110.55460951486388,-28.76251690339227
D005_Pnative.mesh_512.raw,221392,,134.22072630665562,108.95171540801223,-30.14869939670455
D005_Pnative.mesh_512.raw,221492,,133.83430398626902,91.29909019669911,-29.241778597323812
D005_Pnative.mesh_512.raw,221568,,134.06437496689722,96.9123398954016,-29.93557116643195
D005_Pnative.mesh_512.raw,221880,,134.11833587758036,111.62038768443344,-28.7443357379994
D005_Pnative.mesh_512.raw,222571,,133.9036036775988,94.82847133318458,-31.67895493911384
D005_Pnative.mesh_512.raw,223312,,133.79120741491136,103.44536031304837,-29.160047600621716
D005_Pnative.mesh_512.raw,223331,,133.75584206408612,90.9602597657305,-32.161816116188575
D005_Pnative.mesh_512.raw,223420,,133.78320047521274,111.57325981136665,-28.611016285321163
D005_Pnative.mesh_512.raw,223498,,133.91295506705478,103.49130628873995,-29.175761383933516
D005_Pnative.mesh_512.raw,223533,,133.77785669236448,105.34085556635111,-30.201542201353362
D005_Pnative.mesh_512.raw,224354,,134.24921929748092,93.0678103473392,-32.21672545722347
D005_Pnative.mesh_512.raw,224426,,134.1240765504296,98.57270127900668,-29.349859038643327
D005_Pnative.mesh_512.raw,224455,,134.11785722703192,100.40848563505159,-29.525894336723987
D005_Pnative.mesh_512.raw,224551,,133.9997668926505,105.33160352094116,-30.16082129929772
D005_Pnative.mesh_512.raw,224644,,134.07426254212126,101.37206890023434,-30.0380866067771
D005_Pnative.mesh_512.raw,224797,,134.0960130873131,96.55283743686905,-29.56953714787248
D005_Pnative.mesh_512.raw,224821,,134.17963473455586,92.2153133368964,-32.1687114155923
D005_Pnative.mesh_512.raw,225034,,133.88748619676136,100.7441627871074,-32.3988774913426
D005_Pnative.mesh_512.raw,225157,,134.055682463997,107.14017584407631,-29.108968095535886
D005_Pnative.mesh_512.raw,225314,,134.01531485416973,96.03800457340407,-31.523049975387853
D005_Pnative.mesh_512.raw,225353,,134.08777587731484,111.81119865337274,-28.776502965994027
D005_Pnative.mesh_512.raw,225458,,133.93773344201156,106.53851341731472,-29.29431898486712
D005_Pnative.mesh_512.raw,226103,,133.97838841348636,111.7740549500578,-28.671095918384786
D005_Pnative.mesh_512.raw,226141,,134.18317294398412,101.83875137410713,-29.637743724562444
D005_Pnative.mesh_512.raw,226440,,133.95962201559234,106.03341853405837,-29.54869656010316
D005_Pnative.mesh_512.raw,226614,,133.83795264212446,96.43099730673673,-32.002954337465326
D005_Pnative.mesh_512.raw,227077,,134.10331740643036,90.87317256692711,-29.33418437259286
D005_Pnative.mesh_512.raw,227100,,133.87121368149627,99.37965522882162,-29.244443584967396
D005_Pnative.mesh_512.raw,227371,,134.14445695325884,104.11579447411665,-29.469524903896428
D005_Pnative.mesh_512.raw,227467,,133.9626328797796,102.00570895494846,-32.352963684612845
D005_Pnative.mesh_512.raw,227989,,134.21808512302493,97.9163234861872,-29.559598325304577
D005_Pnative.mesh_512.raw,228618,,134.21998445136822,94.30424253433812,-29.464592749536067
D005_Pnative.mesh_512.raw,229627,,134.1285840360603,107.13213892481927,-29.132030831083426
D005_Pnative.mesh_512.raw,230150,,133.97425859639583,111.98564829942103,-28.58065529846443
D005_Pnative.mesh_512.raw,230204,,134.12487236914558,105.67073353479846,-29.82947687935097
D005_Pnative.mesh_512.raw,230705,,133.86249061853425,103.29748458907521,-29.12930148108103
D005_Pnative.mesh_512.raw,230795,,133.8439074651185,96.37202879981369,-32.231623494386994
D005_Pnative.mesh_512.raw,230843,,134.19943344951602,96.95006442759107,-32.47696638108417
D005_Pnative.mesh_512.raw,231214,,133.80529281658295,102.53944875791922,-29.118819081373466
D005_Pnative.mesh_512.raw,231358,,133.85715228853638,96.40493959056357,-31.87210713993852
D005_Pnative.mesh_512.raw,232213,,133.9491479393945,107.74925827139089,-29.11092517905362
D005_Pnative.mesh_512.raw,232579,,134.08817615765938,102.82752073552359,-28.97271452035511
D005_Pnative.mesh_512.raw,232739,,133.97986967009425,97.35748867950679,-32.22191655834223
D005_Pnative.mesh_512.raw,232815,,133.93188783589073,103.41250337817013,-29.158561010677296
D005_Pnative.mesh_512.raw,234028,,133.78623367050275,106.70918813030792,-29.196016244930746
D005_Pnative.mesh_512.raw,234239,,133.97806011330698,111.753209544005,-28.679196063173986
D005_Pnative.mesh_512.raw,234311,,134.12444429634363,102.20243999211888,-29.351872944714636
D005_Pnative.mesh_512.raw,234701,,134.13556259972262,93.09611126254958,-30.010064518323777
D005_Pnative.mesh_512.raw,235066,,133.9424958992696,104.38167019250186,-29.612371945528647
D005_Pnative.mesh_512.raw,235336,,134.04993968683436,110.12303449226849,-29.014215796196837
D005_Pnative.mesh_512.raw,235658,,133.7710957329748,91.1482619054212,-29.291689492294402
D005_Pnative.mesh_512.raw,235666,,133.9044159383541,91.0072516823044,-32.162385331378644
D005_Pnative.mesh_512.raw,235731,,134.20991426672413,97.42603552880304,-29.89451775900868
D005_Pnative.mesh_512.raw,236046,,133.83806851077176,100.57875271386678,-29.674153751443356
D005_Pnative.mesh_512.raw,236080,,133.75386405494126,90.74168382135228,-29.388859702730244
D005_Pnative.mesh_512.raw,236168,,133.82539318118043,96.94186586741671,-32.474115905822515
D005_Pnative.mesh_512.raw,236770,,133.87807996871888,108.80508415417219,-30.05461454229326
D005_Pnative.mesh_512.raw,236830,,134.07228306550087,101.0358747969806,-30.11353225839415
D005_Pnative.mesh_512.raw,237119,,133.98990742156587,98.99845549260989,-29.285137689116574
D005_Pnative.mesh_512.raw,237415,,133.85921926719163,96.52179084160066,-29.448326798566796
D005_Pnative.mesh_512.raw,238204,,133.90752302182574,101.39293130442852,-30.09117132095099
D005_Pnative.mesh_512.raw,238807,,133.92291641217264,90.9810300555548,-29.3350104103652
D005_Pnative.mesh_512.raw,238812,,133.91768914643924,96.53751737053388,-29.48668849228688
D005_Pnative.mesh_512.raw,238959,,133.84128551179398,93.89836134345887,-32.07786243500541
D005_Pnative.mesh_512.raw,239062,,133.93057692355822,109.6254405226168,-29.472388389062708
D005_Pnative.mesh_512.raw,239148,,133.9968218942957,96.25219805809738,-31.834358953553107
D005_Pnative.mesh_512.raw,239314,,133.8258845859127,94.52713755791216,-29.39186311603889
D005_Pnative.mesh_512.raw,239378,,133.7897616927259,101.78317246300381,-32.52754014133536
D005_Pnative.mesh_512.raw,239481,,133.95955195350035,101.48568698868247,-30.023165331399237
D005_Pnative.mesh_512.raw,239788,,134.0946461860947,99.48071274797533,-31.65937064997812
D005_Pnative.mesh_512.raw,239983,,134.22350090796044,94.0609609523679,-29.649252746954904
D005_Pnative.mesh_512.raw,240468,,134.10629946324343,101.92844002575636,-29.611961221965505
D005_Pnative.mesh_512.raw,240539,,134.0606158279154,99.00571907556366,-31.573940865480633
D005_Pnative.mesh_512.raw,240979,,134.13421493171,108.15580266454569,-29.78505151279022
D005_Pnative.mesh_512.raw,241248,,133.87887359459907,101.43790531706085,-30.06492293258342
D005_Pnative.mesh_512.raw,241550,,133.9641477868189,96.30835903316192,-32.258396438703194
D005_Pnative.mesh_512.raw,242518,,134.22679908855002,111.1907497466515,-28.732157769878928
D005_Pnative.mesh_512.raw,242745,,134.0899555713955,95.35629281225286,-29.19209296081528
D005_Pnative.mesh_512.raw,242756,,134.22107390596005,96.09127240653336,-31.90064640840477
D005_Pnative.mesh_512.raw,242772,,134.2402589209417,93.93734742498727,-32.02567039269917
D005_Pnative.mesh_512.raw,243081,,133.80250996851277,107.80939555491443,-29.08304433276456
D005_Pnative.mesh_512.raw,243757,,134.03318081983082,108.54483770986052,-30.100427798436687
D005_Pnative.mesh_512.raw,243846,,134.09852143221406,98.07357707095304,-31.94214589771372
D005_Pnative.mesh_512.raw,243991,,133.94201192508805,90.8697616616802,-29.346027752102543
D005_Pnative.mesh_512.raw,244090,,133.7541197726914,108.31829606321968,-29.591980335935908
D005_Pnative.mesh_512.raw,244595,,133.88962914007925,105.4868489501032,-30.071960883638937
D005_Pnative.mesh_512.raw,244690,,134.02928604074074,97.85058908149388,-32.156937223306784
D005_Pnative.mesh_512.raw,244861,,133.90255024433006,108.69108377186001,-30.129605577469825
D005_Pnative.mesh_512.raw,244879,,134.2209293688063,90.78784899069169,-29.331561597989698
D005_Pnative.mesh_512.raw,244988,,133.87975406923778,95.70069171689929,-31.3515588545424
D005_Pnative.mesh_512.raw,245799,,133.87741789954785,99.56471595598734,-29.231251803447655
D005_Pnative.mesh_512.raw,246216,,134.18452598499704,109.57024049653498,-29.605347089254728
D005_Pnative.mesh_512.raw,246319,,134.08509966638792,108.42017435383654,-29.997107148310874
D005_Pnative.mesh_512.raw,246332,,134.00889227028748,107.20116826799635,-29.076888230949937
D005_Pnative.mesh_512.raw,246597,,133.76626111749715,93.43445345087761,-32.06582149073455
D005_Pnative.mesh_512.raw,246887,,134.08117923212802,107.0636565549746,-29.13984280872792
D005_Pnative.mesh_512.raw,247057,,134.0707446837563,99.52773195999013,-29.239347998484497
D005_Pnative.mesh_512.raw,247246,,134.18592638153774,96.61751434018637,-29.77946364548762
D005_Pnative.mesh_512.raw,247800,,133.96521781174255,107.92107614763097,-29.345631196904343
D005_Pnative.mesh_512.raw,248029,,133.94960770928185,101.11153426265403,-30.214369898106906
D005_Pnative.mesh_512.raw,248410,,134.0217613739363,111.68055873104588,-28.683788286265347
D005_Pnative.mesh_512.raw,248592,,133.96669609599093,93.14256985650078,-32.16054192252966
D005_Pnative.mesh_512.raw,248627,,134.11832406725082,106.27823442969736,-29.441198162319488
D005_Pnative.mesh_512.raw,248702,,134.14264692984858,102.66483241994119,-28.930799708636478
D005_Pnative.mesh_512.raw,248816,,133.84033991076254,102.00544278662814,-32.35781316519786
D005_Pnative.mesh_512.raw,249028,,133.92592942630915,108.13194324601066,-29.58128501037752
D005_Pnative.mesh_512.raw,250013,,133.77332012047688,102.2256184550678,-29.509769656561442
D005_Pnative.mesh_512.raw,250061,,134.0946644244102,93.05570153693374,-29.414696372869248
D005_Pnative.mesh_512.raw,250072,,134.0752643553207,96.37491242922599,-29.40633512290566
D005_Pnative.mesh_512.raw,250087,,134.18386225444704,91.86192057635188,-29.157707628356043
D005_Pnative.mesh_512.raw,250213,,133.96167848969117,93.95497782041757,-32.07052378488716
D005_Pnative.mesh_512.raw,250763,,134.16222685131277,93.18080251657081,-32.20620404400434
D005_Pnative.mesh_512.raw,251897,,133.84579638416233,108.01184626756273,-29.35090008173615
D005_Pnative.mesh_512.raw,252418,,133.97360710386673,108.17558047657825,-29.66617848775308
D005_Pnative.mesh_512.raw,252556,,134.0235589843069,91.96773507519188,-29.127947884906952
D005_Pnative.mesh_512.raw,252884,,134.22948144620526,90.4322619036424,-32.55306545265362
D005_Pnative.mesh_512.raw,253359,,133.94871245810967,106.22181546018912,-29.458987262693107
D005_Pnative.mesh_512.raw,253502,,133.92932859974013,97.9530291279782,-29.62632756319377
D005_Pnative.mesh_512.raw,253564,,133.8704571035973,104.67711112726448,-30.241946089131734
D005_Pnative.mesh_512.raw,254175,,133.95176972642147,110.41304019786674,-28.76631491785779
D005_Pnative.mesh_512.raw,254758,,134.06431737607508,96.33590122163112,-32.03758446501211
D005_Pnative.mesh_512.raw,255000,,134.21634112163787,100.54672150652131,-29.862665413141528
D005_Pnative.mesh_512.raw,255054,,134.03558499980247,98.82790568316211,-31.659165353372515
D005_Pnative.mesh_512.raw,255081,,133.95318712539535,96.26495944330618,-31.794056250217338
D005_Pnative.mesh_512.raw,255172,,134.10269187323314,94.14969378023977,-29.59006920310207
D005_Pnative.mesh_512.raw,255478,,133.8926419909488,95.2672030557385,-29.233243525258946
D005_Pnative.mesh_512.raw,255921,,133.8278582081878,101.96045795356753,-29.695421476839062
D005_Pnative.mesh_512.raw,255984,,134.08876113189515,98.96199137251006,-29.290440585790336
D005_Pnative.mesh_512.raw,256029,,134.22488456051403,99.01721019165583,-29.281330248190436
D005_Pnative.mesh_512.raw,256220,,134.0194872813464,94.5387001746289,-29.361277093821105
D005_Pnative.mesh_512.raw,256272,,133.75256101951433,104.53230795811898,-29.89234460274878
D005_Pnative.mesh_512.raw,256512,,134.0236277651201,100.44268966651433,-29.50454035880316
D005_Pnative.mesh_512.raw,257177,,133.88398269015636,90.31648816739644,-29.448121069560244
D005_Pnative.mesh_512.raw,257320,,133.93779580190284,96.68853996664743,-29.684218913834766
D005_Pnative.mesh_512.raw,257458,,133.9238278181093,101.87994215909009,-32.45142196098561
D005_Pnative.mesh_512.raw,257590,,134.16048140744715,101.12079324049216,-30.11904472141575
D005_Pnative.mesh_512.raw,257696,,133.99401139333193,100.08288256080795,-32.013878618825956
D005_Pnative.mesh_512.raw,257740,,134.07638038655128,90.48867026436017,-29.3767756644635
D005_Pnative.mesh_512.raw,258298,,133.89279002248068,96.61590444122885,-29.558982491163093
D005_Pnative.mesh_512.raw,258699,,134.18464190944334,101.78874424608784,-29.676057840179766
D005_Pnative.mesh_512.raw,258836,,134.07518930331244,102.60974181733552,-28.978342128779545
D005_Pnative.mesh_512.raw,259238,,133.96821141184603,98.52051022933428,-31.780633344350818
D005_Pnative.mesh_512.raw,259636,,134.18886081094402,93.86415532000049,-29.751505817729885
D005_Pnative.mesh_512.raw,260197,,134.03566956851353,94.04710772878278,-29.663121333245456
D005_Pnative.mesh_512.raw,260314,,133.77685470986972,93.16674536949166,-29.4659718056826
D005_Pnative.mesh_512.raw,260945,,133.8951991049887,96.45901510078036,-31.99561001919958
D005_Pnative.mesh_512.raw,261592,,133.75986254547584,95.37445100677624,-29.22992322372395
D005_Pnative.mesh_512.raw,261889,,134.06978623139187,104.4012546781342,-29.64594025709109
D005_Pnative.mesh_512.raw,262997,,133.81675059041908,108.1019198828588,-29.437682752459544
D005_Pnative.mesh_512.raw,263685,,133.84034639935774,94.82211508402494,-31.690616698099568
D005_Pnative.mesh_512.raw,263958,,133.8853254485253,110.63762806840991,-28.6002311342401
D005_Pnative.mesh_512.raw,264155,,134.0213062671076,105.93489794309959,-29.61965664718453
D005_Pnative.mesh_512.raw,264408,,133.95112747905858,106.56926382821825,-29.281568908335213
D005_Pnative.mesh_512.raw,265155,,133.97541801702698,98.41039825983471,-31.81242706947285
D005_Pnative.mesh_512.raw,265286,,134.06825769183567,98.01511021980693,-31.97336974559012
D005_Pnative.mesh_512.raw,265311,,134.17907128950057,107.56626462747491,-29.134279675316115
D005_Pnative.mesh_512.raw,265463,,133.96189468958403,104.32393231261082,-29.509531046189796
D005_Pnative.mesh_512.raw,265677,,133.77222872768903,93.19616134340684,-29.47725961223683
D005_Pnative.mesh_512.raw,265978,,133.90804429781096,94.06646158462527,-29.65788749143218
D005_Pnative.mesh_512.raw,266177,,134.16205730283846,92.83201736508164,-32.24004156333323
D005_Pnative.mesh_512.raw,266409,,133.89999706447952,98.69540116766933,-29.334230290004463
D005_Pnative.mesh_512.raw,266436,,133.8413862412596,108.73273480602484,-30.06635207204777
D005_Pnative.mesh_512.raw,266562,,134.12551760683348,97.36338047449686,-29.94816685606809
D005_Pnative.mesh_512.raw,267508,,133.89640186871196,100.76894267897897,-30.010856990529422
D005_Pnative.mesh_512.raw,267980,,134.1542797749525,100.85000159258128,-29.965060201452417
D005_Pnative.mesh_512.raw,268148,,134.03822671691933,94.2168467424182,-32.035889592536996
D005_Pnative.mesh_512.raw,268733,,133.98586470797298,92.61831785725462,-29.30806648648789
D005_Pnative.mesh_512.raw,268741,,134.16554288850625,109.60338481350672,-29.566102847707644
D005_Pnative.mesh_512.raw,268756,,134.19737230849745,100.99790347018026,-30.032647910842197
D005_Pnative.mesh_512.raw,269022,,134.0038594832135,98.49930492781755,-29.379321853888502
D005_Pnative.mesh_512.raw,269504,,133.9230793223897,93.61251327033402,-29.888442041671706
D005_Pnative.mesh_512.raw,269529,,133.98521707580093,95.17947611424734,-29.23177484775806
D005_Pnative.mesh_512.raw,270255,,133.89161082525627,97.51735420185221,-32.20712355132157
D005_Pnative.mesh_512.raw,270530,,134.11765384359487,102.53404591479907,-28.997117535242733
D005_Pnative.mesh_512.raw,270718,,134.1950665978596,95.94782520581491,-29.221463833427446
D005_Pnative.mesh_512.raw,271280,,134.21025786358263,107.25851625847662,-29.136201588506566
D005_Pnative.mesh_512.raw,271305,,133.83911750274976,108.71274659614485,-30.074730155646492
D005_Pnative.mesh_512.raw,272003,,133.89056074530853,91.18863606263251,-29.279219125724293
D005_Pnative.mesh_512.raw,272158,,133.91019357056487,96.03515771753051,-31.500113214259557
D005_Pnative.mesh_512.raw,273283,,134.03164459615766,92.5769012427896,-29.309945137717666
D005_Pnative.mesh_512.raw,273349,,134.03843855483188,101.39465423972919,-30.041327006210174
D005_Pnative.mesh_512.raw,274152,,134.1937592975301,100.76544773291853,-32.43640440963807
D005_Pnative.mesh_512.raw,274174,,133.93103057613644,90.41140371665483,-29.419155483766314
D005_Pnative.mesh_512.raw,274197,,133.98283835402628,103.07799256120138,-29.06970269998879
D005_Pnative.mesh_512.raw,274362,,133.81544911054152,105.57473394230257,-30.023688446366954
D005_Pnative.mesh_512.raw,274651,,134.17295137026449,105.51492355140837,-29.967953026467967
D005_Pnative.mesh_512.raw,274670,,134.01356098166534,99.91393822343375,-31.9055417061991
D005_Pnative.mesh_512.raw,274863,,133.85306812538846,97.71031174138571,-29.845039577120986
D005_Pnative.mesh_512.raw,275355,,134.08175838432786,92.34271272649713,-29.22680353443198
D005_Pnative.mesh_512.raw,275370,,133.87483337398675,108.48397574613307,-29.868386355546583
D005_Pnative.mesh_512.raw,275544,,134.17458330618015,101.4877218542908,-29.907739005110404
D005_Pnative.mesh_512.raw,275723,,133.7598350918766,102.15389023875721,-32.24130319312547
D005_Pnative.mesh_512.raw,275858,,134.15325110121563,96.25969881053172,-32.33556132218911
D005_Pnative.mesh_512.raw,275988,,133.98554463902616,94.75574502023667,-29.3118899738525
D005_Pnative.mesh_512.raw,276042,,134.21288830796013,90.30587314435019,-29.402865479646763
D005_Pnative.mesh_512.raw,276308,,133.8349701576812,95.62039749372552,-31.325831177012656
D005_Pnative.mesh_512.raw,276403,,133.822247465179,102.04132053709881,-29.632789321972435
D005_Pnative.mesh_512.raw,276858,,134.22784754343994,97.61741602345815,-32.574460387476364
D005_Pnative.mesh_512.raw,277040,,134.13424582422928,111.79488820605874,-28.834308137452396
D005_Pnative.mesh_512.raw,277186,,133.79992871701032,109.59606541893191,-29.416647186086724
D005_Pnative.mesh_512.raw,277250,,133.76811872140453,111.98120626969542,-28.428413977917117
D005_Pnative.mesh_512.raw,277462,,133.89229638750382,96.4519161907936,-32.00695419548518
D005_Pnative.mesh_512.raw,277813,,133.95911834942865,97.59753814707688,-29.902919335758803
D005_Pnative.mesh_512.raw,278170,,134.15727247265744,98.95298755815048,-31.602101366005716
D005_Pnative.mesh_512.raw,278655,,133.79713366993167,92.6698794540757,-29.308107633381056
D005_Pnative.mesh_512.raw,278672,,133.92525610626728,96.2143267366498,-32.408748670537136
D005_Pnative.mesh_512.raw,279503,,133.97404759813142,109.84168602861445,-29.265151877017296
D005_Pnative.mesh_512.raw,279715,,134.1856658025638,95.48442325389802,-31.373461794556697
D005_Pnative.mesh_512.raw,279734,,133.80674273007997,107.92553052024918,-29.210089380044764
D005_Pnative.mesh_512.raw,279777,,133.78026678231507,94.39030754355416,-29.461539707044736
D005_Pnative.mesh_512.raw,279971,,134.22455398190885,99.38535293209749,-29.252653210636442
D005_Pnative.mesh_512.raw,280272,,133.86688395267936,107.35897273559337,-29.03865649323879
D005_Pnative.mesh_512.raw,280325,,134.09544641926666,99.14320997049732,-29.263680024244373
D005_Pnative.mesh_512.raw,280870,,134.2140187510115,95.55578193016513,-31.388543667575597
D005_Pnative.mesh_512.raw,280933,,134.23945493900632,99.9149478832316,-31.905496822141835
D005_Pnative.mesh_512.raw,281504,,133.79386119858486,92.2500057663987,-29.18775914094919
D005_Pnative.mesh_512.raw,281587,,134.12195869362486,105.58266044601447,-29.928235729358686
D005_Pnative.mesh_512.raw,281691,,134.2113393684594,103.3787885105813,-29.110861537720055
D005_Pnative.mesh_512.raw,281742,,134.19669045090163,110.30290655630958,-29.01061018578677
D005_Pnative.mesh_512.raw,282046,,133.93433255558176,98.93639166491175,-31.601246163915448
D005_Pnative.mesh_512.raw,282219,,133.80643981927278,90.30672174271712,-29.461696393005134
D005_Pnative.mesh_512.raw,282439,,134.09038639767374,90.65901559740226,-29.356701926642216
D005_Pnative.mesh_512.raw,282615,,133.88700938125118,109.59471868509641,-29.461990529245618
D005_Pnative.mesh_512.raw,282889,,133.7762169529546,100.29329395817717,-32.13625804037768
D005_Pnative.mesh_512.raw,282933,,134.24164551631895,95.77982759347694,-29.18954666179817
D005_Pnative.mesh_512.raw,283190,,133.8838222790349,104.48515954737735,-29.84607471921203
D005_Pnative.mesh_512.raw,283548,,133.92813401514235,107.85704106535053,-29.239398904529892
D005_Pnative.mesh_512.raw,283611,,133.82622600339528,108.29925148322646,-29.64024695708265
D005_Pnative.mesh_512.raw,283686,,134.0860151665754,102.37888810526488,-29.175745742817284
D005_Pnative.mesh_512.raw,283972,,134.07617233584557,103.32881929127294,-29.11944927880434
D005_Pnative.mesh_512.raw,284069,,133.8777253279306,92.00462093160397,-29.121089990102643
D005_Pnative.mesh_512.raw,284632,,133.98403341440832,93.91579680930612,-29.732372094565523
D005_Pnative.mesh_512.raw,284816,,134.10525313440132,100.944873611039,-30.046860573808825
D005_Pnative.mesh_512.raw,284970,,134.248767553838,96.02213202446896,-31.740647715393663
D005_Pnative.mesh_512.raw,284996,,134.19986699818156,96.0087151063197,-31.61722374928246
D005_Pnative.mesh_512.raw,285096,,133.82223039559943,95.39351686148811,-31.365656395907216
D005_Pnative.mesh_512.raw,285659,,133.7877215731038,96.3786107827283,-32.26260036352356
D005_Pnative.mesh_512.raw,285917,,134.07525513369848,106.67331698261239,-29.25799292037567
D005_Pnative.mesh_512.raw,286113,,134.18449823085157,99.66087870547244,-29.246489681782634
D005_Pnative.mesh_512.raw,286228,,134.0706568338157,98.50758423666585,-31.790918593685088
D005_Pnative.mesh_512.raw,286409,,133.77677168944388,105.08953698405759,-30.22556353753724
D005_Pnative.mesh_512.raw,286437,,134.0800955197756,110.86356666570478,-28.628701106621683
D005_Pnative.mesh_512.raw,286539,,133.75569615775834,90.73514232200861,-32.266422743994724
D005_Pnative.mesh_512.raw,286688,,133.80958980336172,93.00547038193314,-29.406893202781077
D005_Pnative.mesh_512.raw,286770,,133.92271560715812,106.65292574024302,-29.23438835465407
D005_Pnative.mesh_512.raw,286939,,134.17745520369,96.23947247529665,-32.081551304120666
D005_Pnative.mesh_512.raw,287221,,134.10262663856867,99.65224773572538,-29.240494781906335
D005_Pnative.mesh_512.raw,287240,,133.80185360382822,100.55479860207127,-29.576595959307166
D005_Pnative.mesh_512.raw,287766,,134.13483298099493,110.98131609570291,-28.661848919380894
D005_Pnative.mesh_512.raw,287854,,134.13274359894297,95.7308581112461,-29.195073939760302
D005_Pnative.mesh_512.raw,287859,,134.06483909231622,97.8792458202106,-32.16524422206476
D005_Pnative.mesh_512.raw,287948,,134.08826170768478,99.68840439529895,-31.79017281168745
D005_Pnative.mesh_512.raw,288157,,134.16580895800155,97.35653531644594,-29.946324427515638
D005_Pnative.mesh_512.raw,288459,,133.95430499548684,111.72890589984019,-28.647118219375024
D005_Pnative.mesh_512.raw,288767,,134.04392039085948,96.2668283920657,-31.91605583629434
D005_Pnative.mesh_512.raw,288806,,134.15512899662772,109.09401944832213,-29.9988555181514
D005_Pnative.mesh_512.raw,289019,,133.86928776958,90.53010618956094,-32.36917716857243
D005_Pnative.mesh_512.raw,289077,,133.87996768200207,109.59603996758108,-29.456102171432384
D005_Pnative.mesh_512.raw,289113,,133.94306194068068,100.19570687489903,-32.139530697530574
D005_Pnative.mesh_512.raw,289291,,133.8897520665684,108.59412760316113,-29.97872309693566
D005_Pnative.mesh_512.raw,289370,,134.13328749969563,100.21832013637913,-32.1406279535912
D005_Pnative.mesh_512.raw,289484,,134.1869051332741,104.06252785093223,-29.42006157372267
D005_Pnative.mesh_512.raw,289596,,134.07354576110288,92.59035563853436,-32.25057923570452
D005_Pnative.mesh_512.raw,289972,,133.8014271826669,100.26076528155268,-29.240951740206476
D005_Pnative.mesh_512.raw,290715,,134.12257891406193,97.64922909444616,-32.422671651104835
D005_Pnative.mesh_512.raw,291224,,134.11141919771813,102.56500726970691,-28.989662672881572
D005_Pnative.mesh_512.raw,291431,,133.7663472664089,94.34982212926352,-32.19834575160395
D005_Pnative.mesh_512.raw,291752,,134.17442933496915,92.65630164124306,-29.32791817379762
D005_Pnative.mesh_512.raw,292075,,133.85761556813998,111.44267947382232,-28.643729067523566
D005_Pnative.mesh_512.raw,292499,,134.08950528562633,94.07126250606672,-29.64878721026502
D005_Pnative.mesh_512.raw,292618,,133.96993315731194,97.33598286107598,-32.224054716245234
D005_Pnative.mesh_512.raw,292762,,133.89237322216493,93.00962339799229,-32.159619399122505
D005_Pnative.mesh_512.raw,293284,,133.8486022210879,93.53342555967487,-29.840758517438545
D005_Pnative.mesh_512.raw,293619,,134.0238747054506,93.95889396241574,-32.09848817781794
D005_Pnative.mesh_512.raw,293781,,134.04928213540205,104.17227516859373,-29.432993496964233
D005_Pnative.mesh_512.raw,293887,,133.92596088924353,107.94186613493267,-29.35036730866786
D005_Pnative.mesh_512.raw,294446,,134.1787721041781,98.24378209174603,-31.88089737540534
D005_Pnative.mesh_512.raw,294584,,133.92379660706922,90.40083844124747,-29.422670729730427
D005_Pnative.mesh_512.raw,295153,,134.24464189257014,93.32663274086138,-32.22768175441499
D005_Pnative.mesh_512.raw,295269,,134.05137022540526,100.50518842742662,-32.26596906108314
D005_Pnative.mesh_512.raw,295608,,133.75191328620224,107.61659999663519,-29.000149903746966
D005_Pnative.mesh_512.raw,295736,,133.9878688602476,95.17884827085194,-29.231361874227197
D005_Pnative.mesh_512.raw,295917,,133.8924819021927,103.38864331343203,-29.151420498109932
D005_Pnative.mesh_512.raw,296035,,134.14400385805408,100.98049198447475,-30.04833546488679
D005_Pnative.mesh_512.raw,296135,,134.2275322592771,91.15842536326755,-29.26901221113352
D005_Pnative.mesh_512.raw,296235,,134.10405218764555,100.44785113375953,-29.620300365856153
D005_Pnative.mesh_512.raw,296711,,133.99651931487054,110.73990768675806,-28.60791112070537
D005_Pnative.mesh_512.raw,297760,,134.0684969226756,98.8032758062667,-31.67296465103202
D005_Pnative.mesh_512.raw,297824,,133.96087513088284,107.25499150750613,-29.06376313754704
D005_Pnative.mesh_512.raw,297920,,133.95479091873176,96.12570021989217,-32.53182395196808
D005_Pnative.mesh_512.raw,298047,,133.98228665312436,107.73301342495458,-29.099132906532915
D005_Pnative.mesh_512.raw,298147,,133.96944184061297,97.59731366868994,-29.899567955154176
D005_Pnative.mesh_512.raw,298193,,133.91701748391057,96.74569116636334,-29.73313207767859
D005_Pnative.mesh_512.raw,298634,,134.06351076366352,93.55678856040161,-29.74398683739731
D005_Pnative.mesh_512.raw,298711,,134.14753072475204,105.36399600074574,-30.102270437122453
D005_Pnative.mesh_512.raw,298889,,134.20715652521318,93.9027961468709,-32.083735561212386
D005_Pnative.mesh_512.raw,299168,,134.2411401809544,95.88926907964272,-31.496153836130997
D005_Pnative.mesh_512.raw,299256,,134.00237676112647,93.15485265620501,-32.17372198323863
D005_Pnative.mesh_512.raw,299661,,133.78411524402364,107.16225472427303,-29.036761223005797
D005_Pnative.mesh_512.raw,299734,,134.2074883522275,103.7029634940873,-29.114325552475652
D005_Pnative.mesh_512.raw,299749,,133.81049641922488,90.85957281847871,-29.366217798130812
D005_Pnative.mesh_512.raw,299803,,134.16738887504343,97.91880377854241,-32.133297600005086
D005_Pnative.mesh_512.raw,300151,,133.8363724887698,96.27997857913718,-32.374999275948326
D005_Pnative.mesh_512.raw,301338,,134.0991545717937,110.61012639223904,-28.774777281490902
D005_Pnative.mesh_512.raw,301422,,133.86242005842476,108.61514510924421,-29.97687047270076
D005_Pnative.mesh_512.raw,301637,,134.00975626918014,109.74284680027755,-29.41617516987304
D005_Pnative.mesh_512.raw,301889,,133.7621861493788,94.05850883599506,-32.09848583291133
D005_Pnative.mesh_512.raw,301891,,133.95272290051312,92.98818638303591,-32.179720573044406
D005_Pnative.mesh_512.raw,302297,,133.85733574684406,97.25721307069495,-32.258763267799694
D005_Pnative.mesh_512.raw,302805,,133.97844112371348,105.49131860139671,-30.048586541526614
D005_Pnative.mesh_512.raw,302966,,133.76247852793,92.51704246257603,-32.16719841086322
D005_Pnative.mesh_512.raw,303348,,134.0905789643641,90.57112301077791,-29.35876646130101
D005_Pnative.mesh_512.raw,303414,,133.9381674446756,97.35107426462794,-29.999123263466434
D005_Pnative.mesh_512.raw,303978,,133.83297827832183,106.02877997742522,-29.59522655245648
D005_Pnative.mesh_512.raw,304140,,133.90106827582127,95.87199254667401,-31.42965341496777
D005_Pnative.mesh_512.raw,304149,,133.88193622822183,98.43799827673139,-29.404517310995338
D005_Pnative.mesh_512.raw,304214,,134.05726288451075,100.34911586511424,-29.451704784812
D005_Pnative.mesh_512.raw,304744,,134.2134726892229,93.89672498490867,-32.08585039715133
D005_Pnative.mesh_512.raw,304878,,133.96666366828563,94.56861196640918,-32.219341673444674
D005_Pnative.mesh_512.raw,304966,,133.97523340411647,98.7273371175936,-29.327398505249725
D005_Pnative.mesh_512.raw,305543,,133.98397300896008,100.56647666299237,-32.27825186647721
D005_Pnative.mesh_512.raw,305655,,134.21308526246327,99.72100261624084,-31.837118349220894
D005_Pnative.mesh_512.raw,305886,,133.84664825974184,92.20479986214889,-29.166952472758172
D005_Pnative.mesh_512.raw,305894,,134.11903642855992,98.36928783151212,-31.83338690775004
D005_Pnative.mesh_512.raw,305994,,134.23248902342877,94.0064056055801,-31.98860478387039
D005_Pnative.mesh_512.raw,306032,,134.04492070274034,107.84684137641156,-29.270221656201663
D005_Pnative.mesh_512.raw,306380,,134.00770145821932,96.2485215264274,-31.843742511859823
D005_Pnative.mesh_512.raw,306796,,134.11621620813145,104.4048032210282,-29.675049109602163
D005_Pnative.mesh_512.raw,306893,,133.9556289824284,96.94041087443789,-32.449328123266426
D005_Pnative.mesh_512.raw,307835,,133.79273031689468,111.82306464436888,-28.525003684417328
D005_Pnative.mesh_512.raw,307967,,133.7692146996412,90.39875798365532,-32.41425367422194
D005_Pnative.mesh_512.raw,308047,,134.0149386823848,91.67222264900977,-29.153925103708787
D005_Pnative.mesh_512.raw,308065,,133.77040070339643,93.36309727112281,-32.08242821208521
D005_Pnative.mesh_512.raw,309115,,134.10574035733072,104.10880343090989,-29.445531503879582
D005_Pnative.mesh_512.raw,309180,,133.97380477070337,107.22054524713994,-29.067694403352043
D005_Pnative.mesh_512.raw,309920,,133.76661625078134,95.23245603673809,-29.245919357246606
D005_Pnative.mesh_512.raw,310330,,133.87666513043143,101.81559444498188,-32.501203834206706
D005_Pnative.mesh_512.raw,311115,,133.80267050023252,104.92084280776467,-30.219270685239117
D005_Pnative.mesh_512.raw,311417,,134.02922979816114,95.04112670438667,-29.24833559599095
D005_Pnative.mesh_512.raw,311425,,134.18741144751914,98.19325346697693,-31.899850568842105
D005_Pnative.mesh_512.raw,312883,,134.2491503365846,93.70026929244601,-29.662411291150757
D005_Pnative.mesh_512.raw,313282,,133.87167036703556,92.87364258685315,-32.17514892759043
D005_Pnative.mesh_512.raw,313343,,133.84371004767382,110.20650985007863,-28.850624084897404
D005_Pnative.mesh_512.raw,313634,,134.0367704105921,104.53173069596568,-29.983709209674615
D005_Pnative.mesh_512.raw,313770,,133.86441501810128,105.0342457400546,-30.248314321126728
D005_Pnative.mesh_512.raw,314042,,134.00305822664802,96.20342978462914,-31.776994369542056
D005_Pnative.mesh_512.raw,314136,,134.16711096067118,91.65000425275113,-29.14696551728413
D005_Pnative.mesh_512.raw,314309,,133.92119608480147,98.1856636900361,-29.481643993193682
D005_Pnative.mesh_512.raw,314340,,133.99241321968321,94.69927233024077,-29.32232003434703
D005_Pnative.mesh_512.raw,314808,,134.1969906882673,94.78606471040132,-29.27357597958008
D005_Pnative.mesh_512.raw,315297,,134.0043600224424,100.29340383604101,-29.393488540557943
D005_Pnative.mesh_512.raw,315321,,133.97910593094767,103.45721649336642,-29.163163949230988
D005_Pnative.mesh_512.raw,315326,,134.2076997164286,91.32710498370756,-29.21347852099096
D005_Pnative.mesh_512.raw,315395,,133.8621854331683,93.90724847735197,-32.07403107144515
D005_Pnative.mesh_512.raw,315777,,134.1084636226948,99.46036762343482,-31.65022133404959
D005_Pnative.mesh_512.raw,315884,,134.16750254261478,99.83553979488035,-29.325746948819166
D005_Pnative.mesh_512.raw,316050,,134.09615661449334,103.08638695176182,-29.056579556675995
D005_Pnative.mesh_512.raw,316266,,133.7977536052015,96.61421440992262,-29.481099569317877
D005_Pnative.mesh_512.raw,316342,,133.92281728485912,102.24758954564938,-29.439497859579433
D005_Pnative.mesh_512.raw,316379,,133.80180677059928,96.40886484179713,-29.343797457227495
D005_Pnative.mesh_512.raw,316465,,134.18236163903737,97.00421734166967,-32.40587645515661
D005_Pnative.mesh_512.raw,317745,,133.78588008233444,110.71154843968488,-28.53807480162527
D005_Pnative.mesh_512.raw,318737,,133.7900673805901,96.63692884466548,-29.49185996794074
D005_Pnative.mesh_512.raw,320601,,134.20967485570912,94.69380363835228,-29.28538931288509
D005_Pnative.mesh_512.raw,320850,,133.85421261082433,93.70427134138342,-32.06918629929347
D005_Pnative.mesh_512.raw,321081,,133.94904035223115,99.79685932142421,-29.243273971109446
D005_Pnative.mesh_512.raw,321088,,133.94134443554574,91.59500830803422,-29.151779972331276
D005_Pnative.mesh_512.raw,321250,,134.1365719098597,92.73545989518198,-32.24736295785811
D005_Pnative.mesh_512.raw,322314,,134.1722329963021,106.84684975036532,-29.22906230368593
D005_Pnative.mesh_512.raw,323866,,133.84840314478316,96.16630713999857,-32.53654474133694
D005_Pnative.mesh_512.raw,324348,,134.10289395669645,91.4972312735452,-29.164302741139423
D005_Pnative.mesh_512.raw,324620,,134.09855725222727,90.09291769666541,-29.51284611523651
D005_Pnative.mesh_512.raw,324806,,133.83221090778093,105.48254663650798,-30.087695406111678
D005_Pnative.mesh_512.raw,325148,,134.08182293880648,110.23140016785062,-28.961420029767964
D005_Pnative.mesh_512.raw,325150,,133.99241133412806,90.35049950301863,-29.423154398716825
D005_Pnative.mesh_512.raw,326111,,133.79925118678568,101.89512941832507,-32.44236648077166
D005_Pnative.mesh_512.raw,326292,,133.9456886380754,102.63830913046266,-28.956760055982837
D005_Pnative.mesh_512.raw,326804,,133.75248235216222,94.81017869623888,-31.921513467984425
D005_Pnative.mesh_512.raw,327017,,134.0217265476196,91.5232944617653,-29.1615774500782
D005_Pnative.mesh_512.raw,327141,,133.77384880374996,108.1117446431098,-29.407724662945597
D005_Pnative.mesh_512.raw,327235,,133.8029473301768,106.98294489053288,-29.11276993014658
D005_Pnative.mesh_512.raw,327761,,133.91205181525783,97.91199881999493,-32.015128202337515
D005_Pnative.mesh_512.raw,327934,,134.00668730352623,109.66295125160693,-29.472595245849675
D005_Pnative.mesh_512.raw,327949,,133.8221448553207,101.48280924137008,-30.039991894298236
D005_Pnative.mesh_512.raw,328118,,133.94034764732388,91.53920405392707,-29.162264651916107
D005_Pnative.mesh_512.raw,328440,,133.97723880701258,104.36960740459119,-29.577039350043915
D005_Pnative.mesh_512.raw,328455,,133.8193382001215,98.27433150953023,-29.458426016197418
D005_Pnative.mesh_512.raw,328490,,134.1387645166149,110.65191249507377,-28.783845755715383
D005_Pnative.mesh_512.raw,328608,,133.79092704866332,100.41173083290981,-32.18626436339504
D005_Pnative.mesh_512.raw,328919,,133.82270040131633,93.06364889135818,-32.15177377481083
D005_Pnative.mesh_512.raw,329102,,133.87898226453243,96.1948796829582,-31.61680175577604
D005_Pnative.mesh_512.raw,329107,,133.83117688976665,106.86453641703125,-29.151887435864932
D005_Pnative.mesh_512.raw,329225,,133.88043925426592,100.40116177904974,-29.399499241518335
D005_Pnative.mesh_512.raw,329987,,134.06912544204874,94.17962502822024,-29.567557292560373
D005_Pnative.mesh_512.raw,330227,,133.80820202032345,90.00731058290393,-29.54955989602174
D005_Pnative.mesh_512.raw,330360,,133.82852226623393,90.9555667979399,-29.350680824666313
D005_Pnative.mesh_512.raw,330521,,133.77532464918295,97.90005613457878,-29.70594663939307
D005_Pnative.mesh_512.raw,330837,,134.00118412564996,111.42393107584915,-28.681331263962683
D005_Pnative.mesh_512.raw,330857,,134.00093740486523,98.7995535250661,-31.67037183108249
D005_Pnative.mesh_512.raw,330983,,133.85558730254633,92.48020161572836,-32.18036739021698
D005_Pnative.mesh_512.raw,331336,,134.16942975662502,107.92713198002619,-29.415003287723035
D005_Pnative.mesh_512.raw,331931,,134.2030588368941,98.02679802741945,-29.494481186272893
D005_Pnative.mesh_512.raw,332198,,134.01333469816103,95.55363599913454,-31.342062259963612
D005_Pnative.mesh_512.raw,332515,,133.86074614274068,95.09607679521392,-29.255268650502458
D005_Pnative.mesh_512.raw,332684,,133.7980689134278,97.18577803438362,-30.061425683515104
D005_Pnative.mesh_512.raw,332868,,133.986536929249,108.42745343423815,-29.91096761616093
D005_Pnative.mesh_512.raw,332876,,133.87467156220504,99.87899974484426,-29.230362395358476
D005_Pnative.mesh_512.raw,333074,,133.80343340191854,104.0898088095922,-29.302342669816177
D005_Pnative.mesh_512.raw,333311,,133.8943855353678,97.33978959466484,-32.23398548206095
D005_Pnative.mesh_512.raw,333608,,134.1921856368673,109.6973694622912,-29.502429729402067
D005_Pnative.mesh_512.raw,333747,,133.77541058085987,99.10441882930697,-29.26524377131315
D005_Pnative.mesh_512.raw,333948,,133.96530475166128,100.33196158717234,-32.19154450323147
D005_Pnative.mesh_512.raw,334127,,134.071526018305,103.46485473107624,-29.151228925279142
D005_Pnative.mesh_512.raw,334449,,134.0790001500347,111.42698532612258,-28.696936509789744
D005_Pnative.mesh_512.raw,334523,,133.79349048015806,109.40230021990254,-29.52410898342892
D005_Pnative.mesh_512.raw,334581,,134.12927040231608,98.85358800879769,-29.307162820264356
D005_Pnative.mesh_512.raw,334723,,133.89147075983755,110.44066260184165,-28.72204007563697
D005_Pnative.mesh_512.raw,334805,,134.15331270330614,93.60583544368211,-32.14527242702388
D005_Pnative.mesh_512.raw,334955,,133.96326070346095,93.04937336105363,-29.429100495291316
D005_Pnative.mesh_512.raw,335120,,133.77421551389068,96.94530704287708,-32.483075028256835
D005_Pnative.mesh_512.raw,335270,,134.08405388603043,93.08219852697887,-29.4214950385454
D005_Pnative.mesh_512.raw,335337,,134.04190061285632,96.67501419967927,-29.705567232878757
D005_Pnative.mesh_512.raw,335394,,134.0997182740461,100.29490038053822,-32.19614625145094
D005_Pnative.mesh_512.raw,335553,,133.84602016845918,104.02121230854391,-29.294305261653264
D005_Pnative.mesh_512.raw,335742,,134.09284348403455,100.4633360832886,-29.64848222300703
D005_Pnative.mesh_512.raw,336065,,134.0868396060702,101.5466248877437,-29.915887933423278
D005_Pnative.mesh_512.raw,336431,,133.76150805434847,106.66167701729756,-29.215762176836435
D005_Pnative.mesh_512.raw,336453,,134.10136940247273,96.14340323919706,-29.245625903245244
D005_Pnative.mesh_512.raw,336592,,134.0117909509927,95.64935551772399,-29.193227824901555
D005_Pnative.mesh_512.raw,336736,,134.24665093623864,97.11222118444357,-30.07862849534596
D005_Pnative.mesh_512.raw,336756,,133.97620660687537,109.90051033748126,-29.185068910044553
D005_Pnative.mesh_512.raw,337089,,133.82051862149368,101.85195011607709,-29.78118123086037
D005_Pnative.mesh_512.raw,337301,,133.78740816371453,106.77091342579472,-29.177018708916034
D005_Pnative.mesh_512.raw,337842,,133.79922962179114,108.54997955658132,-29.854804793467622
D005_Pnative.mesh_512.raw,337909,,133.83707836709186,95.3077801027555,-31.347772836123408
D005_Pnative.mesh_512.raw,338035,,134.21134479306332,91.79128210237859,-29.158886363764882
D005_Pnative.mesh_512.raw,338475,,134.1357748563825,92.70177228654342,-29.326941759584685
D005_Pnative.mesh_512.raw,338718,,133.79002674131448,92.57145847280394,-32.198488128057875
D005_Pnative.mesh_512.raw,338953,,134.0576404332316,97.16951228801675,-32.26086637341255
D005_Pnative.mesh_512.raw,339196,,134.19955901502232,110.57236716965515,-28.885070874524935
D005_Pnative.mesh_512.raw,339762,,133.75816993144025,94.214210897626,-32.14877976314126
D005_Pnative.mesh_512.raw,340748,,134.0189025062989,91.58696245100452,-29.151133505596267
D005_Pnative.mesh_512.raw,341352,,134.23382007537452,103.79762176404267,-29.179400362572412
D005_Pnative.mesh_512.raw,341438,,133.7963162433607,94.52291744225745,-29.396524382281758
D005_Pnative.mesh_512.raw,341548,,133.85337184544377,106.05427517263433,-29.566224724379694
D005_Pnative.mesh_512.raw,341706,,134.24947834863497,108.87687010733475,-30.20246868551046
D005_Pnative.mesh_512.raw,342605,,134.03463709084434,109.68076897582372,-29.46863597323091
D005_Pnative.mesh_512.raw,342627,,133.80648639308845,97.53759971699772,-32.240106172324715
D005_Pnative.mesh_512.raw,342999,,134.22979328114963,90.0117325542755,-29.651273741007678
D005_Pnative.mesh_512.raw,343078,,133.83825607036457,96.25087706153049,-31.6455584151269
D005_Pnative.mesh_512.raw,343159,,133.89934063002855,100.57522298452841,-29.709610999154037
D005_Pnative.mesh_512.raw,343716,,134.06416469133958,93.46669082488617,-29.632256082092077
D005_Pnative.mesh_512.raw,343865,,133.78885706227118,96.9199250916173,-32.50779622502663
D005_Pnative.mesh_512.raw,343944,,134.17330979631168,104.57110556731124,-30.053030365764013
D005_Pnative.mesh_512.raw,344057,,133.93066313729986,97.90444978668118,-29.666249431345552
D005_Pnative.mesh_512.raw,344574,,134.04432784489185,96.53652509107206,-29.5131469055053
D005_Pnative.mesh_512.raw,344580,,134.036519781972,93.06370465739508,-29.424035453618178
D005_Pnative.mesh_512.raw,344800,,134.18883076763908,95.53474167083895,-29.153295912176578
D005_Pnative.mesh_512.raw,344869,,134.1034161238535,108.23463874118099,-29.84755624874047
D005_Pnative.mesh_512.raw,345814,,134.22212784601538,100.39141777167212,-32.24057053204437
D005_Pnative.mesh_512.raw,346060,,134.01869892420711,106.85436888315635,-29.186971351043844
D005_Pnative.mesh_512.raw,346406,,134.16303862125216,105.3516457762481,-30.107688044109466
D005_Pnative.mesh_512.raw,346558,,133.96456764581882,94.9486579316173,-29.27591647348859
D005_Pnative.mesh_512.raw,346741,,134.06731422840053,97.17748162879838,-30.059580568433773
D005_Pnative.mesh_512.raw,346744,,134.19933123814064,107.0333127312542,-29.18257979150333
D005_Pnative.mesh_512.raw,347045,,134.23680184954895,104.48271479320717,-29.832514578091455
D005_Pnative.mesh_512.raw,347329,,134.1197620673948,93.64265736940865,-32.131417746092765
D005_Pnative.mesh_512.raw,347772,,134.01912146191,97.64438078018337,-32.27666879284556
D005_Pnative.mesh_512.raw,348610,,134.22850326629634,99.85811212097565,-29.337577770256182
D005_Pnative.mesh_512.raw,349080,,133.91511324226437,94.31589422850637,-29.485233982527102
D005_Pnative.mesh_512.raw,349595,,134.21949118038518,108.43864207151086,-30.183796393754527
D005_Pnative.mesh_512.raw,349647,,134.0677405607333,98.39405205857241,-31.823032522810948
D005_Pnative.mesh_512.raw,349903,,133.8080620884697,92.73247844802914,-32.17832464897265
D005_Pnative.mesh_512.raw,349966,,134.1195436259597,99.47165444295781,-31.65498082554722
D005_Pnative.mesh_512.raw,350128,,133.98408705281093,109.97069583084681,-29.091739103977247
D005_Pnative.mesh_512.raw,350431,,134.16232870945802,99.8403571368901,-29.327814721723446
D005_Pnative.mesh_512.raw,350512,,134.06768101894022,108.19145029659772,-29.764928581415237
D005_Pnative.mesh_512.raw,350769,,134.18050331818344,101.79983652802758,-32.50863236330791
D005_Pnative.mesh_512.raw,350829,,134.244726378753,94.13194493920858,-29.59902389631062
D005_Pnative.mesh_512.raw,350889,,133.81356803535178,95.9992735962347,-31.45138257895166
D005_Pnative.mesh_512.raw,351123,,133.8596473624106,90.85171612248658,-32.22626248814854
D005_Pnative.mesh_512.raw,351536,,133.91088994940947,104.6718328106791,-30.25010471987157
D005_Pnative.mesh_512.raw,352048,,134.0965741556468,101.08480967764663,-30.129355826203508
D005_Pnative.mesh_512.raw,352075,,134.20986135647235,90.6913583015977,-29.33573471908575
D005_Pnative.mesh_512.raw,352283,,133.94677877756672,98.35359133861124,-31.826742514613944
D005_Pnative.mesh_512.raw,352289,,133.8693809418604,109.30276345105278,-29.642587376417083
D005_Pnative.mesh_512.raw,352340,,134.0347494092692,102.5415017998631,-29.00586903089963
D005_Pnative.mesh_512.raw,352343,,133.79959010902155,94.58318873030228,-29.36769777079609
D005_Pnative.mesh_512.raw,352379,,133.85004861319567,92.3492010333869,-29.22189411777927
D005_Pnative.mesh_512.raw,352432,,134.01340339029105,97.18380443527886,-32.9591998537524
D005_Pnative.mesh_512.raw,352500,,134.1152325439923,108.95172139997132,-30.10511101029502
D005_Pnative.mesh_512.raw,353111,,134.1926396471515,97.27966126162531,-29.991862474921554
D005_Pnative.mesh_512.raw,353346,,134.16336505309243,96.05668060429267,-31.752314092434496
D005_Pnative.mesh_512.raw,353452,,133.97949730667312,102.83585770299243,-28.994091269691495
D005_Pnative.mesh_512.raw,353589,,134.19210427225778,108.02526955546796,-29.597158337418243
D005_Pnative.mesh_512.raw,353759,,134.01285720378365,99.87938306791247,-29.275241703511213
D005_Pnative.mesh_512.raw,354194,,133.7809132524473,97.09637211642591,-30.032717986169843
D005_Pnative.mesh_512.raw,354196,,133.987553262226,91.47312066391862,-29.18088669755081
D005_Pnative.mesh_512.raw,354348,,134.15279234674475,93.01624457212753,-29.396725484125785
D005_Pnative.mesh_512.raw,354966,,133.91434136505544,95.45310349613328,-31.325591668727235
D005_Pnative.mesh_512.raw,355235,,133.98090056158182,105.88905872593608,-29.66836546570621
D005_Pnative.mesh_512.raw,355282,,133.97037580516587,101.15253885269406,-30.222075082807407
D005_Pnative.mesh_512.raw,355686,,133.92680292807836,107.17950835396451,-29.06281037015781
D005_Pnative.mesh_512.raw,356124,,134.09634489057038,110.81164889969185,-28.664635736037603
D005_Pnative.mesh_512.raw,356270,,133.80275861061327,101.90286286089375,-29.74319714750358
D005_Pnative.mesh_512.raw,356530,,134.2175691946389,100.71585225882575,-32.396303636589565
D005_Pnative.mesh_512.raw,356547,,133.9880613287874,106.21425450665942,-29.463636301578312
D005_Pnative.mesh_512.raw,356552,,133.92350128093597,94.81175402556225,-32.04696981128882
D005_Pnative.mesh_512.raw,356828,,134.13120307741463,96.20191793177602,-32.42162449111863
D005_Pnative.mesh_512.raw,357121,,133.88966777709015,97.03429287075218,-32.354667233890126
D005_Pnative.mesh_512.raw,357210,,134.09361763419562,96.16934650724832,-31.850421148940008
D005_Pnative.mesh_512.raw,357312,,134.18635382937498,94.94549000376337,-29.245868886467306
D005_Pnative.mesh_512.raw,358468,,133.92221633816467,106.70865054805955,-29.208112512972043
D005_Pnative.mesh_512.raw,358506,,134.08108542324658,98.48352512782866,-29.38006139764898
D005_Pnative.mesh_512.raw,358763,,133.90950686401973,93.2305386902006,-32.125447437947734
D005_Pnative.mesh_512.raw,359220,,134.20580900488187,93.09299066495691,-29.988333829441416
D005_Pnative.mesh_512.raw,359662,,134.23118788989163,101.87006345581486,-32.44464052073579
D005_Pnative.mesh_512.raw,361050,,134.16870752131055,95.79832860988772,-31.447632264931855
D005_Pnative.mesh_512.raw,361999,,134.23389085303364,107.57905852423853,-29.15286897108742
D005_Pnative.mesh_512.raw,362101,,134.14342166044025,110.57563473005635,-28.834247269999715
D005_Pnative.mesh_512.raw,362121,,133.75656242201018,108.4308969035142,-29.688250462863028
D005_Pnative.mesh_512.raw,362144,,133.80802168094533,101.8893453026111,-32.446583033700804
D005_Pnative.mesh_512.raw,362354,,133.8332202561106,106.56769327568088,-29.27020116669106
D005_Pnative.mesh_512.raw,362363,,133.76822897769068,102.21468484564946,-29.518015859329868
D005_Pnative.mesh_512.raw,363335,,133.89160338460925,105.3317474380535,-30.185394403026148
D005_Pnative.mesh_512.raw,363344,,134.03191415480413,98.70264397824432,-29.330232215843235
D005_Pnative.mesh_512.raw,363584,,134.18046699601092,108.46662559139058,-30.180117202433657
D005_Pnative.mesh_512.raw,363729,,133.81066383156838,94.6315548594997,-32.20474188917582
D005_Pnative.mesh_512.raw,363781,,133.93851260889164,96.43950205514838,-32.00962849504811
D005_Pnative.mesh_512.raw,363961,,133.7728200206145,105.36801061320944,-30.18478875486383
D005_Pnative.mesh_512.raw,364313,,134.09538208799037,100.27028546607477,-29.410783737495894
D005_Pnative.mesh_512.raw,364659,,133.988509443552,98.30469630769545,-31.843345623740348
D005_Pnative.mesh_512.raw,364892,,134.05053814724332,108.21887863333347,-29.783666451900764
D005_Pnative.mesh_512.raw,364995,,134.11554813421645,92.1190434207426,-29.14845806756629
D005_Pnative.mesh_512.raw,365366,,134.11532493756874,92.36513425854389,-32.21184336721202
D005_Pnative.mesh_512.raw,365474,,133.76636928141056,94.8117726864521,-31.905232590007017
D005_Pnative.mesh_512.raw,365544,,133.81159551616204,96.77593587232221,-29.735884100054758
D005_Pnative.mesh_512.raw,365841,,134.19698912671663,100.56792454271911,-32.3093553070652
D005_Pnative.mesh_512.raw,365886,,133.94904733698786,109.1152283285166,-29.855135123544265
D005_Pnative.mesh_512.raw,365934,,133.94680198774986,95.43008358061672,-29.209762101789757
D005_Pnative.mesh_512.raw,366216,,134.17992284018936,100.56951384083744,-29.885151705135698
D005_Pnative.mesh_512.raw,366244,,134.13567957207198,91.10572488728234,-29.29330855519389
D005_Pnative.mesh_512.raw,366602,,134.12352160792398,93.3718907118984,-29.492985538188194
D005_Pnative.mesh_512.raw,366604,,133.97998987865003,109.33610515948911,-29.692634741524067
D005_Pnative.mesh_512.raw,366842,,134.01690397752918,95.21294189954669,-31.30205743329635
D005_Pnative.mesh_512.raw,366857,,134.10984096033394,92.82280505703108,-32.23275010878736
D005_Pnative.mesh_512.raw,367110,,134.0135257704661,100.29347521838207,-32.18467832870854
D005_Pnative.mesh_512.raw,368122,,134.2342559385774,109.86483754748018,-29.342188758587554
D005_Pnative.mesh_512.raw,368274,,133.9244073622723,95.08528170764949,-29.25312560536169
D005_Pnative.mesh_512.raw,368332,,134.08704905650484,94.45940701645291,-32.05774616732274
D005_Pnative.mesh_512.raw,368346,,134.12837424788546,94.97296635620336,-29.24835381096689
D005_Pnative.mesh_512.raw,368358,,133.78199846246358,100.45570772819399,-29.35406459748521
D005_Pnative.mesh_512.raw,368439,,133.91373466851982,105.57742086825775,-29.990367813842532
D005_Pnative.mesh_512.raw,368570,,133.91801072489287,110.71366941929408,-28.565575760065695
D005_Pnative.mesh_512.raw,368926,,133.98932841027363,108.23540455538654,-29.740963289962618
D005_Pnative.mesh_512.raw,369029,,134.10426855009842,99.73987546567139,-31.810972580901158
D005_Pnative.mesh_512.raw,369223,,134.08780059646634,100.63997331035745,-32.31949326262316
D005_Pnative.mesh_512.raw,369374,,134.13566232194802,99.90964867048868,-31.899335109137986
D005_Pnative.mesh_512.raw,369449,,134.12978577785822,110.49735275574528,-28.869952163349144
D005_Pnative.mesh_512.raw,370184,,134.05978271609717,108.0449851860863,-29.569562155656882
D005_Pnative.mesh_512.raw,370357,,133.92395627898222,109.27527726232883,-29.69878392425541
D005_Pnative.mesh_512.raw,370408,,134.24548680397268,107.2983913565059,-29.14800402380549
D005_Pnative.mesh_512.raw,370551,,133.8393347099083,93.55278944907647,-32.04562018175277
D005_Pnative.mesh_512.raw,370578,,133.8602728388284,92.69156074654047,-29.322863577955484
D005_Pnative.mesh_512.raw,370913,,134.1847139811976,97.57813870758066,-32.49590976565725
D005_Pnative.mesh_512.raw,371081,,134.07102788330147,90.10947820183421,-29.494663595837334
D005_Pnative.mesh_512.raw,371509,,134.2303676809781,97.42802831735406,-29.890046667704162
D005_Pnative.mesh_512.raw,372597,,133.9189918734934,90.52055215948766,-29.395485265855946
D005_Pnative.mesh_512.raw,372725,,133.8352454070847,108.62622170628916,-29.966201577975497
D005_Pnative.mesh_512.raw,372743,,134.02706794713637,109.43494999126219,-29.654428144626326
D005_Pnative.mesh_512.raw,372981,,134.04669289519336,107.10169910570909,-29.118337307164204
D005_Pnative.mesh_512.raw,373105,,134.0412044751808,109.52655205343687,-29.59643618010972
D005_Pnative.mesh_512.raw,373216,,134.07374316099293,98.57777493915508,-29.351005570732728
D005_Pnative.mesh_512.raw,373550,,134.0315484453335,104.99281878518676,-30.259191988411587
D005_Pnative.mesh_512.raw,373583,,133.84073249792033,108.45163364954348,-29.802748260432516
D005_Pnative.mesh_512.raw,373948,,133.825767566408,93.09925388044289,-29.44219390833163
D005_Pnative.mesh_512.raw,374406,,133.91858551412017,104.79170487777908,-30.26903227465045
D005_Pnative.mesh_512.raw,374449,,133.97892214665424,92.68872927474976,-29.3281824025739
D005_Pnative.mesh_512.raw,374530,,134.23059866515203,90.7780554676564,-29.330160812512126
D005_Pnative.mesh_512.raw,375253,,133.91247363692247,110.13382134526594,-28.922842747668756
D005_Pnative.mesh_512.raw,375261,,133.87582978422284,107.23272489365333,-29.042355852141924
D005_Pnative.mesh_512.raw,375518,,133.8751726275363,97.84435884698146,-32.04932585996674
D005_Pnative.mesh_512.raw,375650,,134.08947179460426,92.61621641961648,-29.317639880330738
D005_Pnative.mesh_512.raw,375983,,134.06047886048657,109.41491269270583,-29.686638330479617
D005_Pnative.mesh_512.raw,376002,,134.24192505805183,101.83657959654133,-29.605466494698682
D005_Pnative.mesh_512.raw,376112,,133.76950297343575,106.70215585571175,-29.196724542871628
D005_Pnative.mesh_512.raw,376413,,134.16373817467402,96.24576627295451,-32.35667013818127
D005_Pnative.mesh_512.raw,376816,,134.0993208188192,96.17241825021247,-29.26780008371834
D005_Pnative.mesh_512.raw,376882,,134.1265362506586,102.49894402298686,-29.005334331097192
D005_Pnative.mesh_512.raw,377261,,134.04338055561848,96.08687474147665,-29.208757433937606
D005_Pnative.mesh_512.raw,377417,,133.91703297821556,96.98688876901673,-32.40083223498715
D005_Pnative.mesh_512.raw,377677,,134.08466004624256,97.60005623634774,-29.86026186079302
D005_Pnative.mesh_512.raw,378257,,133.88994895378352,100.82732779031949,-30.05464398481806
D005_Pnative.mesh_512.raw,378364,,133.77824398297264,93.8204624302382,-32.08780481839585
D005_Pnative.mesh_512.raw,378690,,134.06654258450072,107.77497424813362,-29.180553884092063
D005_Pnative.mesh_512.raw,379230,,133.9604971739505,93.59415808507576,-29.891100357988236
D005_Pnative.mesh_512.raw,379349,,133.83742237322164,100.60731208623234,-32.265786472265184
D005_Pnative.mesh_512.raw,379594,,133.9203885014317,90.05262748755266,-29.505176889896042
D005_Pnative.mesh_512.raw,380356,,134.23606050585983,108.14498297599539,-29.86215491461498
D005_Pnative.mesh_512.raw,380672,,134.0921756921849,96.57489168211315,-29.623814851518983
D005_Pnative.mesh_512.raw,381159,,133.82677100553872,99.49320700887932,-31.656196911534003
D005_Pnative.mesh_512.raw,381385,,134.0034496517186,92.12210700531917,-32.075458416833754
D005_Pnative.mesh_512.raw,381780,,134.01908712896147,110.07683567027954,-29.030920425173115
D005_Pnative.mesh_512.raw,381858,,133.83903524442985,94.08963285852411,-32.085857701784626
D005_Pnative.mesh_512.raw,381991,,133.9152140803634,101.994078213616,-32.36495354187031
D005_Pnative.mesh_512.raw,382566,,134.07112040142323,109.154642654756,-29.888865635280418
D005_Pnative.mesh_512.raw,382883,,133.97733583330586,96.61993893498136,-29.637764432173043
D005_Pnative.mesh_512.raw,383023,,134.064283970941,91.2599383842647,-29.24654012231749
D005_Pnative.mesh_512.raw,383095,,134.16188456413826,92.53738913973461,-32.250311781440196
D005_Pnative.mesh_512.raw,383286,,133.97561862018114,90.65271660837932,-29.370138254976965
D005_Pnative.mesh_512.raw,383867,,133.92130028295702,95.9853698084034,-29.198133861663003
D005_Pnative.mesh_512.raw,383882,,133.89300758342188,98.7020003510904,-29.333511222805843
D005_Pnative.mesh_512.raw,384024,,134.13857519447131,100.96563524097829,-30.042603780800377
D005_Pnative.mesh_512.raw,384077,,133.88211358856535,109.8320125309165,-29.2300017848557
D005_Pnative.mesh_512.raw,384796,,133.99832549593012,99.13426118026472,-29.264436484917923
D005_Pnative.mesh_512.raw,385145,,133.876345122646,95.49409248651779,-31.34997598243107
D005_Pnative.mesh_512.raw,385257,,133.77052417631532,103.12081505260346,-29.112556241598146
D005_Pnative.mesh_512.raw,385334,,134.1245543141219,90.98331920688855,-29.319236076333574
D005_Pnative.mesh_512.raw,385512,,134.18042116288422,97.43884334954461,-29.890824141533482
D005_Pnative.mesh_512.raw,385775,,133.86067030258755,94.93654828947399,-31.46763541568678
D005_Pnative.mesh_512.raw,386121,,134.16134916673602,90.21621631696517,-29.44801232362942
D005_Pnative.mesh_512.raw,386246,,133.98742335378384,109.96849890251593,-29.096160151622144
D005_Pnative.mesh_512.raw,386323,,133.81101518131098,94.90564619046576,-31.52393142200625
D005_Pnative.mesh_512.raw,386765,,133.8784936644399,90.06825999684168,-32.61383956994468
D005_Pnative.mesh_512.raw,387063,,134.2316606687582,104.49757063049456,-29.87115155830652
D005_Pnative.mesh_512.raw,387103,,133.95957388141574,90.97409085384653,-29.332049836974004
D005_Pnative.mesh_512.raw,387265,,134.16181456150053,104.48237308650471,-29.841354899719263
D005_Pnative.mesh_512.raw,387448,,134.04948335868016,95.81058874682643,-29.205378071819606
D005_Pnative.mesh_512.raw,388045,,133.80750169791708,109.16772504153991,-29.6812396742803
D005_Pnative.mesh_512.raw,388683,,133.77340777143718,98.07663192516573,-29.571252227684464
D005_Pnative.mesh_512.raw,388795,,133.93732271395936,103.14148145301685,-29.096211055435486
D005_Pnative.mesh_512.raw,389455,,133.76073597952387,106.59952727022817,-29.24753357540071
D005_Pnative.mesh_512.raw,389494,,134.23010074321644,91.56145826933387,-29.133421594073592
D005_Pnative.mesh_512.raw,389572,,134.09045347235926,92.80481928207952,-32.23238790145909
D005_Pnative.mesh_512.raw,389709,,134.08383269863924,95.82975161053892,-29.208983427849034
D005_Pnative.mesh_512.raw,389869,,133.75293921639405,94.60655451461638,-32.22598913543746
D005_Pnative.mesh_512.raw,390016,,134.11081190740444,101.36215771833831,-30.026736953656155
D005_Pnative.mesh_512.raw,390094,,133.85179875158616,101.07791819859037,-30.190617550910734
D005_Pnative.mesh_512.raw,390283,,134.20805082237717,100.00045470369356,-31.955209382399794
D005_Pnative.mesh_512.raw,390424,,133.94381252871042,99.49103198591206,-29.23881665202628
D005_Pnative.mesh_512.raw,390729,,133.93611224800947,107.22654443682728,-29.05601596377687
D005_Pnative.mesh_512.raw,391132,,133.905702486392,90.03822953781057,-29.510957813110647
D005_Pnative.mesh_512.raw,391187,,133.95707339421605,107.9497592126852,-29.381564278169975
D005_Pnative.mesh_512.raw,394474,,134.08857262358708,100.75060024151327,-32.41861900207991
D005_Pnative.mesh_512.raw,394612,,133.97432874321223,100.20138543795866,-32.146054592045616
D005_Pnative.mesh_512.raw,395333,,133.95570184133123,109.50961076354312,-29.56466862017192
D005_Pnative.mesh_512.raw,395584,,134.0309766818175,92.49533771444871,-29.280362785480996
D005_Pnative.mesh_512.raw,396000,,134.13863837484877,92.50797638940132,-32.24428261337222
D005_Pnative.mesh_512.raw,396634,,133.89830483460082,100.31530765561907,-32.17352876127346
D005_Pnative.mesh_512.raw,396675,,133.8193128559427,96.29719937783175,-29.27546546847808
D005_Pnative.mesh_512.raw,396684,,133.92477199088682,105.66233547830525,-29.88657278902675
D005_Pnative.mesh_512.raw,397822,,133.91688880178543,94.184413442486,-29.571703436387438
D005_Pnative.mesh_512.raw,399222,,133.88894644343532,98.30103898253296,-29.447009831985156
D005_Pnative.mesh_512.raw,399469,,133.8831543160134,94.30773146019017,-29.49199078594231
D005_Pnative.mesh_512.raw,399598,,133.7528142678506,105.3121424155729,-30.204684774749637
D005_Pnative.mesh_512.raw,399869,,134.07309236412164,109.39686242724876,-29.705696027672722
D005_Pnative.mesh_512.raw,400620,,134.1234069733585,90.62739822428395,-29.351874652614452
D005_Pnative.mesh_512.raw,400788,,133.8462248833812,108.47492041454394,-29.83214166976329
D005_Pnative.mesh_512.raw,400894,,133.8859161368185,102.96113333392702,-29.074470756379792
D005_Pnative.mesh_512.raw,400941,,134.16364636785818,105.74649785477368,-29.749816298198553
D005_Pnative.mesh_512.raw,400953,,133.87417431444203,95.29095514091105,-31.32674559537655
D005_Pnative.mesh_512.raw,401470,,133.80866391066752,94.87762626996982,-31.567141353223306
D005_Pnative.mesh_512.raw,401778,,134.24457147815704,111.40273847258943,-28.732832900335456
D005_Pnative.mesh_512.raw,402508,,134.10205954065637,111.83949763841923,-28.780748323932627
D005_Pnative.mesh_512.raw,402650,,134.1349032936988,97.72634661588936,-29.746679824552533
D005_Pnative.mesh_512.raw,402740,,134.1190588309919,103.23713184952007,-29.092145048113903
D005_Pnative.mesh_512.raw,403086,,134.11789995579625,109.93552697405376,-29.196165699431358
D005_Pnative.mesh_512.raw,403132,,133.85912182161553,109.7967437460313,-29.264903611442293
D005_Pnative.mesh_512.raw,403291,,134.206598981671,100.9702434732833,-30.011684868678813
D005_Pnative.mesh_512.raw,403833,,133.93542134767415,100.6157672351353,-29.855870238832832
D005_Pnative.mesh_512.raw,404057,,133.8880869444645,106.04748235007251,-29.559282599328792
D005_Pnative.mesh_512.raw,404438,,133.95738703459094,108.55051919491608,-29.99417837034625
D005_Pnative.mesh_512.raw,404492,,133.84635836541557,98.38631840143043,-29.422236973170172
D005_Pnative.mesh_512.raw,404659,,133.98215627489566,100.5193842001818,-29.641834107370585
D005_Pnative.mesh_512.raw,404944,,134.21206306632428,111.50234666542997,-28.75002902788223
D005_Pnative.mesh_512.raw,405773,,133.8158988765423,90.87006971660024,-29.364149305265027
D005_Pnative.mesh_512.raw,406104,,133.77669743789116,90.99384343833327,-29.339648990121603
D005_Pnative.mesh_512.raw,406278,,133.77053687678153,96.40165482311367,-32.240568648398416
D005_Pnative.mesh_512.raw,406411,,134.00043352438024,101.55161575655026,-29.95956451428183
D005_Pnative.mesh_512.raw,407110,,134.16132385865035,102.50650592086208,-28.99880915022334
D005_Pnative.mesh_512.raw,407254,,134.02172172710345,93.44787733157128,-32.11578492674177
D005_Pnative.mesh_512.raw,408630,,133.89875885111007,99.88232741633965,-31.86215137156242
D005_Pnative.mesh_512.raw,408657,,134.1601192442216,92.73522061248863,-29.331162483321297
D005_Pnative.mesh_512.raw,408745,,133.95208144384304,97.14913630802505,-32.25105933987727
D005_Pnative.mesh_512.raw,409642,,133.89565847056122,97.08017211774614,-30.044482954247652
D005_Pnative.mesh_512.raw,410037,,134.02080359841617,109.64773526208657,-29.48680285956381
D005_Pnative.mesh_512.raw,410240,,134.24727160335013,111.12646633144877,-28.720511044050237
D005_Pnative.mesh_512.raw,411239,,134.03956250412364,97.51741667497974,-32.20779237145638
D005_Pnative.mesh_512.raw,411406,,134.04306805133652,97.51123704565472,-32.20566573565656
D005_Pnative.mesh_512.raw,411470,,133.80071365061653,109.21243868355896,-29.653081277544864
D005_Pnative.mesh_512.raw,411709,,134.22229889900728,96.2607403886455,-32.2809601840405
D005_Pnative.mesh_512.raw,411725,,134.09464127795374,104.54914096922995,-30.019562884858
D005_Pnative.mesh_512.raw,411740,,133.98723891933238,103.45340777771892,-29.16108952719165
D005_Pnative.mesh_512.raw,412340,,134.22679122093217,99.40435436003874,-31.63029130450991
D005_Pnative.mesh_512.raw,412559,,133.82675836293615,100.78512666540598,-32.43128374767789
D005_Pnative.mesh_512.raw,412639,,134.19117310342247,100.82568530788605,-29.971248928431077
D005_Pnative.mesh_512.raw,412734,,134.1599554838906,103.53632613428076,-29.124854555797874
D005_Pnative.mesh_512.raw,413051,,133.77378287940965,95.87411307297295,-31.385818536155476
D005_Pnative.mesh_512.raw,413366,,134.03222729921973,103.16562147830435,-29.088649969457308
D005_Pnative.mesh_512.raw,413637,,134.04902059351988,101.01459952138082,-30.11270667665307
D005_Pnative.mesh_512.raw,414189,,133.89214004956003,106.64357373762684,-29.236496929364655
D005_Pnative.mesh_512.raw,414210,,133.87122161523854,101.8280933842257,-29.794472513553355
D005_Pnative.mesh_512.raw,414309,,133.94433295937003,96.05302414201704,-29.19866892224322
D005_Pnative.mesh_512.raw,414816,,133.9855251828994,91.44555952386287,-29.190257018307204
D005_Pnative.mesh_512.raw,414831,,133.81227169266938,104.30188990622254,-29.439801865411262
D005_Pnative.mesh_512.raw,415316,,133.91133790837208,97.99609394398226,-31.964366609292576
D005_Pnative.mesh_512.raw,415407,,133.77068066194406,97.40302429046028,-30.019271800937894
D005_Pnative.mesh_512.raw,415483,,133.94528847349002,100.28435693233705,-32.17161378738004
D005_Pnative.mesh_512.raw,415562,,133.98237099600465,105.63604481506607,-29.902655343027504
D005_Pnative.mesh_512.raw,415692,,133.80314515945744,93.59093467484156,-32.03497193012079
D005_Pnative.mesh_512.raw,415798,,134.14277796636378,97.88262286777464,-32.23952662972573
D005_Pnative.mesh_512.raw,415908,,133.93104704972413,109.98877881294008,-29.043234312076738
D005_Pnative.mesh_512.raw,415911,,133.96867682427657,99.86782914567428,-31.877401082214554
D005_Pnative.mesh_512.raw,416195,,133.7565926911335,92.22996427047073,-29.182598254235984
D005_Pnative.mesh_512.raw,416356,,134.14258183305617,103.80808855288899,-29.232299437786484
D005_Pnative.mesh_512.raw,416558,,133.97489711747446,97.71763569160558,-32.1744680176361
D005_Pnative.mesh_512.raw,417336,,134.0939572337022,104.33309877013986,-29.59729794902513
D005_Pnative.mesh_512.raw,417964,,133.9977188250595,90.93238857620078,-29.334437539739234
D005_Pnative.mesh_512.raw,419136,,134.18125362239346,93.96739882988388,-29.698791842386093
D005_Pnative.mesh_512.raw,419926,,133.85089479727608,95.55827998083278,-29.201631819195477
D005_Pnative.mesh_512.raw,420139,,133.89602819070822,111.30244539852991,-28.666993562920478
D005_Pnative.mesh_512.raw,420142,,134.0737908702885,108.78254638884938,-30.21642862536596
D005_Pnative.mesh_512.raw,420444,,134.0951178066843,98.17402614469131,-29.465877387373364
D005_Pnative.mesh_512.raw,420739,,133.79217000779454,108.7874614083932,-29.96216718028814
D005_Pnative.mesh_512.raw,421037,,133.7864342827134,110.78545108672502,-28.52872543456653
D005_Pnative.mesh_512.raw,421655,,134.036507682776,105.87509946514346,-29.66777693852356
D005_Pnative.mesh_512.raw,422122,,133.9131024988817,97.48768453696226,-29.955428043617808
D005_Pnative.mesh_512.raw,422337,,133.97759286129894,95.32529239655186,-31.30646624832504
D005_Pnative.mesh_512.raw,422551,,133.76111637283725,105.70973046266,-29.894998202554635
D005_Pnative.mesh_512.raw,422711,,134.19370731299657,111.71885341972913,-28.904271038480935
D005_Pnative.mesh_512.raw,422737,,134.09329281812586,97.77591452241973,-32.29099591692167
D005_Pnative.mesh_512.raw,422823,,134.19972256749165,99.58579583104873,-31.767233402836222
D005_Pnative.mesh_512.raw,423057,,133.99080330149283,98.6428831432052,-31.743992493255686
D005_Pnative.mesh_512.raw,423299,,133.75135168457953,96.25451134884047,-31.55255358320059
D005_Pnative.mesh_512.raw,423395,,133.91533260115247,102.37234548522463,-29.282048245914172
D005_Pnative.mesh_512.raw,423648,,133.90395782112066,100.52963748366157,-29.578970221375712
D005_Pnative.mesh_512.raw,423693,,134.23696658867257,104.67860178501604,-30.25157588097226
D005_Pnative.mesh_512.raw,423710,,133.87437058491898,109.91560365078378,-29.110318835411054
D005_Pnative.mesh_512.raw,424311,,133.91021468150416,107.94480255026068,-29.336009547407965
D005_Pnative.mesh_512.raw,424380,,133.84677437069345,106.22148163278963,-29.466511718341632
D005_Pnative.mesh_512.raw,424445,,134.22470047849714,97.58784340504798,-32.55477358506235
D005_Pnative.mesh_512.raw,425025,,133.93856731863158,100.60461848391134,-29.825428517522987
D005_Pnative.mesh_512.raw,425141,,134.09153861096672,99.78927897458577,-31.82379686497735
D005_Pnative.mesh_512.raw,425291,,134.006500276416,97.1931831797813,-32.96334618502824
D005_Pnative.mesh_512.raw,425434,,134.11911941358693,96.32464820292631,-32.16734295877193
D005_Pnative.mesh_512.raw,425693,,134.18821306886397,96.58591575497942,-29.71935858758244
D005_Pnative.mesh_512.raw,425819,,133.83871238699203,98.47590382009847,-31.784182823346157
D005_Pnative.mesh_512.raw,425873,,133.7989647219263,98.15033327915995,-29.507767728329235
D005_Pnative.mesh_512.raw,426188,,134.11357043123047,110.57280216644705,-28.809998650681038
D005_Pnative.mesh_512.raw,426327,,133.9122114921696,103.59307251076592,-29.198988936550126
D005_Pnative.mesh_512.raw,426541,,133.91386271371556,92.42502405021544,-32.17513887473387
D005_Pnative.mesh_512.raw,426692,,134.23852441811877,93.0234716298281,-32.222066873268744
D005_Pnative.mesh_512.raw,426772,,134.184942783991,100.23926048950165,-32.1463736114748
D005_Pnative.mesh_512.raw,426808,,134.16680671541388,100.07850439493511,-32.006174819167356
D005_Pnative.mesh_512.raw,427682,,133.9782372729078,97.74433575794635,-29.783876059651625
D005_Pnative.mesh_512.raw,428144,,133.96608942763524,90.9562694648988,-29.333763441900814
D005_Pnative.mesh_512.raw,428206,,133.76225031390751,106.04907323596113,-29.603915162298435
D005_Pnative.mesh_512.raw,428715,,133.83389902670814,103.15105520183839,-29.10368180634971
D005_Pnative.mesh_512.raw,428748,,133.9100384252749,96.13590829731945,-31.573194865893164
D005_Pnative.mesh_512.raw,428916,,133.80048575696597,95.81092062137071,-31.369150808571703
D005_Pnative.mesh_512.raw,429114,,133.7712581965825,107.38354688662585,-29.014341762675357
D005_Pnative.mesh_512.raw,430406,,133.76206434540813,108.49600342760681,-29.759452168531755
D005_Pnative.mesh_512.raw,430667,,133.85687357309695,90.89726445159248,-29.3548588089599
D005_Pnative.mesh_512.raw,430769,,134.10414105473035,108.84865622649566,-30.18308784246156
D005_Pnative.mesh_512.raw,430813,,133.90702915329962,100.79577754670355,-32.45922348303907
D005_Pnative.mesh_512.raw,430840,,134.08914329681357,93.84529006638176,-29.76477615065587
D005_Pnative.mesh_512.raw,431317,,134.05015958498004,102.06626830716726,-29.538086803090458
D005_Pnative.mesh_512.raw,431356,,134.18166214575598,91.5124127351389,-29.153406859127667
D005_Pnative.mesh_512.raw,431710,,134.0167425821135,99.3132028292442,-29.25352942125655
D005_Pnative.mesh_512.raw,432478,,134.20472614551028,97.55504884960855,-32.504718387832526
D005_Pnative.mesh_512.raw,432495,,134.1352195750804,91.23354587835931,-29.250194319592318
D005_Pnative.mesh_512.raw,432761,,134.029278794501,91.692691134529,-29.153846572163577
D005_Pnative.mesh_512.raw,433693,,134.0355052009214,103.6330559126266,-29.17484044622251
D005_Pnative.mesh_512.raw,434228,,134.07275087491234,98.45242382403453,-29.390233388242486
D005_Pnative.mesh_512.raw,434534,,134.19102148518112,100.41478463194782,-29.65779846719665
D005_Pnative.mesh_512.raw,435073,,133.7812317088667,90.10407785170396,-32.57238908554548
D005_Pnative.mesh_512.raw,435508,,134.19539536305422,109.0619530259257,-30.048660949333716
D005_Pnative.mesh_512.raw,435683,,134.245207001837,107.3951122275916,-29.15243523714323
D005_Pnative.mesh_512.raw,435978,,133.84007945658308,90.17532672878016,-32.54336360437207
D005_Pnative.mesh_512.raw,436222,,133.84152388189707,106.46997394495324,-29.320990980551585
D005_Pnative.mesh_512.raw,436341,,133.78722659528324,107.06545779232165,-29.08309748544356
D005_Pnative.mesh_512.raw,436462,,133.7864346768085,97.63904950119347,-32.1987660972227
D005_Pnative.mesh_512.raw,437398,,134.23005107442052,100.99679082617943,-30.01644008389895
D005_Pnative.mesh_512.raw,437453,,134.13103721214875,101.85517444245414,-29.65503344168669
D005_Pnative.mesh_512.raw,437467,,133.78590971836337,111.41540762125847,-28.62561552572597
D005_Pnative.mesh_512.raw,437919,,133.859923766716,90.99709478216289,-29.339472383959787
D005_Pnative.mesh_512.raw,438065,,133.86118570533662,96.46826643740539,-29.41254334998756
D005_Pnative.mesh_512.raw,438310,,134.1823413324137,109.55038931739735,-29.623969275670554
D005_Pnative.mesh_512.raw,439489,,133.95344429375018,97.19042738556581,-32.86986934988049
D005_Pnative.mesh_512.raw,439537,,133.9847925699949,90.24862633882476,-32.54365754568028
D005_Pnative.mesh_512.raw,439717,,133.94793272140032,105.98699630604133,-29.591387154186194
D005_Pnative.mesh_512.raw,439718,,133.93265724948353,95.86147259441563,-31.43641283981018
D005_Pnative.mesh_512.raw,441054,,133.99449037466547,98.85772382873454,-29.30702826359621
D005_Pnative.mesh_512.raw,441273,,133.98503108137442,92.18798554563297,-32.097453246403326
D005_Pnative.mesh_512.raw,441495,,133.9564928201488,90.4891881578649,-29.396920296034565
D005_Pnative.mesh_512.raw,441786,,134.19147089372615,96.94396923431411,-30.006955219517025
D005_Pnative.mesh_512.raw,441852,,134.08367532618004,111.59013720658449,-28.683601378394435
D005_Pnative.mesh_512.raw,442110,,134.04670336070134,111.14184298062096,-28.683384385067107
D005_Pnative.mesh_512.raw,442609,,134.2245414603799,99.02597946226619,-29.27996642021136
D005_Pnative.mesh_512.raw,442719,,134.0501468313784,102.87247162972108,-28.995754819605768
D005_Pnative.mesh_512.raw,442895,,133.84802886261699,97.86435418835201,-32.03588656349522
D005_Pnative.mesh_512.raw,443120,,134.1345906313178,92.19636343040168,-32.14691828603435
D005_Pnative.mesh_512.raw,443432,,133.8988008138439,97.72207665555311,-32.11642295536626
D005_Pnative.mesh_512.raw,444326,,134.19029224614795,96.11997141714457,-31.91133859903646
D005_Pnative.mesh_512.raw,444587,,134.08159490646256,91.19898594143324,-29.265659088020644
D005_Pnative.mesh_512.raw,444941,,133.96564269718962,100.52293718163229,-29.626696279197112
D005_Pnative.mesh_512.raw,445062,,134.24601347907927,96.54848703848897,-29.656836722022092
D005_Pnative.mesh_512.raw,445570,,133.80912907760472,96.75732793634661,-29.717116952931626
D005_Pnative.mesh_512.raw,445969,,134.15807532573734,100.7442963346077,-29.9690155842761
D005_Pnative.mesh_512.raw,446111,,133.85777814055058,108.86932144549742,-29.978820712125568
D005_Pnative.mesh_512.raw,446232,,134.0391793342223,99.98067335898239,-31.947388640003364
D005_Pnative.mesh_512.raw,446352,,133.77096382472308,98.38423468672616,-31.80536189578598
D005_Pnative.mesh_512.raw,446597,,134.19792826992034,92.67495742074007,-32.25322909331628
D005_Pnative.mesh_512.raw,446743,,134.02795767143698,93.24423349611709,-29.47525873929594
D005_Pnative.mesh_512.raw,447424,,134.1062621759151,99.48254246126191,-29.24351355910492
D005_Pnative.mesh_512.raw,447606,,134.23219807419005,99.04836049238381,-29.276453403677138
D005_Pnative.mesh_512.raw,447675,,134.16277816139873,99.32740505627811,-31.591034466495195
D005_Pnative.mesh_512.raw,447737,,134.0700700939038,108.9352794881714,-30.095867017852765
D005_Pnative.mesh_512.raw,447854,,133.91123207362182,101.46714824935462,-30.045541638359516
D005_Pnative.mesh_512.raw,447868,,134.05444972458287,98.42699655792778,-31.812801960443096
D005_Pnative.mesh_512.raw,448254,,133.8731866363672,106.00505901853322,-29.60095269185046
D005_Pnative.mesh_512.raw,448380,,134.02523538550156,108.24475089136195,-29.78312933753163
D005_Pnative.mesh_512.raw,448614,,133.77098694405709,110.25034476505515,-28.79605180897872
D005_Pnative.mesh_512.raw,448972,,133.92237689567185,90.70722532727278,-29.368508025248627
D005_Pnative.mesh_512.raw,449792,,134.1572631296811,93.87614466318098,-32.14700810683717
D005_Pnative.mesh_512.raw,449931,,134.0790691963181,95.03116481392604,-29.243447416991348
D005_Pnative.mesh_512.raw,450006,,133.87228539617018,93.61394961835079,-29.88389029364302
D005_Pnative.mesh_512.raw,450052,,134.21688881339878,95.39661873015017,-31.370131475892357
D005_Pnative.mesh_512.raw,450308,,133.98005627011077,97.07743240423024,-32.2990996021601
D005_Pnative.mesh_512.raw,451018,,134.034622250353,104.49991948848238,-29.902679142825104
D005_Pnative.mesh_512.raw,451078,,133.97305646344205,95.284015932459,-31.300475014373802
D005_Pnative.mesh_512.raw,451189,,133.7658475550037,99.85905794313564,-29.204921296809175
D005_Pnative.mesh_512.raw,451411,,134.2179638348343,96.58844644729453,-29.746547461324482
D005_Pnative.mesh_512.raw,451429,,133.76628212692685,100.69951314730422,-29.851338385909145
D005_Pnative.mesh_512.raw,451458,,133.9873583175331,96.11656690119595,-31.639517338845465
D005_Pnative.mesh_512.raw,452020,,134.13516450543725,100.94350612714246,-30.031838025312307
D005_Pnative.mesh_512.raw,452278,,133.8374358118191,109.56758121066271,-29.444925589813117
D005_Pnative.mesh_512.raw,452307,,133.92990980443426,92.6748080717858,-29.327975765006723
D005_Pnative.mesh_512.raw,452317,,133.91403559970274,103.14646461822333,-29.108871847680444
D005_Pnative.mesh_512.raw,452487,,134.2295270834433,107.33653845379766,-29.145278384403582
D005_Pnative.mesh_512.raw,452822,,133.8208650507012,91.6799344129175,-29.157394156680283
D005_Pnative.mesh_512.raw,453101,,134.08686838269563,99.92011199871375,-31.9073970663843
D005_Pnative.mesh_512.raw,453309,,134.12635260234492,111.94048710040298,-28.767391789819627
D005_Pnative.mesh_512.raw,453342,,134.02254850663456,96.40125823292283,-29.41624365896238
D005_Pnative.mesh_512.raw,453457,,133.8231450133253,92.54768064557346,-29.280579812380445
D005_Pnative.mesh_512.raw,453736,,134.111066374712,109.42179809877098,-29.710921805716353
D005_Pnative.mesh_512.raw,453994,,133.88677571295503,94.81550651875722,-32.04013768088911
D005_Pnative.mesh_512.raw,454809,,134.17578295220824,92.65102771508577,-32.25315271522379
D005_Pnative.mesh_512.raw,454908,,134.06054769487008,99.82043257824824,-29.29107481587151
D005_Pnative.mesh_512.raw,455021,,134.19377383823098,92.4929956209638,-29.29470235777805
D005_Pnative.mesh_512.raw,455088,,134.24654462954308,103.79753697152957,-29.1731536997883
D005_Pnative.mesh_512.raw,455093,,134.1375272168588,101.60160855290837,-29.84681224540122
D005_Pnative.mesh_512.raw,455126,,134.1788003337298,102.1493537286371,-29.350914600820488
D005_Pnative.mesh_512.raw,455380,,133.840968124312,96.22488069749032,-32.45420044372528
D005_Pnative.mesh_512.raw,455551,,134.2046103130466,107.3185756932846,-29.13740825053283
D005_Pnative.mesh_512.raw,455715,,133.79896444171683,109.16557061361277,-29.676405479766323
D005_Pnative.mesh_512.raw,455821,,133.86657620808504,96.5401796701203,-29.464408817608287
D005_Pnative.mesh_512.raw,456061,,134.03362306320767,109.51878294623057,-29.601301348841535
D005_Pnative.mesh_512.raw,456338,,134.24429733460283,90.42941730614784,-29.36219388089969
D005_Pnative.mesh_512.raw,456348,,134.04464023500844,103.92039411600258,-29.353610209999463
D005_Pnative.mesh_512.raw,456864,,134.23677249615483,110.17566116714225,-29.160875824598715
D005_Pnative.mesh_512.raw,456940,,134.2387969621645,91.53449177570106,-29.141800999370638
D005_Pnative.mesh_512.raw,457152,,133.75875158741002,93.38776315825135,-29.65449858889333
D005_Pnative.mesh_512.raw,457385,,133.7808481893528,101.10095485254607,-30.19543283965781
D005_Pnative.mesh_512.raw,457398,,134.0358174520284,97.8315363603036,-29.69251325925504
D005_Pnative.mesh_512.raw,457524,,134.0267706617466,95.36187319191987,-29.203020246059445
D005_Pnative.mesh_512.raw,457934,,133.92331680767046,103.08331040433333,-29.087538545324776
D005_Pnative.mesh_512.raw,457973,,133.91660302222502,91.80051044579069,-29.135281361004285
D005_Pnative.mesh_512.raw,458081,,134.08265644118615,100.41245822839873,-29.505142065857925
D005_Pnative.mesh_512.raw,458088,,134.08564639548612,102.8302053153325,-28.974134059345474
D005_Pnative.mesh_512.raw,458335,,133.87914718885617,95.39716383673068,-31.336924563434483
D005_Pnative.mesh_512.raw,458550,,134.19850014186193,100.53383034318573,-32.29735627070207
D005_Pnative.mesh_512.raw,458782,,133.7691661238427,103.76401698010531,-29.190799700606284
D005_Pnative.mesh_512.raw,459049,,134.05024598564995,95.311326214643,-29.2045792981488
D005_Pnative.mesh_512.raw,459122,,134.24861466733768,107.02384331131734,-29.19941981834831
D005_Pnative.mesh_512.raw,459164,,133.9113503549418,105.73615812249264,-29.819464250719815
D005_Pnative.mesh_512.raw,459421,,133.98621182157044,97.57743439685873,-32.21024225347136
D005_Pnative.mesh_512.raw,460166,,133.886466122217,108.90661915109078,-29.98506616568052
D005_Pnative.mesh_512.raw,460446,,134.08872319653867,110.21399545198469,-28.976880329157293
D005_Pnative.mesh_512.raw,460856,,133.89330789159376,95.14113224531113,-29.24781153757125
D005_Pnative.mesh_512.raw,461563,,134.13781630695723,109.05656407426486,-30.02330511974745
D005_Pnative.mesh_512.raw,461589,,134.1492881864985,96.2745490693092,-32.31322491722783
D005_Pnative.mesh_512.raw,462133,,134.13008848307913,92.54924194562065,-32.25061592405783
D005_Pnative.mesh_512.raw,462452,,134.06351607942716,110.72405871994187,-28.67454211216361
D005_Pnative.mesh_512.raw,462696,,133.96562763334595,111.16298888959581,-28.67205157795996
D005_Pnative.mesh_512.raw,462788,,134.05724932853582,97.2319021992368,-30.039438476671144
D005_Pnative.mesh_512.raw,463355,,134.07149992924536,96.3348002941643,-32.05573498355665
D005_Pnative.mesh_512.raw,463475,,133.97166185111038,99.98200495695761,-29.26501809203583
D005_Pnative.mesh_512.raw,464463,,134.22678739074465,97.10901163352979,-32.294149809745626
D005_Pnative.mesh_512.raw,464464,,134.10072783251678,110.23341042887097,-28.973214966507467
D005_Pnative.mesh_512.raw,465593,,133.87899281526074,90.76492025302221,-29.367788511027115
D005_Pnative.mesh_512.raw,466414,,133.80888054356646,96.34816395826961,-32.292833491208675
D005_Pnative.mesh_512.raw,466552,,134.21185953540652,102.04883399631547,-29.44231064759127
D005_Pnative.mesh_512.raw,466554,,134.21523179079796,98.77112499269025,-29.313079535853667
D005_Pnative.mesh_512.raw,467235,,134.23743975679363,95.72025810674077,-29.17277416303211
D005_Pnative.mesh_512.raw,467464,,133.98289713047305,91.37748279995259,-29.213226090889904
D005_Pnative.mesh_512.raw,467703,,133.85681769678848,110.00299287535861,-28.99400251681531
D005_Pnative.mesh_512.raw,467810,,133.87486606706625,101.78532192733468,-29.82758187880749
D005_Pnative.mesh_512.raw,468473,,134.21819804004087,97.28104246009767,-32.263196068959495
D005_Pnative.mesh_512.raw,468536,,133.8041379720301,97.80973589662938,-32.060084831269094
D005_Pnative.mesh_512.raw,468935,,133.90138152868127,98.78103142404484,-29.320839055413156
D005_Pnative.mesh_512.raw,469581,,133.8933983862053,109.26592505845417,-29.683593854805192
D005_Pnative.mesh_512.raw,469881,,133.8805312592621,99.09846529193112,-31.514994274973862
D005_Pnative.mesh_512.raw,471067,,133.79819434929476,110.10315998025558,-28.9104284931095
D005_Pnative.mesh_512.raw,471786,,133.85984609990092,104.09934868149178,-29.322715440485382
D005_Pnative.mesh_512.raw,471937,,134.08068720872095,97.67177298283852,-32.35060734318823
D005_Pnative.mesh_512.raw,472242,,134.06872393602998,100.82335866953404,-32.49779314527366
D005_Pnative.mesh_512.raw,472359,,133.8879404425861,108.18892814631631,-29.60530998357507
D005_Pnative.mesh_512.raw,472498,,134.06109970495334,94.40154966729823,-29.419300900938026
D005_Pnative.mesh_512.raw,472871,,134.1797646119305,96.51835066125581,-29.538131971477426
D005_Pnative.mesh_512.raw,472876,,133.76556639372342,99.95529509691939,-29.211286844534843
D005_Pnative.mesh_512.raw,473408,,133.93550015919814,108.01625400875189,-29.46097317862882
D005_Pnative.mesh_512.raw,473644,,133.92848824738766,97.84976399455067,-32.05212222532382
D005_Pnative.mesh_512.raw,473973,,133.77847215234343,96.41939083240865,-32.158322478974604
D005_Pnative.mesh_512.raw,475338,,133.77303793464358,101.87717824264047,-32.45651338440781
D005_Pnative.mesh_512.raw,475537,,134.2290343359717,105.4718830686789,-29.98552358989223
D005_Pnative.mesh_512.raw,475857,,134.12487429422498,96.1370490880665,-29.243005008451338
D005_Pnative.mesh_512.raw,477395,,134.00836828928306,104.95793163890377,-30.264160689898404
D005_Pnative.mesh_512.raw,477496,,134.18003250736646,98.93180287621024,-29.294795197666296
D005_Pnative.mesh_512.raw,477626,,133.9391305564384,92.3877515829092,-32.167272165130434
D005_Pnative.mesh_512.raw,477681,,133.98977813830652,98.06541017633826,-31.9326658779875
D005_Pnative.mesh_512.raw,478001,,133.77414188100795,95.77481141766843,-31.345013794976055
D005_Pnative.mesh_512.raw,478066,,133.75513905152678,90.84580877307508,-29.37596501900702
D005_Pnative.mesh_512.raw,478170,,133.97467905765214,94.29326449658113,-32.107419806392244
D005_Pnative.mesh_512.raw,478220,,133.98868956908183,90.68508735357665,-29.36526131172333
D005_Pnative.mesh_512.raw,478337,,134.04052265935874,93.35133196757813,-32.14614279589947
D005_Pnative.mesh_512.raw,478951,,133.82308728719687,100.84629316811258,-30.057645423642285
D005_Pnative.mesh_512.raw,479063,,133.86640915089168,92.28392541374892,-32.10137619690503
D005_Pnative.mesh_512.raw,479566,,133.7914120577031,106.03853369633512,-29.60216910691898
D005_Pnative.mesh_512.raw,479891,,134.16856129654508,106.44233744203302,-29.398671065811374
D005_Pnative.mesh_512.raw,480208,,133.82172988951092,103.10127425119043,-29.12223643251383
D005_Pnative.mesh_512.raw,480453,,134.0312729070074,106.05753889188864,-29.515441348296207
D005_Pnative.mesh_512.raw,480523,,133.94899986260177,110.04372649594899,-28.997121368908275
D005_Pnative.mesh_512.raw,480719,,134.1303150169594,109.82132245683933,-29.358593623833713
D005_Pnative.mesh_512.raw,480838,,134.15160532988517,108.67903831429106,-30.263471568712166
D005_Pnative.mesh_512.raw,482128,,133.88536410301538,97.49490737269991,-32.21263338472285
D005_Pnative.mesh_512.raw,482313,,133.83122549467174,97.2427830828108,-32.26938519311155
D005_Pnative.mesh_512.raw,482655,,134.1908768168881,90.20539310422069,-29.462604510505756
D005_Pnative.mesh_512.raw,482977,,133.79052749434243,110.115343866286,-28.899231030986478
D005_Pnative.mesh_512.raw,483023,,134.21937153371357,105.40608488035777,-30.045139860948275
D005_Pnative.mesh_512.raw,483256,,134.0909485590654,105.01647680192457,-30.245543996978114
D005_Pnative.mesh_512.raw,483352,,134.12214847470528,92.9179139867862,-29.373498604894074
D005_Pnative.mesh_512.raw,483471,,133.8339766881932,107.00606251515234,-29.108338541243764
D005_Pnative.mesh_512.raw,483475,,134.14502732719887,97.50957239976367,-32.379741181128594
D005_Pnative.mesh_512.raw,483694,,133.8716857046615,99.61032426799417,-31.712031806394798
D005_Pnative.mesh_512.raw,483798,,134.20754131872388,99.77996451834778,-29.30139834116148
D005_Pnative.mesh_512.raw,484248,,133.96943498657203,97.47835444842241,-29.942686240501438
D005_Pnative.mesh_512.raw,484921,,133.95319033177915,92.38486791753759,-32.170315189243055
D005_Pnative.mesh_512.raw,485409,,134.2382712210566,103.22206046290388,-29.07105355776499
D005_Pnative.mesh_512.raw,485516,,134.13671474710566,111.26922504850158,-28.722525571185482
D005_Pnative.mesh_512.raw,485721,,133.75843305322798,96.3932128955218,-29.312606506131537
D005_Pnative.mesh_512.raw,485827,,133.85086860741754,98.26844760768782,-31.844087652215798
D005_Pnative.mesh_512.raw,486054,,133.76919606251036,111.98454592321858,-28.427450582377258
D005_Pnative.mesh_512.raw,486264,,133.9524575570145,90.0153746150283,-32.634477627326625
D005_Pnative.mesh_512.raw,486766,,133.7599982538492,97.53677623337047,-32.262691284455514
D005_Pnative.mesh_512.raw,487310,,133.86464026673087,94.8245598554003,-31.685884947644286
D005_Pnative.mesh_512.raw,487472,,133.8648701811206,95.84854081925165,-31.407272357720597
D005_Pnative.mesh_512.raw,487660,,134.18950037242647,93.19265725558961,-29.405502364572733
D005_Pnative.mesh_512.raw,487771,,133.9400826278378,101.86867370995002,-32.459558775252134
D005_Pnative.mesh_512.raw,488172,,134.1468727574324,93.28726982154305,-29.411249613221777
D005_Pnative.mesh_512.raw,488467,,133.80004687108178,96.39796132844955,-29.335489054090512
D005_Pnative.mesh_512.raw,489010,,133.83714000189778,98.66007456653952,-31.723718553072928
D005_Pnative.mesh_512.raw,489090,,134.0640505746342,99.77316846261229,-31.814300031195476
D005_Pnative.mesh_512.raw,489366,,134.2117764351399,99.4685905773635,-31.67717380604086
D005_Pnative.mesh_512.raw,489923,,133.8020205098342,103.11237956645249,-29.117137132618137
D005_Pnative.mesh_512.raw,489985,,133.88831765692302,92.69384945957079,-29.32740258516855
D005_Pnative.mesh_512.raw,490568,,134.11154571559717,101.59401037017986,-29.867332755675633
D005_Pnative.mesh_512.raw,490733,,134.24160577696972,108.85391614856462,-30.21472158486163
D005_Pnative.mesh_512.raw,490979,,134.09526419834867,100.57872567105976,-32.29861978810118
D005_Pnative.mesh_512.raw,491625,,133.76518762739624,99.80295671752243,-31.730466147065158
D005_Pnative.mesh_512.raw,491810,,134.20037878990635,91.49101118729095,-29.159184520941498
D005_Pnative.mesh_512.raw,491967,,134.0987773001675,99.01640619314365,-31.567414940216246
D005_Pnative.mesh_512.raw,492783,,133.8485252904357,94.68995873681972,-32.15344233635355
D005_Pnative.mesh_512.raw,492842,,133.93530987773497,109.98375270148382,-29.05268569277488
D005_Pnative.mesh_512.raw,493445,,133.83333538667543,95.1049353919463,-29.256122758360597
D005_Pnative.mesh_512.raw,493737,,133.98733449672767,107.10116814166568,-29.10174828672936
D005_Pnative.mesh_512.raw,493940,,133.87995245618959,97.67140775615931,-32.14118958465932
D005_Pnative.mesh_512.raw,494288,,133.93381418019965,92.17069167205432,-29.14808319948879
D005_Pnative.mesh_512.raw,494650,,134.06723993572948,92.7469729946428,-32.237800377010394
D005_Pnative.mesh_512.raw,495034,,134.15674374421252,96.20514734135261,-29.29860345729039
D005_Pnative.mesh_512.raw,495124,,133.93871910045618,107.0269625392956,-29.11106030852499
D005_Pnative.mesh_512.raw,495296,,133.92513345452468,98.92249698649883,-31.607322262537977
D005_Pnative.mesh_512.raw,495417,,134.16172020110056,94.39123491561054,-29.40794183242121
D005_Pnative.mesh_512.raw,495562,,133.77081103198958,97.76773892727923,-32.07873599052033
D005_Pnative.mesh_512.raw,495733,,133.93632160665544,92.61338937133874,-32.23692285162373
D005_Pnative.mesh_512.raw,495741,,133.9902553399177,95.10604326253348,-29.241127978874555
D005_Pnative.mesh_512.raw,495887,,134.24584022177342,94.84096907814464,-29.25604276734807
D005_Pnative.mesh_512.raw,496428,,134.2258534865654,90.15667036674988,-29.503325503218562
D005_Pnative.mesh_512.raw,496622,,134.10576921457553,98.71108493677622,-29.325335596301095
D005_Pnative.mesh_512.raw,496778,,133.82581315580768,92.60239202082184,-32.204725193832886
D005_Pnative.mesh_512.raw,497009,,134.0514976877369,104.56748536988037,-30.057783686258738
D005_Pnative.mesh_512.raw,497143,,133.88364078564717,94.40672027695535,-29.444475361859705
D005_Pnative.mesh_512.raw,497360,,134.11862986526478,107.23337491985053,-29.10916812244642
D005_Pnative.mesh_512.raw,497616,,134.2116758656672,110.10389446518002,-29.193327465113864
D005_Pnative.mesh_512.raw,497980,,134.24155905616615,105.98827468461445,-29.53494838562701
D005_Pnative.mesh_512.raw,498455,,133.87513065264687,111.04674266107347,-28.619739224980957
D005_Pnative.mesh_512.raw,499410,,133.75530949943825,104.54503113328516,-29.9264191017502
D005_Pnative.mesh_512.raw,499645,,134.05407298250014,97.45518108063405,-29.92294166520349
D005_Pnative.mesh_512.raw,499648,,133.92581052102668,104.45596884556826,-29.79521235522411
D005_Pnative.mesh_512.raw,499960,,133.9837015026543,104.47012537170448,-29.83312259847972
D005_Pnative.mesh_512.raw,500143,,133.8230472163697,97.97096123027943,-29.63614781998432
D005_Pnative.mesh_512.raw,500241,,134.18290363189035,93.03357918283871,-32.21109278230476
D005_Pnative.mesh_512.raw,500600,,134.00221283038303,97.59197175862494,-32.24577913223521
D005_Pnative.mesh_512.raw,500636,,133.7625649080686,103.07613769766911,-29.129335454812033
D005_Pnative.mesh_512.raw,500784,,134.01282404126187,97.7623203995973,-32.2053271259133
D005_Pnative.mesh_512.raw,501692,,133.82712933235254,94.723604187162,-32.12019847721876
D005_Pnative.mesh_512.raw,502088,,134.17342866420609,95.84264132702396,-29.217854403366964
D005_Pnative.mesh_512.raw,502358,,134.08264493979223,97.92749553673278,-32.031231413969344
D005_Pnative.mesh_512.raw,502395,,133.86150528386162,97.92187444083106,-29.66787249608727
D005_Pnative.mesh_512.raw,502623,,134.0750398601122,106.3403403128195,-29.42852433330343
D005_Pnative.mesh_512.raw,502680,,134.17012065451829,100.67039386416089,-32.353734238506966
D005_Pnative.mesh_512.raw,502712,,133.7691975230987,97.66942549500088,-29.898368873391618
D005_Pnative.mesh_512.raw,502993,,133.91575783880808,96.13300739232403,-32.53747563937667
D005_Pnative.mesh_512.raw,503324,,134.09203157291353,93.34881393278827,-29.494596077850225
D005_Pnative.mesh_512.raw,503326,,133.9348818563772,105.66846375213439,-29.875812348316853
D005_Pnative.mesh_512.raw,503442,,133.86236260964273,92.61128718549891,-32.214527679612154
D005_Pnative.mesh_512.raw,503573,,134.05477022727743,99.10720532817297,-31.5085258644159
D005_Pnative.mesh_512.raw,503604,,134.06529598667493,99.13149486060547,-31.490243245698732
D005_Pnative.mesh_512.raw,503867,,134.21990440904833,97.24243052907865,-30.011696548075257
D005_Pnative.mesh_512.raw,504041,,133.76162581082266,103.59785997688664,-29.163819682617557
D005_Pnative.mesh_512.raw,504258,,133.7679994997295,103.72324980290932,-29.17799431714915
D005_Pnative.mesh_512.raw,504870,,134.07909683867172,93.54908391845612,-32.11846608277436
D005_Pnative.mesh_512.raw,504928,,134.02061318594173,106.20581513389226,-29.46285530796389
D005_Pnative.mesh_512.raw,505018,,134.16075672953173,99.25772062887992,-29.258449310605357
D005_Pnative.mesh_512.raw,505083,,134.11665115514933,111.9768315544678,-28.7424189032422
D005_Pnative.mesh_512.raw,505143,,133.91327021891385,93.63717524997072,-32.055446367235355
D005_Pnative.mesh_512.raw,505236,,133.7761255451539,93.74705355078109,-32.08590213239367
D005_Pnative.mesh_512.raw,505253,,134.13266081002342,95.33286452809156,-29.186985989317986
D005_Pnative.mesh_512.raw,505757,,134.24362910211042,96.07932089721933,-31.901597808869603
D005_Pnative.mesh_512.raw,505911,,133.80797035650366,93.20405768054441,-29.48233747397897
D005_Pnative.mesh_512.raw,506136,,134.07859870608786,90.73103966947528,-29.35328337702265
D005_Pnative.mesh_512.raw,506337,,133.90068825997744,101.72419852730017,-29.87270512139273
D005_Pnative.mesh_512.raw,506448,,134.13798993924098,91.33130991842462,-29.217219751865663
D005_Pnative.mesh_512.raw,506980,,133.7954081044231,108.85718255670712,-29.917704895088068
D005_Pnative.mesh_512.raw,507117,,133.99671711564739,100.15330355800913,-29.29310012507245
D005_Pnative.mesh_512.raw,507131,,133.87680030277554,97.47694489986216,-29.967747343162355
D005_Pnative.mesh_512.raw,507363,,133.8779295671272,95.54336107322659,-31.35167855828872
D005_Pnative.mesh_512.raw,507395,,134.14963025313878,101.96833398463927,-29.557378772877865
D005_Pnative.mesh_512.raw,507416,,133.87828799879256,100.15212158220092,-29.224380988586507
D005_Pnative.mesh_512.raw,507511,,133.85462933504513,96.02840216858144,-29.201435428107608
D005_Pnative.mesh_512.raw,507582,,134.21286312383586,110.75177557154063,-28.791141953348458
D005_Pnative.mesh_512.raw,507604,,134.08056554732858,99.25976938837256,-31.562780301804743
D005_Pnative.mesh_512.raw,507832,,133.88452751626753,111.91123099001052,-28.541214928283896
D005_Pnative.mesh_512.raw,508064,,133.7540903321432,110.38141775416257,-28.71056699490925
D005_Pnative.mesh_512.raw,508837,,133.94750609499835,109.79634947295555,-29.316460167966042
D005_Pnative.mesh_512.raw,509032,,133.96968397706877,93.64804893453388,-32.06440922070881
D005_Pnative.mesh_512.raw,509067,,134.15552129048325,99.64854686948253,-31.797522663786943
D005_Pnative.mesh_512.raw,509957,,133.90000977713984,92.21656724065572,-29.167874335275716
D005_Pnative.mesh_512.raw,510027,,133.82116201742411,108.95218942791755,-29.900382989040168
D005_Pnative.mesh_512.raw,510235,,133.84948047915134,102.50506787082689,-29.13087432648187
D005_Pnative.mesh_512.raw,510725,,134.04769227481353,95.49792565410746,-31.343299930673886
D005_Pnative.mesh_512.raw,510800,,133.99682184993378,103.6534839568612,-29.19146252449223
D005_Pnative.mesh_512.raw,511168,,134.0757389004387,97.57884072454588,-29.870917723940167
D005_Pnative.mesh_512.raw,511647,,133.75738417930182,109.85214617673404,-29.128206894199806
D005_Pnative.mesh_512.raw,512030,,134.2243742501072,91.99975582445032,-32.052750075462356
D005_Pnative.mesh_512.raw,512341,,134.04570324461218,104.37949315831088,-29.609784367589704
D005_Pnative.mesh_512.raw,512398,,133.95602475316434,107.91443708714182,-29.33399024194347
D005_Pnative.mesh_512.raw,512623,,133.8543049659972,102.25030301769964,-29.455353759493214
D005_Pnative.mesh_512.raw,512823,,133.88964589185966,95.70912964644374,-29.195848063309793
D005_Pnative.mesh_512.raw,512849,,134.1513512515921,99.5607819094869,-29.238979654659786
D005_Pnative.mesh_512.raw,513261,,133.91090400690575,101.50125418433274,-30.02466505132235
D005_Pnative.mesh_512.raw,513442,,133.84083997010933,111.21718905924305,-28.651888424828087
D005_Pnative.mesh_512.raw,513559,,133.81514184717767,96.98273777993666,-29.932461027805246
D005_Pnative.mesh_512.raw,513969,,134.2222981086437,100.59589818735367,-29.923570262219997
D005_Pnative.mesh_512.raw,514067,,133.8926095697766,93.36730973739766,-32.092797138614024
D005_Pnative.mesh_512.raw,514364,,133.7556625307388,106.3937887963145,-29.352487694106593
D005_Pnative.mesh_512.raw,514772,,133.78432316796628,105.71669403096472,-29.880845496959704
D005_Pnative.mesh_512.raw,514900,,134.10348716432992,111.75247953558447,-28.817643933655603
D005_Pnative.mesh_512.raw,514901,,134.20015596238213,92.09510124154238,-29.150661863593825
D005_Pnative.mesh_512.raw,514907,,133.9157500040355,90.96699475737078,-32.1814307344034
D005_Pnative.mesh_512.raw,515199,,133.92509838329752,90.16912780462519,-29.476454820134496
D005_Pnative.mesh_512.raw,515616,,133.90669800596945,107.1675680735376,-29.06474140064733
D005_Pnative.mesh_512.raw,515788,,134.0960543649047,107.4807963601578,-29.10701051434605
D005_Pnative.mesh_512.raw,516180,,133.8529583858729,108.34820879083041,-29.71299861875773
D005_Pnative.mesh_512.raw,516457,,133.82806746982092,106.19207043681972,-29.48923666662963
D005_Pnative.mesh_512.raw,516535,,133.85852715452432,100.41579956643884,-32.201454604619315
D005_Pnative.mesh_512.raw,516795,,134.05170879287903,92.18929034583742,-29.165375528261706
D005_Pnative.mesh_512.raw,516886,,134.01386637894032,99.52788843660295,-29.237907435666862
D005_Pnative.mesh_512.raw,517008,,134.11409468098753,100.49222742914986,-32.27033104341451
D005_Pnative.mesh_512.raw,517044,,133.935732907126,96.18586480798855,-29.254009820032557
D005_Pnative.mesh_512.raw,517161,,134.16601155887483,104.1054400258326,-29.465499576739813
D005_Pnative.mesh_512.raw,517274,,133.93844365696197,107.13850326437841,-29.076520439066382
D005_Pnative.mesh_512.raw,517411,,134.19268217274168,91.70495927790535,-29.150984814913976
D005_Pnative.mesh_512.raw,517602,,133.96370913652018,107.09715992007155,-29.096320584610734
D005_Pnative.mesh_512.raw,517753,,134.13054784804075,92.48544045000155,-32.24016501285157
D005_Pnative.mesh_512.raw,517987,,134.15388221226408,103.90533763782534,-29.306801924207956
D005_Pnative.mesh_512.raw,518108,,133.78310983415946,101.33631955805878,-30.13149531898962
D005_Pnative.mesh_512.raw,518484,,134.24160954732437,104.57274315485743,-30.04963497377244
D005_Pnative.mesh_512.raw,518952,,134.10158144616906,110.38216870690002,-28.913595966381333
D005_Pnative.mesh_512.raw,519046,,134.15989564688107,111.15796875715239,-28.71044227438777
D005_Pnative.mesh_512.raw,519218,,134.15092297965572,93.45372441903831,-29.523988466342388
D005_Pnative.mesh_512.raw,519565,,134.1748693571236,104.49071780907016,-29.860992625567555
D005_Pnative.mesh_512.raw,519621,,133.8597396861179,94.72916173396418,-32.117995947758274
D005_Pnative.mesh_512.raw,519978,,133.7808046481893,98.7800685974403,-31.66682598537313
D005_Pnative.mesh_512.raw,520280,,134.07614930009237,104.03979580725948,-29.407791322709386
D005_Pnative.mesh_512.raw,520317,,133.88067210847163,97.2296584007224,-30.057946025636525
D005_Pnative.mesh_512.raw,520534,,133.92586407900956,103.10952241426025,-29.093872880155534
D005_Pnative.mesh_512.raw,521695,,134.23015109631672,104.2254551427216,-29.584865246164284
D005_Pnative.mesh_512.raw,522235,,134.22364980706433,96.36466760320278,-29.422281038146338
D005_Pnative.mesh_512.raw,522349,,133.83235244049405,111.24181715515168,-28.65409730827615
D005_Pnative.mesh_512.raw,523285,,133.7592044514143,98.40584854618507,-31.798361402644094
D005_Pnative.mesh_512.raw,523311,,134.20170399248195,90.38717327640408,-32.56743521504755
D005_Pnative.mesh_512.raw,523331,,133.97532760107723,95.5432563909309,-31.33206411757061
D005_Pnative.mesh_512.raw,523381,,134.20404998718996,100.69883778033254,-32.38097926932171
D005_Pnative.mesh_512.raw,524446,,133.7585796964592,106.65761874584794,-29.217584309217116
D005_Pnative.mesh_512.raw,524575,,134.02312324483677,100.5053394051348,-32.2619674803266
D005_Pnative.mesh_512.raw,525011,,133.81683112169424,94.15978564135146,-32.11669968031096
D005_Pnative.mesh_512.raw,525198,,134.1513974899509,99.60176504811281,-31.7657570178924
D005_Pnative.mesh_512.raw,526013,,134.23355913117055,90.60573388183836,-29.333771918968743
D005_Pnative.mesh_512.raw,526105,,133.96168966491894,109.2337736735816,-29.7495256401062
D005_Pnative.mesh_512.raw,526160,,134.1927359763487,93.12752241126469,-30.01765020317945
D005_Pnative.mesh_512.raw,526473,,134.09017624343704,98.1833641008897,-29.464632382733136
D005_Pnative.mesh_512.raw,526702,,134.17112599260142,108.62878155208844,-30.248167653311704
D005_Pnative.mesh_512.raw,526776,,134.09192033284756,110.3739320603202,-28.910485237078333
D005_Pnative.mesh_512.raw,526811,,134.1316395694736,97.43111972554843,-32.24856044414207
D005_Pnative.mesh_512.raw,527934,,134.00553422569735,109.6094780927614,-29.508056589150176
D005_Pnative.mesh_512.raw,527963,,133.97723739920204,102.15415642704468,-29.512603546771203
D005_Pnative.mesh_512.raw,528307,,134.08266732603505,110.3060428802992,-28.931782384805203
D005_Pnative.mesh_512.raw,529661,,134.02740186518025,92.69506458346405,-32.239463184406
D005_Pnative.mesh_512.raw,530508,,133.90410479917594,100.0677489592486,-31.98380415711233
D005_Pnative.mesh_512.raw,530710,,133.83982375436403,102.13301481294828,-29.565118718338212
D005_Pnative.mesh_512.raw,530885,,133.8993217016246,97.49565671282856,-29.955737500212734
D005_Pnative.mesh_512.raw,531018,,134.24553092417906,95.14038332963285,-31.378792395541144
D005_Pnative.mesh_512.raw,531133,,134.1168195971686,98.7040119402175,-29.3254796391222
D005_Pnative.mesh_512.raw,531504,,134.19759415069842,91.43943175777544,-29.176646005386985
D005_Pnative.mesh_512.raw,531612,,134.0985696320975,95.91575185002011,-31.485345154166126
D005_Pnative.mesh_512.raw,531949,,134.23203163247325,95.63640946995784,-29.14907182823034
D005_Pnative.mesh_512.raw,532832,,134.16758083719995,109.42333024403761,-29.742102437977397
D005_Pnative.mesh_512.raw,533020,,133.9465276799743,93.34902402915937,-32.10459271241335
D005_Pnative.mesh_512.raw,533862,,133.9465596414926,104.53249423502479,-29.997346521929956
D005_Pnative.mesh_512.raw,534267,,133.91651612939265,107.22284126911846,-29.05165166456653
D005_Pnative.mesh_512.raw,534488,,133.99881871438296,91.01174911185606,-29.324673343240477
D005_Pnative.mesh_512.raw,534509,,133.8458887542264,98.27546500866814,-29.45690090021709
D005_Pnative.mesh_512.raw,534563,,133.94851884420927,108.67934518292209,-30.1794604607149
D005_Pnative.mesh_512.raw,534619,,133.900635032465,97.91221948208437,-32.01361465983738
D005_Pnative.mesh_512.raw,534899,,133.84055880139,94.41230916355066,-32.20732465397723
D005_Pnative.mesh_512.raw,535394,,133.77103165401678,108.78197778413872,-29.942398138241593
D005_Pnative.mesh_512.raw,536392,,133.87670617307919,95.17854298201262,-31.311977192486857
D005_Pnative.mesh_512.raw,536483,,133.7855073525592,110.06521707941617,-28.93205892117645
D005_Pnative.mesh_512.raw,536559,,133.76894727279145,99.29158881653495,-31.564398824949592
D005_Pnative.mesh_512.raw,537212,,133.9343266211348,96.24979068594358,-32.34902794471796
D005_Pnative.mesh_512.raw,537214,,133.90007506483101,96.47048726377272,-29.43240738756724
D005_Pnative.mesh_512.raw,537282,,134.10489290635343,92.08425728186333,-29.13493398227012
D005_Pnative.mesh_512.raw,537889,,133.8471332508404,91.60349269853238,-29.161354830475453
D005_Pnative.mesh_512.raw,538190,,133.9337887749658,94.83147324148504,-31.67554336737816
D005_Pnative.mesh_512.raw,538898,,133.7667267768798,94.48347906717997,-29.41806149271982
D005_Pnative.mesh_512.raw,539370,,133.86484348866202,90.09798276909797,-32.59364247772972
D005_Pnative.mesh_512.raw,540313,,134.1044565095379,104.082344508319,-29.436743035139457
D005_Pnative.mesh_512.raw,541206,,134.09486452266447,97.66037274327653,-29.814630590423974
D005_Pnative.mesh_512.raw,541639,,133.78385778890956,94.98961135968115,-29.284279615532572
D005_Pnative.mesh_512.raw,541796,,133.89381817460537,99.0391839928182,-31.55026344813493
D005_Pnative.mesh_512.raw,541948,,133.8323177432692,94.02544956154972,-32.083642496546275
D005_Pnative.mesh_512.raw,542057,,133.97314482924085,107.86883322594034,-29.278110862358105
D005_Pnative.mesh_512.raw,542152,,133.9399911231282,104.54434172382506,-30.02521947664046
D005_Pnative.mesh_512.raw,542894,,134.16400364161325,96.76067739658608,-29.8260000430071
D005_Pnative.mesh_512.raw,542964,,134.23436353196982,95.68646892754698,-29.163386924347627
D005_Pnative.mesh_512.raw,542968,,133.95068502690157,98.82233036107802,-31.656332591898106
D005_Pnative.mesh_512.raw,543169,,133.80672672904905,96.23348603751057,-31.586887154163772
D005_Pnative.mesh_512.raw,543559,,133.8239219820382,90.39713410849882,-29.438088392442534
D005_Pnative.mesh_512.raw,543684,,133.9411194041879,93.2523197249353,-29.507847164617743
D005_Pnative.mesh_512.raw,543723,,133.84249002593802,95.2755050879202,-31.341131790671554
D0005_Pnative.mesh_512.raw,382,,133.8423444464466,101.70054783521303,-29.967730062366275
D0005_Pnative.mesh_512.raw,390,,134.17516290498227,90.94307076230155,-29.052179507301013
D0005_Pnative.mesh_512.raw,415,,133.96605091107077,91.34783332216882,-28.84114371627842
D0005_Pnative.mesh_512.raw,1586,,133.8220073183871,92.83440460900577,-29.584373591868786
D0005_Pnative.mesh_512.raw,1765,,134.0506881678163,104.14738008019499,-29.39159527149263
D0005_Pnative.mesh_512.raw,2176,,134.15651300427618,99.40567879657713,-28.75482039718977
D0005_Pnative.mesh_512.raw,2381,,133.7867251023531,91.40825532389523,-28.84434878767959
D0005_Pnative.mesh_512.raw,2428,,133.77372592538381,92.52483035223753,-29.007494024537877
D0005_Pnative.mesh_512.raw,2563,,133.9347686148293,100.23477591592216,-29.09601264428895
D0005_Pnative.mesh_512.raw,2856,,133.96310849958633,94.67680526916374,-29.128206086830723
D0005_Pnative.mesh_512.raw,2913,,134.04490907260603,91.32708024669596,-28.834970445823643
D0005_Pnative.mesh_512.raw,3383,,133.8236246014893,101.74033844170295,-29.94150804861691
D0005_Pnative.mesh_512.raw,3779,,133.8796345795913,111.16436449408673,-28.72863053707249
D0005_Pnative.mesh_512.raw,4064,,133.80792895668935,106.93133244959435,-29.112216177758214
D0005_Pnative.mesh_512.raw,4076,,134.1150561132364,104.65709003676511,-30.277407559956885
D0005_Pnative.mesh_512.raw,4283,,134.24489704855114,99.33908553787282,-28.765457295079052
D0005_Pnative.mesh_512.raw,4400,,134.0190236197592,90.0021691035063,-29.819148893378035
D0005_Pnative.mesh_512.raw,4587,,133.822584354002,103.80615315655223,-28.875860593070506
D0005_Pnative.mesh_512.raw,4733,,134.0444665958532,106.01627623102057,-29.660887115743826
D0005_Pnative.mesh_512.raw,4867,,134.01171679066124,94.60274295157676,-29.18982157349115
D0005_Pnative.mesh_512.raw,5004,,133.87529293654907,92.25690442807921,-28.741895188076768
D0005_Pnative.mesh_512.raw,6228,,133.96408654681437,101.9321590146774,-29.741643483883117
D0005_Pnative.mesh_512.raw,6405,,133.76354768738173,93.12808054177478,-29.957126975225542
D0005_Pnative.mesh_512.raw,6426,,133.98536594431044,97.77998002818893,-29.799998644050493
D0005_Pnative.mesh_512.raw,6703,,134.04191770238077,104.34908462536532,-29.61719715894102
D0005_Pnative.mesh_512.raw,6785,,133.972280745745,101.97959078798183,-29.70070126492474
D0005_Pnative.mesh_512.raw,6906,,133.77180401792987,105.4397893864841,-30.173560443238756
D0005_Pnative.mesh_512.raw,7008,,134.07580977004272,108.9152482530271,-30.285424356121112
D0005_Pnative.mesh_512.raw,7602,,134.10999321812972,103.05541607681081,-29.06633653048962
D0005_Pnative.mesh_512.raw,7792,,133.99135313793502,92.03137828428926,-28.563553944786808
D0005_Pnative.mesh_512.raw,8117,,134.19737854704567,99.52643735225622,-28.710739777870245
D0005_Pnative.mesh_512.raw,8411,,134.00096163373036,100.49688315983451,-29.710205358990095
D0005_Pnative.mesh_512.raw,8441,,134.00718157204147,111.23924155240977,-28.78527142869227
D0005_Pnative.mesh_512.raw,9538,,133.97749795780632,97.5089337564941,-29.973531984394718
D0005_Pnative.mesh_512.raw,9590,,134.2308214207895,111.88686539642362,-28.96137859676847
D0005_Pnative.mesh_512.raw,9691,,134.10194960697547,96.51351794358264,-29.48658671572275
D0005_Pnative.mesh_512.raw,9906,,134.0865929161856,101.77085565911175,-29.83211241544955
D0005_Pnative.mesh_512.raw,10008,,133.9061618768528,109.29415635567862,-30.02617433542683
D0005_Pnative.mesh_512.raw,10019,,133.75232112821783,109.95811348542097,-29.320526880409247
D0005_Pnative.mesh_512.raw,10105,,134.18227889189447,94.84302286433089,-28.970315458927544
D0005_Pnative.mesh_512.raw,10107,,134.062257485435,100.19130892885474,-29.116840992633414
D0005_Pnative.mesh_512.raw,10391,,134.14456031599858,95.60310911055657,-28.50738502900803
D0005_Pnative.mesh_512.raw,10797,,133.95930854111327,106.34719293995028,-29.433452763877757
D0005_Pnative.mesh_512.raw,10971,,134.0092567355327,97.5454892594376,-29.951124930343592
D0005_Pnative.mesh_512.raw,11096,,134.13780874980677,99.84002896428606,-28.783319200979214
D0005_Pnative.mesh_512.raw,11157,,133.94372695624327,103.77226784956832,-28.96324756803384
D0005_Pnative.mesh_512.raw,11221,,134.2287905104097,111.37157184999593,-28.780479663344078
D0005_Pnative.mesh_512.raw,12448,,134.14326213559875,110.75615918534527,-28.907405106467138
D0005_Pnative.mesh_512.raw,12546,,133.94296668325214,93.90714720746783,-29.695197287483726
D0005_Pnative.mesh_512.raw,12552,,133.95906540201955,91.5066297440163,-28.749922755793527
D0005_Pnative.mesh_512.raw,12634,,133.80245008819617,96.29867481632728,-28.805933983380886
D0005_Pnative.mesh_512.raw,12762,,133.76864660137306,109.35809357785358,-29.903677918940616
D0005_Pnative.mesh_512.raw,12789,,133.90927358227532,106.31861360603452,-29.462917599688655
D0005_Pnative.mesh_512.raw,13163,,133.86822616719905,100.67862359715433,-30.02812122727215
D0005_Pnative.mesh_512.raw,13178,,134.20414346123903,90.23371256822256,-29.572141236306344
D0005_Pnative.mesh_512.raw,13468,,133.88677857783009,110.9010914971293,-28.790528996407204
D0005_Pnative.mesh_512.raw,13917,,133.87742407317458,93.51615893771388,-29.94587545324903
D0005_Pnative.mesh_512.raw,14124,,134.12272106850526,92.98469843158242,-30.01439731443245
D0005_Pnative.mesh_512.raw,14519,,134.06149683075242,90.33689521187495,-29.540883544212303
D0005_Pnative.mesh_512.raw,14622,,134.23385408231417,92.11572204047985,-28.663647396903905
D0005_Pnative.mesh_512.raw,14857,,133.80359042238555,92.75360742955692,-29.42605471467863
D0005_Pnative.mesh_512.raw,15253,,134.24874991602692,107.26516621349631,-28.964425502893924
D0005_Pnative.mesh_512.raw,16333,,134.09313603612173,103.12763510790903,-29.024033596274457
D0005_Pnative.mesh_512.raw,16344,,134.05521612257536,104.00628645190474,-29.265456168886832
D0005_Pnative.mesh_512.raw,16446,,133.85997065601453,110.61235662347848,-28.890184962708574
D0005_Pnative.mesh_512.raw,16531,,133.94263213099288,108.06754038657233,-29.574473025931244
D0005_Pnative.mesh_512.raw,16535,,134.0438567994533,98.19634854093184,-29.435398425976867
D0005_Pnative.mesh_512.raw,16921,,133.93003924913626,109.17057996226482,-30.128162943382844
D0005_Pnative.mesh_512.raw,16994,,134.18905817379115,111.57341862682324,-28.82992435839771
D0005_Pnative.mesh_512.raw,17234,,133.88353933408945,102.46731267357183,-29.391059010619422
D0005_Pnative.mesh_512.raw,17840,,133.83820672039536,90.54903391175043,-29.443397022652007
D0005_Pnative.mesh_512.raw,17890,,134.22014640755717,100.69987874429695,-30.14382445160868
D0005_Pnative.mesh_512.raw,18045,,134.21113258887877,108.36921394322727,-30.15439138833949
D0005_Pnative.mesh_512.raw,18319,,134.15969006870955,111.99760976888436,-28.708718344974656
D0005_Pnative.mesh_512.raw,18519,,133.79669049974925,95.00267195162499,-28.873952102248232
D0005_Pnative.mesh_512.raw,19306,,134.04219329300872,100.17346983867806,-29.07495981561756
D0005_Pnative.mesh_512.raw,19562,,133.87587246089612,95.04704582749484,-28.814737406781305
D0005_Pnative.mesh_512.raw,19638,,134.2302408881445,103.41286458285107,-28.90786107648274
D0005_Pnative.mesh_512.raw,19927,,133.9952229499129,107.36353348181068,-28.971927265856955
D0005_Pnative.mesh_512.raw,20258,,134.13937758292275,104.82204987352651,-30.27016658597784
D0005_Pnative.mesh_512.raw,20283,,133.76697641854332,91.2951479580591,-28.914661645981095
D0005_Pnative.mesh_512.raw,20610,,134.05726657512216,96.4886764153598,-29.42827603937795
D0005_Pnative.mesh_512.raw,20612,,133.99586617268767,100.27973590901522,-29.226796715346495
D0005_Pnative.mesh_512.raw,20941,,133.8021815296619,110.82699109271134,-28.72086641053742
D0005_Pnative.mesh_512.raw,21063,,134.02580103586988,92.52971441649098,-29.24679567955301
D0005_Pnative.mesh_512.raw,21164,,133.92389035226327,108.82129863322429,-30.344513435576708
D0005_Pnative.mesh_512.raw,21973,,134.04432442759412,100.71811613134929,-30.075985746730087
D0005_Pnative.mesh_512.raw,22322,,133.7919572062879,109.28201647456956,-29.972703968983613
D0005_Pnative.mesh_512.raw,22577,,134.1978649932373,104.60720840227103,-30.22843662976615
D0005_Pnative.mesh_512.raw,22652,,133.84736900651805,94.21194542815641,-29.476706877864626
D0005_Pnative.mesh_512.raw,22867,,133.906933359527,110.20157033311973,-29.254748474153885
D0005_Pnative.mesh_512.raw,23005,,133.9972450832109,100.07854919327254,-28.913884276674185
D0005_Pnative.mesh_512.raw,23039,,134.13727973693835,104.8074686840428,-30.273965754498057
D0005_Pnative.mesh_512.raw,23335,,133.859742783194,94.04323948003892,-29.596348195017736
D0005_Pnative.mesh_512.raw,23509,,133.75145600657774,100.36425872302345,-29.2823377442931
D0005_Pnative.mesh_512.raw,23642,,133.80306951163664,102.4793110144588,-29.404558821256895
D0005_Pnative.mesh_512.raw,23708,,134.09409957998548,100.03196784791987,-28.93316642561176
D0005_Pnative.mesh_512.raw,23718,,134.1437389422211,94.63447662625552,-29.15630019506585
D0005_Pnative.mesh_512.raw,23860,,134.0748291211624,102.46488129156592,-29.340836568346315
D0005_Pnative.mesh_512.raw,24039,,133.8102218409771,94.30688454287629,-29.42035431811543
D0005_Pnative.mesh_512.raw,24301,,133.7948218933809,108.71842932477239,-30.284196632631776
D0005_Pnative.mesh_512.raw,24403,,134.04306738952036,107.80631762492447,-29.145865654011395
D0005_Pnative.mesh_512.raw,24417,,133.96904694886746,95.27770510116993,-28.680078846766747
D0005_Pnative.mesh_512.raw,24553,,133.98387611634598,96.7932725577414,-29.80664367801853
D0005_Pnative.mesh_512.raw,24750,,133.9891114881993,92.44606351227823,-29.07509008311901
D0005_Pnative.mesh_512.raw,26269,,134.08295018090232,104.64809250160177,-30.25918373787053
D0005_Pnative.mesh_512.raw,26324,,133.94488041813014,102.26277675456302,-29.50166042111939
D0005_Pnative.mesh_512.raw,26427,,134.05247344710932,103.48687485430976,-28.872144938961824
D0005_Pnative.mesh_512.raw,26756,,133.83879436791196,99.59560964783586,-28.702472040651895
D0005_Pnative.mesh_512.raw,26884,,133.92832797414292,104.05406989285518,-29.22248412362867
D0005_Pnative.mesh_512.raw,27117,,134.04409943100546,108.37051010712499,-29.954326870218992
D0005_Pnative.mesh_512.raw,27625,,133.95339037412674,93.83749053738009,-29.751579704594967
D0005_Pnative.mesh_512.raw,28428,,134.22679462103162,91.05668894127157,-28.952265129432526
D0005_Pnative.mesh_512.raw,28966,,134.14255671709466,100.2856003167861,-29.35302546659864
D0005_Pnative.mesh_512.raw,29562,,133.9874927285418,100.5779243987864,-29.929682468974498
D0005_Pnative.mesh_512.raw,29711,,134.13571637718525,107.93288854988154,-29.428289444561194
D0005_Pnative.mesh_512.raw,30223,,133.7767234384212,94.36814078931988,-29.38590620073039
D0005_Pnative.mesh_512.raw,30234,,134.18385747074703,99.94269246838795,-28.884091901706242
D0005_Pnative.mesh_512.raw,30260,,134.06672223177696,99.93236957145783,-28.834166073588154
D0005_Pnative.mesh_512.raw,30296,,134.08113085178869,90.61871780639787,-29.323850816017853
D0005_Pnative.mesh_512.raw,30390,,134.01354678072045,95.91994591867731,-28.644895134429206
D0005_Pnative.mesh_512.raw,30448,,134.0684544062375,110.76690463795042,-28.890318862222948
D0005_Pnative.mesh_512.raw,30568,,133.75677252232873,98.8829260697429,-29.030902555296418
D0005_Pnative.mesh_512.raw,30896,,133.86206309124003,101.36864302830537,-30.157760789838054
D0005_Pnative.mesh_512.raw,31010,,133.84585483420062,106.7420022516653,-29.188860932898372
D0005_Pnative.mesh_512.raw,31688,,134.04082364511368,91.12058266133855,-28.95665069522028
D0005_Pnative.mesh_512.raw,31759,,134.0843656968294,99.7478194427148,-28.734783732718817
D0005_Pnative.mesh_512.raw,32108,,133.8008340351223,98.18889111446435,-29.519567210530948
D0005_Pnative.mesh_512.raw,32530,,133.75589737422473,92.0692979179763,-28.558448869007705
D0005_Pnative.mesh_512.raw,32693,,134.1024950245641,98.81392322440479,-28.998332524748285
D0005_Pnative.mesh_512.raw,32839,,133.88863431923218,110.95507779586575,-28.781991161832362
D0005_Pnative.mesh_512.raw,33438,,133.9759727292054,98.55454842977637,-29.178550339916292
D0005_Pnative.mesh_512.raw,34062,,134.09481696013785,94.97749284220993,-28.849537764091096
D0005_Pnative.mesh_512.raw,34079,,134.2073174144043,107.80366725363977,-29.21440401245091
D0005_Pnative.mesh_512.raw,34164,,134.05371982559916,104.32278910856095,-29.59555705872045
D0005_Pnative.mesh_512.raw,34428,,134.0217452482094,92.74580841801988,-29.581959137492298
D0005_Pnative.mesh_512.raw,34490,,133.823223851082,97.32987567378092,-30.079985303719162
D0005_Pnative.mesh_512.raw,34645,,134.02113506042792,96.38576626311156,-29.080481632399785
D0005_Pnative.mesh_512.raw,34663,,133.99073507838685,106.28164379696466,-29.47167318372253
D0005_Pnative.mesh_512.raw,35195,,133.886541924385,92.14988152169586,-28.61240756202536
D0005_Pnative.mesh_512.raw,35244,,133.81937573526983,99.7237671342558,-28.734872438787967
D0005_Pnative.mesh_512.raw,35750,,133.96276687505332,94.59357683084413,-29.20000794864669
D0005_Pnative.mesh_512.raw,36051,,133.88460482235823,106.70055005146995,-29.202895357786492
D0005_Pnative.mesh_512.raw,36254,,133.88319895726409,92.51906081316359,-29.109644067284158
D0005_Pnative.mesh_512.raw,36297,,133.81053491105007,97.87768207666062,-29.78108498738411
D0005_Pnative.mesh_512.raw,36303,,134.22022767405645,93.53629727599568,-29.930971795926766
D0005_Pnative.mesh_512.raw,36792,,134.0181273542353,91.51778168923059,-28.730746787821598
D0005_Pnative.mesh_512.raw,36901,,134.1989167674992,108.68218374579956,-30.403663367673232
D0005_Pnative.mesh_512.raw,36917,,133.92106474061217,101.18859569211156,-30.23793234807441
D0005_Pnative.mesh_512.raw,37065,,133.81379229391217,111.86643812501015,-28.384153470774024
D0005_Pnative.mesh_512.raw,37194,,133.92631891824402,106.6628914746805,-29.223977789333333
D0005_Pnative.mesh_512.raw,37365,,133.8701576854098,96.47266636594023,-29.172316409986287
D0005_Pnative.mesh_512.raw,37736,,133.94738171852862,105.4867052634264,-30.100956544097922
D0005_Pnative.mesh_512.raw,37745,,134.0486250812607,93.82038325757956,-29.750748230836145
D0005_Pnative.mesh_512.raw,38161,,134.24341131619457,96.17602497547645,-28.905264488747413
D0005_Pnative.mesh_512.raw,38260,,133.88550835805947,92.5089953560095,-29.09447137735946
D0005_Pnative.mesh_512.raw,38405,,134.1460187185355,91.13949867804166,-28.921170219537135
D0005_Pnative.mesh_512.raw,38741,,133.75212686184636,99.9006567941251,-28.83565941799896
D0005_Pnative.mesh_512.raw,38966,,134.1478205408064,90.5885765148694,-29.329726286952656
D0005_Pnative.mesh_512.raw,39181,,133.83831697738978,92.50522541286924,-29.03952733771714
D0005_Pnative.mesh_512.raw,39221,,134.04171459492574,103.7485923839159,-28.933330495350084
D0005_Pnative.mesh_512.raw,39616,,133.94534896852664,107.53589687934718,-28.96017425412801
D0005_Pnative.mesh_512.raw,39631,,133.95639483799573,91.21353801048033,-28.92190307567504
D0005_Pnative.mesh_512.raw,39930,,134.08859787698202,107.08736873139729,-29.023184691862134
D0005_Pnative.mesh_512.raw,40325,,133.943467550255,100.11405802823579,-28.933912878387858
D0005_Pnative.mesh_512.raw,40330,,134.1308863947706,90.09440350207146,-29.707994933443963
D0005_Pnative.mesh_512.raw,40647,,134.05885384043296,96.33361793441244,-28.993681129602123
D0005_Pnative.mesh_512.raw,40738,,133.8308157409551,90.19790456937743,-29.723443839285167
D0005_Pnative.mesh_512.raw,40832,,133.8208014584877,108.30117702820426,-29.732621566143372
D0005_Pnative.mesh_512.raw,40954,,134.17963064678128,94.73448477866035,-29.06826962783006
D0005_Pnative.mesh_512.raw,41297,,134.18473701998727,100.45071944005801,-29.785763818505046
D0005_Pnative.mesh_512.raw,41528,,133.99352176719347,94.5424922075751,-29.22212913783433
D0005_Pnative.mesh_512.raw,42292,,134.12697400874742,96.44471980294054,-29.378202258968262
D0005_Pnative.mesh_512.raw,42527,,134.02189349600155,102.44897558418467,-29.365223179281404
D0005_Pnative.mesh_512.raw,42891,,134.08906747515329,109.17319455997404,-30.119855919247478
D0005_Pnative.mesh_512.raw,43947,,134.13806596450542,110.14588661397809,-29.316575871644897
D0005_Pnative.mesh_512.raw,44152,,134.04278397325078,102.95990761725703,-29.108427040135652
D0005_Pnative.mesh_512.raw,44688,,134.1981172444759,104.47210989302413,-30.00175505192121
D0005_Pnative.mesh_512.raw,44746,,134.10766486619622,100.42444118137911,-29.6285998946777
D0005_Pnative.mesh_512.raw,45384,,133.87233720904808,91.79953391605997,-28.647507570457357
D0005_Pnative.mesh_512.raw,45403,,134.14723768428192,107.89593735371263,-29.358084844943008
D0005_Pnative.mesh_512.raw,45608,,133.8871262153974,94.85162558170057,-28.989442806681478
D0005_Pnative.mesh_512.raw,45737,,134.15420508159738,96.34725851756846,-29.15869500364105
D0005_Pnative.mesh_512.raw,46278,,133.79095377857828,102.08107673086852,-29.67680058977705
D0005_Pnative.mesh_512.raw,46597,,134.2183949966398,107.33900321618783,-28.959958317966574
D0005_Pnative.mesh_512.raw,46976,,133.83756835947653,104.93626356654471,-30.247136525188868
D0005_Pnative.mesh_512.raw,47147,,134.12043800400994,92.4394445326606,-29.144020187831224
D0005_Pnative.mesh_512.raw,47456,,134.04315197872273,101.29886556461409,-30.151672954255368
D0005_Pnative.mesh_512.raw,47461,,134.2432384211329,107.72281699599625,-29.104718932854126
D0005_Pnative.mesh_512.raw,47514,,133.9677638282841,99.20055452943888,-28.831844652034412
D0005_Pnative.mesh_512.raw,47705,,133.83429024639472,95.64644128654325,-28.582747783574057
D0005_Pnative.mesh_512.raw,47897,,133.8269721910168,90.2662655221153,-29.6703915367857
D0005_Pnative.mesh_512.raw,48543,,134.0255721529885,96.35380410764081,-28.999165256908906
D0005_Pnative.mesh_512.raw,48552,,134.01278838409146,96.53294828597694,-29.487893200961352
D0005_Pnative.mesh_512.raw,48999,,133.9839020601911,101.32060706803968,-30.14990115089228
D0005_Pnative.mesh_512.raw,49046,,134.01710457817543,96.200781583913,-28.79961450633925
D0005_Pnative.mesh_512.raw,49278,,134.20656344481984,90.34488880361009,-29.49406992462418
D0005_Pnative.mesh_512.raw,49372,,133.81979373265884,105.84153557290705,-29.861700744894218
D0005_Pnative.mesh_512.raw,49536,,133.91983740733642,104.56158470624273,-30.026091782538558
D0005_Pnative.mesh_512.raw,50116,,134.03007432061602,102.77433183765767,-29.208457189316334
D0005_Pnative.mesh_512.raw,50295,,134.02730020623633,109.23919892825178,-30.081510998324823
D0005_Pnative.mesh_512.raw,50762,,134.14017175162687,103.63847572009536,-28.822918921478852
D0005_Pnative.mesh_512.raw,50863,,133.8001887862009,100.23464126902158,-29.025197940882393
D0005_Pnative.mesh_512.raw,51161,,134.11787487729495,92.87636206052484,-29.840331603975365
D0005_Pnative.mesh_512.raw,51392,,134.15004550259965,101.89679101494622,-29.70988547934975
D0005_Pnative.mesh_512.raw,51760,,134.02814278374294,96.12712596910268,-28.71271961994677
D0005_Pnative.mesh_512.raw,52139,,133.79404299069728,109.82205333355442,-29.507786961191556
D0005_Pnative.mesh_512.raw,52523,,133.98877917321033,93.68793748275866,-29.870572400926484
D0005_Pnative.mesh_512.raw,54008,,134.1435815698913,100.1293226942203,-29.105415297405408
D0005_Pnative.mesh_512.raw,54157,,134.12319497212576,106.92021584952533,-29.08434632573489
D0005_Pnative.mesh_512.raw,54448,,133.9590319174343,111.1213529352197,-28.80238863995019
D0005_Pnative.mesh_512.raw,54637,,133.9404760932197,91.0981922241434,-28.993037193252302
D0005_Pnative.mesh_512.raw,54839,,133.80821086972918,103.0019928730357,-29.098131736169968
D0005_Pnative.mesh_512.raw,55550,,134.24440251183503,109.9694033823499,-29.432283917665572
D0005_Pnative.mesh_512.raw,56171,,133.77111568076288,107.22353303544061,-28.9989543414094
D0005_Pnative.mesh_512.raw,56725,,133.90514337079202,96.5681278544794,-29.488927308300504
D0005_Pnative.mesh_512.raw,57833,,134.18650820897312,90.49249155238208,-29.395363641997953
D0005_Pnative.mesh_512.raw,57929,,134.01077466798588,101.68628412265282,-29.924962380071783
D0005_Pnative.mesh_512.raw,58022,,133.96297843801912,90.59286054787452,-29.375488775764257
D0005_Pnative.mesh_512.raw,58739,,134.04555816776707,96.06050127623642,-28.684827979626846
D0005_Pnative.mesh_512.raw,58804,,133.99591723337164,107.09923247121507,-29.025596303686772
D0005_Pnative.mesh_512.raw,58996,,134.10887361544144,102.87776329392426,-29.163806047786814
D0005_Pnative.mesh_512.raw,59473,,133.9148477879341,90.99459819802162,-29.073371028761194
D0005_Pnative.mesh_512.raw,59690,,134.03704908881414,109.85600194953,-29.537167281018228
D0005_Pnative.mesh_512.raw,60283,,134.1105858597898,101.40863703957314,-30.078290122050937
D0005_Pnative.mesh_512.raw,60929,,134.24830844749462,99.92061590572297,-28.911740109501306
D0005_Pnative.mesh_512.raw,61037,,134.23214185935055,108.01243108202806,-29.644505360843322
D0005_Pnative.mesh_512.raw,61100,,133.86645841267898,110.92748458093172,-28.765300511236703
D0005_Pnative.mesh_512.raw,61102,,133.98185551379055,106.31725229201857,-29.44917384606334
D0005_Pnative.mesh_512.raw,61349,,133.88083680420806,97.92950285319364,-29.71190393141874
D0005_Pnative.mesh_512.raw,61467,,134.0875692328192,106.19987265911931,-29.506585946214006
D0005_Pnative.mesh_512.raw,61547,,134.22799967944968,109.79215622579072,-29.549863150012765
D0005_Pnative.mesh_512.raw,62712,,133.7846209638664,100.4783593654472,-29.50814128461709
D0005_Pnative.mesh_512.raw,62881,,133.91167662328223,104.16623873489674,-29.309685582282672
D0005_Pnative.mesh_512.raw,63278,,134.02773193437025,103.05121415031164,-29.05591251751797
D0005_Pnative.mesh_512.raw,63635,,134.09253599627857,92.91257977607455,-29.88315545616704
D0005_Pnative.mesh_512.raw,63824,,134.08582537554602,107.87239011648356,-29.291516197309477
D0005_Pnative.mesh_512.raw,63934,,134.20328152727703,94.19321119550519,-29.394263778506794
D0005_Pnative.mesh_512.raw,64317,,133.77599543253598,90.9147193733648,-29.17048189498972
D0005_Pnative.mesh_512.raw,64337,,134.01978929686814,91.01690607310144,-29.030852461006663
D0005_Pnative.mesh_512.raw,64492,,134.17266499365184,90.74286735408845,-29.202337248990087
D0005_Pnative.mesh_512.raw,65011,,133.8475134394246,98.13060583647798,-29.554826531490022
D0005_Pnative.mesh_512.raw,65094,,133.99801229501023,108.42294335227861,-29.969714508625117
D0005_Pnative.mesh_512.raw,65331,,134.04173706812242,103.22281701420656,-28.9684222026789
D0005_Pnative.mesh_512.raw,65342,,134.21912122981283,106.46491964560606,-29.302236178610173
D0005_Pnative.mesh_512.raw,65537,,134.21686174026198,92.06103560442017,-28.581663492947875
D0005_Pnative.mesh_512.raw,65796,,133.81863842259176,103.79609062984456,-28.855929107122837
D0005_Pnative.mesh_512.raw,65949,,133.91977787960715,93.82504449537454,-29.765829551418232
D0005_Pnative.mesh_512.raw,65981,,133.97917339100573,108.60039726598635,-30.255773755453205
D0005_Pnative.mesh_512.raw,66297,,134.15016776381597,90.24430240470693,-29.58253889961514
D0005_Pnative.mesh_512.raw,66330,,133.87586954364548,104.27831882117036,-29.407246161884665
D0005_Pnative.mesh_512.raw,66396,,133.93109462788232,111.66118665653225,-28.66517665659499
D0005_Pnative.mesh_512.raw,67305,,134.21314845850014,99.29505654746944,-28.780351008539405
D0005_Pnative.mesh_512.raw,67812,,133.88376562014426,104.03329479480797,-29.172884546753057
D0005_Pnative.mesh_512.raw,68043,,133.8398568802665,101.44160316288836,-30.124738950441547
D0005_Pnative.mesh_512.raw,68243,,134.23745480053486,101.09107863675969,-30.178696478588595
D0005_Pnative.mesh_512.raw,68322,,134.10864014901628,92.21110731335935,-28.783089419490206
D0005_Pnative.mesh_512.raw,68437,,133.88580375225482,103.56842132671477,-28.849927416159662
D0005_Pnative.mesh_512.raw,69042,,133.8181651372644,97.80239808198436,-29.841375219885997
D0005_Pnative.mesh_512.raw,69592,,133.86797417603495,97.11737186907122,-30.116853429334476
D0005_Pnative.mesh_512.raw,70043,,134.0922412256508,100.79068869818421,-30.08391752316016
D0005_Pnative.mesh_512.raw,70269,,134.13771224595035,103.70470790072136,-28.870860208987974
D0005_Pnative.mesh_512.raw,70619,,133.93245481290106,107.12394113361675,-29.022672521187612
D0005_Pnative.mesh_512.raw,70853,,134.2230133914149,104.68863566381138,-30.3254547798091
D0005_Pnative.mesh_512.raw,70900,,134.24969817805723,91.06496107390973,-28.940680612874743
D0005_Pnative.mesh_512.raw,70981,,133.89478432565713,93.19809992799898,-30.01447018727437
D0005_Pnative.mesh_512.raw,71246,,133.96218525461813,101.42207437240361,-30.096843701198807
D0005_Pnative.mesh_512.raw,71646,,133.89224330722288,108.64435109507777,-30.23449455660862
D0005_Pnative.mesh_512.raw,71846,,134.07055243258156,92.25225480426693,-28.823885351637163
D0005_Pnative.mesh_512.raw,71929,,133.90551556819693,91.13407142813554,-28.9794932615795
D0005_Pnative.mesh_512.raw,71937,,133.757335124828,97.59703204441897,-30.00836034112401
D0005_Pnative.mesh_512.raw,72624,,133.78537119905093,93.55802527634772,-29.97038972835632
D0005_Pnative.mesh_512.raw,72807,,133.93918630378036,108.28784023472477,-29.787800247945107
D0005_Pnative.mesh_512.raw,72821,,134.00843825959595,104.23943474207832,-29.46389072969808
D0005_Pnative.mesh_512.raw,73013,,133.8322561747229,109.71566635741164,-29.617208570240606
D0005_Pnative.mesh_512.raw,73032,,133.75192817212272,105.84954460691705,-29.868628307387915
D0005_Pnative.mesh_512.raw,73378,,133.80807989238764,108.56609996450308,-30.00386465036035
D0005_Pnative.mesh_512.raw,73787,,134.045519795017,100.16554502336201,-29.066638888054037
D0005_Pnative.mesh_512.raw,74140,,134.2470797008334,107.52358526402524,-29.01103447019851
D0005_Pnative.mesh_512.raw,74979,,133.88822373577648,101.09110606194574,-30.235920504543287
D0005_Pnative.mesh_512.raw,75007,,133.79620489996802,111.75113854415025,-28.371840423021432
D0005_Pnative.mesh_512.raw,75394,,134.22372870888353,103.92817792804118,-29.309119446543384
D0005_Pnative.mesh_512.raw,75499,,133.89146040905723,108.5570678428322,-30.05281943567943
D0005_Pnative.mesh_512.raw,75855,,133.81432023000167,94.20115057791826,-29.490589836529555
D0005_Pnative.mesh_512.raw,76600,,134.01790019130155,109.59261973156049,-29.767834353014898
D0005_Pnative.mesh_512.raw,77207,,134.06938766924458,107.35651133919589,-28.967852059957885
D0005_Pnative.mesh_512.raw,77328,,133.98888952873125,109.59579221837593,-29.771000778621776
D0005_Pnative.mesh_512.raw,77468,,133.83751344585002,109.46223942690074,-29.852041046215263
D0005_Pnative.mesh_512.raw,77599,,133.97904135759268,94.22055271308447,-29.440936780517568
D0005_Pnative.mesh_512.raw,77730,,133.95568457239995,106.41231372014315,-29.389631721345484
D0005_Pnative.mesh_512.raw,77756,,133.89828614875,90.5264764808139,-29.44511638094979
D0005_Pnative.mesh_512.raw,77788,,133.95498834043977,92.55608732385605,-29.24269484023458
D0005_Pnative.mesh_512.raw,77790,,133.8674768037305,111.3119453669137,-28.630420485474247
D0005_Pnative.mesh_512.raw,78003,,134.09668340336924,109.28324386896361,-30.040260139289813
D0005_Pnative.mesh_512.raw,78128,,133.95691170121222,111.63725853083687,-28.687304159547885
D0005_Pnative.mesh_512.raw,78192,,134.17704483597927,102.51942059724222,-29.28216235025592
D0005_Pnative.mesh_512.raw,78656,,133.87382044791457,111.87422662167509,-28.448969267670524
D0005_Pnative.mesh_512.raw,78713,,133.84547665325653,104.39001429013697,-29.59803717114786
D0005_Pnative.mesh_512.raw,78741,,133.85116396621237,111.06444801732218,-28.72380048683685
D0005_Pnative.mesh_512.raw,79086,,133.9615417148996,106.61042084420316,-29.252742765059224
D0005_Pnative.mesh_512.raw,79244,,133.94716057426587,103.03676245640159,-29.05138364591111
D0005_Pnative.mesh_512.raw,79283,,134.1262562223084,94.56970031727096,-29.204285440050842
D0005_Pnative.mesh_512.raw,79291,,133.97802917308792,97.99771270818206,-29.620059431470672
D0005_Pnative.mesh_512.raw,79538,,134.18091992079806,94.02083847164056,-29.5410113575977
D0005_Pnative.mesh_512.raw,79897,,134.16316229630542,103.41397357534993,-28.8985755601631
D0005_Pnative.mesh_512.raw,80320,,133.95682347100012,90.39228610111527,-29.53426913650856
D0005_Pnative.mesh_512.raw,80321,,133.91521055014556,99.14220153144133,-28.857347110632876
D0005_Pnative.mesh_512.raw,80570,,133.82378700661394,94.68695387808305,-29.146766513121378
D0005_Pnative.mesh_512.raw,81073,,133.8083498464667,103.05111098572257,-29.07097289198204
D0005_Pnative.mesh_512.raw,81655,,134.04630661490035,104.26979259827367,-29.52850977892998
D0005_Pnative.mesh_512.raw,81700,,134.06650517887687,103.61422111698434,-28.829718218541956
D0005_Pnative.mesh_512.raw,81701,,134.174868040567,102.89959287955396,-29.162023414654307
D0005_Pnative.mesh_512.raw,82223,,134.21266102827536,98.48367640150568,-29.167171799797913
D0005_Pnative.mesh_512.raw,82810,,133.97795346830995,101.7916254368144,-29.850579158282798
D0005_Pnative.mesh_512.raw,82842,,134.19059027715443,103.95263238393235,-29.308550654009508
D0005_Pnative.mesh_512.raw,82955,,134.23843527098077,94.7290054325521,-29.070172847490223
D0005_Pnative.mesh_512.raw,83111,,133.77953305339736,90.14352673980947,-29.78046132482863
D0005_Pnative.mesh_512.raw,83527,,134.08827431830022,96.40738175552602,-29.248638179012445
D0005_Pnative.mesh_512.raw,83674,,133.82121807646095,92.36985106467438,-28.848021352814882
D0005_Pnative.mesh_512.raw,84499,,134.0934542671769,91.61694707715492,-28.689339742233678
D0005_Pnative.mesh_512.raw,84710,,134.01861968996698,92.49196100804824,-29.175930313596975
D0005_Pnative.mesh_512.raw,85280,,133.97768142333132,101.18169078669787,-30.228860400777997
D0005_Pnative.mesh_512.raw,85398,,133.840805499954,90.42132066645223,-29.544003305570968
D0005_Pnative.mesh_512.raw,85513,,133.95622293129028,104.24875241672666,-29.43245393834222
D0005_Pnative.mesh_512.raw,85542,,133.84681132920906,96.25949794268891,-28.782400066909187
D0005_Pnative.mesh_512.raw,85629,,133.983837922891,109.42765124680805,-29.923611528169403
D0005_Pnative.mesh_512.raw,85737,,134.06429544839892,104.58616893801047,-30.15606992762487
D0005_Pnative.mesh_512.raw,86011,,133.76139609198384,101.73440245732587,-29.966393433920352
D0005_Pnative.mesh_512.raw,86153,,133.8760679336242,97.9347053810419,-29.709291557984766
D0005_Pnative.mesh_512.raw,86192,,133.99009697822598,106.30995735660133,-29.452421684472355
D0005_Pnative.mesh_512.raw,86300,,133.97437986681035,110.74513277328887,-28.878213852844183
D0005_Pnative.mesh_512.raw,86403,,134.23583285979564,96.07764562270154,-28.799744113652615
D0005_Pnative.mesh_512.raw,86461,,134.15401239443491,110.19727613781862,-29.274985065300505
D0005_Pnative.mesh_512.raw,86541,,133.904597391435,102.23247984788493,-29.53082606931958
D0005_Pnative.mesh_512.raw,86560,,134.08239784278257,94.27485229767973,-29.374463602094593
D0005_Pnative.mesh_512.raw,87104,,133.81904498762083,90.92648889609208,-29.15054776829131
D0005_Pnative.mesh_512.raw,87163,,134.14538523868774,111.79532449472708,-28.826832226970506
D0005_Pnative.mesh_512.raw,87343,,134.02515281654675,93.84506831785028,-29.73389999378682
D0005_Pnative.mesh_512.raw,87549,,133.93239593046724,106.81161880672232,-29.151445633270335
D0005_Pnative.mesh_512.raw,87706,,134.09006266551035,106.69809243411336,-29.17984589730304
D0005_Pnative.mesh_512.raw,87891,,133.7571401226305,106.86512358128894,-29.144117264609
D0005_Pnative.mesh_512.raw,88288,,133.89559463202576,100.55825905491585,-29.792653581605528
D0005_Pnative.mesh_512.raw,88495,,133.79230567030638,99.52709844884681,-28.73675043215995
D0005_Pnative.mesh_512.raw,88819,,134.08632081881356,100.81495530094841,-30.091676660042253
D0005_Pnative.mesh_512.raw,88907,,134.04438963497455,91.82600022609353,-28.64248186237395
D0005_Pnative.mesh_512.raw,89114,,134.06414375102318,106.08977681026926,-29.595157962311145
D0005_Pnative.mesh_512.raw,89254,,133.80628523287265,100.574254855647,-29.795617006379516
D0005_Pnative.mesh_512.raw,89944,,133.87982572749797,105.71945170159935,-29.952455774828874
D0005_Pnative.mesh_512.raw,90186,,133.90052573982308,102.79345431855046,-29.19228866500631
D0005_Pnative.mesh_512.raw,90343,,134.20558895519804,98.2648816553274,-29.325638843746226
D0005_Pnative.mesh_512.raw,90635,,134.0950752961,102.44551529999327,-29.347266610924535
D0005_Pnative.mesh_512.raw,90741,,134.0961128962228,97.56918283128503,-29.91389055648902
D0005_Pnative.mesh_512.raw,90808,,134.1028083531738,95.44012820925211,-28.602251349207478
D0005_Pnative.mesh_512.raw,91170,,133.93027780095312,97.01115131935298,-29.99000829138654
D0005_Pnative.mesh_512.raw,91274,,134.06676129276784,95.74290428254122,-28.649825916279603
D0005_Pnative.mesh_512.raw,91302,,134.175872978255,91.57884999361767,-28.673683117790198
D0005_Pnative.mesh_512.raw,91334,,133.93843430223757,92.81886321983666,-29.64700918532438
D0005_Pnative.mesh_512.raw,91337,,134.16765106756688,92.83441855773637,-29.802384288284856
D0005_Pnative.mesh_512.raw,91346,,134.03573049423943,104.6148324549635,-30.19730017106604
D0005_Pnative.mesh_512.raw,91448,,134.0033353874616,100.43461428710445,-29.531914457993047
D0005_Pnative.mesh_512.raw,91575,,133.8753318714029,110.21719894050403,-29.198920663173844
D0005_Pnative.mesh_512.raw,91709,,133.79351301655385,105.46796742368709,-30.150406988133692
D0005_Pnative.mesh_512.raw,91756,,133.94902678668998,109.38254086331929,-29.971504764904985
D0005_Pnative.mesh_512.raw,92360,,133.8168572604032,102.26758999425005,-29.531898174217826
D0005_Pnative.mesh_512.raw,92572,,134.03517520819736,108.55305502150514,-30.25085929997475
D0005_Pnative.mesh_512.raw,92644,,133.85816115492065,92.83854614347968,-29.6180033614329
D0005_Pnative.mesh_512.raw,92648,,133.76105464662862,96.4631631256502,-29.050766452374695
D0005_Pnative.mesh_512.raw,93534,,133.9658975074939,107.94672362338441,-29.40202452643114
D0005_Pnative.mesh_512.raw,93724,,133.8911943371739,105.85355368117932,-29.837613745427113
D0005_Pnative.mesh_512.raw,93727,,134.2123052352468,94.11628349580197,-29.44334470985327
D0005_Pnative.mesh_512.raw,93891,,133.91205556952957,105.54083002565159,-30.071390093109702
D0005_Pnative.mesh_512.raw,93940,,134.05527266379718,96.43093308157992,-29.273142423938594
D0005_Pnative.mesh_512.raw,94000,,133.8742395869022,111.55416326742164,-28.588796366945353
D0005_Pnative.mesh_512.raw,94713,,134.21907864809057,92.54236367202346,-29.40790120021276
D0005_Pnative.mesh_512.raw,94988,,133.900475132195,96.04463006204261,-28.627962790401355
D0005_Pnative.mesh_512.raw,95457,,133.94677383872266,107.72433881071295,-28.97279826667679
D0005_Pnative.mesh_512.raw,96195,,134.0742540961278,104.72848145653764,-30.28423356761617
D0005_Pnative.mesh_512.raw,96272,,134.03267234955996,90.38497970154909,-29.51569208041367
D0005_Pnative.mesh_512.raw,96451,,133.79650827940893,102.33386372420989,-29.496319721175755
D0005_Pnative.mesh_512.raw,96507,,134.09239941388012,95.54393821213415,-28.54646501387669
D0005_Pnative.mesh_512.raw,96543,,133.89505344644934,94.62161893667027,-29.186927697212685
D0005_Pnative.mesh_512.raw,96820,,133.85035330031087,99.47586642484632,-28.748560038470615
D0005_Pnative.mesh_512.raw,96858,,134.03548289910276,90.69302975608866,-29.277804908333774
D0005_Pnative.mesh_512.raw,97401,,134.13159955828286,92.13641656698076,-28.68581526747024
D0005_Pnative.mesh_512.raw,97523,,134.18688938052145,101.89777989580584,-29.69713901798793
D0005_Pnative.mesh_512.raw,97751,,133.7623406206129,101.92334123678535,-29.813244574016604
D0005_Pnative.mesh_512.raw,97913,,133.78283766136258,101.78188723435541,-29.92097865968144
D0005_Pnative.mesh_512.raw,98939,,134.03723485034251,108.038977219537,-29.61920467556495
D0005_Pnative.mesh_512.raw,99086,,133.9477354034052,107.9200670659398,-29.34297321031464
D0005_Pnative.mesh_512.raw,99168,,134.18354761964622,101.06916732074704,-30.17915874291281
D0005_Pnative.mesh_512.raw,99414,,134.0720956983395,108.98835596952348,-30.23926858221165
D0005_Pnative.mesh_512.raw,99756,,133.826072351927,102.45874066487758,-29.41131246640532
D0005_Pnative.mesh_512.raw,100019,,133.9254651488189,94.61983002492894,-29.18156130400308
D0005_Pnative.mesh_512.raw,100100,,134.04411782549334,92.57869170472786,-29.352502321508442
D0005_Pnative.mesh_512.raw,100123,,134.15368342653005,108.49898900964894,-30.295120289190816
D0005_Pnative.mesh_512.raw,100884,,134.03153714221088,94.42642195799058,-29.287356329254553
D0005_Pnative.mesh_512.raw,100960,,133.7520613995464,110.32837124083302,-28.9727882227685
D0005_Pnative.mesh_512.raw,101771,,134.20771861444103,98.82368001247443,-28.97369518239556
D0005_Pnative.mesh_512.raw,101826,,133.76683990300475,100.46761090326248,-29.4822320430048
D0005_Pnative.mesh_512.raw,102169,,134.1285594716624,90.92037442036283,-29.07823184687844
D0005_Pnative.mesh_512.raw,102170,,134.16017604791503,104.4212495356909,-29.860220314698914
D0005_Pnative.mesh_512.raw,102548,,134.23764914058478,106.01237125564771,-29.616152921450695
D0005_Pnative.mesh_512.raw,102614,,134.22281203432067,95.47429011162828,-28.554306807336854
D0005_Pnative.mesh_512.raw,103106,,134.1548146452288,105.72681978990141,-29.87070078290783
D0005_Pnative.mesh_512.raw,103179,,134.22448280950834,99.89369970131497,-28.84903332526067
D0005_Pnative.mesh_512.raw,103437,,134.1198038783351,107.880831205499,-29.31917805616942
D0005_Pnative.mesh_512.raw,103467,,134.035195703449,100.31681902238446,-29.327649220791784
D0005_Pnative.mesh_512.raw,103531,,133.7764753609299,105.47232496660394,-30.15076753226483
D0005_Pnative.mesh_512.raw,103999,,133.88976375065153,108.37385439294158,-29.85039178642677
D0005_Pnative.mesh_512.raw,104018,,133.85355692293334,111.87494838243131,-28.42637762959181
D0005_Pnative.mesh_512.raw,104530,,134.2370949473056,108.61584624965016,-30.36405139920251
D0005_Pnative.mesh_512.raw,104780,,133.79600511667687,95.02686516888565,-28.85215414823793
D0005_Pnative.mesh_512.raw,105069,,134.00309987055545,97.85683494429227,-29.72951912289254
D0005_Pnative.mesh_512.raw,105120,,133.88212778987452,100.49694455046503,-29.607695513927002
D0005_Pnative.mesh_512.raw,105256,,134.07869318463833,101.34132573631426,-30.12162569107455
D0005_Pnative.mesh_512.raw,105600,,133.78187675568125,94.8290463194626,-29.033731123540925
D0005_Pnative.mesh_512.raw,105777,,133.9967004651582,110.09212966748187,-29.365743482964966
D0005_Pnative.mesh_512.raw,105902,,133.8288024835767,91.54131999108154,-28.75193533454583
D0005_Pnative.mesh_512.raw,106451,,134.0961885009457,110.17883541705069,-29.292275058280456
D0005_Pnative.mesh_512.raw,106622,,134.13830745492663,108.18025223867892,-29.834310421554232
D0005_Pnative.mesh_512.raw,106684,,134.2234496045954,99.66484699494147,-28.687741919204353
D0005_Pnative.mesh_512.raw,106911,,134.09001310041594,108.01842744800386,-29.60303944563409
D0005_Pnative.mesh_512.raw,107172,,133.7829807062702,97.59625835371816,-30.001628725523844
D0005_Pnative.mesh_512.raw,107205,,134.20634685882584,101.94052381176131,-29.658958542475773
D0005_Pnative.mesh_512.raw,107246,,133.87796402184964,104.4907181968033,-29.84537418594129
D0005_Pnative.mesh_512.raw,107855,,134.01354281191536,96.05228391846556,-28.664694426286808
D0005_Pnative.mesh_512.raw,108694,,134.18015935792926,104.60071651092571,-30.21637758906257
D0005_Pnative.mesh_512.raw,108997,,134.11775928550165,91.00058263360137,-29.022431144916585
D0005_Pnative.mesh_512.raw,109197,,133.79598673810494,101.73247073726708,-29.956801838359816
D0005_Pnative.mesh_512.raw,109225,,133.76732059080052,100.0538077786421,-28.866899957555614
D0005_Pnative.mesh_512.raw,109298,,134.09802660146164,95.26897405076281,-28.672656833188498
D0005_Pnative.mesh_512.raw,109834,,134.09808064615282,108.82375335474003,-30.345824498774306
D0005_Pnative.mesh_512.raw,110223,,133.78892977029636,101.61286640138911,-30.04684902967261
D0005_Pnative.mesh_512.raw,110260,,133.91399176661207,93.22128123463216,-30.01973153249091
D0005_Pnative.mesh_512.raw,110328,,133.82299665074794,107.6766713521339,-28.943676792400524
D0005_Pnative.mesh_512.raw,110537,,133.85890223795252,92.91433896309633,-29.73840327961105
D0005_Pnative.mesh_512.raw,110560,,133.88093584895984,98.30504202089439,-29.40443370181215
D0005_Pnative.mesh_512.raw,110845,,134.07677998390784,92.8593766142198,-29.790048216720937
D0005_Pnative.mesh_512.raw,111108,,133.7866689501369,96.15383042627317,-28.619109553290528
D0005_Pnative.mesh_512.raw,111306,,133.8789716057242,110.51540161711878,-28.976425404829328
D0005_Pnative.mesh_512.raw,111671,,134.2352273175468,105.97886694788167,-29.641966026696174
D0005_Pnative.mesh_512.raw,111799,,133.82346359920416,100.1732813478126,-28.933898599150016
D0005_Pnative.mesh_512.raw,111802,,133.7902256782838,92.07219341373761,-28.557394175351455
D0005_Pnative.mesh_512.raw,112700,,133.97593350911103,90.32761035827747,-29.578636953563496
D0005_Pnative.mesh_512.raw,112705,,133.81331152765634,94.35931622474658,-29.38449842594386
D0005_Pnative.mesh_512.raw,113587,,133.81689085244676,104.27954026326844,-29.367200696090368
D0005_Pnative.mesh_512.raw,113976,,134.0825079949212,109.85155983075819,-29.531367561944602
D0005_Pnative.mesh_512.raw,114061,,134.0002024435347,111.89414876418832,-28.574856786867826
D0005_Pnative.mesh_512.raw,114333,,133.8532519769707,91.23343593523148,-28.932468361790903
D0005_Pnative.mesh_512.raw,115569,,134.1919672705019,109.72518650791645,-29.612269882814495
D0005_Pnative.mesh_512.raw,115896,,134.0396266493253,90.74278769294618,-29.23775057698927
D0005_Pnative.mesh_512.raw,116184,,133.77098883349768,95.60895906645231,-28.59087915844017
D0005_Pnative.mesh_512.raw,116274,,133.77194240145465,110.48070484615143,-28.91086794610696
D0005_Pnative.mesh_512.raw,116305,,133.77678531999305,96.05792969408512,-28.572281512963954
D0005_Pnative.mesh_512.raw,116514,,134.06112314344665,109.4888967297978,-29.8523514846406
D0005_Pnative.mesh_512.raw,116522,,134.13616625291456,94.54280038705653,-29.215351660194045
D0005_Pnative.mesh_512.raw,116643,,133.8022956464512,92.83076807105785,-29.56385836983071
D0005_Pnative.mesh_512.raw,117362,,134.14186444175044,92.67732578453001,-29.57152281645255
D0005_Pnative.mesh_512.raw,117776,,133.81797808603264,96.74188851097465,-29.630328604375883
D0005_Pnative.mesh_512.raw,117882,,134.12924776881897,107.34791355083189,-28.964816183664194
D0005_Pnative.mesh_512.raw,118024,,133.96092752564044,110.8713269637175,-28.85067519903075
D0005_Pnative.mesh_512.raw,118075,,134.13235211142808,96.34501826848691,-29.118997979221085
D0005_Pnative.mesh_512.raw,118259,,133.9196291514565,109.91534568883195,-29.493103282145945
D0005_Pnative.mesh_512.raw,118289,,134.02078879875074,107.94898464976558,-29.42397303066638
D0005_Pnative.mesh_512.raw,118720,,133.94125877048506,105.07823689015274,-30.304304106786034
D0005_Pnative.mesh_512.raw,118755,,133.8405850933088,111.54157604750118,-28.538066142790512
D0005_Pnative.mesh_512.raw,118798,,133.9403232450305,102.83032424507996,-29.16378935480861
D0005_Pnative.mesh_512.raw,118859,,134.03254219666428,92.34076753834708,-28.925614699402747
D0005_Pnative.mesh_512.raw,119364,,134.0988400026365,96.53141363015035,-29.51674513420869
D0005_Pnative.mesh_512.raw,119536,,134.14549750163462,99.7923929184231,-28.757610238316325
D0005_Pnative.mesh_512.raw,119669,,133.7642388205292,97.85502499771714,-29.817032629898765
D0005_Pnative.mesh_512.raw,120105,,134.20573716855068,106.63389455568849,-29.203950789990763
D0005_Pnative.mesh_512.raw,120195,,133.8659498120596,108.62208445169838,-30.162714652914453
D0005_Pnative.mesh_512.raw,120509,,134.01121819057977,106.17392370177382,-29.542592846081003
D0005_Pnative.mesh_512.raw,120598,,134.15969446367222,111.36036546677022,-28.775018892346118
D0005_Pnative.mesh_512.raw,121128,,133.8537661874239,100.69756647607657,-30.043579434681334
D0005_Pnative.mesh_512.raw,121389,,133.85999285012426,106.32904386907305,-29.465047617586595
D0005_Pnative.mesh_512.raw,121677,,133.91158987798113,90.46346136832547,-29.491576631517077
D0005_Pnative.mesh_512.raw,122566,,133.96897074090063,102.90993884408161,-29.12446543972152
D0005_Pnative.mesh_512.raw,122741,,133.82438081329127,92.90992498643973,-29.705565481796384
D0005_Pnative.mesh_512.raw,123311,,133.80007161601583,94.67089333722384,-29.16271499224199
D0005_Pnative.mesh_512.raw,123648,,133.848612513227,102.759355120362,-29.222939386069395
D0005_Pnative.mesh_512.raw,123897,,134.06051125566012,94.97234012873288,-28.8571280958893
D0005_Pnative.mesh_512.raw,124554,,133.7555804210246,108.93233226524423,-30.109783403955973
D0005_Pnative.mesh_512.raw,124700,,133.99679610807308,105.6465195360452,-29.97618208559648
D0005_Pnative.mesh_512.raw,124994,,133.8721819490236,110.56016529468053,-28.937151097543605
D0005_Pnative.mesh_512.raw,125186,,133.9956659061721,95.25300638404956,-28.687803075364645
D0005_Pnative.mesh_512.raw,125415,,134.03040608036812,100.98467129381154,-30.171319413884113
D0005_Pnative.mesh_512.raw,125760,,134.18882792669515,111.15145368984025,-28.823387936674372
D0005_Pnative.mesh_512.raw,125784,,133.97120205995898,95.01974361866597,-28.821679854722355
D0005_Pnative.mesh_512.raw,125807,,134.07641340814075,92.91408434650722,-29.876343987763708
D0005_Pnative.mesh_512.raw,126106,,134.01362330899104,100.96836035115969,-30.167559798737447
D0005_Pnative.mesh_512.raw,126351,,133.9927124974077,109.81719199732535,-29.578205039868056
D0005_Pnative.mesh_512.raw,126667,,133.8950496165361,92.45649162209934,-29.01275923150546
D0005_Pnative.mesh_512.raw,126706,,133.91792099565643,93.34270866644661,-29.999725444435104
D0005_Pnative.mesh_512.raw,127513,,133.90354343770488,96.724971137142,-29.681037065358993
D0005_Pnative.mesh_512.raw,127558,,133.7919087406786,107.29245616074334,-28.98264368816216
D0005_Pnative.mesh_512.raw,127987,,133.79099404753575,111.38346423956598,-28.481755925467752
D0005_Pnative.mesh_512.raw,128450,,133.7822416719,98.09021537120469,-29.613354313370685
D0005_Pnative.mesh_512.raw,129159,,134.11441897679043,92.47277961877542,-29.210226266100886
D0005_Pnative.mesh_512.raw,129407,,133.92373373783758,93.38772945295483,-29.994499524713056
D0005_Pnative.mesh_512.raw,129853,,134.08410688536532,104.8143373006609,-30.26136463350143
D0005_Pnative.mesh_512.raw,129951,,133.8746132281287,105.53859240958488,-30.082251883646084
D0005_Pnative.mesh_512.raw,130173,,133.83016502737905,106.24764410531608,-29.526722578250386
D0005_Pnative.mesh_512.raw,130221,,134.1558546952901,95.61853367860172,-28.519788009604135
D0005_Pnative.mesh_512.raw,130470,,133.81215705509396,97.4658976170862,-30.036642909371594
D0005_Pnative.mesh_512.raw,130471,,134.21727302910497,108.10747774342107,-29.823625280697907
D0005_Pnative.mesh_512.raw,130628,,134.02830740572784,97.15959321946323,-30.09907299662288
D0005_Pnative.mesh_512.raw,131522,,133.75337722162266,101.95796780778079,-29.78815453987661
D0005_Pnative.mesh_512.raw,131542,,133.97381295531952,107.22365870523765,-28.98537189569422
D0005_Pnative.mesh_512.raw,131738,,133.92950087193154,100.48013605199574,-29.58190668903329
D0005_Pnative.mesh_512.raw,131876,,133.93438804038618,102.44356281249576,-29.39253909517231
D0005_Pnative.mesh_512.raw,132741,,133.97467423428165,104.78515117634026,-30.274128046368823
D0005_Pnative.mesh_512.raw,132827,,134.18921871890592,104.79164554704063,-30.288910868882347
D0005_Pnative.mesh_512.raw,132887,,134.1277924618468,94.98874725207776,-28.836521451144808
D0005_Pnative.mesh_512.raw,133051,,133.91555397339695,107.82723991267044,-29.15224702748736
D0005_Pnative.mesh_512.raw,133091,,134.07453339500216,90.52301520147394,-29.400875738861515
D0005_Pnative.mesh_512.raw,133264,,133.99620169242064,101.34944443141255,-30.131575138262722
D0005_Pnative.mesh_512.raw,133788,,134.1228064319724,109.35231580330819,-29.97365462185396
D0005_Pnative.mesh_512.raw,133821,,134.04872436090238,103.80417307149007,-29.024031810979437
D0005_Pnative.mesh_512.raw,133945,,133.93982834534773,100.58291700540316,-29.88651376465302
D0005_Pnative.mesh_512.raw,134247,,134.00573957707857,94.82236521859438,-28.999745512201383
D0005_Pnative.mesh_512.raw,134621,,134.23793400201833,111.99706498505499,-29.242757930862183
D0005_Pnative.mesh_512.raw,135577,,134.20481987439663,100.3996986449626,-29.674213089767086
D0005_Pnative.mesh_512.raw,135734,,134.10835503138586,90.60430019702137,-29.327903702450175
D0005_Pnative.mesh_512.raw,136717,,133.9242914659517,98.70031350326045,-29.09803570467464
D0005_Pnative.mesh_512.raw,136786,,133.8054506000312,93.70889407548688,-29.87215949118628
D0005_Pnative.mesh_512.raw,136817,,133.82766606367414,100.22978133570197,-29.03282266641859
D0005_Pnative.mesh_512.raw,137278,,133.9768121769845,103.15072007119763,-28.993709275439322
D0005_Pnative.mesh_512.raw,137381,,134.2477322309802,93.52666742860245,-29.92830145092544
D0005_Pnative.mesh_512.raw,137615,,134.21237921068627,106.82114235500877,-29.114642912678853
D0005_Pnative.mesh_512.raw,137865,,134.01088659525539,106.25650630056813,-29.484613285226033
D0005_Pnative.mesh_512.raw,138029,,134.15430305782056,110.61452421709427,-28.995893707604292
D0005_Pnative.mesh_512.raw,138112,,133.95123643437447,95.47242091530798,-28.602877567529067
D0005_Pnative.mesh_512.raw,138278,,134.00889347114386,92.7820015073912,-29.62900344770164
D0005_Pnative.mesh_512.raw,138599,,133.9231852760244,108.52265147585099,-30.014519151782338
D0005_Pnative.mesh_512.raw,139348,,134.22645429652258,108.76724135338439,-30.384901978250504
D0005_Pnative.mesh_512.raw,139505,,134.07361859170032,96.05895336034563,-28.701165107467094
D0005_Pnative.mesh_512.raw,139708,,133.86581965615025,103.91296708125427,-29.054201977714143
D0005_Pnative.mesh_512.raw,140157,,134.18672459786006,90.75064379251836,-29.192513504954277
D0005_Pnative.mesh_512.raw,140300,,134.01119215419774,100.22338930150565,-29.13250240035519
D0005_Pnative.mesh_512.raw,140321,,134.01532384655573,96.29868053710226,-28.922919943041254
D0005_Pnative.mesh_512.raw,140448,,134.19210040719034,110.5493828360691,-29.033057339095702
D0005_Pnative.mesh_512.raw,140498,,134.22539464450244,92.2430144006473,-28.861264119948466
D0005_Pnative.mesh_512.raw,140544,,134.18520265727244,97.8712072843788,-29.655069210686406
D0005_Pnative.mesh_512.raw,140547,,134.23521996654495,103.48507571447215,-28.876046316550568
D0005_Pnative.mesh_512.raw,140774,,134.158302620351,107.35648735091112,-28.96224058594146
D0005_Pnative.mesh_512.raw,140932,,134.23808070337031,98.21324256810998,-29.3547893225515
D0005_Pnative.mesh_512.raw,141307,,133.92287732050713,102.65243317042783,-29.266209636900097
D0005_Pnative.mesh_512.raw,141316,,134.00459885594825,101.07283564890056,-30.21212294348581
D0005_Pnative.mesh_512.raw,141454,,133.77231673928583,100.27662723855309,-29.10836565851466
D0005_Pnative.mesh_512.raw,141579,,133.79679763903553,110.14683572219501,-29.207219518503827
D0005_Pnative.mesh_512.raw,141981,,133.76597881219377,109.74763962702272,-29.551613192776074
D0005_Pnative.mesh_512.raw,142397,,134.20641155084056,101.47329078313386,-30.004131766718412
D0005_Pnative.mesh_512.raw,142572,,133.8954120627981,109.35239120038804,-29.97853366249226
D0005_Pnative.mesh_512.raw,142882,,133.76498129849853,96.04253441619707,-28.574166517242897
D0005_Pnative.mesh_512.raw,142920,,133.76217790356617,110.21739369950191,-29.050733841079538
D0005_Pnative.mesh_512.raw,143561,,134.18706334603746,111.87208460231577,-28.828291313039298
D0005_Pnative.mesh_512.raw,143696,,133.8548131715396,107.01928743988069,-29.07214335982264
D0005_Pnative.mesh_512.raw,143814,,134.08988179175452,106.91548536428459,-29.090237706349598
D0005_Pnative.mesh_512.raw,144079,,133.9995559743039,99.01854449246022,-28.911630224644068
D0005_Pnative.mesh_512.raw,144310,,133.80715556618424,105.63851379966528,-30.029382606051975
D0005_Pnative.mesh_512.raw,144859,,133.81850138036896,91.00682136775174,-29.08779445521768
D0005_Pnative.mesh_512.raw,145090,,133.84282308862245,106.99652663581644,-29.082503908982957
D0005_Pnative.mesh_512.raw,145656,,133.82014247651114,98.2600942991775,-29.458198032480453
D0005_Pnative.mesh_512.raw,146094,,133.87300140967372,96.57634792596349,-29.472743336351968
D0005_Pnative.mesh_512.raw,146364,,134.1690963505067,107.67771829885703,-29.035411646073204
D0005_Pnative.mesh_512.raw,146431,,133.97721446100843,103.44950441959543,-28.883311253073213
D0005_Pnative.mesh_512.raw,146476,,133.85354774471443,93.6040378693021,-29.955496615569828
D0005_Pnative.mesh_512.raw,146825,,133.83628643703932,95.85922329343012,-28.614152914379854
D0005_Pnative.mesh_512.raw,147096,,133.89346843030305,104.42453930900733,-29.70100525921428
D0005_Pnative.mesh_512.raw,147247,,134.18921736704925,97.0648248289121,-30.094779878591496
D0005_Pnative.mesh_512.raw,147475,,134.02454119399212,92.91085691867804,-29.841671494318412
D0005_Pnative.mesh_512.raw,147894,,134.1202588599991,99.86235477507407,-28.795619321359407
D0005_Pnative.mesh_512.raw,148001,,133.8148681471095,94.09051478002517,-29.577369856317432
D0005_Pnative.mesh_512.raw,148336,,134.00159061197587,90.5660735750661,-29.38619906193801
D0005_Pnative.mesh_512.raw,148463,,133.76777097196882,103.09815869852292,-29.054227069397612
D0005_Pnative.mesh_512.raw,148548,,134.0333586423536,105.31140785393737,-30.208245009107923
D0005_Pnative.mesh_512.raw,148681,,133.8147322410284,104.61928767874096,-30.09476276500703
D0005_Pnative.mesh_512.raw,148851,,134.23000996851428,95.02649685706746,-28.79357437116187
D0005_Pnative.mesh_512.raw,148934,,134.17512100495867,99.90180870795506,-28.815810532022567
D0005_Pnative.mesh_512.raw,149187,,134.2415842482239,95.87861846573104,-28.75454467948918
D0005_Pnative.mesh_512.raw,149271,,133.82331219626934,107.85400777705634,-29.196251314989585
D0005_Pnative.mesh_512.raw,149736,,134.16034070912616,109.38676880543227,-29.934315787393032
D0005_Pnative.mesh_512.raw,150369,,133.84778782284457,111.17385939446308,-28.663130763481472
D0005_Pnative.mesh_512.raw,150393,,133.83895553043592,104.79233744041335,-30.23577995143419
D0005_Pnative.mesh_512.raw,150614,,134.01358567211142,101.86803517131399,-29.7773491750295
D0005_Pnative.mesh_512.raw,150688,,134.20023986766773,93.25199991881047,-30.049170549439044
D0005_Pnative.mesh_512.raw,150934,,134.01348484977822,90.02881296169315,-29.800958637906934
D0005_Pnative.mesh_512.raw,151767,,134.1225857457625,90.9761314451267,-29.039124764338894
D0005_Pnative.mesh_512.raw,151782,,134.13178757166386,108.36889542802355,-30.02995739702316
D0005_Pnative.mesh_512.raw,151881,,134.14296499719973,98.9008412367175,-28.950638165085774
D0005_Pnative.mesh_512.raw,151929,,134.14272152369676,101.01757386528702,-30.16511163102349
D0005_Pnative.mesh_512.raw,151942,,134.02850957957304,108.00239356723895,-29.53850573544009
D0005_Pnative.mesh_512.raw,151983,,133.9737424063472,92.20926414011336,-28.737802973052833
D0005_Pnative.mesh_512.raw,152266,,133.76684618344723,101.18132651823507,-30.259740668894864
D0005_Pnative.mesh_512.raw,152862,,134.16357799366043,99.65869799571661,-28.685518644156666
D0005_Pnative.mesh_512.raw,153350,,134.0704665865158,93.6325776537602,-29.9037562138129
D0005_Pnative.mesh_512.raw,153747,,133.89837852882542,90.28605287867188,-29.635561079324383
D0005_Pnative.mesh_512.raw,154018,,133.87286064645616,110.67267676140365,-28.859333433484768
D0005_Pnative.mesh_512.raw,154162,,133.92896863622207,105.89117675965008,-29.798693255180503
D0005_Pnative.mesh_512.raw,154498,,133.98135445788523,110.95991373362985,-28.83602610807955
D0005_Pnative.mesh_512.raw,154718,,134.14739273771718,108.18354811163807,-29.845492574852386
D0005_Pnative.mesh_512.raw,155284,,133.83496495319625,106.99369904011269,-29.084309644713684
D0005_Pnative.mesh_512.raw,155346,,134.15457900007289,111.95932470381692,-28.728004178275576
D0005_Pnative.mesh_512.raw,155500,,133.8067800162652,107.43778454346202,-28.963670161432848
D0005_Pnative.mesh_512.raw,155702,,133.84057974920577,100.13629488800613,-28.899529243483425
D0005_Pnative.mesh_512.raw,155746,,134.1526272593099,111.04124976060173,-28.840354113343277
D0005_Pnative.mesh_512.raw,155786,,133.87305129463965,94.91318422066549,-28.936927325043115
D0005_Pnative.mesh_512.raw,155836,,134.0090531686165,108.32688666701397,-29.88272862711146
D0005_Pnative.mesh_512.raw,155891,,134.0723233018282,97.96574858754511,-29.614529974897387
D0005_Pnative.mesh_512.raw,156193,,133.88306441550705,93.76479417637051,-29.81909647628068
D0005_Pnative.mesh_512.raw,156232,,133.92095643139527,103.51541944716257,-28.862967334097526
D0005_Pnative.mesh_512.raw,156549,,133.83721305423325,107.0106790610846,-29.07712582339562
D0005_Pnative.mesh_512.raw,156562,,133.91743335461277,99.7210708109617,-28.72491802304158
D0005_Pnative.mesh_512.raw,156771,,134.20512854117524,109.78616580077019,-29.559526705957015
D0005_Pnative.mesh_512.raw,156862,,133.98260516295764,111.58731499654141,-28.701856839296276
D0005_Pnative.mesh_512.raw,157377,,133.90021647023897,95.19759115103437,-28.72678543981476
D0005_Pnative.mesh_512.raw,157716,,133.83785042075493,98.60039207275419,-29.185688445166953
D0005_Pnative.mesh_512.raw,157910,,133.98490678999536,107.17089972895859,-28.999714145100306
D0005_Pnative.mesh_512.raw,158038,,134.01287126245245,98.02183853556053,-29.58790238009663
D0005_Pnative.mesh_512.raw,158680,,133.7696464483895,90.52154376087095,-29.48371162361967
D0005_Pnative.mesh_512.raw,158726,,133.7788222235037,97.9499568034831,-29.732139619647896
D0005_Pnative.mesh_512.raw,159019,,133.91065442072204,99.1924327907511,-28.840088305910374
D0005_Pnative.mesh_512.raw,159351,,134.04990058488593,103.28768275477562,-28.93885754519357
D0005_Pnative.mesh_512.raw,159469,,134.0532279190159,94.56387549725088,-29.210183837363807
D0005_Pnative.mesh_512.raw,160094,,134.08310204095676,90.45277010773707,-29.45337913229325
D0005_Pnative.mesh_512.raw,160105,,134.08043332151334,102.46069502184798,-29.341889353070208
D0005_Pnative.mesh_512.raw,160454,,133.88728646955406,91.44530608810211,-28.80138650942773
D0005_Pnative.mesh_512.raw,160585,,134.03345048009157,103.81659838217315,-29.052367507991065
D0005_Pnative.mesh_512.raw,160754,,133.95872025787003,110.27695142614394,-29.220074509795
D0005_Pnative.mesh_512.raw,160929,,134.21915832074617,106.83974656529928,-29.106170540461644
D0005_Pnative.mesh_512.raw,160973,,133.957415506962,107.10565468900998,-29.02750332091362
D0005_Pnative.mesh_512.raw,161210,,133.93875848114138,110.08887735390157,-29.37067780895731
D0005_Pnative.mesh_512.raw,161329,,133.99200618404302,100.27191343337975,-29.209005300084982
D0005_Pnative.mesh_512.raw,161358,,133.82429328091388,100.23395390619359,-29.04065902962743
D0005_Pnative.mesh_512.raw,161436,,134.1872527654693,96.4921341562753,-29.480571975454502
D0005_Pnative.mesh_512.raw,161605,,133.93785663294838,101.78856489971756,-29.86604615871932
D0005_Pnative.mesh_512.raw,161761,,134.2404784005484,96.08421773527886,-28.80347053026909
D0005_Pnative.mesh_512.raw,161933,,134.2000859214578,92.12921120169695,-28.682258301701054
D0005_Pnative.mesh_512.raw,162149,,134.18561350571255,91.22531730201774,-28.861803213416827
D0005_Pnative.mesh_512.raw,162397,,134.1638524162453,100.71207500374177,-30.12123869732416
D0005_Pnative.mesh_512.raw,162422,,133.80379087418666,105.79757816564657,-29.901952796561403
D0005_Pnative.mesh_512.raw,162474,,133.81837087924103,95.82939161337995,-28.613577862172214
D0005_Pnative.mesh_512.raw,162490,,134.05743243842377,107.39786304024307,-28.965031761441914
D0005_Pnative.mesh_512.raw,163175,,133.84490248911612,97.00363805251891,-29.925679775829074
D0005_Pnative.mesh_512.raw,164030,,133.75322071501677,102.16188529483799,-29.624065592288808
D0005_Pnative.mesh_512.raw,164815,,134.05378730178182,110.11427208948786,-29.345543225248576
D0005_Pnative.mesh_512.raw,165002,,134.24690489896236,97.47450956823636,-29.90964903519384
D0005_Pnative.mesh_512.raw,165021,,134.0333367012783,91.88879295707886,-28.619003585733168
D0005_Pnative.mesh_512.raw,165116,,134.00647499646982,111.55235600234046,-28.71272928298827
D0005_Pnative.mesh_512.raw,165249,,133.83625749690214,103.34995129380326,-28.92980517789735
D0005_Pnative.mesh_512.raw,165931,,133.7582394262676,96.6883658299158,-29.533259520245775
D0005_Pnative.mesh_512.raw,166310,,133.9387720760895,90.46641800483063,-29.48190090921157
D0005_Pnative.mesh_512.raw,166407,,134.12656258643054,92.3486988186096,-28.965725391710254
D0005_Pnative.mesh_512.raw,166482,,133.8621095989514,104.05336179307373,-29.175373174150316
D0005_Pnative.mesh_512.raw,167333,,134.03178748858554,108.56996590354191,-30.280271827555502
D0005_Pnative.mesh_512.raw,167334,,134.13771067465652,104.67841684020044,-30.30993464305187
D0005_Pnative.mesh_512.raw,167691,,134.12660100170507,109.02885272410956,-30.20787221037933
D0005_Pnative.mesh_512.raw,169093,,133.90474414709263,90.5125759460963,-29.45441528102262
D0005_Pnative.mesh_512.raw,169988,,133.95061150747756,106.63809435143786,-29.23611136776723
D0005_Pnative.mesh_512.raw,170029,,133.79861733076194,107.05504595833322,-29.061976755366402
D0005_Pnative.mesh_512.raw,170388,,133.79765342727177,95.85734235588805,-28.622256912096255
D0005_Pnative.mesh_512.raw,170761,,134.1482462654388,103.7968491330961,-29.016027540760273
D0005_Pnative.mesh_512.raw,170848,,133.8816629800279,96.51918986183719,-29.32786706627432
D0005_Pnative.mesh_512.raw,170995,,133.80134159935028,108.41109024550803,-29.84605751203445
D0005_Pnative.mesh_512.raw,171573,,133.99500323598778,104.43088292150873,-29.77412216476087
D0005_Pnative.mesh_512.raw,171724,,134.24563885282276,98.26660216726731,-29.310397034505936
D0005_Pnative.mesh_512.raw,171814,,134.11123301236086,98.59052234062972,-29.119349980897457
D0005_Pnative.mesh_512.raw,172072,,133.96025838950126,98.17644602674784,-29.479981962943935
D0005_Pnative.mesh_512.raw,172512,,133.83629030657409,95.16754576174415,-28.758300847567412
D0005_Pnative.mesh_512.raw,172911,,133.98332115630998,92.9231855967985,-29.837668728234185
D0005_Pnative.mesh_512.raw,172990,,133.92414015659932,109.22481915665756,-30.091804845267017
D0005_Pnative.mesh_512.raw,173105,,134.16429283143162,104.42077266203664,-29.861823049057335
D0005_Pnative.mesh_512.raw,173177,,134.23250507234334,97.92090978392622,-29.594727695466936
D0005_Pnative.mesh_512.raw,173341,,134.21361939870093,107.04218895924956,-29.0309305267374
D0005_Pnative.mesh_512.raw,173387,,134.04518690288563,104.58861414089313,-30.150016238194496
D0005_Pnative.mesh_512.raw,174257,,133.99242940871687,95.38273507461166,-28.635635270725512
D0005_Pnative.mesh_512.raw,174288,,134.197078973354,103.68817805301838,-28.843692832185933
D0005_Pnative.mesh_512.raw,174390,,134.0345561526058,96.06961453295811,-28.679695267585252
D0005_Pnative.mesh_512.raw,174415,,134.09194411785643,108.53384419405985,-30.29294676858055
D0005_Pnative.mesh_512.raw,174597,,133.9715315002334,103.89614705945377,-29.112473152046178
D0005_Pnative.mesh_512.raw,174706,,133.86753584644495,102.26260729986207,-29.521884694929017
D0005_Pnative.mesh_512.raw,174878,,133.97675872875698,102.05994105675833,-29.634393805220455
D0005_Pnative.mesh_512.raw,174936,,133.85494294859322,96.16479696030778,-28.6660047904026
D0005_Pnative.mesh_512.raw,175165,,133.95837264744083,94.06382486379907,-29.56222349341393
D0005_Pnative.mesh_512.raw,175286,,133.9703670424464,101.5539510952289,-30.020146748683345
D0005_Pnative.mesh_512.raw,175591,,134.02450761567832,111.51741510112345,-28.722917130702072
D0005_Pnative.mesh_512.raw,175665,,133.8420964608229,107.2773011620959,-28.981641223846285
D0005_Pnative.mesh_512.raw,175695,,133.9170550773174,93.16920628070199,-30.032350182929484
D0005_Pnative.mesh_512.raw,176551,,133.79914034015877,102.53315557705155,-29.3722425804081
D0005_Pnative.mesh_512.raw,176910,,133.80226869153176,92.10807113445848,-28.57412299792044
D0005_Pnative.mesh_512.raw,177082,,133.8095767360152,111.18184711571467,-28.587281928315445
D0005_Pnative.mesh_512.raw,177369,,133.89308030587154,92.29379042353537,-28.80219516549181
D0005_Pnative.mesh_512.raw,177379,,134.01480810848972,96.17272503481419,-28.762576338602475
D0005_Pnative.mesh_512.raw,177854,,134.13883701152415,104.30810038804304,-29.64908062397889
D0005_Pnative.mesh_512.raw,178209,,133.81858359184702,100.00900326166112,-28.888053317270348
D0005_Pnative.mesh_512.raw,178354,,134.01003918220584,96.54368174123717,-29.505214934142938
D0005_Pnative.mesh_512.raw,178744,,133.9828121102221,97.65609449668375,-29.904686230461493
D0005_Pnative.mesh_512.raw,178852,,134.01402021841298,105.76372243818594,-29.881322364368867
D0005_Pnative.mesh_512.raw,179323,,133.76214159814572,107.77968108298778,-29.041375759950714
D0005_Pnative.mesh_512.raw,179509,,134.05054690457663,92.6797653465297,-29.51540518904321
D0005_Pnative.mesh_512.raw,180420,,134.03305058676617,97.39914933918737,-30.003818837352952
D0005_Pnative.mesh_512.raw,180599,,134.00669491374055,110.30139673440505,-29.198246200914845
D0005_Pnative.mesh_512.raw,181013,,134.09146882025783,90.12620983273922,-29.696859299930647
D0005_Pnative.mesh_512.raw,181503,,134.1121904946531,101.94671287204157,-29.681866892118524
D0005_Pnative.mesh_512.raw,181772,,134.20958059286409,97.3814332169768,-29.973488924736788
D0005_Pnative.mesh_512.raw,182047,,134.01609898739775,100.27656060570311,-29.23668911242671
D0005_Pnative.mesh_512.raw,182051,,134.13149895776726,94.44652020295607,-29.25682973914769
D0005_Pnative.mesh_512.raw,183022,,133.80270075877712,107.84273070129191,-29.171585852979884
D0005_Pnative.mesh_512.raw,183234,,134.01374803848708,107.55363020017606,-28.95432281205717
D0005_Pnative.mesh_512.raw,183442,,134.02185739927307,94.32851129273838,-29.35596416191093
D0005_Pnative.mesh_512.raw,183504,,134.1762462268826,101.88791652376217,-29.708551826445245
D0005_Pnative.mesh_512.raw,183683,,134.0283308216965,96.41806680851671,-29.19251891255254
D0005_Pnative.mesh_512.raw,183697,,133.8331454612254,101.86350199029957,-29.838959726273448
D0005_Pnative.mesh_512.raw,184553,,133.8008022210239,111.67166557089448,-28.44653448279916
D0005_Pnative.mesh_512.raw,184696,,133.75366154228752,99.61776836464998,-28.70007551793765
D0005_Pnative.mesh_512.raw,185137,,133.9546451445784,102.83661459606253,-29.16254894201733
D0005_Pnative.mesh_512.raw,185463,,134.10182759251086,92.52833554001344,-29.29813665568257
D0005_Pnative.mesh_512.raw,185621,,134.1025437698788,98.44230516055927,-29.222501900266643
D0005_Pnative.mesh_512.raw,185984,,133.92098141099032,109.36231017560546,-29.982950806976778
D0005_Pnative.mesh_512.raw,186168,,133.87679018037693,95.67601338985192,-28.577947863613566
D0005_Pnative.mesh_512.raw,186179,,134.16720696480178,100.81354848042268,-30.10867150899069
D0005_Pnative.mesh_512.raw,186202,,134.22663548201808,107.53565681508991,-29.006691712590786
D0005_Pnative.mesh_512.raw,186248,,133.9768355021515,90.7039886411226,-29.28480948291424
D0005_Pnative.mesh_512.raw,186404,,133.79692351486935,110.82377251043691,-28.716269981392124
D0005_Pnative.mesh_512.raw,186470,,133.96678034211408,109.54721179065976,-29.819383449299202
D0005_Pnative.mesh_512.raw,186622,,133.86524752557963,96.29656485574606,-28.83839572846064
D0005_Pnative.mesh_512.raw,187850,,133.77196786427993,94.03342780003605,-29.62708350814441
D0005_Pnative.mesh_512.raw,188195,,133.85071654248586,97.18952826171906,-30.115452188560003
D0005_Pnative.mesh_512.raw,188207,,134.05048865406036,102.8335303992387,-29.17908004684792
D0005_Pnative.mesh_512.raw,188453,,134.13373945948467,93.26040494365387,-30.043792845048344
D0005_Pnative.mesh_512.raw,188460,,134.12631795325578,101.41606493679896,-30.071183838982584
D0005_Pnative.mesh_512.raw,188552,,134.0738787806583,106.7131957878892,-29.17553348490921
D0005_Pnative.mesh_512.raw,189346,,133.9844008937235,101.10035547296853,-30.226993820225026
D0005_Pnative.mesh_512.raw,189389,,133.78549498699687,91.00761160373654,-29.095395140537665
D0005_Pnative.mesh_512.raw,190659,,133.94341794717195,99.14828372460323,-28.85104491843443
D0005_Pnative.mesh_512.raw,190864,,134.1973944806578,90.98541929873625,-29.01694495174595
D0005_Pnative.mesh_512.raw,190915,,134.20514220532414,104.07123089116237,-29.42282745531653
D0005_Pnative.mesh_512.raw,191109,,133.77503528034327,106.94363893528997,-29.10981362910512
D0005_Pnative.mesh_512.raw,191635,,133.95234544321363,103.77929002408922,-28.974407643463664
D0005_Pnative.mesh_512.raw,191781,,133.97294590799402,103.85444499061894,-29.07665197656324
D0005_Pnative.mesh_512.raw,191862,,134.0097786079865,92.49207126869169,-29.169872619651773
D0005_Pnative.mesh_512.raw,191970,,133.80944803366793,99.17913751067238,-28.861992614051182
D0005_Pnative.mesh_512.raw,192634,,133.94548639355358,103.37794582459041,-28.906721387689515
D0005_Pnative.mesh_512.raw,193095,,134.0329900305297,101.93672049365153,-29.715616610726546
D0005_Pnative.mesh_512.raw,193145,,133.9978380184445,103.03094588653184,-29.062425127285536
D0005_Pnative.mesh_512.raw,193376,,133.76407597744213,111.94033027984204,-28.219146458471585
D0005_Pnative.mesh_512.raw,193723,,133.9407928532813,106.70847335230107,-29.193224918174245
D0005_Pnative.mesh_512.raw,193874,,133.920405557625,92.4587458517506,-29.042679101570187
D0005_Pnative.mesh_512.raw,194750,,134.17995703150189,111.4975818358342,-28.74562667492527
D0005_Pnative.mesh_512.raw,195074,,133.8254192603459,97.928548393028,-29.733007288089325
D0005_Pnative.mesh_512.raw,195131,,134.0456064508949,101.77815487125943,-29.839512505141183
D0005_Pnative.mesh_512.raw,195607,,133.977409492402,107.97020842799984,-29.452624214692182
D0005_Pnative.mesh_512.raw,195938,,133.96611747908145,95.35295388513806,-28.649908386391814
D0005_Pnative.mesh_512.raw,196049,,134.00614008815305,105.55278141130344,-30.044752685033618
D0005_Pnative.mesh_512.raw,196177,,134.1032028326395,92.4059317580928,-29.053121457984517
D0005_Pnative.mesh_512.raw,196557,,134.13751072914204,100.60216484045436,-30.0155113147776
D0005_Pnative.mesh_512.raw,196647,,133.97777717271393,101.98700860333679,-29.692931461278523
D0005_Pnative.mesh_512.raw,196978,,134.18847520031184,109.09797637131821,-30.157493261509835
D0005_Pnative.mesh_512.raw,197181,,133.83438757187983,100.52943027069209,-29.678916291535195
D0005_Pnative.mesh_512.raw,197188,,134.22930121230306,100.03722313831496,-29.05600647204135
D0005_Pnative.mesh_512.raw,197874,,134.0309151066209,103.77848404735862,-28.977954584987437
D0005_Pnative.mesh_512.raw,197885,,134.17953004372396,108.48117006082809,-30.28562009677224
D0005_Pnative.mesh_512.raw,198124,,134.0546240737128,102.57049506591818,-29.281807243263934
D0005_Pnative.mesh_512.raw,198236,,133.7984134310459,98.30878222151853,-29.426725620692977
D0005_Pnative.mesh_512.raw,198244,,134.03132037586317,104.53555552277209,-30.03537986749783
D0005_Pnative.mesh_512.raw,198509,,133.85877306529807,90.02719124593145,-29.844820973497484
D0005_Pnative.mesh_512.raw,198835,,133.77198781702614,108.93086206301888,-30.12671130604513
D0005_Pnative.mesh_512.raw,199253,,133.96354426716704,108.73016791112069,-30.415645874529623
D0005_Pnative.mesh_512.raw,199274,,134.10767844033995,96.09721316883488,-28.727001094671888
D0005_Pnative.mesh_512.raw,199376,,133.9179911474568,98.74369531099738,-29.075710121297234
D0005_Pnative.mesh_512.raw,199439,,133.94500796423802,108.11491704775862,-29.622294038248118
D0005_Pnative.mesh_512.raw,199800,,133.9263916498702,110.67536989188622,-28.90390336187358
D0005_Pnative.mesh_512.raw,199967,,133.84588540457898,105.8342280127699,-29.8626942383499
D0005_Pnative.mesh_512.raw,200125,,134.12259854489076,100.07498288128062,-29.012174859826263
D0005_Pnative.mesh_512.raw,200268,,134.09600077390255,109.89963022901651,-29.49798215449666
D0005_Pnative.mesh_512.raw,201297,,133.80549860582897,90.31554257030908,-29.637172034364653
D0005_Pnative.mesh_512.raw,201547,,134.04607631272063,92.61777091579746,-29.41535482263368
D0005_Pnative.mesh_512.raw,201881,,133.8592725930009,98.34869682481101,-29.376881123761002
D0005_Pnative.mesh_512.raw,202327,,133.84830548275397,95.34627006911921,-28.682411242206022
D0005_Pnative.mesh_512.raw,202716,,133.7815689141511,100.06237261893041,-28.873521558918867
D0005_Pnative.mesh_512.raw,202742,,133.96814269807027,108.03447534184318,-29.561909039847297
D0005_Pnative.mesh_512.raw,202852,,133.9299204835643,93.50750955471958,-29.97635501453272
D0005_Pnative.mesh_512.raw,202960,,133.9480151303776,104.48714656336678,-29.87241880819648
D0005_Pnative.mesh_512.raw,202989,,133.86462792947657,91.33141879341011,-28.87277170422174
D0005_Pnative.mesh_512.raw,203160,,134.0524370099557,104.64315080417286,-30.24660369606717
D0005_Pnative.mesh_512.raw,203162,,133.87171822309944,93.54974589723633,-29.95946754026164
D0005_Pnative.mesh_512.raw,203236,,134.17598749173965,102.1755906849117,-29.492151280691306
D0005_Pnative.mesh_512.raw,204087,,133.85940685984463,108.60094116692657,-30.112513651660574
D0005_Pnative.mesh_512.raw,204210,,133.83577033523693,97.79793358946564,-29.838666244997754
D0005_Pnative.mesh_512.raw,204288,,134.20016035742788,110.5755444930578,-29.019737845853687
D0005_Pnative.mesh_512.raw,205087,,133.9994104679175,103.75915272560692,-28.946760008119696
D0005_Pnative.mesh_512.raw,205577,,134.11210789483664,108.18777524068402,-29.822230705762188
D0005_Pnative.mesh_512.raw,205594,,134.20794430159992,103.14575520528987,-29.032328841854824
D0005_Pnative.mesh_512.raw,205982,,133.8263575650184,109.52429123479268,-29.790650198859677
D0005_Pnative.mesh_512.raw,206047,,133.91902398903653,106.934951495249,-29.10168538793763
D0005_Pnative.mesh_512.raw,206199,,134.14024503023808,98.25552643353652,-29.355632683900076
D0005_Pnative.mesh_512.raw,206522,,134.1740755468302,97.41434370914037,-29.962182640143297
D0005_Pnative.mesh_512.raw,206564,,134.16584323690822,102.04877750228846,-29.588219997658513
D0005_Pnative.mesh_512.raw,207156,,134.09231610864524,94.1771839033448,-29.43722362669104
D0005_Pnative.mesh_512.raw,208082,,133.89994915867214,102.24969298541114,-29.52145410917441
D0005_Pnative.mesh_512.raw,208119,,133.83218410881477,93.59993555110941,-29.96070099634377
D0005_Pnative.mesh_512.raw,208830,,134.00683566409276,105.70208780827578,-29.93504613695798
D0005_Pnative.mesh_512.raw,208877,,134.12847065411944,110.67882351782865,-28.948531462688646
D0005_Pnative.mesh_512.raw,210150,,134.04065148791665,101.79164279161591,-29.83023250622243
D0005_Pnative.mesh_512.raw,210647,,134.2048006269236,103.09204737023184,-29.060878534936933
D0005_Pnative.mesh_512.raw,210675,,134.06289511124032,93.65359478030518,-29.887445347789015
D0005_Pnative.mesh_512.raw,211648,,133.90116461176768,95.54496301188085,-28.58607364327577
D0005_Pnative.mesh_512.raw,211838,,133.87679439465052,100.36594473133118,-29.325182773990303
D0005_Pnative.mesh_512.raw,212462,,134.223209405559,99.76880130782462,-28.743547970281558
D0005_Pnative.mesh_512.raw,212581,,134.04145550304523,110.54406999257486,-29.018509477120503
D0005_Pnative.mesh_512.raw,212739,,133.95168544572047,103.8739740443593,-29.079672441956458
D0005_Pnative.mesh_512.raw,213018,,133.80322318418786,109.24919330810101,-29.998056787612963
D0005_Pnative.mesh_512.raw,213028,,134.00859318082604,105.48625595886158,-30.09068605818357
D0005_Pnative.mesh_512.raw,213097,,134.17815431934287,107.84670580372085,-29.26949102615088
D0005_Pnative.mesh_512.raw,213103,,133.9506000416795,100.45236358792272,-29.519721878021922
D0005_Pnative.mesh_512.raw,213339,,133.79355927167512,97.53611258771002,-30.017835975685237
D0005_Pnative.mesh_512.raw,213596,,134.21763897066603,111.93109623596939,-28.89641443916178
D0005_Pnative.mesh_512.raw,214463,,134.1915616764319,95.17671127006983,-28.702011947531233
D0005_Pnative.mesh_512.raw,214607,,134.1766108768457,108.20540863675205,-29.894791389182604
D0005_Pnative.mesh_512.raw,215197,,133.98769743748943,106.6112145050084,-29.246654520847688
D0005_Pnative.mesh_512.raw,215347,,133.97108719215376,106.89018215374854,-29.11472374890087
D0005_Pnative.mesh_512.raw,215613,,133.92144799332215,106.20950822045981,-29.535863900529783
D0005_Pnative.mesh_512.raw,215723,,133.88217057874147,107.06197473219851,-29.05231579998372
D0005_Pnative.mesh_512.raw,215921,,134.1647264882941,100.77244457653745,-30.11334517001498
D0005_Pnative.mesh_512.raw,216353,,133.88504281565005,102.05626722021637,-29.66681432622661
D0005_Pnative.mesh_512.raw,216623,,134.07596337125287,100.46023226707881,-29.694357701741225
D0005_Pnative.mesh_512.raw,216845,,133.89355343025576,104.5513893227468,-29.992058079379078
D0005_Pnative.mesh_512.raw,216984,,134.17225572105744,99.03664024081854,-28.877570989651424
D0005_Pnative.mesh_512.raw,217262,,134.11915358137045,96.29801811640282,-28.984981831497944
D0005_Pnative.mesh_512.raw,217469,,134.2394781972673,97.0818133542061,-30.095100534438853
D0005_Pnative.mesh_512.raw,217646,,133.76896442150868,92.4107701770215,-28.862841994834668
D0005_Pnative.mesh_512.raw,218359,,134.12283614855295,94.9041024858556,-28.914604332344567
D0005_Pnative.mesh_512.raw,218719,,134.11736839077255,91.56735841415028,-28.68572223794996
D0005_Pnative.mesh_512.raw,218864,,134.12434963956014,94.96237538291523,-28.860753327444826
D0005_Pnative.mesh_512.raw,218976,,133.91799957472944,106.52394732540377,-29.320680411680797
D0005_Pnative.mesh_512.raw,219119,,134.07438530559185,94.3742625084189,-29.309980192391585
D0005_Pnative.mesh_512.raw,219193,,134.19214280483013,91.5897720382795,-28.670149569208395
D0005_Pnative.mesh_512.raw,219467,,134.17729080589052,95.80945375215063,-28.70217487854665
D0005_Pnative.mesh_512.raw,219606,,134.2003087455445,100.60824535527983,-30.047396657264272
D0005_Pnative.mesh_512.raw,220799,,133.99201976620478,106.74280172929974,-29.173011292800773
D0005_Pnative.mesh_512.raw,220905,,133.93282990620855,108.55469279398179,-30.088218812069254
D0005_Pnative.mesh_512.raw,221199,,133.99522531815637,94.35577535068998,-29.345367047447414
D0005_Pnative.mesh_512.raw,221307,,133.85560752708432,103.64721596695964,-28.827577059489688
D0005_Pnative.mesh_512.raw,221556,,134.20493438749403,96.47601498798434,-29.459396579163958
D0005_Pnative.mesh_512.raw,221744,,133.99169089262645,102.35564876300707,-29.43130196498787
D0005_Pnative.mesh_512.raw,222027,,134.15868828586736,111.31017439942978,-28.786516638860025
D0005_Pnative.mesh_512.raw,222175,,134.07355042088045,102.77639463771119,-29.206330883951722
D0005_Pnative.mesh_512.raw,222243,,133.75223003327272,100.50947801862614,-29.580782406242683
D0005_Pnative.mesh_512.raw,222339,,133.98166003441358,109.56683316808787,-29.79860603092972
D0005_Pnative.mesh_512.raw,222439,,134.087917699793,91.51058029926013,-28.720700994702874
D0005_Pnative.mesh_512.raw,222769,,133.962853007432,104.66914343840463,-30.262852859017354
D0005_Pnative.mesh_512.raw,223018,,134.1138373228032,111.35201607354242,-28.771605786822114
D0005_Pnative.mesh_512.raw,223044,,134.19455565710658,98.60544360233249,-29.090146605884236
D0005_Pnative.mesh_512.raw,223375,,133.94021517979616,96.27387921240754,-28.845905600001636
D0005_Pnative.mesh_512.raw,223628,,133.8039664719991,109.08621300233048,-30.066354899878725
D0005_Pnative.mesh_512.raw,223852,,134.01021289825712,90.47880004429503,-29.453082640866235
D0005_Pnative.mesh_512.raw,224290,,133.83119397347429,93.21964967489689,-29.977117942226624
D0005_Pnative.mesh_512.raw,224511,,133.8401618582837,105.02090399004338,-30.25535076301292
D0005_Pnative.mesh_512.raw,225388,,133.86494644789545,91.89565759185673,-28.614709673775245
D0005_Pnative.mesh_512.raw,225597,,133.82078670751827,110.78212515610976,-28.74794514663424
D0005_Pnative.mesh_512.raw,225867,,133.86145155745675,92.57117713648972,-29.178168940240596
D0005_Pnative.mesh_512.raw,226038,,133.91968801911645,101.82718115325989,-29.84067199761158
D0005_Pnative.mesh_512.raw,226120,,133.82781276866493,104.50795052629029,-29.860793830529715
D0005_Pnative.mesh_512.raw,227050,,133.99191177721892,108.63627523725764,-30.351340365062715
D0005_Pnative.mesh_512.raw,227605,,133.79409652360692,94.31832319398937,-29.415901233343114
D0005_Pnative.mesh_512.raw,228097,,133.92151930600866,105.1146582156932,-30.299801323240338
D0005_Pnative.mesh_512.raw,228753,,134.04817463306108,108.66317879582229,-30.394694106770274
D0005_Pnative.mesh_512.raw,228862,,134.17883358371077,92.08606014368794,-28.606363521873746
D0005_Pnative.mesh_512.raw,229045,,133.95610483515213,90.61136591435081,-29.36282821023047
D0005_Pnative.mesh_512.raw,229090,,133.83250875313735,107.28651011565157,-28.98050210909596
D0005_Pnative.mesh_512.raw,229395,,133.89207502454116,109.99729128963655,-29.40491432761431
D0005_Pnative.mesh_512.raw,229694,,134.0094706517191,102.58019203198131,-29.287391702678583
D0005_Pnative.mesh_512.raw,230129,,133.78532453860444,90.1322739467108,-29.7878913121692
D0005_Pnative.mesh_512.raw,230825,,134.09553444461687,100.16449502678203,-29.107190184979302
D0005_Pnative.mesh_512.raw,230841,,133.98510862912033,104.37994604092567,-29.650784139847826
D0005_Pnative.mesh_512.raw,231069,,134.05951843930302,110.09702285704094,-29.3590002448619
D0005_Pnative.mesh_512.raw,231103,,133.90374023725198,97.89385511739366,-29.733384451595224
D0005_Pnative.mesh_512.raw,231497,,134.0015637465626,109.43016134206785,-29.91766693610484
D0005_Pnative.mesh_512.raw,231961,,134.15369117469436,92.6476487216706,-29.54089217201458
D0005_Pnative.mesh_512.raw,232086,,133.7677297014263,97.91851816329554,-29.762548277049873
D0005_Pnative.mesh_512.raw,232088,,133.98080672813632,98.38871661242399,-29.306686851828317
D0005_Pnative.mesh_512.raw,232105,,133.9667465359922,106.64216067104468,-29.229906588696853
D0005_Pnative.mesh_512.raw,232329,,133.98998253689592,90.61200940987668,-29.353322459504902
D0005_Pnative.mesh_512.raw,232586,,134.10795938518788,98.22590517944286,-29.39002153067832
D0005_Pnative.mesh_512.raw,232916,,133.86065212271188,96.5356297954205,-29.3617451903146
D0005_Pnative.mesh_512.raw,233014,,134.13471834731982,110.35681004725458,-29.14789015748075
D0005_Pnative.mesh_512.raw,233016,,133.93199788403209,90.52237173169163,-29.439288625650068
D0005_Pnative.mesh_512.raw,233204,,133.85520675637255,97.28704928922802,-30.085739812326118
D0005_Pnative.mesh_512.raw,233231,,133.92543938931408,101.94112719760994,-29.746865157563988
D0005_Pnative.mesh_512.raw,233354,,134.2447501685012,103.02656493930141,-29.103053395238856
D0005_Pnative.mesh_512.raw,233434,,133.82802803466123,92.16591237698181,-28.60063547042446
D0005_Pnative.mesh_512.raw,233442,,134.2123732956775,101.83564639037559,-29.73902620280559
D0005_Pnative.mesh_512.raw,233929,,133.80858446842117,97.47884104916952,-30.03321925846955
D0005_Pnative.mesh_512.raw,234036,,134.2300240970232,104.48012403160484,-30.038005162554576
D0005_Pnative.mesh_512.raw,234160,,133.88318588408703,104.46637592673108,-29.79204034072935
D0005_Pnative.mesh_512.raw,234344,,134.1922778166198,105.27165311696552,-30.20847022413193
D0005_Pnative.mesh_512.raw,234553,,133.86012555263085,106.62550225173923,-29.262032598676562
D0005_Pnative.mesh_512.raw,234624,,133.9300338498699,97.51122161246973,-29.98843689303159
D0005_Pnative.mesh_512.raw,234696,,134.1338036398992,94.97439043887417,-28.84904370991901
D0005_Pnative.mesh_512.raw,235088,,134.0269351846217,107.7503168627803,-29.046186663940247
D0005_Pnative.mesh_512.raw,235228,,134.04142395296725,108.44531242505214,-30.037941843154712
D0005_Pnative.mesh_512.raw,235310,,133.98189728745194,92.59113956957059,-29.32295023033128
D0005_Pnative.mesh_512.raw,235639,,134.14097907686065,111.8594165083382,-28.777997557569797
D0005_Pnative.mesh_512.raw,236131,,133.90931744717005,93.48943844867924,-29.968717061936154
D0005_Pnative.mesh_512.raw,236601,,134.0342417233389,105.20010191151198,-30.28565462392934
D0005_Pnative.mesh_512.raw,236791,,134.2311804459217,101.93853260844155,-29.653693766113147
D0005_Pnative.mesh_512.raw,237404,,133.7854078903203,108.71606351021657,-30.2765269829332
D0005_Pnative.mesh_512.raw,237453,,133.89251912788342,110.24529773768288,-29.185588370159905
D0005_Pnative.mesh_512.raw,237584,,133.756920208914,104.92254193184465,-30.20966791472804
D0005_Pnative.mesh_512.raw,237784,,134.24883293148153,102.8307988068621,-29.155640473625567
D0005_Pnative.mesh_512.raw,237858,,133.78153561803765,90.97863283783008,-29.1190672854545
D0005_Pnative.mesh_512.raw,238158,,134.22305042895246,104.48547551454426,-30.04476102662771
D0005_Pnative.mesh_512.raw,238439,,134.01360015838912,106.39237972019052,-29.391003209986287
D0005_Pnative.mesh_512.raw,238485,,134.2364517073014,96.52736056367871,-29.57572190666482
D0005_Pnative.mesh_512.raw,238647,,133.79353737797126,110.79969119373614,-28.717540882449832
D0005_Pnative.mesh_512.raw,238962,,134.14287947338903,104.80644052433803,-30.275380976841916
D0005_Pnative.mesh_512.raw,239058,,133.8375180282803,99.59811202995317,-28.701478058518312
D0005_Pnative.mesh_512.raw,239083,,134.00071658880765,91.53131641807717,-28.7267549197286
D0005_Pnative.mesh_512.raw,239113,,134.1009225351913,109.68581373733153,-29.666584356641728
D0005_Pnative.mesh_512.raw,239992,,134.03392725795942,93.1012605110953,-30.077902539666145
D0005_Pnative.mesh_512.raw,240193,,134.16703111924164,99.55880966610938,-28.69966615932765
D0005_Pnative.mesh_512.raw,240327,,134.13677683035812,97.59735469781342,-29.89107449017084
D0005_Pnative.mesh_512.raw,240482,,133.96143300783453,102.53991934946292,-29.325520047200868
D0005_Pnative.mesh_512.raw,240555,,133.80715290708022,92.69448430424225,-29.3222890435082
D0005_Pnative.mesh_512.raw,240584,,134.00168329360048,106.40579402089782,-29.384344495513023
D0005_Pnative.mesh_512.raw,240724,,134.19800441149798,90.10765447385279,-29.67362476171295
D0005_Pnative.mesh_512.raw,241867,,133.78490400867275,96.76670572096057,-29.633798968084495
D0005_Pnative.mesh_512.raw,242007,,133.78520158259664,111.98754233905724,-28.262573468146513
D0005_Pnative.mesh_512.raw,242999,,134.03426086352567,106.36948668446271,-29.402298547453437
D0005_Pnative.mesh_512.raw,243064,,134.1853235283358,111.29377987980905,-28.793415307804644
D0005_Pnative.mesh_512.raw,243195,,133.83213933600499,90.77308604718996,-29.267379183732235
D0005_Pnative.mesh_512.raw,243522,,133.94689560364793,100.90608994518826,-30.153673553025378
D0005_Pnative.mesh_512.raw,243842,,134.06254535214927,109.29851322334389,-30.03195648108656
D0005_Pnative.mesh_512.raw,244029,,134.24039424033617,111.67330521783393,-28.946477767500024
D0005_Pnative.mesh_512.raw,244309,,134.0070930314395,101.94647291711732,-29.716143138030517
D0005_Pnative.mesh_512.raw,244885,,134.00179224686352,96.82858823775616,-29.849892662641402
D0005_Pnative.mesh_512.raw,245000,,133.7724071072066,99.16084381547391,-28.874829212212376
D0005_Pnative.mesh_512.raw,245046,,134.09493417201705,109.43974074274229,-29.89100204530734
D0005_Pnative.mesh_512.raw,245155,,133.98482401897058,96.25027977371369,-28.842947158450986
D0005_Pnative.mesh_512.raw,245714,,133.79397116753233,109.50375811672184,-29.79331463927129
D0005_Pnative.mesh_512.raw,246031,,134.23810709588503,102.61923381188444,-29.208900726590755
D0005_Pnative.mesh_512.raw,246376,,134.0190996343899,107.21528108826388,-28.983237061311605
D0005_Pnative.mesh_512.raw,246848,,133.80586202308814,101.95555062045577,-29.773364595369657
D0005_Pnative.mesh_512.raw,248135,,133.91611426558504,107.78008762631508,-29.058050697155444
D0005_Pnative.mesh_512.raw,248331,,134.08952139181375,90.36661254821648,-29.51237903123374
D0005_Pnative.mesh_512.raw,248863,,134.16387720551214,105.12453779099539,-30.269667358273097
D0005_Pnative.mesh_512.raw,248968,,133.86505975192227,93.8666861997493,-29.73571234640166
D0005_Pnative.mesh_512.raw,249156,,134.2339057437652,100.23567145543015,-29.33052500519844
D0005_Pnative.mesh_512.raw,249217,,133.75713586215812,99.44732737734361,-28.774583601382822
D0005_Pnative.mesh_512.raw,249486,,133.84882266008475,105.95361202816221,-29.76216011474921
D0005_Pnative.mesh_512.raw,249508,,134.17008938076665,100.56016119262866,-29.955685459900348
D0005_Pnative.mesh_512.raw,249834,,134.10397703767634,97.36714981633554,-30.006390571115453
D0005_Pnative.mesh_512.raw,250002,,133.93945151398435,102.91318777755515,-29.118110354589586
D0005_Pnative.mesh_512.raw,250174,,134.0242786167014,103.51911651113738,-28.86083028878309
D0005_Pnative.mesh_512.raw,250230,,134.0562961370888,92.90623792118834,-29.852469447813366
D0005_Pnative.mesh_512.raw,250312,,133.83939947076988,108.39529201195896,-29.84815098441379
D0005_Pnative.mesh_512.raw,250451,,133.77456745068577,98.95970516516,-28.985206686930226
D0005_Pnative.mesh_512.raw,251144,,133.75614932253356,92.54234838434681,-29.019989791949065
D0005_Pnative.mesh_512.raw,251367,,134.21971203493965,110.74666796204241,-28.924470222674124
D0005_Pnative.mesh_512.raw,252472,,133.88275850127025,111.19860288806863,-28.70674582912456
D0005_Pnative.mesh_512.raw,252877,,134.13747814053272,97.91990145157418,-29.630620058033234
D0005_Pnative.mesh_512.raw,253223,,134.0279301950081,97.83091052007887,-29.742733709136655
D0005_Pnative.mesh_512.raw,253436,,133.86112008605204,97.93861248328093,-29.711494025247852
D0005_Pnative.mesh_512.raw,253565,,133.99144003260082,94.11532040184576,-29.509048602566235
D0005_Pnative.mesh_512.raw,253585,,133.7596370215154,100.8390308744888,-30.1442759228675
D0005_Pnative.mesh_512.raw,253613,,134.14753767053253,103.43389718880097,-28.89161617059182
D0005_Pnative.mesh_512.raw,253667,,133.80479419128028,90.71960191354266,-29.31605905817634
D0005_Pnative.mesh_512.raw,254610,,134.24049663146147,92.42065325722386,-29.17027444089572
D0005_Pnative.mesh_512.raw,255062,,134.17307791524127,108.33541478048055,-30.029287469718
D0005_Pnative.mesh_512.raw,255212,,133.81594757460672,111.6216008749711,-28.48397894308908
D0005_Pnative.mesh_512.raw,255258,,133.75649687438585,108.05200723575926,-29.4078041256964
D0005_Pnative.mesh_512.raw,255508,,133.9336799809331,109.17858519932477,-30.1266155696594
D0005_Pnative.mesh_512.raw,255859,,133.8626291382689,90.85953670874737,-29.192108205889085
D0005_Pnative.mesh_512.raw,256694,,133.76939011359565,105.2756602997824,-30.272276602989415
D0005_Pnative.mesh_512.raw,256922,,133.99309834873253,92.96273246682756,-29.905774256367707
D0005_Pnative.mesh_512.raw,257095,,133.93125889466103,98.09904549684835,-29.55135889408274
D0005_Pnative.mesh_512.raw,257454,,133.91704165546253,92.71054133325963,-29.45390187459131
D0005_Pnative.mesh_512.raw,257532,,133.91723686639494,94.24557329629151,-29.440094638003895
D0005_Pnative.mesh_512.raw,257774,,134.05852192267963,107.29416476629963,-28.97392825643184
D0005_Pnative.mesh_512.raw,258085,,133.91057492783204,103.30750646517552,-28.93404417938214
D0005_Pnative.mesh_512.raw,258169,,134.0146245624645,93.27393078829525,-30.035186140835815
D0005_Pnative.mesh_512.raw,259001,,134.2055067200448,110.5394041665985,-29.04004589169616
D0005_Pnative.mesh_512.raw,260008,,133.88773912137475,99.16510089092378,-28.853777918721036
D0005_Pnative.mesh_512.raw,260080,,133.75894941947996,90.75980202589933,-29.2960045632414
D0005_Pnative.mesh_512.raw,260113,,133.76758435388643,103.09078824663618,-29.058340145032265
D0005_Pnative.mesh_512.raw,260125,,133.9628803374517,96.46081436036506,-29.228698463531728
D0005_Pnative.mesh_512.raw,260434,,134.0156567803453,107.74459234279664,-29.032140791249756
D0005_Pnative.mesh_512.raw,260456,,134.12284348550224,92.03649403201858,-28.578395051859307
D0005_Pnative.mesh_512.raw,260566,,133.75434044119157,98.47718663086374,-29.308367350104728
D0005_Pnative.mesh_512.raw,260586,,133.86822166568896,110.52733731353695,-28.958217900348142
D0005_Pnative.mesh_512.raw,260903,,134.08678926413236,104.40407915540601,-29.77275609754957
D0005_Pnative.mesh_512.raw,261254,,134.07966370989362,108.9352849052583,-30.2722723511664
D0005_Pnative.mesh_512.raw,261909,,133.8232024730262,96.77242075271954,-29.665980699913916
D0005_Pnative.mesh_512.raw,262096,,134.21545095299103,110.224631678021,-29.250441573604583
D0005_Pnative.mesh_512.raw,262306,,133.98239594074025,107.42042787860404,-28.967818255739132
D0005_Pnative.mesh_512.raw,263099,,133.81682652981019,101.69585190954356,-29.979768498800368
D0005_Pnative.mesh_512.raw,263672,,133.86943226686094,94.7049733519664,-29.12085407488832
D0005_Pnative.mesh_512.raw,264194,,134.10577551782947,99.11988990164873,-28.840240739279395
D0005_Pnative.mesh_512.raw,264428,,134.21865219031662,108.18972163350813,-29.90989352479459
D0005_Pnative.mesh_512.raw,264881,,133.7648293730023,90.31103751759785,-29.651657587307138
D0005_Pnative.mesh_512.raw,264933,,134.01117531022533,90.99330405471619,-29.049625632196445
D0005_Pnative.mesh_512.raw,264940,,134.03294655674765,109.49377188188154,-29.85380988220661
D0005_Pnative.mesh_512.raw,264954,,134.1221174334504,103.3918924763537,-28.905235199625594
D0005_Pnative.mesh_512.raw,265003,,133.9515485876775,96.7969204530735,-29.794389241231215
D0005_Pnative.mesh_512.raw,265085,,133.93183295924615,104.00064951825405,-29.17784786451248
D0005_Pnative.mesh_512.raw,265177,,133.9726935670025,94.82755699484278,-28.996517335593968
D0005_Pnative.mesh_512.raw,265378,,133.84337514679845,102.20772448384608,-29.56251224450123
D0005_Pnative.mesh_512.raw,265944,,134.0693959960715,103.77617560379892,-28.976792916095484
D0005_Pnative.mesh_512.raw,265968,,133.92028241117794,111.42746726601086,-28.69962027199119
D0005_Pnative.mesh_512.raw,266040,,133.92613326653102,110.826140390706,-28.843971841019943
D0005_Pnative.mesh_512.raw,266154,,133.95780047894658,99.80595232889011,-28.768266608971917
D0005_Pnative.mesh_512.raw,266192,,134.18058292490937,100.17153537376373,-29.190216231165863
D0005_Pnative.mesh_512.raw,266205,,133.95994864237784,103.39573523439506,-28.901020313381967
D0005_Pnative.mesh_512.raw,267010,,134.2139742630069,97.70189384554905,-29.787088857161343
D0005_Pnative.mesh_512.raw,267133,,134.0644663780418,99.46354172053687,-28.7357074936306
D0005_Pnative.mesh_512.raw,267740,,133.84672425384866,102.87209954820071,-29.16110217893164
D0005_Pnative.mesh_512.raw,267796,,133.81400025198613,93.03024927199343,-29.88804856832649
D0005_Pnative.mesh_512.raw,268018,,134.07953550743443,106.72561263100535,-29.169744901837394
D0005_Pnative.mesh_512.raw,269131,,134.01441769240805,109.5887486400883,-29.772047119522796
D0005_Pnative.mesh_512.raw,269690,,134.1145510790355,106.38749493324062,-29.372947090067463
D0005_Pnative.mesh_512.raw,269868,,134.241337336972,105.58277595148243,-29.954965216375726
D0005_Pnative.mesh_512.raw,269908,,134.05919387049983,90.62384571841376,-29.32566550136582
D0005_Pnative.mesh_512.raw,269967,,134.24369305576954,111.53236867717479,-28.86261853994598
D0005_Pnative.mesh_512.raw,269988,,133.96554368598393,94.97542954794707,-28.86238721506167
D0005_Pnative.mesh_512.raw,270024,,133.8282934652953,96.55737374041996,-29.401798613856368
D0005_Pnative.mesh_512.raw,270450,,133.8649371535679,99.25625037338749,-28.824920516405953
D0005_Pnative.mesh_512.raw,270564,,133.85603061325006,91.00395660873457,-29.080691533222243
D0005_Pnative.mesh_512.raw,270901,,134.1062755602104,105.5751419108479,-29.997812386916056
D0005_Pnative.mesh_512.raw,271262,,133.90993773638823,92.20441854122429,-28.699462649044605
D0005_Pnative.mesh_512.raw,271349,,133.79015757748962,107.8958944796827,-29.276564247467867
D0005_Pnative.mesh_512.raw,271450,,134.23421970800797,92.34460880344086,-28.99471582034814
D0005_Pnative.mesh_512.raw,271910,,134.19837977586565,107.38309161565877,-28.957410275651373
D0005_Pnative.mesh_512.raw,272129,,134.14685529877664,98.69829867655969,-29.0483052168214
D0005_Pnative.mesh_512.raw,272196,,134.12439131741215,92.50023235158864,-29.265114727028653
D0005_Pnative.mesh_512.raw,272255,,134.20809877666792,98.93244717569675,-28.923638523053405
D0005_Pnative.mesh_512.raw,273490,,133.87870659980229,109.92796006467728,-29.44899655429197
D0005_Pnative.mesh_512.raw,273972,,133.79696191484615,106.96117302704943,-29.100806689946843
D0005_Pnative.mesh_512.raw,274118,,133.9464250277282,95.88504076015516,-28.600039152824024
D0005_Pnative.mesh_512.raw,274543,,133.93290521546808,105.00906329166627,-30.2961394308155
D0005_Pnative.mesh_512.raw,274584,,134.09345539343502,97.84790186149442,-29.706040095019663
D0005_Pnative.mesh_512.raw,274611,,134.15462524732504,98.67403829253962,-29.059665860842415
D0005_Pnative.mesh_512.raw,274739,,134.09159601191038,103.85602285510613,-29.15251815236612
D0005_Pnative.mesh_512.raw,275129,,134.02977296633804,94.38726068668092,-29.314186041707178
D0005_Pnative.mesh_512.raw,275168,,134.0905100642529,107.97126021280803,-29.490637920804737
D0005_Pnative.mesh_512.raw,275238,,134.23282809566444,96.59195054297128,-29.770475851500116
D0005_Pnative.mesh_512.raw,275386,,134.12104179384838,92.06030380975852,-28.569794918800362
D0005_Pnative.mesh_512.raw,275481,,133.92184577745496,91.04898285588858,-29.029053068255173
D0005_Pnative.mesh_512.raw,275770,,134.09378572052526,93.77097898597377,-29.784755706322056
D0005_Pnative.mesh_512.raw,275996,,134.21013997815766,100.52421822761417,-29.906925725349215
D0005_Pnative.mesh_512.raw,276058,,133.97358621537063,97.6206782544007,-29.9375256870619
D0005_Pnative.mesh_512.raw,276447,,134.13018689199632,104.0725500399194,-29.373938346833356
D0005_Pnative.mesh_512.raw,276604,,134.16247368105508,103.10605424574794,-29.046628040061236
D0005_Pnative.mesh_512.raw,276705,,133.88265219743798,108.55570265043488,-30.041404587434506
D0005_Pnative.mesh_512.raw,276775,,133.84022068645174,98.59488286055819,-29.189430106996976
D0005_Pnative.mesh_512.raw,277471,,134.05572883906845,91.67300402611846,-28.695578882048476
D0005_Pnative.mesh_512.raw,277492,,133.8088548376722,94.70677117587502,-29.133066257076337
D0005_Pnative.mesh_512.raw,277723,,134.23660662433025,110.03393751968511,-29.39158257427718
D0005_Pnative.mesh_512.raw,277820,,134.07698791923372,90.82307433797868,-29.164970128097515
D0005_Pnative.mesh_512.raw,278293,,133.81181222785935,111.61543665593491,-28.477433869930362
D0005_Pnative.mesh_512.raw,278705,,134.08008869890466,90.16977812515158,-29.666439864538425
D0005_Pnative.mesh_512.raw,278851,,134.17354907003545,102.80801333562727,-29.17732299015045
D0005_Pnative.mesh_512.raw,279825,,134.01783721145827,107.64330590884369,-28.956376691355945
D0005_Pnative.mesh_512.raw,279865,,134.14713883243866,96.34784958761236,-29.149983459832203
D0005_Pnative.mesh_512.raw,280309,,134.19440694922758,103.18168094274327,-29.014539179182066
D0005_Pnative.mesh_512.raw,280532,,133.89366112950125,101.82977726179047,-29.846878286441925
D0005_Pnative.mesh_512.raw,281031,,133.83499916800469,108.54964197396995,-30.000074307342054
D0005_Pnative.mesh_512.raw,281317,,134.052919830882,95.18710105424942,-28.70958382731024
D0005_Pnative.mesh_512.raw,281744,,134.24603598792157,99.10679972362212,-28.828115243748314
D0005_Pnative.mesh_512.raw,281904,,134.02638029661452,95.79749938673575,-28.63415131369398
D0005_Pnative.mesh_512.raw,282375,,134.05692442476527,102.04999016544637,-29.61699240563909
D0005_Pnative.mesh_512.raw,282689,,133.94509528274918,104.32967710191296,-29.513622413413827
D0005_Pnative.mesh_512.raw,282772,,134.1454260863699,105.04773238516084,-30.26646378381181
D0005_Pnative.mesh_512.raw,282783,,133.78056505875196,110.97287605272604,-28.671380772521236
D0005_Pnative.mesh_512.raw,282795,,133.8822289772411,111.03461036983252,-28.76034846981429
D0005_Pnative.mesh_512.raw,283256,,133.83953151397006,102.64810810673846,-29.288191926957204
D0005_Pnative.mesh_512.raw,283445,,134.2359327537169,110.87101350227988,-28.894493556180564
D0005_Pnative.mesh_512.raw,283648,,133.76173427169977,103.88479824201893,-28.92268319360379
D0005_Pnative.mesh_512.raw,284199,,133.8943002046808,99.56059156472669,-28.710709433485388
D0005_Pnative.mesh_512.raw,284338,,133.9529097239276,96.08211769308608,-28.633356622073144
D0005_Pnative.mesh_512.raw,284358,,133.89209304074012,110.03272690547608,-29.376749528763366
D0005_Pnative.mesh_512.raw,284599,,133.97481206917763,94.48024290075917,-29.2676412906336
D0005_Pnative.mesh_512.raw,284722,,134.16823146152393,95.57270974478146,-28.51252716463788
D0005_Pnative.mesh_512.raw,285213,,133.893055159164,106.15212421355277,-29.587262762266022
D0005_Pnative.mesh_512.raw,285408,,134.20624506555674,109.09824867469233,-30.15548861021537
D0005_Pnative.mesh_512.raw,285519,,133.89998721292395,104.55876794986837,-30.01207919483188
D0005_Pnative.mesh_512.raw,285721,,133.98778552235126,97.17529698293657,-30.09629732959418
D0005_Pnative.mesh_512.raw,286005,,133.75185626553997,98.28304501666669,-29.461101161452564
D0005_Pnative.mesh_512.raw,286053,,134.1336393274321,105.96477611306608,-29.677710475567537
D0005_Pnative.mesh_512.raw,286062,,134.02979846787923,108.31466532091251,-29.887155987347874
D0005_Pnative.mesh_512.raw,286302,,133.86270780418016,103.67953406902559,-28.820626996332372
D0005_Pnative.mesh_512.raw,286342,,133.9758584300638,95.9363637145914,-28.625098006999885
D0005_Pnative.mesh_512.raw,287120,,134.01506828042102,100.87918397295697,-30.130622305034606
D0005_Pnative.mesh_512.raw,287199,,133.79152729750007,92.43304389773729,-28.90780595784146
D0005_Pnative.mesh_512.raw,287361,,133.82022056451817,97.80297986768097,-29.84013464565843
D0005_Pnative.mesh_512.raw,287525,,133.83299517186103,110.63787472277333,-28.848996464781948
D0005_Pnative.mesh_512.raw,287761,,134.1460551195639,103.54353285169037,-28.854845123183402
D0005_Pnative.mesh_512.raw,287781,,133.7873608589992,97.80328175159639,-29.85192061779202
D0005_Pnative.mesh_512.raw,288197,,134.08003416460733,108.4083032656686,-30.025497440284816
D0005_Pnative.mesh_512.raw,288289,,134.1024491280915,95.2891992593383,-28.66410531342651
D0005_Pnative.mesh_512.raw,288308,,133.92247073281106,107.74302406635027,-28.993061270699602
D0005_Pnative.mesh_512.raw,289227,,133.80895526691137,105.3522294112591,-30.22529250267596
D0005_Pnative.mesh_512.raw,289504,,134.02234734104,102.93386292259454,-29.119578459600604
D0005_Pnative.mesh_512.raw,289610,,134.0242504569672,99.21343938645366,-28.825988004053475
D0005_Pnative.mesh_512.raw,289741,,133.82733252181183,111.39046864582087,-28.540920218519652
D0005_Pnative.mesh_512.raw,290260,,133.8980333584134,91.10607198863686,-28.997448356420303
D0005_Pnative.mesh_512.raw,290782,,133.97490344413018,109.42414703314827,-29.928626077081567
D0005_Pnative.mesh_512.raw,290795,,133.84159853200237,92.03342805822803,-28.565398533731596
D0005_Pnative.mesh_512.raw,291677,,133.94209777516352,105.98171988411106,-29.72000806380453
D0005_Pnative.mesh_512.raw,291868,,134.237887134107,98.01900262630693,-29.50772282548759
D0005_Pnative.mesh_512.raw,292241,,134.05425665178515,96.45593877095149,-29.35002904364599
D0005_Pnative.mesh_512.raw,292341,,134.08631704772594,100.51816481298056,-29.872607186148073
D0005_Pnative.mesh_512.raw,292458,,134.0393741467385,98.70716995108924,-29.06832859174674
D0005_Pnative.mesh_512.raw,292572,,134.16549141114746,105.25996819302101,-30.22124415338815
D0005_Pnative.mesh_512.raw,292707,,133.96988410595583,100.70055886382085,-30.065085640379863
D0005_Pnative.mesh_512.raw,292819,,133.87324447251,90.6826372715459,-29.327951374416287
D0005_Pnative.mesh_512.raw,292870,,134.05823779714035,90.86513808327791,-29.13702259619275
D0005_Pnative.mesh_512.raw,292942,,134.10354285900817,108.93689705328435,-30.26878518369093
D0005_Pnative.mesh_512.raw,293545,,133.97284364797744,103.88210977760852,-29.10097370770679
D0005_Pnative.mesh_512.raw,293605,,133.9805586235471,92.95199537682676,-29.881648455304898
D0005_Pnative.mesh_512.raw,293737,,133.8979955894223,99.4978477944537,-28.732605197646617
D0005_Pnative.mesh_512.raw,293744,,133.96609105736752,97.79488401725564,-29.794115015689833
D0005_Pnative.mesh_512.raw,293767,,133.82911966967868,96.86564799468442,-29.767982086732708
D0005_Pnative.mesh_512.raw,293869,,134.24550402042652,102.34552908645679,-29.367859088625494
D0005_Pnative.mesh_512.raw,294547,,134.19655561412083,105.27272594753993,-30.206982994783278
D0005_Pnative.mesh_512.raw,294599,,133.97215387989496,91.6527764251881,-28.694250470963503
D0005_Pnative.mesh_512.raw,294790,,134.17896286339086,107.051804392742,-29.029818600378846
D0005_Pnative.mesh_512.raw,294791,,134.09559326695933,99.27012805216197,-28.80258842391385
D0005_Pnative.mesh_512.raw,294944,,134.00110297983548,105.33724899264027,-30.195814966265917
D0005_Pnative.mesh_512.raw,295123,,134.1591264715944,93.03396652605205,-30.077733700195324
D0005_Pnative.mesh_512.raw,295188,,134.03593496657265,111.17276202270139,-28.80146975818316
D0005_Pnative.mesh_512.raw,295342,,134.19873236161357,103.85966786293713,-29.171555652269817
D0005_Pnative.mesh_512.raw,295554,,134.09505672146724,106.7919022744168,-29.140577944866408
D0005_Pnative.mesh_512.raw,296308,,133.97114619661818,94.03190376258902,-29.586794891193556
D0005_Pnative.mesh_512.raw,296383,,133.9771476938682,107.64641145016269,-28.948612092244915
D0005_Pnative.mesh_512.raw,297941,,133.97112170770544,108.95954273910769,-30.268016441771188
D0005_Pnative.mesh_512.raw,298408,,134.08261820522628,102.68270748753005,-29.218491399634452
D0005_Pnative.mesh_512.raw,298429,,134.09652754270755,111.71857515267206,-28.817619684909737
D0005_Pnative.mesh_512.raw,298459,,134.09398138199538,109.79166006981835,-29.578108304640267
D0005_Pnative.mesh_512.raw,298493,,134.04827215321293,91.45114450728846,-28.761653732556038
D0005_Pnative.mesh_512.raw,299027,,134.02270792668335,91.57230986374948,-28.704636162938286
D0005_Pnative.mesh_512.raw,299059,,134.18993008376975,106.7907831968057,-29.129815571050486
D0005_Pnative.mesh_512.raw,299791,,133.8064212533249,98.17187948289552,-29.531962060377577
D0005_Pnative.mesh_512.raw,300079,,133.91505390858944,97.97553273278338,-29.660796003448745
D0005_Pnative.mesh_512.raw,300217,,134.05272276284504,104.66553353895091,-30.276052152292223
D0005_Pnative.mesh_512.raw,300369,,134.06573253221052,94.12440932137515,-29.480401649171856
D0005_Pnative.mesh_512.raw,300400,,133.83126126929795,109.51964379348874,-29.797238359751372
D0005_Pnative.mesh_512.raw,300450,,134.21100813149147,93.14707276402365,-30.104128656960423
D0005_Pnative.mesh_512.raw,300471,,133.8795620284273,111.03079359100012,-28.758436995727543
D0005_Pnative.mesh_512.raw,300530,,133.98543428187523,108.60217539213443,-30.26988017526535
D0005_Pnative.mesh_512.raw,300584,,134.1140248421065,106.2921579885343,-29.43833746134773
D0005_Pnative.mesh_512.raw,300615,,133.80371507966117,93.16727884975461,-29.971910103139397
D0005_Pnative.mesh_512.raw,301140,,133.85369515833133,105.72751468099135,-29.951048991031893
D0005_Pnative.mesh_512.raw,301906,,133.99675713624043,110.1408678321476,-29.326982544174726
D0005_Pnative.mesh_512.raw,302308,,134.13381225767694,103.00272738468276,-29.09898270651002
D0005_Pnative.mesh_512.raw,302338,,133.77933871486792,110.04206748816658,-29.276100681825447
D0005_Pnative.mesh_512.raw,302410,,133.985825278364,94.3206211228481,-29.371718876531798
D0005_Pnative.mesh_512.raw,302653,,133.85518980453722,107.64708163149406,-28.94754459966768
D0005_Pnative.mesh_512.raw,303061,,133.80494272685124,105.0713374811913,-30.254247083283374
D0005_Pnative.mesh_512.raw,303098,,134.12268461257872,100.42125912685067,-29.637522335612765
D0005_Pnative.mesh_512.raw,303545,,134.16235696283266,108.0210386034426,-29.638309579479383
D0005_Pnative.mesh_512.raw,303628,,134.2004124141868,101.94036010022877,-29.660699794844753
D0005_Pnative.mesh_512.raw,303852,,133.8782269307938,110.40215016153141,-29.04083466260537
D0005_Pnative.mesh_512.raw,304204,,134.2040343501505,110.71146007009833,-28.940160780203698
D0005_Pnative.mesh_512.raw,304215,,133.8073864067134,106.43267982496083,-29.403983833714655
D0005_Pnative.mesh_512.raw,304543,,134.0556986779449,100.02412993189223,-28.885283675397268
D0005_Pnative.mesh_512.raw,305019,,134.15029984993495,101.29764637055528,-30.133522135120334
D0005_Pnative.mesh_512.raw,305639,,133.7969636928327,101.81344629157712,-29.89090336960291
D0005_Pnative.mesh_512.raw,305661,,133.77059391094056,90.66883541849928,-29.36536438681669
D0005_Pnative.mesh_512.raw,306189,,134.15813824860743,107.60123969993603,-29.001660772491
D0005_Pnative.mesh_512.raw,306320,,134.2119391383437,96.30237963295009,-29.104295687268117
D0005_Pnative.mesh_512.raw,306821,,133.99347459400354,91.00923900399188,-29.041745092412693
D0005_Pnative.mesh_512.raw,306920,,134.13589315012783,93.16649327651893,-30.084842370963585
D0005_Pnative.mesh_512.raw,307296,,134.2252363864757,108.84109473614996,-30.33138233657586
D0005_Pnative.mesh_512.raw,307574,,134.16977399298807,94.18926923929712,-29.406632801331906
D0005_Pnative.mesh_512.raw,307775,,134.1527534647978,91.61863009150133,-28.67737638667672
D0005_Pnative.mesh_512.raw,308043,,134.1088853018237,104.29896559709698,-29.613805517351587
D0005_Pnative.mesh_512.raw,308441,,134.17815196406272,111.31851423595816,-28.78685542874367
D0005_Pnative.mesh_512.raw,308784,,133.82930583922007,95.43112517775226,-28.653865588672538
D0005_Pnative.mesh_512.raw,309114,,134.0954341336177,96.08433294338897,-28.7178439828517
D0005_Pnative.mesh_512.raw,309636,,134.00646878106116,101.95985055790965,-29.705547724287428
D0005_Pnative.mesh_512.raw,309723,,133.82112657422311,111.22297175085879,-28.575161774994537
D0005_Pnative.mesh_512.raw,309772,,134.21548889751273,98.55812456676986,-29.116867707238754
D0005_Pnative.mesh_512.raw,309813,,134.13412054830604,101.81904672879003,-29.777801695910135
D0005_Pnative.mesh_512.raw,311227,,133.89427605552945,92.13229725794685,-28.595389938341107
D0005_Pnative.mesh_512.raw,311605,,134.13013408486938,97.30867626819864,-30.03769742200978
D0005_Pnative.mesh_512.raw,311812,,134.1022157900699,106.20360573906893,-29.501034768759038
D0005_Pnative.mesh_512.raw,312271,,133.75865093011225,105.98830051494866,-29.750827909702007
D0005_Pnative.mesh_512.raw,312434,,133.89770225442737,103.989224193567,-29.14381453153564
D0005_Pnative.mesh_512.raw,312447,,134.16383008822805,100.30324582540345,-29.403023743243377
D0005_Pnative.mesh_512.raw,312629,,133.92063733987092,110.45182091267175,-29.056304675019646
D0005_Pnative.mesh_512.raw,312869,,133.81530755396426,96.92942367854283,-29.82555286559464
D0005_Pnative.mesh_512.raw,313035,,134.1148899229468,95.96434805821374,-28.711378727327695
D0005_Pnative.mesh_512.raw,313073,,133.94940830484376,101.69609687574071,-29.936942743519165
D0005_Pnative.mesh_512.raw,313242,,134.0341618585902,100.44884744183805,-29.610637296266916
D0005_Pnative.mesh_512.raw,313319,,133.79787637522492,111.09012623929031,-28.639855815184845
D0005_Pnative.mesh_512.raw,313658,,133.96199552282206,92.39680070760588,-28.97522622905962
D0005_Pnative.mesh_512.raw,313707,,133.77200366944385,107.81089362371289,-29.10478339092594
D0005_Pnative.mesh_512.raw,313805,,133.82453110808075,100.9786243133625,-30.1956182423325
D0005_Pnative.mesh_512.raw,314002,,133.98307266579167,102.47653679915848,-29.35882045898738
D0005_Pnative.mesh_512.raw,314100,,133.91583537463674,110.39941950714146,-29.092154781849143
D0005_Pnative.mesh_512.raw,314525,,133.98648545671696,109.572316704065,-29.792660863211136
D0005_Pnative.mesh_512.raw,314728,,134.14914365644054,99.32236974621918,-28.78271516658706
D0005_Pnative.mesh_512.raw,315093,,134.11953445358546,109.63304458296014,-29.71028414432673
D0005_Pnative.mesh_512.raw,315187,,134.19872047861463,106.59590724400408,-29.227232414447613
D0005_Pnative.mesh_512.raw,315235,,133.86621234780347,101.14506557230524,-30.26017973662131
D0005_Pnative.mesh_512.raw,315944,,134.03851524323167,96.80493377403884,-29.84476249500564
D0005_Pnative.mesh_512.raw,316002,,133.88388475710963,90.9041870440783,-29.151860342609698
D0005_Pnative.mesh_512.raw,316674,,133.9445102583374,104.93267595728432,-30.29162442896564
D0005_Pnative.mesh_512.raw,316726,,133.84342853756306,101.44490700537284,-30.121807957603508
D0005_Pnative.mesh_512.raw,316775,,134.21078284873713,96.50524498657454,-29.511328309109107
D0005_Pnative.mesh_512.raw,316936,,134.07308982817813,95.1104016128973,-28.73887683853428
D0005_Pnative.mesh_512.raw,317478,,133.80990231036466,100.66689234897895,-29.966291276711612
D0005_Pnative.mesh_512.raw,317542,,134.12816648869313,110.47625268654025,-29.06549566178932
D0005_Pnative.mesh_512.raw,318267,,134.2014447199001,92.60380524203687,-29.51529296277252
D0005_Pnative.mesh_512.raw,318546,,134.2447007060535,108.526096632292,-30.31110754557455
D0005_Pnative.mesh_512.raw,318558,,133.75745967732158,94.2280816485213,-29.48389522464393
D0005_Pnative.mesh_512.raw,318698,,134.01719463512262,107.08318452084598,-29.02969559057492
D0005_Pnative.mesh_512.raw,319057,,134.1313889533831,96.76964012589556,-29.855739378582214
D0005_Pnative.mesh_512.raw,319244,,134.1501311058713,96.28825128208166,-28.991339923218366
D0005_Pnative.mesh_512.raw,319622,,134.10649093450067,104.27106513376727,-29.579755606236105
D0005_Pnative.mesh_512.raw,319909,,134.07052929621227,104.87647823345156,-30.265157212988832
D0005_Pnative.mesh_512.raw,320202,,133.78866074382233,104.97179831728455,-30.22806523543789
D0005_Pnative.mesh_512.raw,320399,,133.7937830908332,108.21492970691884,-29.592199689742003
D0005_Pnative.mesh_512.raw,320405,,133.91340308451174,102.48908808451189,-29.369809666579094
D0005_Pnative.mesh_512.raw,320476,,133.92283589346323,108.43581482731582,-29.92772240004753
D0005_Pnative.mesh_512.raw,320636,,134.1227238490346,98.50784911261299,-29.171831088838307
D0005_Pnative.mesh_512.raw,320646,,133.75111186884385,101.33408352870147,-30.21109362962502
D0005_Pnative.mesh_512.raw,321506,,134.03726363655653,111.52279360967627,-28.72315934884586
D0005_Pnative.mesh_512.raw,321723,,134.22260626524576,93.58398048602155,-29.920146938207203
D0005_Pnative.mesh_512.raw,322037,,134.03266900199617,101.75919122352325,-29.859014691916972
D0005_Pnative.mesh_512.raw,322150,,133.98757463181875,104.96097360589144,-30.286534206666914
D0005_Pnative.mesh_512.raw,322642,,134.0986334239796,97.537863824206,-29.922899452055375
D0005_Pnative.mesh_512.raw,322855,,133.81297275890034,99.10724426030788,-28.895175693574778
D0005_Pnative.mesh_512.raw,323166,,133.82912433646896,91.87622267277895,-28.626398435449616
D0005_Pnative.mesh_512.raw,323574,,133.77273568630088,93.63544555098093,-29.93608791410975
D0005_Pnative.mesh_512.raw,323906,,134.17281830349754,98.73610514434418,-29.021804617469524
D0005_Pnative.mesh_512.raw,323909,,134.07975801313162,100.45008188792096,-29.66941946292782
D0005_Pnative.mesh_512.raw,323962,,134.09652840507306,93.24342777237337,-30.055327272593086
D0005_Pnative.mesh_512.raw,324574,,133.9347317801445,102.70975172906745,-29.23081301105848
D0005_Pnative.mesh_512.raw,325071,,134.00386863136777,100.80597660932233,-30.102476450385048
D0005_Pnative.mesh_512.raw,325123,,134.15022132135985,103.21496626676968,-28.992331352171487
D0005_Pnative.mesh_512.raw,325177,,134.05240211119073,106.14034892513561,-29.55911537430412
D0005_Pnative.mesh_512.raw,326548,,133.8579848470507,104.41908135018824,-29.671422680502612
D0005_Pnative.mesh_512.raw,326748,,133.75857526200977,92.67370906737523,-29.241347649254976
D0005_Pnative.mesh_512.raw,326806,,134.08164141993169,102.4058839405536,-29.375494122327495
D0005_Pnative.mesh_512.raw,326999,,133.88939099812814,97.36782345576111,-30.04755626488386
D0005_Pnative.mesh_512.raw,327000,,134.10254839039055,103.4369110351673,-28.889794069923983
D0005_Pnative.mesh_512.raw,327105,,134.04760733665762,96.5786453836442,-29.59424126828087
D0005_Pnative.mesh_512.raw,327216,,134.1052852257932,108.91839082504254,-30.280386220365656
D0005_Pnative.mesh_512.raw,327490,,134.09616148354345,100.69549124173204,-30.098334489561353
D0005_Pnative.mesh_512.raw,327798,,133.92009305068999,106.15960268962249,-29.575690428372898
D0005_Pnative.mesh_512.raw,327889,,133.96417699855454,97.11095062445798,-30.119529359508153
D0005_Pnative.mesh_512.raw,328604,,134.13897524517606,103.84757506168087,-29.136807885728345
D0005_Pnative.mesh_512.raw,329038,,134.08031489620112,90.93307263035156,-29.07895733757093
D0005_Pnative.mesh_512.raw,329053,,133.82355129885428,110.49496488340145,-28.944341523007754
D0005_Pnative.mesh_512.raw,329983,,134.11857003130035,93.93034912332678,-29.644612388849914
D0005_Pnative.mesh_512.raw,330037,,134.23232332371296,92.26135193871451,-28.8870493403953
D0005_Pnative.mesh_512.raw,330401,,134.10525829405847,106.02081688939845,-29.63915832017596
D0005_Pnative.mesh_512.raw,330446,,133.7583949597613,110.07718792838426,-29.230856147906508
D0005_Pnative.mesh_512.raw,330558,,133.7962216678742,106.0329271960901,-29.706083465467348
D0005_Pnative.mesh_512.raw,330794,,134.18813161877023,111.57621881775621,-28.831489003189542
D0005_Pnative.mesh_512.raw,330889,,133.97338253213113,108.00979471090574,-29.535115866009686
D0005_Pnative.mesh_512.raw,331217,,133.89550531545456,98.41614733067345,-29.313007553098295
D0005_Pnative.mesh_512.raw,331460,,133.90276970214046,98.86805313546454,-29.011171327729038
D0005_Pnative.mesh_512.raw,331503,,133.9980573174597,99.5093753543355,-28.72045102139996
D0005_Pnative.mesh_512.raw,331988,,134.0095272616176,110.61770003353149,-28.968502765767713
D0005_Pnative.mesh_512.raw,332423,,134.12967391972745,108.27506619387209,-29.927664662617502
D0005_Pnative.mesh_512.raw,332517,,133.895798900403,101.57460246555308,-30.03120595024973
D0005_Pnative.mesh_512.raw,332619,,133.80750516096498,100.93804962165473,-30.180522841248607
D0005_Pnative.mesh_512.raw,332997,,134.2050692515085,100.27787655376113,-29.387527508219673
D0005_Pnative.mesh_512.raw,333361,,133.87268750404024,103.09725236697352,-29.031319000162718
D0005_Pnative.mesh_512.raw,333434,,134.0827601372985,104.8120905420999,-30.26174572442266
D0005_Pnative.mesh_512.raw,333943,,133.84345475516795,104.53389274205625,-29.927829951462556
D0005_Pnative.mesh_512.raw,334343,,133.93555794250955,95.52537570673505,-28.583570610867497
D0005_Pnative.mesh_512.raw,335060,,133.80780325045737,94.51900205699164,-29.276755314308335
D0005_Pnative.mesh_512.raw,335088,,133.9633538655079,100.36422736274926,-29.360707988153607
D0005_Pnative.mesh_512.raw,335759,,134.20383832040233,95.83312343563173,-28.71899483465712
D0005_Pnative.mesh_512.raw,335811,,133.83107739861916,108.93920899457262,-30.17899146385234
D0005_Pnative.mesh_512.raw,335947,,133.96341143763362,90.2977937938584,-29.606683088345477
D0005_Pnative.mesh_512.raw,336127,,134.1208187117042,90.87115384700351,-29.115684116861175
D0005_Pnative.mesh_512.raw,336507,,134.1065600956165,96.5853819607442,-29.657979999778348
D0005_Pnative.mesh_512.raw,336643,,133.8902738562187,91.9446223286513,-28.594059806497828
D0005_Pnative.mesh_512.raw,336770,,134.19095133270753,93.85548820807406,-29.695864518201297
D0005_Pnative.mesh_512.raw,336773,,134.0739711302689,102.57523709624934,-29.274352527698138
D0005_Pnative.mesh_512.raw,337771,,134.1248697273609,102.04414099395595,-29.602890922494165
D0005_Pnative.mesh_512.raw,337895,,134.0108378427064,96.45353931446908,-29.277589422997536
D0005_Pnative.mesh_512.raw,338378,,133.81876453930505,94.0709222642337,-29.59011601662303
D0005_Pnative.mesh_512.raw,338632,,133.84176510397242,91.78656400666193,-28.656211538813935
D0005_Pnative.mesh_512.raw,339066,,133.90569031885303,106.89645573111058,-29.1186427682063
D0005_Pnative.mesh_512.raw,339486,,133.83059097105743,91.66558479973583,-28.700265366528136
D0005_Pnative.mesh_512.raw,339520,,133.81002573564467,95.72469866208922,-28.599724079669286
D0005_Pnative.mesh_512.raw,339576,,134.06749038287003,108.44651545751711,-30.08382145936732
D0005_Pnative.mesh_512.raw,339643,,134.21440252304308,92.4153493877983,-29.141978591900653
D0005_Pnative.mesh_512.raw,340064,,134.09966367260992,98.87620032191943,-28.970255436609747
D0005_Pnative.mesh_512.raw,340203,,134.24034886980286,110.63994791237307,-28.9927386604677
D0005_Pnative.mesh_512.raw,340435,,134.04602241853823,96.90800579256351,-29.949078485791667
D0005_Pnative.mesh_512.raw,340630,,134.12109051573117,99.20267037899079,-28.815129278510927
D0005_Pnative.mesh_512.raw,340687,,133.97727513335536,109.17022960386147,-30.133264324245314
D0005_Pnative.mesh_512.raw,340871,,134.03608275290327,108.79561984463933,-30.367131256615448
D0005_Pnative.mesh_512.raw,341254,,134.13232064551963,103.1059104048002,-29.04203960705763
D0005_Pnative.mesh_512.raw,341263,,133.8625025258226,110.73826809886297,-28.797752289026157
D0005_Pnative.mesh_512.raw,341526,,134.0108256733698,108.82285287379918,-30.350938001694686
D0005_Pnative.mesh_512.raw,341566,,134.14153234334665,92.80390655267097,-29.739249506249806
D0005_Pnative.mesh_512.raw,341841,,133.93790940658675,107.80097610793247,-29.10205061809959
D0005_Pnative.mesh_512.raw,341873,,134.185418299421,108.3345134014271,-30.047959048545415
D0005_Pnative.mesh_512.raw,341934,,133.76538000183453,102.87455317130863,-29.178265401085966
D0005_Pnative.mesh_512.raw,342226,,134.24515024125552,104.30747177757586,-29.736298059907263
D0005_Pnative.mesh_512.raw,342342,,133.77399093312516,104.4085588549705,-29.599886302880876
D0005_Pnative.mesh_512.raw,342692,,134.12584587492603,111.04312533470417,-28.83687180350975
D0005_Pnative.mesh_512.raw,342744,,134.0243057833418,101.51446090048054,-30.031757306936974
D0005_Pnative.mesh_512.raw,343256,,133.94433196320304,100.7569277824442,-30.092764995434663
D0005_Pnative.mesh_512.raw,343396,,134.10021644204662,102.52811134138506,-29.295633509640034
D0005_Pnative.mesh_512.raw,343735,,134.07407980417946,106.4355627090606,-29.348613871546934
D0005_Pnative.mesh_512.raw,343779,,134.14841160834555,93.53707525031759,-29.942210470454565
D0005_Pnative.mesh_512.raw,344188,,133.87875835544145,92.44735513865739,-28.989033855958844
D0005_Pnative.mesh_512.raw,344370,,134.08621068873072,109.27578487428846,-30.047114322018487
D0005_Pnative.mesh_512.raw,344540,,133.8991099117995,99.66680122948055,-28.697376268397367
D0005_Pnative.mesh_512.raw,344609,,134.1790498469013,105.53512701286975,-30.008964278351684
D0005_Pnative.mesh_512.raw,345092,,133.98706878242234,100.21422360194343,-29.09626810785514
D0005_Pnative.mesh_512.raw,345334,,133.84378986193568,97.00894871387776,-29.938295357672303
D0005_Pnative.mesh_512.raw,345377,,133.89067838440343,94.70012088959581,-29.120212413321717
D0005_Pnative.mesh_512.raw,345436,,134.01312847969265,96.56692005953695,-29.552339154179997
D0005_Pnative.mesh_512.raw,345465,,133.87596560052998,100.24297954723914,-29.09288463081439
D0005_Pnative.mesh_512.raw,345780,,134.11070358474993,100.19673451271674,-29.165157499618402
D0005_Pnative.mesh_512.raw,345905,,133.81980157969807,106.73280888972174,-29.19599060996699
D0005_Pnative.mesh_512.raw,346162,,133.8880474412941,91.62540071500328,-28.70660809445846
D0005_Pnative.mesh_512.raw,346195,,133.9476451745183,96.33909426676948,-28.933265092328867
D0005_Pnative.mesh_512.raw,346360,,134.1669014880861,105.49228097974691,-30.048091205150776
D0005_Pnative.mesh_512.raw,346718,,133.7608323732427,107.90312136736907,-29.28798919292089
D0005_Pnative.mesh_512.raw,346808,,133.92977606386975,104.56244581455148,-30.03229973217728
D0005_Pnative.mesh_512.raw,347064,,133.9974177697149,94.29329194944393,-29.38672243679684
D0005_Pnative.mesh_512.raw,347219,,134.06689994385056,94.44563114022908,-29.264188936168118
D0005_Pnative.mesh_512.raw,347788,,134.13407711717758,90.18521233907805,-29.635015072567796
D0005_Pnative.mesh_512.raw,347848,,134.09044711669034,92.15201908097711,-28.701317702109556
D0005_Pnative.mesh_512.raw,348005,,133.76458933993706,97.34804182036612,-30.0893063335412
D0005_Pnative.mesh_512.raw,348236,,134.07699711898897,108.11027908544706,-29.718894191609444
D0005_Pnative.mesh_512.raw,348542,,134.172434477269,105.22703495683675,-30.242992841323627
D0005_Pnative.mesh_512.raw,348782,,134.22630430914177,96.31308769292389,-29.159348528486348
D0005_Pnative.mesh_512.raw,349518,,133.819377486699,107.42829430759336,-28.96500310808196
D0005_Pnative.mesh_512.raw,349557,,134.22856935883544,110.12445705340133,-29.32950850014615
D0005_Pnative.mesh_512.raw,349594,,134.05775534904154,90.4521621924755,-29.461097898019226
D0005_Pnative.mesh_512.raw,350643,,133.7650333403454,111.14553749579711,-28.5355859330726
D0005_Pnative.mesh_512.raw,351329,,133.97805932989203,96.58791293076732,-29.580004424450344
D0005_Pnative.mesh_512.raw,351599,,134.19911573922553,95.31236922928497,-28.646531030569438
D0005_Pnative.mesh_512.raw,351651,,133.92552330778523,104.53917378075317,-29.97940567383044
D0005_Pnative.mesh_512.raw,352076,,133.85020525733034,95.34550468988746,-28.682145014402057
D0005_Pnative.mesh_512.raw,352275,,133.9362300527118,101.85237592956165,-29.815059474137364
D0005_Pnative.mesh_512.raw,352320,,134.1352161217735,93.99236095306075,-29.57956184454156
D0005_Pnative.mesh_512.raw,352423,,134.0143498973627,98.53812631958797,-29.17809096795243
D0005_Pnative.mesh_512.raw,352440,,134.1858690456088,108.78431841362664,-30.37311974286704
D0005_Pnative.mesh_512.raw,352877,,134.2183585598443,100.79410366980221,-30.13033253336767
D0005_Pnative.mesh_512.raw,352952,,134.16470781032055,111.73865862736035,-28.903546484137223
D0005_Pnative.mesh_512.raw,353227,,133.81191929726737,91.83740344504032,-28.642380061872323
D0005_Pnative.mesh_512.raw,353264,,134.20107417576412,100.19871217530167,-29.243864142994468
D0005_Pnative.mesh_512.raw,353414,,134.24074235987067,103.63677005696022,-28.8253057748804
D0005_Pnative.mesh_512.raw,353714,,133.94300978467405,93.0759354679983,-30.064464164682764
D0005_Pnative.mesh_512.raw,353973,,134.1900009870958,108.69295593320197,-30.41013571057849
D0005_Pnative.mesh_512.raw,354339,,133.82890341663526,104.17232264337109,-29.256940814679563
D0005_Pnative.mesh_512.raw,354661,,134.21249154317553,104.22518777129763,-29.61470464069281
D0005_Pnative.mesh_512.raw,355104,,133.94508372372835,100.79060064009272,-30.10648448356102
D0005_Pnative.mesh_512.raw,356085,,134.23156843753566,91.87643830769463,-28.64843377214332
D0005_Pnative.mesh_512.raw,356521,,133.8284565210363,93.71549863289395,-29.86473306626712
D0005_Pnative.mesh_512.raw,356941,,133.8162827302827,111.60291205070737,-28.488068546946867
D0005_Pnative.mesh_512.raw,357703,,134.08708195247564,106.70349158718093,-29.177972490137606
D0005_Pnative.mesh_512.raw,358224,,133.78264131119892,90.18991587933962,-29.7423634506533
D0005_Pnative.mesh_512.raw,358285,,134.065201314799,107.41245228294162,-28.96327996276803
D0005_Pnative.mesh_512.raw,358348,,134.22029754702433,106.86643921378126,-29.09503057428922
D0005_Pnative.mesh_512.raw,358514,,133.9342436568551,110.4964542822107,-29.03819932386478
D0005_Pnative.mesh_512.raw,358756,,133.9337836349149,100.19075388673423,-29.012574072282238
D0005_Pnative.mesh_512.raw,359688,,133.8467130760347,98.82548118692898,-29.044929932821187
D0005_Pnative.mesh_512.raw,359708,,134.18397137566816,109.42375256676644,-29.894410868871905
D0005_Pnative.mesh_512.raw,361024,,134.00228332485142,98.91956240598836,-28.966594902882402
D0005_Pnative.mesh_512.raw,361470,,134.16409138875937,97.22089661960125,-30.06881951690706
D0005_Pnative.mesh_512.raw,361677,,134.21930178232782,95.62887957222233,-28.514566769963643
D0005_Pnative.mesh_512.raw,362105,,133.77066595891213,100.69052371278374,-29.96026679802914
D0005_Pnative.mesh_512.raw,362431,,133.94437699269025,103.7270224823605,-28.89475002741314
D0005_Pnative.mesh_512.raw,362987,,134.18771581493834,100.45596255152344,-29.79464029412864
D0005_Pnative.mesh_512.raw,363069,,133.81900758495718,104.94838400620759,-30.239785188308314
D0005_Pnative.mesh_512.raw,363332,,134.1937089794619,107.88190236830614,-29.34478530072344
D0005_Pnative.mesh_512.raw,363379,,133.75448854284573,100.28607380886294,-29.118856416908127
D0005_Pnative.mesh_512.raw,363515,,133.96977557665252,104.81618857765542,-30.277558799569167
D0005_Pnative.mesh_512.raw,363650,,133.9434576749492,101.97806251641828,-29.71128199287387
D0005_Pnative.mesh_512.raw,363676,,133.98537203592412,105.01329076330927,-30.2912702783382
D0005_Pnative.mesh_512.raw,363822,,133.8274505626922,111.15195739859507,-28.64381339195326
D0005_Pnative.mesh_512.raw,363972,,134.23317377707076,104.02469354085564,-29.400517224342472
D0005_Pnative.mesh_512.raw,364075,,134.02006753739764,102.11430293658202,-29.57845443334435
D0005_Pnative.mesh_512.raw,364346,,133.91790709258535,98.22853037633038,-29.453028420787867
D0005_Pnative.mesh_512.raw,364839,,133.85867763361975,97.50758583394034,-30.0089916315823
D0005_Pnative.mesh_512.raw,365431,,133.81879068728705,111.06492071480254,-28.69160008379622
D0005_Pnative.mesh_512.raw,366780,,133.8131280256729,94.49744075000962,-29.291709955444382
D0005_Pnative.mesh_512.raw,367908,,133.92277428141563,104.3181539716355,-29.484488960525223
D0005_Pnative.mesh_512.raw,368060,,134.22201720516728,105.63974198045332,-29.916047432472983
D0005_Pnative.mesh_512.raw,368416,,134.20705071118726,106.22419367991533,-29.465153002987186
D0005_Pnative.mesh_512.raw,368741,,134.11447156596225,104.6273882385049,-30.238288585719648
D0005_Pnative.mesh_512.raw,368860,,133.94900154018853,92.56264706007185,-29.24989367044625
D0005_Pnative.mesh_512.raw,370237,,134.08186781158838,103.971324179365,-29.252429406607895
D0005_Pnative.mesh_512.raw,370480,,133.89655859416638,101.52966825096108,-30.0561153621087
D0005_Pnative.mesh_512.raw,370628,,133.91690979121066,106.30412442257467,-29.471401893230425
D0005_Pnative.mesh_512.raw,370735,,133.9928095948342,99.35700375228058,-28.775237880827994
D0005_Pnative.mesh_512.raw,371504,,134.03121319477538,105.2238732521076,-30.269613469452054
D0005_Pnative.mesh_512.raw,371767,,133.75319817725548,92.7312214384414,-29.33518493496089
D0005_Pnative.mesh_512.raw,371771,,134.09923322130672,99.7453405758305,-28.73318554302677
D0005_Pnative.mesh_512.raw,371819,,134.0194173690432,107.21807437755383,-28.982975506468964
D0005_Pnative.mesh_512.raw,372318,,133.81972290657825,91.3080117002873,-28.895968382424087
D0005_Pnative.mesh_512.raw,372389,,133.86522116646603,90.59849077169196,-29.39639568594869
D0005_Pnative.mesh_512.raw,372650,,134.22771254165124,99.6588675796507,-28.68445550755682
D0005_Pnative.mesh_512.raw,372762,,133.82158363796128,107.66946509204928,-28.94424233141405
D0005_Pnative.mesh_512.raw,372821,,134.17800332332666,100.38712732758327,-29.605178880981256
D0005_Pnative.mesh_512.raw,373307,,134.24591413100057,94.11213602619345,-29.436382705814687
D0005_Pnative.mesh_512.raw,373322,,133.95397596191538,92.91147917719543,-29.802430419321936
D0005_Pnative.mesh_512.raw,373616,,133.8487064258204,96.76389593310849,-29.674455171111006
D0005_Pnative.mesh_512.raw,374557,,133.92849768990794,104.53642232758926,-29.97452359430705
D0005_Pnative.mesh_512.raw,374577,,133.83986527030805,98.52783028332392,-29.24258602304738
D0005_Pnative.mesh_512.raw,374762,,134.12336927657674,102.43987556491122,-29.342987679830436
D0005_Pnative.mesh_512.raw,374852,,133.98025810917252,92.38370066465178,-28.964190427934916
D0005_Pnative.mesh_512.raw,374877,,133.78435576220133,90.83078938535982,-29.234105004381213
D0005_Pnative.mesh_512.raw,375048,,134.0971235403663,98.07743795191536,-29.509824689371793
D0005_Pnative.mesh_512.raw,375406,,134.17541729052357,102.00797576758309,-29.616433478680772
D0005_Pnative.mesh_512.raw,375469,,133.86698266853546,100.49271591911614,-29.588003411395416
D0005_Pnative.mesh_512.raw,375590,,133.98248991569287,111.50378461760968,-28.721173696034533
D0005_Pnative.mesh_512.raw,375631,,133.81644717199148,111.50375539035082,-28.506178870805886
D0005_Pnative.mesh_512.raw,375823,,133.91416876505426,102.77305451441441,-29.200489973886054
D0005_Pnative.mesh_512.raw,376162,,133.84815328815822,92.81285199851403,-29.56987895766764
D0005_Pnative.mesh_512.raw,376173,,134.04648651328927,100.5026657360165,-29.782133516046876
D0005_Pnative.mesh_512.raw,376214,,133.9778135770739,103.18956279023821,-28.973065946026843
D0005_Pnative.mesh_512.raw,376501,,133.9420624687693,105.41274354813632,-30.153415646707252
D0005_Pnative.mesh_512.raw,376949,,133.81270595310636,93.3993755501224,-29.932350734929692
D0005_Pnative.mesh_512.raw,377129,,134.22423210388837,92.58547623703154,-29.5052223540409
D0005_Pnative.mesh_512.raw,377716,,133.90717027334446,104.14585654665501,-29.288552549009058
D0005_Pnative.mesh_512.raw,377763,,133.8332090526738,95.6313117394334,-28.580718638016393
D0005_Pnative.mesh_512.raw,377813,,134.0288961872467,110.25467247525211,-29.23479725721143
D0005_Pnative.mesh_512.raw,378166,,134.08052420730235,93.53150145581625,-29.953939011401275
D0005_Pnative.mesh_512.raw,378495,,133.81228730280668,108.61462437606778,-30.094948220096864
D0005_Pnative.mesh_512.raw,378728,,133.83322753901828,92.81467511860939,-29.561581539346996
D0005_Pnative.mesh_512.raw,378833,,133.85800784777356,105.15741257369343,-30.301397293704326
D0005_Pnative.mesh_512.raw,380136,,134.0578787598353,97.44617855865556,-29.970181223896084
D0005_Pnative.mesh_512.raw,380139,,133.84727059718318,98.51276343910868,-29.252117243132215
D0005_Pnative.mesh_512.raw,380382,,134.00629079526814,111.73734555783514,-28.731036940047474
D0005_Pnative.mesh_512.raw,380574,,134.2317352830538,95.95984333415106,-28.77969796393421
D0005_Pnative.mesh_512.raw,380677,,134.22156273552162,104.35425042561769,-29.77055529308775
D0005_Pnative.mesh_512.raw,380840,,133.76629247663675,101.17986205751902,-30.260273058973475
D0005_Pnative.mesh_512.raw,380857,,134.0789480669289,100.54430391611933,-29.91241742799394
D0005_Pnative.mesh_512.raw,380990,,133.95457001336052,103.27681767948435,-28.940778340479525
D0005_Pnative.mesh_512.raw,381044,,134.0270926891593,103.2245632637041,-28.96471469362219
D0005_Pnative.mesh_512.raw,381277,,134.07697841946606,108.02559508752735,-29.615787399691246
D0005_Pnative.mesh_512.raw,381326,,134.04991088815973,103.31685444077208,-28.92908086816627
D0005_Pnative.mesh_512.raw,381914,,134.14075653297562,106.87774977503011,-29.09977721442639
D0005_Pnative.mesh_512.raw,382418,,134.12035163173402,103.39736870407916,-28.9033679760693
D0005_Pnative.mesh_512.raw,382564,,134.00312309213632,104.81276686570035,-30.27150810368472
D0005_Pnative.mesh_512.raw,382797,,134.02239914842173,107.79723104926971,-29.121139737144713
D0005_Pnative.mesh_512.raw,383252,,134.07755976387037,99.2676428065058,-28.80568067725113
D0005_Pnative.mesh_512.raw,383561,,133.9969360791237,107.59256814281258,-28.952017820281956
D0005_Pnative.mesh_512.raw,383936,,134.02276418788324,96.41723520313634,-29.181588647595824
D0005_Pnative.mesh_512.raw,384014,,134.1622706777708,100.36590003513564,-29.52437733167926
D0005_Pnative.mesh_512.raw,384291,,133.94387985259362,111.37290124774499,-28.74696169709066
D0005_Pnative.mesh_512.raw,384753,,134.05116647238913,93.65041714094755,-29.891950440420157
D0005_Pnative.mesh_512.raw,385155,,133.9315959692601,103.5452761359152,-28.851531214064803
D0005_Pnative.mesh_512.raw,385212,,134.09090620986854,110.84093840590725,-28.874904712127645
D0005_Pnative.mesh_512.raw,385957,,134.0381975929201,97.50872799949175,-29.952795182272375
D0005_Pnative.mesh_512.raw,386283,,134.10809450933678,109.0961801620562,-30.166920479707557
D0005_Pnative.mesh_512.raw,386370,,133.89009898539803,110.50207277229599,-28.99236335321659
D0005_Pnative.mesh_512.raw,387017,,133.89943076555923,91.20391896862455,-28.939944708241498
D0005_Pnative.mesh_512.raw,387039,,133.78719752522417,94.70831804449831,-29.136652470652336
observed_UAS,317365,352295,133.75679999997374,90.05709999985993,-30.341199999999958
observed_UAS,317366,480632,133.7608000000473,90.05840000044554,-30.26819999999998
observed_UAS,317368,374719,133.76780000003055,90.1402000002563,-30.193199999999933
observed_UAS,317369,2277953,133.76410000002943,90.248399999924,-30.172500000000014
observed_UAS,317370,481316,133.75300000002608,90.29470000043511,-30.087800000000016
observed_UAS,317375,482009,133.75349999999162,90.52749999985099,-29.949999999999932
observed_UAS,317376,2276460,133.75470000004862,90.61679999995977,-29.929399999999987
observed_UAS,317377,424981,133.75959999999031,90.63129999954253,-29.875400000000013
observed_UAS,317378,2182154,133.7672999999486,90.74859999958426,-29.851400000000012
observed_UAS,317379,2248039,133.7626000000164,90.83200000040233,-29.814599999999928
observed_UAS,317380,354469,133.77419999998529,90.83569999970496,-29.765699999999924
observed_UAS,317382,483399,133.77529999997932,90.98969999980181,-29.66489999999999
observed_UAS,317384,426336,133.7621999999974,91.05970000009984,-29.68489999999997
observed_UAS,317385,2247303,133.76899999997113,91.14910000003874,-29.65949999999998
observed_UAS,317386,335264,133.75009999994654,91.24760000035167,-29.619699999999966
observed_UAS,317387,427017,133.7778999999864,91.27940000034869,-29.587800000000016
observed_UAS,317388,2261938,133.7732000000542,91.32679999992251,-29.600900000000024
observed_UAS,317393,2261177,133.77170000004116,91.63850000035018,-29.504500000000007
observed_UAS,317396,403295,133.7617999999784,91.86110000032932,-29.453499999999963
observed_UAS,317397,2097077,133.75320000003558,91.94680000003427,-29.426899999999932
observed_UAS,317399,446369,133.77879999997094,92.0527999997139,-29.37939999999992
observed_UAS,317404,552842,133.7689000000246,92.4692000001669,-29.447000000000003
observed_UAS,317405,2151105,133.7556999999797,92.44319999963045,-29.328199999999924
observed_UAS,317407,2123503,133.75459999998566,92.64389999955893,-31.52699999999993
observed_UAS,317408,2122523,133.7787000000244,92.6453999998048,-31.434799999999996
observed_UAS,317415,586761,133.7556999999797,92.89240000024438,-31.245199999999954
observed_UAS,317416,2065175,133.76500000001397,92.83569999970496,-31.15300000000002
observed_UAS,317418,2122662,133.7650999999605,92.96679999958724,-31.334799999999973
observed_UAS,317421,440141,133.7791000000434,93.08009999990463,-31.292500000000018
observed_UAS,317422,73690,133.77879999997094,93.0981000000611,-30.771499999999946
observed_UAS,317423,2094043,133.77289999998175,93.11469999980181,-31.338300000000004
observed_UAS,317424,449778,133.7554999999702,93.1710000000894,-31.226599999999962
observed_UAS,317426,91002,133.7935999999754,93.18819999974221,-30.662199999999984
observed_UAS,317429,2121976,133.78650000004563,93.27450000029057,-30.96429999999998
observed_UAS,317430,109431,133.78659999999218,93.28760000038892,-30.48989999999992
observed_UAS,317431,2092452,133.75500000000466,93.31500000040978,-30.959799999999973
observed_UAS,317434,2175367,133.76089999999385,93.41770000010729,-30.849399999999946
observed_UAS,317442,149886,133.75069999997504,93.68030000012368,-30.32039999999995
observed_UAS,317443,58005,133.7650999999605,93.69060000032187,-30.27449999999999
observed_UAS,317444,408813,133.77619999996386,93.70069999992847,-30.532799999999952
observed_UAS,317445,492097,133.7678999999771,93.76669999957085,-30.438499999999976
observed_UAS,317446,451857,133.78179999999702,93.85170000046492,-30.419399999999996
observed_UAS,317447,524661,133.77839999995194,93.84599999990314,-30.325699999999983
observed_UAS,317448,91022,133.7711999999592,93.86579999979585,-30.128100000000018
observed_UAS,317450,2061944,133.7552999999607,93.95029999967664,-30.282600000000002
observed_UAS,317453,2120035,133.77060000004712,94.03210000041872,-30.229600000000005
observed_UAS,317454,525349,133.77390000002924,94.07290000002831,-30.15409999999997
observed_UAS,317455,484933,133.77040000003763,94.13779999967664,-30.171799999999962
observed_UAS,317456,2091396,133.78000000002794,94.15969999972731,-30.091199999999958
observed_UAS,317462,485629,133.75199999997858,94.37019999977201,-30.025099999999952
observed_UAS,317463,591323,133.76639999996405,94.34719999972731,-29.99770000000001
observed_UAS,317465,494180,133.75289999996312,94.4530999995768,-29.91859999999997
observed_UAS,317466,73949,133.7617999999784,94.45230000000447,-29.770599999999945
observed_UAS,317467,592034,133.7693000000436,94.56929999962449,-29.840599999999995
observed_UAS,317468,437131,133.75789999996778,94.63970000017434,-29.849699999999984
observed_UAS,317469,411666,133.7948000000324,94.68450000043958,-29.78419999999994
observed_UAS,317474,437542,133.75930000003427,94.85960000008345,-29.746599999999944
observed_UAS,317475,519612,133.77330000000075,94.8804999999702,-29.699299999999994
observed_UAS,317477,2198822,133.7778999999864,94.93159999977797,-29.71029999999996
observed_UAS,317478,626225,133.76150000002235,94.97219999972731,-29.689899999999966
observed_UAS,317479,91280,133.77150000003166,94.93969999998808,-29.567299999999932
observed_UAS,317481,150155,133.75780000002123,95.05979999992996,-29.5308
observed_UAS,317483,58268,133.7691000000341,95.13929999992251,-29.516200000000026
observed_UAS,317485,2115490,133.7619999999879,95.25339999981225,-29.570299999999975
observed_UAS,317486,91290,133.78579999995418,95.28589999955148,-29.465799999999945
observed_UAS,317487,594531,133.75390000001062,95.35520000010729,-29.52260000000001
observed_UAS,317489,497378,133.7608000000473,95.46040000021458,-29.506700000000023
observed_UAS,317490,489081,133.77599999995437,95.48599999956787,-29.469499999999925
observed_UAS,317492,74206,133.75109999999404,95.52770000044256,-29.397499999999923
observed_UAS,317494,129347,133.77269999997225,95.66459999978542,-29.39530000000002
observed_UAS,317497,522710,133.77150000003166,95.87029999960214,-29.41739999999993
observed_UAS,317498,458097,133.78240000002552,95.8617000002414,-29.393599999999992
observed_UAS,317499,2114728,133.78390000003856,95.94930000044405,-29.40530000000001
observed_UAS,317500,150408,133.78960000001825,95.9281000001356,-29.35749999999996
observed_UAS,317503,467467,133.77520000003278,96.14659999962896,-29.329999999999927
observed_UAS,317504,491546,133.76170000003185,96.2538999998942,-29.331000000000017
observed_UAS,317505,2193181,133.77590000000782,96.39649999979883,-31.120000000000005
observed_UAS,317506,2168463,133.77760000003036,96.34690000023693,-29.315099999999916
observed_UAS,317510,2194569,133.7563000000082,96.42040000017732,-30.004799999999932
observed_UAS,317513,2085100,133.75009999994654,96.40309999976307,-29.395599999999945
observed_UAS,317516,2192870,133.7850000000326,96.52099999971688,-30.359699999999975
observed_UAS,317519,2054285,133.75479999999516,96.66980000026524,-31.214999999999918
observed_UAS,317521,566214,133.78090000001248,96.69570000004023,-31.08809999999994
observed_UAS,317522,2083042,133.77350000001024,96.63509999960661,-30.99109999999996
observed_UAS,317529,2165182,133.75379999994766,96.95100000035018,-31.328399999999988
observed_UAS,317531,2192731,133.75399999995716,97.00789999961853,-31.324799999999982
observed_UAS,317533,526561,133.78249999997206,97.08980000019073,-31.164800000000014
observed_UAS,317535,150440,133.7844000000041,97.06610000040382,-30.678800000000024
observed_UAS,317537,2081471,133.751200000057,97.16239999979734,-31.047399999999925
observed_UAS,317538,559271,133.77619999996386,97.16920000035316,-30.983099999999922
observed_UAS,317539,58551,133.76959999999963,97.12490000016987,-30.610799999999927
observed_UAS,317540,2190684,133.7506000000285,97.23730000015348,-30.9135
observed_UAS,317541,471023,133.7611999999499,97.28579999972135,-30.851099999999974
observed_UAS,317544,91575,133.7948000000324,97.34289999958128,-30.417699999999968
observed_UAS,317546,2080531,133.75719999999274,97.46549999993294,-30.657600000000002
observed_UAS,317547,560337,133.76959999999963,97.49149999953806,-30.54469999999992
observed_UAS,317548,91801,133.77450000005774,97.49399999994785,-30.309399999999982
observed_UAS,317549,2053200,133.7621999999974,97.51279999967664,-30.61189999999999
observed_UAS,317550,2189746,133.76359999994747,97.56520000007004,-30.560499999999934
observed_UAS,317551,2163303,133.7911000000313,97.58829999994487,-30.49619999999993
observed_UAS,317553,2081328,133.77919999998994,97.68570000026375,-30.447400000000016
observed_UAS,317554,129625,133.75329999998212,97.62710000015795,-30.25019999999995
observed_UAS,317559,496824,133.7510000000475,97.88489999994636,-30.241300000000024
observed_UAS,317564,636187,133.78469999996014,98.07359999977052,-30.086199999999963
observed_UAS,317565,538274,133.77450000005774,98.15720000024885,-30.069499999999948
observed_UAS,317567,603798,133.75159999995958,98.23240000009537,-30.032500000000027
observed_UAS,317568,2106397,133.7961999999825,98.25980000011623,-29.993799999999965
observed_UAS,317572,150707,133.76740000001155,98.4539999999106,-29.716699999999946
observed_UAS,317574,539720,133.77269999997225,98.5964999999851,-29.764599999999973
observed_UAS,317577,596839,133.75540000002366,98.65699999965727,-29.75400000000002
observed_UAS,317578,150939,133.76980000000913,98.63700000010431,-29.672199999999975
observed_UAS,317580,91841,133.750400000019,98.78100000042468,-29.61099999999999
observed_UAS,317581,2134089,133.75479999999516,98.82529999967664,-29.736099999999965
observed_UAS,317582,475632,133.75459999998566,98.87220000009984,-29.667699999999968
observed_UAS,317583,59047,133.7613999999594,98.80159999988973,-29.584600000000023
observed_UAS,317585,2158910,133.7839999999851,99.06529999990016,-29.614599999999996
observed_UAS,317590,130130,133.75370000000112,99.31419999990612,-29.45060000000001
observed_UAS,317592,566728,133.75520000001416,99.45490000024438,-29.476699999999937
observed_UAS,317593,469881,133.75009999994654,99.55209999997169,-29.46449999999993
observed_UAS,317594,2158770,133.78549999999814,99.6577000003308,-29.43539999999996
observed_UAS,317595,75005,133.7606000000378,99.6897999998182,-29.389599999999973
observed_UAS,317599,2103106,133.75450000003912,99.92929999995977,-29.401200000000017
observed_UAS,317602,643096,133.77670000004582,100.14589999988675,-29.333999999999946
observed_UAS,317603,150989,133.75959999999031,100.29229999985546,-31.235799999999927
observed_UAS,317605,2100423,133.7573000000557,100.24749999959022,-29.337599999999952
observed_UAS,317606,59096,133.78229999996256,100.3015000000596,-31.231400000000008
observed_UAS,317609,545327,133.75300000002608,100.45339999999851,-31.34979999999996
observed_UAS,317612,92123,133.7658999999985,100.59850000031292,-31.343399999999974
observed_UAS,317614,2023368,133.79220000002533,100.5586000001058,-31.07319999999993
observed_UAS,317615,538081,133.79769999999553,100.65519999992102,-31.241899999999987
observed_UAS,317616,644346,133.75600000005215,100.6331000002101,-31.145599999999945
observed_UAS,317619,636356,133.75789999996778,100.72449999954551,-31.288099999999986
observed_UAS,317622,130178,133.76939999999013,100.83150000032037,-30.84730000000002
observed_UAS,317623,75269,133.75719999999274,100.84889999963343,-30.794599999999946
observed_UAS,317626,2098222,133.75479999999516,100.9844000004232,-31.1807
observed_UAS,317629,539524,133.77540000004228,101.09140000026673,-30.968700000000013
observed_UAS,317630,1992151,133.77540000004228,101.11160000041127,-30.971199999999953
observed_UAS,317632,75051,133.75219999998808,101.12820000015199,-30.593999999999937
observed_UAS,317633,111013,133.78619999997318,101.18609999958426,-30.489599999999996
observed_UAS,317636,638173,133.7737999999663,101.24230000004172,-30.746800000000007
observed_UAS,317637,507552,133.764899999951,101.32949999999255,-30.65199999999993
observed_UAS,317638,581014,133.78110000002198,101.39890000037849,-30.584799999999973
observed_UAS,317639,638897,133.76190000004135,101.4582000002265,-30.60889999999995
observed_UAS,317641,647157,133.75280000001658,101.4883000003174,-30.494899999999916
observed_UAS,317645,1924055,133.78350000001956,101.59709999989718,-30.39760000000001
observed_UAS,317648,541207,133.76470000005793,101.62789999973029,-30.338999999999942
observed_UAS,317649,59366,133.7931999999564,101.65060000028461,-30.132099999999923
observed_UAS,317652,2019599,133.75049999996554,101.84539999999106,-30.22109999999998
observed_UAS,317653,664966,133.76639999996405,101.89360000006855,-30.180099999999925
observed_UAS,317654,92612,133.75540000002366,101.83040000032634,-30.009599999999978
observed_UAS,317655,648613,133.75360000005458,101.91789999976754,-30.1567
observed_UAS,317656,699925,133.79590000002645,101.97939999960363,-30.0933
observed_UAS,317662,648982,133.7569000000367,102.13069999963045,-29.99599999999998
observed_UAS,317663,130672,133.79779999994207,102.12330000009388,-29.829200000000014
observed_UAS,317664,1888455,133.78269999998156,102.25140000041574,-29.954799999999977
observed_UAS,317666,576128,133.77399999997579,102.34059999976307,-29.861400000000003
observed_UAS,317667,1956185,133.76229999994393,102.47589999996126,-29.857799999999997
observed_UAS,317669,1954117,133.75580000004265,102.53519999980927,-29.830100000000016
observed_UAS,317670,576859,133.7896999999648,102.56500000040978,-29.77120000000002
observed_UAS,317671,1987751,133.78469999996014,102.65820000041276,-29.74619999999993
observed_UAS,317673,702497,133.7510000000475,102.76059999968857,-29.692099999999982
observed_UAS,317676,545137,133.75069999997504,102.91930000018328,-29.63009999999997
observed_UAS,317677,151751,133.7630000000354,102.98919999971986,-29.51679999999999
observed_UAS,317678,1984733,133.78330000001006,103.01970000006258,-29.605699999999956
observed_UAS,317679,652266,133.7671000000555,103.08949999976903,-29.554399999999987
observed_UAS,317680,59859,133.7617999999784,103.06369999982417,-29.468099999999936
observed_UAS,317681,738724,133.75109999999404,103.17129999957979,-29.559599999999932
observed_UAS,317682,1921074,133.77330000000075,103.25019999966025,-29.527600000000007
observed_UAS,317683,92659,133.7615999999689,103.2995999995619,-29.44959999999992
observed_UAS,317684,1951582,133.7658999999985,103.3597999997437,-29.506599999999935
observed_UAS,317687,514738,133.7719999999972,103.4753999998793,-29.453700000000026
observed_UAS,317688,645984,133.7615999999689,103.55649999994785,-29.453899999999976
observed_UAS,317692,1849404,133.75139999995008,103.73500000033528,-29.422500000000014
observed_UAS,317694,1919174,133.76780000003055,103.89049999974668,-29.400099999999952
observed_UAS,317695,548409,133.7606000000378,103.87609999999404,-29.385400000000004
observed_UAS,317696,1983962,133.7898999999743,103.94000000040978,-29.404199999999946
observed_UAS,317698,1885148,133.7558999999892,104.03129999991506,-29.357999999999947
observed_UAS,317699,2012799,133.75329999998212,104.1836000001058,-31.284099999999967
observed_UAS,317703,672945,133.7789000000339,104.27589999977499,-30.062900000000013
observed_UAS,317705,742404,133.75320000003558,104.25,-29.879500000000007
observed_UAS,317706,1884495,133.76089999999385,104.2347999997437,-29.716999999999985
observed_UAS,317708,1918228,133.75780000002123,104.21190000046045,-29.400499999999965
observed_UAS,317709,1916026,133.75950000004377,104.20770000014454,-29.384900000000016
observed_UAS,317710,777654,133.75520000001416,104.34289999958128,-31.446000000000026
observed_UAS,317715,615589,133.78000000002794,104.47780000045896,-31.15829999999994
observed_UAS,317716,1947617,133.75910000002477,104.58540000021458,-31.224399999999946
observed_UAS,317717,1980303,133.75300000002608,104.52799999993294,-31.145399999999995
observed_UAS,317719,743837,133.76289999997243,104.66820000018924,-31.34089999999992
observed_UAS,317722,1979610,133.76370000001043,104.72620000038296,-31.36239999999998
observed_UAS,317723,151806,133.7733999999473,104.71690000034869,-30.886300000000006
observed_UAS,317724,701202,133.76760000002105,104.8371000001207,-31.31409999999994
observed_UAS,317726,131206,133.7776999999769,104.8601000001654,-30.80849999999998
observed_UAS,317728,736320,133.76009999995586,104.9387999996543,-31.132799999999975
observed_UAS,317729,779814,133.78700000001118,104.9714999999851,-31.029499999999985
observed_UAS,317730,1879851,133.78260000003502,104.9737999998033,-30.992399999999975
observed_UAS,317733,1980828,133.79370000003837,105.06940000038594,-30.896099999999933
observed_UAS,317736,1945988,133.7617999999784,105.21219999995083,-30.712599999999952
observed_UAS,317737,737426,133.75809999997728,105.2503000004217,-30.650099999999952
observed_UAS,317738,1947450,133.75,105.34630000032485,-30.633399999999938
observed_UAS,317739,711193,133.75159999995958,105.34590000007302,-30.555499999999938
observed_UAS,317740,651704,133.77560000005178,105.39580000005662,-30.490799999999922
observed_UAS,317744,1944960,133.764899999951,105.52010000031441,-30.444200000000023
observed_UAS,317747,704145,133.77029999997467,105.68310000002384,-30.27699999999993
observed_UAS,317751,1913099,133.79299999994691,105.80219999980181,-30.206000000000017
observed_UAS,317752,1943929,133.76899999997113,105.8277000002563,-30.175499999999943
observed_UAS,317753,152281,133.7613999999594,105.80109999980778,-29.957599999999957
observed_UAS,317758,810248,133.7713999999687,106.04870000015944,-29.97919999999999
observed_UAS,317761,1942889,133.75379999994766,106.14099999982864,-29.959299999999985
observed_UAS,317764,714119,133.75470000004862,106.23010000027716,-29.86519999999996
observed_UAS,317765,93205,133.78850000002421,106.23699999973178,-29.74630000000002
observed_UAS,317768,1941837,133.75490000005811,106.44930000044405,-29.773900000000026
observed_UAS,317770,855568,133.7626000000164,106.53880000021309,-29.753399999999942
observed_UAS,317774,707814,133.7676999999676,106.75700000021607,-29.658000000000015
observed_UAS,317775,76135,133.75500000000466,106.75430000014603,-29.557699999999954
observed_UAS,317776,848361,133.75300000002608,106.85329999960959,-29.650099999999952
observed_UAS,317777,2003863,133.76190000004135,106.92129999957979,-29.600000000000023
observed_UAS,317778,1972334,133.7709999999497,106.93690000008792,-29.58439999999996
observed_UAS,317780,112086,133.7615999999689,107.02929999958724,-29.480199999999968
observed_UAS,317784,1905815,133.78280000004452,107.30370000004768,-29.509000000000015
observed_UAS,317785,744758,133.75459999998566,107.36940000019968,-29.468399999999974
observed_UAS,317786,60668,133.78819999995176,107.31630000006407,-29.389299999999935
observed_UAS,317788,2004399,133.75190000003204,107.54910000041127,-29.433199999999943
observed_UAS,317789,93470,133.78630000003614,107.57270000036806,-29.39459999999997
observed_UAS,317790,1870837,133.75280000001658,107.64719999954104,-29.418000000000006
observed_UAS,317793,2003318,133.75800000003073,107.86490000039339,-29.354499999999916
observed_UAS,317794,781834,133.76760000002105,107.95550000015646,-29.350900000000024
observed_UAS,317796,888435,133.75459999998566,108.14010000042617,-31.355999999999995
observed_UAS,317802,1837521,133.75249999994412,108.12139999959618,-29.316799999999944
observed_UAS,317806,1905232,133.7606000000378,108.26040000002831,-30.26170000000002
observed_UAS,317809,1833892,133.79390000004787,108.32560000009835,-31.33809999999994
observed_UAS,317810,818293,133.75320000003558,108.37609999999404,-31.043199999999956
observed_UAS,317811,1904850,133.78289999999106,108.35720000043511,-30.94959999999992
observed_UAS,317812,1868159,133.77579999994487,108.37829999998212,-30.840299999999957
observed_UAS,317813,1902004,133.76969999994617,108.33760000020266,-30.799300000000017
observed_UAS,317814,853512,133.77020000002813,108.34850000031292,-30.662199999999984
observed_UAS,317815,721604,133.77989999996498,108.36450000014156,-30.583999999999946
observed_UAS,317817,713558,133.78919999999925,108.4362000003457,-31.14339999999993
observed_UAS,317820,1904090,133.77659999998286,108.57100000046194,-31.356400000000008
observed_UAS,317824,1869868,133.75679999997374,108.7328000003472,-31.357399999999984
observed_UAS,317825,1996926,133.77939999999944,108.79870000015944,-31.222699999999918
observed_UAS,317827,1834839,133.78980000002775,108.88399999961257,-31.07039999999995
observed_UAS,317829,1831560,133.7691000000341,108.94180000014603,-30.962599999999952
observed_UAS,317831,1967583,133.78220000001602,109.00239999964833,-30.889499999999998
observed_UAS,317833,1898900,133.75049999996554,109.17590000014752,-30.688499999999976
observed_UAS,317835,1934482,133.75479999999516,109.28679999988526,-30.585399999999936
observed_UAS,317838,1897732,133.765699999989,109.47620000038296,-30.38130000000001
observed_UAS,317839,1866782,133.76639999996405,109.58800000045449,-30.309099999999944
observed_UAS,317841,1831738,133.7556999999797,109.73369999974966,-30.208999999999946
observed_UAS,317842,1996721,133.75309999997262,109.74370000045747,-30.1635
observed_UAS,317844,1790065,133.7682999999961,109.88009999971837,-30.078700000000026
observed_UAS,317845,1961429,133.7913000000408,109.90029999986291,-30.048000000000002
observed_UAS,317846,1931769,133.7510000000475,110.05379999987781,-30.01369999999997
observed_UAS,317847,1995563,133.78209999995306,110.0531000001356,-29.97059999999999
observed_UAS,317848,1861533,133.76679999998305,110.12569999974221,-29.92459999999994
observed_UAS,317849,1788898,133.76560000004247,110.19539999961853,-29.874399999999923
observed_UAS,317852,1894216,133.75,110.39790000021458,-29.767499999999927
observed_UAS,317853,1825699,133.7785000000149,110.46009999979287,-29.7491
observed_UAS,317855,1862887,133.7711999999592,110.64470000006258,-29.66809999999998
observed_UAS,317856,1859174,133.75,110.7512999996543,-29.624000000000024
observed_UAS,317859,1960830,133.7563000000082,110.97400000039488,-29.539199999999937
observed_UAS,317861,1788690,133.7569000000367,111.16569999977946,-29.51419999999996
observed_UAS,317862,1857182,133.78599999996368,111.24940000008792,-29.48129999999992
observed_UAS,317863,1784737,133.77690000005532,111.36079999990761,-29.43979999999999
observed_UAS,317864,1926910,133.75370000000112,111.44369999971241,-29.421799999999962
observed_UAS,317866,1749009,133.75269999995362,111.62129999976605,-29.387499999999932
observed_UAS,317867,1706567,133.7846000000136,111.70849999971688,-29.38889999999992
observed_UAS,318739,2210654,133.8022999999812,90.0097000002861,-30.328399999999988
observed_UAS,318740,2249141,133.85450000001583,90.02489999961108,-30.269499999999994
observed_UAS,318741,360154,133.83840000000782,90.13540000002831,-30.256999999999948
observed_UAS,318742,480970,133.8695000000298,90.1425000000745,-30.171299999999974
observed_UAS,318743,431744,133.87959999998566,90.20320000033826,-30.202299999999923
observed_UAS,318744,2264332,133.85580000001937,90.24550000019372,-30.115499999999997
observed_UAS,318745,2209441,133.87109999998938,90.26570000033826,-30.059799999999996
observed_UAS,318746,314252,133.82200000004377,90.36239999998361,-30.053299999999922
observed_UAS,318747,2277497,133.8403999999864,90.42669999971986,-30.0308
observed_UAS,318748,2276702,133.84230000001844,90.47780000045896,-29.984699999999975
observed_UAS,318749,2263635,133.85169999999925,90.55800000019372,-29.935499999999934
observed_UAS,318750,2208870,133.84939999994822,90.59709999989718,-29.874900000000025
observed_UAS,318751,399846,133.8351000000257,90.64169999957085,-29.907799999999952
observed_UAS,318752,383793,133.85739999997895,90.6480000000447,-29.862700000000018
observed_UAS,318753,2276796,133.8595000000205,90.73209999967366,-29.837999999999965
observed_UAS,318754,2127326,133.81530000001658,90.77969999983907,-29.775499999999965
observed_UAS,318755,408314,133.82949999999255,90.83430000022054,-29.806299999999965
observed_UAS,318756,376708,133.84979999996722,90.87669999990612,-29.763799999999947
observed_UAS,318757,2155404,133.84739999996964,90.91610000003129,-29.726699999999937
observed_UAS,318758,2261833,133.88850000000093,90.99909999966621,-29.692299999999932
observed_UAS,318759,355153,133.812099999981,91.04750000033528,-29.7106
observed_UAS,318760,2127424,133.8573000000324,91.0460000000894,-29.667799999999943
observed_UAS,318761,2246441,133.82090000004973,91.15780000016093,-29.648399999999924
observed_UAS,318762,316616,133.83580000000075,91.25719999987632,-29.610799999999927
observed_UAS,318763,2153818,133.82600000000093,91.26989999972284,-29.57809999999995
observed_UAS,318764,378053,133.87139999994542,91.31869999971241,-29.600799999999936
observed_UAS,318765,2126687,133.84250000002794,91.3640000000596,-29.57639999999992
observed_UAS,318766,2206985,133.8340999999782,91.43630000017583,-29.54570000000001
observed_UAS,318767,2153931,133.8318000000436,91.54999999981374,-29.51209999999992
observed_UAS,318768,335987,133.87780000001658,91.53589999955148,-29.496800000000007
observed_UAS,318769,550403,133.858499999973,91.63760000001639,-29.4683
observed_UAS,318770,2180668,133.811299999943,91.7461000001058,-29.46539999999993
observed_UAS,318771,2244586,133.87690000003204,91.85030000004917,-29.42489999999998
observed_UAS,318772,411167,133.83819999999832,91.85580000001937,-29.38530000000003
observed_UAS,318773,2205669,133.85389999998733,91.95909999962896,-29.430099999999925
observed_UAS,318774,2179308,133.86780000000726,91.97130000032485,-29.399800000000027
observed_UAS,318775,2125131,133.83640000002924,92.00239999964833,-29.40859999999998
observed_UAS,318776,2152624,133.89549999998417,92.06039999984205,-29.37270000000001
observed_UAS,318777,2066877,133.83169999998063,92.15649999957532,-29.370199999999954
observed_UAS,318778,2244442,133.83710000000428,92.27379999961704,-29.362199999999916
observed_UAS,318779,2124328,133.82689999998547,92.31940000038594,-29.355299999999943
observed_UAS,318780,2122807,133.8852000000188,92.49780000001192,-31.445600000000013
observed_UAS,318781,2123780,133.87029999995138,92.49390000011772,-31.39569999999992
observed_UAS,318782,90762,133.8567000000039,92.46590000018477,-31.25540000000001
observed_UAS,318783,90760,133.85739999997895,92.40309999976307,-31.093899999999962
observed_UAS,318784,2204317,133.80879999999888,92.48010000027716,-29.66969999999992
observed_UAS,318785,2205259,133.86270000005607,92.44730000011623,-29.401599999999917
observed_UAS,318786,430522,133.8251000000164,92.46410000044852,-29.338300000000004
observed_UAS,318787,2178628,133.83920000004582,92.5268999999389,-31.42489999999998
observed_UAS,318788,90763,133.81460000004154,92.51040000002831,-31.29779999999994
observed_UAS,318789,2151241,133.84400000004098,92.68180000036955,-31.445899999999938
observed_UAS,318790,2094186,133.8242999999784,92.67360000032932,-31.32280000000003
observed_UAS,318791,2204447,133.81640000001062,92.70390000008047,-31.42719999999997
observed_UAS,318792,2065461,133.85349999996834,92.710199999623,-31.26559999999995
observed_UAS,318793,553856,133.8530000000028,92.76200000010431,-31.120400000000018
observed_UAS,318794,2094891,133.81850000005215,92.76869999989867,-31.09609999999998
observed_UAS,318795,2093615,133.87309999996796,92.86280000023544,-31.309300000000007
observed_UAS,318796,2177797,133.83909999998286,92.84800000023097,-31.219799999999964
observed_UAS,318797,489279,133.82070000004023,92.83019999973476,-31.185999999999922
observed_UAS,318798,2150962,133.80480000004172,92.80759999994189,-31.083999999999946
observed_UAS,318799,2176524,133.85679999995045,92.95619999989867,-31.322099999999978
observed_UAS,318800,406378,133.81579999998212,92.90299999993294,-31.253499999999917
observed_UAS,318801,360993,133.88000000000466,93.07019999995828,-31.306899999999928
observed_UAS,318802,587467,133.84990000003017,93.06900000013411,-31.28449999999998
observed_UAS,318803,2122263,133.85049999994226,93.14329999964684,-31.218700000000013
observed_UAS,318804,2092746,133.84219999995548,93.17609999980778,-31.120000000000005
observed_UAS,318805,91001,133.83620000001974,93.13119999971241,-30.837300000000027
observed_UAS,318806,2065031,133.80859999998938,93.24720000009984,-31.03449999999998
observed_UAS,318807,2175658,133.85900000005495,93.28259999956936,-30.95259999999996
observed_UAS,318808,2202910,133.84779999998864,93.35450000036508,-30.904800000000023
observed_UAS,318809,450470,133.87829999998212,93.36409999988973,-30.840799999999945
observed_UAS,318810,433285,133.81559999997262,93.416400000453,-30.826799999999935
observed_UAS,318811,588529,133.83889999997336,93.42160000000149,-30.773900000000026
observed_UAS,318812,555973,133.85840000002645,93.43919999990612,-30.66599999999994
observed_UAS,318813,129060,133.80500000005122,93.4957999996841,-30.350599999999986
observed_UAS,318814,2064164,133.82620000001043,93.54449999984354,-30.663400000000024
observed_UAS,318815,408463,133.8926999999676,93.54470000043511,-30.570699999999988
observed_UAS,318816,149884,133.84990000003017,93.58569999970496,-30.310799999999972
observed_UAS,318817,129062,133.84739999996964,93.54110000003129,-30.24739999999997
observed_UAS,318818,2202045,133.88119999994524,93.67169999983162,-30.547199999999975
observed_UAS,318819,556680,133.8536000000313,93.66669999994338,-30.49109999999996
observed_UAS,318820,58003,133.82050000003073,93.61660000029951,-30.236099999999965
observed_UAS,318821,91018,133.88529999996535,93.69909999985248,-30.161899999999946
observed_UAS,318822,516126,133.858099999954,93.73359999991953,-30.44380000000001
observed_UAS,318823,2091244,133.83200000005309,93.7960000000894,-30.34910000000002
observed_UAS,318824,91019,133.86270000005607,93.73550000041723,-30.14009999999996
observed_UAS,318825,2063287,133.85450000001583,93.85140000004321,-30.328899999999976
observed_UAS,318826,2120328,133.84779999998864,93.89520000014454,-30.290599999999927
observed_UAS,318827,91021,133.811699999962,93.8241999996826,-30.12939999999992
observed_UAS,318828,2200440,133.80429999995977,93.91889999993145,-30.309099999999944
observed_UAS,318829,452202,133.8527999999933,93.93530000001192,-30.258500000000026
observed_UAS,318830,484586,133.87430000002496,93.9961000001058,-30.17909999999995
observed_UAS,318831,73935,133.8233000000473,93.9484999999404,-30.078199999999924
observed_UAS,318832,386027,133.889899999951,94.01480000000447,-30.205299999999966
observed_UAS,318833,2147511,133.85900000005495,94.0757999997586,-30.16719999999998
observed_UAS,318834,73937,133.87890000001062,94.0077999997884,-30.040200000000027
observed_UAS,318835,73938,133.84109999996144,94.04839999973774,-29.92769999999996
observed_UAS,318836,2200882,133.84259999997448,94.13700000010431,-30.151499999999942
observed_UAS,318837,590968,133.88769999996293,94.1742000002414,-30.085899999999924
observed_UAS,318838,129078,133.8242999999784,94.10960000008345,-29.968099999999936
observed_UAS,318839,73942,133.87250000005588,94.17349999956787,-29.857099999999946
observed_UAS,318840,461433,133.84869999997318,94.2156999995932,-30.102700000000027
observed_UAS,318841,550201,133.84999999997672,94.24010000005364,-30.04189999999994
observed_UAS,318842,493827,133.86959999997634,94.29059999994934,-29.989299999999957
observed_UAS,318843,73944,133.87699999997858,94.23199999984354,-29.842699999999923
observed_UAS,318844,558758,133.81550000002608,94.35790000017732,-29.947900000000004
observed_UAS,318845,73946,133.8456999999471,94.3273999998346,-29.812999999999988
observed_UAS,318846,109685,133.81669999996666,94.34539999999106,-29.767200000000003
observed_UAS,318847,2200003,133.84889999998268,94.45990000013262,-29.93380000000002
observed_UAS,318848,550900,133.8183999999892,94.46160000003874,-29.879099999999994
observed_UAS,318849,109688,133.83459999994375,94.4433000003919,-29.72969999999998
observed_UAS,318850,559468,133.8305999999866,94.57369999960065,-29.847800000000007
observed_UAS,318851,109690,133.82869999995455,94.51829999964684,-29.71550000000002
observed_UAS,318852,109691,133.81099999998696,94.5663999998942,-29.672500000000014
observed_UAS,318853,454289,133.82779999997,94.61809999961406,-29.850299999999947
observed_UAS,318854,462845,133.84840000001714,94.6557999998331,-29.783699999999953
observed_UAS,318855,58255,133.81180000002496,94.69029999990016,-29.643100000000004
observed_UAS,318856,2198068,133.83660000003874,94.75279999990016,-29.76819999999998
observed_UAS,318857,58257,133.8680999999633,94.73629999998957,-29.636999999999944
observed_UAS,318858,454987,133.81810000003316,94.84570000041276,-29.722699999999918
observed_UAS,318859,487372,133.85779999999795,94.89580000005662,-29.685999999999922
observed_UAS,318860,58261,133.88670000003185,94.87820000015199,-29.572900000000004
observed_UAS,318861,552301,133.85349999996834,94.90909999981523,-29.72109999999998
observed_UAS,318862,2059157,133.82770000002347,94.95330000016838,-29.67070000000001
observed_UAS,318863,150152,133.8621999999741,94.93900000024587,-29.538599999999974
observed_UAS,318864,58264,133.83950000000186,94.9922000002116,-29.49630000000002
observed_UAS,318865,2144977,133.8691000000108,95.03830000013113,-29.647299999999973
observed_UAS,318866,91284,133.8469000000041,95.06620000023395,-29.53340000000003
observed_UAS,318867,552987,133.8538000000408,95.12980000022799,-29.616800000000012
observed_UAS,318868,91286,133.84909999999218,95.12459999974817,-29.516200000000026
observed_UAS,318869,91287,133.84320000000298,95.15550000034273,-29.497299999999996
observed_UAS,318870,2171525,133.8689000000013,95.23519999999553,-29.55619999999999
observed_UAS,318871,129336,133.89060000004247,95.25289999973029,-29.462599999999952
observed_UAS,318872,2144062,133.87080000003334,95.35690000001341,-29.530599999999936
observed_UAS,318873,129340,133.89950000005774,95.38190000038594,-29.424199999999928
observed_UAS,318874,2086342,133.84270000003744,95.45280000008643,-29.5068
observed_UAS,318875,465329,133.85530000005383,95.45089999958873,-29.472599999999943
observed_UAS,318876,439591,133.8057999999728,95.5093999998644,-29.519199999999955
observed_UAS,318877,562677,133.86540000000969,95.5628000004217,-29.451000000000022
observed_UAS,318878,129344,133.83909999998286,95.54330000001937,-29.37130000000002
observed_UAS,318879,2114249,133.87650000001304,95.63200000021607,-29.451000000000022
observed_UAS,318880,74211,133.87300000002142,95.6742000002414,-29.359299999999962
observed_UAS,318881,2058074,133.8693000000203,95.74330000020564,-29.42579999999998
observed_UAS,318882,109952,133.8305999999866,95.79050000011921,-29.373299999999972
observed_UAS,318883,2169701,133.8556999999564,95.87980000022799,-29.40390000000002
observed_UAS,318884,109953,133.84310000005644,95.8300000000745,-29.33039999999994
observed_UAS,318885,74219,133.84829999995418,95.95480000041425,-29.355000000000018
observed_UAS,318886,109957,133.89500000001863,95.94790000002831,-29.29110000000003
observed_UAS,318887,2057134,133.8538000000408,96.06429999973625,-29.361099999999965
observed_UAS,318888,2114106,133.85349999996834,96.13379999995232,-29.33319999999992
observed_UAS,318889,2085413,133.85419999994338,96.25540000014007,-29.32809999999995
observed_UAS,318890,2054758,133.89670000004116,96.38350000046194,-29.93520000000001
observed_UAS,318891,2056190,133.82949999999255,96.39209999982268,-29.43209999999999
observed_UAS,318892,2141291,133.85620000003837,96.33110000006855,-29.312999999999988
observed_UAS,318893,622496,133.88329999998678,96.33220000006258,-29.26260000000002
observed_UAS,318894,74457,133.891100000008,96.46549999993294,-31.319499999999948
observed_UAS,318895,2225161,133.8074000000488,96.47919999994338,-31.25159999999994
observed_UAS,318896,2225411,133.82750000001397,96.44710000045598,-31.187000000000012
observed_UAS,318897,2167845,133.81519999995362,96.48610000032932,-31.080100000000016
observed_UAS,318898,2168155,133.82949999999255,96.41490000020713,-29.984199999999987
observed_UAS,318899,74238,133.86109999998007,96.52479999978095,-31.33789999999999
observed_UAS,318900,2219765,133.83050000004005,96.50739999953657,-31.27120000000002
observed_UAS,318901,2084470,133.87159999995492,96.57980000041425,-30.779999999999973
observed_UAS,318902,598788,133.81070000003092,96.6589999999851,-31.30880000000002
observed_UAS,318903,2112543,133.88419999997132,96.63609999977052,-31.208999999999946
observed_UAS,318904,460890,133.8473000000231,96.67480000015348,-31.16109999999992
observed_UAS,318905,2138942,133.87320000003092,96.64259999990463,-31.086199999999963
observed_UAS,318906,534194,133.87979999999516,96.77859999984503,-31.31039999999996
observed_UAS,318907,525504,133.86860000004526,96.72609999962151,-31.27589999999998
observed_UAS,318908,110199,133.8471000000136,96.73929999954998,-31.106400000000008
observed_UAS,318909,109980,133.89119999995455,96.74359999969602,-31.045799999999986
observed_UAS,318910,110200,133.86510000005364,96.76420000009239,-30.956999999999994
observed_UAS,318911,2139733,133.8538000000408,96.83389999996871,-31.326799999999935
observed_UAS,318912,599496,133.88320000004023,96.86239999998361,-31.29239999999993
observed_UAS,318913,2054614,133.8617999999551,96.94790000002831,-31.306799999999953
observed_UAS,318914,624247,133.87109999998938,96.97009999956936,-31.287699999999973
observed_UAS,318915,2081787,133.829000000027,97.02579999994487,-31.2577
observed_UAS,318916,632961,133.83640000002924,97.07620000001043,-31.17629999999997
observed_UAS,318917,150663,133.81669999996666,97.02649999968708,-30.71449999999993
observed_UAS,318918,150664,133.89809999999125,97.03540000040084,-30.659400000000005
observed_UAS,318919,2190999,133.8416000000434,97.10259999986738,-31.042500000000018
observed_UAS,318920,2164553,133.8623999999836,97.13289999961853,-30.957599999999957
observed_UAS,318921,494692,133.8815000000177,97.18580000009388,-30.878199999999993
observed_UAS,318922,58774,133.81530000001658,97.17430000007153,-30.602499999999964
observed_UAS,318923,592192,133.82750000001397,97.22200000006706,-30.935999999999922
observed_UAS,318924,559625,133.85439999995288,97.25899999961257,-30.85419999999999
observed_UAS,318925,58775,133.84809999994468,97.21449999976903,-30.475000000000023
observed_UAS,318926,2191798,133.81590000004508,97.31900000013411,-30.855000000000018
observed_UAS,318927,2052084,133.87139999994542,97.35720000043511,-30.73569999999995
observed_UAS,318928,471381,133.8403999999864,97.38399999961257,-30.660199999999918
observed_UAS,318929,2110338,133.83310000004712,97.41189999971539,-30.710899999999924
observed_UAS,318930,2165040,133.83089999994263,97.45559999998659,-30.660199999999918
observed_UAS,318931,2163615,133.87300000002142,97.44749999977648,-30.585399999999936
observed_UAS,318932,593261,133.8560999999754,97.54270000010729,-30.536399999999958
observed_UAS,318933,91802,133.85510000004433,97.50829999987036,-30.25509999999997
observed_UAS,318934,129624,133.8072000000393,97.5964999999851,-30.171899999999937
observed_UAS,318935,2136116,133.81559999997262,97.6062000002712,-30.51260000000002
observed_UAS,318936,2079901,133.8512000000337,97.6398999998346,-30.440399999999954
observed_UAS,318937,2051137,133.85860000003595,97.66380000021309,-30.39760000000001
observed_UAS,318938,528690,133.82990000001155,97.72300000023097,-30.410300000000007
observed_UAS,318939,2189122,133.84149999998044,97.75629999954253,-30.34699999999998
observed_UAS,318940,561406,133.83730000001378,97.788200000301,-30.267799999999966
observed_UAS,318941,129854,133.812099999981,97.7496999995783,-30.124599999999987
observed_UAS,318942,129855,133.88179999997374,97.7636000001803,-30.077499999999986
observed_UAS,318943,602714,133.85699999995995,97.86290000006557,-30.24759999999992
observed_UAS,318944,505217,133.84580000001006,97.92379999998957,-30.22079999999994
observed_UAS,318945,497179,133.8591000000015,97.96349999960512,-30.150300000000016
observed_UAS,318946,74501,133.8307999999961,97.90160000044852,-30.000099999999975
observed_UAS,318947,2188181,133.82779999997,98.0761000001803,-30.142799999999966
observed_UAS,318948,603435,133.8466999999946,98.07180000003427,-30.06989999999996
observed_UAS,318949,465486,133.83129999996163,98.11419999971986,-30.109899999999925
observed_UAS,318950,505938,133.858099999954,98.14240000024438,-30.077299999999923
observed_UAS,318951,110242,133.84219999995548,98.12849999964237,-29.88900000000001
observed_UAS,318952,2162848,133.8301999999676,98.22659999970347,-30.00789999999995
observed_UAS,318953,473824,133.82689999998547,98.27099999971688,-29.96799999999996
observed_UAS,318954,74734,133.86540000000969,98.2078999998048,-29.79309999999998
observed_UAS,318955,2135347,133.82750000001397,98.36909999977797,-29.939899999999966
observed_UAS,318956,506662,133.8523999999743,98.36859999969602,-29.896999999999935
observed_UAS,318957,2188669,133.84230000001844,98.42289999965578,-29.931600000000003
observed_UAS,318958,2105764,133.86679999995977,98.44440000038594,-29.873199999999997
observed_UAS,318959,110478,133.89439999999013,98.45720000006258,-29.7106
observed_UAS,318960,2161909,133.83920000004582,98.55559999961406,-29.83579999999995
observed_UAS,318961,2186604,133.89320000004955,98.58420000039041,-29.79169999999999
observed_UAS,318962,58815,133.85699999995995,98.50839999970049,-29.69259999999997
observed_UAS,318963,2049730,133.8987999999663,98.6198000004515,-29.806600000000003
observed_UAS,318964,499320,133.8344999999972,98.62930000014603,-29.764599999999973
observed_UAS,318965,150940,133.80379999999423,98.6567000001669,-29.574299999999994
observed_UAS,318966,2187725,133.85600000002887,98.74340000003576,-29.727499999999964
observed_UAS,318967,91840,133.83970000001136,98.73620000015944,-29.609100000000012
observed_UAS,318968,500034,133.84210000000894,98.84439999982715,-29.66999999999996
observed_UAS,318969,59048,133.84479999996256,98.83339999988675,-29.558599999999956
observed_UAS,318970,2077547,133.8334999999497,98.95029999967664,-29.645899999999983
observed_UAS,318971,475994,133.87430000002496,98.9320000000298,-29.5856
observed_UAS,318972,2186778,133.8628000000026,99.0625,-29.630199999999945
observed_UAS,318973,606703,133.82990000001155,99.07390000019222,-29.568499999999972
observed_UAS,318974,508794,133.8355000000447,99.14400000032037,-29.54219999999998
observed_UAS,318975,2027382,133.85329999995884,99.23849999997765,-29.532799999999952
observed_UAS,318976,2132516,133.8536000000313,99.32890000008047,-29.524
observed_UAS,318977,130131,133.8464999999851,99.32670000009239,-29.43909999999994
observed_UAS,318978,534353,133.84389999997802,99.46119999978691,-29.50509999999997
observed_UAS,318979,640906,133.84429999999702,99.46860000025481,-29.45569999999998
observed_UAS,318980,542491,133.83750000002328,99.55659999977797,-29.45010000000002
observed_UAS,318981,110513,133.88000000000466,99.58910000044852,-29.398199999999974
observed_UAS,318982,2131577,133.8556999999564,99.64690000005066,-29.446699999999964
observed_UAS,318983,2027554,133.8682999999728,99.70650000032037,-29.43349999999998
observed_UAS,318984,75006,133.83790000004228,99.72259999997914,-29.355199999999968
observed_UAS,318985,2158144,133.8645999999717,99.83999999985099,-29.402799999999957
observed_UAS,318986,150978,133.87659999995958,99.8711000001058,-29.331000000000017
observed_UAS,318987,2074724,133.81949999998324,99.92080000042915,-29.403699999999958
observed_UAS,318988,576691,133.85100000002421,99.95760000031441,-29.357700000000023
observed_UAS,318989,568881,133.84069999994244,100.05900000035763,-29.343399999999974
observed_UAS,318990,2157209,133.85519999999087,100.16239999979734,-29.340100000000007
observed_UAS,318991,577422,133.8976000000257,100.15460000000894,-29.29639999999995
observed_UAS,318992,150988,133.8850000000093,100.2383000003174,-31.216999999999985
observed_UAS,318993,659538,133.84429999999702,100.248399999924,-29.656200000000013
observed_UAS,318994,610506,133.8591000000015,100.25769999995828,-29.565699999999993
observed_UAS,318995,602163,133.88859999994747,100.23489999957383,-29.46010000000001
observed_UAS,318996,512416,133.86109999998007,100.22200000006706,-29.349699999999984
observed_UAS,318997,537548,133.82319999998435,100.44029999990016,-31.404800000000023
observed_UAS,318998,513123,133.84930000000168,100.40180000010878,-31.378199999999993
observed_UAS,318999,660603,133.83689999999478,100.52390000037849,-31.36189999999999
observed_UAS,319000,2044067,133.83770000003278,100.59509999956936,-31.142100000000028
observed_UAS,319001,537719,133.82460000005085,100.54550000000745,-31.0779
observed_UAS,319002,1993398,133.84360000002198,100.65460000000894,-31.203199999999924
observed_UAS,319003,513837,133.83169999998063,100.63200000021607,-31.1635
observed_UAS,319004,1959802,133.81570000003558,100.62160000018775,-31.090100000000007
observed_UAS,319005,506105,133.8233000000473,100.75439999997616,-31.35050000000001
observed_UAS,319006,611794,133.80370000004768,100.73819999955595,-31.29169999999999
observed_UAS,319007,2098537,133.83680000004824,100.8442000001669,-31.334299999999985
observed_UAS,319008,75270,133.87360000004992,100.86739999987185,-30.771499999999946
observed_UAS,319009,612530,133.85510000004433,100.93499999959022,-31.237199999999916
observed_UAS,319010,1992464,133.8401999999769,100.97580000013113,-31.15549999999996
observed_UAS,319011,645810,133.86230000003707,101.02139999996871,-31.047500000000014
observed_UAS,319012,697017,133.8858000000473,101.05379999987781,-30.964099999999917
observed_UAS,319013,75050,133.87219999998342,101.08569999970496,-30.561500000000024
observed_UAS,319014,1958223,133.84680000005756,101.13129999954253,-30.93489999999997
observed_UAS,319015,580278,133.83710000000428,101.15959999989718,-30.852999999999952
observed_UAS,319016,605417,133.8342999999877,101.2487000003457,-30.74770000000001
observed_UAS,319017,475437,133.8628000000026,101.31989999953657,-30.650499999999965
observed_UAS,319018,2020858,133.82929999998305,101.38900000043213,-30.56989999999996
observed_UAS,319019,110794,133.8118999999715,101.34080000035465,-30.339200000000005
observed_UAS,319020,663521,133.80570000002626,101.42929999995977,-30.61869999999999
observed_UAS,319021,1957273,133.86640000005718,101.43869999982417,-30.553199999999947
observed_UAS,319022,1924369,133.889899999951,101.45999999996275,-30.48219999999992
observed_UAS,319023,151479,133.83239999995567,101.45490000024438,-30.2183
observed_UAS,319024,1958714,133.84660000004806,101.56180000025779,-30.463700000000017
observed_UAS,319025,59587,133.83759999996983,101.54169999994338,-30.181299999999965
observed_UAS,319026,2021974,133.86780000000726,101.6026999996975,-30.406200000000013
observed_UAS,319027,508597,133.84259999997448,101.63320000004023,-30.34949999999992
observed_UAS,319028,582106,133.8638000000501,101.69079999998212,-30.246099999999956
observed_UAS,319029,59365,133.89910000003874,101.62640000041574,-30.123499999999922
observed_UAS,319030,1990264,133.87430000002496,101.73799999989569,-30.3057
observed_UAS,319031,1988516,133.8512000000337,101.72979999985546,-30.25739999999996
observed_UAS,319032,734307,133.85270000004675,101.8277000002563,-30.218599999999924
observed_UAS,319033,509320,133.82039999996778,101.85790000017732,-30.18380000000002
observed_UAS,319034,92613,133.8847999999998,101.84800000023097,-30.006999999999948
observed_UAS,319035,92388,133.86170000000857,101.88559999968857,-29.988200000000006
observed_UAS,319036,542294,133.87950000003912,101.91760000027716,-30.149800000000027
observed_UAS,319037,665329,133.88610000000335,101.9543000003323,-30.07039999999995
observed_UAS,319038,1957450,133.81999999994878,102.01460000034422,-30.102199999999925
observed_UAS,319039,1987574,133.83580000000075,102.0602000001818,-30.050700000000006
observed_UAS,319040,477961,133.88710000005085,102.06699999980628,-29.982799999999997
observed_UAS,319041,2068102,133.87490000005346,102.14580000005662,-30.022299999999973
observed_UAS,319042,542657,133.85149999998976,102.1418000003323,-29.97739999999999
observed_UAS,319043,130448,133.80500000005122,102.16079999972135,-29.846400000000017
observed_UAS,319044,2039012,133.87139999994542,102.27589999977499,-29.923000000000002
observed_UAS,319045,543343,133.84409999998752,102.35699999984354,-29.85050000000001
observed_UAS,319046,1921530,133.8471000000136,102.41579999960959,-29.83809999999994
observed_UAS,319047,75320,133.828199999989,102.45930000022054,-29.71309999999994
observed_UAS,319048,75548,133.82640000001993,102.47680000029504,-29.676600000000008
observed_UAS,319049,544070,133.86450000002515,102.56290000025183,-29.782799999999952
observed_UAS,319050,1955554,133.86210000002757,102.6512000001967,-29.714399999999955
observed_UAS,319051,1985682,133.80810000002384,102.6913999998942,-29.697599999999966
observed_UAS,319052,1886870,133.83360000001267,102.7503000004217,-29.704600000000028
observed_UAS,319053,651157,133.83420000004116,102.74270000029355,-29.661399999999958
observed_UAS,319054,111288,133.83689999999478,102.76159999985248,-29.57179999999994
observed_UAS,319055,1987119,133.86529999994673,102.84049999993294,-29.649800000000027
observed_UAS,319056,1888314,133.82109999994282,102.92150000017136,-29.63040000000001
observed_UAS,319057,651897,133.86410000000615,102.94350000005215,-29.589999999999918
observed_UAS,319058,619466,133.83649999997579,103.09049999993294,-29.553999999999974
observed_UAS,319059,59860,133.874599999981,103.08880000002682,-29.46780000000001
observed_UAS,319060,703969,133.83869999996386,103.15440000034869,-29.560499999999934
observed_UAS,319061,1951900,133.87040000001434,103.22460000030696,-29.530099999999948
observed_UAS,319062,92658,133.86450000002515,103.26370000001043,-29.43909999999994
observed_UAS,319063,2016955,133.89220000000205,103.33299999963492,-29.512399999999957
observed_UAS,319064,514371,133.87820000003558,103.33779999986291,-29.47339999999997
observed_UAS,319065,661859,133.858499999973,103.47640000004321,-29.45539999999994
observed_UAS,319066,1886414,133.83940000005532,103.56290000025183,-29.447299999999927
observed_UAS,319067,810440,133.8349000000162,103.63399999961257,-29.415499999999952
observed_UAS,319068,130946,133.84759999997914,103.63650000002235,-29.367399999999975
observed_UAS,319069,1919490,133.85820000001695,103.74789999984205,-29.417100000000005
observed_UAS,319070,613441,133.86230000003707,103.78330000024289,-29.39760000000001
observed_UAS,319071,811178,133.86840000003576,103.82070000004023,-29.363200000000006
observed_UAS,319072,776561,133.86120000004303,103.96109999995679,-29.372299999999996
observed_UAS,319073,1918542,133.85039999999572,104.06969999987632,-29.350299999999947
observed_UAS,319074,1916028,133.88749999995343,104.16990000009537,-31.468899999999962
observed_UAS,319075,742402,133.89549999998417,104.1671000001952,-31.395899999999983
observed_UAS,319076,699011,133.8908999999985,104.1761999996379,-29.623499999999922
observed_UAS,319077,581909,133.85409999999683,104.13030000030994,-29.350000000000023
observed_UAS,319078,658275,133.85190000000875,104.24239999987185,-31.444099999999935
observed_UAS,319079,582274,133.89179999998305,104.23969999980181,-31.3818
observed_UAS,319080,549854,133.81200000003446,104.27840000018477,-30.40199999999993
observed_UAS,319081,734482,133.8810999999987,104.35570000018924,-31.43119999999999
observed_UAS,319082,778004,133.87930000002962,104.39869999978691,-31.369399999999928
observed_UAS,319083,1982389,133.87490000005346,104.39130000025034,-30.615799999999922
observed_UAS,319084,1915331,133.8530000000028,104.39259999990463,-30.510400000000004
observed_UAS,319085,673311,133.8466999999946,104.34049999993294,-30.448499999999967
observed_UAS,319086,1849581,133.88060000003316,104.33150000032037,-30.35609999999997
observed_UAS,319087,699368,133.82160000002477,104.31429999973625,-30.247999999999934
observed_UAS,319088,1884158,133.8462999999756,104.31230000033975,-30.18489999999997
observed_UAS,319089,111342,133.85369999997783,104.42999999970198,-31.35329999999999
observed_UAS,319090,583007,133.85149999998976,104.44959999993443,-31.187000000000012
observed_UAS,319091,1947963,133.89749999996275,104.44029999990016,-31.0856
observed_UAS,319092,1950188,133.89439999999013,104.43130000028759,-30.946699999999964
observed_UAS,319093,1883814,133.8880000000354,104.40919999964535,-30.84669999999994
observed_UAS,319094,673660,133.89509999996517,104.41610000003129,-30.786899999999946
observed_UAS,319095,778005,133.8351000000257,104.40679999999702,-30.684399999999982
observed_UAS,319096,699732,133.82649999996647,104.40759999956936,-30.486800000000017
observed_UAS,319097,735219,133.88359999994282,104.5647999998182,-31.322000000000003
observed_UAS,319098,2011445,133.86710000003222,104.54640000034124,-31.27069999999992
observed_UAS,319099,708709,133.86569999996573,104.52060000039637,-31.156099999999924
observed_UAS,319100,649159,133.84699999995064,104.65799999982119,-31.356699999999933
observed_UAS,319101,59912,133.83900000003632,104.64690000005066,-30.96479999999997
observed_UAS,319102,779081,133.84530000004452,104.73230000026524,-31.342699999999923
observed_UAS,319103,584107,133.85210000001825,104.77539999969304,-31.29110000000003
observed_UAS,319104,1913956,133.81830000004265,104.81780000030994,-31.323399999999992
observed_UAS,319105,1880192,133.8344999999972,104.84829999972135,-31.24249999999995
observed_UAS,319106,617060,133.8697000000393,104.87000000011176,-31.139499999999998
observed_UAS,319107,131207,133.87250000005588,104.88399999961257,-30.73129999999992
observed_UAS,319108,1981176,133.84210000000894,104.93010000046343,-31.072400000000016
observed_UAS,319109,650224,133.89080000005197,104.94479999970645,-30.984699999999975
observed_UAS,319110,92937,133.8175999999512,104.92300000041723,-30.65339999999992
observed_UAS,319111,736688,133.8395999999484,105.01030000019819,-30.95569999999998
observed_UAS,319112,1881735,133.85080000001471,105.06060000043362,-30.860500000000002
observed_UAS,319113,667706,133.84329999994952,105.13350000046194,-30.80709999999999
observed_UAS,319114,1879168,133.87529999995604,105.14759999979287,-30.772100000000023
observed_UAS,319115,618167,133.87069999997038,105.17250000033528,-30.66829999999993
observed_UAS,319116,76084,133.813300000038,105.16700000036508,-30.422199999999975
observed_UAS,319117,130996,133.80409999995027,105.19550000037998,-30.39689999999996
observed_UAS,319118,1947794,133.81709999998566,105.21300000045449,-30.736099999999965
observed_UAS,319119,702673,133.8312000000151,105.248399999924,-30.633100000000013
observed_UAS,319120,772685,133.80940000002738,105.31610000040382,-30.62009999999998
observed_UAS,319121,1979786,133.8475000000326,105.37150000035763,-30.54469999999992
observed_UAS,319122,618905,133.84340000001248,105.38939999975264,-30.46289999999999
observed_UAS,319123,781666,133.83810000005178,105.47950000036508,-30.44049999999993
observed_UAS,319124,75872,133.81359999999404,105.43279999960214,-30.245199999999954
observed_UAS,319125,1845786,133.8967999999877,105.50760000012815,-30.40229999999997
observed_UAS,319126,677345,133.84210000000894,105.55209999997169,-30.367200000000025
observed_UAS,319127,738532,133.813300000038,105.55399999953806,-30.29379999999992
observed_UAS,319128,111816,133.81629999994766,105.52390000037849,-30.15089999999998
observed_UAS,319129,1913442,133.86560000001919,105.65610000025481,-30.30499999999995
observed_UAS,319130,652814,133.86529999994673,105.66849999967963,-30.230199999999968
observed_UAS,319131,111606,133.86389999999665,105.67980000004172,-30.00559999999996
observed_UAS,319132,1911307,133.86410000000615,105.7347999997437,-30.218700000000013
observed_UAS,319133,704512,133.88289999996778,105.75839999970049,-30.167500000000018
observed_UAS,319134,60395,133.82400000002235,105.79250000044703,-29.991899999999987
observed_UAS,319135,1879337,133.85679999995045,105.81419999990612,-30.21359999999993
observed_UAS,319136,2007335,133.8847999999998,105.83339999988675,-30.150300000000016
observed_UAS,319137,713003,133.86190000001807,105.85369999986142,-30.084299999999985
observed_UAS,319138,1842146,133.80420000001322,105.91199999954551,-30.109899999999925
observed_UAS,319139,1844413,133.85389999998733,105.95330000016838,-30.06790000000001
observed_UAS,319140,152070,133.84880000003614,105.98390000034124,-29.849199999999996
observed_UAS,319141,775265,133.86430000001565,106.0421000001952,-30.034999999999968
observed_UAS,319142,654292,133.84409999998752,106.09020000044256,-29.95780000000002
observed_UAS,319143,1977387,133.8517999999458,106.13059999980032,-29.934099999999944
observed_UAS,319144,93424,133.83010000002105,106.12600000016391,-29.812000000000012
observed_UAS,319145,1843370,133.88219999999274,106.2542000003159,-29.851400000000012
observed_UAS,319146,671746,133.84470000001602,106.34169999975711,-29.841099999999983
observed_UAS,319147,1976366,133.85620000003837,106.44799999985844,-29.805399999999963
observed_UAS,319148,776737,133.8475000000326,106.46700000017881,-29.77069999999992
observed_UAS,319149,131478,133.82790000003297,106.4543000003323,-29.63119999999992
observed_UAS,319150,672480,133.85409999999683,106.54389999993145,-29.75229999999999
observed_UAS,319151,131260,133.86389999999665,106.50609999988228,-29.644699999999943
observed_UAS,319152,742214,133.81200000003446,106.61249999981374,-29.725299999999947
observed_UAS,319153,715613,133.82499999995343,106.64859999995679,-29.666399999999953
observed_UAS,319154,821094,133.85759999998845,106.74679999984801,-29.64289999999994
observed_UAS,319155,76360,133.85939999995753,106.75279999990016,-29.530199999999923
observed_UAS,319156,813153,133.82790000003297,106.86899999994785,-29.62379999999996
observed_UAS,319157,786376,133.8357000000542,106.8905999995768,-29.586400000000026
observed_UAS,319158,848727,133.8928999999771,106.91669999994338,-29.60719999999992
observed_UAS,319159,682153,133.85739999997895,106.96549999993294,-29.54880000000003
observed_UAS,319160,1909385,133.8571000000229,107.05020000040531,-29.552900000000022
observed_UAS,319161,112087,133.86069999996107,107.07309999968857,-29.46169999999995
observed_UAS,319162,1939247,133.85999999998603,107.15400000009686,-29.52699999999993
observed_UAS,319163,717486,133.80180000001565,107.18609999958426,-29.481599999999958
observed_UAS,319164,744387,133.875,107.21559999976307,-29.508100000000013
observed_UAS,319165,60443,133.8222999999998,107.2827000003308,-29.44489999999996
observed_UAS,319166,1839732,133.83559999999125,107.3413000004366,-29.467300000000023
observed_UAS,319167,152548,133.8623999999836,107.35340000037104,-29.382799999999975
observed_UAS,319168,788254,133.83459999994375,107.44290000014007,-29.43259999999998
observed_UAS,319169,675673,133.83900000003632,107.524299999699,-29.447000000000003
observed_UAS,319170,93469,133.87630000000354,107.5469000004232,-29.384199999999964
observed_UAS,319171,2001267,133.85970000003,107.61340000014752,-29.415899999999965
observed_UAS,319172,93695,133.84880000003614,107.65820000041276,-29.350299999999947
observed_UAS,319173,746237,133.82259999995586,107.77170000039041,-29.364299999999957
observed_UAS,319174,1872927,133.85759999998845,107.83889999985695,-29.373499999999922
observed_UAS,319175,1968548,133.83790000004228,107.9566000001505,-29.344799999999964
observed_UAS,319176,790513,133.8874000000069,108.07440000027418,-31.477999999999952
observed_UAS,319177,1905610,133.87739999999758,108.09530000016093,-31.38760000000002
observed_UAS,319178,677505,133.8403999999864,108.05049999989569,-29.407799999999952
observed_UAS,319179,2002573,133.8469000000041,108.03969999961555,-29.335699999999974
observed_UAS,319180,891468,133.8532000000123,108.1379000004381,-31.430200000000013
observed_UAS,319181,1868929,133.87369999999646,108.13949999958277,-31.357799999999997
observed_UAS,319182,686290,133.80610000004526,108.12710000015795,-31.237700000000018
observed_UAS,319183,1935069,133.87970000004862,108.25650000013411,-31.50229999999999
observed_UAS,319184,1871393,133.8358999999473,108.26860000006855,-31.45399999999995
observed_UAS,319185,756023,133.84860000002664,108.2030999995768,-31.393500000000017
observed_UAS,319186,678601,133.8479000000516,108.31749999988824,-31.419599999999946
observed_UAS,319187,1934688,133.8512000000337,108.38129999954253,-31.158900000000017
observed_UAS,319188,1937523,133.86040000000503,108.3866999996826,-31.079899999999952
observed_UAS,319189,713187,133.81610000005458,108.32760000042617,-30.942000000000007
observed_UAS,319190,1867771,133.8686999999918,108.45880000013858,-31.206999999999994
observed_UAS,319191,756740,133.8227000000188,108.44280000030994,-31.13239999999996
observed_UAS,319192,721963,133.8808999999892,108.41509999986738,-31.0693
observed_UAS,319193,826594,133.8540000000503,108.40450000017881,-30.982999999999947
observed_UAS,319194,2000315,133.85699999995995,108.5789999999106,-31.42909999999995
observed_UAS,319195,1966257,133.8318000000436,108.52840000018477,-31.349399999999946
observed_UAS,319196,1997309,133.84849999996368,108.67179999966174,-31.3818
observed_UAS,319197,1835221,133.82640000001993,108.75750000029802,-31.313800000000015
observed_UAS,319198,1968343,133.890699999989,108.72919999994338,-31.242399999999975
observed_UAS,319199,1831950,133.8538000000408,108.8147999998182,-31.101699999999937
observed_UAS,319200,888233,133.85860000003595,108.82359999977052,-31.049699999999916
observed_UAS,319201,1932757,133.8808999999892,108.8863000003621,-30.973700000000008
observed_UAS,319202,750203,133.86679999995977,108.91409999970347,-30.942699999999945
observed_UAS,319203,888512,133.85600000002887,108.96470000036061,-30.868799999999965
observed_UAS,319204,1868722,133.85290000005625,109.01900000032037,-30.836199999999963
observed_UAS,319205,1865438,133.84640000003856,109.07710000034422,-30.767200000000003
observed_UAS,319206,829227,133.875800000038,109.14560000039637,-30.71550000000002
observed_UAS,319207,1833683,133.8567000000039,109.16260000038892,-30.660099999999943
observed_UAS,319208,786186,133.86060000001453,109.20870000030845,-30.627099999999928
observed_UAS,319209,759755,133.86120000004303,109.27589999977499,-30.532799999999952
observed_UAS,319210,891596,133.8739999999525,109.28660000022501,-30.47919999999999
observed_UAS,319211,1898122,133.84089999995194,109.35240000020713,-30.505699999999933
observed_UAS,319212,829987,133.84069999994244,109.37019999977201,-30.45010000000002
observed_UAS,319213,1829614,133.8806999999797,109.4077000003308,-30.42599999999993
observed_UAS,319214,1867172,133.85290000005625,109.4362000003457,-30.3433
observed_UAS,319215,822403,133.859300000011,109.50140000041574,-30.323999999999955
observed_UAS,319216,717671,133.8560999999754,109.59240000043064,-30.279199999999946
observed_UAS,319217,888567,133.8198000000557,109.64049999974668,-30.242700000000013
observed_UAS,319218,752827,133.8760000000475,109.65400000009686,-30.18979999999999
observed_UAS,319219,1790451,133.85459999996237,109.74990000016987,-30.146499999999946
observed_UAS,319220,753578,133.87749999994412,109.86359999980778,-30.073999999999955
observed_UAS,319221,1895780,133.84230000001844,109.9637000001967,-30.037799999999947
observed_UAS,319222,1861924,133.859300000011,109.99590000044554,-29.964999999999918
observed_UAS,319223,888608,133.8532000000123,110.06030000001192,-29.952299999999923
observed_UAS,319224,891687,133.83580000000075,110.1272999998182,-29.887899999999945
observed_UAS,319225,1894608,133.83310000004712,110.27139999996871,-29.851299999999924
observed_UAS,319226,1829402,133.81649999995716,110.34750000014901,-29.818399999999997
observed_UAS,319227,1897522,133.8649999999907,110.36199999973178,-29.781099999999924
observed_UAS,319228,1750006,133.86410000000615,110.40490000043064,-29.772299999999973
observed_UAS,319229,1863277,133.84420000005048,110.51109999977052,-29.730000000000018
observed_UAS,319230,1790631,133.89529999997467,110.5543999997899,-29.677599999999984
observed_UAS,319231,1824913,133.84869999997318,110.64209999982268,-29.66689999999994
observed_UAS,319232,1748823,133.83940000005532,110.72389999963343,-29.621800000000007
observed_UAS,319233,1862104,133.86080000002403,110.81879999954253,-29.59590000000003
observed_UAS,319234,1823720,133.82279999996535,110.95449999999255,-29.56409999999994
observed_UAS,319235,1747630,133.82790000003297,111.05109999980778,-29.527499999999918
observed_UAS,319236,1857581,133.8743999999715,111.10869999974966,-29.51069999999993
observed_UAS,319237,1822918,133.88100000005215,111.14109999965876,-29.487999999999943
observed_UAS,319238,1785140,133.87060000002384,111.22800000011921,-29.47059999999999
observed_UAS,319239,1787912,133.8460999999661,111.33660000003874,-29.434399999999982
observed_UAS,319240,1821695,133.85840000002645,111.45320000033826,-29.42070000000001
observed_UAS,319241,1783935,133.83559999999125,111.55240000039339,-29.40949999999998
observed_UAS,319242,1706975,133.87749999994412,111.57830000016838,-29.3741
observed_UAS,319243,1786918,133.85039999999572,111.66820000018924,-29.382099999999923
observed_UAS,319244,1858565,133.87120000005234,111.76960000023246,-29.351400000000012
observed_UAS,319245,1748219,133.83089999994263,111.80219999980181,-29.36609999999996
observed_UAS,319876,2210427,133.96389999997336,90.04229999985546,-30.235000000000014
observed_UAS,319877,374718,133.98380000004545,90.0421000001952,-30.187400000000025
observed_UAS,319878,2264560,133.92920000001322,90.1140000000596,-30.218999999999937
observed_UAS,319879,448939,133.96609999996144,90.14230000041425,-30.129500000000007
observed_UAS,319880,352882,133.94110000005458,90.22049999982119,-30.126800000000003
observed_UAS,319881,398914,133.93130000005476,90.2671999996528,-30.02839999999992
observed_UAS,319882,2276943,133.93359999998938,90.34949999954551,-30.04570000000001
observed_UAS,319883,449630,133.9607000000542,90.37669999990612,-29.9846
observed_UAS,319884,361192,133.95019999996293,90.43340000044554,-30.017200000000003
observed_UAS,319885,2209100,133.93169999995735,90.45559999998659,-29.972800000000007
observed_UAS,319886,2183173,133.9989999999525,90.49909999966621,-29.889999999999986
observed_UAS,319887,2248521,133.94050000002608,90.55640000011772,-29.91459999999995
observed_UAS,319888,407618,133.99540000001434,90.5511999996379,-29.8193
observed_UAS,319889,514938,133.93259999994189,90.64599999971688,-29.88709999999992
observed_UAS,319890,376365,133.9767999999458,90.71740000043064,-29.843399999999974
observed_UAS,319891,2155642,133.9303999999538,90.7668000003323,-29.788099999999986
observed_UAS,319892,2247794,133.9435999999987,90.86199999973178,-29.748699999999985
observed_UAS,319893,515634,133.90850000001956,90.873399999924,-29.687400000000025
observed_UAS,319894,2276314,133.93149999994785,90.9112999998033,-29.736599999999953
observed_UAS,319895,2208002,133.97470000002068,90.97709999978542,-29.665200000000027
observed_UAS,319896,2262434,133.9277000000002,91.04550000000745,-29.671100000000024
observed_UAS,319897,2126323,133.92989999998827,91.15099999960512,-29.62939999999992
observed_UAS,319898,2246184,133.96739999996498,91.20299999974668,-29.618299999999977
observed_UAS,319899,484440,133.94920000003185,91.25999999977648,-29.556600000000003
observed_UAS,319900,316943,133.9492999999784,91.32430000044405,-29.56409999999994
observed_UAS,319901,517368,133.92319999996107,91.4511000001803,-29.555499999999938
observed_UAS,319902,410117,133.90240000002086,91.49830000009388,-29.499500000000012
observed_UAS,319903,356822,133.9601000000257,91.5702999997884,-29.516200000000026
observed_UAS,319904,317608,133.96490000002086,91.5456999996677,-29.462599999999952
observed_UAS,319905,518065,133.94599999999627,91.66970000043511,-29.44240000000002
observed_UAS,319906,428702,133.937099999981,91.75930000003427,-29.419199999999933
observed_UAS,319907,436983,133.93579999997746,91.86770000029355,-29.422500000000014
observed_UAS,319908,380099,133.94519999995828,91.95170000009239,-29.422699999999963
observed_UAS,319909,454490,133.96039999998175,91.97690000012517,-29.39479999999992
observed_UAS,319910,2244037,133.93889999995008,92.03280000016093,-29.403699999999958
observed_UAS,319911,551801,133.96950000000652,92.06489999964833,-29.359399999999937
observed_UAS,319912,2123648,133.9505000000354,92.17480000015348,-29.357099999999946
observed_UAS,319913,412570,133.95039999997243,92.26229999959469,-29.322000000000003
observed_UAS,319914,405023,133.96959999995306,92.34410000033677,-29.337599999999952
observed_UAS,319915,2204039,133.98519999999553,92.46540000010282,-31.39199999999994
observed_UAS,319916,109408,133.93980000005104,92.44550000037998,-31.256599999999935
observed_UAS,319917,2178902,133.9165000000503,92.43800000008196,-29.60749999999996
observed_UAS,319918,455870,133.94510000001173,92.41199999954551,-29.533900000000017
observed_UAS,319919,2243892,133.90190000005532,92.4566000001505,-29.404800000000023
observed_UAS,319920,438437,133.99849999998696,92.4219000004232,-29.39479999999992
observed_UAS,319921,2095449,133.95109999994747,92.51119999960065,-31.437000000000012
observed_UAS,319922,2065747,133.93929999996908,92.5734999999404,-31.36329999999998
observed_UAS,319923,149857,133.90709999995306,92.65419999975711,-31.332599999999957
observed_UAS,319924,2150261,133.9438000000082,92.65849999990314,-31.269699999999943
observed_UAS,319925,456896,133.97649999998976,92.65789999999106,-31.144499999999994
observed_UAS,319926,2122410,133.98809999995865,92.68259999994189,-31.055499999999938
observed_UAS,319927,57979,133.92830000002868,92.7347999997437,-31.263500000000022
observed_UAS,319928,521502,133.9505000000354,92.75339999981225,-31.141099999999938
observed_UAS,319929,2178074,133.94449999998324,92.7046999996528,-31.079200000000014
observed_UAS,319930,521853,133.9486999999499,92.86270000040531,-31.32129999999995
observed_UAS,319931,2094609,133.96059999999125,92.81819999963045,-31.2894
observed_UAS,319932,57981,133.95609999995213,92.80620000045747,-31.062400000000025
observed_UAS,319933,431893,133.95490000001155,92.93439999967813,-31.348299999999995
observed_UAS,319934,489983,133.94629999995232,92.99760000035167,-31.2894
observed_UAS,319935,73688,133.92220000003,92.99519999977201,-30.842499999999973
observed_UAS,319936,2093041,133.9202000000514,93.05289999954402,-31.307699999999954
observed_UAS,319937,2064310,133.9592999999877,93.08399999979883,-31.259599999999978
observed_UAS,319938,73689,133.91209999995772,93.02840000018477,-30.886499999999955
observed_UAS,319939,440495,133.91700000001583,93.13729999959469,-31.239299999999957
observed_UAS,319940,361340,133.9610999999568,93.15020000003278,-31.159999999999968
observed_UAS,319941,482157,133.96080000000075,93.16619999986142,-31.031200000000013
observed_UAS,319942,91003,133.9146999999648,93.18300000019372,-30.7346
observed_UAS,319943,109429,133.92579999996815,93.17019999958575,-30.587599999999952
observed_UAS,319944,407418,133.93389999994542,93.20349999982864,-31.070600000000013
observed_UAS,319945,458647,133.9546000000555,93.2335000000894,-30.94889999999998
observed_UAS,319946,361687,133.9819000000134,93.24930000025779,-30.892499999999927
observed_UAS,319947,109430,133.9207999999635,93.21710000000894,-30.630999999999972
observed_UAS,319948,91006,133.9427999999607,93.26549999974668,-30.551799999999957
observed_UAS,319949,2121774,133.96970000001602,93.30690000019968,-30.915499999999952
observed_UAS,319950,2176384,133.94220000004862,93.34289999958128,-30.850599999999986
observed_UAS,319951,2063433,133.9538000000175,93.37970000039786,-30.77589999999998
observed_UAS,319952,91008,133.95589999994263,93.33609999995679,-30.44769999999994
observed_UAS,319953,91010,133.9780000000028,93.37590000033379,-30.39149999999995
observed_UAS,319954,2064452,133.90439999999944,93.41210000030696,-30.809799999999996
observed_UAS,319955,450817,133.9660000000149,93.44000000040978,-30.73899999999992
observed_UAS,319956,588883,133.95200000004843,93.48629999998957,-30.67139999999995
observed_UAS,319957,556327,133.97030000004452,93.4928999999538,-30.597599999999943
observed_UAS,319958,149882,133.98730000003707,93.48159999959171,-30.402799999999957
observed_UAS,319959,58000,133.96120000001974,93.47449999954551,-30.314899999999966
observed_UAS,319960,622003,133.99829999997746,93.52489999961108,-30.62869999999998
observed_UAS,319961,384638,133.938300000038,93.56529999990016,-30.538900000000012
observed_UAS,319962,149883,133.92299999995157,93.5323999999091,-30.36329999999998
observed_UAS,319963,91015,133.98730000003707,93.56589999981225,-30.282299999999964
observed_UAS,319964,2201025,133.98019999999087,93.6414999999106,-30.51819999999998
observed_UAS,319965,524320,133.92779999994673,93.66959999967366,-30.465799999999945
observed_UAS,319966,91017,133.94530000002123,93.65209999959916,-30.238200000000006
observed_UAS,319967,129067,133.9775999999838,93.67839999962598,-30.175200000000018
observed_UAS,319968,2120619,133.92070000001695,93.76070000045002,-30.458399999999983
observed_UAS,319969,451856,133.9823000000324,93.76989999972284,-30.351699999999937
observed_UAS,319970,129068,133.96259999996983,93.7121000001207,-30.117099999999937
observed_UAS,319971,129070,133.98629999998957,93.77890000026673,-30.096400000000017
observed_UAS,319972,2119293,133.96889999997802,93.8312999997288,-30.345299999999952
observed_UAS,319973,2201463,133.9891999999527,93.85089999996126,-30.28309999999999
observed_UAS,319974,129072,133.9660000000149,93.84480000007898,-30.063999999999965
observed_UAS,319975,2200146,133.97080000001006,93.96289999969304,-30.23219999999992
observed_UAS,319976,129074,133.922600000049,93.93159999977797,-30.014599999999973
observed_UAS,319977,129075,133.90159999998286,93.96779999975115,-29.994000000000028
observed_UAS,319978,2061643,133.91240000003017,94.00320000015199,-30.213700000000017
observed_UAS,319979,409915,133.94920000003185,94.0718999998644,-30.144000000000005
observed_UAS,319980,129076,133.90040000004228,94.01300000026822,-30.01929999999993
observed_UAS,319981,2174495,133.93130000005476,94.12619999982417,-30.131700000000023
observed_UAS,319982,2090047,133.96669999998994,94.163200000301,-30.073499999999967
observed_UAS,319983,73943,133.9144999999553,94.19209999963641,-29.907699999999977
observed_UAS,319984,2146919,133.9448000000557,94.25399999972433,-30.047900000000027
observed_UAS,319985,624088,133.92359999998007,94.23539999965578,-29.977700000000027
observed_UAS,319986,2061799,133.95120000001043,94.32749999966472,-29.970199999999977
observed_UAS,319987,453939,133.94099999999162,94.46090000029653,-29.912500000000023
observed_UAS,319988,624799,133.93819999997504,94.45230000000447,-29.87469999999996
observed_UAS,319989,551250,133.95429999998305,94.53320000041276,-29.841999999999985
observed_UAS,319990,527110,133.90500000002794,94.58229999989271,-29.79359999999997
observed_UAS,319991,150142,133.9475000000093,94.57689999975264,-29.6943
observed_UAS,319992,2198367,133.93720000004396,94.61799999978393,-29.820299999999975
observed_UAS,319993,559824,133.94839999999385,94.6379000004381,-29.757299999999987
observed_UAS,319994,150144,133.96100000001024,94.63179999962449,-29.665300000000002
observed_UAS,319995,487022,133.96689999999944,94.74110000021756,-29.740699999999947
observed_UAS,319996,150146,133.9505000000354,94.70739999972284,-29.618600000000015
observed_UAS,319997,150147,133.92339999997057,94.74399999994785,-29.566299999999956
observed_UAS,319998,2089291,133.96100000001024,94.83499999996275,-29.706500000000005
observed_UAS,319999,150150,133.94839999999385,94.84210000000894,-29.62659999999994
observed_UAS,320000,150149,133.91520000004675,94.80649999994785,-29.57459999999992
observed_UAS,320001,2198522,133.94860000000335,94.96140000037849,-29.65199999999993
observed_UAS,320002,2117037,133.95490000001155,95.02579999994487,-29.64199999999994
observed_UAS,320003,496667,133.95279999997,95.15759999956936,-29.563499999999976
observed_UAS,320004,2059324,133.95649999997113,95.27589999977499,-29.54379999999992
observed_UAS,320005,521303,133.9594999999972,95.35259999986738,-29.546100000000024
observed_UAS,320006,129339,133.91989999997895,95.34709999989718,-29.44240000000002
observed_UAS,320007,2087445,133.954400000046,95.4672999996692,-29.467300000000023
observed_UAS,320008,530315,133.9486999999499,95.56630000006407,-29.44539999999995
observed_UAS,320009,2115347,133.94229999999516,95.663200000301,-29.446500000000015
observed_UAS,320010,490136,133.95779999997467,95.74540000036359,-29.437599999999975
observed_UAS,320011,440650,133.9485000000568,95.78589999955148,-29.375499999999988
observed_UAS,320012,2056334,133.96310000005178,95.83339999988675,-29.401200000000017
observed_UAS,320013,2142531,133.94799999997485,95.85769999958575,-29.392499999999927
observed_UAS,320014,490840,133.96719999995548,95.96310000028461,-29.349399999999946
observed_UAS,320015,2169079,133.93359999998938,96.06140000000596,-29.3596
observed_UAS,320016,523768,133.93279999995138,96.15280000027269,-29.329200000000014
observed_UAS,320017,2194878,133.936299999943,96.26950000040233,-29.327299999999923
observed_UAS,320018,565529,133.99259999999776,96.39080000016838,-30.104600000000005
observed_UAS,320019,2113169,133.98809999995865,96.38530000019819,-30.072099999999978
observed_UAS,320020,524465,133.99250000005122,96.3594000004232,-29.855699999999956
observed_UAS,320021,630867,133.91059999994468,96.36079999990761,-29.742200000000025
observed_UAS,320022,2083667,133.90910000004806,96.36519999988377,-29.63709999999992
observed_UAS,320023,2112057,133.9261000000406,96.3422999996692,-29.454600000000028
observed_UAS,320024,2139876,133.9307999999728,96.32629999984056,-29.38239999999996
observed_UAS,320025,2193492,133.90449999994598,96.30970000009984,-29.289699999999925
observed_UAS,320026,74237,133.96979999996256,96.48519999999553,-31.336799999999926
observed_UAS,320027,500927,133.98600000003353,96.41559999994934,-31.292799999999943
observed_UAS,320028,2140671,133.96699999994598,96.46999999973923,-30.635099999999966
observed_UAS,320029,2111741,133.9272999999812,96.43900000024587,-30.43229999999994
observed_UAS,320030,2083355,133.9592999999877,96.45339999999851,-30.367899999999963
observed_UAS,320031,2140981,133.90319999994244,96.4089999999851,-30.032600000000002
observed_UAS,320032,469023,133.99159999995027,96.51499999966472,-31.30110000000002
observed_UAS,320033,492583,133.90720000001602,96.51510000042617,-31.289999999999964
observed_UAS,320034,2165810,133.97589999996126,96.66750000044703,-31.240799999999922
observed_UAS,320035,2084152,133.96770000003744,96.63949999958277,-31.1807
observed_UAS,320036,492932,133.95880000002217,96.60419999994338,-31.081500000000005
observed_UAS,320037,493279,133.96299999998882,96.71480000019073,-31.301600000000008
observed_UAS,320038,599137,133.9562000000151,96.72389999963343,-31.23709999999994
observed_UAS,320039,109979,133.98400000005495,96.70490000024438,-31.02279999999996
observed_UAS,320040,110201,133.99259999999776,96.7801000000909,-30.96550000000002
observed_UAS,320041,2166602,133.92330000002403,96.8613999998197,-31.310999999999922
observed_UAS,320042,566924,133.95290000003297,96.84480000007898,-31.2971
observed_UAS,320043,2053344,133.9492999999784,96.92250000033528,-31.320100000000025
observed_UAS,320044,2083211,133.95510000002105,96.9753999998793,-31.252899999999954
observed_UAS,320045,2139111,133.938700000057,97.01300000026822,-31.234899999999925
observed_UAS,320046,2192419,133.9486999999499,97.0433999998495,-31.170299999999997
observed_UAS,320047,567641,133.91200000001118,97.06929999962449,-31.050299999999993
observed_UAS,320048,150439,133.92700000002515,97.00119999982417,-30.737199999999916
observed_UAS,320049,470666,133.91910000005737,97.10089999996126,-31.02139999999997
observed_UAS,320050,600573,133.96290000004228,97.1606000000611,-30.948499999999967
observed_UAS,320051,462648,133.9507000000449,97.18450000043958,-30.84190000000001
observed_UAS,320052,527267,133.9368999999715,97.24590000044554,-30.858099999999922
observed_UAS,320053,495046,133.97160000004806,97.25860000029206,-30.75400000000002
observed_UAS,320054,58776,133.95790000003763,97.225700000301,-30.463700000000017
observed_UAS,320055,2136746,133.96470000001136,97.3426000000909,-30.74739999999997
observed_UAS,320056,625669,133.93460000003688,97.36129999998957,-30.634199999999964
observed_UAS,320057,2137857,133.92779999994673,97.44730000011623,-30.62939999999992
observed_UAS,320058,2191171,133.93839999998454,97.49370000045747,-30.537799999999947
observed_UAS,320059,2051453,133.95140000001993,97.53459999989718,-30.52279999999996
observed_UAS,320060,528333,133.97010000003502,97.57149999961257,-30.467699999999923
observed_UAS,320061,129623,133.93799999996554,97.5246000001207,-30.23879999999997
observed_UAS,320062,91804,133.9997999999905,97.55350000038743,-30.165599999999927
observed_UAS,320063,2162989,133.94689999998081,97.63460000045598,-30.44150000000002
observed_UAS,320064,561049,133.9875999999931,97.63590000011027,-30.37130000000002
observed_UAS,320065,602362,133.9588999999687,97.69959999993443,-30.296699999999987
observed_UAS,320066,2136915,133.9529999999795,97.77240000013262,-30.34050000000002
observed_UAS,320067,504985,133.9564000000246,97.76570000033826,-30.282299999999964
observed_UAS,320068,129856,133.96440000005532,97.77520000003278,-30.049099999999953
observed_UAS,320069,2051939,133.95449999999255,97.85180000029504,-30.249000000000024
observed_UAS,320070,561763,133.9542000000365,97.86450000014156,-30.19629999999995
observed_UAS,320071,74500,133.91359999997076,97.8707999996841,-29.9846
observed_UAS,320072,635826,133.92920000001322,97.90859999973327,-30.219499999999925
observed_UAS,320073,2162050,133.94649999996182,97.94909999985248,-30.14059999999995
observed_UAS,320074,570841,133.94839999999385,98.06030000001192,-30.130899999999997
observed_UAS,320075,562477,133.94539999996778,98.07309999968857,-30.04989999999998
observed_UAS,320076,110241,133.93110000004526,98.08100000023842,-29.887899999999945
observed_UAS,320077,2049557,133.91929999995045,98.15359999984503,-30.046299999999974
observed_UAS,320078,603799,133.96880000003148,98.13150000013411,-29.99109999999996
observed_UAS,320079,2107829,133.97479999996722,98.2137000001967,-30.01170000000002
observed_UAS,320080,498248,133.95470000000205,98.251600000076,-29.931600000000003
observed_UAS,320081,74735,133.96739999996498,98.22039999999106,-29.818199999999933
observed_UAS,320082,2079125,133.9769999999553,98.34350000042468,-29.913099999999986
observed_UAS,320083,637277,133.90780000004452,98.35439999960363,-29.870000000000005
observed_UAS,320084,150705,133.98580000002403,98.34729999955744,-29.755199999999945
observed_UAS,320085,2162224,133.90749999997206,98.40940000023693,-29.91089999999997
observed_UAS,320086,2050048,133.97490000003017,98.4714999999851,-29.835399999999936
observed_UAS,320087,110479,133.9553999999771,98.47489999979734,-29.675399999999968
observed_UAS,320088,2134720,133.91760000004433,98.54739999957383,-29.824799999999982
observed_UAS,320089,474909,133.9719000000041,98.56010000035167,-29.75789999999995
observed_UAS,320090,2047981,133.94389999995474,98.6577000003308,-29.7568
observed_UAS,320091,150941,133.92960000003222,98.6745999995619,-29.60559999999998
observed_UAS,320092,91839,133.90590000001248,98.69539999961853,-29.59669999999994
observed_UAS,320093,2161282,133.9305999999633,98.73450000025332,-29.71780000000001
observed_UAS,320094,638732,133.9658000000054,98.75399999972433,-29.676799999999957
observed_UAS,320095,467794,133.92839999997523,98.84059999976307,-29.647899999999936
observed_UAS,320096,59049,133.92090000002645,98.85290000028908,-29.524
observed_UAS,320097,565334,133.96290000004228,98.94859999977052,-29.647199999999998
observed_UAS,320098,129892,133.94839999999385,98.94039999973029,-29.554700000000025
observed_UAS,320099,2160341,133.94039999996312,99.0511999996379,-29.604100000000017
observed_UAS,320100,468484,133.94839999999385,99.05069999955595,-29.582199999999943
observed_UAS,320101,566017,133.96160000003874,99.15610000025481,-29.54219999999998
observed_UAS,320102,92078,133.9875999999931,99.1398999998346,-29.465100000000007
observed_UAS,320103,2186149,133.95160000002943,99.24230000004172,-29.538400000000024
observed_UAS,320104,74768,133.96900000004098,99.29590000025928,-29.429300000000012
observed_UAS,320105,533997,133.9442000000272,99.32299999985844,-29.51019999999994
observed_UAS,320106,599299,133.92700000002515,99.35379999969155,-29.485799999999927
observed_UAS,320107,2102620,133.93130000005476,99.45909999962896,-29.46289999999999
observed_UAS,320108,2027867,133.95810000004712,99.56400000024587,-29.449999999999932
observed_UAS,320109,110512,133.94070000003558,99.53610000014305,-29.38130000000001
observed_UAS,320110,2157037,133.97080000001006,99.63350000046194,-29.44679999999994
observed_UAS,320111,478521,133.9216000000015,99.67769999988377,-29.39919999999995
observed_UAS,320112,2046276,133.97299999999814,99.7577999997884,-29.417799999999943
observed_UAS,320113,75007,133.92779999994673,99.74000000022352,-29.364100000000008
observed_UAS,320114,2130956,133.93610000004992,99.82780000008643,-29.40809999999999
observed_UAS,320115,642365,133.95700000005309,99.85740000009537,-29.3741
observed_UAS,320116,150977,133.94070000003558,99.82839999999851,-29.29469999999992
observed_UAS,320117,634205,133.953199999989,99.94969999976456,-29.350900000000024
observed_UAS,320118,2157523,133.93579999997746,100.02450000029057,-29.353399999999965
observed_UAS,320119,2072031,133.98789999994915,100.19639999978244,-29.50559999999996
observed_UAS,320120,504443,133.96279999997932,100.19539999961853,-29.438499999999976
observed_UAS,320121,2130021,133.92740000004414,100.15010000020266,-29.33699999999999
observed_UAS,320122,537201,133.936299999943,100.28710000030696,-31.440899999999942
observed_UAS,320123,659901,133.96250000002328,100.24359999969602,-31.248499999999922
observed_UAS,320124,2023993,133.9841000000015,100.2797999996692,-31.162699999999973
observed_UAS,320125,2025696,133.9888000000501,100.27369999978691,-30.018599999999992
observed_UAS,320126,544987,133.96420000004582,100.26860000006855,-29.957899999999995
observed_UAS,320127,2043264,133.9601000000257,100.21839999966323,-29.73739999999998
observed_UAS,320128,1994647,133.9716999999946,100.22009999956936,-29.584999999999923
observed_UAS,320129,2026008,133.92980000004172,100.22279999963939,-29.47449999999992
observed_UAS,320130,660252,133.94649999996182,100.3519999999553,-31.434799999999996
observed_UAS,320131,577783,133.91729999997187,100.3656000001356,-31.36469999999997
observed_UAS,320132,1992605,133.9828999999445,100.31649999972433,-31.18520000000001
observed_UAS,320133,2129395,133.9601000000257,100.31419999990612,-31.086099999999988
observed_UAS,320134,537546,133.93909999995958,100.39290000032634,-30.54849999999999
observed_UAS,320135,513125,133.9444000000367,100.38690000027418,-30.4615
observed_UAS,320136,577785,133.96889999997802,100.35010000038892,-30.36489999999992
observed_UAS,320137,602519,133.93779999995604,100.3442000001669,-30.293000000000006
observed_UAS,320138,643817,133.98030000005383,100.30740000028163,-30.155099999999948
observed_UAS,320139,659902,133.9301999999443,100.30339999962598,-30.039999999999964
observed_UAS,320140,2044700,133.9562000000151,100.30800000019372,-29.917799999999943
observed_UAS,320141,130394,133.9496999999974,100.48859999980778,-31.36489999999992
observed_UAS,320142,660604,133.92310000001453,100.48819999955595,-30.983299999999986
observed_UAS,320143,537718,133.99719999998342,100.48680000007153,-30.88569999999993
observed_UAS,320144,513476,133.983099999954,100.47219999972731,-30.739399999999932
observed_UAS,320145,635631,133.92399999999907,100.43730000033975,-30.659099999999967
observed_UAS,320146,1992291,133.99069999996573,100.42870000004768,-30.55110000000002
observed_UAS,320147,570646,133.96490000002086,100.58330000005662,-31.217300000000023
observed_UAS,320148,2042316,133.94110000005458,100.5761000001803,-31.15229999999997
observed_UAS,320149,2071089,133.9425999999512,100.53519999980927,-31.01979999999992
observed_UAS,320150,2100597,133.97979999997187,100.67250000033528,-31.338700000000017
observed_UAS,320151,644712,133.97690000000875,100.65529999975115,-31.2568
observed_UAS,320152,660965,133.90200000000186,100.60369999986142,-31.15109999999993
observed_UAS,320153,2070458,133.94240000005811,100.74849999975413,-31.352999999999952
observed_UAS,320154,130177,133.93279999995138,100.77709999959916,-30.8827
observed_UAS,320155,2071887,133.9664000000339,100.82490000035614,-31.331500000000005
observed_UAS,320156,2023853,133.99520000000484,100.86129999998957,-31.272899999999936
observed_UAS,320157,75271,133.96860000002198,100.8886000001803,-30.692999999999984
observed_UAS,320158,579542,133.91709999996237,100.90679999999702,-31.209799999999973
observed_UAS,320159,539165,133.95840000000317,100.92709999997169,-31.12469999999996
observed_UAS,320160,1960292,133.93429999996442,100.97659999970347,-31.064599999999928
observed_UAS,320161,579910,133.97430000000168,100.9948000004515,-30.976699999999937
observed_UAS,320162,2023540,133.94010000000708,101.00899999961257,-31.059300000000007
observed_UAS,320163,572097,133.94579999998678,101.01709999982268,-30.951799999999935
observed_UAS,320164,605054,133.98580000002403,101.08490000013262,-30.844799999999964
observed_UAS,320165,1991836,133.96820000000298,101.14589999988675,-30.848799999999983
observed_UAS,320166,2040416,133.90520000003744,101.19600000046194,-30.750499999999988
observed_UAS,320167,580648,133.9562000000151,101.21789999958128,-30.76649999999995
observed_UAS,320168,663155,133.9261000000406,101.26769999973476,-30.6789
observed_UAS,320169,111014,133.9081999999471,101.2011000001803,-30.474399999999946
observed_UAS,320170,110793,133.93429999996442,101.29540000017732,-30.336199999999963
observed_UAS,320171,1924686,133.96649999998044,101.33409999962896,-30.618299999999977
observed_UAS,320172,475798,133.97609999997076,101.38250000029802,-30.552900000000022
observed_UAS,320173,2022288,133.93880000000354,101.4530999995768,-30.521999999999935
observed_UAS,320174,540845,133.91989999997895,101.4582000002265,-30.47709999999995
observed_UAS,320175,151480,133.94680000003427,101.4682999998331,-30.214999999999918
observed_UAS,320176,573723,133.9612999999663,101.54000000003725,-30.41459999999995
observed_UAS,320177,2069680,133.9989999999525,101.55680000036955,-30.39949999999999
observed_UAS,320178,59588,133.96200000005774,101.5492000002414,-30.173000000000002
observed_UAS,320179,1956639,133.94680000003427,101.62390000000596,-30.33579999999995
observed_UAS,320180,508957,133.95149999996647,101.6952999997884,-30.27030000000002
observed_UAS,320181,664606,133.91189999994822,101.72059999965131,-30.301399999999944
observed_UAS,320182,1958081,133.95629999996163,101.73379999957979,-30.258699999999976
observed_UAS,320183,574448,133.90709999995306,101.77130000013858,-30.18369999999993
observed_UAS,320184,2040273,133.9181999999564,101.83970000036061,-30.219499999999925
observed_UAS,320185,1924861,133.96219999995083,101.86380000039935,-30.161299999999983
observed_UAS,320186,92387,133.94409999996424,101.84769999980927,-29.948699999999917
observed_UAS,320187,1955695,133.9446000000462,101.94820000045002,-30.108299999999986
observed_UAS,320188,615781,133.9538000000175,101.97109999973327,-30.068199999999933
observed_UAS,320189,700293,133.93559999996796,102.02900000009686,-30.055799999999977
observed_UAS,320190,2018663,133.99259999999776,102.07639999967068,-29.995799999999917
observed_UAS,320191,130446,133.99549999996088,102.09059999976307,-29.782799999999952
observed_UAS,320192,2039328,133.94590000004973,102.14199999999255,-29.988899999999944
observed_UAS,320193,130447,133.9165000000503,102.13069999963045,-29.82510000000002
observed_UAS,320194,130674,133.98049999994691,102.14670000039041,-29.760599999999954
observed_UAS,320195,701028,133.94839999999385,102.24149999953806,-29.916999999999916
observed_UAS,320196,608857,133.9607000000542,102.26539999991655,-29.880999999999972
observed_UAS,320197,511131,133.92070000001695,102.353900000453,-29.834799999999973
observed_UAS,320198,2038381,133.96389999997336,102.44940000027418,-29.81219999999996
observed_UAS,320199,701762,133.95999999996275,102.4543000003323,-29.776200000000017
observed_UAS,320200,75549,133.93500000005588,102.49920000042766,-29.668499999999995
observed_UAS,320201,667532,133.953600000008,102.56699999980628,-29.755699999999933
observed_UAS,320202,2035987,133.93680000002496,102.6327999997884,-29.729600000000005
observed_UAS,320203,610317,133.98100000002887,102.66770000010729,-29.689899999999966
observed_UAS,320204,111061,133.94689999998081,102.66849999967963,-29.58370000000002
observed_UAS,320205,1985366,133.9655999999959,102.74789999984205,-29.666999999999916
observed_UAS,320206,111289,133.92420000000857,102.78320000041276,-29.555200000000013
observed_UAS,320207,1954924,133.94409999996424,102.8316000001505,-29.670299999999997
observed_UAS,320208,1886237,133.90179999999236,102.93599999975413,-29.62239999999997
observed_UAS,320209,619098,133.93339999997988,102.94290000014007,-29.56269999999995
observed_UAS,320210,59633,133.96759999997448,102.97559999953955,-29.49509999999998
observed_UAS,320211,1984417,133.93929999996908,103.06529999990016,-29.562900000000013
observed_UAS,320212,151753,133.9710999999661,103.02479999978095,-29.48389999999995
observed_UAS,320213,1953977,133.94499999994878,103.15070000011474,-29.556899999999928
observed_UAS,320214,59861,133.98459999996703,103.11349999997765,-29.48630000000003
observed_UAS,320215,578979,133.9612999999663,103.24349999986589,-29.502399999999966
observed_UAS,320216,92657,133.96909999998752,103.22780000045896,-29.45399999999995
observed_UAS,320217,653376,133.95649999997113,103.3355000000447,-29.464099999999917
observed_UAS,320218,1884647,133.93969999998808,103.44010000023991,-29.454899999999952
observed_UAS,320219,705441,133.9192000000039,103.55300000030547,-29.43539999999996
observed_UAS,320220,130717,133.97990000003483,103.51300000026822,-29.39919999999995
observed_UAS,320221,1984594,133.96200000005774,103.65010000020266,-29.41719999999998
observed_UAS,320222,130947,133.95270000002347,103.65720000024885,-29.35360000000003
observed_UAS,320223,1851252,133.97369999997318,103.72740000020713,-29.41809999999998
observed_UAS,320224,706177,133.96589999995194,103.75470000039786,-29.397100000000023
observed_UAS,320225,655223,133.9662000000244,103.86629999987781,-29.360000000000014
observed_UAS,320226,741670,133.94539999996778,103.94979999959469,-29.36329999999998
observed_UAS,320227,811916,133.94469999999274,104.02340000029653,-29.352499999999964
observed_UAS,320228,1950814,133.98930000001565,104.16629999969155,-31.354600000000005
observed_UAS,320229,2014839,133.920999999973,104.1706999996677,-29.608299999999986
observed_UAS,320230,1916027,133.9719000000041,104.14510000031441,-29.584499999999935
observed_UAS,320231,777291,133.93409999995492,104.14439999964088,-29.373199999999997
observed_UAS,320232,708002,133.90009999996983,104.2960000000894,-31.409099999999967
observed_UAS,320233,777655,133.96490000002086,104.2445000000298,-31.359199999999987
observed_UAS,320234,1982388,133.96710000000894,104.33499999996275,-31.447400000000016
observed_UAS,320235,848197,133.98560000001453,104.34140000026673,-31.35360000000003
observed_UAS,320236,665137,133.96950000000652,104.34659999981523,-31.243299999999977
observed_UAS,320237,648789,133.94860000000335,104.39279999956489,-31.126499999999965
observed_UAS,320238,734481,133.9035000000149,104.35080000013113,-30.88869999999997
observed_UAS,320239,743121,133.91070000000764,104.3847000002861,-30.664099999999962
observed_UAS,320240,1917241,133.92399999999907,104.45050000026822,-31.13670000000002
observed_UAS,320241,1982072,133.94510000001173,104.45760000031441,-31.094100000000026
observed_UAS,320242,2013902,133.91359999997076,104.42879999987781,-30.890999999999963
observed_UAS,320243,700467,133.9806999999564,104.53809999953955,-31.338700000000017
observed_UAS,320244,615956,133.9891999999527,104.52259999979287,-31.298000000000002
observed_UAS,320245,93151,133.96550000004936,104.5628000004217,-31.106699999999933
observed_UAS,320246,666237,133.9607000000542,104.65610000025481,-31.34699999999998
observed_UAS,320247,59911,133.97320000000764,104.62959999963641,-30.947400000000016
observed_UAS,320248,1845958,133.93859999999404,104.75860000029206,-31.322900000000004
observed_UAS,320249,779449,133.98640000005253,104.76769999973476,-31.291600000000017
observed_UAS,320250,1882425,133.9610999999568,104.80960000026971,-31.274800000000027
observed_UAS,320251,584476,133.92290000000503,104.84869999997318,-31.09280000000001
observed_UAS,320252,92936,133.94860000000335,104.88949999958277,-30.657299999999964
observed_UAS,320253,1882078,133.91989999997895,104.92879999987781,-31.020399999999995
observed_UAS,320254,1948487,133.95389999996405,104.93279999960214,-30.95920000000001
observed_UAS,320255,1879510,133.9584999999497,105.00910000037402,-30.851400000000012
observed_UAS,320256,702304,133.98179999995045,105.08260000031441,-30.767200000000003
observed_UAS,320257,772315,133.94050000002608,105.16040000040084,-30.708399999999983
observed_UAS,320258,851131,133.9786000000313,105.19010000023991,-30.645399999999995
observed_UAS,320259,130995,133.92960000003222,105.15940000023693,-30.39459999999997
observed_UAS,320260,1881048,133.96530000003986,105.22410000022501,-30.633199999999988
observed_UAS,320261,618536,133.97919999994338,105.24569999985397,-30.55219999999997
observed_UAS,320262,76086,133.984300000011,105.22750000003725,-30.29469999999992
observed_UAS,320263,781295,133.9762000000337,105.31390000041574,-30.54819999999995
observed_UAS,320264,676974,133.97100000001956,105.37280000001192,-30.467300000000023
observed_UAS,320265,619273,133.9666000000434,105.45909999962896,-30.40840000000003
observed_UAS,320266,746799,133.9022999999579,105.49129999987781,-30.36189999999999
observed_UAS,320267,75871,133.9183999999659,105.40299999993294,-30.209799999999973
observed_UAS,320268,1979097,133.94510000001173,105.5472999997437,-30.370000000000005
observed_UAS,320269,652443,133.9993999999715,105.52670000027865,-30.28480000000002
observed_UAS,320270,111817,133.92890000005718,105.55099999997765,-30.125999999999976
observed_UAS,320271,111818,133.98770000005607,105.57830000016838,-30.02260000000001
observed_UAS,320272,1877445,133.96699999994598,105.62440000008792,-30.300499999999943
observed_UAS,320273,1879680,133.9311999999918,105.66729999985546,-30.25299999999993
observed_UAS,320274,712641,133.99230000004172,105.68640000000596,-30.182399999999916
observed_UAS,320275,111605,133.99769999994896,105.66050000023097,-30.013199999999983
observed_UAS,320276,782741,133.94039999996312,105.76070000045002,-30.143899999999917
observed_UAS,320277,739637,133.93229999998584,105.82390000019222,-30.128799999999956
observed_UAS,320278,620750,133.92819999996573,105.89099999982864,-30.06899999999996
observed_UAS,320279,60396,133.92189999995753,105.81230000033975,-29.947599999999966
observed_UAS,320280,152283,133.97510000003967,105.84949999954551,-29.889499999999998
observed_UAS,320281,1910608,133.94759999995586,105.91179999988526,-30.111699999999928
observed_UAS,320282,1876394,133.96649999998044,105.92899999953806,-30.055799999999977
observed_UAS,320283,152069,133.95629999996163,105.94869999960065,-29.82159999999999
observed_UAS,320284,740373,133.9277000000002,106.03839999996126,-30.002599999999916
observed_UAS,320285,679161,133.98140000004787,106.03139999974519,-29.953199999999924
observed_UAS,320286,748899,133.93900000001304,106.13449999969453,-29.938499999999976
observed_UAS,320287,654661,133.97349999996368,106.15749999973923,-29.887399999999957
observed_UAS,320288,93425,133.9094000000041,106.16909999959171,-29.764299999999935
observed_UAS,320289,1840713,133.96810000005644,106.26449999958277,-29.85349999999994
observed_UAS,320290,93204,133.91319999995176,106.20830000005662,-29.76389999999992
observed_UAS,320291,749646,133.98340000002645,106.33220000006258,-29.83839999999998
observed_UAS,320292,655400,133.97569999995176,106.36610000021756,-29.7817
observed_UAS,320293,741846,133.91989999997895,106.4621000001207,-29.76400000000001
observed_UAS,320294,131259,133.9651999999769,106.47460000030696,-29.629799999999932
observed_UAS,320295,812092,133.92110000003595,106.51950000040233,-29.737899999999968
observed_UAS,320296,1874676,133.93449999997392,106.56039999984205,-29.696000000000026
observed_UAS,320297,2004573,133.94680000003427,106.64910000003874,-29.647899999999936
observed_UAS,320298,786001,133.94720000005327,106.73730000015348,-29.663400000000024
observed_UAS,320299,76133,133.97909999999683,106.71590000018477,-29.55409999999995
observed_UAS,320300,76361,133.9440000000177,106.79860000032932,-29.492599999999925
observed_UAS,320301,743290,133.96120000001974,106.86990000028163,-29.60419999999999
observed_UAS,320302,681778,133.9653999999864,106.81170000042766,-29.589200000000005
observed_UAS,320303,813514,133.93889999995008,106.93020000029355,-29.55499999999995
observed_UAS,320304,111863,133.97549999994226,106.98240000009537,-29.466199999999958
observed_UAS,320305,1872747,133.9708999999566,107.05910000018775,-29.535799999999995
observed_UAS,320306,112088,133.9375,107.08980000019073,-29.433599999999956
observed_UAS,320307,2002768,133.9806999999564,107.15419999975711,-29.516399999999976
observed_UAS,320308,1971209,133.9939000000013,107.17989999987185,-29.498199999999997
observed_UAS,320309,1840119,133.91209999995772,107.20600000023842,-29.505199999999945
observed_UAS,320310,717862,133.95220000005793,107.24260000046343,-29.465599999999995
observed_UAS,320311,683655,133.95739999995567,107.35639999993145,-29.45920000000001
observed_UAS,320312,152549,133.9766000000527,107.38200000021607,-29.38429999999994
observed_UAS,320313,2001644,133.95109999994747,107.47240000031888,-29.43679999999995
observed_UAS,320314,1907531,133.94530000002123,107.54030000045896,-29.421100000000024
observed_UAS,320315,93468,133.97369999997318,107.52099999971688,-29.361099999999965
observed_UAS,320316,824377,133.954400000046,107.68090000003576,-29.377399999999966
observed_UAS,320317,719745,133.9664000000339,107.76999999955297,-29.367399999999975
observed_UAS,320318,1906378,133.9529999999795,107.8652999997139,-29.35050000000001
observed_UAS,320319,712093,133.95589999994263,107.97549999970943,-29.356699999999933
observed_UAS,320320,712453,133.96149999997579,108.05319999996573,-31.426899999999932
observed_UAS,320321,755649,133.9141000000527,108.07149999961257,-31.32280000000003
observed_UAS,320322,720872,133.98199999995995,108.0472999997437,-31.276200000000017
observed_UAS,320323,1935833,133.9706999999471,108.04580000042915,-29.531999999999925
observed_UAS,320324,825509,133.97019999998156,108.0097000002861,-29.411699999999996
observed_UAS,320325,1872159,133.93660000001546,108.01730000041425,-29.343700000000013
observed_UAS,320326,825884,133.96719999995548,108.14460000023246,-31.448399999999992
observed_UAS,320327,1871776,133.9499000000069,108.11710000038147,-31.373299999999972
observed_UAS,320328,748060,133.95109999994747,108.24639999959618,-31.51389999999992
observed_UAS,320329,853141,133.95589999994263,108.20920000039041,-31.43769999999995
observed_UAS,320330,1904849,133.95189999998547,108.27770000044256,-31.38919999999996
observed_UAS,320331,1833507,133.9827000000514,108.35259999986738,-31.139799999999923
observed_UAS,320332,1998259,133.9668000000529,108.3406999995932,-31.068199999999933
observed_UAS,320333,678600,133.90910000004806,108.30840000044554,-30.91829999999993
observed_UAS,320334,791953,133.97999999998137,108.46339999977499,-31.34280000000001
observed_UAS,320335,1934305,133.97180000005756,108.43670000042766,-31.25419999999997
observed_UAS,320336,1969474,133.9270999999717,108.4031999995932,-31.130999999999972
observed_UAS,320337,1997693,133.96349999995437,108.5356000000611,-31.38409999999999
observed_UAS,320338,749457,133.97160000004806,108.66530000045896,-31.318499999999972
observed_UAS,320339,1832340,133.90069999999832,108.70459999982268,-31.32650000000001
observed_UAS,320340,891538,133.92209999996703,108.7461000001058,-31.21079999999995
observed_UAS,320341,784786,133.95810000004712,108.75090000033379,-31.138199999999983
observed_UAS,320342,1900069,133.97669999999925,108.79050000011921,-31.060699999999997
observed_UAS,320343,855380,133.9431999999797,108.83279999997467,-31.06269999999995
observed_UAS,320344,1999191,133.94739999994636,108.87449999991804,-30.934099999999944
observed_UAS,320345,887401,133.96510000003036,108.92999999970198,-30.915599999999927
observed_UAS,320346,1865827,133.92839999997523,108.95089999958873,-30.865099999999984
observed_UAS,320347,820904,133.93389999994542,109.05630000028759,-30.744399999999928
observed_UAS,320348,785908,133.99150000000373,109.0515000000596,-30.693499999999972
observed_UAS,320349,856503,133.96880000003148,109.12179999984801,-30.644699999999943
observed_UAS,320350,690020,133.91009999997914,109.17949999962002,-30.58529999999996
observed_UAS,320351,889400,133.95120000001043,109.2027000002563,-30.61500000000001
observed_UAS,320352,1864659,133.9503000000259,109.25870000012219,-30.535300000000007
observed_UAS,320353,1830003,133.9708999999566,109.27900000009686,-30.48389999999995
observed_UAS,320354,1867560,133.9033000000054,109.3121999995783,-30.52279999999996
observed_UAS,320355,857254,133.938300000038,109.33569999970496,-30.458999999999946
observed_UAS,320356,891605,133.98869999998715,109.34539999999106,-30.386799999999994
observed_UAS,320357,1900636,133.94169999996666,109.46640000026673,-30.366300000000024
observed_UAS,320358,1863489,133.96100000001024,109.55819999985397,-30.246099999999956
observed_UAS,320359,1866393,133.93420000001788,109.61390000022948,-30.251499999999965
observed_UAS,320360,1962208,133.97609999997076,109.62679999973625,-30.16739999999993
observed_UAS,320361,1899468,133.96810000005644,109.77159999962896,-30.125099999999975
observed_UAS,320362,823531,133.96200000005774,109.77639999985695,-30.081699999999955
observed_UAS,320363,1929254,133.9085999999661,109.80169999971986,-30.138199999999983
observed_UAS,320364,1862316,133.95330000005197,109.8652999997139,-30.04959999999994
observed_UAS,320365,1827660,133.97389999998268,109.88200000021607,-29.98879999999997
observed_UAS,320366,1964122,133.91749999998137,109.92279999982566,-30.03589999999997
observed_UAS,320367,1961039,133.96629999997094,109.93869999982417,-29.985000000000014
observed_UAS,320368,693035,133.95250000001397,110.0456999996677,-29.939599999999928
observed_UAS,320369,719552,133.94999999995343,110.08009999990463,-29.89689999999996
observed_UAS,320370,789570,133.91769999999087,110.13520000036806,-29.90809999999999
observed_UAS,320371,1861143,133.94220000004862,110.1726000001654,-29.872299999999996
observed_UAS,320372,1788509,133.9270999999717,110.2538999998942,-29.843099999999936
observed_UAS,320373,1927512,133.99049999995623,110.28809999953955,-29.776700000000005
observed_UAS,320374,1863667,133.9316000000108,110.3711000001058,-29.771499999999946
observed_UAS,320375,686101,133.92960000003222,110.43410000018775,-29.724199999999996
observed_UAS,320376,791046,133.94559999997728,110.5453000003472,-29.701999999999998
observed_UAS,320377,1787337,133.91720000002533,110.57409999985248,-29.672900000000027
observed_UAS,320378,888673,133.9568000000436,110.67059999983758,-29.651599999999917
observed_UAS,320379,890651,133.95120000001043,110.75289999973029,-29.60050000000001
observed_UAS,320380,1786731,133.99250000005122,110.76250000018626,-29.57280000000003
observed_UAS,320381,887359,133.95940000005066,110.84040000010282,-29.557999999999993
observed_UAS,320382,1892060,133.94759999995586,110.94979999959469,-29.536200000000008
observed_UAS,320383,1861322,133.9542000000365,111.00219999998808,-29.52189999999996
observed_UAS,320384,1785537,133.96230000001378,111.085199999623,-29.493499999999926
observed_UAS,320385,1894397,133.9664000000339,111.16119999997318,-29.486499999999978
observed_UAS,320386,1890848,133.92720000003465,111.26200000010431,-29.459799999999973
observed_UAS,320387,1822104,133.9538000000175,111.32199999969453,-29.44240000000002
observed_UAS,320388,1825094,133.9438000000082,111.45909999962896,-29.416999999999916
observed_UAS,320389,1784338,133.9311999999918,111.4219000004232,-29.38900000000001
observed_UAS,320390,1787130,133.93409999995492,111.52900000009686,-29.388199999999983
observed_UAS,320391,1858962,133.953199999989,111.63219999987632,-29.369000000000028
observed_UAS,320392,1706161,133.94550000003073,111.76570000033826,-29.35749999999996
observed_UAS,320393,1786127,133.94310000003316,111.84609999973327,-29.3442
observed_UAS,320394,1782332,133.9525999999605,111.93410000018775,-29.351400000000012
observed_UAS,320875,382353,134.0060999999987,90.01589999999851,-30.306799999999953
observed_UAS,320876,360155,134.03729999996722,90.05360000021756,-30.208399999999983
observed_UAS,320877,352585,134.05960000003688,90.06049999967217,-30.190999999999917
observed_UAS,320878,423757,134.04509999998845,90.12060000002384,-30.174199999999928
observed_UAS,320879,2277182,134.03099999995902,90.20600000023842,-30.108299999999986
observed_UAS,320880,314251,134.06519999995362,90.26269999984652,-30.06899999999996
observed_UAS,320881,424357,134.03159999998752,90.333599999547,-30.028699999999958
observed_UAS,320882,2182859,134.05330000002868,90.33179999981076,-29.966199999999958
observed_UAS,320883,2277267,134.02460000000428,90.4582000002265,-29.948800000000006
observed_UAS,320884,2156111,134.0975000000326,90.49160000029951,-29.8904
observed_UAS,320885,353803,134.03789999999572,90.50690000038594,-29.92380000000003
observed_UAS,320886,2247696,134.0337999999756,90.56759999971837,-29.859399999999937
observed_UAS,320887,482704,134.01350000000093,90.65979999955744,-29.835399999999936
observed_UAS,320888,2182713,134.07929999998305,90.67899999953806,-29.79239999999993
observed_UAS,320889,2276556,134.01740000001155,90.77319999970496,-29.806299999999965
observed_UAS,320890,408315,134.04830000002403,90.74600000027567,-29.77419999999995
observed_UAS,320891,2208245,134.06180000002496,90.83530000038445,-29.72449999999992
observed_UAS,320892,2155163,134.0069000000367,90.94539999961853,-29.722999999999956
observed_UAS,320893,355152,134.03049999999348,90.960199999623,-29.677999999999997
observed_UAS,320894,2261581,134.0387000000337,91.05549999978393,-29.666999999999916
observed_UAS,320895,385533,134.0405000000028,91.14630000013858,-29.634900000000016
observed_UAS,320896,2181069,134.0513000000501,91.16880000010133,-29.591499999999996
observed_UAS,320897,2246804,134.09809999994468,91.21339999977499,-29.607099999999946
observed_UAS,320898,452404,134.04330000001937,91.26140000019222,-29.5394
observed_UAS,320899,386229,134.06729999999516,91.34970000013709,-29.538900000000012
observed_UAS,320900,2153930,134.0783999999985,91.4527000002563,-29.515699999999924
observed_UAS,320901,453097,134.08580000000075,91.47099999990314,-29.46640000000002
observed_UAS,320902,410466,134.0344000000041,91.55900000035763,-29.463899999999967
observed_UAS,320903,2180667,134.05310000001919,91.63910000026226,-29.47479999999996
observed_UAS,320904,436632,134.02599999995437,91.73170000035316,-29.450699999999983
observed_UAS,320905,2245249,134.07709999999497,91.85419999994338,-29.40809999999999
observed_UAS,320906,2206583,134.0551999999443,91.8468000004068,-29.394499999999994
observed_UAS,320907,2244314,134.03390000003856,91.90290000010282,-29.423000000000002
observed_UAS,320908,2179965,134.05370000004768,91.96789999958128,-29.390699999999924
observed_UAS,320909,2123924,134.05839999997988,92.03940000012517,-29.364299999999957
observed_UAS,320910,2205794,134.04810000001453,92.1667999997735,-29.345199999999977
observed_UAS,320911,552500,134.04169999994338,92.25850000046194,-29.37519999999995
observed_UAS,320912,90759,134.02659999998286,92.31909999996424,-31.287799999999947
observed_UAS,320913,552843,134.03110000002198,92.36149999964982,-29.508399999999938
observed_UAS,320914,338742,134.0834999999497,92.36239999998361,-29.43349999999998
observed_UAS,320915,430521,134.05850000004284,92.37559999991208,-29.337599999999952
observed_UAS,320916,109409,134.07140000001527,92.44890000019222,-31.337599999999952
observed_UAS,320917,2066032,134.03370000002906,92.40039999969304,-29.395099999999957
observed_UAS,320918,2066730,134.0452000000514,92.51209999993443,-31.412199999999984
observed_UAS,320919,2122524,134.045599999954,92.55229999963194,-31.370799999999917
observed_UAS,320920,149859,134.08200000005309,92.65560000017285,-31.3279
observed_UAS,320921,2094890,134.07090000004973,92.6683999998495,-31.102800000000002
observed_UAS,320922,359961,134.0400999999838,92.6765000000596,-31.043900000000008
observed_UAS,320923,554209,134.09719999996014,92.77249999996275,-31.317000000000007
observed_UAS,320924,360302,134.05489999998827,92.78870000038296,-31.2491
observed_UAS,320925,489280,134.0276999999769,92.74469999969006,-31.12659999999994
observed_UAS,320926,2065884,134.04169999994338,92.83590000029653,-31.3193
observed_UAS,320927,431548,134.00130000000354,92.80040000006557,-31.23989999999992
observed_UAS,320928,57982,134.02690000005532,92.81730000022799,-31.060999999999922
observed_UAS,320929,57984,134.08829999994487,92.87739999964833,-30.958099999999945
observed_UAS,320930,457944,134.0568000000203,92.9663000004366,-31.325399999999945
observed_UAS,320931,432238,134.08400000003166,92.9996999995783,-31.299999999999955
observed_UAS,320932,73687,134.0124000000069,92.93819999974221,-30.91669999999999
observed_UAS,320933,57985,134.0679999999702,92.91530000045896,-30.84590000000003
observed_UAS,320934,57987,134.0895999999484,92.98610000032932,-30.732700000000023
observed_UAS,320935,2094042,134.015699999989,93.00569999963045,-31.311500000000024
observed_UAS,320936,2121345,134.05830000003334,93.06170000042766,-31.236099999999965
observed_UAS,320937,490335,134.05220000003465,93.06730000022799,-31.19679999999994
observed_UAS,320938,109427,134.05139999999665,93.07129999995232,-30.705600000000004
observed_UAS,320939,2065030,134.0557999999728,93.13659999985248,-31.04819999999995
observed_UAS,320940,2121975,134.03209999995306,93.16509999986738,-30.99019999999996
observed_UAS,320941,109428,134.00679999997374,93.11539999954402,-30.673599999999965
observed_UAS,320942,2092453,134.0134000000544,93.22420000005513,-30.949499999999944
observed_UAS,320943,2202909,134.09089999995194,93.24859999958426,-30.871800000000007
observed_UAS,320944,523262,134.09660000004806,93.27089999988675,-30.798000000000002
observed_UAS,320945,433284,134.05859999998938,93.32479999959469,-30.841199999999958
observed_UAS,320946,408114,134.0801999999676,93.36519999988377,-30.754299999999944
observed_UAS,320947,91009,134.0174999999581,93.34850000031292,-30.47919999999999
observed_UAS,320948,57998,134.04720000003,93.37640000041574,-30.39639999999997
observed_UAS,320949,491393,134.05770000000484,93.41270000021905,-30.700399999999945
observed_UAS,320950,2064163,134.07750000001397,93.43130000028759,-30.63289999999995
observed_UAS,320951,523968,134.06770000001416,93.498399999924,-30.579700000000003
observed_UAS,320952,91011,134.0280999999959,93.41980000026524,-30.41859999999997
observed_UAS,320953,91013,134.0119999999879,93.48460000008345,-30.347800000000007
observed_UAS,320954,451163,134.05299999995623,93.51580000016838,-30.608099999999922
observed_UAS,320955,589236,134.03819999995176,93.55140000022948,-30.549099999999953
observed_UAS,320956,556681,134.08750000002328,93.57100000046194,-30.492200000000025
observed_UAS,320957,91014,134.03549999999814,93.52209999971092,-30.36469999999997
observed_UAS,320958,408812,134.03610000002664,93.60149999987334,-30.557699999999954
observed_UAS,320959,2147360,134.0505000000121,93.6745999995619,-30.453199999999924
observed_UAS,320960,129066,134.0126000000164,93.63910000026226,-30.26260000000002
observed_UAS,320961,524662,134.05630000005476,93.72900000028312,-30.4221
observed_UAS,320962,2063286,134.09950000001118,93.74170000012964,-30.340100000000007
observed_UAS,320963,2175076,134.07279999996535,93.84350000042468,-30.31129999999996
observed_UAS,320964,623038,134.0614999999525,93.84850000031292,-30.248199999999997
observed_UAS,320965,2120034,134.00500000000466,93.92719999980181,-30.24109999999996
observed_UAS,320966,2146472,134.0287000000244,93.99270000029355,-30.16300000000001
observed_UAS,320967,558052,134.09129999997094,94.01779999956489,-30.204899999999952
observed_UAS,320968,2061340,134.06750000000466,94.0453000003472,-30.132099999999923
observed_UAS,320969,2147215,134.01659999997355,94.10769999958575,-30.117999999999938
observed_UAS,320970,2199556,134.04779999994207,94.15270000044256,-30.04359999999997
observed_UAS,320971,2119148,134.02659999998286,94.24760000035167,-30.002700000000004
observed_UAS,320972,558759,134.06319999997504,94.25640000030398,-29.98180000000002
observed_UAS,320973,2089436,134.0337999999756,94.34819999989122,-29.942099999999982
observed_UAS,320974,2146327,134.03769999998622,94.4303999999538,-29.87869999999998
observed_UAS,320975,2118252,134.03549999999814,94.5602000001818,-29.826000000000022
observed_UAS,320976,625155,134.04859999998007,94.51800000015646,-29.768899999999917
observed_UAS,320977,527466,134.07360000000335,94.6363000003621,-29.803800000000024
observed_UAS,320978,592747,134.03630000003614,94.6836000001058,-29.7568
observed_UAS,320979,2145576,134.03280000004452,94.75009999983013,-29.730000000000018
observed_UAS,320980,495601,134.0178999999771,94.79449999984354,-29.689599999999928
observed_UAS,320981,2060554,134.02919999998994,94.8167000003159,-29.71199999999999
observed_UAS,320982,2116268,134.0564000000013,94.83179999981076,-29.67349999999999
observed_UAS,320983,593460,134.03370000002906,94.89400000032037,-29.599899999999934
observed_UAS,320984,2172122,134.0293000000529,94.94620000012219,-29.65549999999996
observed_UAS,320985,626941,134.046800000011,95.0793000003323,-29.617599999999925
observed_UAS,320986,488064,134.09699999995064,95.02219999954104,-29.596400000000017
observed_UAS,320987,464619,134.04330000001937,95.13509999960661,-29.529999999999973
observed_UAS,320988,2171218,134.03269999998156,95.2652000002563,-29.533900000000017
observed_UAS,320989,2087758,134.0407000000123,95.32789999991655,-29.525300000000016
observed_UAS,320990,2086343,134.0964999999851,95.36340000014752,-29.494000000000028
observed_UAS,320991,529958,134.06050000002142,95.40890000015497,-29.505699999999933
observed_UAS,320992,595247,134.03170000005048,95.46520000044256,-29.437599999999975
observed_UAS,320993,498092,134.04269999999087,95.56300000008196,-29.43259999999998
observed_UAS,320994,440296,134.0564000000013,95.6359999999404,-29.424999999999955
observed_UAS,320995,2142841,134.02590000000782,95.72090000007302,-29.431799999999953
observed_UAS,320996,2196110,134.02679999999236,95.79559999983758,-29.39429999999993
observed_UAS,320997,629450,134.05790000001434,95.85030000004917,-29.36130000000003
observed_UAS,320998,531745,134.05839999997988,95.96810000017285,-29.34979999999996
observed_UAS,320999,2141911,134.02399999997579,96.0401999996975,-29.34949999999992
observed_UAS,321000,564826,134.03189999994356,96.15950000006706,-29.320699999999988
observed_UAS,321001,2168462,134.01370000001043,96.25380000006407,-29.326299999999947
observed_UAS,321002,630518,134.00600000005215,96.20419999957085,-29.264599999999973
observed_UAS,321003,460200,134.05550000001676,96.39649999979883,-30.149400000000014
observed_UAS,321004,2084782,134.06539999996312,96.37760000023991,-30.057199999999966
observed_UAS,321005,468339,134.0339999999851,96.33059999998659,-29.946199999999976
observed_UAS,321006,2194568,134.0348000000231,96.30979999992996,-29.73199999999997
observed_UAS,321007,565870,134.04650000005495,96.47439999971539,-31.45780000000002
observed_UAS,321008,622845,134.0391000000527,96.46380000002682,-31.338999999999942
observed_UAS,321009,501277,134.09660000004806,96.49679999984801,-30.644699999999943
observed_UAS,321010,565872,134.0862999999663,96.46389999985695,-30.50929999999994
observed_UAS,321011,2166431,134.047600000049,96.45339999999851,-30.435799999999972
observed_UAS,321012,2192871,134.0446000000229,96.43240000028163,-30.339399999999955
observed_UAS,321013,468679,134.09389999997802,96.40170000027865,-30.26069999999993
observed_UAS,321014,460889,134.08819999999832,96.57629999984056,-31.15229999999997
observed_UAS,321015,2193653,134.06579999998212,96.56649999972433,-31.024
observed_UAS,321016,2054286,134.05440000002272,96.57019999995828,-30.949899999999957
observed_UAS,321017,2083043,134.0566000000108,96.53380000032485,-30.814899999999966
observed_UAS,321018,2111427,134.05500000005122,96.50449999980628,-30.655899999999974
observed_UAS,321019,557507,134.06449999997858,96.501600000076,-30.589200000000005
observed_UAS,321020,461236,134.06620000000112,96.69489999953657,-31.315999999999917
observed_UAS,321021,557855,134.03240000002552,96.63150000013411,-31.254500000000007
observed_UAS,321022,501624,134.0010000000475,96.6321000000462,-31.156200000000013
observed_UAS,321023,2193039,134.09320000000298,96.75719999987632,-31.319799999999987
observed_UAS,321024,632245,134.05790000001434,96.76829999964684,-31.287500000000023
observed_UAS,321025,110202,134.03859999997076,96.78529999963939,-30.86209999999994
observed_UAS,321026,2165183,134.02460000000428,96.85670000035316,-31.329200000000014
observed_UAS,321027,534550,134.045599999954,96.82110000029206,-31.29189999999994
observed_UAS,321028,2166288,134.09239999996498,96.90079999994487,-31.313499999999976
observed_UAS,321029,2054455,134.03570000000764,96.96980000007898,-31.230500000000006
observed_UAS,321030,632962,134.07889999996405,96.96659999992698,-31.180200000000013
observed_UAS,321031,58548,134.0812000000151,96.99129999987781,-30.614399999999932
observed_UAS,321032,2111283,134.0337999999756,97.00140000041574,-31.14919999999995
observed_UAS,321033,2165978,134.04119999997783,97.03280000016093,-31.07759999999996
observed_UAS,321034,2081472,134.02190000005066,97.0663999998942,-30.963999999999942
observed_UAS,321035,150665,134.02939999999944,97.04779999982566,-30.672900000000027
observed_UAS,321036,150666,134.0564000000013,97.0683000003919,-30.561199999999985
observed_UAS,321037,2082581,134.06530000001658,97.12849999964237,-30.944599999999923
observed_UAS,321038,592191,134.04859999998007,97.15940000023693,-30.83809999999994
observed_UAS,321039,91572,134.07779999997,97.19440000038594,-30.413099999999986
observed_UAS,321040,2191797,134.06499999994412,97.22290000040084,-30.821699999999964
observed_UAS,321041,463000,134.05160000000615,97.26570000033826,-30.733299999999986
observed_UAS,321042,91573,134.0060999999987,97.23940000031143,-30.440099999999916
observed_UAS,321043,58778,134.09239999996498,97.26400000043213,-30.36360000000002
observed_UAS,321044,536344,134.07629999995697,97.36510000005364,-30.7029
observed_UAS,321045,495401,134.06420000002254,97.33029999956489,-30.635999999999967
observed_UAS,321046,2053199,134.00639999995474,97.4035000000149,-30.644199999999955
observed_UAS,321047,569080,134.06140000000596,97.44890000019222,-30.540200000000027
observed_UAS,321048,2163304,134.05160000000615,97.4987000003457,-30.475199999999973
observed_UAS,321049,129622,134.02700000000186,97.47420000005513,-30.239599999999996
observed_UAS,321050,496112,134.04570000001695,97.56080000009388,-30.482700000000023
observed_UAS,321051,91805,134.0851000000257,97.56680000014603,-30.164999999999964
observed_UAS,321052,537049,134.02020000002813,97.61019999999553,-30.413299999999936
observed_UAS,321053,528689,134.04299999994691,97.65029999986291,-30.336799999999926
observed_UAS,321054,2052255,134.02639999997336,97.70639999955893,-30.313699999999926
observed_UAS,321055,472439,134.04489999997895,97.74820000026375,-30.242700000000013
observed_UAS,321056,129857,134.01820000004955,97.79200000036508,-29.978899999999953
observed_UAS,321057,2135176,134.05790000001434,97.83449999988079,-30.225900000000024
observed_UAS,321058,505218,134.06740000005811,97.83179999981076,-30.177999999999997
observed_UAS,321059,74499,134.04509999998845,97.80389999970794,-30.070100000000025
observed_UAS,321060,2136288,134.0505000000121,97.94809999968857,-30.174699999999916
observed_UAS,321061,562119,134.04790000000503,97.93560000043362,-30.08370000000002
observed_UAS,321062,110239,134.0903999999864,97.98959999997169,-29.881700000000023
observed_UAS,321063,538275,134.03209999995306,98.04980000015348,-30.10699999999997
observed_UAS,321064,465485,134.0398999999743,98.04250000044703,-30.02940000000001
observed_UAS,321065,110240,134.03079999994952,98.03189999982715,-29.925499999999943
observed_UAS,321066,2162847,134.062900000019,98.13379999995232,-30.05970000000002
observed_UAS,321067,2134231,134.03940000000875,98.15390000026673,-29.979100000000017
observed_UAS,321068,466197,134.04370000003837,98.25850000046194,-29.930399999999963
observed_UAS,321069,74736,134.02720000001136,98.24050000030547,-29.758699999999976
observed_UAS,321070,563549,134.078199999989,98.3617000002414,-29.904499999999985
observed_UAS,321071,571931,134.062900000019,98.34159999992698,-29.871899999999982
observed_UAS,321072,150704,134.0450000000419,98.30379999987781,-29.736099999999965
observed_UAS,321073,58812,134.06689999997616,98.38929999992251,-29.665599999999927
observed_UAS,321074,466910,134.0505000000121,98.47470000013709,-29.806299999999965
observed_UAS,321075,2105448,134.02500000002328,98.48880000039935,-29.790599999999927
observed_UAS,321076,58813,134.00829999998678,98.42729999963194,-29.667799999999943
observed_UAS,321077,499319,134.09499999997206,98.52450000029057,-29.808199999999943
observed_UAS,321078,605250,134.0189000000246,98.54999999981374,-29.767600000000016
observed_UAS,321079,2186290,134.063300000038,98.63800000026822,-29.73879999999997
observed_UAS,321080,91838,134.01679999998305,98.63370000012219,-29.652199999999993
observed_UAS,321081,150942,134.00769999995828,98.68769999966025,-29.594499999999925
observed_UAS,321082,2134088,134.0065000000177,98.72589999996126,-29.728899999999953
observed_UAS,321083,605979,134.04220000002533,98.75860000029206,-29.68259999999998
observed_UAS,321084,2077546,134.07700000004843,98.8413000004366,-29.66059999999993
observed_UAS,321085,129890,134.0818000000436,98.85500000044703,-29.534899999999993
observed_UAS,321086,2048464,134.0572000000393,98.97640000004321,-29.63130000000001
observed_UAS,321087,476357,134.02500000002328,98.97819999977946,-29.572400000000016
observed_UAS,321088,508795,134.07849999994505,99.02809999976307,-29.562999999999988
observed_UAS,321089,533644,134.05000000004657,99.17219999991357,-29.536399999999958
observed_UAS,321090,92079,134.05810000002384,99.15799999982119,-29.44489999999996
observed_UAS,321091,2159709,134.0230000000447,99.23199999984354,-29.544599999999946
observed_UAS,321092,74767,134.05949999997392,99.25360000040382,-29.45010000000002
observed_UAS,321093,2132200,134.01959999999963,99.3578000003472,-29.505499999999984
observed_UAS,321094,130133,134.03570000000764,99.35170000046492,-29.443499999999972
observed_UAS,321095,130134,134.09169999998994,99.38360000029206,-29.398199999999974
observed_UAS,321096,2026450,134.06590000004508,99.47690000012517,-29.45449999999994
observed_UAS,321097,110510,134.09329999994952,99.45230000000447,-29.385400000000004
observed_UAS,321098,502496,134.05160000000615,99.53210000041872,-29.44920000000002
observed_UAS,321099,470468,134.03630000003614,99.66590000037104,-29.424199999999928
observed_UAS,321100,2027242,134.0405000000028,99.74600000027567,-29.403099999999995
observed_UAS,321101,568159,134.0437999999849,99.77489999961108,-29.36659999999995
observed_UAS,321102,150975,134.08799999998882,99.7422000002116,-29.295200000000023
observed_UAS,321103,2074723,134.06499999994412,99.81080000009388,-29.40199999999993
observed_UAS,321104,2072978,134.0625,99.84949999954551,-29.37270000000001
observed_UAS,321105,511692,134.0409000000218,99.93219999969006,-29.358600000000024
observed_UAS,321106,659179,134.03220000001602,100.07290000002831,-29.334699999999998
observed_UAS,321107,544986,134.07810000004247,100.19950000010431,-31.302099999999996
observed_UAS,321108,150987,134.03639999998268,100.19440000038594,-31.23219999999992
observed_UAS,321109,150986,134.0725000000093,100.15180000010878,-31.08069999999998
observed_UAS,321110,610507,134.02939999999944,100.18840000033379,-29.417500000000018
observed_UAS,321111,2073780,134.0622999999905,100.13009999971837,-29.3519
observed_UAS,321112,504797,134.01619999995455,100.2675000000745,-31.41719999999998
observed_UAS,321113,610860,134.0722999999998,100.28859999962151,-31.3193
observed_UAS,321114,59094,134.05299999995623,100.22489999979734,-31.23129999999992
observed_UAS,321115,2100113,134.0276999999769,100.26180000044405,-30.14949999999999
observed_UAS,321116,1994335,134.04790000000503,100.27120000030845,-30.09669999999994
observed_UAS,321117,1992919,134.03559999994468,100.21800000034273,-29.977800000000002
observed_UAS,321118,2024300,134.05460000003222,100.20550000015646,-29.84699999999998
observed_UAS,321119,472590,134.04350000002887,100.3762999996543,-31.547399999999925
observed_UAS,321120,569926,134.02309999999125,100.35010000038892,-31.485500000000002
observed_UAS,321121,2073147,134.0735000000568,100.34719999972731,-31.336900000000014
observed_UAS,321122,2129085,134.08669999998529,100.36799999978393,-31.29329999999993
observed_UAS,321123,1994023,134.02819999994244,100.35900000017136,-31.170799999999986
observed_UAS,321124,545330,134.00260000000708,100.35500000044703,-30.228899999999953
observed_UAS,321125,513475,134.0431999999564,100.42729999963194,-31.46199999999999
observed_UAS,321126,602879,134.05980000004638,100.43300000019372,-31.332899999999995
observed_UAS,321127,570285,134.03029999998398,100.4468999998644,-31.148699999999963
observed_UAS,321128,2023369,134.079400000046,100.4656999995932,-30.92139999999995
observed_UAS,321129,505382,134.06700000003912,100.46100000012666,-30.877700000000004
observed_UAS,321130,1993710,134.01430000003893,100.4808999998495,-30.740699999999947
observed_UAS,321131,660605,134.03700000001118,100.45189999975264,-30.662500000000023
observed_UAS,321132,570284,134.02670000004582,100.44629999995232,-30.59910000000002
observed_UAS,321133,2023678,134.00239999999758,100.41119999997318,-30.44679999999994
observed_UAS,321134,130395,134.0574000000488,100.50169999990612,-31.301899999999932
observed_UAS,321135,538080,134.06279999995604,100.56319999974221,-31.254799999999932
observed_UAS,321136,513838,134.05879999999888,100.53760000038892,-31.132099999999923
observed_UAS,321137,2024776,134.03980000002775,100.53320000041276,-31.083999999999946
observed_UAS,321138,2022745,134.061299999943,100.66579999960959,-31.332599999999957
observed_UAS,321139,611795,134.05440000002272,100.63719999976456,-31.28309999999999
observed_UAS,321140,661688,134.06110000004992,100.75629999954253,-31.33979999999997
observed_UAS,321141,130176,134.01009999995586,100.74670000001788,-30.810899999999947
observed_UAS,321142,2043120,134.0439999999944,100.835199999623,-31.303999999999974
observed_UAS,321143,637080,134.0568000000203,100.83189999964088,-31.26819999999998
observed_UAS,321144,1992463,134.0908000000054,100.86490000039339,-31.16809999999998
observed_UAS,321145,2069824,134.04980000003707,100.91700000036508,-31.06989999999996
observed_UAS,321146,547502,134.05319999996573,100.96870000008494,-30.955600000000004
observed_UAS,321147,75272,134.06990000000224,100.9222999997437,-30.645899999999983
observed_UAS,321148,1992150,134.03370000002906,101.01049999985844,-30.959799999999973
observed_UAS,321149,580279,134.0836999999592,101.05879999976605,-30.867700000000013
observed_UAS,321150,75049,134.00899999996182,101.04160000011325,-30.600900000000024
observed_UAS,321151,75048,134.09920000005513,101.01589999999851,-30.545799999999986
observed_UAS,321152,1959659,134.06019999994896,101.14279999956489,-30.814899999999966
observed_UAS,321153,638172,134.03280000004452,101.1567000001669,-30.74789999999996
observed_UAS,321154,548237,134.01780000003055,101.20349999982864,-30.72939999999994
observed_UAS,321155,2040105,134.06420000002254,101.24880000017583,-30.639999999999986
observed_UAS,321156,475436,134.09660000004806,101.23780000023544,-30.598700000000008
observed_UAS,321157,111015,134.02229999995325,101.21700000017881,-30.447299999999927
observed_UAS,321158,111016,134.05460000003222,101.22800000011921,-30.32650000000001
observed_UAS,321159,573000,134.00450000003912,101.31269999966025,-30.648900000000026
observed_UAS,321160,663522,134.02859999996144,101.33700000029057,-30.5539
observed_UAS,321161,573361,134.07279999996535,101.38960000034422,-30.45060000000001
observed_UAS,321162,698486,134.04830000002403,101.42219999991357,-30.45010000000002
observed_UAS,321163,476158,134.05160000000615,101.45930000022054,-30.39689999999996
observed_UAS,321164,151481,134.00370000000112,101.48689999990165,-30.10439999999994
observed_UAS,321165,1924056,134.04240000003483,101.51840000040829,-30.418900000000008
observed_UAS,321166,2039155,134.06579999998212,101.55030000023544,-30.33370000000002
observed_UAS,321167,151256,134.03310000000056,101.53070000000298,-30.137899999999945
observed_UAS,321168,2021658,134.04810000001453,101.62930000014603,-30.32129999999995
observed_UAS,321169,639983,134.05929999996442,101.6651999996975,-30.24369999999999
observed_UAS,321170,1925177,134.02130000002217,101.7344000004232,-30.255199999999945
observed_UAS,321171,509319,134.06559999997262,101.75879999995232,-30.171699999999987
observed_UAS,321172,1923110,134.03280000004452,101.83110000006855,-30.200399999999945
observed_UAS,321173,2066983,134.05460000003222,101.84480000007898,-30.133699999999976
observed_UAS,321174,92386,134.07629999995697,101.80530000012368,-29.981400000000008
observed_UAS,321175,1957449,134.05799999996088,101.90849999990314,-30.10579999999993
observed_UAS,321176,2020717,134.07849999994505,101.95600000023842,-30.054300000000012
observed_UAS,321177,92615,134.0437999999849,101.90550000034273,-29.90109999999993
observed_UAS,321178,1924227,134.05260000005364,102.04100000020117,-30.005499999999984
observed_UAS,321179,700661,134.04489999997895,102.09210000000894,-29.952099999999973
observed_UAS,321180,1888456,134.03980000002775,102.16089999955148,-29.952299999999923
observed_UAS,321181,510768,134.0522999999812,102.19440000038594,-29.892100000000028
observed_UAS,321182,130675,134.08929999999236,102.17709999997169,-29.747999999999934
observed_UAS,321183,1956497,134.0812000000151,102.23099999967963,-29.9366
observed_UAS,321184,2018031,134.0735000000568,102.26190000027418,-29.846900000000005
observed_UAS,321185,1923285,134.07460000005085,102.36290000006557,-29.83979999999997
observed_UAS,321186,75318,134.03819999995176,102.37229999992996,-29.698800000000006
observed_UAS,321187,2019460,134.02489999996033,102.40639999974519,-29.826000000000022
observed_UAS,321188,650418,134.05299999995623,102.43840000033379,-29.765999999999963
observed_UAS,321189,1987750,134.0213999999687,102.55319999996573,-29.752599999999916
observed_UAS,321190,75550,134.016500000027,102.53670000005513,-29.64319999999998
observed_UAS,321191,75551,134.09759999997914,102.54779999982566,-29.59609999999998
observed_UAS,321192,2037747,134.0511000000406,102.6246999995783,-29.727700000000027
observed_UAS,321193,1920580,134.0792000000365,102.65600000042468,-29.681500000000028
observed_UAS,321194,2018523,134.04850000003353,102.73020000010729,-29.6635
observed_UAS,321195,772878,134.0914000000339,102.77680000010878,-29.597399999999993
observed_UAS,321196,703234,134.04749999998603,102.85209999978542,-29.63709999999992
observed_UAS,321197,111290,134.04850000003353,102.80219999980181,-29.568499999999972
observed_UAS,321198,2036796,134.04749999998603,102.94280000030994,-29.62149999999997
observed_UAS,321199,1952534,134.05260000005364,102.95260000042617,-29.586400000000026
observed_UAS,321200,59632,134.063300000038,102.94220000039786,-29.495499999999993
observed_UAS,321201,2017577,134.04650000005495,103.0495999995619,-29.560899999999947
observed_UAS,321202,151754,134.06669999996666,103.05640000011772,-29.4529
observed_UAS,321203,773984,134.05469999997877,103.13399999961257,-29.54189999999994
observed_UAS,321204,59862,134.06680000002962,103.14039999991655,-29.441299999999956
observed_UAS,321205,1983784,134.00130000000354,103.25260000023991,-29.509799999999927
observed_UAS,321206,546572,134.04079999995884,103.24459999985993,-29.492700000000013
observed_UAS,321207,774721,134.09900000004563,103.3289999999106,-29.50400000000002
observed_UAS,321208,620574,134.02309999999125,103.33800000045449,-29.459299999999985
observed_UAS,321209,1983153,134.06449999997858,103.43960000015795,-29.457899999999995
observed_UAS,321210,130716,134.07239999994636,103.47510000038892,-29.375099999999975
observed_UAS,321211,1984910,134.03859999997076,103.51410000026226,-29.454600000000028
observed_UAS,321212,810441,134.05370000004768,103.53280000016093,-29.389799999999923
observed_UAS,321213,1952393,134.03720000002068,103.65679999999702,-29.41879999999992
observed_UAS,321214,130948,134.04299999994691,103.67899999953806,-29.341499999999996
observed_UAS,321215,2014041,134.01390000001993,103.74990000016987,-29.40059999999994
observed_UAS,321216,671572,134.07339999999385,103.74019999988377,-29.370699999999943
observed_UAS,321217,741302,134.04779999994207,103.80049999989569,-29.41199999999992
observed_UAS,321218,811547,134.03650000004563,103.87420000042766,-29.356400000000008
observed_UAS,321219,663692,134.06279999995604,103.94089999981225,-29.36469999999997
observed_UAS,321220,2012800,134.02040000003763,104.09289999958128,-31.265699999999924
observed_UAS,321221,614486,134.03020000003744,104.03830000013113,-29.342499999999973
observed_UAS,321222,2030038,134.03150000004098,104.16359999962151,-31.41949999999997
observed_UAS,321223,672944,134.04040000005625,104.13090000022203,-31.310499999999934
observed_UAS,321224,1981348,134.03249999997206,104.13680000044405,-31.290899999999965
observed_UAS,321225,1884494,134.0683999999892,104.1081999996677,-29.406499999999937
observed_UAS,321226,1949009,134.0115999999689,104.10639999993145,-29.376800000000003
observed_UAS,321227,1915681,134.03449999995064,104.21740000043064,-31.429899999999975
observed_UAS,321228,582638,134.0431999999564,104.2856000000611,-31.368600000000015
observed_UAS,321229,1980653,134.0555999999633,104.33100000023842,-31.446699999999964
observed_UAS,321230,1950187,134.06669999996666,104.3461999995634,-31.337300000000027
observed_UAS,321231,583006,134.07730000000447,104.37210000026971,-31.117399999999975
observed_UAS,321232,1848887,134.0394999999553,104.48890000022948,-31.265899999999988
observed_UAS,321233,743480,134.00950000004377,104.44759999960661,-31.119100000000003
observed_UAS,321234,848549,134.04489999997895,104.42019999958575,-31.097999999999956
observed_UAS,321235,743838,134.0189000000246,104.54870000015944,-31.365799999999922
observed_UAS,321236,848915,134.03220000001602,104.53380000032485,-31.289999999999964
observed_UAS,321237,93152,134.01879999996163,104.5913000004366,-30.968399999999974
observed_UAS,321238,814072,134.03570000000764,104.65029999986291,-31.34089999999992
observed_UAS,321239,151804,134.02879999997094,104.64790000021458,-30.817299999999932
observed_UAS,321240,701201,134.0222000000067,104.74760000035167,-31.312400000000025
observed_UAS,321241,744577,134.05630000005476,104.75059999991208,-31.247999999999934
observed_UAS,321242,649854,134.06019999994896,104.79270000010729,-31.145899999999983
observed_UAS,321243,1915853,134.06740000005811,104.81500000040978,-31.166399999999953
observed_UAS,321244,701568,134.05839999997988,104.83719999995083,-31.06409999999994
observed_UAS,321245,744947,134.09889999998268,104.84379999991506,-30.97969999999998
observed_UAS,321246,92935,134.06750000000466,104.85580000001937,-30.619399999999928
observed_UAS,321247,1980827,134.04119999997783,104.95930000022054,-30.929300000000012
observed_UAS,321248,815181,134.0690000000177,104.95409999974072,-30.853899999999953
observed_UAS,321249,131209,134.0411000000313,104.91920000035316,-30.571000000000026
observed_UAS,321250,617797,134.045599999954,105.01779999956489,-30.814599999999928
observed_UAS,321251,667705,134.07949999999255,105.05030000023544,-30.766200000000026
observed_UAS,321252,2011621,134.0735000000568,105.11849999986589,-30.728099999999927
observed_UAS,321253,815919,134.05039999994915,105.17559999972582,-30.664499999999975
observed_UAS,321254,130994,134.06400000001304,105.13580000028014,-30.37990000000002
observed_UAS,321255,711194,134.0193000000436,105.23259999975562,-30.60469999999998
observed_UAS,321256,2009036,134.06070000003092,105.24430000036955,-30.54849999999999
observed_UAS,321257,76087,134.09369999996852,105.25750000029802,-30.265999999999963
observed_UAS,321258,746427,134.04370000003837,105.30879999976605,-30.518699999999967
observed_UAS,321259,1880363,134.0733000000473,105.39010000042617,-30.445299999999975
observed_UAS,321260,781667,134.06119999999646,105.38879999984056,-30.3827
observed_UAS,321261,75870,134.01989999995567,105.3866999996826,-30.16930000000002
observed_UAS,321262,1944961,134.02029999997467,105.43240000028163,-30.415599999999927
observed_UAS,321263,852238,134.07750000001397,105.46520000044256,-30.344499999999925
observed_UAS,321264,1946848,134.0348000000231,105.55179999954998,-30.363899999999944
observed_UAS,321265,619642,134.04529999999795,105.53039999958128,-30.234399999999937
observed_UAS,321266,1845101,134.00049999996554,105.6738999998197,-30.23630000000003
observed_UAS,321267,852960,134.07149999996182,105.67769999988377,-30.16300000000001
observed_UAS,321268,747877,134.03789999999572,105.75279999990016,-30.146999999999935
observed_UAS,321269,818108,134.02980000001844,105.8206000002101,-30.106400000000008
observed_UAS,321270,2006994,134.06119999999646,105.87420000042766,-30.06650000000002
observed_UAS,321271,60397,134.0130000000354,105.85809999983758,-29.91859999999997
observed_UAS,321272,152284,134.0757000000449,105.88769999984652,-29.868600000000015
observed_UAS,321273,810247,134.04920000000857,105.95619999989867,-30.038900000000012
observed_UAS,321274,748527,134.04059999994934,105.97030000016093,-29.975299999999947
observed_UAS,321275,152068,134.07849999994505,105.91440000012517,-29.838300000000004
observed_UAS,321276,818854,134.04370000003837,106.02579999994487,-29.96969999999999
observed_UAS,321277,810985,134.04260000004433,106.1651999996975,-29.911699999999996
observed_UAS,321278,776001,134.08940000005532,106.16239999979734,-29.871599999999944
observed_UAS,321279,93203,134.01459999999497,106.17920000012964,-29.74759999999992
observed_UAS,321280,2005962,134.04099999996834,106.2050000000745,-29.90229999999997
observed_UAS,321281,819599,134.05530000000726,106.23959999997169,-29.849199999999996
observed_UAS,321282,93427,134.08050000004005,106.24230000004172,-29.6866
observed_UAS,321283,2007846,134.02639999997336,106.3406999995932,-29.845100000000002
observed_UAS,321284,811723,134.03919999999925,106.36440000031143,-29.772899999999936
observed_UAS,321285,680655,134.03350000001956,106.45810000039637,-29.740999999999985
observed_UAS,321286,131258,134.06359999999404,106.44319999963045,-29.61069999999995
observed_UAS,321287,1973418,134.05469999997877,106.5417999997735,-29.706500000000005
observed_UAS,321288,131480,134.0507000000216,106.51009999960661,-29.6259
observed_UAS,321289,1943410,134.03899999998976,106.63090000022203,-29.70259999999996
observed_UAS,321290,2006825,134.05850000004284,106.663200000301,-29.653599999999983
observed_UAS,321291,76132,134.0759000000544,106.68960000015795,-29.530099999999948
observed_UAS,321292,1873903,134.00789999996778,106.74079999979585,-29.63900000000001
observed_UAS,321293,786377,134.0799999999581,106.79110000003129,-29.5865
observed_UAS,321294,1974987,134.04429999995045,106.80269999988377,-29.617200000000025
observed_UAS,321295,76362,134.05709999997634,106.8316000001505,-29.51819999999998
observed_UAS,321296,1942367,134.0448000000324,106.9452999997884,-29.5616
observed_UAS,321297,111862,134.0849000000162,106.9539999999106,-29.461400000000026
observed_UAS,321298,2003137,134.07559999998193,107.02419999986887,-29.536299999999983
observed_UAS,321299,709246,134.05900000000838,107.083599999547,-29.49249999999995
observed_UAS,321300,787503,134.0339999999851,107.1457000002265,-29.504799999999932
observed_UAS,321301,112089,134.03139999997802,107.13350000046194,-29.4307
observed_UAS,321302,1871982,134.03830000001471,107.24270000029355,-29.45709999999997
observed_UAS,321303,152329,134.01619999995455,107.28589999955148,-29.392600000000016
observed_UAS,321304,2002016,134.05020000005607,107.34090000018477,-29.437099999999987
observed_UAS,321305,745495,134.04790000000503,107.48020000010729,-29.42859999999996
observed_UAS,321306,93467,134.06830000004265,107.49529999960214,-29.357099999999946
observed_UAS,321307,1838576,134.07339999999385,107.54989999998361,-29.41739999999993
observed_UAS,321308,824000,134.04940000001807,107.53550000023097,-29.386999999999944
observed_UAS,321309,2003680,134.0805999999866,107.62009999994189,-29.411699999999996
observed_UAS,321310,789385,134.0287000000244,107.67850000038743,-29.359399999999937
observed_UAS,321311,685162,134.06019999994896,107.7428999999538,-29.35469999999998
observed_UAS,321312,711744,134.0557999999728,107.82870000042021,-29.349899999999934
observed_UAS,321313,720498,134.03220000001602,107.95590000040829,-29.347599999999943
observed_UAS,321314,1999017,134.0977000000421,108.07569999992847,-31.46429999999998
observed_UAS,321315,677866,134.03639999998268,108.04040000028908,-31.348899999999958
observed_UAS,321316,1905230,134.03090000001248,108.14080000016838,-31.435999999999922
observed_UAS,321317,1837134,134.0191000000341,108.14309999998659,-31.394499999999994
observed_UAS,321318,1833893,134.04269999999087,108.23909999988973,-31.42139999999995
observed_UAS,321319,1967025,134.0450000000419,108.26150000002235,-31.320699999999988
observed_UAS,321320,818292,134.08310000004712,108.26819999981672,-31.227499999999964
observed_UAS,321321,861918,134.08310000004712,108.27990000043064,-31.120699999999943
observed_UAS,321322,1871009,134.07680000003893,108.2730000000447,-31.097800000000007
observed_UAS,321323,713557,134.0564000000013,108.34159999992698,-31.151399999999967
observed_UAS,321324,713930,134.04000000003725,108.44309999980032,-31.350000000000023
observed_UAS,321325,783665,134.06590000004508,108.40230000019073,-31.254099999999994
observed_UAS,321326,722696,134.06929999997374,108.5417999997735,-31.360500000000002
observed_UAS,321327,792711,134.0500999999931,108.65029999986291,-31.328899999999976
observed_UAS,321328,714676,134.05509999999776,108.65160000044852,-31.29379999999992
observed_UAS,321329,1866605,134.06990000000224,108.69539999961853,-31.161699999999996
observed_UAS,321330,1996927,134.05649999994785,108.7198999999091,-31.13760000000002
observed_UAS,321331,828091,134.02879999997094,108.75339999981225,-31.056899999999928
observed_UAS,321332,785159,134.0398999999743,108.83600000012666,-30.948999999999955
observed_UAS,321333,1967582,134.03220000001602,108.89279999956489,-30.86519999999996
observed_UAS,321334,1932370,134.07030000002123,108.9203000003472,-30.841199999999958
observed_UAS,321335,793849,134.04749999998603,108.97109999973327,-30.761799999999994
observed_UAS,321336,888525,134.00159999995958,109.01140000019222,-30.81989999999996
observed_UAS,321337,1998435,134.06550000002608,109.04470000043511,-30.72449999999992
observed_UAS,321338,750950,134.07059999997728,109.05950000043958,-30.67139999999995
observed_UAS,321339,821279,134.04819999996107,109.11710000038147,-30.646999999999935
observed_UAS,321340,1833294,134.03079999994952,109.1832999996841,-30.569799999999987
observed_UAS,321341,681961,134.08330000005662,109.19550000037998,-30.485000000000014
observed_UAS,321342,690399,134.05859999998938,109.2253999998793,-30.543499999999995
observed_UAS,321343,889419,134.04290000000037,109.28340000007302,-30.454700000000003
observed_UAS,321344,1966051,134.00740000000224,109.34300000034273,-30.46690000000001
observed_UAS,321345,786935,134.06380000000354,109.34970000013709,-30.364100000000008
observed_UAS,321346,691159,134.0444000000134,109.44369999971241,-30.32809999999995
observed_UAS,321347,830729,134.07660000002943,109.47620000038296,-30.255999999999972
observed_UAS,321348,726097,134.0727000000188,109.53509999997914,-30.237700000000018
observed_UAS,321349,1899857,134.03819999995176,109.63870000001043,-30.204600000000028
observed_UAS,321350,683463,134.05310000001919,109.63640000019222,-30.16739999999993
observed_UAS,321351,1862708,134.03300000005402,109.72790000028908,-30.13149999999996
observed_UAS,321352,788439,134.03269999998156,109.76860000006855,-30.062599999999975
observed_UAS,321353,859133,134.02919999998994,109.8293000003323,-30.039199999999937
observed_UAS,321354,692653,134.0439999999944,109.89890000037849,-29.97309999999993
observed_UAS,321355,1995562,134.02919999998994,109.9456000002101,-29.94959999999992
observed_UAS,321356,859886,134.0339999999851,110.03899999987334,-29.92999999999995
observed_UAS,321357,684968,134.03799999994226,110.06989999953657,-29.860000000000014
observed_UAS,321358,719929,134.07149999996182,110.13709999993443,-29.853899999999953
observed_UAS,321359,1829401,134.0572000000393,110.23819999955595,-29.819499999999948
observed_UAS,321360,685723,134.05630000005476,110.27510000020266,-29.782500000000027
observed_UAS,321361,1825700,134.02859999996144,110.37179999984801,-29.74509999999998
observed_UAS,321362,861378,134.04220000002533,110.45550000015646,-29.710899999999924
observed_UAS,321363,686473,134.0555999999633,110.48979999963194,-29.66059999999993
observed_UAS,321364,1862886,134.00749999994878,110.55059999972582,-29.71029999999996
observed_UAS,321365,1929433,134.05509999999776,110.56589999981225,-29.679399999999987
observed_UAS,321366,862086,134.0490999999456,110.65130000002682,-29.618799999999965
observed_UAS,321367,834928,134.08279999997467,110.64879999961704,-29.5856
observed_UAS,321368,1895959,134.03659999999218,110.71430000010878,-29.6182
observed_UAS,321369,730286,134.0731000000378,110.73039999976754,-29.564499999999953
observed_UAS,321370,1858381,134.06380000000354,110.84790000040084,-29.56409999999994
observed_UAS,321371,765842,134.03410000004806,110.92839999962598,-29.51789999999994
observed_UAS,321372,892007,134.0176999999676,110.99170000012964,-29.499399999999923
observed_UAS,321373,1894787,134.0437999999849,111.02560000028461,-29.52589999999998
observed_UAS,321374,863499,134.09880000003614,111.0531000001356,-29.468999999999937
observed_UAS,321375,892029,134.07680000003893,111.1667999997735,-29.445100000000025
observed_UAS,321376,888740,134.08189999999013,111.26669999957085,-29.437599999999975
observed_UAS,321377,1893613,134.0553999999538,111.33569999970496,-29.420799999999986
observed_UAS,321378,891817,134.09889999998268,111.41229999996722,-29.41859999999997
observed_UAS,321379,1859359,134.0435999999754,111.49110000021756,-29.39580000000001
observed_UAS,321380,1821291,134.02439999999478,111.50329999998212,-29.40530000000001
observed_UAS,321381,1786917,134.0899999999674,111.5628000004217,-29.389299999999935
observed_UAS,321382,1855362,134.06729999999516,111.65959999989718,-29.349199999999996
observed_UAS,321383,1782735,134.0511000000406,111.7901999996975,-29.34559999999999
observed_UAS,321384,1819644,134.09169999998994,111.8973000003025,-29.536200000000008
observed_UAS,321385,1858169,134.03150000004098,111.80979999992996,-29.345299999999952
observed_UAS,321386,1785728,134.05630000005476,111.90330000035465,-29.499900000000025
observed_UAS,321856,2264559,134.17290000000503,90.00530000030994,-30.22879999999998
observed_UAS,321857,2277414,134.13280000002123,90.07299999985844,-30.171699999999987
observed_UAS,321858,352881,134.16090000001714,90.1331000002101,-30.119100000000003
observed_UAS,321859,424054,134.1439000000246,90.18560000043362,-30.07650000000001
observed_UAS,321860,2183626,134.15509999997448,90.2137000001967,-30.050299999999993
observed_UAS,321861,432438,134.10560000000987,90.34109999984503,-30.050200000000018
observed_UAS,321862,353490,134.1522999999579,90.36290000006557,-29.971400000000017
observed_UAS,321863,2247942,134.1365999999689,90.4362000003457,-29.915599999999927
observed_UAS,321864,482358,134.1178999999538,90.50069999974221,-29.901200000000017
observed_UAS,321865,2127570,134.15579999994952,90.56329999957234,-29.857399999999984
observed_UAS,321866,400172,134.1652999999933,90.62129999976605,-29.826799999999935
observed_UAS,321867,433486,134.19220000004862,90.64300000015646,-29.76979999999992
observed_UAS,321868,2208955,134.1441000000341,90.72130000032485,-29.773599999999988
observed_UAS,321869,400858,134.16059999994468,90.83949999976903,-29.72199999999998
observed_UAS,321870,2182245,134.15810000000056,90.84740000031888,-29.672399999999925
observed_UAS,321871,483748,134.14939999999478,90.9468999998644,-29.647299999999973
observed_UAS,321872,2181181,134.14359999995213,91.03799999970943,-29.63709999999992
observed_UAS,321873,516328,134.17110000003595,91.00719999987632,-29.574899999999957
observed_UAS,321874,452058,134.14809999999125,91.1019999999553,-29.608299999999986
observed_UAS,321875,2181529,134.14610000001267,91.17960000038147,-29.588300000000004
observed_UAS,321876,427348,134.12919999996666,91.25380000006407,-29.548999999999978
observed_UAS,321877,517369,134.14199999999255,91.36070000007749,-29.52589999999998
observed_UAS,321878,2126177,134.1604000000516,91.43450000043958,-29.523399999999924
observed_UAS,321879,317607,134.1948000000557,91.45150000043213,-29.481400000000008
observed_UAS,321880,2180110,134.15630000003148,91.55190000031143,-29.45679999999993
observed_UAS,321881,336673,134.1487999999663,91.65270000044256,-29.44150000000002
observed_UAS,321882,551103,134.1437000000151,91.76260000001639,-29.429399999999987
observed_UAS,321883,380098,134.1814000000013,91.85950000025332,-29.426899999999932
observed_UAS,321884,403639,134.11060000001453,91.85059999953955,-29.376800000000003
observed_UAS,321885,519115,134.13919999997597,91.94130000006407,-29.36469999999997
observed_UAS,321886,404330,134.15110000001732,92.0621999995783,-29.351999999999975
observed_UAS,321887,2179436,134.12849999999162,92.15029999986291,-29.347999999999956
observed_UAS,321888,73670,134.18510000000242,92.28100000042468,-31.222999999999956
observed_UAS,321889,430182,134.14439999999013,92.23190000001341,-29.338899999999967
observed_UAS,321890,2150827,134.14469999994617,92.3792000003159,-31.33389999999997
observed_UAS,321891,488256,134.19369999994524,92.38379999995232,-29.94369999999992
observed_UAS,321892,2178901,134.17559999995865,92.33849999960512,-29.520399999999995
observed_UAS,321893,455871,134.15850000001956,92.33600000012666,-29.485799999999927
observed_UAS,321894,2243891,134.140699999989,92.3481000000611,-29.34839999999997
observed_UAS,321895,2065748,134.18929999996908,92.48689999990165,-31.432500000000005
observed_UAS,321896,2094472,134.17700000002515,92.45339999999851,-31.386300000000006
observed_UAS,321897,381824,134.1996999999974,92.44859999977052,-30.359399999999937
observed_UAS,321898,480109,134.15789999999106,92.41349999979138,-30.274999999999977
observed_UAS,321899,359285,134.15619999996852,92.40780000016093,-29.933299999999917
observed_UAS,321900,480440,134.17189999995753,92.5285000000149,-31.480000000000018
observed_UAS,321901,2095171,134.12970000004862,92.54310000035912,-31.334799999999973
observed_UAS,321902,2204446,134.11410000000615,92.5887000001967,-31.07669999999996
observed_UAS,321903,128818,134.13509999995586,92.64389999955893,-31.31269999999995
observed_UAS,321904,149860,134.11490000004414,92.68790000025183,-31.260999999999967
observed_UAS,321905,480777,134.14320000004955,92.63920000009239,-31.142600000000016
observed_UAS,321906,481117,134.14300000004005,92.75339999981225,-31.31880000000001
observed_UAS,321907,2122121,134.11109999998007,92.73759999964386,-31.23219999999992
observed_UAS,321908,439437,134.15110000001732,92.71779999975115,-31.18380000000002
observed_UAS,321909,149863,134.18980000005104,92.76389999967068,-31.062999999999988
observed_UAS,321910,73684,134.1461999999592,92.79310000035912,-30.966999999999985
observed_UAS,321911,2064889,134.1483999999473,92.81390000041574,-31.347599999999943
observed_UAS,321912,457593,134.12609999999404,92.82629999984056,-31.290200000000027
observed_UAS,321913,73685,134.11820000002626,92.83189999964088,-30.96079999999995
observed_UAS,321914,109423,134.18259999994189,92.89470000006258,-30.81740000000002
observed_UAS,321915,2177234,134.14359999995213,92.92320000007749,-31.334799999999973
observed_UAS,321916,481810,134.17969999997877,92.98180000018328,-31.27170000000001
observed_UAS,321917,109424,134.1868999999715,92.9242000002414,-30.83389999999997
observed_UAS,321918,109425,134.11800000001676,92.97530000004917,-30.742700000000013
observed_UAS,321919,440496,134.16720000002533,93.03799999970943,-31.240499999999997
observed_UAS,321920,432586,134.16810000000987,93.07340000011027,-31.16459999999995
observed_UAS,321921,2175950,134.18400000000838,93.05719999969006,-31.09089999999992
observed_UAS,321922,109426,134.11529999994673,93.02139999996871,-30.766099999999938
observed_UAS,321923,57989,134.11739999998827,93.04030000045896,-30.657299999999964
observed_UAS,321924,57991,134.13919999997597,93.09580000024289,-30.59699999999998
observed_UAS,321925,407417,134.15179999999236,93.11799999978393,-31.032799999999952
observed_UAS,321926,2093469,134.12860000005458,93.16559999994934,-30.947299999999927
observed_UAS,321927,432935,134.19140000001062,93.17819999996573,-30.899299999999926
observed_UAS,321928,57993,134.16139999998268,93.1644999999553,-30.579600000000028
observed_UAS,321929,2148537,134.13919999997597,93.22159999981523,-30.90059999999994
observed_UAS,321930,2120765,134.15540000004694,93.23720000032336,-30.850299999999947
observed_UAS,321931,2064451,134.15830000001006,93.2976000001654,-30.760899999999992
observed_UAS,321932,149878,134.16009999997914,93.2762000001967,-30.519199999999955
observed_UAS,321933,57995,134.12329999997746,93.25040000025183,-30.49739999999997
observed_UAS,321934,555974,134.16150000004563,93.31419999990612,-30.810499999999934
observed_UAS,321935,2121486,134.1400999999605,93.3328999998048,-30.76699999999994
observed_UAS,321936,459353,134.13249999994878,93.38970000017434,-30.667500000000018
observed_UAS,321937,149879,134.1147999999812,93.33430000022054,-30.454899999999952
observed_UAS,321938,408462,134.18279999995138,93.43609999958426,-30.65530000000001
observed_UAS,321939,2092599,134.14650000003166,93.46870000008494,-30.570100000000025
observed_UAS,321940,2119887,134.15079999994487,93.55920000001788,-30.528099999999995
observed_UAS,321941,524321,134.15830000001006,93.57400000002235,-30.46010000000001
observed_UAS,321942,434330,134.11109999998007,93.62899999972433,-30.512899999999945
observed_UAS,321943,2120618,134.15549999999348,93.65560000017285,-30.47199999999998
observed_UAS,321944,557019,134.186299999943,93.64259999990463,-30.389299999999935
observed_UAS,321945,492438,134.1256000000285,93.72910000011325,-30.36469999999997
observed_UAS,321946,525001,134.1661000000313,93.80960000026971,-30.30359999999996
observed_UAS,321947,2118994,134.1371999999974,93.87090000044554,-30.243600000000015
observed_UAS,321948,2062694,134.18420000001788,93.91330000013113,-30.205100000000016
observed_UAS,321949,517165,134.15560000005644,93.95029999967664,-30.12990000000002
observed_UAS,321950,2173462,134.15659999998752,94.03519999980927,-30.12659999999994
observed_UAS,321951,525700,134.1382000000449,94.04789999965578,-30.08330000000001
observed_UAS,321952,517862,134.17319999996107,94.16629999969155,-30.0616
observed_UAS,321953,624089,134.16049999999814,94.14140000008047,-29.986499999999978
observed_UAS,321954,526405,134.1380000000354,94.25889999978244,-29.93489999999997
observed_UAS,321955,2173609,134.16740000003483,94.34350000042468,-29.937400000000025
observed_UAS,321956,624800,134.18189999996684,94.35539999976754,-29.871800000000007
observed_UAS,321957,411315,134.15850000001956,94.43580000009388,-29.853099999999927
observed_UAS,321958,592391,134.15240000002086,94.52599999960512,-29.823999999999955
observed_UAS,321959,2089901,134.1141999999527,94.55059999972582,-29.786699999999996
observed_UAS,321960,495246,134.15240000002086,94.62050000019372,-29.80149999999992
observed_UAS,321961,412016,134.16139999998268,94.65460000000894,-29.75490000000002
observed_UAS,321962,2117648,134.11800000001676,94.73849999997765,-29.731400000000008
observed_UAS,321963,593104,134.13809999998193,94.75449999980628,-29.65919999999994
observed_UAS,321964,2172422,134.11620000004768,94.80489999987185,-29.709499999999935
observed_UAS,321965,2197468,134.15720000001602,94.85580000001937,-29.649
observed_UAS,321966,464264,134.15339999995194,94.97350000031292,-29.616899999999987
observed_UAS,321967,438580,134.1310999999987,95.06269999966025,-29.61469999999997
observed_UAS,321968,2058532,134.14199999999255,95.05030000023544,-29.578399999999988
observed_UAS,321969,627299,134.1465999999782,95.15029999986291,-29.518899999999917
observed_UAS,321970,488737,134.12970000004862,95.23330000042915,-29.527799999999957
observed_UAS,321971,456696,134.18440000002738,95.25119999982417,-29.489599999999996
observed_UAS,321972,2197324,134.1128000000026,95.32479999959469,-29.500499999999988
observed_UAS,321973,2195948,134.19030000001658,95.37739999964833,-29.472599999999943
observed_UAS,321974,489431,134.13950000004843,95.45029999967664,-29.445100000000025
observed_UAS,321975,2085717,134.14789999998175,95.54200000036508,-29.442699999999945
observed_UAS,321976,563393,134.15670000005048,95.66600000020117,-29.420599999999922
observed_UAS,321977,2195019,134.1424999999581,95.70519999973476,-29.416999999999916
observed_UAS,321978,629091,134.14870000001974,95.70370000042021,-29.37659999999994
observed_UAS,321979,588328,134.13470000005327,95.8652999997139,-29.34299999999996
observed_UAS,321980,499521,134.16310000000522,95.95619999989867,-29.361499999999978
observed_UAS,321981,2112687,134.14439999999013,96.05640000011772,-29.349199999999996
observed_UAS,321982,2056502,134.171399999992,96.13540000002831,-29.32740000000001
observed_UAS,321983,2193182,134.19180000002962,96.29119999986142,-30.09719999999993
observed_UAS,321984,2140980,134.1639000000432,96.29540000017732,-29.934300000000007
observed_UAS,321985,2112058,134.13529999996535,96.26850000023842,-29.753799999999956
observed_UAS,321986,459852,134.10459999996237,96.26850000023842,-29.56219999999996
observed_UAS,321987,2167054,134.14000000001397,96.23589999973774,-29.484699999999975
observed_UAS,321988,2193493,134.15439999999944,96.2202000003308,-29.370000000000005
observed_UAS,321989,556816,134.11800000001676,96.2616999996826,-29.285300000000007
observed_UAS,321990,468678,134.10369999997783,96.35520000010729,-31.36239999999998
observed_UAS,321991,2166432,134.19680000003427,96.38100000005215,-31.233600000000024
observed_UAS,321992,2111742,134.18819999997504,96.35960000008345,-30.42719999999997
observed_UAS,321993,598445,134.1753000000026,96.39670000039041,-30.305499999999938
observed_UAS,321994,2167844,134.19200000003912,96.35910000000149,-30.253499999999917
observed_UAS,321995,589721,134.14260000002105,96.32650000043213,-30.152199999999993
observed_UAS,321996,2054759,134.12939999997616,96.30339999962598,-30.01369999999997
observed_UAS,321997,565530,134.12789999996312,96.33669999986887,-29.902499999999918
observed_UAS,321998,74459,134.1308999999892,96.47800000011921,-31.322400000000016
observed_UAS,321999,565871,134.18330000003334,96.41990000009537,-31.220100000000002
observed_UAS,322000,2192562,134.1417000000365,96.49340000003576,-30.761799999999994
observed_UAS,322001,492581,134.1032000000123,96.44539999961853,-30.64670000000001
observed_UAS,322002,2084469,134.15200000000186,96.45359999965876,-30.55219999999997
observed_UAS,322003,533492,134.15480000001844,96.45830000005662,-30.449299999999994
observed_UAS,322004,524805,134.12719999998808,96.41220000013709,-30.32129999999995
observed_UAS,322005,492580,134.18480000004638,96.42339999973774,-30.290599999999927
observed_UAS,322006,623192,134.13390000001527,96.54409999959171,-31.188199999999938
observed_UAS,322007,2167224,134.1480000000447,96.56730000022799,-31.028999999999996
observed_UAS,322008,2166121,134.14000000001397,96.52290000021458,-30.821199999999976
observed_UAS,322009,2140357,134.10999999998603,96.51759999990463,-30.726999999999975
observed_UAS,322010,590770,134.1526999999769,96.68070000037551,-31.312099999999987
observed_UAS,322011,2082728,134.1317000000272,96.61149999964982,-31.24770000000001
observed_UAS,322012,109978,134.1369999999879,96.63970000017434,-31.093399999999974
observed_UAS,322013,2138314,134.1585999999661,96.74810000043362,-31.322400000000016
observed_UAS,322014,599497,134.1367999999784,96.74679999984801,-31.291999999999916
observed_UAS,322015,2054613,134.1134000000311,96.8348000003025,-31.30219999999997
observed_UAS,322016,2191314,134.1698000000324,96.88420000020415,-31.24770000000001
observed_UAS,322017,110203,134.1143999999622,96.81209999974817,-30.817999999999984
observed_UAS,322018,150437,134.1646999999648,96.89450000040233,-30.777600000000007
observed_UAS,322019,2164869,134.19209999998566,96.91280000004917,-31.22449999999992
observed_UAS,322020,2053029,134.12470000004396,96.96779999975115,-31.139599999999973
observed_UAS,322021,567642,134.15020000003278,96.97200000006706,-31.036399999999958
observed_UAS,322022,2138797,134.12860000005458,97.04629999957979,-31.01789999999994
observed_UAS,322023,2137374,134.14179999998305,97.06869999971241,-30.948399999999992
observed_UAS,322024,600574,134.17299999995157,97.07560000009835,-30.87379999999996
observed_UAS,322025,150667,134.11019999999553,97.06950000021607,-30.494100000000003
observed_UAS,322026,535625,134.11029999994207,97.14290000032634,-30.903099999999995
observed_UAS,322027,2053825,134.15590000001248,97.12459999974817,-30.860400000000027
observed_UAS,322028,2110654,134.14569999999367,97.17019999958575,-30.796100000000024
observed_UAS,322029,91571,134.17070000001695,97.13169999979436,-30.444599999999923
observed_UAS,322030,625312,134.10620000003837,97.20459999982268,-30.805999999999926
observed_UAS,322031,471382,134.12919999996666,97.24399999994785,-30.74630000000002
observed_UAS,322032,601295,134.1459999999497,97.2953000003472,-30.658900000000017
observed_UAS,322033,58779,134.17390000005253,97.28039999958128,-30.334299999999985
observed_UAS,322034,2137856,134.1692000000039,97.35180000029504,-30.63760000000002
observed_UAS,322035,463354,134.13219999999274,97.3432999998331,-30.560499999999934
observed_UAS,322036,129620,134.18489999999292,97.37719999998808,-30.211099999999988
observed_UAS,322037,2052882,134.17859999998473,97.43800000008196,-30.523399999999924
observed_UAS,322038,536705,134.1467999999877,97.4484999999404,-30.47879999999998
observed_UAS,322039,129621,134.1099000000395,97.42499999981374,-30.23109999999997
observed_UAS,322040,2189434,134.18599999998696,97.52259999979287,-30.452299999999923
observed_UAS,322041,91806,134.12809999997262,97.58810000028461,-30.102700000000027
observed_UAS,322042,496467,134.14040000003297,97.64529999997467,-30.333399999999983
observed_UAS,322043,537392,134.1082999999635,97.68530000001192,-30.259900000000016
observed_UAS,322044,2107658,134.15800000005402,97.71250000037253,-30.301799999999957
observed_UAS,322045,594331,134.1742999999551,97.75540000014007,-30.23599999999999
observed_UAS,322046,570121,134.15619999996852,97.75640000030398,-30.194799999999987
observed_UAS,322047,74497,134.1652999999933,97.72329999972135,-30.002700000000004
observed_UAS,322048,2189918,134.13320000004023,97.85180000029504,-30.22169999999994
observed_UAS,322049,2051622,134.12760000000708,97.87519999966025,-30.173299999999927
observed_UAS,322050,129858,134.13340000004973,97.81159999966621,-30.01679999999999
observed_UAS,322051,129859,134.15780000004452,97.83430000022054,-29.927099999999996
observed_UAS,322052,2108459,134.1317000000272,97.92819999996573,-30.143699999999967
observed_UAS,322053,570842,134.15130000002682,97.97780000045896,-30.047199999999975
observed_UAS,322054,110238,134.17269999999553,97.94390000030398,-29.91689999999994
observed_UAS,322055,2079757,134.14260000002105,98.05530000012368,-30.04849999999999
observed_UAS,322056,473465,134.15260000003036,98.0246000001207,-29.975000000000023
observed_UAS,322057,2187550,134.16749999998137,98.17569999955595,-29.9529
observed_UAS,322058,2107513,134.14480000000913,98.25349999964237,-29.92610000000002
observed_UAS,322059,474187,134.18799999996554,98.23049999959767,-29.885400000000004
observed_UAS,322060,150703,134.14590000000317,98.25210000015795,-29.75419999999997
observed_UAS,322061,2162223,134.15989999996964,98.31039999984205,-29.90229999999997
observed_UAS,322062,2077375,134.14020000002347,98.36830000020564,-29.850599999999986
observed_UAS,322063,498961,134.18420000001788,98.3898999998346,-29.787199999999984
observed_UAS,322064,58811,134.1526999999769,98.3468000004068,-29.679399999999987
observed_UAS,322065,563907,134.17740000004414,98.42999999970198,-29.805200000000013
observed_UAS,322066,638006,134.1642999999458,98.45739999972284,-29.7491
observed_UAS,322067,540084,134.15520000003744,98.54640000034124,-29.734199999999987
observed_UAS,322068,91836,134.15969999996014,98.56359999999404,-29.638199999999983
observed_UAS,322069,2161281,134.17399999999907,98.62640000041574,-29.73599999999999
observed_UAS,322070,507741,134.14399999997113,98.68450000043958,-29.68369999999993
observed_UAS,322071,150943,134.10389999998733,98.69710000045598,-29.5865
observed_UAS,322072,467793,134.1648999999743,98.7571000000462,-29.63130000000001
observed_UAS,322073,150944,134.15830000001006,98.71470000036061,-29.56409999999994
observed_UAS,322074,597907,134.15159999998286,98.83229999989271,-29.63919999999996
observed_UAS,322075,129889,134.15170000004582,98.81180000025779,-29.529199999999946
observed_UAS,322076,573922,134.1530999999959,98.96109999995679,-29.60469999999998
observed_UAS,322077,59052,134.17330000002403,98.91980000026524,-29.522499999999923
observed_UAS,322078,598590,134.14809999999125,99.06369999982417,-29.542799999999943
observed_UAS,322079,2047837,134.1537000000244,99.1473000003025,-29.52679999999998
observed_UAS,322080,74765,134.1875,99.16339999996126,-29.440899999999942
observed_UAS,322081,2104672,134.16359999997076,99.21329999994487,-29.527600000000007
observed_UAS,322082,509518,134.12529999995604,99.24430000036955,-29.48529999999994
observed_UAS,322083,2075976,134.15049999998882,99.3413000004366,-29.501199999999926
observed_UAS,322084,608153,134.16269999998622,99.37359999958426,-29.445600000000013
observed_UAS,322085,510242,134.1650999999838,99.44419999979436,-29.437000000000012
observed_UAS,322086,130135,134.1426999999676,99.4031999995932,-29.372099999999932
observed_UAS,322087,641635,134.1424999999581,99.55480000004172,-29.430799999999977
observed_UAS,322088,543178,134.13370000000577,99.64919999986887,-29.415499999999952
observed_UAS,322089,2075034,134.14439999999013,99.6606000000611,-29.398699999999963
observed_UAS,322090,2101684,134.14240000001155,99.70550000015646,-29.401200000000017
observed_UAS,322091,470825,134.15890000003856,99.72439999971539,-29.375999999999976
observed_UAS,322092,2102790,134.15689999994356,99.85130000021309,-29.370699999999943
observed_UAS,322093,2074095,134.15509999997448,99.98689999990165,-29.350900000000024
observed_UAS,322094,2130020,134.17460000002757,100.05229999963194,-29.350599999999986
observed_UAS,322095,512777,134.14509999996517,100.17119999974966,-31.28340000000003
observed_UAS,322096,536849,134.1121999999741,100.11459999997169,-29.417500000000018
observed_UAS,322097,2045015,134.1308999999892,100.11799999978393,-29.3279
observed_UAS,322098,513124,134.14520000002813,100.27489999961108,-31.474699999999984
observed_UAS,322099,2129394,134.18110000004526,100.22400000039488,-31.305799999999977
observed_UAS,322100,92337,134.16350000002421,100.24529999960214,-31.29430000000002
observed_UAS,322101,2034934,134.12719999998808,100.2137000001967,-31.15199999999993
observed_UAS,322102,2073464,134.12800000002608,100.21650000009686,-29.928299999999922
observed_UAS,322103,537547,134.108499999973,100.34159999992698,-31.489399999999932
observed_UAS,322104,2213420,134.11719999997877,100.30779999960214,-31.365499999999997
observed_UAS,322105,2101225,134.18090000003576,100.36890000011772,-31.202800000000025
observed_UAS,322106,2044382,134.16769999999087,100.34530000016093,-31.198800000000006
observed_UAS,322107,2023679,134.16619999997783,100.33440000005066,-30.999500000000012
observed_UAS,322108,1992292,134.19669999997132,100.36070000007749,-30.89059999999995
observed_UAS,322109,2042633,134.108899999992,100.39759999979287,-30.7654
observed_UAS,322110,2071403,134.1141999999527,100.37220000009984,-30.639599999999973
observed_UAS,322111,2099799,134.12730000005104,100.33750000037253,-30.471199999999953
observed_UAS,322112,2099486,134.14580000005662,100.4281000001356,-31.277600000000007
observed_UAS,322113,2071090,134.18460000003688,100.4511000001803,-31.133500000000026
observed_UAS,322114,644348,134.17420000000857,100.4511000001803,-30.981699999999933
observed_UAS,322115,2024472,134.170599999954,100.57870000042021,-31.322599999999966
observed_UAS,322116,505742,134.1319000000367,100.54540000017732,-31.236599999999953
observed_UAS,322117,603239,134.13320000004023,100.5077999997884,-31.16999999999996
observed_UAS,322118,130397,134.13939999998547,100.54470000043511,-31.02729999999997
observed_UAS,322119,473629,134.15949999995064,100.65409999992698,-31.33699999999999
observed_UAS,322120,578808,134.13509999995586,100.60080000013113,-31.299999999999955
observed_UAS,322121,130175,134.16780000005383,100.69350000005215,-30.86069999999995
observed_UAS,322122,1992776,134.15049999998882,100.73099999967963,-31.32510000000002
observed_UAS,322123,2041367,134.13829999999143,100.81529999990016,-31.235500000000002
observed_UAS,322124,2071575,134.15319999994244,100.8546000001952,-31.160499999999956
observed_UAS,322125,1990720,134.16669999994338,100.88520000036806,-31.045200000000023
observed_UAS,322126,637444,134.1019999999553,100.9245999995619,-31.008500000000026
observed_UAS,322127,697018,134.1189000000013,100.95639999955893,-30.94819999999993
observed_UAS,322128,637807,134.1942000000272,100.99330000020564,-30.891200000000026
observed_UAS,322129,75273,134.18640000000596,100.92709999997169,-30.6481
observed_UAS,322130,1959976,134.12549999996554,101.00860000029206,-30.932699999999954
observed_UAS,322131,547870,134.16119999997318,101.03349999990314,-30.840599999999995
observed_UAS,322132,2099025,134.11589999997523,101.15060000028461,-30.815099999999916
observed_UAS,322133,2040417,134.15419999998994,101.12060000002384,-30.77260000000001
observed_UAS,322134,572824,134.13650000002235,101.16420000046492,-30.694099999999935
observed_UAS,322135,548605,134.14749999996275,101.25989999994636,-30.66719999999998
observed_UAS,322136,646791,134.12910000002012,101.21889999974519,-30.598899999999958
observed_UAS,322137,111017,134.17290000000503,101.24359999969602,-30.32899999999995
observed_UAS,322138,1959028,134.1641000000527,101.31689999997616,-30.56899999999996
observed_UAS,322139,663890,134.14850000001024,101.38329999987036,-30.453700000000026
observed_UAS,322140,2039472,134.1602000000421,101.4203000003472,-30.438199999999938
observed_UAS,322141,573722,134.1757000000216,101.46719999983907,-30.348299999999995
observed_UAS,322142,151255,134.11540000000969,101.48649999964982,-30.078399999999988
observed_UAS,322143,582107,134.15489999996498,101.57139999978244,-30.33699999999999
observed_UAS,322144,476519,134.15670000005048,101.53920000046492,-30.297900000000027
observed_UAS,322145,151482,134.1526999999769,101.51040000002831,-30.148199999999974
observed_UAS,322146,59590,134.1152000000002,101.59970000013709,-30.038099999999986
observed_UAS,322147,648247,134.12939999997616,101.649299999699,-30.26209999999992
observed_UAS,322148,2038525,134.13809999998193,101.73230000026524,-30.210899999999924
observed_UAS,322149,640345,134.16910000005737,101.72809999994934,-30.165300000000002
observed_UAS,322150,92385,134.1663000000408,101.78000000026077,-29.95060000000001
observed_UAS,322151,665330,134.14809999999125,101.82710000034422,-30.139299999999935
observed_UAS,322152,509679,134.17579999996815,101.83609999995679,-30.083099999999945
observed_UAS,322153,477960,134.1537000000244,101.95760000031441,-30.048599999999965
observed_UAS,322154,92616,134.12760000000708,101.92719999980181,-29.878499999999917
observed_UAS,322155,666064,134.16070000000764,102.04069999977946,-30.000699999999938
observed_UAS,322156,510404,134.17209999996703,102.05130000039935,-29.96589999999992
observed_UAS,322157,130445,134.13080000004265,102.0456999996677,-29.82179999999994
observed_UAS,322158,2020089,134.17279999994207,102.13399999961257,-29.939300000000003
observed_UAS,322159,130676,134.16540000005625,102.1972000002861,-29.71339999999998
observed_UAS,322160,1923600,134.1408999999985,102.21839999966323,-29.91809999999998
observed_UAS,322161,666799,134.16350000002421,102.26080000028014,-29.83859999999993
observed_UAS,322162,2067154,134.13789999997243,102.35630000010133,-29.83089999999993
observed_UAS,322163,75317,134.11149999999907,102.33789999969304,-29.66809999999998
observed_UAS,322164,1988061,134.1025999999838,102.40280000027269,-29.801600000000008
observed_UAS,322165,2017406,134.14500000001863,102.45940000005066,-29.763799999999947
observed_UAS,322166,737251,134.16150000004563,102.56989999953657,-29.73109999999997
observed_UAS,322167,75552,134.17379999998957,102.58569999970496,-29.563199999999938
observed_UAS,322168,618361,134.15009999996983,102.64049999974668,-29.66089999999997
observed_UAS,322169,2016462,134.1191000000108,102.76599999982864,-29.635999999999967
observed_UAS,322170,737989,134.1707999999635,102.78340000007302,-29.582599999999957
observed_UAS,322171,1921706,134.1759000000311,102.85479999985546,-29.63130000000001
observed_UAS,322172,1851711,134.15949999995064,102.86429999954998,-29.596599999999967
observed_UAS,322173,111292,134.19839999999385,102.86050000041723,-29.49739999999997
observed_UAS,322174,611234,134.15099999995437,102.93499999959022,-29.60469999999998
observed_UAS,322175,578244,134.1777000000002,102.95619999989867,-29.561500000000024
observed_UAS,322176,652638,134.15469999995548,103.02890000026673,-29.529199999999946
observed_UAS,322177,151755,134.15700000000652,103.06240000016987,-29.44169999999997
observed_UAS,322178,611966,134.16090000001714,103.13269999995828,-29.523399999999924
observed_UAS,322179,92655,134.16079999995418,103.15689999982715,-29.458099999999945
observed_UAS,322180,2016954,134.13119999994524,103.22819999977946,-29.50419999999997
observed_UAS,322181,514370,134.1319000000367,103.23550000041723,-29.487199999999916
observed_UAS,322182,612702,134.18090000003576,103.35159999970347,-29.447400000000016
observed_UAS,322183,1851885,134.14580000005662,103.44639999978244,-29.449299999999994
observed_UAS,322184,92890,134.11820000002626,103.46860000025481,-29.376199999999926
observed_UAS,322185,2016005,134.13549999997485,103.54509999975562,-29.4366
observed_UAS,322186,654485,134.15679999999702,103.57450000010431,-29.39949999999999
observed_UAS,322187,740934,134.14300000004005,103.66810000035912,-29.404800000000023
observed_UAS,322188,1883640,134.16669999994338,103.67980000004172,-29.385599999999954
observed_UAS,322189,1850928,134.13980000000447,103.76570000033826,-29.365400000000022
observed_UAS,322190,548775,134.14489999995567,103.84449999965727,-29.36469999999997
observed_UAS,322191,1884822,134.15619999996852,103.95409999974072,-29.354100000000017
observed_UAS,322192,1916029,134.16399999998976,104.07400000002235,-31.33370000000002
observed_UAS,322193,1848017,134.11580000002868,104.02489999961108,-29.343399999999974
observed_UAS,322194,614853,134.1413000000175,104.14620000030845,-31.517100000000028
observed_UAS,322195,582273,134.1764999999432,104.14279999956489,-31.44539999999995
observed_UAS,322196,2012478,134.16669999994338,104.13729999959469,-31.342199999999934
observed_UAS,322197,1948313,134.17779999994673,104.23959999997169,-31.483600000000024
observed_UAS,322198,648420,134.1522999999579,104.23039999976754,-31.33370000000002
observed_UAS,322199,111340,134.1360000000568,104.36670000012964,-31.31869999999992
observed_UAS,322200,1849233,134.1374000000069,104.3426000000909,-31.259000000000015
observed_UAS,322201,1917240,134.16830000001937,104.35340000037104,-31.153099999999995
observed_UAS,322202,735218,134.1422999999486,104.47510000038892,-31.3279
observed_UAS,322203,1881221,134.15509999997448,104.44049999956042,-31.216699999999946
observed_UAS,322204,708710,134.12410000001546,104.41189999971539,-31.176600000000008
observed_UAS,322205,1947275,134.15439999999944,104.55630000028759,-31.345199999999977
observed_UAS,322206,59909,134.18590000004042,104.58260000031441,-30.853899999999953
observed_UAS,322207,1880536,134.17839999997523,104.6301999995485,-31.359199999999987
observed_UAS,322208,1979268,134.19120000000112,104.69209999963641,-31.256999999999948
observed_UAS,322209,93153,134.12860000005458,104.61830000020564,-30.913599999999974
observed_UAS,322210,93154,134.18070000002626,104.63320000004023,-30.79849999999999
observed_UAS,322211,666605,134.1069000000134,104.71609999984503,-31.315399999999954
observed_UAS,322212,709807,134.1354000000283,104.7324999999255,-31.24759999999992
observed_UAS,322213,1880193,134.11080000002403,104.76260000001639,-31.190200000000004
observed_UAS,322214,584475,134.16110000002664,104.7671999996528,-31.052599999999984
observed_UAS,322215,1882077,134.15670000005048,104.8222000002861,-31.05359999999996
observed_UAS,322216,1946676,134.16330000001471,104.8640000000596,-30.968399999999974
observed_UAS,322217,617427,134.1766999999527,104.86340000014752,-30.898399999999924
observed_UAS,322218,92934,134.19900000002235,104.83559999987483,-30.62239999999997
observed_UAS,322219,780185,134.17900000000373,104.90629999991506,-30.979499999999916
observed_UAS,322220,675862,134.14280000003055,104.96190000046045,-30.838700000000017
observed_UAS,322221,131210,134.13390000001527,104.95689999964088,-30.51400000000001
observed_UAS,322222,710823,134.1600000000326,105.06170000042766,-30.721599999999967
observed_UAS,322223,1844586,134.15709999995306,105.08669999986887,-30.676799999999957
observed_UAS,322224,1914814,134.14179999998305,105.1136999996379,-30.70539999999994
observed_UAS,322225,1977898,134.16130000003614,105.13219999987632,-30.641200000000026
observed_UAS,322226,651333,134.17130000004545,105.16669999994338,-30.55899999999997
observed_UAS,322227,1880705,134.1428999999771,105.25729999970645,-30.534899999999993
observed_UAS,322228,711565,134.1363999999594,105.29459999967366,-30.485000000000014
observed_UAS,322229,76088,134.15749999997206,105.28760000038892,-30.1943
observed_UAS,322230,1878140,134.13789999997243,105.3585000000894,-30.437999999999988
observed_UAS,322231,1843545,134.16200000001118,105.3863000003621,-30.379099999999994
observed_UAS,322232,75869,134.1430999999866,105.35680000018328,-30.18380000000002
observed_UAS,322233,703775,134.1641000000527,105.44450000021607,-30.348899999999958
observed_UAS,322234,669541,134.1426999999676,105.5816000001505,-30.30759999999998
observed_UAS,322235,1879679,134.18299999996088,105.55449999962002,-30.247999999999934
observed_UAS,322236,620011,134.16689999995288,105.586799999699,-30.15829999999994
observed_UAS,322237,1911308,134.108499999973,105.64979999978095,-30.242200000000025
observed_UAS,322238,704511,134.1360000000568,105.66930000018328,-30.170999999999935
observed_UAS,322239,111604,134.10880000004545,105.62849999964237,-30.011799999999994
observed_UAS,322240,111820,134.16229999996722,105.63300000037998,-29.945899999999938
observed_UAS,322241,713004,134.1347999999998,105.73780000023544,-30.148900000000026
observed_UAS,322242,1943585,134.18599999998696,105.79440000001341,-30.098899999999958
observed_UAS,322243,670276,134.10800000000745,105.81290000025183,-30.109199999999987
observed_UAS,322244,1912417,134.14830000000075,105.86050000041723,-30.04849999999999
observed_UAS,322245,60174,134.18740000005346,105.86820000037551,-29.852800000000002
observed_UAS,322246,1910259,134.11120000004303,105.95299999974668,-30.029499999999985
observed_UAS,322247,740372,134.1487999999663,105.9621000001207,-29.93259999999998
observed_UAS,322248,60399,134.16359999997076,105.92339999973774,-29.78989999999999
observed_UAS,322249,1945132,134.16339999996126,106.03000000026077,-29.950399999999945
observed_UAS,322250,705983,134.12919999996666,106.10099999979138,-29.925499999999943
observed_UAS,322251,714493,134.1659000000218,106.15270000044256,-29.877700000000004
observed_UAS,322252,93202,134.1365999999689,106.15029999986291,-29.76069999999993
observed_UAS,322253,784602,134.12829999998212,106.22800000011921,-29.839200000000005
observed_UAS,322254,819974,134.19499999994878,106.29090000037104,-29.78729999999996
observed_UAS,322255,93428,134.16460000001825,106.25889999978244,-29.668199999999956
observed_UAS,322256,1877270,134.15300000004936,106.32230000011623,-29.809399999999982
observed_UAS,322257,741845,134.1766999999527,106.37249999959022,-29.75019999999995
observed_UAS,322258,1908485,134.1703999999445,106.44639999978244,-29.746599999999944
observed_UAS,322259,681030,134.1700000000419,106.49600000027567,-29.684399999999982
observed_UAS,322260,2007164,134.1350000000093,106.51339999958873,-29.726299999999924
observed_UAS,322261,742579,134.18090000003576,106.58380000013858,-29.64620000000002
observed_UAS,322262,131481,134.10369999997783,106.53729999996722,-29.562000000000012
observed_UAS,322263,1975333,134.1352000000188,106.66069999989122,-29.634500000000003
observed_UAS,322264,76131,134.1809999999823,106.65020000003278,-29.540300000000002
observed_UAS,322265,1907355,134.15139999997336,106.7581000002101,-29.604600000000005
observed_UAS,322266,751517,134.17850000003818,106.78619999997318,-29.58839999999998
observed_UAS,322267,1942716,134.12190000002738,106.80929999984801,-29.601699999999937
observed_UAS,322268,821843,134.15520000003744,106.84399999957532,-29.56269999999995
observed_UAS,322269,76363,134.12739999999758,106.86349999997765,-29.48199999999997
observed_UAS,322270,708878,134.17390000005253,106.9429999999702,-29.53699999999992
observed_UAS,322271,111861,134.18339999997988,106.9258000003174,-29.463999999999942
observed_UAS,322272,849464,134.14569999999367,107.04009999986738,-29.502599999999916
observed_UAS,322273,1906199,134.1323000000557,107.083599999547,-29.488899999999944
observed_UAS,322274,1941664,134.12910000002012,107.12380000017583,-29.513199999999983
observed_UAS,322275,2005095,134.1594000000041,107.15539999958128,-29.470299999999952
observed_UAS,322276,60439,134.19620000000577,107.1878000004217,-29.39459999999997
observed_UAS,322277,1970824,134.15570000000298,107.23529999982566,-29.451299999999947
observed_UAS,322278,152328,134.1313000000082,107.25540000014007,-29.397499999999923
observed_UAS,322279,745125,134.14500000001863,107.34539999999106,-29.434399999999982
observed_UAS,322280,1940568,134.1360000000568,107.44029999990016,-29.433199999999943
observed_UAS,322281,152551,134.15009999996983,107.43790000025183,-29.331399999999917
observed_UAS,322282,1969679,134.1300999999512,107.55040000006557,-29.402499999999918
observed_UAS,322283,789009,134.1141999999527,107.53619999997318,-29.375400000000013
observed_UAS,322284,754524,134.12829999998212,107.66689999960363,-29.373399999999947
observed_UAS,322285,1939426,134.14450000005309,107.76659999974072,-29.362700000000018
observed_UAS,322286,677153,134.1585999999661,107.83930000010878,-29.35050000000001
observed_UAS,322287,1968169,134.19920000003185,107.93800000008196,-29.52699999999993
observed_UAS,322288,1938662,134.1940000000177,107.95679999981076,-29.481400000000008
observed_UAS,322289,1869312,134.12990000005811,107.93190000019968,-29.352700000000027
observed_UAS,322290,891467,134.16969999996945,108.0327000003308,-31.54939999999999
observed_UAS,322291,1902772,134.10470000002533,108.02329999953508,-31.414999999999964
observed_UAS,322292,1868930,134.14450000005309,108.05630000028759,-31.34859999999992
observed_UAS,322293,2001438,134.1040000000503,108.15240000002086,-31.554700000000025
observed_UAS,322294,1836748,134.16440000000875,108.17910000029951,-31.45729999999992
observed_UAS,322295,687031,134.1683999999659,108.17509999964386,-31.319599999999923
observed_UAS,322296,1904471,134.15800000005402,108.28969999961555,-31.145099999999957
observed_UAS,322297,826595,134.1413000000175,108.28959999978542,-31.05110000000002
observed_UAS,322298,748710,134.18969999998808,108.37619999982417,-31.328199999999924
observed_UAS,322299,853885,134.18229999998584,108.34140000026673,-31.255199999999945
observed_UAS,322300,678972,134.14989999996033,108.31429999973625,-31.1635
observed_UAS,322301,854259,134.1317000000272,108.45839999988675,-31.367700000000013
observed_UAS,322302,1835602,134.16139999998268,108.50739999953657,-31.4221
observed_UAS,322303,1866995,134.13710000005085,108.57519999984652,-31.345100000000002
observed_UAS,322304,1903326,134.11739999998827,108.63449999969453,-31.303499999999985
observed_UAS,322305,680091,134.14899999997579,108.63580000028014,-31.264799999999923
observed_UAS,322306,819783,134.16749999998137,108.66210000030696,-31.163900000000012
observed_UAS,322307,793090,134.10620000003837,108.7347999997437,-31.05619999999999
observed_UAS,322308,1869104,134.14980000001378,108.77099999971688,-30.986699999999928
observed_UAS,322309,828471,134.14569999999367,108.81259999983013,-30.935499999999934
observed_UAS,322310,1865828,134.1972999999998,108.85610000044107,-30.83699999999999
observed_UAS,322311,1998811,134.1315000000177,108.91139999963343,-30.828700000000026
observed_UAS,322312,681212,134.12719999998808,108.96520000044256,-30.74509999999998
observed_UAS,322313,750576,134.18429999996442,108.90490000043064,-30.699899999999957
observed_UAS,322314,1966817,134.1482000000542,109.06180000025779,-30.660300000000007
observed_UAS,322315,1931591,134.1598000000231,109.1003999998793,-30.60749999999996
observed_UAS,322316,751324,134.17029999999795,109.12719999998808,-30.540300000000002
observed_UAS,322317,786560,134.19250000000466,109.1933000003919,-30.45589999999993
observed_UAS,322318,1934096,134.1746999999741,109.21530000027269,-30.510400000000004
observed_UAS,322319,716920,134.12800000002608,109.26989999972284,-30.468099999999936
observed_UAS,322320,794989,134.13890000001993,109.25289999973029,-30.39969999999994
observed_UAS,322321,1933710,134.11309999995865,109.35690000001341,-30.40840000000003
observed_UAS,322322,1962987,134.14359999995213,109.37019999977201,-30.328199999999924
observed_UAS,322323,1930425,134.18030000000726,109.40060000028461,-30.320699999999988
observed_UAS,322324,795731,134.15720000001602,109.4582000002265,-30.26509999999996
observed_UAS,322325,866311,134.16350000002421,109.524299999699,-30.23079999999993
observed_UAS,322326,752826,134.13020000001416,109.56549999956042,-30.174199999999928
observed_UAS,322327,1932546,134.15639999997802,109.65840000007302,-30.142100000000028
observed_UAS,322328,1996335,134.17810000001919,109.66189999971539,-30.094799999999964
observed_UAS,322329,867073,134.16209999995772,109.748399999924,-30.065999999999917
observed_UAS,322330,727226,134.19900000002235,109.79490000009537,-29.999500000000012
observed_UAS,322331,823907,134.11719999997877,109.82330000028014,-30.056899999999928
observed_UAS,322332,797236,134.17440000001807,109.88059999980032,-29.974199999999996
observed_UAS,322333,1864836,134.14549999998417,109.95999999996275,-29.962999999999965
observed_UAS,322334,754331,134.11250000004657,109.99199999962002,-29.896799999999985
observed_UAS,322335,762774,134.15520000003744,110.02089999988675,-29.92459999999994
observed_UAS,322336,789569,134.16090000001714,110.05140000022948,-29.868299999999977
observed_UAS,322337,685345,134.16440000000875,110.12480000033975,-29.82759999999996
observed_UAS,322338,720306,134.18500000005588,110.19649999961257,-29.759599999999978
observed_UAS,322339,755084,134.13569999998435,110.20949999988079,-29.818199999999933
observed_UAS,322340,763540,134.1685999999754,110.23130000010133,-29.773399999999924
observed_UAS,322341,1927122,134.15220000001136,110.34250000026077,-29.740499999999997
observed_UAS,322342,1859968,134.18110000004526,110.39360000006855,-29.695299999999975
observed_UAS,322343,1790630,134.14000000001397,110.44600000046194,-29.711900000000014
observed_UAS,322344,1787338,134.17949999996927,110.48489999957383,-29.66599999999994
observed_UAS,322345,1896350,134.12549999996554,110.56209999974817,-29.633199999999988
observed_UAS,322346,799913,134.16689999995288,110.62839999981225,-29.640699999999924
observed_UAS,322347,1925939,134.13509999995586,110.65460000000894,-29.595100000000002
observed_UAS,322348,1789467,134.16540000005625,110.7691000001505,-29.564599999999928
observed_UAS,322349,827521,134.15040000004228,110.86490000039339,-29.535799999999995
observed_UAS,322350,722884,134.1428999999771,110.94489999953657,-29.527600000000007
observed_UAS,322351,1826271,134.1772999999812,111.03870000038296,-29.502099999999928
observed_UAS,322352,1822919,134.14769999997225,111.05810000002384,-29.47230000000002
observed_UAS,322353,1746828,134.1358000000473,111.15909999981523,-29.458099999999945
observed_UAS,322354,1749795,134.16310000000522,111.23620000015944,-29.44189999999992
observed_UAS,322355,892048,134.13419999997132,111.3698000004515,-29.425299999999993
observed_UAS,322356,759184,134.10880000004545,111.35300000011921,-29.395899999999983
observed_UAS,322357,794417,134.16700000001583,111.40409999992698,-29.400300000000016
observed_UAS,322358,865015,134.16480000002775,111.45289999991655,-29.383100000000013
observed_UAS,322359,1858961,134.19530000002123,111.52369999978691,-29.40949999999998
observed_UAS,322360,889676,134.14580000005662,111.56140000000596,-29.35680000000002
observed_UAS,322361,1783135,134.15240000002086,111.65699999965727,-29.34590000000003
observed_UAS,322362,1786126,134.17399999999907,111.74440000019968,-29.341999999999985
observed_UAS,322363,1744197,134.15220000001136,111.87810000032187,-29.67769999999996
observed_UAS,322364,1857772,134.13939999998547,111.86230000015348,-29.56479999999999
observed_UAS,322365,1891847,134.1361999999499,111.83750000037253,-29.350299999999947
observed_UAS,322366,1743789,134.16350000002421,111.94049999956042,-31.447000000000003
observed_UAS,322367,1854131,134.12100000004284,111.96430000010878,-30.050299999999993
observed_UAS,322368,1891443,134.17269999999553,111.916400000453,-29.901700000000005
observed_UAS,322369,1785326,134.12860000005458,111.95700000040233,-29.864299999999957
observed_UAS,322370,1666087,134.1683999999659,111.92059999983758,-29.761199999999917
observed_UAS,322371,1708778,134.1524999999674,111.91119999997318,-29.698499999999967
observed_UAS,322816,2183320,134.2388000000501,90.0570000000298,-30.128199999999993
observed_UAS,322817,481318,134.22160000004806,90.11019999999553,-30.101699999999937
observed_UAS,322821,482011,134.23380000004545,90.35180000029504,-29.953399999999988
observed_UAS,322822,2276462,134.24910000001546,90.44450000021607,-29.92579999999998
observed_UAS,322825,482705,134.22939999995288,90.56969999987632,-29.797500000000014
observed_UAS,322826,425645,134.2493999999715,90.6758000003174,-29.80079999999998
observed_UAS,322827,354467,134.24179999995977,90.66299999970943,-29.750400000000013
observed_UAS,322828,2127082,134.21750000002794,90.74830000009388,-29.741800000000012
observed_UAS,322829,434184,134.24120000004768,90.85099999979138,-29.71169999999995
observed_UAS,322832,377730,134.21779999998398,91.06699999980628,-29.630199999999945
observed_UAS,322835,2154435,134.2439000000013,91.16569999977946,-29.59089999999992
observed_UAS,322836,2125805,134.23809999995865,91.24920000042766,-29.54639999999995
observed_UAS,322838,485136,134.23219999996945,91.3711000001058,-29.52260000000001
observed_UAS,322840,2261175,134.24869999999646,91.43699999991804,-29.520899999999983
observed_UAS,322842,2245775,134.2447000000393,91.5679999999702,-29.451000000000022
observed_UAS,322843,436633,134.24910000001546,91.64290000032634,-29.428800000000024
observed_UAS,322844,2097075,134.24129999999423,91.74100000038743,-29.434599999999932
observed_UAS,322847,2124864,134.22450000001118,91.94110000040382,-29.377099999999928
observed_UAS,322848,455189,134.24739999999292,92.07940000016242,-29.34839999999997
observed_UAS,322849,2066597,134.24089999997523,92.12090000044554,-29.34949999999992
observed_UAS,322853,2151107,134.2447000000393,92.27340000029653,-29.34299999999996
observed_UAS,322854,2178220,134.2271999999648,92.25559999980032,-29.296699999999987
observed_UAS,322855,2204040,134.24080000002868,92.37640000041574,-31.41599999999994
observed_UAS,322857,456210,134.22470000002068,92.33600000012666,-31.296699999999987
observed_UAS,322858,456212,134.2273999999743,92.37380000017583,-30.27839999999992
observed_UAS,322860,447740,134.2097000000067,92.32749999966472,-30.0154
observed_UAS,322861,2066033,134.2317000000039,92.34020000044256,-29.83859999999993
observed_UAS,322862,2151709,134.23049999994691,92.33150000032037,-29.743799999999965
observed_UAS,322863,2094756,134.2441000000108,92.30240000039339,-29.518699999999967
observed_UAS,322864,438438,134.21210000000428,92.33700000029057,-29.38119999999992
observed_UAS,322870,128816,134.24560000002384,92.53039999958128,-31.34809999999993
observed_UAS,322874,488937,134.2325000000419,92.55460000038147,-30.84979999999996
observed_UAS,322880,448742,134.2386000000406,92.647699999623,-31.142399999999952
observed_UAS,322882,449085,134.2336999999825,92.76279999967664,-31.339200000000005
observed_UAS,322884,73683,134.23910000000615,92.73489999957383,-31.068499999999972
observed_UAS,322888,149866,134.24800000002142,92.83229999989271,-30.918499999999995
observed_UAS,322889,149867,134.23609999998007,92.8792000003159,-30.833099999999945
observed_UAS,322890,2150115,134.24259999999776,92.93580000009388,-31.300399999999968
observed_UAS,322894,361339,134.20209999999497,93.05410000029951,-31.142499999999927
observed_UAS,322895,2148828,134.22999999998137,93.08959999959916,-31.059099999999944
observed_UAS,322898,149873,134.21900000004098,93.09090000018477,-30.591699999999946
observed_UAS,322899,620945,134.20470000000205,93.10989999957383,-31.04239999999993
observed_UAS,322900,361686,134.2375999999931,93.16179999988526,-30.924099999999953
observed_UAS,322902,149874,134.24829999997746,93.11249999981374,-30.620199999999954
observed_UAS,322903,149876,134.24239999998827,93.18960000015795,-30.599199999999996
observed_UAS,322906,450816,134.21569999994244,93.33779999986291,-30.743499999999926
observed_UAS,322907,2092893,134.2399999999907,93.32789999991655,-30.680799999999977
observed_UAS,322908,384637,134.22309999994468,93.45669999998063,-30.6404
observed_UAS,322911,2120908,134.22909999999683,93.50889999978244,-30.532500000000027
observed_UAS,322912,2201026,134.24080000002868,93.55289999954402,-30.48320000000001
observed_UAS,322915,2201462,134.22510000003967,93.74370000045747,-30.361499999999978
observed_UAS,322918,2200147,134.22329999995418,93.87849999964237,-30.17459999999994
observed_UAS,322919,484931,134.24869999999646,93.95810000039637,-30.16199999999992
observed_UAS,322922,2200591,134.24529999995138,94.06560000032187,-30.038900000000012
observed_UAS,322927,526759,134.24809999996796,94.32620000001043,-29.855999999999995
observed_UAS,322929,559825,134.21440000005532,94.5288000004366,-29.802900000000022
observed_UAS,322930,2116878,134.24120000004768,94.57039999961853,-29.768899999999917
observed_UAS,322939,594533,134.2378000000026,95.16029999963939,-29.54469999999992
observed_UAS,322940,497380,134.2341000000015,95.2609999999404,-29.511799999999994
observed_UAS,322943,457392,134.23730000003707,95.45320000033826,-29.464999999999918
observed_UAS,322946,2085244,134.20429999998305,95.7418999997899,-29.420499999999947
observed_UAS,322947,596323,134.2216999999946,95.72080000024289,-29.367700000000013
observed_UAS,322954,2194262,134.21770000003744,96.27709999959916,-31.203499999999963
observed_UAS,322956,2113168,134.2269999999553,96.29050000011921,-30.079999999999927
observed_UAS,322958,565182,134.20160000002943,96.20000000018626,-29.369399999999928
observed_UAS,322960,2214891,134.23049999994691,96.35140000004321,-31.180499999999938
observed_UAS,322963,2083356,134.20530000003055,96.37949999980628,-30.391700000000014
observed_UAS,322964,500928,134.23889999999665,96.33820000011474,-30.24159999999995
observed_UAS,322965,492582,134.21189999999478,96.40649999957532,-31.406399999999962
observed_UAS,322966,74460,134.24150000000373,96.48629999998957,-31.30970000000002
observed_UAS,322971,2055557,134.21860000002198,96.46360000036657,-30.722800000000007
observed_UAS,322972,2193962,134.23320000001695,96.41540000028908,-30.484399999999937
observed_UAS,322973,2192250,134.22930000000633,96.5449999999255,-31.22939999999994
observed_UAS,322974,501625,134.22340000001714,96.53990000020713,-31.107099999999946
observed_UAS,322975,109977,134.233899999992,96.58619999978691,-31.081000000000017
observed_UAS,322976,566216,134.22909999999683,96.51310000009835,-30.99770000000001
observed_UAS,322978,599138,134.21160000003874,96.6211000001058,-31.257799999999975
observed_UAS,322980,470079,134.20819999999367,96.74789999984205,-31.29219999999998
observed_UAS,322981,2053345,134.20019999996293,96.83389999996871,-31.303999999999974
observed_UAS,322984,110204,134.24609999998938,96.81350000016391,-30.860000000000014
observed_UAS,322990,58547,134.22019999998156,96.93479999992996,-30.683599999999956
observed_UAS,322992,471025,134.24280000000726,97.08069999981672,-30.841999999999985
observed_UAS,322993,2052401,134.21689999999944,97.13839999958873,-30.82389999999998
observed_UAS,322995,2138170,134.24029999994673,97.21690000034869,-30.740499999999997
observed_UAS,323005,2135805,134.2321000000229,97.56240000016987,-30.359899999999925
observed_UAS,323012,129860,134.24760000000242,97.85859999991953,-29.927999999999997
observed_UAS,323014,2078639,134.2439000000013,97.9171000001952,-30.12259999999992
observed_UAS,323015,538276,134.2402000000002,97.96470000036061,-30.03449999999998
observed_UAS,323016,110237,134.22560000000522,97.90309999976307,-29.886300000000006
observed_UAS,323017,2189291,134.23750000004657,98.02960000000894,-30.03049999999996
observed_UAS,323019,2162535,134.23060000000987,98.16380000021309,-29.957899999999995
observed_UAS,323021,2079124,134.22519999998622,98.2445000000298,-29.928299999999922
observed_UAS,323022,604525,134.23320000001695,98.24320000037551,-29.875800000000027
observed_UAS,323026,2106883,134.23140000004787,98.43130000028759,-29.82740000000001
observed_UAS,323027,531543,134.24679999996442,98.44259999971837,-29.766200000000026
observed_UAS,323029,2078177,134.2373999999836,98.55510000046343,-29.755699999999933
observed_UAS,323030,91835,134.2094999999972,98.52560000028461,-29.624799999999937
observed_UAS,323032,475634,134.23239999997895,98.65469999983907,-29.679399999999987
observed_UAS,323033,2104502,134.248799999943,98.73170000035316,-29.645899999999983
observed_UAS,323034,150945,134.2310999999754,98.74210000038147,-29.54110000000003
observed_UAS,323035,2077230,134.23419999994803,98.87170000001788,-29.61609999999996
observed_UAS,323036,639458,134.23600000003353,98.86290000006557,-29.579700000000003
observed_UAS,323037,541405,134.24049999995623,98.95339999999851,-29.58789999999999
observed_UAS,323039,2104988,134.249599999981,99.06099999975413,-29.552099999999996
observed_UAS,323041,74764,134.24049999995623,99.126600000076,-29.430499999999938
observed_UAS,323043,566726,134.23400000005495,99.28000000026077,-29.46659999999997
observed_UAS,323044,2047211,134.2280000000028,99.32839999999851,-29.50739999999996
observed_UAS,323045,575368,134.2327000000514,99.34860000014305,-29.465599999999995
observed_UAS,323047,130136,134.21470000001136,99.41970000043511,-29.375999999999976
observed_UAS,323048,2101996,134.24620000005234,99.57000000029802,-29.42719999999997
observed_UAS,323050,535425,134.23649999999907,99.64369999989867,-29.404800000000023
observed_UAS,323051,600733,134.24140000005718,99.68010000046343,-29.39319999999998
observed_UAS,323052,150973,134.2382000000216,99.65539999958128,-29.29939999999999
observed_UAS,323053,2103104,134.2443000000203,99.71090000029653,-29.4067
observed_UAS,323060,504796,134.22829999995884,100.19479999970645,-31.337599999999952
observed_UAS,323061,2043265,134.204000000027,100.13239999953657,-29.73829999999998
observed_UAS,323062,1994646,134.22080000001006,100.11079999990761,-29.568499999999972
observed_UAS,323063,2072032,134.2430999999633,100.10649999976158,-29.49649999999997
observed_UAS,323067,1993709,134.20570000004955,100.38460000045598,-31.102999999999952
observed_UAS,323069,1960121,134.21120000001974,100.38659999985248,-30.944200000000023
observed_UAS,323071,546036,134.2162000000244,100.46779999975115,-31.116800000000012
observed_UAS,323073,2100596,134.2367999999551,100.5582999996841,-31.311500000000024
observed_UAS,323074,644713,134.21889999997802,100.55910000018775,-31.255699999999933
observed_UAS,323076,612164,134.23640000005253,100.6745999995619,-31.333999999999946
observed_UAS,323078,2127838,134.22869999997783,100.73500000033528,-31.323999999999955
observed_UAS,323081,539164,134.21080000000075,100.82699999958277,-31.14829999999995
observed_UAS,323083,662422,134.22499999997672,100.91610000003129,-30.959600000000023
observed_UAS,323084,2040734,134.23730000003707,100.9824999999255,-30.859899999999925
observed_UAS,323086,1991835,134.21849999995902,101.03529999963939,-30.85609999999997
observed_UAS,323088,1959345,134.24479999998584,101.17769999988377,-30.661399999999958
observed_UAS,323090,613628,134.24239999998827,101.20650000032037,-30.66089999999997
observed_UAS,323091,2068559,134.2367999999551,101.26640000008047,-30.55880000000002
observed_UAS,323092,111018,134.24010000005364,101.27799999993294,-30.254799999999932
observed_UAS,323093,2098393,134.23340000002645,101.31620000023395,-30.53800000000001
observed_UAS,323096,664256,134.24869999999646,101.45289999991655,-30.324899999999957
observed_UAS,323098,1923743,134.21080000000075,101.5582999996841,-30.35609999999997
observed_UAS,323099,549698,134.21189999999478,101.564100000076,-30.26030000000003
observed_UAS,323100,151483,134.21440000005532,101.52900000009686,-30.067999999999984
observed_UAS,323103,59591,134.22060000000056,101.63489999994636,-30.046699999999987
observed_UAS,323107,1989633,134.22219999996014,101.80510000046343,-30.172699999999963
observed_UAS,323109,608316,134.23710000002757,101.95760000031441,-30.038599999999974
observed_UAS,323111,92617,134.21149999997579,101.94890000019222,-29.83280000000002
observed_UAS,323113,130444,134.20700000005309,102.00640000030398,-29.79849999999999
observed_UAS,323114,1988689,134.24580000003334,102.12000000011176,-29.921600000000012
observed_UAS,323116,1956183,134.24639999994542,102.26059999968857,-29.869699999999966
observed_UAS,323118,1986317,134.24080000002868,102.34360000025481,-29.81269999999995
observed_UAS,323120,75316,134.20649999997113,102.30169999971986,-29.66829999999993
observed_UAS,323122,702499,134.248799999943,102.5508000003174,-29.725299999999947
observed_UAS,323123,111058,134.24520000000484,102.55319999996573,-29.609699999999975
observed_UAS,323124,1985367,134.22420000005513,102.6589999999851,-29.653599999999983
observed_UAS,323126,545135,134.24809999996796,102.74739999976009,-29.63709999999992
observed_UAS,323127,773248,134.23970000003465,102.8241999996826,-29.609699999999975
observed_UAS,323131,1851078,134.23080000001937,103.04750000033528,-29.545599999999922
observed_UAS,323133,1887045,134.24750000005588,103.16330000013113,-29.508199999999988
observed_UAS,323134,92654,134.23930000001565,103.12239999976009,-29.43489999999997
observed_UAS,323136,579713,134.24419999995735,103.3601000001654,-29.454899999999952
observed_UAS,323138,92891,134.21389999997336,103.47900000028312,-29.373299999999972
observed_UAS,323143,613765,134.24419999995735,103.75279999990016,-29.37009999999998
observed_UAS,323145,1850263,134.22829999995884,103.9426999995485,-29.34280000000001
observed_UAS,323146,1950813,134.23950000002515,104.05499999970198,-31.379099999999994
observed_UAS,323147,1949010,134.24520000000484,104.02489999961108,-29.438699999999926
observed_UAS,323148,1981686,134.24320000002626,104.00439999997616,-29.352199999999925
observed_UAS,323149,777656,134.2445000000298,104.1301999995485,-31.42489999999998
observed_UAS,323150,657496,134.22140000003856,104.13129999954253,-31.345500000000015
observed_UAS,323151,1982387,134.2206999999471,104.22300000023097,-31.456399999999917
observed_UAS,323161,649484,134.2436999999918,104.62299999967217,-31.318199999999933
observed_UAS,323164,151803,134.21200000005774,104.60570000018924,-30.876999999999953
observed_UAS,323165,1948834,134.23049999994691,104.7027000002563,-31.24759999999992
observed_UAS,323166,1947021,134.24029999994673,104.7367000002414,-31.16089999999997
observed_UAS,323167,736318,134.24499999999534,104.77099999971688,-31.073399999999992
observed_UAS,323169,710177,134.202399999951,104.82019999995828,-31.002899999999954
observed_UAS,323171,667338,134.21710000000894,104.8886000001803,-30.868799999999965
observed_UAS,323173,1844933,134.23140000004787,104.95280000008643,-30.806600000000003
observed_UAS,323174,2009722,134.22809999994934,104.97049999982119,-30.759000000000015
observed_UAS,323175,131211,134.22340000001714,104.9812000002712,-30.4529
observed_UAS,323178,130993,134.2105000000447,105.09929999988526,-30.407799999999952
observed_UAS,323180,2011271,134.24710000003688,105.14699999988079,-30.636999999999944
observed_UAS,323181,618535,134.24399999994785,105.14429999981076,-30.586199999999963
observed_UAS,323182,1878485,134.2332999999635,105.22759999986738,-30.530099999999948
observed_UAS,323183,676975,134.22349999996368,105.26530000008643,-30.480000000000018
observed_UAS,323184,619272,134.22279999998864,105.37299999967217,-30.414099999999962
observed_UAS,323185,773421,134.2391999999527,105.37829999998212,-30.331399999999917
observed_UAS,323187,669174,134.24219999997877,105.43410000018775,-30.32179999999994
observed_UAS,323189,738899,134.22219999996014,105.52539999969304,-30.315999999999917
observed_UAS,323191,774158,134.23649999999907,105.59449999965727,-30.179700000000025
observed_UAS,323192,111603,134.233099999954,105.59640000015497,-30.02940000000001
observed_UAS,323193,669908,134.23990000004414,105.64900000020862,-30.203700000000026
observed_UAS,323194,653182,134.24419999995735,105.65409999992698,-30.152600000000007
observed_UAS,323197,704879,134.24710000003688,105.73049999959767,-30.071000000000026
observed_UAS,323198,1876395,134.21710000000894,105.84109999984503,-30.04169999999999
observed_UAS,323199,653921,134.22510000003967,105.86579999979585,-29.998399999999947
observed_UAS,323201,854075,134.23019999999087,105.93319999985397,-30.0009
observed_UAS,323203,152286,134.24580000003334,105.93730000033975,-29.78340000000003
observed_UAS,323204,654660,134.23140000004787,106.05999999959022,-29.91059999999993
observed_UAS,323206,706351,134.24600000004284,106.1606000000611,-29.83929999999998
observed_UAS,323207,2005616,134.21429999999236,106.24569999985397,-29.83209999999997
observed_UAS,323211,777104,134.24499999999534,106.42879999987781,-29.758100000000013
observed_UAS,323212,656132,134.24840000004042,106.48419999983162,-29.69119999999998
observed_UAS,323213,1975679,134.20279999997,106.51530000008643,-29.70119999999997
observed_UAS,323215,131482,134.20290000003297,106.57830000016838,-29.54110000000003
observed_UAS,323216,777816,134.24829999997746,106.63999999966472,-29.651200000000017
observed_UAS,323222,1840503,134.2319000000134,106.94930000044405,-29.553299999999922
observed_UAS,323224,814252,134.23560000001453,107.04999999981374,-29.51209999999992
observed_UAS,323230,2004397,134.2349000000395,107.33619999978691,-29.46199999999999
observed_UAS,323236,851683,134.23620000004303,107.6402000002563,-29.342499999999973
observed_UAS,323239,2029590,134.2286000000313,107.96719999983907,-31.443199999999933
observed_UAS,323241,1837519,134.23239999997895,107.9047999996692,-29.351699999999937
observed_UAS,323244,1969853,134.21100000001024,108.16739999968559,-31.430499999999938
observed_UAS,323247,1902006,134.2325000000419,108.18759999983013,-31.08699999999999
observed_UAS,323248,687388,134.24809999996796,108.25569999963045,-31.132099999999923
observed_UAS,323249,1868161,134.2489999999525,108.22640000004321,-31.07899999999995
observed_UAS,323251,1937139,134.23470000003,108.32949999999255,-31.244399999999928
observed_UAS,323252,1966641,134.22669999999925,108.30069999955595,-31.171899999999937
observed_UAS,323256,863310,134.24419999995735,108.65950000006706,-31.135400000000004
observed_UAS,323258,680464,134.20250000001397,108.72090000007302,-31.015899999999988
observed_UAS,323259,1996543,134.24780000001192,108.7593999998644,-30.95010000000002
observed_UAS,323261,715423,134.21569999994244,108.81099999975413,-30.918000000000006
observed_UAS,323262,855753,134.2445000000298,108.82390000019222,-30.81689999999992
observed_UAS,323263,1831173,134.21290000004228,108.89199999999255,-30.77679999999998
observed_UAS,323264,1967201,134.21510000003036,108.92750000022352,-30.81179999999995
observed_UAS,323267,681586,134.24259999999776,109.03710000030696,-30.637899999999945
observed_UAS,323268,1934480,134.24820000003092,109.08009999990463,-30.575399999999945
observed_UAS,323271,1963374,134.2306999999564,109.24000000022352,-30.45150000000001
observed_UAS,323275,760883,134.23789999994915,109.44409999996424,-30.24159999999995
observed_UAS,323276,822777,134.21380000002682,109.47819999977946,-30.180099999999925
observed_UAS,323277,1962209,134.22160000004806,109.55370000004768,-30.212499999999977
observed_UAS,323281,831867,134.2284000000218,109.73060000035912,-30.047399999999925
observed_UAS,323286,754706,134.24670000001788,110.05800000019372,-29.868299999999977
observed_UAS,323287,1864056,134.23930000001565,110.11930000036955,-29.843399999999974
observed_UAS,323288,1894218,134.2441000000108,110.23819999955595,-29.812000000000012
observed_UAS,323290,869364,134.23869999998715,110.33760000020266,-29.730199999999968
observed_UAS,323291,694564,134.2393999999622,110.35140000004321,-29.689599999999928
observed_UAS,323292,764306,134.22120000002906,110.42239999957383,-29.721400000000017
observed_UAS,323294,1893040,134.2369999999646,110.55690000019968,-29.640899999999988
observed_UAS,323296,765074,134.24809999996796,110.61259999964386,-29.616899999999987
observed_UAS,323297,1786732,134.24250000005122,110.6777999997139,-29.571199999999976
observed_UAS,323298,730671,134.233099999954,110.75729999970645,-29.569099999999935
observed_UAS,323299,792520,134.22259999997914,110.86940000019968,-29.540899999999965
observed_UAS,323300,1788688,134.24069999996573,110.95359999965876,-29.509500000000003
observed_UAS,323301,688312,134.2389999999432,110.95280000008643,-29.48879999999997
observed_UAS,323302,793278,134.24629999999888,111.07079999987036,-29.449799999999982
observed_UAS,323303,766997,134.23930000001565,111.1683999998495,-29.465299999999957
observed_UAS,323304,1926908,134.23060000000987,111.2312000002712,-29.443199999999933
observed_UAS,323306,724400,134.21490000002086,111.35470000002533,-29.41969999999992
observed_UAS,323307,1890039,134.24620000005234,111.3698000004515,-29.398199999999974
observed_UAS,323308,1749007,134.24129999999423,111.40529999975115,-29.40549999999996
observed_UAS,323309,895250,134.24109999998473,111.45720000006258,-29.390300000000025
observed_UAS,323310,725161,134.24190000002272,111.55910000018775,-29.36189999999999
observed_UAS,323312,1747822,134.23750000004657,111.73759999964386,-29.341099999999983
observed_UAS,323314,1704945,134.22329999995418,111.96360000036657,-31.360500000000002
observed_UAS,323315,1891039,134.24950000003446,111.99170000012964,-30.293499999999995
observed_UAS,323316,1822702,134.2430999999633,111.97609999962151,-30.156099999999924
observed_UAS,323317,1708374,134.2225000000326,111.97269999980927,-30.08929999999998
observed_UAS,323318,1781926,134.22369999997318,111.93159999977797,-29.920299999999997
