resolution,candidate,setting,z_lower_m,z_upper_m,threshold_m,prediction_samples,prediction_area_estimate_m2,reference_points,reference_share,conditional_precision,conditional_recall,mean_prediction_distance_m,mean_reference_distance_m,far_observed_area_estimate_m2
512,D005_Pnative.mesh_512.raw,sample0.1_reference0.1,-50,-48,0.1,64,0.6399989821691805,615,0.0010747727248896393,0.0,0.0,0.6479371449160833,0.8375533792546125,0.6399989821691805
512,D005_Pnative.mesh_512.raw,sample0.1_reference0.1,-50,-48,0.2,64,0.6399989821691805,615,0.0010747727248896393,0.0,0.0,0.6479371449160833,0.8375533792546125,0.6399989821691805
512,D005_Pnative.mesh_512.raw,sample0.1_reference0.1,-50,-48,0.25,64,0.6399989821691805,615,0.0010747727248896393,0.0,0.0,0.6479371449160833,0.8375533792546125,0.6399989821691805
512,D005_Pnative.mesh_512.raw,sample0.1_reference0.1,-50,-48,0.5,64,0.6399989821691805,615,0.0010747727248896393,0.34375,0.06991869918699187,0.6479371449160833,0.8375533792546125,0.4199993320485247
512,D005_Pnative.mesh_512.raw,sample0.1_reference0.1,-50,-48,1.0,64,0.6399989821691805,615,0.0010747727248896393,0.9375,0.7300813008130081,0.6479371449160833,0.8375533792546125,0.03999993638557378
512,D005_Pnative.mesh_512.raw,sample0.1_reference0.1,-50,-48,2.0,64,0.6399989821691805,615,0.0010747727248896393,1.0,1.0,0.6479371449160833,0.8375533792546125,0.0
512,D005_Pnative.mesh_512.raw,sample0.1_reference0.1,-48,-46,0.1,1346,13.459978593745577,7615,0.013307958211438377,0.11961367013372957,0.02324359816152331,0.4602034253883101,1.1217483803845623,11.849981154226233
512,D005_Pnative.mesh_512.raw,sample0.1_reference0.1,-48,-46,0.2,1346,13.459978593745577,7615,0.013307958211438377,0.29049034175334326,0.05265922521339462,0.4602034253883101,1.1217483803845623,9.54998481205574
512,D005_Pnative.mesh_512.raw,sample0.1_reference0.1,-48,-46,0.25,1346,13.459978593745577,7615,0.013307958211438377,0.3863298662704309,0.07222586999343401,0.4602034253883101,1.1217483803845623,8.259986863620986
512,D005_Pnative.mesh_512.raw,sample0.1_reference0.1,-48,-46,0.5,1346,13.459978593745577,7615,0.013307958211438377,0.6619613670133729,0.19317137229152986,0.4602034253883101,1.1217483803845623,4.549992763859017
512,D005_Pnative.mesh_512.raw,sample0.1_reference0.1,-48,-46,1.0,1346,13.459978593745577,7615,0.013307958211438377,0.8870728083209509,0.5185817465528562,0.4602034253883101,1.1217483803845623,1.5199975826518037
512,D005_Pnative.mesh_512.raw,sample0.1_reference0.1,-48,-46,2.0,1346,13.459978593745577,7615,0.013307958211438377,1.0,0.8751149047931713,0.4602034253883101,1.1217483803845623,0.0
512,D005_Pnative.mesh_512.raw,sample0.1_reference0.1,-46,-44,0.1,63,0.629998998072787,9863,0.017236558350547174,0.0,0.0002027780594139714,0.9629252983019378,1.9715799768825948,0.629998998072787
512,D005_Pnative.mesh_512.raw,sample0.1_reference0.1,-46,-44,0.2,63,0.629998998072787,9863,0.017236558350547174,0.06349206349206349,0.006083341782419142,0.9629252983019378,1.9715799768825948,0.5899990616872133
512,D005_Pnative.mesh_512.raw,sample0.1_reference0.1,-46,-44,0.25,63,0.629998998072787,9863,0.017236558350547174,0.14285714285714285,0.008618067525093785,0.9629252983019378,1.9715799768825948,0.5399991412052461
512,D005_Pnative.mesh_512.raw,sample0.1_reference0.1,-46,-44,0.5,63,0.629998998072787,9863,0.017236558350547174,0.36507936507936506,0.02950420764473284,0.9629252983019378,1.9715799768825948,0.3999993638557378
512,D005_Pnative.mesh_512.raw,sample0.1_reference0.1,-46,-44,1.0,63,0.629998998072787,9863,0.017236558350547174,0.5555555555555556,0.10534320186555815,0.9629252983019378,1.9715799768825948,0.2799995546990165
512,D005_Pnative.mesh_512.raw,sample0.1_reference0.1,-46,-44,2.0,63,0.629998998072787,9863,0.017236558350547174,0.9682539682539683,0.48889790124708504,0.9629252983019378,1.9715799768825948,0.01999996819278689
512,D005_Pnative.mesh_512.raw,sample0.1_reference0.1,-44,-42,0.1,95394,953.9384828913563,131947,0.23059030362766378,0.06149233704425855,0.051937520368026555,0.5189446352042758,0.51000387471226,895.2785761819124
512,D005_Pnative.mesh_512.raw,sample0.1_reference0.1,-44,-42,0.2,95394,953.9384828913563,131947,0.23059030362766378,0.17537790636727676,0.14198882884794653,0.5189446352042758,0.51000387471226,786.638748958694
512,D005_Pnative.mesh_512.raw,sample0.1_reference0.1,-44,-42,0.25,95394,953.9384828913563,131947,0.23059030362766378,0.25940834853345074,0.21340386670405542,0.5189446352042758,0.51000387471226,706.4788764420041
512,D005_Pnative.mesh_512.raw,sample0.1_reference0.1,-44,-42,0.5,95394,953.9384828913563,131947,0.23059030362766378,0.6334360651613309,0.602537382433856,0.5189446352042758,0.51000387471226,349.679443882686
512,D005_Pnative.mesh_512.raw,sample0.1_reference0.1,-44,-42,1.0,95394,953.9384828913563,131947,0.23059030362766378,0.8870369205610416,0.916648351231934,0.5189446352042758,0.51000387471226,107.75982862273577
512,D005_Pnative.mesh_512.raw,sample0.1_reference0.1,-44,-42,2.0,95394,953.9384828913563,131947,0.23059030362766378,0.989527643248003,0.9935428619066746,0.5189446352042758,0.51000387471226,9.989984112297051
512,D005_Pnative.mesh_512.raw,sample0.1_reference0.1,-42,-40,0.1,39337,393.369374399829,19285,0.03370242601544177,0.09261001093118439,0.17490277417682137,0.8748120717810378,0.38381028360073777,356.9394323366676
512,D005_Pnative.mesh_512.raw,sample0.1_reference0.1,-42,-40,0.2,39337,393.369374399829,19285,0.03370242601544177,0.20558253044207744,0.3273010111485611,0.8748120717810378,0.38381028360073777,312.4995030122952
512,D005_Pnative.mesh_512.raw,sample0.1_reference0.1,-42,-40,0.25,39337,393.369374399829,19285,0.03370242601544177,0.26738185423392735,0.40762250453720505,0.8748120717810378,0.38381028360073777,288.1895416739627
512,D005_Pnative.mesh_512.raw,sample0.1_reference0.1,-42,-40,0.5,39337,393.369374399829,19285,0.03370242601544177,0.5153926328901544,0.7421311900440757,0.8748120717810378,0.38381028360073777,190.62969682954824
512,D005_Pnative.mesh_512.raw,sample0.1_reference0.1,-42,-40,1.0,39337,393.369374399829,19285,0.03370242601544177,0.7724279940005593,0.9539538501425979,0.8748120717810378,0.38381028360073777,89.51985763091412
512,D005_Pnative.mesh_512.raw,sample0.1_reference0.1,-42,-40,2.0,39337,393.369374399829,19285,0.03370242601544177,0.9398276431858047,0.993155302048224,0.8748120717810378,0.38381028360073777,23.669962356163285
512,D005_Pnative.mesh_512.raw,sample0.1_reference0.1,-40,-38,0.1,24397,243.96961199971088,19431,0.03395757531273265,0.18678526048284624,0.22417786012042612,0.5854203925384499,0.3852573117184491,198.39968447244595
512,D005_Pnative.mesh_512.raw,sample0.1_reference0.1,-40,-38,0.2,24397,243.96961199971088,19431,0.03395757531273265,0.420707464032463,0.44254027070145646,0.5854203925384499,0.3852573117184491,141.32977523432857
512,D005_Pnative.mesh_512.raw,sample0.1_reference0.1,-40,-38,0.25,24397,243.96961199971088,19431,0.03395757531273265,0.4891994917407878,0.5151047295558644,0.5854203925384499,0.3852573117184491,124.61980180925511
512,D005_Pnative.mesh_512.raw,sample0.1_reference0.1,-40,-38,0.5,24397,243.96961199971088,19431,0.03395757531273265,0.6310202074025495,0.7345478873964284,0.5854203925384499,0.3852573117184491,90.01985683573379
512,D005_Pnative.mesh_512.raw,sample0.1_reference0.1,-40,-38,1.0,24397,243.96961199971088,19431,0.03395757531273265,0.9062999549124893,0.9186351706036745,0.5854203925384499,0.3852573117184491,22.859963644355418
512,D005_Pnative.mesh_512.raw,sample0.1_reference0.1,-40,-38,2.0,24397,243.96961199971088,19431,0.03395757531273265,0.9630282411771939,0.9879573876794813,0.5854203925384499,0.3852573117184491,9.019985654946888
512,D005_Pnative.mesh_512.raw,sample0.1_reference0.1,-38,-36,0.1,24035,240.34961775681646,20650,0.03608789718531878,0.12469315581443728,0.1431961259079903,0.5368756602138802,0.5237513120413956,210.3796654199253
512,D005_Pnative.mesh_512.raw,sample0.1_reference0.1,-38,-36,0.2,24035,240.34961775681646,20650,0.03608789718531878,0.3157894736842105,0.2845036319612591,0.5368756602138802,0.5237513120413956,164.4497384651902
512,D005_Pnative.mesh_512.raw,sample0.1_reference0.1,-38,-36,0.25,24035,240.34961775681646,20650,0.03608789718531878,0.3985853962970668,0.3491041162227603,0.5368756602138802,0.5237513120413956,144.54977011336726
512,D005_Pnative.mesh_512.raw,sample0.1_reference0.1,-38,-36,0.5,24035,240.34961775681646,20650,0.03608789718531878,0.6350738506344914,0.5450847457627118,0.5368756602138802,0.5237513120413956,87.7098605094669
512,D005_Pnative.mesh_512.raw,sample0.1_reference0.1,-38,-36,1.0,24035,240.34961775681646,20650,0.03608789718531878,0.9099646349074266,0.8553026634382567,0.5368756602138802,0.5237513120413956,21.639965584595416
512,D005_Pnative.mesh_512.raw,sample0.1_reference0.1,-38,-36,2.0,24035,240.34961775681646,20650,0.03608789718531878,0.9635531516538381,0.9946731234866828,0.5368756602138802,0.5237513120413956,8.759986068440657
512,D005_Pnative.mesh_512.raw,sample0.1_reference0.1,-36,-34,0.1,18136,181.35971157219151,18362,0.032089393129143995,0.09312968681076313,0.09329049123189195,0.5937620619333925,0.7796879246619218,164.469738433383
512,D005_Pnative.mesh_512.raw,sample0.1_reference0.1,-36,-34,0.2,18136,181.35971157219151,18362,0.032089393129143995,0.3324327304808116,0.25639908506698617,0.5937620619333925,0.7796879246619218,121.06980745503544
512,D005_Pnative.mesh_512.raw,sample0.1_reference0.1,-36,-34,0.25,18136,181.35971157219151,18362,0.032089393129143995,0.4177326863696515,0.313527938133101,0.5937620619333925,0.7796879246619218,105.59983205791478
512,D005_Pnative.mesh_512.raw,sample0.1_reference0.1,-36,-34,0.5,18136,181.35971157219151,18362,0.032089393129143995,0.7158689898544331,0.5619758196274915,0.5937620619333925,0.7796879246619218,51.52991804871542
512,D005_Pnative.mesh_512.raw,sample0.1_reference0.1,-36,-34,1.0,18136,181.35971157219151,18362,0.032089393129143995,0.8907146007940009,0.7522601023853611,0.5937620619333925,0.7796879246619218,19.81996847905181
512,D005_Pnative.mesh_512.raw,sample0.1_reference0.1,-36,-34,2.0,18136,181.35971157219151,18362,0.032089393129143995,0.918228936921041,0.8957085284827361,0.5937620619333925,0.7796879246619218,14.82997641495148
512,D005_Pnative.mesh_512.raw,sample0.1_reference0.1,-34,-32,0.1,28761,287.60954259637185,21320,0.037258787796174156,0.05945551267341191,0.08832082551594747,0.7032557923425753,1.0352415259094625,270.5095697915391
512,D005_Pnative.mesh_512.raw,sample0.1_reference0.1,-34,-32,0.2,28761,287.60954259637185,21320,0.037258787796174156,0.18132192900107785,0.21969981238273922,0.7032557923425753,1.0352415259094625,235.45962553368005
512,D005_Pnative.mesh_512.raw,sample0.1_reference0.1,-34,-32,0.25,28761,287.60954259637185,21320,0.037258787796174156,0.27457320677306074,0.3077861163227017,0.7032557923425753,1.0352415259094625,208.63966818715284
512,D005_Pnative.mesh_512.raw,sample0.1_reference0.1,-34,-32,0.5,28761,287.60954259637185,21320,0.037258787796174156,0.5541879628663816,0.599437148217636,0.7032557923425753,1.0352415259094625,128.21979608395677
512,D005_Pnative.mesh_512.raw,sample0.1_reference0.1,-34,-32,1.0,28761,287.60954259637185,21320,0.037258787796174156,0.7224018636347832,0.6783771106941838,0.7032557923425753,1.0352415259094625,79.83987302560527
512,D005_Pnative.mesh_512.raw,sample0.1_reference0.1,-34,-32,2.0,28761,287.60954259637185,21320,0.037258787796174156,0.9516011265255033,0.7761726078799249,0.7032557923425753,1.0352415259094625,13.919977862179676
512,D005_Pnative.mesh_512.raw,sample0.1_reference0.1,-32,-30,0.1,47719,477.1892410957988,105714,0.18474556721785906,0.05088120036044343,0.025606825964394498,0.6228238673221259,0.9759826333551002,452.90927970975554
512,D005_Pnative.mesh_512.raw,sample0.1_reference0.1,-32,-30,0.2,47719,477.1892410957988,105714,0.18474556721785906,0.2071082797208659,0.08895699718107346,0.6228238673221259,0.9759826333551002,378.35939827114237
512,D005_Pnative.mesh_512.raw,sample0.1_reference0.1,-32,-30,0.25,47719,477.1892410957988,105714,0.18474556721785906,0.310756721641275,0.1392909170024784,0.6228238673221259,0.9759826333551002,328.8994769303804
512,D005_Pnative.mesh_512.raw,sample0.1_reference0.1,-32,-30,0.5,47719,477.1892410957988,105714,0.18474556721785906,0.6043923803935539,0.3325198176211287,0.6228238673221259,0.9759826333551002,188.77969977171546
512,D005_Pnative.mesh_512.raw,sample0.1_reference0.1,-32,-30,1.0,47719,477.1892410957988,105714,0.18474556721785906,0.817598859992875,0.6541990654028794,0.6228238673221259,0.9759826333551002,87.03986157500854
512,D005_Pnative.mesh_512.raw,sample0.1_reference0.1,-32,-30,2.0,47719,477.1892410957988,105714,0.18474556721785906,0.9337580418701146,0.9082713737064154,0.6228238673221259,0.9759826333551002,31.609949728699682
512,D005_Pnative.mesh_512.raw,sample0.1_reference0.1,-30,-28,0.1,139559,1395.587780508573,91135,0.15926733704523133,0.06437420732450075,0.1085751906512317,0.6724760999415751,0.6626154011473577,1305.747923386574
512,D005_Pnative.mesh_512.raw,sample0.1_reference0.1,-30,-28,0.2,139559,1395.587780508573,91135,0.15926733704523133,0.15539664228032588,0.21408898886267624,0.6724760999415751,0.6626154011473577,1178.718125410088
512,D005_Pnative.mesh_512.raw,sample0.1_reference0.1,-30,-28,0.25,139559,1395.587780508573,91135,0.15926733704523133,0.21021933375848206,0.2758325560980962,0.6724760999415751,0.6626154011473577,1102.2082470885819
512,D005_Pnative.mesh_512.raw,sample0.1_reference0.1,-30,-28,0.5,139559,1395.587780508573,91135,0.15926733704523133,0.4753115169928131,0.5887419761891699,0.6724760999415751,0.6626154011473577,732.24883545841
512,D005_Pnative.mesh_512.raw,sample0.1_reference0.1,-30,-28,1.0,139559,1395.587780508573,91135,0.15926733704523133,0.7747404323619401,0.9169144675481429,0.6724760999415751,0.6626154011473577,314.3695000383207
512,D005_Pnative.mesh_512.raw,sample0.1_reference0.1,-30,-28,2.0,139559,1395.587780508573,91135,0.15926733704523133,0.9780379624388251,0.9351840675920338,0.6724760999415751,0.6626154011473577,30.64995125544591
512,D005_Pnative.mesh_512.raw,sample0.1_reference0.1,-28,-26,0.1,107012,1070.1182981232553,111853,0.19547407088956228,0.14276903524838336,0.16901647698318328,0.5599985688817137,0.6572511308322978,917.3385410985563
512,D005_Pnative.mesh_512.raw,sample0.1_reference0.1,-28,-26,0.2,107012,1070.1182981232553,111853,0.19547407088956228,0.28905169513699397,0.30707267574405694,0.5599985688817137,0.6572511308322978,760.7987900536133
512,D005_Pnative.mesh_512.raw,sample0.1_reference0.1,-28,-26,0.25,107012,1070.1182981232553,111853,0.19547407088956228,0.34662467760624976,0.3643353329816813,0.5599985688817137,0.6572511308322978,699.1888880357333
512,D005_Pnative.mesh_512.raw,sample0.1_reference0.1,-28,-26,0.5,107012,1070.1182981232553,111853,0.19547407088956228,0.5363790976712892,0.5529757807121848,0.5599985688817137,0.6572511308322978,496.129210974368
512,D005_Pnative.mesh_512.raw,sample0.1_reference0.1,-28,-26,1.0,107012,1070.1182981232553,111853,0.19547407088956228,0.8128527641759803,0.7835730825279608,0.5599985688817137,0.6572511308322978,200.26968149847153
512,D005_Pnative.mesh_512.raw,sample0.1_reference0.1,-28,-26,2.0,107012,1070.1182981232553,111853,0.19547407088956228,1.0,0.9702734839476813,0.5599985688817137,0.6572511308322978,0.0
512,D005_Pnative.mesh_512.raw,sample0.1_reference0.1,-26,-24,0.1,15960,159.59974617843937,8939,0.015621777866322739,0.0412280701754386,0.069358988701197,1.626875936719648,1.9685348893963128,153.0197566430125
512,D005_Pnative.mesh_512.raw,sample0.1_reference0.1,-26,-24,0.2,15960,159.59974617843937,8939,0.015621777866322739,0.10162907268170426,0.13469068128425998,1.626875936719648,1.9685348893963128,143.3797719740892
512,D005_Pnative.mesh_512.raw,sample0.1_reference0.1,-26,-24,0.25,15960,159.59974617843937,8939,0.015621777866322739,0.12857142857142856,0.16858709027855465,1.626875936719648,1.9685348893963128,139.07977881264003
512,D005_Pnative.mesh_512.raw,sample0.1_reference0.1,-26,-24,0.5,15960,159.59974617843937,8939,0.015621777866322739,0.22894736842105262,0.2979080434053026,1.626875936719648,1.9685348893963128,123.05980429021774
512,D005_Pnative.mesh_512.raw,sample0.1_reference0.1,-26,-24,1.0,15960,159.59974617843937,8939,0.015621777866322739,0.3152255639097744,0.4669426110303166,1.626875936719648,1.9685348893963128,109.28982618948396
512,D005_Pnative.mesh_512.raw,sample0.1_reference0.1,-26,-24,2.0,15960,159.59974617843937,8939,0.015621777866322739,0.5988095238095238,0.5516276988477459,1.626875936719648,1.9685348893963128,64.02989816920723
512,D005_Pnative.mesh_512.raw,sample0.1_reference0.1,-24,-22,0.1,1573,15.729974983626889,2076,0.003628013295725026,0.06802288620470438,0.03516377649325626,1.0732385573351604,1.8331552503001562,14.65997668531279
512,D005_Pnative.mesh_512.raw,sample0.1_reference0.1,-24,-22,0.2,1573,15.729974983626889,2076,0.003628013295725026,0.20406865861411316,0.06454720616570328,1.0732385573351604,1.8331552503001562,12.519980088684594
512,D005_Pnative.mesh_512.raw,sample0.1_reference0.1,-24,-22,0.25,1573,15.729974983626889,2076,0.003628013295725026,0.2472981563890655,0.08188824662813102,1.0732385573351604,1.8331552503001562,11.839981170129839
512,D005_Pnative.mesh_512.raw,sample0.1_reference0.1,-24,-22,0.5,1573,15.729974983626889,2076,0.003628013295725026,0.4113159567705022,0.17485549132947978,1.0732385573351604,1.8331552503001562,9.25998527326033
512,D005_Pnative.mesh_512.raw,sample0.1_reference0.1,-24,-22,1.0,1573,15.729974983626889,2076,0.003628013295725026,0.4507310870947235,0.3603082851637765,1.0732385573351604,1.8331552503001562,8.639986259283937
512,D005_Pnative.mesh_512.raw,sample0.1_reference0.1,-24,-22,2.0,1573,15.729974983626889,2076,0.003628013295725026,0.9313413858868405,0.6926782273603083,1.0732385573351604,1.8331552503001562,1.0799982824104921
512,D005_Pnative.mesh_512.raw,sample0.1_reference0.1,-22,-20,0.1,428,4.279993193256394,1994,0.0034847102657397408,0.13551401869158877,0.017051153460381142,0.2319422243269161,1.3532211672305985,3.6999941156655747
512,D005_Pnative.mesh_512.raw,sample0.1_reference0.1,-22,-20,0.2,428,4.279993193256394,1994,0.0034847102657397408,0.441588785046729,0.02708124373119358,0.2319422243269161,1.3532211672305985,2.3899961990380336
512,D005_Pnative.mesh_512.raw,sample0.1_reference0.1,-22,-20,0.25,428,4.279993193256394,1994,0.0034847102657397408,0.5700934579439252,0.0320962888665998,0.2319422243269161,1.3532211672305985,1.839997073736394
512,D005_Pnative.mesh_512.raw,sample0.1_reference0.1,-22,-20,0.5,428,4.279993193256394,1994,0.0034847102657397408,0.9836448598130841,0.0757271815446339,0.2319422243269161,1.3532211672305985,0.06999988867475412
512,D005_Pnative.mesh_512.raw,sample0.1_reference0.1,-22,-20,1.0,428,4.279993193256394,1994,0.0034847102657397408,1.0,0.25175526579739216,0.2319422243269161,1.3532211672305985,0.0
512,D005_Pnative.mesh_512.raw,sample0.1_reference0.1,-22,-20,2.0,428,4.279993193256394,1994,0.0034847102657397408,1.0,0.8681043129388164,0.2319422243269161,1.3532211672305985,0.0
512,D005_Pnative.mesh_512.raw,sample0.1_reference0.1,-20,-18,0.1,0,0.0,1238,0.002163526233192477,,0.0,,1.8395400886967033,0.0
512,D005_Pnative.mesh_512.raw,sample0.1_reference0.1,-20,-18,0.2,0,0.0,1238,0.002163526233192477,,0.0,,1.8395400886967033,0.0
512,D005_Pnative.mesh_512.raw,sample0.1_reference0.1,-20,-18,0.25,0,0.0,1238,0.002163526233192477,,0.0,,1.8395400886967033,0.0
512,D005_Pnative.mesh_512.raw,sample0.1_reference0.1,-20,-18,0.5,0,0.0,1238,0.002163526233192477,,0.0008077544426494346,,1.8395400886967033,0.0
512,D005_Pnative.mesh_512.raw,sample0.1_reference0.1,-20,-18,1.0,0,0.0,1238,0.002163526233192477,,0.03796445880452343,,1.8395400886967033,0.0
512,D005_Pnative.mesh_512.raw,sample0.1_reference0.1,-20,-18,2.0,0,0.0,1238,0.002163526233192477,,0.6058158319870759,,1.8395400886967033,0.0
512,D005_Pnative.mesh_512.raw,sample0.1_reference0.1,-18,-16,0.1,0,0.0,177,0.0003093248330170181,,0.0,,2.7065702494928394,0.0
512,D005_Pnative.mesh_512.raw,sample0.1_reference0.1,-18,-16,0.2,0,0.0,177,0.0003093248330170181,,0.0,,2.7065702494928394,0.0
512,D005_Pnative.mesh_512.raw,sample0.1_reference0.1,-18,-16,0.25,0,0.0,177,0.0003093248330170181,,0.0,,2.7065702494928394,0.0
512,D005_Pnative.mesh_512.raw,sample0.1_reference0.1,-18,-16,0.5,0,0.0,177,0.0003093248330170181,,0.0,,2.7065702494928394,0.0
512,D005_Pnative.mesh_512.raw,sample0.1_reference0.1,-18,-16,1.0,0,0.0,177,0.0003093248330170181,,0.0,,2.7065702494928394,0.0
512,D005_Pnative.mesh_512.raw,sample0.1_reference0.1,-18,-16,2.0,0,0.0,177,0.0003093248330170181,,0.0,,2.7065702494928394,0.0
512,D0005_Pnative.mesh_512.raw,sample0.1_reference0.1,-50,-48,0.1,0,0.0,615,0.0010747727248896393,,0.0,,6.865973060111689,0.0
512,D0005_Pnative.mesh_512.raw,sample0.1_reference0.1,-50,-48,0.2,0,0.0,615,0.0010747727248896393,,0.0,,6.865973060111689,0.0
512,D0005_Pnative.mesh_512.raw,sample0.1_reference0.1,-50,-48,0.25,0,0.0,615,0.0010747727248896393,,0.0,,6.865973060111689,0.0
512,D0005_Pnative.mesh_512.raw,sample0.1_reference0.1,-50,-48,0.5,0,0.0,615,0.0010747727248896393,,0.0,,6.865973060111689,0.0
512,D0005_Pnative.mesh_512.raw,sample0.1_reference0.1,-50,-48,1.0,0,0.0,615,0.0010747727248896393,,0.0,,6.865973060111689,0.0
512,D0005_Pnative.mesh_512.raw,sample0.1_reference0.1,-50,-48,2.0,0,0.0,615,0.0010747727248896393,,0.0,,6.865973060111689,0.0
512,D0005_Pnative.mesh_512.raw,sample0.1_reference0.1,-48,-46,0.1,0,0.0,7615,0.013307958211438377,,0.0,,5.534166384995649,0.0
512,D0005_Pnative.mesh_512.raw,sample0.1_reference0.1,-48,-46,0.2,0,0.0,7615,0.013307958211438377,,0.0,,5.534166384995649,0.0
512,D0005_Pnative.mesh_512.raw,sample0.1_reference0.1,-48,-46,0.25,0,0.0,7615,0.013307958211438377,,0.0,,5.534166384995649,0.0
512,D0005_Pnative.mesh_512.raw,sample0.1_reference0.1,-48,-46,0.5,0,0.0,7615,0.013307958211438377,,0.0,,5.534166384995649,0.0
512,D0005_Pnative.mesh_512.raw,sample0.1_reference0.1,-48,-46,1.0,0,0.0,7615,0.013307958211438377,,0.0,,5.534166384995649,0.0
512,D0005_Pnative.mesh_512.raw,sample0.1_reference0.1,-48,-46,2.0,0,0.0,7615,0.013307958211438377,,0.0,,5.534166384995649,0.0
512,D0005_Pnative.mesh_512.raw,sample0.1_reference0.1,-46,-44,0.1,0,0.0,9863,0.017236558350547174,,0.0,,2.823015459202903,0.0
512,D0005_Pnative.mesh_512.raw,sample0.1_reference0.1,-46,-44,0.2,0,0.0,9863,0.017236558350547174,,0.0,,2.823015459202903,0.0
512,D0005_Pnative.mesh_512.raw,sample0.1_reference0.1,-46,-44,0.25,0,0.0,9863,0.017236558350547174,,0.0,,2.823015459202903,0.0
512,D0005_Pnative.mesh_512.raw,sample0.1_reference0.1,-46,-44,0.5,0,0.0,9863,0.017236558350547174,,0.0,,2.823015459202903,0.0
512,D0005_Pnative.mesh_512.raw,sample0.1_reference0.1,-46,-44,1.0,0,0.0,9863,0.017236558350547174,,0.0002027780594139714,,2.823015459202903,0.0
512,D0005_Pnative.mesh_512.raw,sample0.1_reference0.1,-46,-44,2.0,0,0.0,9863,0.017236558350547174,,0.05535841022001419,,2.823015459202903,0.0
512,D0005_Pnative.mesh_512.raw,sample0.1_reference0.1,-44,-42,0.1,44502,445.01938153699314,131947,0.23059030362766378,0.031099725855017753,0.01018590797820337,0.8567464880999205,1.5141497901826302,431.1794007710231
512,D0005_Pnative.mesh_512.raw,sample0.1_reference0.1,-44,-42,0.2,44502,445.01938153699314,131947,0.23059030362766378,0.09532155858163678,0.025244984728716835,0.8567464880999205,1.5141497901826302,402.59944048985085
512,D0005_Pnative.mesh_512.raw,sample0.1_reference0.1,-44,-42,0.25,44502,445.01938153699314,131947,0.23059030362766378,0.13511752280796369,0.036128142360190074,0.8567464880999205,1.5141497901826302,384.88946510218256
512,D0005_Pnative.mesh_512.raw,sample0.1_reference0.1,-44,-42,0.5,44502,445.01938153699314,131947,0.23059030362766378,0.3566805986247809,0.11766845778987017,0.8567464880999205,1.5141497901826302,286.2896021307486
512,D0005_Pnative.mesh_512.raw,sample0.1_reference0.1,-44,-42,1.0,44502,445.01938153699314,131947,0.23059030362766378,0.5761988225248303,0.2946258725094167,0.8567464880999205,1.5141497901826302,188.59973789464945
512,D0005_Pnative.mesh_512.raw,sample0.1_reference0.1,-44,-42,2.0,44502,445.01938153699314,131947,0.23059030362766378,1.0,0.7622151318332361,0.8567464880999205,1.5141497901826302,0.0
512,D0005_Pnative.mesh_512.raw,sample0.1_reference0.1,-42,-40,0.1,54109,541.0892480244744,19285,0.03370242601544177,0.03291504185994936,0.08514389421830439,1.2189916279747959,0.5658600886870431,523.2792727757803
512,D0005_Pnative.mesh_512.raw,sample0.1_reference0.1,-42,-40,0.2,54109,541.0892480244744,19285,0.03370242601544177,0.10199781921676616,0.21285973554576096,1.2189916279747959,0.5658600886870431,485.8993247243381
512,D0005_Pnative.mesh_512.raw,sample0.1_reference0.1,-42,-40,0.25,54109,541.0892480244744,19285,0.03370242601544177,0.14374688129516347,0.2888255120560021,1.2189916279747959,0.5658600886870431,463.30935611861105
512,D0005_Pnative.mesh_512.raw,sample0.1_reference0.1,-42,-40,0.5,54109,541.0892480244744,19285,0.03370242601544177,0.29320445766877967,0.548716619134042,1.2189916279747959,0.5658600886870431,382.43946850705055
512,D0005_Pnative.mesh_512.raw,sample0.1_reference0.1,-42,-40,1.0,54109,541.0892480244744,19285,0.03370242601544177,0.4645992348777468,0.8651283380865958,1.2189916279747959,0.5658600886870431,289.6995973917283
512,D0005_Pnative.mesh_512.raw,sample0.1_reference0.1,-42,-40,2.0,54109,541.0892480244744,19285,0.03370242601544177,0.8026391173372267,0.988955146486907,1.2189916279747959,0.5658600886870431,106.78985158944653
512,D0005_Pnative.mesh_512.raw,sample0.1_reference0.1,-40,-38,0.1,20990,209.8997082931438,19431,0.03395757531273265,0.1389232968080038,0.15382635994030158,0.4959945836084525,0.47693455623316766,180.73974881802198
512,D0005_Pnative.mesh_512.raw,sample0.1_reference0.1,-40,-38,0.2,20990,209.8997082931438,19431,0.03395757531273265,0.4006669842782277,0.3564407390252689,0.4959945836084525,0.47693455623316766,125.79982517045016
512,D0005_Pnative.mesh_512.raw,sample0.1_reference0.1,-40,-38,0.25,20990,209.8997082931438,19431,0.03395757531273265,0.500381133873273,0.4335340435386753,0.4959945836084525,0.47693455623316766,104.86985425775127
512,D0005_Pnative.mesh_512.raw,sample0.1_reference0.1,-40,-38,0.5,20990,209.8997082931438,19431,0.03395757531273265,0.6142448785135779,0.5906026452575781,0.4959945836084525,0.47693455623316766,80.96988747258625
512,D0005_Pnative.mesh_512.raw,sample0.1_reference0.1,-40,-38,1.0,20990,209.8997082931438,19431,0.03395757531273265,0.9088137208194378,0.8944470176522052,0.4959945836084525,0.47693455623316766,19.139973400337173
512,D0005_Pnative.mesh_512.raw,sample0.1_reference0.1,-40,-38,2.0,20990,209.8997082931438,19431,0.03395757531273265,0.9787517865650309,0.9970150789974782,0.4959945836084525,0.47693455623316766,4.459993801750459
512,D0005_Pnative.mesh_512.raw,sample0.1_reference0.1,-38,-36,0.1,16925,169.24976478615812,20650,0.03608789718531878,0.050812407680945346,0.04605326876513317,0.4041238438416773,0.834497361092884,160.64977673793973
512,D0005_Pnative.mesh_512.raw,sample0.1_reference0.1,-38,-36,0.2,16925,169.24976478615812,20650,0.03608789718531878,0.29813884785819794,0.20886198547215495,0.4041238438416773,0.834497361092884,118.78983491254193
512,D0005_Pnative.mesh_512.raw,sample0.1_reference0.1,-38,-36,0.25,16925,169.24976478615812,20650,0.03608789718531878,0.4659970457902511,0.3017917675544794,0.4041238438416773,0.834497361092884,90.37987439511356
512,D0005_Pnative.mesh_512.raw,sample0.1_reference0.1,-38,-36,0.5,16925,169.24976478615812,20650,0.03608789718531878,0.6504579025110783,0.4373365617433414,0.4041238438416773,0.834497361092884,59.15991778286035
512,D0005_Pnative.mesh_512.raw,sample0.1_reference0.1,-38,-36,1.0,16925,169.24976478615812,20650,0.03608789718531878,0.9620088626292467,0.7047457627118644,0.4041238438416773,0.834497361092884,6.429991063958622
512,D0005_Pnative.mesh_512.raw,sample0.1_reference0.1,-38,-36,2.0,16925,169.24976478615812,20650,0.03608789718531878,0.9972821270310191,0.9021307506053269,0.4041238438416773,0.834497361092884,0.4599993607186572
512,D0005_Pnative.mesh_512.raw,sample0.1_reference0.1,-36,-34,0.1,17705,177.04975394617014,18362,0.032089393129143995,0.025811917537418808,0.02929964056203028,0.3690546337098501,1.0181127758595567,172.4797602972913
512,D0005_Pnative.mesh_512.raw,sample0.1_reference0.1,-36,-34,0.2,17705,177.04975394617014,18362,0.032089393129143995,0.2912171702908783,0.24305631194858948,0.3690546337098501,1.0181127758595567,125.4898256012702
512,D0005_Pnative.mesh_512.raw,sample0.1_reference0.1,-36,-34,0.25,17705,177.04975394617014,18362,0.032089393129143995,0.5335780852866422,0.3948371637076571,0.3690546337098501,1.0181127758595567,82.57988523510154
512,D0005_Pnative.mesh_512.raw,sample0.1_reference0.1,-36,-34,0.5,17705,177.04975394617014,18362,0.032089393129143995,0.7415419373058458,0.5437316196492756,0.3690546337098501,1.0181127758595567,45.75993640540381
512,D0005_Pnative.mesh_512.raw,sample0.1_reference0.1,-36,-34,1.0,17705,177.04975394617014,18362,0.032089393129143995,0.9667325614233268,0.7158261627273718,0.3690546337098501,1.0181127758595567,5.889991814419329
512,D0005_Pnative.mesh_512.raw,sample0.1_reference0.1,-36,-34,2.0,17705,177.04975394617014,18362,0.032089393129143995,0.9954815024004519,0.8097157172421305,0.3690546337098501,1.0181127758595567,0.7999988882063603
512,D0005_Pnative.mesh_512.raw,sample0.1_reference0.1,-34,-32,0.1,15405,154.04978591023726,21320,0.037258787796174156,0.008763388510223954,0.008067542213883677,0.32941469025815984,1.4928743739971257,152.69978778638904
512,D0005_Pnative.mesh_512.raw,sample0.1_reference0.1,-34,-32,0.2,15405,154.04978591023726,21320,0.037258787796174156,0.19811749432002596,0.13367729831144465,0.32941469025815984,1.4928743739971257,123.52982832516462
512,D0005_Pnative.mesh_512.raw,sample0.1_reference0.1,-34,-32,0.25,15405,154.04978591023726,21320,0.037258787796174156,0.394157740993184,0.23752345215759849,0.32941469025815984,1.4928743739971257,93.32987029537452
512,D0005_Pnative.mesh_512.raw,sample0.1_reference0.1,-34,-32,0.5,15405,154.04978591023726,21320,0.037258787796174156,0.8944498539435248,0.5701688555347092,0.32941469025815984,1.4928743739971257,16.259977402794274
512,D0005_Pnative.mesh_512.raw,sample0.1_reference0.1,-34,-32,1.0,15405,154.04978591023726,21320,0.037258787796174156,0.989354105809802,0.651641651031895,0.32941469025815984,1.4928743739971257,1.6399977208230387
512,D0005_Pnative.mesh_512.raw,sample0.1_reference0.1,-34,-32,2.0,15405,154.04978591023726,21320,0.037258787796174156,0.9944173969490425,0.7179643527204502,0.32941469025815984,1.4928743739971257,0.8599988048218374
512,D0005_Pnative.mesh_512.raw,sample0.1_reference0.1,-32,-30,0.1,23523,235.22967309097768,105714,0.18474556721785906,0.039705819835905286,0.010121648977429669,0.323023810279458,1.154018558509254,225.88968607116843
512,D0005_Pnative.mesh_512.raw,sample0.1_reference0.1,-32,-30,0.2,23523,235.22967309097768,105714,0.18474556721785906,0.23143306551035156,0.056302854872580736,0.323023810279458,1.154018558509254,180.78974874853486
512,D0005_Pnative.mesh_512.raw,sample0.1_reference0.1,-32,-30,0.25,23523,235.22967309097768,105714,0.18474556721785906,0.4078136292139608,0.10119757080424542,0.323023810279458,1.154018558509254,139.2998064089325
512,D0005_Pnative.mesh_512.raw,sample0.1_reference0.1,-32,-30,0.5,23523,235.22967309097768,105714,0.18474556721785906,0.9087276282787059,0.27897913237603345,0.323023810279458,1.154018558509254,21.469970162238198
512,D0005_Pnative.mesh_512.raw,sample0.1_reference0.1,-32,-30,1.0,23523,235.22967309097768,105714,0.18474556721785906,0.9837180631722144,0.5430501163516658,0.323023810279458,1.154018558509254,3.8299946772879503
512,D0005_Pnative.mesh_512.raw,sample0.1_reference0.1,-32,-30,2.0,23523,235.22967309097768,105714,0.18474556721785906,0.9930281001572928,0.8815388690239704,0.323023810279458,1.154018558509254,1.6399977208230387
512,D0005_Pnative.mesh_512.raw,sample0.1_reference0.1,-30,-28,0.1,95611,956.108671253729,91135,0.15926733704523133,0.05753522084279006,0.06743841553738959,0.4730008362226275,0.6991778081635694,901.0987477034391
512,D0005_Pnative.mesh_512.raw,sample0.1_reference0.1,-30,-28,0.2,95611,956.108671253729,91135,0.15926733704523133,0.1477235882900503,0.133099248367806,0.4730008362226275,0.6991778081635694,814.8688675408961
512,D0005_Pnative.mesh_512.raw,sample0.1_reference0.1,-30,-28,0.25,95611,956.108671253729,91135,0.15926733704523133,0.21463011578165692,0.19065123168925222,0.4730008362226275,0.6991778081635694,750.898956442695
512,D0005_Pnative.mesh_512.raw,sample0.1_reference0.1,-30,-28,0.5,95611,956.108671253729,91135,0.15926733704523133,0.5827362960328832,0.5303560651780326,0.4730008362226275,0.6991778081635694,398.9494455624093
512,D0005_Pnative.mesh_512.raw,sample0.1_reference0.1,-30,-28,1.0,95611,956.108671253729,91135,0.15926733704523133,0.9540743219922394,0.907444999177045,0.4730008362226275,0.6991778081635694,43.9099389764266
512,D0005_Pnative.mesh_512.raw,sample0.1_reference0.1,-30,-28,2.0,95611,956.108671253729,91135,0.15926733704523133,0.999497965715242,0.9356339496351567,0.4730008362226275,0.6991778081635694,0.47999933292381625
512,D0005_Pnative.mesh_512.raw,sample0.1_reference0.1,-28,-26,0.1,93208,932.0787046492304,111853,0.19547407088956228,0.081473693245215,0.08105281038505896,0.41523052592709797,0.5481683405884602,856.1388101862417
512,D0005_Pnative.mesh_512.raw,sample0.1_reference0.1,-28,-26,0.2,93208,932.0787046492304,111853,0.19547407088956228,0.19452192944811605,0.16683504242174998,0.41523052592709797,0.5481683405884602,750.7689566233614
512,D0005_Pnative.mesh_512.raw,sample0.1_reference0.1,-28,-26,0.25,93208,932.0787046492304,111853,0.19547407088956228,0.2619839498755472,0.2195292035081759,0.41523052592709797,0.5481683405884602,687.8890440103415
512,D0005_Pnative.mesh_512.raw,sample0.1_reference0.1,-28,-26,0.5,93208,932.0787046492304,111853,0.19547407088956228,0.6477233713844305,0.595898187800059,0.41523052592709797,0.5481683405884602,328.349543678198
512,D0005_Pnative.mesh_512.raw,sample0.1_reference0.1,-28,-26,1.0,93208,932.0787046492304,111853,0.19547407088956228,0.9976182301948331,0.9560762786872056,0.41523052592709797,0.5481683405884602,2.21999691477265
512,D0005_Pnative.mesh_512.raw,sample0.1_reference0.1,-28,-26,2.0,93208,932.0787046492304,111853,0.19547407088956228,1.0,0.9706489767820264,0.41523052592709797,0.5481683405884602,0.0
512,D0005_Pnative.mesh_512.raw,sample0.1_reference0.1,-26,-24,0.1,4799,47.98993330627904,8939,0.015621777866322739,0.1577411960825172,0.08736995189618525,0.2647131817054288,1.920032960519367,40.41994382662636
512,D0005_Pnative.mesh_512.raw,sample0.1_reference0.1,-26,-24,0.2,4799,47.98993330627904,8939,0.015621777866322739,0.3948739320691811,0.17809598389081552,0.2647131817054288,1.920032960519367,29.03995964189088
512,D0005_Pnative.mesh_512.raw,sample0.1_reference0.1,-26,-24,0.25,4799,47.98993330627904,8939,0.015621777866322739,0.5009376953531985,0.21904016109184474,0.2647131817054288,1.920032960519367,23.949966715677913
512,D0005_Pnative.mesh_512.raw,sample0.1_reference0.1,-26,-24,0.5,4799,47.98993330627904,8939,0.015621777866322739,0.9543654928110022,0.47868889137487414,0.2647131817054288,1.920032960519367,2.1899969564649115
512,D0005_Pnative.mesh_512.raw,sample0.1_reference0.1,-26,-24,1.0,4799,47.98993330627904,8939,0.015621777866322739,1.0,0.5077749188947309,0.2647131817054288,1.920032960519367,0.0
512,D0005_Pnative.mesh_512.raw,sample0.1_reference0.1,-26,-24,2.0,4799,47.98993330627904,8939,0.015621777866322739,1.0,0.5420069358988702,0.2647131817054288,1.920032960519367,0.0
512,D0005_Pnative.mesh_512.raw,sample0.1_reference0.1,-24,-22,0.1,354,3.539995080313145,2076,0.003628013295725026,0.07062146892655367,0.00674373795761079,0.3157424072318193,2.2567516640420853,3.289995427748657
512,D0005_Pnative.mesh_512.raw,sample0.1_reference0.1,-24,-22,0.2,354,3.539995080313145,2076,0.003628013295725026,0.2542372881355932,0.0197495183044316,0.3157424072318193,2.2567516640420853,2.6399963310809893
512,D0005_Pnative.mesh_512.raw,sample0.1_reference0.1,-24,-22,0.25,354,3.539995080313145,2076,0.003628013295725026,0.3954802259887006,0.025529865125240848,0.3157424072318193,2.2567516640420853,2.139997025952014
512,D0005_Pnative.mesh_512.raw,sample0.1_reference0.1,-24,-22,0.5,354,3.539995080313145,2076,0.003628013295725026,0.8389830508474576,0.0804431599229287,0.3157424072318193,2.2567516640420853,0.5699992078470317
512,D0005_Pnative.mesh_512.raw,sample0.1_reference0.1,-24,-22,1.0,354,3.539995080313145,2076,0.003628013295725026,1.0,0.2186897880539499,0.3157424072318193,2.2567516640420853,0.0
512,D0005_Pnative.mesh_512.raw,sample0.1_reference0.1,-24,-22,2.0,354,3.539995080313145,2076,0.003628013295725026,1.0,0.5963391136801541,0.3157424072318193,2.2567516640420853,0.0
512,D0005_Pnative.mesh_512.raw,sample0.1_reference0.1,-22,-20,0.1,0,0.0,1994,0.0034847102657397408,,0.0,,2.488164082154587,0.0
512,D0005_Pnative.mesh_512.raw,sample0.1_reference0.1,-22,-20,0.2,0,0.0,1994,0.0034847102657397408,,0.0,,2.488164082154587,0.0
512,D0005_Pnative.mesh_512.raw,sample0.1_reference0.1,-22,-20,0.25,0,0.0,1994,0.0034847102657397408,,0.0,,2.488164082154587,0.0
512,D0005_Pnative.mesh_512.raw,sample0.1_reference0.1,-22,-20,0.5,0,0.0,1994,0.0034847102657397408,,0.0,,2.488164082154587,0.0
512,D0005_Pnative.mesh_512.raw,sample0.1_reference0.1,-22,-20,1.0,0,0.0,1994,0.0034847102657397408,,0.005516549648946841,,2.488164082154587,0.0
512,D0005_Pnative.mesh_512.raw,sample0.1_reference0.1,-22,-20,2.0,0,0.0,1994,0.0034847102657397408,,0.17051153460381144,,2.488164082154587,0.0
512,D0005_Pnative.mesh_512.raw,sample0.1_reference0.1,-20,-18,0.1,0,0.0,1238,0.002163526233192477,,0.0,,3.9176092548401176,0.0
512,D0005_Pnative.mesh_512.raw,sample0.1_reference0.1,-20,-18,0.2,0,0.0,1238,0.002163526233192477,,0.0,,3.9176092548401176,0.0
512,D0005_Pnative.mesh_512.raw,sample0.1_reference0.1,-20,-18,0.25,0,0.0,1238,0.002163526233192477,,0.0,,3.9176092548401176,0.0
512,D0005_Pnative.mesh_512.raw,sample0.1_reference0.1,-20,-18,0.5,0,0.0,1238,0.002163526233192477,,0.0,,3.9176092548401176,0.0
512,D0005_Pnative.mesh_512.raw,sample0.1_reference0.1,-20,-18,1.0,0,0.0,1238,0.002163526233192477,,0.0,,3.9176092548401176,0.0
512,D0005_Pnative.mesh_512.raw,sample0.1_reference0.1,-20,-18,2.0,0,0.0,1238,0.002163526233192477,,0.0,,3.9176092548401176,0.0
512,D0005_Pnative.mesh_512.raw,sample0.1_reference0.1,-18,-16,0.1,0,0.0,177,0.0003093248330170181,,0.0,,4.929447141744323,0.0
512,D0005_Pnative.mesh_512.raw,sample0.1_reference0.1,-18,-16,0.2,0,0.0,177,0.0003093248330170181,,0.0,,4.929447141744323,0.0
512,D0005_Pnative.mesh_512.raw,sample0.1_reference0.1,-18,-16,0.25,0,0.0,177,0.0003093248330170181,,0.0,,4.929447141744323,0.0
512,D0005_Pnative.mesh_512.raw,sample0.1_reference0.1,-18,-16,0.5,0,0.0,177,0.0003093248330170181,,0.0,,4.929447141744323,0.0
512,D0005_Pnative.mesh_512.raw,sample0.1_reference0.1,-18,-16,1.0,0,0.0,177,0.0003093248330170181,,0.0,,4.929447141744323,0.0
512,D0005_Pnative.mesh_512.raw,sample0.1_reference0.1,-18,-16,2.0,0,0.0,177,0.0003093248330170181,,0.0,,4.929447141744323,0.0
512,D005_Pnative.mesh_512.raw,sample0.05_reference0.1,-50,-48,0.1,254,0.6349998659281046,615,0.0010747727248896393,0.0,0.0,0.6618670302939963,0.8375533792546125,0.6349998659281046
512,D005_Pnative.mesh_512.raw,sample0.05_reference0.1,-50,-48,0.2,254,0.6349998659281046,615,0.0010747727248896393,0.0,0.0,0.6618670302939963,0.8375533792546125,0.6349998659281046
512,D005_Pnative.mesh_512.raw,sample0.05_reference0.1,-50,-48,0.25,254,0.6349998659281046,615,0.0010747727248896393,0.0,0.0,0.6618670302939963,0.8375533792546125,0.6349998659281046
512,D005_Pnative.mesh_512.raw,sample0.05_reference0.1,-50,-48,0.5,254,0.6349998659281046,615,0.0010747727248896393,0.30708661417322836,0.06991869918699187,0.6618670302939963,0.8375533792546125,0.43999990709978903
512,D005_Pnative.mesh_512.raw,sample0.05_reference0.1,-50,-48,1.0,254,0.6349998659281046,615,0.0010747727248896393,0.9173228346456693,0.7300813008130081,0.6618670302939963,0.8375533792546125,0.05249998891531574
512,D005_Pnative.mesh_512.raw,sample0.05_reference0.1,-50,-48,2.0,254,0.6349998659281046,615,0.0010747727248896393,1.0,1.0,0.6618670302939963,0.8375533792546125,0.0
512,D005_Pnative.mesh_512.raw,sample0.05_reference0.1,-48,-46,0.1,5343,13.35749717973962,7615,0.013307958211438377,0.11341942728804043,0.02324359816152331,0.44627027518222023,1.1217483803845623,11.842497499611936
512,D005_Pnative.mesh_512.raw,sample0.05_reference0.1,-48,-46,0.2,5343,13.35749717973962,7615,0.013307958211438377,0.29590117911285796,0.05265922521339462,0.44627027518222023,1.1217483803845623,9.404998014257991
512,D005_Pnative.mesh_512.raw,sample0.05_reference0.1,-48,-46,0.25,5343,13.35749717973962,7615,0.013307958211438377,0.38667415309751074,0.07222586999343401,0.44627027518222023,1.1217483803845623,8.192498270261414
512,D005_Pnative.mesh_512.raw,sample0.05_reference0.1,-48,-46,0.5,5343,13.35749717973962,7615,0.013307958211438377,0.6730301328841475,0.19317137229152986,0.44627027518222023,1.1217483803845623,4.367499077859838
512,D005_Pnative.mesh_512.raw,sample0.05_reference0.1,-48,-46,1.0,5343,13.35749717973962,7615,0.013307958211438377,0.8989331836047164,0.5185817465528562,0.44627027518222023,1.1217483803845623,1.3499997149652618
512,D005_Pnative.mesh_512.raw,sample0.05_reference0.1,-48,-46,2.0,5343,13.35749717973962,7615,0.013307958211438377,1.0,0.8751149047931713,0.44627027518222023,1.1217483803845623,0.0
512,D005_Pnative.mesh_512.raw,sample0.05_reference0.1,-46,-44,0.1,232,0.579999877540631,9863,0.017236558350547174,0.01293103448275862,0.0002027780594139714,0.9806860586575747,1.9715799768825948,0.5724998791241573
512,D005_Pnative.mesh_512.raw,sample0.05_reference0.1,-46,-44,0.2,232,0.579999877540631,9863,0.017236558350547174,0.09051724137931035,0.006083341782419142,0.9806860586575747,1.9715799768825948,0.5274998886253153
512,D005_Pnative.mesh_512.raw,sample0.05_reference0.1,-46,-44,0.25,232,0.579999877540631,9863,0.017236558350547174,0.15948275862068967,0.008618067525093785,0.9806860586575747,1.9715799768825948,0.487499897070789
512,D005_Pnative.mesh_512.raw,sample0.05_reference0.1,-46,-44,0.5,232,0.579999877540631,9863,0.017236558350547174,0.3706896551724138,0.02950420764473284,0.9806860586575747,1.9715799768825948,0.3649999229350523
512,D005_Pnative.mesh_512.raw,sample0.05_reference0.1,-46,-44,1.0,232,0.579999877540631,9863,0.017236558350547174,0.5387931034482759,0.10534320186555815,0.9806860586575747,1.9715799768825948,0.26749994352089446
512,D005_Pnative.mesh_512.raw,sample0.05_reference0.1,-46,-44,2.0,232,0.579999877540631,9863,0.017236558350547174,0.9870689655172413,0.48889790124708504,0.9806860586575747,1.9715799768825948,0.0074999984164736775
512,D005_Pnative.mesh_512.raw,sample0.05_reference0.1,-44,-42,0.1,383524,958.8097975598835,131947,0.23059030362766378,0.061698876732616474,0.051937520368026555,0.5180227930370829,0.51000387471226,899.6523100502113
512,D005_Pnative.mesh_512.raw,sample0.05_reference0.1,-44,-42,0.2,383524,958.8097975598835,131947,0.23059030362766378,0.1747921903192499,0.14198882884794653,0.5180227930370829,0.51000387471226,791.2173329448349
512,D005_Pnative.mesh_512.raw,sample0.05_reference0.1,-44,-42,0.25,383524,958.8097975598835,131947,0.23059030362766378,0.25766314494008197,0.21340386670405542,0.5180227930370829,0.51000387471226,711.7598497212406
512,D005_Pnative.mesh_512.raw,sample0.05_reference0.1,-44,-42,0.5,383524,958.8097975598835,131947,0.23059030362766378,0.6354491505094857,0.602537382433856,0.5180227930370829,0.51000387471226,349.53492620028356
512,D005_Pnative.mesh_512.raw,sample0.05_reference0.1,-44,-42,1.0,383524,958.8097975598835,131947,0.23059030362766378,0.8877149800273255,0.916648351231934,0.5180227930370829,0.51000387471226,107.65997726900747
512,D005_Pnative.mesh_512.raw,sample0.05_reference0.1,-44,-42,2.0,383524,958.8097975598835,131947,0.23059030362766378,0.9892705541243834,0.9935428619066746,0.5180227930370829,0.51000387471226,10.287497827929727
512,D005_Pnative.mesh_512.raw,sample0.05_reference0.1,-42,-40,0.1,157092,392.7299170802276,19285,0.03370242601544177,0.0914432307183052,0.17490277417682137,0.8778441088641455,0.38381028360073777,356.8174246626795
512,D005_Pnative.mesh_512.raw,sample0.05_reference0.1,-42,-40,0.2,157092,392.7299170802276,19285,0.03370242601544177,0.20677692053064448,0.3273010111485611,0.8778441088641455,0.38381028360073777,311.5224342261228
512,D005_Pnative.mesh_512.raw,sample0.05_reference0.1,-42,-40,0.25,157092,392.7299170802276,19285,0.03370242601544177,0.2688806559213709,0.40762250453720505,0.8778441088641455,0.38381028360073777,287.13243937575044
512,D005_Pnative.mesh_512.raw,sample0.05_reference0.1,-42,-40,0.5,157092,392.7299170802276,19285,0.03370242601544177,0.5152649402897665,0.7421311900440757,0.8778441088641455,0.38381028360073777,190.36995980587918
512,D005_Pnative.mesh_512.raw,sample0.05_reference0.1,-42,-40,1.0,157092,392.7299170802276,19285,0.03370242601544177,0.7746416112851068,0.9539538501425979,0.8778441088641455,0.38381028360073777,88.5049813133337
512,D005_Pnative.mesh_512.raw,sample0.05_reference0.1,-42,-40,2.0,157092,392.7299170802276,19285,0.03370242601544177,0.9395386143151784,0.993155302048224,0.8778441088641455,0.38381028360073777,23.74499498655566
512,D005_Pnative.mesh_512.raw,sample0.05_reference0.1,-40,-38,0.1,97236,243.08994867474482,19431,0.03395757531273265,0.18549714097659303,0.22417786012042612,0.586422303312046,0.3852573117184491,197.99745819543293
512,D005_Pnative.mesh_512.raw,sample0.05_reference0.1,-40,-38,0.2,97236,243.08994867474482,19431,0.03395757531273265,0.4181578839113086,0.44254027070145646,0.586422303312046,0.3852573117184491,141.43997013680493
512,D005_Pnative.mesh_512.raw,sample0.05_reference0.1,-40,-38,0.25,97236,243.08994867474482,19431,0.03395757531273265,0.4869595623020281,0.5151047295558644,0.586422303312046,0.3852573117184491,124.71497366806862
512,D005_Pnative.mesh_512.raw,sample0.05_reference0.1,-40,-38,0.5,97236,243.08994867474482,19431,0.03395757531273265,0.6305072195483155,0.7345478873964284,0.586422303312046,0.3852573117184491,89.81998103568876
512,D005_Pnative.mesh_512.raw,sample0.05_reference0.1,-40,-38,1.0,97236,243.08994867474482,19431,0.03395757531273265,0.9082952815829528,0.9186351706036745,0.586422303312046,0.3852573117184491,22.292495293231926
512,D005_Pnative.mesh_512.raw,sample0.05_reference0.1,-40,-38,2.0,97236,243.08994867474482,19431,0.03395757531273265,0.963861121395368,0.9879573876794813,0.586422303312046,0.3852573117184491,8.784998145162835
512,D005_Pnative.mesh_512.raw,sample0.05_reference0.1,-38,-36,0.1,96173,240.43244923584098,20650,0.03608789718531878,0.12554459151736974,0.1431961259079903,0.538684796917042,0.5237513120413956,210.24745560900658
512,D005_Pnative.mesh_512.raw,sample0.05_reference0.1,-38,-36,0.2,96173,240.43244923584098,20650,0.03608789718531878,0.31472450687822984,0.2845036319612591,0.538684796917042,0.5237513120413956,164.7624652125659
512,D005_Pnative.mesh_512.raw,sample0.05_reference0.1,-38,-36,0.25,96173,240.43244923584098,20650,0.03608789718531878,0.39797032431139717,0.3491041162227603,0.538684796917042,0.5237513120413956,144.7474694384698
512,D005_Pnative.mesh_512.raw,sample0.05_reference0.1,-38,-36,0.5,96173,240.43244923584098,20650,0.03608789718531878,0.631632578790305,0.5450847457627118,0.538684796917042,0.5237513120413956,88.56748130013766
512,D005_Pnative.mesh_512.raw,sample0.05_reference0.1,-38,-36,1.0,96173,240.43244923584098,20650,0.03608789718531878,0.909506826240213,0.8553026634382567,0.538684796917042,0.5237513120413956,21.757495406190138
512,D005_Pnative.mesh_512.raw,sample0.05_reference0.1,-38,-36,2.0,96173,240.43244923584098,20650,0.03608789718531878,0.9639087893691577,0.9946731234866828,0.538684796917042,0.5237513120413956,8.677498167860044
512,D005_Pnative.mesh_512.raw,sample0.05_reference0.1,-36,-34,0.1,73169,182.92246137832083,18362,0.032089393129143995,0.0899424619716,0.09329049123189195,0.5928818118965903,0.7796879246619218,166.46996485204974
512,D005_Pnative.mesh_512.raw,sample0.05_reference0.1,-36,-34,0.2,73169,182.92246137832083,18362,0.032089393129143995,0.3293744618622641,0.25639908506698617,0.5928818118965903,0.7796879246619218,122.67247409931562
512,D005_Pnative.mesh_512.raw,sample0.05_reference0.1,-36,-34,0.25,73169,182.92246137832083,18362,0.032089393129143995,0.4147794831144337,0.313527938133101,0.5928818118965903,0.7796879246619218,107.04997739780094
512,D005_Pnative.mesh_512.raw,sample0.05_reference0.1,-36,-34,0.5,73169,182.92246137832083,18362,0.032089393129143995,0.7185693394743675,0.5619758196274915,0.5928818118965903,0.7796879246619218,51.47998913067532
512,D005_Pnative.mesh_512.raw,sample0.05_reference0.1,-36,-34,1.0,73169,182.92246137832083,18362,0.032089393129143995,0.8905274091486832,0.7522601023853611,0.5928818118965903,0.7796879246619218,20.024995771984717
512,D005_Pnative.mesh_512.raw,sample0.05_reference0.1,-36,-34,2.0,73169,182.92246137832083,18362,0.032089393129143995,0.917888723366453,0.8957085284827361,0.5928818118965903,0.7796879246619218,15.019996828724617
512,D005_Pnative.mesh_512.raw,sample0.05_reference0.1,-34,-32,0.1,115595,288.98743898409157,21320,0.037258787796174156,0.05936242917081189,0.08832082551594747,0.699893447153121,1.0352415259094625,271.8324426061441
512,D005_Pnative.mesh_512.raw,sample0.05_reference0.1,-34,-32,0.2,115595,288.98743898409157,21320,0.037258787796174156,0.18110644924088412,0.21969981238273922,0.699893447153121,1.0352415259094625,236.6499500344661
512,D005_Pnative.mesh_512.raw,sample0.05_reference0.1,-34,-32,0.25,115595,288.98743898409157,21320,0.037258787796174156,0.27684588433755786,0.3077861163227017,0.699893447153121,1.0352415259094625,208.9824558760947
512,D005_Pnative.mesh_512.raw,sample0.05_reference0.1,-34,-32,0.5,115595,288.98743898409157,21320,0.037258787796174156,0.5576711795492885,0.599437148217636,0.699893447153121,1.0352415259094625,127.8274730109052
512,D005_Pnative.mesh_512.raw,sample0.05_reference0.1,-34,-32,1.0,115595,288.98743898409157,21320,0.037258787796174156,0.7231541156624421,0.6783771106941838,0.699893447153121,1.0352415259094625,80.00498310799686
512,D005_Pnative.mesh_512.raw,sample0.05_reference0.1,-34,-32,2.0,115595,288.98743898409157,21320,0.037258787796174156,0.9507072105194861,0.7761726078799249,0.699893447153121,1.0352415259094625,14.24499699235567
512,D005_Pnative.mesh_512.raw,sample0.05_reference0.1,-32,-30,0.1,189867,474.6673997802026,105714,0.18474556721785906,0.0490132566480747,0.025606825964394498,0.6247117385501743,0.9759826333551002,451.4024046923012
512,D005_Pnative.mesh_512.raw,sample0.05_reference0.1,-32,-30,0.2,189867,474.6673997802026,105714,0.18474556721785906,0.20302106211189938,0.08895699718107346,0.6247117385501743,0.9759826333551002,378.29992012693225
512,D005_Pnative.mesh_512.raw,sample0.05_reference0.1,-32,-30,0.25,189867,474.6673997802026,105714,0.18474556721785906,0.30909004724359684,0.1392909170024784,0.6247117385501743,0.9759826333551002,327.9524307571445
512,D005_Pnative.mesh_512.raw,sample0.05_reference0.1,-32,-30,0.5,189867,474.6673997802026,105714,0.18474556721785906,0.6036962716006468,0.3325198176211287,0.6247117385501743,0.9759826333551002,188.1124602825206
512,D005_Pnative.mesh_512.raw,sample0.05_reference0.1,-32,-30,1.0,189867,474.6673997802026,105714,0.18474556721785906,0.8166716701691183,0.6541990654028794,0.6247117385501743,0.9759826333551002,87.01998162687191
512,D005_Pnative.mesh_512.raw,sample0.05_reference0.1,-32,-30,2.0,189867,474.6673997802026,105714,0.18474556721785906,0.9337062259371034,0.9082713737064154,0.6247117385501743,0.9759826333551002,31.467493356051392
512,D005_Pnative.mesh_512.raw,sample0.05_reference0.1,-30,-28,0.1,557167,1392.9172059037965,91135,0.15926733704523133,0.06431285413529517,0.1085751906512317,0.6695241876308791,0.6626154011473577,1303.3347248179628
512,D005_Pnative.mesh_512.raw,sample0.05_reference0.1,-30,-28,0.2,557167,1392.9172059037965,91135,0.15926733704523133,0.1547417560623655,0.21408898886267624,0.6695241876308791,0.6626154011473577,1177.3747514127595
512,D005_Pnative.mesh_512.raw,sample0.05_reference0.1,-30,-28,0.25,557167,1392.9172059037965,91135,0.15926733704523133,0.21115931130163848,0.2758325560980962,0.6695241876308791,0.6626154011473577,1098.7897680049482
512,D005_Pnative.mesh_512.raw,sample0.05_reference0.1,-30,-28,0.5,557167,1392.9172059037965,91135,0.15926733704523133,0.47734700727071055,0.5887419761891699,0.6695241876308791,0.6626154011473577,728.0123462897391
512,D005_Pnative.mesh_512.raw,sample0.05_reference0.1,-30,-28,1.0,557167,1392.9172059037965,91135,0.15926733704523133,0.7770596607480342,0.9169144675481429,0.6695241876308791,0.6626154011473577,310.5374344340926
512,D005_Pnative.mesh_512.raw,sample0.05_reference0.1,-30,-28,2.0,557167,1392.9172059037965,91135,0.15926733704523133,0.9787837398840922,0.9351840675920338,0.6695241876308791,0.6626154011473577,29.552493760378447
512,D005_Pnative.mesh_512.raw,sample0.05_reference0.1,-28,-26,0.1,427600,1068.9997742947148,111853,0.19547407088956228,0.1438797942001871,0.16901647698318328,0.5600516681810906,0.6572511308322978,915.1923067691448
512,D005_Pnative.mesh_512.raw,sample0.05_reference0.1,-28,-26,0.2,427600,1068.9997742947148,111853,0.19547407088956228,0.2895112254443405,0.30707267574405694,0.5600516681810906,0.6572511308322978,759.5123396389284
512,D005_Pnative.mesh_512.raw,sample0.05_reference0.1,-28,-26,0.25,427600,1068.9997742947148,111853,0.19547407088956228,0.34706501403180545,0.3643353329816813,0.5600516681810906,0.6572511308322978,697.9873526291227
512,D005_Pnative.mesh_512.raw,sample0.05_reference0.1,-28,-26,0.5,427600,1068.9997742947148,111853,0.19547407088956228,0.5343942937324603,0.5529757807121848,0.5600516681810906,0.6572511308322978,497.73239491033127
512,D005_Pnative.mesh_512.raw,sample0.05_reference0.1,-28,-26,1.0,427600,1068.9997742947148,111853,0.19547407088956228,0.8135594013096352,0.7835730825279608,0.5600516681810906,0.6572511308322978,199.3049579193715
512,D005_Pnative.mesh_512.raw,sample0.05_reference0.1,-28,-26,2.0,427600,1068.9997742947148,111853,0.19547407088956228,1.0,0.9702734839476813,0.5600516681810906,0.6572511308322978,0.0
512,D005_Pnative.mesh_512.raw,sample0.05_reference0.1,-26,-24,0.1,63976,159.9399662307733,8939,0.015621777866322739,0.04034325372014506,0.069358988701197,1.6209468150475301,1.9685348893963128,153.4874675931338
512,D005_Pnative.mesh_512.raw,sample0.05_reference0.1,-26,-24,0.2,63976,159.9399662307733,8939,0.015621777866322739,0.10050643991496812,0.13469068128425998,1.6209468150475301,1.9685348893963128,143.86496962479808
512,D005_Pnative.mesh_512.raw,sample0.05_reference0.1,-26,-24,0.25,63976,159.9399662307733,8939,0.015621777866322739,0.1281105414530449,0.16858709027855465,1.6209468150475301,1.9685348893963128,139.44997055696723
512,D005_Pnative.mesh_512.raw,sample0.05_reference0.1,-26,-24,0.5,63976,159.9399662307733,8939,0.015621777866322739,0.23164936851319246,0.2979080434053026,1.6209468150475301,1.9685348893963128,122.88997405339336
512,D005_Pnative.mesh_512.raw,sample0.05_reference0.1,-26,-24,1.0,63976,159.9399662307733,8939,0.015621777866322739,0.3181661873202451,0.4669426110303166,1.6209468150475301,1.9685348893963128,109.05247697499942
512,D005_Pnative.mesh_512.raw,sample0.05_reference0.1,-26,-24,2.0,63976,159.9399662307733,8939,0.015621777866322739,0.6016943853945229,0.5516276988477459,1.6209468150475301,1.9685348893963128,63.70498654952741
512,D005_Pnative.mesh_512.raw,sample0.05_reference0.1,-24,-22,0.1,6209,15.522496722628354,2076,0.003628013295725026,0.07005959091641166,0.03516377649325626,1.020494610876115,1.8331552503001562,14.43499695223967
512,D005_Pnative.mesh_512.raw,sample0.05_reference0.1,-24,-22,0.2,6209,15.522496722628354,2076,0.003628013295725026,0.19439523272668707,0.06454720616570328,1.020494610876115,1.8331552503001562,12.504997359733778
512,D005_Pnative.mesh_512.raw,sample0.05_reference0.1,-24,-22,0.25,6209,15.522496722628354,2076,0.003628013295725026,0.23836366564664196,0.08188824662813102,1.020494610876115,1.8331552503001562,11.822497503834674
512,D005_Pnative.mesh_512.raw,sample0.05_reference0.1,-24,-22,0.5,6209,15.522496722628354,2076,0.003628013295725026,0.4334031244966983,0.17485549132947978,1.020494610876115,1.8331552503001562,8.794998143051465
512,D005_Pnative.mesh_512.raw,sample0.05_reference0.1,-24,-22,1.0,6209,15.522496722628354,2076,0.003628013295725026,0.4751167659848607,0.3603082851637765,1.020494610876115,1.8331552503001562,8.147498279762571
512,D005_Pnative.mesh_512.raw,sample0.05_reference0.1,-24,-22,2.0,6209,15.522496722628354,2076,0.003628013295725026,0.9410533097117089,0.6926782273603083,1.020494610876115,1.8331552503001562,0.9149998068097887
512,D005_Pnative.mesh_512.raw,sample0.05_reference0.1,-22,-20,0.1,1696,4.239999104779786,1994,0.0034847102657397408,0.12323113207547169,0.017051153460381142,0.23298634942768004,1.3532211672305985,3.717499215098786
512,D005_Pnative.mesh_512.raw,sample0.05_reference0.1,-22,-20,0.2,1696,4.239999104779786,1994,0.0034847102657397408,0.42924528301886794,0.02708124373119358,0.23298634942768004,1.3532211672305985,2.41999948904884
512,D005_Pnative.mesh_512.raw,sample0.05_reference0.1,-22,-20,0.25,1696,4.239999104779786,1994,0.0034847102657397408,0.5672169811320755,0.0320962888665998,0.23298634942768004,1.3532211672305985,1.834999612563893
512,D005_Pnative.mesh_512.raw,sample0.05_reference0.1,-22,-20,0.5,1696,4.239999104779786,1994,0.0034847102657397408,0.9852594339622641,0.0757271815446339,0.23298634942768004,1.3532211672305985,0.06249998680394731
512,D005_Pnative.mesh_512.raw,sample0.05_reference0.1,-22,-20,1.0,1696,4.239999104779786,1994,0.0034847102657397408,1.0,0.25175526579739216,0.23298634942768004,1.3532211672305985,0.0
512,D005_Pnative.mesh_512.raw,sample0.05_reference0.1,-22,-20,2.0,1696,4.239999104779786,1994,0.0034847102657397408,1.0,0.8681043129388164,0.23298634942768004,1.3532211672305985,0.0
512,D005_Pnative.mesh_512.raw,sample0.05_reference0.1,-20,-18,0.1,0,0.0,1238,0.002163526233192477,,0.0,,1.8395400886967033,0.0
512,D005_Pnative.mesh_512.raw,sample0.05_reference0.1,-20,-18,0.2,0,0.0,1238,0.002163526233192477,,0.0,,1.8395400886967033,0.0
512,D005_Pnative.mesh_512.raw,sample0.05_reference0.1,-20,-18,0.25,0,0.0,1238,0.002163526233192477,,0.0,,1.8395400886967033,0.0
512,D005_Pnative.mesh_512.raw,sample0.05_reference0.1,-20,-18,0.5,0,0.0,1238,0.002163526233192477,,0.0008077544426494346,,1.8395400886967033,0.0
512,D005_Pnative.mesh_512.raw,sample0.05_reference0.1,-20,-18,1.0,0,0.0,1238,0.002163526233192477,,0.03796445880452343,,1.8395400886967033,0.0
512,D005_Pnative.mesh_512.raw,sample0.05_reference0.1,-20,-18,2.0,0,0.0,1238,0.002163526233192477,,0.6058158319870759,,1.8395400886967033,0.0
512,D005_Pnative.mesh_512.raw,sample0.05_reference0.1,-18,-16,0.1,0,0.0,177,0.0003093248330170181,,0.0,,2.7065702494928394,0.0
512,D005_Pnative.mesh_512.raw,sample0.05_reference0.1,-18,-16,0.2,0,0.0,177,0.0003093248330170181,,0.0,,2.7065702494928394,0.0
512,D005_Pnative.mesh_512.raw,sample0.05_reference0.1,-18,-16,0.25,0,0.0,177,0.0003093248330170181,,0.0,,2.7065702494928394,0.0
512,D005_Pnative.mesh_512.raw,sample0.05_reference0.1,-18,-16,0.5,0,0.0,177,0.0003093248330170181,,0.0,,2.7065702494928394,0.0
512,D005_Pnative.mesh_512.raw,sample0.05_reference0.1,-18,-16,1.0,0,0.0,177,0.0003093248330170181,,0.0,,2.7065702494928394,0.0
512,D005_Pnative.mesh_512.raw,sample0.05_reference0.1,-18,-16,2.0,0,0.0,177,0.0003093248330170181,,0.0,,2.7065702494928394,0.0
512,D0005_Pnative.mesh_512.raw,sample0.05_reference0.1,-50,-48,0.1,0,0.0,615,0.0010747727248896393,,0.0,,6.865973060111689,0.0
512,D0005_Pnative.mesh_512.raw,sample0.05_reference0.1,-50,-48,0.2,0,0.0,615,0.0010747727248896393,,0.0,,6.865973060111689,0.0
512,D0005_Pnative.mesh_512.raw,sample0.05_reference0.1,-50,-48,0.25,0,0.0,615,0.0010747727248896393,,0.0,,6.865973060111689,0.0
512,D0005_Pnative.mesh_512.raw,sample0.05_reference0.1,-50,-48,0.5,0,0.0,615,0.0010747727248896393,,0.0,,6.865973060111689,0.0
512,D0005_Pnative.mesh_512.raw,sample0.05_reference0.1,-50,-48,1.0,0,0.0,615,0.0010747727248896393,,0.0,,6.865973060111689,0.0
512,D0005_Pnative.mesh_512.raw,sample0.05_reference0.1,-50,-48,2.0,0,0.0,615,0.0010747727248896393,,0.0,,6.865973060111689,0.0
512,D0005_Pnative.mesh_512.raw,sample0.05_reference0.1,-48,-46,0.1,0,0.0,7615,0.013307958211438377,,0.0,,5.534166384995649,0.0
512,D0005_Pnative.mesh_512.raw,sample0.05_reference0.1,-48,-46,0.2,0,0.0,7615,0.013307958211438377,,0.0,,5.534166384995649,0.0
512,D0005_Pnative.mesh_512.raw,sample0.05_reference0.1,-48,-46,0.25,0,0.0,7615,0.013307958211438377,,0.0,,5.534166384995649,0.0
512,D0005_Pnative.mesh_512.raw,sample0.05_reference0.1,-48,-46,0.5,0,0.0,7615,0.013307958211438377,,0.0,,5.534166384995649,0.0
512,D0005_Pnative.mesh_512.raw,sample0.05_reference0.1,-48,-46,1.0,0,0.0,7615,0.013307958211438377,,0.0,,5.534166384995649,0.0
512,D0005_Pnative.mesh_512.raw,sample0.05_reference0.1,-48,-46,2.0,0,0.0,7615,0.013307958211438377,,0.0,,5.534166384995649,0.0
512,D0005_Pnative.mesh_512.raw,sample0.05_reference0.1,-46,-44,0.1,0,0.0,9863,0.017236558350547174,,0.0,,2.823015459202903,0.0
512,D0005_Pnative.mesh_512.raw,sample0.05_reference0.1,-46,-44,0.2,0,0.0,9863,0.017236558350547174,,0.0,,2.823015459202903,0.0
512,D0005_Pnative.mesh_512.raw,sample0.05_reference0.1,-46,-44,0.25,0,0.0,9863,0.017236558350547174,,0.0,,2.823015459202903,0.0
512,D0005_Pnative.mesh_512.raw,sample0.05_reference0.1,-46,-44,0.5,0,0.0,9863,0.017236558350547174,,0.0,,2.823015459202903,0.0
512,D0005_Pnative.mesh_512.raw,sample0.05_reference0.1,-46,-44,1.0,0,0.0,9863,0.017236558350547174,,0.0002027780594139714,,2.823015459202903,0.0
512,D0005_Pnative.mesh_512.raw,sample0.05_reference0.1,-46,-44,2.0,0,0.0,9863,0.017236558350547174,,0.05535841022001419,,2.823015459202903,0.0
512,D0005_Pnative.mesh_512.raw,sample0.05_reference0.1,-44,-42,0.1,177671,444.17745638634256,131947,0.23059030362766378,0.031862262271276684,0.01018590797820337,0.8567012334245099,1.5141497901826302,430.0249577759723
512,D0005_Pnative.mesh_512.raw,sample0.05_reference0.1,-44,-42,0.2,177671,444.17745638634256,131947,0.23059030362766378,0.09555301653055366,0.025244984728716835,0.8567012334245099,1.5141497901826302,401.7349605537591
512,D0005_Pnative.mesh_512.raw,sample0.05_reference0.1,-44,-42,0.25,177671,444.17745638634256,131947,0.23059030362766378,0.13562708601853987,0.036128142360190074,0.8567012334245099,1.5141497901826302,383.93496230153585
512,D0005_Pnative.mesh_512.raw,sample0.05_reference0.1,-44,-42,0.5,177671,444.17745638634256,131947,0.23059030362766378,0.35665921844307735,0.11766845778987017,0.8567012334245099,1.5141497901826302,285.75747194155554
512,D0005_Pnative.mesh_512.raw,sample0.05_reference0.1,-44,-42,1.0,177671,444.17745638634256,131947,0.23059030362766378,0.5754005999853662,0.2946258725094167,0.8567012334245099,1.5141497901826302,188.59748148166722
512,D0005_Pnative.mesh_512.raw,sample0.05_reference0.1,-44,-42,2.0,177671,444.17745638634256,131947,0.23059030362766378,1.0,0.7622151318332361,0.8567012334245099,1.5141497901826302,0.0
512,D0005_Pnative.mesh_512.raw,sample0.05_reference0.1,-42,-40,0.1,215709,539.2724470489926,19285,0.03370242601544177,0.03157031000097353,0.08514389421830439,1.225492653186743,0.5658600886870431,522.2474487206723
512,D0005_Pnative.mesh_512.raw,sample0.05_reference0.1,-42,-40,0.2,215709,539.2724470489926,19285,0.03370242601544177,0.10034815422629562,0.21285973554576096,1.225492653186743,0.5658600886870431,485.1574523625285
512,D0005_Pnative.mesh_512.raw,sample0.05_reference0.1,-42,-40,0.25,215709,539.2724470489926,19285,0.03370242601544177,0.14216374838323853,0.2888255120560021,1.225492653186743,0.5658600886870431,462.6074545767063
512,D0005_Pnative.mesh_512.raw,sample0.05_reference0.1,-42,-40,0.5,215709,539.2724470489926,19285,0.03370242601544177,0.29051175426152825,0.548716619134042,1.225492653186743,0.5658600886870431,382.60746243188265
512,D0005_Pnative.mesh_512.raw,sample0.05_reference0.1,-42,-40,1.0,215709,539.2724470489926,19285,0.03370242601544177,0.4618444293005855,0.8651283380865958,1.225492653186743,0.5658600886870431,290.2124715041204
512,D0005_Pnative.mesh_512.raw,sample0.05_reference0.1,-42,-40,2.0,215709,539.2724470489926,19285,0.03370242601544177,0.8002215948337807,0.988955146486907,1.225492653186743,0.5658600886870431,107.73498942153219
512,D0005_Pnative.mesh_512.raw,sample0.05_reference0.1,-40,-38,0.1,83572,208.92997948522506,19431,0.03395757531273265,0.13892212702819126,0.15382635994030158,0.499364953431334,0.47693455623316766,179.90498233518122
512,D0005_Pnative.mesh_512.raw,sample0.05_reference0.1,-40,-38,0.2,83572,208.92997948522506,19431,0.03395757531273265,0.395240032546786,0.3564407390252689,0.499364953431334,0.47693455623316766,126.35248759348536
512,D0005_Pnative.mesh_512.raw,sample0.05_reference0.1,-40,-38,0.25,83572,208.92997948522506,19431,0.03395757531273265,0.4942325180682525,0.4335340435386753,0.499364953431334,0.47693455623316766,105.66998962429393
512,D0005_Pnative.mesh_512.raw,sample0.05_reference0.1,-40,-38,0.5,83572,208.92997948522506,19431,0.03395757531273265,0.6082898578471259,0.5906026452575781,0.499364953431334,0.47693455623316766,81.83999196415459
512,D0005_Pnative.mesh_512.raw,sample0.05_reference0.1,-40,-38,1.0,83572,208.92997948522506,19431,0.03395757531273265,0.9080912267266549,0.8944470176522052,0.499364953431334,0.47693455623316766,19.2024981145122
512,D0005_Pnative.mesh_512.raw,sample0.05_reference0.1,-40,-38,2.0,83572,208.92997948522506,19431,0.03395757531273265,0.9780668166371512,0.9970150789974782,0.499364953431334,0.47693455623316766,4.5824995500456795
512,D0005_Pnative.mesh_512.raw,sample0.05_reference0.1,-38,-36,0.1,67631,169.07748339833026,20650,0.03608789718531878,0.051026895950082064,0.04605326876513317,0.4022058729991767,0.834497361092884,160.44998424546193
512,D0005_Pnative.mesh_512.raw,sample0.05_reference0.1,-38,-36,0.2,67631,169.07748339833026,20650,0.03608789718531878,0.2963286067040263,0.20886198547215495,0.4022058729991767,0.834497361092884,118.97498831787992
512,D0005_Pnative.mesh_512.raw,sample0.05_reference0.1,-38,-36,0.25,67631,169.07748339833026,20650,0.03608789718531878,0.4713223226035398,0.3017917675544794,0.4022058729991767,0.834497361092884,89.3874912230678
512,D0005_Pnative.mesh_512.raw,sample0.05_reference0.1,-38,-36,0.5,67631,169.07748339833026,20650,0.03608789718531878,0.6573760553592287,0.4373365617433414,0.4022058729991767,0.834497361092884,57.92999431187042
512,D0005_Pnative.mesh_512.raw,sample0.05_reference0.1,-38,-36,1.0,67631,169.07748339833026,20650,0.03608789718531878,0.9625024027443037,0.7047457627118644,0.4022058729991767,0.834497361092884,6.339999377477274
512,D0005_Pnative.mesh_512.raw,sample0.05_reference0.1,-38,-36,2.0,67631,169.07748339833026,20650,0.03608789718531878,0.9968209844597892,0.9021307506053269,0.4022058729991767,0.834497361092884,0.5374999472230338
512,D0005_Pnative.mesh_512.raw,sample0.05_reference0.1,-36,-34,0.1,70046,175.1149828055099,18362,0.032089393129143995,0.024640950232704222,0.02929964056203028,0.37200857506702006,1.0181127758595567,170.7999832291985
512,D0005_Pnative.mesh_512.raw,sample0.05_reference0.1,-36,-34,0.2,70046,175.1149828055099,18362,0.032089393129143995,0.29016646203923135,0.24305631194858948,0.37200857506702006,1.0181127758595567,124.30248779477427
512,D0005_Pnative.mesh_512.raw,sample0.05_reference0.1,-36,-34,0.25,70046,175.1149828055099,18362,0.032089393129143995,0.5280672700796619,0.3948371637076571,0.37200857506702006,1.0181127758595567,82.64249188535734
512,D0005_Pnative.mesh_512.raw,sample0.05_reference0.1,-36,-34,0.5,70046,175.1149828055099,18362,0.032089393129143995,0.7379150843731263,0.5437316196492756,0.37200857506702006,1.0181127758595567,45.894995493583515
512,D0005_Pnative.mesh_512.raw,sample0.05_reference0.1,-36,-34,1.0,70046,175.1149828055099,18362,0.032089393129143995,0.9666076578248579,0.7158261627273718,0.37200857506702006,1.0181127758595567,5.847499425835704
512,D0005_Pnative.mesh_512.raw,sample0.05_reference0.1,-36,-34,2.0,70046,175.1149828055099,18362,0.032089393129143995,0.9951603232161722,0.8097157172421305,0.37200857506702006,1.0181127758595567,0.8474999167842255
512,D0005_Pnative.mesh_512.raw,sample0.05_reference0.1,-34,-32,0.1,62483,156.20748466203173,21320,0.037258787796174156,0.00989069026775283,0.008067542213883677,0.32925600681453604,1.4928743739971257,154.66248481373484
512,D0005_Pnative.mesh_512.raw,sample0.05_reference0.1,-34,-32,0.2,62483,156.20748466203173,21320,0.037258787796174156,0.1972376486404302,0.13367729831144465,0.32925600681453604,1.4928743739971257,125.39748768725654
512,D0005_Pnative.mesh_512.raw,sample0.05_reference0.1,-34,-32,0.25,62483,156.20748466203173,21320,0.037258787796174156,0.3941552102171791,0.23752345215759849,0.32925600681453604,1.4928743739971257,94.63749070757184
512,D0005_Pnative.mesh_512.raw,sample0.05_reference0.1,-34,-32,0.5,62483,156.20748466203173,21320,0.037258787796174156,0.8925947857817327,0.5701688555347092,0.32925600681453604,1.4928743739971257,16.777498352622235
512,D0005_Pnative.mesh_512.raw,sample0.05_reference0.1,-34,-32,1.0,62483,156.20748466203173,21320,0.037258787796174156,0.9895011443112527,0.651641651031895,0.32925600681453604,1.4928743739971257,1.6399998389688848
512,D0005_Pnative.mesh_512.raw,sample0.05_reference0.1,-34,-32,2.0,62483,156.20748466203173,21320,0.037258787796174156,0.994670550389706,0.7179643527204502,0.32925600681453604,1.4928743739971257,0.832499918257071
512,D0005_Pnative.mesh_512.raw,sample0.05_reference0.1,-32,-30,0.1,93088,232.719977149292,105714,0.18474556721785906,0.03854417325541423,0.010121648977429669,0.32114002533003916,1.154018558509254,223.74997803005363
512,D0005_Pnative.mesh_512.raw,sample0.05_reference0.1,-32,-30,0.2,93088,232.719977149292,105714,0.18474556721785906,0.23127578205568924,0.056302854872580736,0.32114002533003916,1.154018558509254,178.89748243410736
512,D0005_Pnative.mesh_512.raw,sample0.05_reference0.1,-32,-30,0.25,93088,232.719977149292,105714,0.18474556721785906,0.41115933310415953,0.10119757080424542,0.32114002533003916,1.154018558509254,137.03498654457385
512,D0005_Pnative.mesh_512.raw,sample0.05_reference0.1,-32,-30,0.5,93088,232.719977149292,105714,0.18474556721785906,0.9136193709178412,0.27897913237603345,0.32114002533003916,1.154018558509254,20.10249802614147
512,D0005_Pnative.mesh_512.raw,sample0.05_reference0.1,-32,-30,1.0,93088,232.719977149292,105714,0.18474556721785906,0.9841547782743211,0.5430501163516658,0.32114002533003916,1.154018558509254,3.6874996379254648
512,D0005_Pnative.mesh_512.raw,sample0.05_reference0.1,-32,-30,2.0,93088,232.719977149292,105714,0.18474556721785906,0.9931677552423513,0.8815388690239704,0.32114002533003916,1.154018558509254,1.58999984387837
512,D0005_Pnative.mesh_512.raw,sample0.05_reference0.1,-30,-28,0.1,383102,957.7549059583197,91135,0.15926733704523133,0.056940449279826263,0.06743841553738959,0.4733331289236111,0.6991778081635694,903.2199113130952
512,D0005_Pnative.mesh_512.raw,sample0.05_reference0.1,-30,-28,0.2,383102,957.7549059583197,91135,0.15926733704523133,0.14687994320050535,0.133099248367806,0.4733331289236111,0.6991778081635694,817.0799197711563
512,D0005_Pnative.mesh_512.raw,sample0.05_reference0.1,-30,-28,0.25,383102,957.7549059583197,91135,0.15926733704523133,0.21479919186013124,0.19065123168925222,0.4733331289236111,0.6991778081635694,752.0299261583966
512,D0005_Pnative.mesh_512.raw,sample0.05_reference0.1,-30,-28,0.5,383102,957.7549059583197,91135,0.15926733704523133,0.5832102155561705,0.5303560651780326,0.4733331289236111,0.6991778081635694,399.1824608043883
512,D0005_Pnative.mesh_512.raw,sample0.05_reference0.1,-30,-28,1.0,383102,957.7549059583197,91135,0.15926733704523133,0.953868682491869,0.907444999177045,0.4733331289236111,0.6991778081635694,44.182495661733384
512,D0005_Pnative.mesh_512.raw,sample0.05_reference0.1,-30,-28,2.0,383102,957.7549059583197,91135,0.15926733704523133,0.9995014382592625,0.9356339496351567,0.4733331289236111,0.6991778081635694,0.4774999531144161
512,D0005_Pnative.mesh_512.raw,sample0.05_reference0.1,-28,-26,0.1,374029,935.0724081855076,111853,0.19547407088956228,0.0819749270778469,0.08105281038505896,0.4154127121658277,0.5481683405884602,858.4199157119939
512,D0005_Pnative.mesh_512.raw,sample0.05_reference0.1,-28,-26,0.2,374029,935.0724081855076,111853,0.19547407088956228,0.19535116261038582,0.16683504242174998,0.4154127121658277,0.5481683405884602,752.4049261215754
512,D0005_Pnative.mesh_512.raw,sample0.05_reference0.1,-28,-26,0.25,374029,935.0724081855076,111853,0.19547407088956228,0.26212405989909876,0.2195292035081759,0.4154127121658277,0.5481683405884602,689.9674322522951
512,D0005_Pnative.mesh_512.raw,sample0.05_reference0.1,-28,-26,0.5,374029,935.0724081855076,111853,0.19547407088956228,0.6463990760074754,0.595898187800059,0.4154127121658277,0.5481683405884602,330.64246753431064
512,D0005_Pnative.mesh_512.raw,sample0.05_reference0.1,-28,-26,1.0,374029,935.0724081855076,111853,0.19547407088956228,0.9975830751091493,0.9560762786872056,0.4154127121658277,0.5481683405884602,2.259999778091268
512,D0005_Pnative.mesh_512.raw,sample0.05_reference0.1,-28,-26,2.0,374029,935.0724081855076,111853,0.19547407088956228,1.0,0.9706489767820264,0.4154127121658277,0.5481683405884602,0.0
512,D0005_Pnative.mesh_512.raw,sample0.05_reference0.1,-26,-24,0.1,19789,49.472495142309846,8939,0.015621777866322739,0.16221132952650463,0.08736995189618525,0.2651492571968681,1.920032960519367,41.44749593028222
512,D0005_Pnative.mesh_512.raw,sample0.05_reference0.1,-26,-24,0.2,19789,49.472495142309846,8939,0.015621777866322739,0.3942594370609935,0.17809598389081552,0.2651492571968681,1.920032960519367,29.967497057500033
512,D0005_Pnative.mesh_512.raw,sample0.05_reference0.1,-26,-24,0.25,19789,49.472495142309846,8939,0.015621777866322739,0.5039163171458891,0.21904016109184474,0.2651492571968681,1.920032960519367,24.542497590179178
512,D0005_Pnative.mesh_512.raw,sample0.05_reference0.1,-26,-24,0.5,19789,49.472495142309846,8939,0.015621777866322739,0.9516903330132902,0.47868889137487414,0.2651492571968681,1.920032960519367,2.3899997653266065
512,D0005_Pnative.mesh_512.raw,sample0.05_reference0.1,-26,-24,1.0,19789,49.472495142309846,8939,0.015621777866322739,1.0,0.5077749188947309,0.2651492571968681,1.920032960519367,0.0
512,D0005_Pnative.mesh_512.raw,sample0.05_reference0.1,-26,-24,2.0,19789,49.472495142309846,8939,0.015621777866322739,1.0,0.5420069358988702,0.2651492571968681,1.920032960519367,0.0
512,D0005_Pnative.mesh_512.raw,sample0.05_reference0.1,-24,-22,0.1,1402,3.504999655845086,2076,0.003628013295725026,0.06419400855920114,0.00674373795761079,0.31456175880113735,2.2567516640420853,3.2799996779377696
512,D0005_Pnative.mesh_512.raw,sample0.05_reference0.1,-24,-22,0.2,1402,3.504999655845086,2076,0.003628013295725026,0.2524964336661912,0.0197495183044316,0.31456175880113735,2.2567516640420853,2.619999742742974
512,D0005_Pnative.mesh_512.raw,sample0.05_reference0.1,-24,-22,0.25,1402,3.504999655845086,2076,0.003628013295725026,0.3651925820256776,0.025529865125240848,0.31456175880113735,2.2567516640420853,2.2249997815279077
512,D0005_Pnative.mesh_512.raw,sample0.05_reference0.1,-24,-22,0.5,1402,3.504999655845086,2076,0.003628013295725026,0.862339514978602,0.0804431599229287,0.31456175880113735,2.2567516640420853,0.4824999526234676
512,D0005_Pnative.mesh_512.raw,sample0.05_reference0.1,-24,-22,1.0,1402,3.504999655845086,2076,0.003628013295725026,1.0,0.2186897880539499,0.31456175880113735,2.2567516640420853,0.0
512,D0005_Pnative.mesh_512.raw,sample0.05_reference0.1,-24,-22,2.0,1402,3.504999655845086,2076,0.003628013295725026,1.0,0.5963391136801541,0.31456175880113735,2.2567516640420853,0.0
512,D0005_Pnative.mesh_512.raw,sample0.05_reference0.1,-22,-20,0.1,0,0.0,1994,0.0034847102657397408,,0.0,,2.488164082154587,0.0
512,D0005_Pnative.mesh_512.raw,sample0.05_reference0.1,-22,-20,0.2,0,0.0,1994,0.0034847102657397408,,0.0,,2.488164082154587,0.0
512,D0005_Pnative.mesh_512.raw,sample0.05_reference0.1,-22,-20,0.25,0,0.0,1994,0.0034847102657397408,,0.0,,2.488164082154587,0.0
512,D0005_Pnative.mesh_512.raw,sample0.05_reference0.1,-22,-20,0.5,0,0.0,1994,0.0034847102657397408,,0.0,,2.488164082154587,0.0
512,D0005_Pnative.mesh_512.raw,sample0.05_reference0.1,-22,-20,1.0,0,0.0,1994,0.0034847102657397408,,0.005516549648946841,,2.488164082154587,0.0
512,D0005_Pnative.mesh_512.raw,sample0.05_reference0.1,-22,-20,2.0,0,0.0,1994,0.0034847102657397408,,0.17051153460381144,,2.488164082154587,0.0
512,D0005_Pnative.mesh_512.raw,sample0.05_reference0.1,-20,-18,0.1,0,0.0,1238,0.002163526233192477,,0.0,,3.9176092548401176,0.0
512,D0005_Pnative.mesh_512.raw,sample0.05_reference0.1,-20,-18,0.2,0,0.0,1238,0.002163526233192477,,0.0,,3.9176092548401176,0.0
512,D0005_Pnative.mesh_512.raw,sample0.05_reference0.1,-20,-18,0.25,0,0.0,1238,0.002163526233192477,,0.0,,3.9176092548401176,0.0
512,D0005_Pnative.mesh_512.raw,sample0.05_reference0.1,-20,-18,0.5,0,0.0,1238,0.002163526233192477,,0.0,,3.9176092548401176,0.0
512,D0005_Pnative.mesh_512.raw,sample0.05_reference0.1,-20,-18,1.0,0,0.0,1238,0.002163526233192477,,0.0,,3.9176092548401176,0.0
512,D0005_Pnative.mesh_512.raw,sample0.05_reference0.1,-20,-18,2.0,0,0.0,1238,0.002163526233192477,,0.0,,3.9176092548401176,0.0
512,D0005_Pnative.mesh_512.raw,sample0.05_reference0.1,-18,-16,0.1,0,0.0,177,0.0003093248330170181,,0.0,,4.929447141744323,0.0
512,D0005_Pnative.mesh_512.raw,sample0.05_reference0.1,-18,-16,0.2,0,0.0,177,0.0003093248330170181,,0.0,,4.929447141744323,0.0
512,D0005_Pnative.mesh_512.raw,sample0.05_reference0.1,-18,-16,0.25,0,0.0,177,0.0003093248330170181,,0.0,,4.929447141744323,0.0
512,D0005_Pnative.mesh_512.raw,sample0.05_reference0.1,-18,-16,0.5,0,0.0,177,0.0003093248330170181,,0.0,,4.929447141744323,0.0
512,D0005_Pnative.mesh_512.raw,sample0.05_reference0.1,-18,-16,1.0,0,0.0,177,0.0003093248330170181,,0.0,,4.929447141744323,0.0
512,D0005_Pnative.mesh_512.raw,sample0.05_reference0.1,-18,-16,2.0,0,0.0,177,0.0003093248330170181,,0.0,,4.929447141744323,0.0
512,D005_Pnative.mesh_512.raw,sample0.2_reference0.1,-50,-48,0.1,18,0.719998854940328,615,0.0010747727248896393,0.0,0.0,0.6729858072127239,0.8375533792546125,0.719998854940328
512,D005_Pnative.mesh_512.raw,sample0.2_reference0.1,-50,-48,0.2,18,0.719998854940328,615,0.0010747727248896393,0.0,0.0,0.6729858072127239,0.8375533792546125,0.719998854940328
512,D005_Pnative.mesh_512.raw,sample0.2_reference0.1,-50,-48,0.25,18,0.719998854940328,615,0.0010747727248896393,0.0,0.0,0.6729858072127239,0.8375533792546125,0.719998854940328
512,D005_Pnative.mesh_512.raw,sample0.2_reference0.1,-50,-48,0.5,18,0.719998854940328,615,0.0010747727248896393,0.2777777777777778,0.06991869918699187,0.6729858072127239,0.8375533792546125,0.5199991730124591
512,D005_Pnative.mesh_512.raw,sample0.2_reference0.1,-50,-48,1.0,18,0.719998854940328,615,0.0010747727248896393,0.7777777777777778,0.7300813008130081,0.6729858072127239,0.8375533792546125,0.15999974554229512
512,D005_Pnative.mesh_512.raw,sample0.2_reference0.1,-50,-48,2.0,18,0.719998854940328,615,0.0010747727248896393,1.0,1.0,0.6729858072127239,0.8375533792546125,0.0
512,D005_Pnative.mesh_512.raw,sample0.2_reference0.1,-48,-46,0.1,342,13.679978243866232,7615,0.013307958211438377,0.1111111111111111,0.02324359816152331,0.47499602994788254,1.1217483803845623,12.15998066121443
512,D005_Pnative.mesh_512.raw,sample0.2_reference0.1,-48,-46,0.2,342,13.679978243866232,7615,0.013307958211438377,0.2631578947368421,0.05265922521339462,0.47499602994788254,1.1217483803845623,10.079983969164592
512,D005_Pnative.mesh_512.raw,sample0.2_reference0.1,-48,-46,0.25,342,13.679978243866232,7615,0.013307958211438377,0.3713450292397661,0.07222586999343401,0.47499602994788254,1.1217483803845623,8.599986322898364
512,D005_Pnative.mesh_512.raw,sample0.2_reference0.1,-48,-46,0.5,342,13.679978243866232,7615,0.013307958211438377,0.652046783625731,0.19317137229152986,0.47499602994788254,1.1217483803845623,4.75999242988328
512,D005_Pnative.mesh_512.raw,sample0.2_reference0.1,-48,-46,1.0,342,13.679978243866232,7615,0.013307958211438377,0.8742690058479532,0.5185817465528562,0.47499602994788254,1.1217483803845623,1.7199972645796726
512,D005_Pnative.mesh_512.raw,sample0.2_reference0.1,-48,-46,2.0,342,13.679978243866232,7615,0.013307958211438377,1.0,0.8751149047931713,0.47499602994788254,1.1217483803845623,0.0
512,D005_Pnative.mesh_512.raw,sample0.2_reference0.1,-46,-44,0.1,18,0.719998854940328,9863,0.017236558350547174,0.0,0.0002027780594139714,0.9555662422795472,1.9715799768825948,0.719998854940328
512,D005_Pnative.mesh_512.raw,sample0.2_reference0.1,-46,-44,0.2,18,0.719998854940328,9863,0.017236558350547174,0.05555555555555555,0.006083341782419142,0.9555662422795472,1.9715799768825948,0.6799989185547543
512,D005_Pnative.mesh_512.raw,sample0.2_reference0.1,-46,-44,0.25,18,0.719998854940328,9863,0.017236558350547174,0.05555555555555555,0.008618067525093785,0.9555662422795472,1.9715799768825948,0.6799989185547543
512,D005_Pnative.mesh_512.raw,sample0.2_reference0.1,-46,-44,0.5,18,0.719998854940328,9863,0.017236558350547174,0.4444444444444444,0.02950420764473284,0.9555662422795472,1.9715799768825948,0.3999993638557378
512,D005_Pnative.mesh_512.raw,sample0.2_reference0.1,-46,-44,1.0,18,0.719998854940328,9863,0.017236558350547174,0.6111111111111112,0.10534320186555815,0.9555662422795472,1.9715799768825948,0.2799995546990165
512,D005_Pnative.mesh_512.raw,sample0.2_reference0.1,-46,-44,2.0,18,0.719998854940328,9863,0.017236558350547174,0.9444444444444444,0.48889790124708504,0.9555662422795472,1.9715799768825948,0.03999993638557378
512,D005_Pnative.mesh_512.raw,sample0.2_reference0.1,-44,-42,0.1,23897,955.8784798060567,131947,0.23059030362766378,0.06013307109679039,0.051937520368026555,0.5232529660988046,0.51000387471226,898.3985712199872
512,D005_Pnative.mesh_512.raw,sample0.2_reference0.1,-44,-42,0.2,23897,955.8784798060567,131947,0.23059030362766378,0.17219734694731556,0.14198882884794653,0.5232529660988046,0.51000387471226,791.2787415794205
512,D005_Pnative.mesh_512.raw,sample0.2_reference0.1,-44,-42,0.25,23897,955.8784798060567,131947,0.23059030362766378,0.25383939406620076,0.21340386670405542,0.5232529660988046,0.51000387471226,713.2388656911661
512,D005_Pnative.mesh_512.raw,sample0.2_reference0.1,-44,-42,0.5,23897,955.8784798060567,131947,0.23059030362766378,0.6313344771310206,0.602537382433856,0.5232529660988046,0.51000387471226,352.399439556905
512,D005_Pnative.mesh_512.raw,sample0.2_reference0.1,-44,-42,1.0,23897,955.8784798060567,131947,0.23059030362766378,0.8842532535464702,0.916648351231934,0.5232529660988046,0.51000387471226,110.63982404249708
512,D005_Pnative.mesh_512.raw,sample0.2_reference0.1,-44,-42,2.0,23897,955.8784798060567,131947,0.23059030362766378,0.9894547432732143,0.9935428619066746,0.5232529660988046,0.51000387471226,10.079983969164592
512,D005_Pnative.mesh_512.raw,sample0.2_reference0.1,-42,-40,0.1,9855,394.1993730798296,19285,0.03370242601544177,0.09101978691019787,0.17490277417682137,0.8607381852525297,0.38381028360073777,358.3194301419699
512,D005_Pnative.mesh_512.raw,sample0.2_reference0.1,-42,-40,0.2,9855,394.1993730798296,19285,0.03370242601544177,0.20862506341958398,0.3273010111485611,0.8607381852525297,0.38381028360073777,311.9595038710899
512,D005_Pnative.mesh_512.raw,sample0.2_reference0.1,-42,-40,0.25,9855,394.1993730798296,19285,0.03370242601544177,0.27184170471841707,0.40762250453720505,0.8607381852525297,0.38381028360073777,287.03954350287745
512,D005_Pnative.mesh_512.raw,sample0.2_reference0.1,-42,-40,0.5,9855,394.1993730798296,19285,0.03370242601544177,0.5197361745306951,0.7421311900440757,0.8607381852525297,0.38381028360073777,189.3196989129207
512,D005_Pnative.mesh_512.raw,sample0.2_reference0.1,-42,-40,1.0,9855,394.1993730798296,19285,0.03370242601544177,0.7754439370877727,0.9539538501425979,0.8607381852525297,0.38381028360073777,88.51985922127477
512,D005_Pnative.mesh_512.raw,sample0.2_reference0.1,-42,-40,2.0,9855,394.1993730798296,19285,0.03370242601544177,0.9400304414003045,0.993155302048224,0.8607381852525297,0.38381028360073777,23.639962403874105
512,D005_Pnative.mesh_512.raw,sample0.2_reference0.1,-40,-38,0.1,6140,245.599609407423,19431,0.03395757531273265,0.19071661237785018,0.22417786012042612,0.5737963152327504,0.3852573117184491,198.75968389991613
512,D005_Pnative.mesh_512.raw,sample0.2_reference0.1,-40,-38,0.2,6140,245.599609407423,19431,0.03395757531273265,0.41889250814332246,0.44254027070145646,0.5737963152327504,0.3852573117184491,142.71977302372724
512,D005_Pnative.mesh_512.raw,sample0.2_reference0.1,-40,-38,0.25,6140,245.599609407423,19431,0.03395757531273265,0.4874592833876222,0.5151047295558644,0.5737963152327504,0.3852573117184491,125.8797998054007
512,D005_Pnative.mesh_512.raw,sample0.2_reference0.1,-40,-38,0.5,6140,245.599609407423,19431,0.03395757531273265,0.6322475570032573,0.7345478873964284,0.5737963152327504,0.3852573117184491,90.3198563586256
512,D005_Pnative.mesh_512.raw,sample0.2_reference0.1,-40,-38,1.0,6140,245.599609407423,19431,0.03395757531273265,0.9109120521172639,0.9186351706036745,0.5737963152327504,0.3852573117184491,21.87996520290886
512,D005_Pnative.mesh_512.raw,sample0.2_reference0.1,-40,-38,2.0,6140,245.599609407423,19431,0.03395757531273265,0.96628664495114,0.9879573876794813,0.5737963152327504,0.3852573117184491,8.279986831813773
512,D005_Pnative.mesh_512.raw,sample0.2_reference0.1,-38,-36,0.1,6020,240.79961704115416,20650,0.03608789718531878,0.13106312292358804,0.1431961259079903,0.5403824593427873,0.5237513120413956,209.23966723293645
512,D005_Pnative.mesh_512.raw,sample0.2_reference0.1,-38,-36,0.2,6020,240.79961704115416,20650,0.03608789718531878,0.3149501661129568,0.2845036319612591,0.5403824593427873,0.5237513120413956,164.95973765410628
512,D005_Pnative.mesh_512.raw,sample0.2_reference0.1,-38,-36,0.25,6020,240.79961704115416,20650,0.03608789718531878,0.39551495016611293,0.3491041162227603,0.5403824593427873,0.5237513120413956,145.559768507103
512,D005_Pnative.mesh_512.raw,sample0.2_reference0.1,-38,-36,0.5,6020,240.79961704115416,20650,0.03608789718531878,0.6289036544850498,0.5450847457627118,0.5403824593427873,0.5237513120413956,89.35985788537182
512,D005_Pnative.mesh_512.raw,sample0.2_reference0.1,-38,-36,1.0,6020,240.79961704115416,20650,0.03608789718531878,0.9116279069767442,0.8553026634382567,0.5403824593427873,0.5237513120413956,21.27996615712525
512,D005_Pnative.mesh_512.raw,sample0.2_reference0.1,-38,-36,2.0,6020,240.79961704115416,20650,0.03608789718531878,0.9642857142857143,0.9946731234866828,0.5403824593427873,0.5237513120413956,8.599986322898364
512,D005_Pnative.mesh_512.raw,sample0.2_reference0.1,-36,-34,0.1,4541,181.63971112689055,18362,0.032089393129143995,0.0839022241796961,0.09329049123189195,0.5783263333897816,0.7796879246619218,166.39973536398693
512,D005_Pnative.mesh_512.raw,sample0.2_reference0.1,-36,-34,0.2,4541,181.63971112689055,18362,0.032089393129143995,0.32261616384056374,0.25639908506698617,0.5783263333897816,0.7796879246619218,123.03980432202495
512,D005_Pnative.mesh_512.raw,sample0.2_reference0.1,-36,-34,0.25,4541,181.63971112689055,18362,0.032089393129143995,0.40607795639726935,0.313527938133101,0.5783263333897816,0.7796879246619218,107.87982843189249
512,D005_Pnative.mesh_512.raw,sample0.2_reference0.1,-36,-34,0.5,4541,181.63971112689055,18362,0.032089393129143995,0.7174631138515746,0.5619758196274915,0.5783263333897816,0.7796879246619218,51.319918382691164
512,D005_Pnative.mesh_512.raw,sample0.2_reference0.1,-36,-34,1.0,4541,181.63971112689055,18362,0.032089393129143995,0.8971592160317111,0.7522601023853611,0.5783263333897816,0.7796879246619218,18.679970292062954
512,D005_Pnative.mesh_512.raw,sample0.2_reference0.1,-36,-34,2.0,4541,181.63971112689055,18362,0.032089393129143995,0.9251266240916097,0.8957085284827361,0.5783263333897816,0.7796879246619218,13.599978371095085
512,D005_Pnative.mesh_512.raw,sample0.2_reference0.1,-34,-32,0.1,7182,287.2795431211909,21320,0.037258787796174156,0.06126427179058758,0.08832082551594747,0.700576098669704,1.0352415259094625,269.67957111153845
512,D005_Pnative.mesh_512.raw,sample0.2_reference0.1,-34,-32,0.2,7182,287.2795431211909,21320,0.037258787796174156,0.1858813700918964,0.21969981238273922,0.700576098669704,1.0352415259094625,233.8796280464499
512,D005_Pnative.mesh_512.raw,sample0.2_reference0.1,-34,-32,0.25,7182,287.2795431211909,21320,0.037258787796174156,0.28473962684489,0.3077861163227017,0.700576098669704,1.0352415259094625,205.47967321269252
512,D005_Pnative.mesh_512.raw,sample0.2_reference0.1,-34,-32,0.5,7182,287.2795431211909,21320,0.037258787796174156,0.55583402951824,0.599437148217636,0.700576098669704,1.0352415259094625,127.59979706998035
512,D005_Pnative.mesh_512.raw,sample0.2_reference0.1,-34,-32,1.0,7182,287.2795431211909,21320,0.037258787796174156,0.7219437482595378,0.6783771106941838,0.700576098669704,1.0352415259094625,79.87987296199084
512,D005_Pnative.mesh_512.raw,sample0.2_reference0.1,-34,-32,2.0,7182,287.2795431211909,21320,0.037258787796174156,0.9516847674742411,0.7761726078799249,0.700576098669704,1.0352415259094625,13.879977925794101
512,D005_Pnative.mesh_512.raw,sample0.2_reference0.1,-32,-30,0.1,11905,476.19924267025584,105714,0.18474556721785906,0.049643007139857205,0.025606825964394498,0.6307000305310194,0.9759826333551002,452.55928026638173
512,D005_Pnative.mesh_512.raw,sample0.2_reference0.1,-32,-30,0.2,11905,476.19924267025584,105714,0.18474556721785906,0.20461990760184795,0.08895699718107346,0.6307000305310194,0.9759826333551002,378.75939763499815
512,D005_Pnative.mesh_512.raw,sample0.2_reference0.1,-32,-30,0.25,11905,476.19924267025584,105714,0.18474556721785906,0.30667786644267114,0.1392909170024784,0.6307000305310194,0.9759826333551002,330.159474926526
512,D005_Pnative.mesh_512.raw,sample0.2_reference0.1,-32,-30,0.5,11905,476.19924267025584,105714,0.18474556721785906,0.601679966400672,0.3325198176211287,0.6307000305310194,0.9759826333551002,189.67969834039087
512,D005_Pnative.mesh_512.raw,sample0.2_reference0.1,-32,-30,1.0,11905,476.19924267025584,105714,0.18474556721785906,0.8127677446451071,0.6541990654028794,0.6307000305310194,0.9759826333551002,89.15985820344396
512,D005_Pnative.mesh_512.raw,sample0.2_reference0.1,-32,-30,2.0,11905,476.19924267025584,105714,0.18474556721785906,0.9319613607727846,0.9082713737064154,0.6307000305310194,0.9759826333551002,32.39994847231476
512,D005_Pnative.mesh_512.raw,sample0.2_reference0.1,-30,-28,0.1,34904,1396.1577796020672,91135,0.15926733704523133,0.0638035755214302,0.1085751906512317,0.6731205356469424,0.6626154011473577,1307.0779212713944
512,D005_Pnative.mesh_512.raw,sample0.2_reference0.1,-30,-28,0.2,34904,1396.1577796020672,91135,0.15926733704523133,0.15462411184964475,0.21408898886267624,0.6731205356469424,0.6626154011473577,1180.2781229291256
512,D005_Pnative.mesh_512.raw,sample0.2_reference0.1,-30,-28,0.25,34904,1396.1577796020672,91135,0.15926733704523133,0.20977538391015357,0.2758325560980962,0.6731205356469424,0.6626154011473577,1103.278245386896
512,D005_Pnative.mesh_512.raw,sample0.2_reference0.1,-30,-28,0.5,34904,1396.1577796020672,91135,0.15926733704523133,0.47094888837955534,0.5887419761891699,0.6731205356469424,0.6626154011473577,738.6388252960054
512,D005_Pnative.mesh_512.raw,sample0.2_reference0.1,-30,-28,1.0,34904,1396.1577796020672,91135,0.15926733704523133,0.774438459775384,0.9169144675481429,0.6731205356469424,0.6626154011473577,314.9194991636224
512,D005_Pnative.mesh_512.raw,sample0.2_reference0.1,-30,-28,2.0,34904,1396.1577796020672,91135,0.15926733704523133,0.9785124914049965,0.9351840675920338,0.6731205356469424,0.6626154011473577,29.999952289180335
512,D005_Pnative.mesh_512.raw,sample0.2_reference0.1,-28,-26,0.1,26643,1065.7183051208422,111853,0.19547407088956228,0.1439777802799985,0.16901647698318328,0.5631085409421003,0.6572511308322978,912.2785491457812
512,D005_Pnative.mesh_512.raw,sample0.2_reference0.1,-28,-26,0.2,26643,1065.7183051208422,111853,0.19547407088956228,0.2863791615058364,0.30707267574405694,0.5631085409421003,0.6572511308322978,760.5187904989143
512,D005_Pnative.mesh_512.raw,sample0.2_reference0.1,-28,-26,0.25,26643,1065.7183051208422,111853,0.19547407088956228,0.3439552602935105,0.3643353329816813,0.5631085409421003,0.6572511308322978,699.1588880834441
512,D005_Pnative.mesh_512.raw,sample0.2_reference0.1,-28,-26,0.5,26643,1065.7183051208422,111853,0.19547407088956228,0.5320722140900048,0.5529757807121848,0.5631085409421003,0.6572511308322978,498.67920691894835
512,D005_Pnative.mesh_512.raw,sample0.2_reference0.1,-28,-26,1.0,26643,1065.7183051208422,111853,0.19547407088956228,0.812783845663026,0.7835730825279608,0.5631085409421003,0.6572511308322978,199.51968269124202
512,D005_Pnative.mesh_512.raw,sample0.2_reference0.1,-28,-26,2.0,26643,1065.7183051208422,111853,0.19547407088956228,1.0,0.9702734839476813,0.5631085409421003,0.6572511308322978,0.0
512,D005_Pnative.mesh_512.raw,sample0.2_reference0.1,-26,-24,0.1,3964,158.55974783241447,8939,0.015621777866322739,0.040867810292633706,0.069358988701197,1.6178893725457142,1.9685348893963128,152.07975813795153
512,D005_Pnative.mesh_512.raw,sample0.2_reference0.1,-26,-24,0.2,3964,158.55974783241447,8939,0.015621777866322739,0.10090817356205853,0.13469068128425998,1.6178893725457142,1.9685348893963128,142.55977327818496
512,D005_Pnative.mesh_512.raw,sample0.2_reference0.1,-26,-24,0.25,3964,158.55974783241447,8939,0.015621777866322739,0.1284056508577195,0.16858709027855465,1.6178893725457142,1.9685348893963128,138.1997802121574
512,D005_Pnative.mesh_512.raw,sample0.2_reference0.1,-26,-24,0.5,3964,158.55974783241447,8939,0.015621777866322739,0.2325933400605449,0.2979080434053026,1.6178893725457142,1.9685348893963128,121.67980648491545
512,D005_Pnative.mesh_512.raw,sample0.2_reference0.1,-26,-24,1.0,3964,158.55974783241447,8939,0.015621777866322739,0.31508577194752774,0.4669426110303166,1.6178893725457142,1.9685348893963128,108.59982728683282
512,D005_Pnative.mesh_512.raw,sample0.2_reference0.1,-26,-24,2.0,3964,158.55974783241447,8939,0.015621777866322739,0.6024217961654894,0.5516276988477459,1.6178893725457142,1.9685348893963128,63.03989974366428
512,D005_Pnative.mesh_512.raw,sample0.2_reference0.1,-24,-22,0.1,414,16.559973663627545,2076,0.003628013295725026,0.06763285024154589,0.03516377649325626,0.9967860249258,1.8331552503001562,15.439975444831479
512,D005_Pnative.mesh_512.raw,sample0.2_reference0.1,-24,-22,0.2,414,16.559973663627545,2076,0.003628013295725026,0.19806763285024154,0.06454720616570328,0.9967860249258,1.8331552503001562,13.279978880010495
512,D005_Pnative.mesh_512.raw,sample0.2_reference0.1,-24,-22,0.25,414,16.559973663627545,2076,0.003628013295725026,0.2560386473429952,0.08188824662813102,0.9967860249258,1.8331552503001562,12.319980406756725
512,D005_Pnative.mesh_512.raw,sample0.2_reference0.1,-24,-22,0.5,414,16.559973663627545,2076,0.003628013295725026,0.45652173913043476,0.17485549132947978,0.9967860249258,1.8331552503001562,8.999985686754101
512,D005_Pnative.mesh_512.raw,sample0.2_reference0.1,-24,-22,1.0,414,16.559973663627545,2076,0.003628013295725026,0.4927536231884058,0.3603082851637765,0.9967860249258,1.8331552503001562,8.399986640970495
512,D005_Pnative.mesh_512.raw,sample0.2_reference0.1,-24,-22,2.0,414,16.559973663627545,2076,0.003628013295725026,0.9396135265700483,0.6926782273603083,0.9967860249258,1.8331552503001562,0.9999984096393445
512,D005_Pnative.mesh_512.raw,sample0.2_reference0.1,-22,-20,0.1,103,4.1199934477141,1994,0.0034847102657397408,0.1262135922330097,0.017051153460381142,0.24322274648170136,1.3532211672305985,3.5999942747016402
512,D005_Pnative.mesh_512.raw,sample0.2_reference0.1,-22,-20,0.2,103,4.1199934477141,1994,0.0034847102657397408,0.36893203883495146,0.02708124373119358,0.24322274648170136,1.3532211672305985,2.599995865062296
512,D005_Pnative.mesh_512.raw,sample0.2_reference0.1,-22,-20,0.25,103,4.1199934477141,1994,0.0034847102657397408,0.5631067961165048,0.0320962888665998,0.24322274648170136,1.3532211672305985,1.7999971373508201
512,D005_Pnative.mesh_512.raw,sample0.2_reference0.1,-22,-20,0.5,103,4.1199934477141,1994,0.0034847102657397408,0.9805825242718447,0.0757271815446339,0.24322274648170136,1.3532211672305985,0.07999987277114756
512,D005_Pnative.mesh_512.raw,sample0.2_reference0.1,-22,-20,1.0,103,4.1199934477141,1994,0.0034847102657397408,1.0,0.25175526579739216,0.24322274648170136,1.3532211672305985,0.0
512,D005_Pnative.mesh_512.raw,sample0.2_reference0.1,-22,-20,2.0,103,4.1199934477141,1994,0.0034847102657397408,1.0,0.8681043129388164,0.24322274648170136,1.3532211672305985,0.0
512,D005_Pnative.mesh_512.raw,sample0.2_reference0.1,-20,-18,0.1,0,0.0,1238,0.002163526233192477,,0.0,,1.8395400886967033,0.0
512,D005_Pnative.mesh_512.raw,sample0.2_reference0.1,-20,-18,0.2,0,0.0,1238,0.002163526233192477,,0.0,,1.8395400886967033,0.0
512,D005_Pnative.mesh_512.raw,sample0.2_reference0.1,-20,-18,0.25,0,0.0,1238,0.002163526233192477,,0.0,,1.8395400886967033,0.0
512,D005_Pnative.mesh_512.raw,sample0.2_reference0.1,-20,-18,0.5,0,0.0,1238,0.002163526233192477,,0.0008077544426494346,,1.8395400886967033,0.0
512,D005_Pnative.mesh_512.raw,sample0.2_reference0.1,-20,-18,1.0,0,0.0,1238,0.002163526233192477,,0.03796445880452343,,1.8395400886967033,0.0
512,D005_Pnative.mesh_512.raw,sample0.2_reference0.1,-20,-18,2.0,0,0.0,1238,0.002163526233192477,,0.6058158319870759,,1.8395400886967033,0.0
512,D005_Pnative.mesh_512.raw,sample0.2_reference0.1,-18,-16,0.1,0,0.0,177,0.0003093248330170181,,0.0,,2.7065702494928394,0.0
512,D005_Pnative.mesh_512.raw,sample0.2_reference0.1,-18,-16,0.2,0,0.0,177,0.0003093248330170181,,0.0,,2.7065702494928394,0.0
512,D005_Pnative.mesh_512.raw,sample0.2_reference0.1,-18,-16,0.25,0,0.0,177,0.0003093248330170181,,0.0,,2.7065702494928394,0.0
512,D005_Pnative.mesh_512.raw,sample0.2_reference0.1,-18,-16,0.5,0,0.0,177,0.0003093248330170181,,0.0,,2.7065702494928394,0.0
512,D005_Pnative.mesh_512.raw,sample0.2_reference0.1,-18,-16,1.0,0,0.0,177,0.0003093248330170181,,0.0,,2.7065702494928394,0.0
512,D005_Pnative.mesh_512.raw,sample0.2_reference0.1,-18,-16,2.0,0,0.0,177,0.0003093248330170181,,0.0,,2.7065702494928394,0.0
512,D0005_Pnative.mesh_512.raw,sample0.2_reference0.1,-50,-48,0.1,0,0.0,615,0.0010747727248896393,,0.0,,6.865973060111689,0.0
512,D0005_Pnative.mesh_512.raw,sample0.2_reference0.1,-50,-48,0.2,0,0.0,615,0.0010747727248896393,,0.0,,6.865973060111689,0.0
512,D0005_Pnative.mesh_512.raw,sample0.2_reference0.1,-50,-48,0.25,0,0.0,615,0.0010747727248896393,,0.0,,6.865973060111689,0.0
512,D0005_Pnative.mesh_512.raw,sample0.2_reference0.1,-50,-48,0.5,0,0.0,615,0.0010747727248896393,,0.0,,6.865973060111689,0.0
512,D0005_Pnative.mesh_512.raw,sample0.2_reference0.1,-50,-48,1.0,0,0.0,615,0.0010747727248896393,,0.0,,6.865973060111689,0.0
512,D0005_Pnative.mesh_512.raw,sample0.2_reference0.1,-50,-48,2.0,0,0.0,615,0.0010747727248896393,,0.0,,6.865973060111689,0.0
512,D0005_Pnative.mesh_512.raw,sample0.2_reference0.1,-48,-46,0.1,0,0.0,7615,0.013307958211438377,,0.0,,5.534166384995649,0.0
512,D0005_Pnative.mesh_512.raw,sample0.2_reference0.1,-48,-46,0.2,0,0.0,7615,0.013307958211438377,,0.0,,5.534166384995649,0.0
512,D0005_Pnative.mesh_512.raw,sample0.2_reference0.1,-48,-46,0.25,0,0.0,7615,0.013307958211438377,,0.0,,5.534166384995649,0.0
512,D0005_Pnative.mesh_512.raw,sample0.2_reference0.1,-48,-46,0.5,0,0.0,7615,0.013307958211438377,,0.0,,5.534166384995649,0.0
512,D0005_Pnative.mesh_512.raw,sample0.2_reference0.1,-48,-46,1.0,0,0.0,7615,0.013307958211438377,,0.0,,5.534166384995649,0.0
512,D0005_Pnative.mesh_512.raw,sample0.2_reference0.1,-48,-46,2.0,0,0.0,7615,0.013307958211438377,,0.0,,5.534166384995649,0.0
512,D0005_Pnative.mesh_512.raw,sample0.2_reference0.1,-46,-44,0.1,0,0.0,9863,0.017236558350547174,,0.0,,2.823015459202903,0.0
512,D0005_Pnative.mesh_512.raw,sample0.2_reference0.1,-46,-44,0.2,0,0.0,9863,0.017236558350547174,,0.0,,2.823015459202903,0.0
512,D0005_Pnative.mesh_512.raw,sample0.2_reference0.1,-46,-44,0.25,0,0.0,9863,0.017236558350547174,,0.0,,2.823015459202903,0.0
512,D0005_Pnative.mesh_512.raw,sample0.2_reference0.1,-46,-44,0.5,0,0.0,9863,0.017236558350547174,,0.0,,2.823015459202903,0.0
512,D0005_Pnative.mesh_512.raw,sample0.2_reference0.1,-46,-44,1.0,0,0.0,9863,0.017236558350547174,,0.0002027780594139714,,2.823015459202903,0.0
512,D0005_Pnative.mesh_512.raw,sample0.2_reference0.1,-46,-44,2.0,0,0.0,9863,0.017236558350547174,,0.05535841022001419,,2.823015459202903,0.0
512,D0005_Pnative.mesh_512.raw,sample0.2_reference0.1,-44,-42,0.1,11129,445.15823145200085,131947,0.23059030362766378,0.032617485847785066,0.01018590797820337,0.8646512974816881,1.5141497901826302,430.6382891375902
512,D0005_Pnative.mesh_512.raw,sample0.2_reference0.1,-44,-42,0.2,11129,445.15823145200085,131947,0.23059030362766378,0.09515679755593494,0.025244984728716835,0.8646512974816881,1.5141497901826302,402.7983997413648
512,D0005_Pnative.mesh_512.raw,sample0.2_reference0.1,-44,-42,0.25,11129,445.15823145200085,131947,0.23059030362766378,0.13577140803306675,0.036128142360190074,0.8646512974816881,1.5141497901826302,384.71847157025286
512,D0005_Pnative.mesh_512.raw,sample0.2_reference0.1,-44,-42,0.5,11129,445.15823145200085,131947,0.23059030362766378,0.3472908617126426,0.11766845778987017,0.8646512974816881,1.5141497901826302,290.55884565255946
512,D0005_Pnative.mesh_512.raw,sample0.2_reference0.1,-44,-42,1.0,11129,445.15823145200085,131947,0.23059030362766378,0.5698625213406415,0.2946258725094167,0.8646512974816881,1.5141497901826302,191.47923928122276
512,D0005_Pnative.mesh_512.raw,sample0.2_reference0.1,-44,-42,2.0,11129,445.15823145200085,131947,0.23059030362766378,1.0,0.7622151318332361,0.8646512974816881,1.5141497901826302,0.0
512,D0005_Pnative.mesh_512.raw,sample0.2_reference0.1,-42,-40,0.1,13407,536.277869447118,19285,0.03370242601544177,0.030730215559036326,0.08514389421830439,1.2126448509337073,0.5658600886870431,519.7979349194673
512,D0005_Pnative.mesh_512.raw,sample0.2_reference0.1,-42,-40,0.2,13407,536.277869447118,19285,0.03370242601544177,0.10166331021108377,0.21285973554576096,1.2126448509337073,0.5658600886870431,481.7580860461765
512,D0005_Pnative.mesh_512.raw,sample0.2_reference0.1,-42,-40,0.25,13407,536.277869447118,19285,0.03370242601544177,0.14291041992988737,0.2888255120560021,1.2126448509337073,0.5658600886870431,459.638173925325
512,D0005_Pnative.mesh_512.raw,sample0.2_reference0.1,-42,-40,0.5,13407,536.277869447118,19285,0.03370242601544177,0.29559185500111884,0.548716619134042,1.2126448509337073,0.5658600886870431,377.75849922119653
512,D0005_Pnative.mesh_512.raw,sample0.2_reference0.1,-42,-40,1.0,13407,536.277869447118,19285,0.03370242601544177,0.47005295741030806,0.8651283380865958,1.2126448509337073,0.5658600886870431,284.1988709198011
512,D0005_Pnative.mesh_512.raw,sample0.2_reference0.1,-42,-40,2.0,13407,536.277869447118,19285,0.03370242601544177,0.8042813455657493,0.988955146486907,1.2126448509337073,0.5658600886870431,104.95958301105672
512,D0005_Pnative.mesh_512.raw,sample0.2_reference0.1,-40,-38,0.1,5271,210.83916236710365,19431,0.03395757531273265,0.13868336179093152,0.15382635994030158,0.4918304874885892,0.47693455623316766,181.59927853284967
512,D0005_Pnative.mesh_512.raw,sample0.2_reference0.1,-40,-38,0.2,5271,210.83916236710365,19431,0.03395757531273265,0.3982166571808006,0.3564407390252689,0.4918304874885892,0.47693455623316766,126.87949592647558
512,D0005_Pnative.mesh_512.raw,sample0.2_reference0.1,-40,-38,0.25,5271,210.83916236710365,19431,0.03395757531273265,0.4978182508062986,0.4335340435386753,0.4918304874885892,0.47693455623316766,105.87957935604693
512,D0005_Pnative.mesh_512.raw,sample0.2_reference0.1,-40,-38,0.5,5271,210.83916236710365,19431,0.03395757531273265,0.6150635553025992,0.5906026452575781,0.4918304874885892,0.47693455623316766,81.15967756457091
512,D0005_Pnative.mesh_512.raw,sample0.2_reference0.1,-40,-38,1.0,5271,210.83916236710365,19431,0.03395757531273265,0.9089356858281161,0.8944470176522052,0.4918304874885892,0.47693455623316766,19.199923721534766
512,D0005_Pnative.mesh_512.raw,sample0.2_reference0.1,-40,-38,2.0,5271,210.83916236710365,19431,0.03395757531273265,0.9814077025232404,0.9970150789974782,0.4918304874885892,0.47693455623316766,3.9199844264800148
512,D0005_Pnative.mesh_512.raw,sample0.2_reference0.1,-38,-36,0.1,4290,171.59931826121698,20650,0.03608789718531878,0.05011655011655012,0.04605326876513317,0.39805810164504357,0.834497361092884,162.99935242761285
512,D0005_Pnative.mesh_512.raw,sample0.2_reference0.1,-38,-36,0.2,4290,171.59931826121698,20650,0.03608789718531878,0.29673659673659675,0.20886198547215495,0.39805810164504357,0.834497361092884,120.67952055806332
512,D0005_Pnative.mesh_512.raw,sample0.2_reference0.1,-38,-36,0.25,4290,171.59931826121698,20650,0.03608789718531878,0.47086247086247085,0.3017917675544794,0.39805810164504357,0.834497361092884,90.79963926642483
512,D0005_Pnative.mesh_512.raw,sample0.2_reference0.1,-38,-36,0.5,4290,171.59931826121698,20650,0.03608789718531878,0.6564102564102564,0.4373365617433414,0.39805810164504357,0.834497361092884,58.95976576154634
512,D0005_Pnative.mesh_512.raw,sample0.2_reference0.1,-38,-36,1.0,4290,171.59931826121698,20650,0.03608789718531878,0.9664335664335665,0.7047457627118644,0.39805810164504357,0.834497361092884,5.75997711646043
512,D0005_Pnative.mesh_512.raw,sample0.2_reference0.1,-38,-36,2.0,4290,171.59931826121698,20650,0.03608789718531878,0.9981351981351981,0.9021307506053269,0.39805810164504357,0.834497361092884,0.3199987286922461
512,D0005_Pnative.mesh_512.raw,sample0.2_reference0.1,-36,-34,0.1,4492,179.6792861606962,18362,0.032089393129143995,0.026936776491540516,0.02929964056203028,0.36658466461886774,1.0181127758595567,174.83930538922596
512,D0005_Pnative.mesh_512.raw,sample0.2_reference0.1,-36,-34,0.2,4492,179.6792861606962,18362,0.032089393129143995,0.28495102404274264,0.24305631194858948,0.36658466461886774,1.0181127758595567,128.47948956993682
512,D0005_Pnative.mesh_512.raw,sample0.2_reference0.1,-36,-34,0.25,4492,179.6792861606962,18362,0.032089393129143995,0.53739982190561,0.3948371637076571,0.36658466461886774,1.0181127758595567,83.11966977781093
512,D0005_Pnative.mesh_512.raw,sample0.2_reference0.1,-36,-34,0.5,4492,179.6792861606962,18362,0.032089393129143995,0.7408726625111309,0.5437316196492756,0.36658466461886774,1.0181127758595567,46.55981502472181
512,D0005_Pnative.mesh_512.raw,sample0.2_reference0.1,-36,-34,1.0,4492,179.6792861606962,18362,0.032089393129143995,0.9686108637577916,0.7158261627273718,0.36658466461886774,1.0181127758595567,5.639977593200838
512,D0005_Pnative.mesh_512.raw,sample0.2_reference0.1,-36,-34,2.0,4492,179.6792861606962,18362,0.032089393129143995,0.9957702582368655,0.8097157172421305,0.36658466461886774,1.0181127758595567,0.7599969806440845
512,D0005_Pnative.mesh_512.raw,sample0.2_reference0.1,-34,-32,0.1,3873,154.91938452813363,21320,0.037258787796174156,0.010844306738962044,0.008067542213883677,0.3287243690764277,1.4928743739971257,153.23939120249935
512,D0005_Pnative.mesh_512.raw,sample0.2_reference0.1,-34,-32,0.2,3873,154.91938452813363,21320,0.037258787796174156,0.20191066356829332,0.13367729831144465,0.3287243690764277,1.4928743739971257,123.6395087984666
512,D0005_Pnative.mesh_512.raw,sample0.2_reference0.1,-34,-32,0.25,3873,154.91938452813363,21320,0.037258787796174156,0.3986573715466047,0.23752345215759849,0.3287243690764277,1.4928743739971257,93.15962989053014
512,D0005_Pnative.mesh_512.raw,sample0.2_reference0.1,-34,-32,0.5,3873,154.91938452813363,21320,0.037258787796174156,0.8941389104053705,0.5701688555347092,0.3287243690764277,1.4928743739971257,16.399934845477613
512,D0005_Pnative.mesh_512.raw,sample0.2_reference0.1,-34,-32,1.0,3873,154.91938452813363,21320,0.037258787796174156,0.9873483088045443,0.651641651031895,0.3287243690764277,1.4928743739971257,1.9599922132400074
512,D0005_Pnative.mesh_512.raw,sample0.2_reference0.1,-34,-32,2.0,3873,154.91938452813363,21320,0.037258787796174156,0.994577846630519,0.7179643527204502,0.3287243690764277,1.4928743739971257,0.839996662817146
512,D0005_Pnative.mesh_512.raw,sample0.2_reference0.1,-32,-30,0.1,5934,237.35905700747355,105714,0.18474556721785906,0.037580047185709474,0.010121648977429669,0.325521685736054,1.154018558509254,228.43909244517718
512,D0005_Pnative.mesh_512.raw,sample0.2_reference0.1,-32,-30,0.2,5934,237.35905700747355,105714,0.18474556721785906,0.2298618132794068,0.056302854872580736,0.325521685736054,1.154018558509254,182.79927376544558
512,D0005_Pnative.mesh_512.raw,sample0.2_reference0.1,-32,-30,0.25,5934,237.35905700747355,105714,0.18474556721785906,0.4138860802157061,0.10119757080424542,0.325521685736054,1.154018558509254,139.119447298954
512,D0005_Pnative.mesh_512.raw,sample0.2_reference0.1,-32,-30,0.5,5934,237.35905700747355,105714,0.18474556721785906,0.9101786316144254,0.27897913237603345,0.325521685736054,1.154018558509254,21.319915299120897
512,D0005_Pnative.mesh_512.raw,sample0.2_reference0.1,-32,-30,1.0,5934,237.35905700747355,105714,0.18474556721785906,0.9817997977755308,0.5430501163516658,0.325521685736054,1.154018558509254,4.319982837345322
512,D0005_Pnative.mesh_512.raw,sample0.2_reference0.1,-32,-30,2.0,5934,237.35905700747355,105714,0.18474556721785906,0.9927536231884058,0.8815388690239704,0.325521685736054,1.154018558509254,1.7199931667208228
512,D0005_Pnative.mesh_512.raw,sample0.2_reference0.1,-30,-28,0.1,23838,953.5162118207203,91135,0.15926733704523133,0.05763906367983891,0.06743841553738959,0.47354213883196833,0.6991778081635694,898.5564301678271
512,D0005_Pnative.mesh_512.raw,sample0.2_reference0.1,-30,-28,0.2,23838,953.5162118207203,91135,0.15926733704523133,0.1450625052437285,0.133099248367806,0.47354213883196833,0.6991778081635694,815.196761343497
512,D0005_Pnative.mesh_512.raw,sample0.2_reference0.1,-30,-28,0.25,23838,953.5162118207203,91135,0.15926733704523133,0.21302122661297088,0.19065123168925222,0.47354213883196833,0.6991778081635694,750.3970187833171
512,D0005_Pnative.mesh_512.raw,sample0.2_reference0.1,-30,-28,0.5,23838,953.5162118207203,91135,0.15926733704523133,0.582095813407165,0.5303560651780326,0.47354213883196833,0.6991778081635694,398.47841690401947
512,D0005_Pnative.mesh_512.raw,sample0.2_reference0.1,-30,-28,1.0,23838,953.5162118207203,91135,0.15926733704523133,0.9551556338619012,0.907444999177045,0.47354213883196833,0.6991778081635694,42.75983012150139
512,D0005_Pnative.mesh_512.raw,sample0.2_reference0.1,-30,-28,2.0,23838,953.5162118207203,91135,0.15926733704523133,0.9995385518919372,0.9356339496351567,0.47354213883196833,0.6991778081635694,0.4399982519518384
512,D0005_Pnative.mesh_512.raw,sample0.2_reference0.1,-28,-26,0.1,23290,931.5962989053015,111853,0.19547407088956228,0.07969085444396737,0.08105281038505896,0.41472090685929297,0.5481683405884602,857.3565938487004
512,D0005_Pnative.mesh_512.raw,sample0.2_reference0.1,-28,-26,0.2,23290,931.5962989053015,111853,0.19547407088956228,0.19845427221983683,0.16683504242174998,0.41472090685929297,0.5481683405884602,746.7170334033563
512,D0005_Pnative.mesh_512.raw,sample0.2_reference0.1,-28,-26,0.25,23290,931.5962989053015,111853,0.19547407088956228,0.2648346930012881,0.2195292035081759,0.41472090685929297,0.5481683405884602,684.8772790835798
512,D0005_Pnative.mesh_512.raw,sample0.2_reference0.1,-28,-26,0.5,23290,931.5962989053015,111853,0.19547407088956228,0.6460283383426363,0.595898187800059,0.41472090685929297,0.5481683405884602,329.7586899173596
512,D0005_Pnative.mesh_512.raw,sample0.2_reference0.1,-28,-26,1.0,23290,931.5962989053015,111853,0.19547407088956228,0.998067840274796,0.9560762786872056,0.41472090685929297,0.5481683405884602,1.7999928488938843
512,D0005_Pnative.mesh_512.raw,sample0.2_reference0.1,-28,-26,2.0,23290,931.5962989053015,111853,0.19547407088956228,1.0,0.9706489767820264,0.41472090685929297,0.5481683405884602,0.0
512,D0005_Pnative.mesh_512.raw,sample0.2_reference0.1,-26,-24,0.1,1175,46.99981327667365,8939,0.015621777866322739,0.1676595744680851,0.08736995189618525,0.26439913052414976,1.920032960519367,39.11984458262709
512,D0005_Pnative.mesh_512.raw,sample0.2_reference0.1,-26,-24,0.2,1175,46.99981327667365,8939,0.015621777866322739,0.4051063829787234,0.17809598389081552,0.26439913052414976,1.920032960519367,27.959888919485003
512,D0005_Pnative.mesh_512.raw,sample0.2_reference0.1,-26,-24,0.25,1175,46.99981327667365,8939,0.015621777866322739,0.5080851063829788,0.21904016109184474,0.26439913052414976,1.920032960519367,23.11990814801478
512,D0005_Pnative.mesh_512.raw,sample0.2_reference0.1,-26,-24,0.5,1175,46.99981327667365,8939,0.015621777866322739,0.9480851063829787,0.47868889137487414,0.26439913052414976,1.920032960519367,2.4399903062783768
512,D0005_Pnative.mesh_512.raw,sample0.2_reference0.1,-26,-24,1.0,1175,46.99981327667365,8939,0.015621777866322739,1.0,0.5077749188947309,0.26439913052414976,1.920032960519367,0.0
512,D0005_Pnative.mesh_512.raw,sample0.2_reference0.1,-26,-24,2.0,1175,46.99981327667365,8939,0.015621777866322739,1.0,0.5420069358988702,0.26439913052414976,1.920032960519367,0.0
512,D0005_Pnative.mesh_512.raw,sample0.2_reference0.1,-24,-22,0.1,84,3.359986651268584,2076,0.003628013295725026,0.09523809523809523,0.00674373795761079,0.3128385340565339,2.2567516640420853,3.039987922576338
512,D0005_Pnative.mesh_512.raw,sample0.2_reference0.1,-24,-22,0.2,84,3.359986651268584,2076,0.003628013295725026,0.2976190476190476,0.0197495183044316,0.3128385340565339,2.2567516640420853,2.359990624105315
512,D0005_Pnative.mesh_512.raw,sample0.2_reference0.1,-24,-22,0.25,84,3.359986651268584,2076,0.003628013295725026,0.4523809523809524,0.025529865125240848,0.3128385340565339,2.2567516640420853,1.839992689980415
512,D0005_Pnative.mesh_512.raw,sample0.2_reference0.1,-24,-22,0.5,84,3.359986651268584,2076,0.003628013295725026,0.8214285714285714,0.0804431599229287,0.3128385340565339,2.2567516640420853,0.5999976162979614
512,D0005_Pnative.mesh_512.raw,sample0.2_reference0.1,-24,-22,1.0,84,3.359986651268584,2076,0.003628013295725026,1.0,0.2186897880539499,0.3128385340565339,2.2567516640420853,0.0
512,D0005_Pnative.mesh_512.raw,sample0.2_reference0.1,-24,-22,2.0,84,3.359986651268584,2076,0.003628013295725026,1.0,0.5963391136801541,0.3128385340565339,2.2567516640420853,0.0
512,D0005_Pnative.mesh_512.raw,sample0.2_reference0.1,-22,-20,0.1,0,0.0,1994,0.0034847102657397408,,0.0,,2.488164082154587,0.0
512,D0005_Pnative.mesh_512.raw,sample0.2_reference0.1,-22,-20,0.2,0,0.0,1994,0.0034847102657397408,,0.0,,2.488164082154587,0.0
512,D0005_Pnative.mesh_512.raw,sample0.2_reference0.1,-22,-20,0.25,0,0.0,1994,0.0034847102657397408,,0.0,,2.488164082154587,0.0
512,D0005_Pnative.mesh_512.raw,sample0.2_reference0.1,-22,-20,0.5,0,0.0,1994,0.0034847102657397408,,0.0,,2.488164082154587,0.0
512,D0005_Pnative.mesh_512.raw,sample0.2_reference0.1,-22,-20,1.0,0,0.0,1994,0.0034847102657397408,,0.005516549648946841,,2.488164082154587,0.0
512,D0005_Pnative.mesh_512.raw,sample0.2_reference0.1,-22,-20,2.0,0,0.0,1994,0.0034847102657397408,,0.17051153460381144,,2.488164082154587,0.0
512,D0005_Pnative.mesh_512.raw,sample0.2_reference0.1,-20,-18,0.1,0,0.0,1238,0.002163526233192477,,0.0,,3.9176092548401176,0.0
512,D0005_Pnative.mesh_512.raw,sample0.2_reference0.1,-20,-18,0.2,0,0.0,1238,0.002163526233192477,,0.0,,3.9176092548401176,0.0
512,D0005_Pnative.mesh_512.raw,sample0.2_reference0.1,-20,-18,0.25,0,0.0,1238,0.002163526233192477,,0.0,,3.9176092548401176,0.0
512,D0005_Pnative.mesh_512.raw,sample0.2_reference0.1,-20,-18,0.5,0,0.0,1238,0.002163526233192477,,0.0,,3.9176092548401176,0.0
512,D0005_Pnative.mesh_512.raw,sample0.2_reference0.1,-20,-18,1.0,0,0.0,1238,0.002163526233192477,,0.0,,3.9176092548401176,0.0
512,D0005_Pnative.mesh_512.raw,sample0.2_reference0.1,-20,-18,2.0,0,0.0,1238,0.002163526233192477,,0.0,,3.9176092548401176,0.0
512,D0005_Pnative.mesh_512.raw,sample0.2_reference0.1,-18,-16,0.1,0,0.0,177,0.0003093248330170181,,0.0,,4.929447141744323,0.0
512,D0005_Pnative.mesh_512.raw,sample0.2_reference0.1,-18,-16,0.2,0,0.0,177,0.0003093248330170181,,0.0,,4.929447141744323,0.0
512,D0005_Pnative.mesh_512.raw,sample0.2_reference0.1,-18,-16,0.25,0,0.0,177,0.0003093248330170181,,0.0,,4.929447141744323,0.0
512,D0005_Pnative.mesh_512.raw,sample0.2_reference0.1,-18,-16,0.5,0,0.0,177,0.0003093248330170181,,0.0,,4.929447141744323,0.0
512,D0005_Pnative.mesh_512.raw,sample0.2_reference0.1,-18,-16,1.0,0,0.0,177,0.0003093248330170181,,0.0,,4.929447141744323,0.0
512,D0005_Pnative.mesh_512.raw,sample0.2_reference0.1,-18,-16,2.0,0,0.0,177,0.0003093248330170181,,0.0,,4.929447141744323,0.0
512,D005_Pnative.mesh_512.raw,sample0.1_reference0.05,-50,-48,0.1,64,0.6399989821691805,1024,0.0007507111228409724,0.0,0.0,0.6476458705780758,0.8446598367299885,0.6399989821691805
512,D005_Pnative.mesh_512.raw,sample0.1_reference0.05,-50,-48,0.2,64,0.6399989821691805,1024,0.0007507111228409724,0.0,0.0,0.6476458705780758,0.8446598367299885,0.6399989821691805
512,D005_Pnative.mesh_512.raw,sample0.1_reference0.05,-50,-48,0.25,64,0.6399989821691805,1024,0.0007507111228409724,0.0,0.0,0.6476458705780758,0.8446598367299885,0.6399989821691805
512,D005_Pnative.mesh_512.raw,sample0.1_reference0.05,-50,-48,0.5,64,0.6399989821691805,1024,0.0007507111228409724,0.34375,0.0732421875,0.6476458705780758,0.8446598367299885,0.4199993320485247
512,D005_Pnative.mesh_512.raw,sample0.1_reference0.05,-50,-48,1.0,64,0.6399989821691805,1024,0.0007507111228409724,0.9375,0.720703125,0.6476458705780758,0.8446598367299885,0.03999993638557378
512,D005_Pnative.mesh_512.raw,sample0.1_reference0.05,-50,-48,2.0,64,0.6399989821691805,1024,0.0007507111228409724,1.0,1.0,0.6476458705780758,0.8446598367299885,0.0
512,D005_Pnative.mesh_512.raw,sample0.1_reference0.05,-48,-46,0.1,1346,13.459978593745577,14324,0.010501158323802821,0.12481426448736999,0.02129293493437587,0.4574737417819991,1.101378192649724,11.779981265551479
512,D005_Pnative.mesh_512.raw,sample0.1_reference0.05,-48,-46,0.2,1346,13.459978593745577,14324,0.010501158323802821,0.2949479940564636,0.04851996648980732,0.4574737417819991,1.101378192649724,9.48998490747738
512,D005_Pnative.mesh_512.raw,sample0.1_reference0.05,-48,-46,0.25,1346,13.459978593745577,14324,0.010501158323802821,0.38930163447251115,0.06702038536721586,0.4574737417819991,1.101378192649724,8.219986927235412
512,D005_Pnative.mesh_512.raw,sample0.1_reference0.05,-48,-46,0.5,1346,13.459978593745577,14324,0.010501158323802821,0.662704309063893,0.18835520804244624,0.4574737417819991,1.101378192649724,4.539992779762624
512,D005_Pnative.mesh_512.raw,sample0.1_reference0.05,-48,-46,1.0,1346,13.459978593745577,14324,0.010501158323802821,0.887815750371471,0.5238061993856464,0.4574737417819991,1.101378192649724,1.5099975985554102
512,D005_Pnative.mesh_512.raw,sample0.1_reference0.05,-48,-46,2.0,1346,13.459978593745577,14324,0.010501158323802821,1.0,0.8861351577771572,0.4574737417819991,1.101378192649724,0.0
512,D005_Pnative.mesh_512.raw,sample0.1_reference0.05,-46,-44,0.1,63,0.629998998072787,16556,0.012137473974370254,0.0,0.00024160425223483932,0.9583773659621193,2.0300795148883046,0.629998998072787
512,D005_Pnative.mesh_512.raw,sample0.1_reference0.05,-46,-44,0.2,63,0.629998998072787,16556,0.012137473974370254,0.06349206349206349,0.007852138197632278,0.9583773659621193,2.0300795148883046,0.5899990616872133
512,D005_Pnative.mesh_512.raw,sample0.1_reference0.05,-46,-44,0.25,63,0.629998998072787,16556,0.012137473974370254,0.14285714285714285,0.011597004107272288,0.9583773659621193,2.0300795148883046,0.5399991412052461
512,D005_Pnative.mesh_512.raw,sample0.1_reference0.05,-46,-44,0.5,63,0.629998998072787,16556,0.012137473974370254,0.36507936507936506,0.03479101232181686,0.9583773659621193,2.0300795148883046,0.3999993638557378
512,D005_Pnative.mesh_512.raw,sample0.1_reference0.05,-46,-44,1.0,63,0.629998998072787,16556,0.012137473974370254,0.5555555555555556,0.10044696786663446,0.9583773659621193,2.0300795148883046,0.2799995546990165
512,D005_Pnative.mesh_512.raw,sample0.1_reference0.05,-46,-44,2.0,63,0.629998998072787,16556,0.012137473974370254,0.9682539682539683,0.44485382942739793,0.9583773659621193,2.0300795148883046,0.01999996819278689
512,D005_Pnative.mesh_512.raw,sample0.1_reference0.05,-44,-42,0.1,95394,953.9384828913563,324466,0.23787132342160053,0.0675933496865631,0.04729309080150154,0.513666182043099,0.48145938597770394,889.4585854378114
512,D005_Pnative.mesh_512.raw,sample0.1_reference0.05,-44,-42,0.2,95394,953.9384828913563,324466,0.23787132342160053,0.18297796507117847,0.13871098974931118,0.513666182043099,0.48145938597770394,779.3887604888088
512,D005_Pnative.mesh_512.raw,sample0.1_reference0.05,-44,-42,0.25,95394,953.9384828913563,324466,0.23787132342160053,0.27252238086252806,0.2145309523956285,0.513666182043099,0.48145938597770394,693.9688963374159
512,D005_Pnative.mesh_512.raw,sample0.1_reference0.05,-44,-42,0.5,95394,953.9384828913563,324466,0.23787132342160053,0.6389919701448729,0.6338167943636621,0.513666182043099,0.48145938597770394,344.37945231159745
512,D005_Pnative.mesh_512.raw,sample0.1_reference0.05,-44,-42,1.0,95394,953.9384828913563,324466,0.23787132342160053,0.8878021678512276,0.9357498166217724,0.513666182043099,0.48145938597770394,107.02982978369904
512,D005_Pnative.mesh_512.raw,sample0.1_reference0.05,-44,-42,2.0,95394,953.9384828913563,324466,0.23787132342160053,0.9895486089271862,0.9959132852132426,0.513666182043099,0.48145938597770394,9.969984144104265
512,D005_Pnative.mesh_512.raw,sample0.1_reference0.05,-42,-40,0.1,39337,393.369374399829,31330,0.0229685346470778,0.09827897399394972,0.17325247366741142,0.8711419632585478,0.3764688619887996,354.7094358831719
512,D005_Pnative.mesh_512.raw,sample0.1_reference0.05,-42,-40,0.2,39337,393.369374399829,31330,0.0229685346470778,0.2092686275008262,0.3222470475582509,0.8711419632585478,0.3764688619887996,311.0495053183181
512,D005_Pnative.mesh_512.raw,sample0.1_reference0.05,-42,-40,0.25,39337,393.369374399829,31330,0.0229685346470778,0.27185601342247756,0.4046600702202362,0.8711419632585478,0.3764688619887996,286.42954447299746
512,D005_Pnative.mesh_512.raw,sample0.1_reference0.05,-42,-40,0.5,39337,393.369374399829,31330,0.0229685346470778,0.5182906678191016,0.7568145547398659,0.8711419632585478,0.3764688619887996,189.4896986425594
512,D005_Pnative.mesh_512.raw,sample0.1_reference0.05,-42,-40,1.0,39337,393.369374399829,31330,0.0229685346470778,0.7733685842845158,0.9576444302585382,0.8711419632585478,0.3764688619887996,89.14985821934756
512,D005_Pnative.mesh_512.raw,sample0.1_reference0.05,-42,-40,2.0,39337,393.369374399829,31330,0.0229685346470778,0.9399293286219081,0.9937120970315991,0.8711419632585478,0.3764688619887996,23.629962419777712
512,D005_Pnative.mesh_512.raw,sample0.1_reference0.05,-40,-38,0.1,24397,243.96961199971088,30996,0.0227236737925574,0.1970324220191007,0.2218350754936121,0.5817742880890894,0.3844305297460623,195.8996884483476
512,D005_Pnative.mesh_512.raw,sample0.1_reference0.05,-40,-38,0.2,24397,243.96961199971088,30996,0.0227236737925574,0.4261999426158954,0.43754032778423024,0.5817742880890894,0.3844305297460623,139.98977736541184
512,D005_Pnative.mesh_512.raw,sample0.1_reference0.05,-40,-38,0.25,24397,243.96961199971088,30996,0.0227236737925574,0.49182276509406897,0.5109691573106208,0.5817742880890894,0.3844305297460623,123.97980282708593
512,D005_Pnative.mesh_512.raw,sample0.1_reference0.05,-40,-38,0.5,24397,243.96961199971088,30996,0.0227236737925574,0.6325777759560601,0.7314492192540973,0.5817742880890894,0.3844305297460623,89.63985744007084
512,D005_Pnative.mesh_512.raw,sample0.1_reference0.05,-40,-38,1.0,24397,243.96961199971088,30996,0.0227236737925574,0.9068737959585195,0.9201832494515422,0.5817742880890894,0.3844305297460623,22.71996386700591
512,D005_Pnative.mesh_512.raw,sample0.1_reference0.05,-40,-38,2.0,24397,243.96961199971088,30996,0.0227236737925574,0.963315161700209,0.9889340560072267,0.5817742880890894,0.3844305297460623,8.949985766272134
512,D005_Pnative.mesh_512.raw,sample0.1_reference0.05,-38,-36,0.1,24035,240.34961775681646,32786,0.024035952024867305,0.13234865820678177,0.13700969926188006,0.5339611636432091,0.5325239051747446,208.5396683461889
512,D005_Pnative.mesh_512.raw,sample0.1_reference0.05,-38,-36,0.2,24035,240.34961775681646,32786,0.024035952024867305,0.3204077387143749,0.27276886475934853,0.5339611636432091,0.5325239051747446,163.33974023049055
512,D005_Pnative.mesh_512.raw,sample0.1_reference0.05,-38,-36,0.25,24035,240.34961775681646,32786,0.024035952024867305,0.4034116912835448,0.3356615628621973,0.5339611636432091,0.5325239051747446,143.3897719581856
512,D005_Pnative.mesh_512.raw,sample0.1_reference0.05,-38,-36,0.5,24035,240.34961775681646,32786,0.024035952024867305,0.6371957561888912,0.5253156835234551,0.5339611636432091,0.5325239051747446,87.19986132055084
512,D005_Pnative.mesh_512.raw,sample0.1_reference0.05,-38,-36,1.0,24035,240.34961775681646,32786,0.024035952024867305,0.9106719367588932,0.8494784359177697,0.5339611636432091,0.5325239051747446,21.469965854956726
512,D005_Pnative.mesh_512.raw,sample0.1_reference0.05,-38,-36,2.0,24035,240.34961775681646,32786,0.024035952024867305,0.9635531516538381,0.9961568962361984,0.5339611636432091,0.5325239051747446,8.759986068440657
512,D005_Pnative.mesh_512.raw,sample0.1_reference0.05,-36,-34,0.1,18136,181.35971157219151,28156,0.020641623412803144,0.10024261138067932,0.08832930814036084,0.5907968283838391,0.7664677060052861,163.17974048494824
512,D005_Pnative.mesh_512.raw,sample0.1_reference0.05,-36,-34,0.2,18136,181.35971157219151,28156,0.020641623412803144,0.3378914865460962,0.23870578207131696,0.5907968283838391,0.7664677060052861,120.0798090294925
512,D005_Pnative.mesh_512.raw,sample0.1_reference0.05,-36,-34,0.25,18136,181.35971157219151,28156,0.020641623412803144,0.4213718570798412,0.29098593550220203,0.5907968283838391,0.7664677060052861,104.93983310755281
512,D005_Pnative.mesh_512.raw,sample0.1_reference0.05,-36,-34,0.5,18136,181.35971157219151,28156,0.020641623412803144,0.7198941332157036,0.542193493393948,0.5907968283838391,0.7664677060052861,50.7999192096787
512,D005_Pnative.mesh_512.raw,sample0.1_reference0.05,-36,-34,1.0,18136,181.35971157219151,28156,0.020641623412803144,0.8908248786943097,0.7529478619122034,0.5907968283838391,0.7664677060052861,19.79996851085902
512,D005_Pnative.mesh_512.raw,sample0.1_reference0.05,-36,-34,2.0,18136,181.35971157219151,28156,0.020641623412803144,0.918228936921041,0.908971444807501,0.5907968283838391,0.7664677060052861,14.82997641495148
512,D005_Pnative.mesh_512.raw,sample0.1_reference0.05,-34,-32,0.1,28761,287.60954259637185,34072,0.024978739626403918,0.0639755224088175,0.10665649213430382,0.6999926472161062,0.8864863778589481,269.20957185900795
512,D005_Pnative.mesh_512.raw,sample0.1_reference0.05,-34,-32,0.2,28761,287.60954259637185,34072,0.024978739626403918,0.18678070998922153,0.2535806527353839,0.6999926472161062,0.8864863778589481,233.8896280305463
512,D005_Pnative.mesh_512.raw,sample0.1_reference0.05,-34,-32,0.25,28761,287.60954259637185,34072,0.024978739626403918,0.2807621431800007,0.3443590044611411,0.6999926472161062,0.8864863778589481,206.8596710179948
512,D005_Pnative.mesh_512.raw,sample0.1_reference0.05,-34,-32,0.5,28761,287.60954259637185,34072,0.024978739626403918,0.555822120232259,0.6551420521249119,0.6999926472161062,0.8864863778589481,127.74979683142627
512,D005_Pnative.mesh_512.raw,sample0.1_reference0.05,-34,-32,1.0,28761,287.60954259637185,34072,0.024978739626403918,0.7229234032196377,0.737643813101667,0.6999926472161062,0.8864863778589481,79.68987326415936
512,D005_Pnative.mesh_512.raw,sample0.1_reference0.05,-34,-32,2.0,28761,287.60954259637185,34072,0.024978739626403918,0.9516011265255033,0.8206738671049543,0.6999926472161062,0.8864863778589481,13.919977862179676
512,D005_Pnative.mesh_512.raw,sample0.1_reference0.05,-32,-30,0.1,47719,477.1892410957988,224694,0.1647268408551069,0.056581235985666084,0.02307582756993956,0.6194045219135399,0.8767423028751749,450.1892840355365
512,D005_Pnative.mesh_512.raw,sample0.1_reference0.05,-32,-30,0.2,47719,477.1892410957988,224694,0.1647268408551069,0.21475722458559485,0.08170222613865968,0.6194045219135399,0.8767423028751749,374.7094040759588
512,D005_Pnative.mesh_512.raw,sample0.1_reference0.05,-32,-30,0.25,47719,477.1892410957988,224694,0.1647268408551069,0.3178188981328192,0.13047967457965054,0.6194045219135399,0.8767423028751749,325.52948228989584
512,D005_Pnative.mesh_512.raw,sample0.1_reference0.05,-32,-30,0.5,47719,477.1892410957988,224694,0.1647268408551069,0.6077243865127098,0.338460306016182,0.6194045219135399,0.8767423028751749,187.18970230038892
512,D005_Pnative.mesh_512.raw,sample0.1_reference0.05,-32,-30,1.0,47719,477.1892410957988,224694,0.1647268408551069,0.8181437163394036,0.6910642918814032,0.6194045219135399,0.8767423028751749,86.77986198850232
512,D005_Pnative.mesh_512.raw,sample0.1_reference0.05,-32,-30,2.0,47719,477.1892410957988,224694,0.1647268408551069,0.9337999538967707,0.9414537103794494,0.6194045219135399,0.8767423028751749,31.589949760506894
512,D005_Pnative.mesh_512.raw,sample0.1_reference0.05,-30,-28,0.1,139559,1395.587780508573,240165,0.1760688836104513,0.07030001648048495,0.10377448837257719,0.6676248874834797,0.5576321945503582,1297.4779365388567
512,D005_Pnative.mesh_512.raw,sample0.1_reference0.05,-30,-28,0.2,139559,1395.587780508573,240165,0.1760688836104513,0.16037661490839,0.20757812337351406,0.6676248874834797,0.5576321945503582,1171.7681364630948
512,D005_Pnative.mesh_512.raw,sample0.1_reference0.05,-30,-28,0.25,139559,1395.587780508573,240165,0.1760688836104513,0.21523513352775528,0.2677117814835634,0.6676248874834797,0.5576321945503582,1095.2082582211065
512,D005_Pnative.mesh_512.raw,sample0.1_reference0.05,-30,-28,0.5,139559,1395.587780508573,240165,0.1760688836104513,0.47911635938921887,0.5852393146378532,0.6676248874834797,0.5576321945503582,726.9388439032251
512,D005_Pnative.mesh_512.raw,sample0.1_reference0.05,-30,-28,1.0,139559,1395.587780508573,240165,0.1760688836104513,0.7756002837509584,0.9542481210834218,0.6676248874834797,0.5576321945503582,313.16950194675354
512,D005_Pnative.mesh_512.raw,sample0.1_reference0.05,-30,-28,2.0,139559,1395.587780508573,240165,0.1760688836104513,0.9783747375661906,0.9660150313326255,0.6676248874834797,0.5576321945503582,30.179952002915417
512,D005_Pnative.mesh_512.raw,sample0.1_reference0.05,-28,-26,0.1,107012,1070.1182981232553,359722,0.26371807278378934,0.15609464359137293,0.16416010141164566,0.5533732575491138,0.6196930701707299,903.0785637770992
512,D005_Pnative.mesh_512.raw,sample0.1_reference0.05,-28,-26,0.2,107012,1070.1182981232553,359722,0.26371807278378934,0.29768624079542483,0.3012020393526112,0.5533732575491138,0.6196930701707299,751.5588047485458
512,D005_Pnative.mesh_512.raw,sample0.1_reference0.05,-28,-26,0.25,107012,1070.1182981232553,359722,0.26371807278378934,0.35251186782790717,0.35647527813144597,0.5533732575491138,0.6196930701707299,692.8888980550055
512,D005_Pnative.mesh_512.raw,sample0.1_reference0.05,-28,-26,0.5,107012,1070.1182981232553,359722,0.26371807278378934,0.5394067954995702,0.5375956989008178,0.5533732575491138,0.6196930701707299,492.88921612713654
512,D005_Pnative.mesh_512.raw,sample0.1_reference0.05,-28,-26,1.0,107012,1070.1182981232553,359722,0.26371807278378934,0.8163383545770567,0.7868687486447868,0.5533732575491138,0.6196930701707299,196.53968743051678
512,D005_Pnative.mesh_512.raw,sample0.1_reference0.05,-28,-26,2.0,107012,1070.1182981232553,359722,0.26371807278378934,1.0,0.9870566715408009,0.5533732575491138,0.6196930701707299,0.0
512,D005_Pnative.mesh_512.raw,sample0.1_reference0.05,-26,-24,0.1,15960,159.59974617843937,18608,0.013641828685375796,0.04492481203007519,0.07706362854686157,1.622736190180847,1.530258775562724,152.42975758132528
512,D005_Pnative.mesh_512.raw,sample0.1_reference0.05,-26,-24,0.2,15960,159.59974617843937,18608,0.013641828685375796,0.10432330827067669,0.15052665520206363,1.622736190180847,1.530258775562724,142.9497726579443
512,D005_Pnative.mesh_512.raw,sample0.1_reference0.05,-26,-24,0.25,15960,159.59974617843937,18608,0.013641828685375796,0.131265664160401,0.18680137575236458,1.622736190180847,1.530258775562724,138.6497794964951
512,D005_Pnative.mesh_512.raw,sample0.1_reference0.05,-26,-24,0.5,15960,159.59974617843937,18608,0.013641828685375796,0.2306390977443609,0.33259888220120376,1.622736190180847,1.530258775562724,122.78980471961512
512,D005_Pnative.mesh_512.raw,sample0.1_reference0.05,-26,-24,1.0,15960,159.59974617843937,18608,0.013641828685375796,0.3154135338345865,0.587274290627687,1.622736190180847,1.530258775562724,109.25982623719479
512,D005_Pnative.mesh_512.raw,sample0.1_reference0.05,-26,-24,2.0,15960,159.59974617843937,18608,0.013641828685375796,0.6,0.6980331040412726,1.622736190180847,1.530258775562724,63.839898471375754
512,D005_Pnative.mesh_512.raw,sample0.1_reference0.05,-24,-22,0.1,1573,15.729974983626889,2722,0.001995542652708132,0.07056579783852511,0.03232916972814107,1.0689467966512434,1.895392694448591,14.619976748927217
512,D005_Pnative.mesh_512.raw,sample0.1_reference0.05,-24,-22,0.2,1573,15.729974983626889,2722,0.001995542652708132,0.20788302606484424,0.060249816311535635,1.0689467966512434,1.895392694448591,12.459980184106232
512,D005_Pnative.mesh_512.raw,sample0.1_reference0.05,-24,-22,0.25,1573,15.729974983626889,2722,0.001995542652708132,0.25047679593134137,0.0760470242468773,1.0689467966512434,1.895392694448591,11.789981249647871
512,D005_Pnative.mesh_512.raw,sample0.1_reference0.05,-24,-22,0.5,1573,15.729974983626889,2722,0.001995542652708132,0.41385886840432295,0.16531961792799413,1.0689467966512434,1.895392694448591,9.219985336874757
512,D005_Pnative.mesh_512.raw,sample0.1_reference0.05,-24,-22,1.0,1573,15.729974983626889,2722,0.001995542652708132,0.4507310870947235,0.3438648052902278,1.0689467966512434,1.895392694448591,8.639986259283937
512,D005_Pnative.mesh_512.raw,sample0.1_reference0.05,-24,-22,2.0,1573,15.729974983626889,2722,0.001995542652708132,0.9313413858868405,0.6708302718589273,1.0689467966512434,1.895392694448591,1.0799982824104921
512,D005_Pnative.mesh_512.raw,sample0.1_reference0.05,-22,-20,0.1,428,4.279993193256394,2561,0.0018775109234333304,0.14018691588785046,0.016399843811011325,0.23010908108025566,1.3614436963909455,3.679994147472788
512,D005_Pnative.mesh_512.raw,sample0.1_reference0.05,-22,-20,0.2,428,4.279993193256394,2561,0.0018775109234333304,0.441588785046729,0.024599765716516987,0.23010908108025566,1.3614436963909455,2.3899961990380336
512,D005_Pnative.mesh_512.raw,sample0.1_reference0.05,-22,-20,0.25,428,4.279993193256394,2561,0.0018775109234333304,0.5677570093457944,0.030456852791878174,0.23010908108025566,1.3614436963909455,1.8499970578327873
512,D005_Pnative.mesh_512.raw,sample0.1_reference0.05,-22,-20,0.5,428,4.279993193256394,2561,0.0018775109234333304,0.9836448598130841,0.07379929714955095,0.23010908108025566,1.3614436963909455,0.06999988867475412
512,D005_Pnative.mesh_512.raw,sample0.1_reference0.05,-22,-20,1.0,428,4.279993193256394,2561,0.0018775109234333304,1.0,0.2499023818820773,0.23010908108025566,1.3614436963909455,0.0
512,D005_Pnative.mesh_512.raw,sample0.1_reference0.05,-22,-20,2.0,428,4.279993193256394,2561,0.0018775109234333304,1.0,0.8652869972666927,0.23010908108025566,1.3614436963909455,0.0
512,D005_Pnative.mesh_512.raw,sample0.1_reference0.05,-20,-18,0.1,0,0.0,1619,0.0011869153397261077,,0.0,,1.8455737715079654,0.0
512,D005_Pnative.mesh_512.raw,sample0.1_reference0.05,-20,-18,0.2,0,0.0,1619,0.0011869153397261077,,0.0,,1.8455737715079654,0.0
512,D005_Pnative.mesh_512.raw,sample0.1_reference0.05,-20,-18,0.25,0,0.0,1619,0.0011869153397261077,,0.0,,1.8455737715079654,0.0
512,D005_Pnative.mesh_512.raw,sample0.1_reference0.05,-20,-18,0.5,0,0.0,1619,0.0011869153397261077,,0.0006176652254478073,,1.8455737715079654,0.0
512,D005_Pnative.mesh_512.raw,sample0.1_reference0.05,-20,-18,1.0,0,0.0,1619,0.0011869153397261077,,0.03767757875231625,,1.8455737715079654,0.0
512,D005_Pnative.mesh_512.raw,sample0.1_reference0.05,-20,-18,2.0,0,0.0,1619,0.0011869153397261077,,0.6022235948116121,,1.8455737715079654,0.0
512,D005_Pnative.mesh_512.raw,sample0.1_reference0.05,-18,-16,0.1,0,0.0,239,0.00017521480308495353,,0.0,,2.7093394421134533,0.0
512,D005_Pnative.mesh_512.raw,sample0.1_reference0.05,-18,-16,0.2,0,0.0,239,0.00017521480308495353,,0.0,,2.7093394421134533,0.0
512,D005_Pnative.mesh_512.raw,sample0.1_reference0.05,-18,-16,0.25,0,0.0,239,0.00017521480308495353,,0.0,,2.7093394421134533,0.0
512,D005_Pnative.mesh_512.raw,sample0.1_reference0.05,-18,-16,0.5,0,0.0,239,0.00017521480308495353,,0.0,,2.7093394421134533,0.0
512,D005_Pnative.mesh_512.raw,sample0.1_reference0.05,-18,-16,1.0,0,0.0,239,0.00017521480308495353,,0.0,,2.7093394421134533,0.0
512,D005_Pnative.mesh_512.raw,sample0.1_reference0.05,-18,-16,2.0,0,0.0,239,0.00017521480308495353,,0.0,,2.7093394421134533,0.0
512,D0005_Pnative.mesh_512.raw,sample0.1_reference0.05,-50,-48,0.1,0,0.0,1024,0.0007507111228409724,,0.0,,6.884198654443026,0.0
512,D0005_Pnative.mesh_512.raw,sample0.1_reference0.05,-50,-48,0.2,0,0.0,1024,0.0007507111228409724,,0.0,,6.884198654443026,0.0
512,D0005_Pnative.mesh_512.raw,sample0.1_reference0.05,-50,-48,0.25,0,0.0,1024,0.0007507111228409724,,0.0,,6.884198654443026,0.0
512,D0005_Pnative.mesh_512.raw,sample0.1_reference0.05,-50,-48,0.5,0,0.0,1024,0.0007507111228409724,,0.0,,6.884198654443026,0.0
512,D0005_Pnative.mesh_512.raw,sample0.1_reference0.05,-50,-48,1.0,0,0.0,1024,0.0007507111228409724,,0.0,,6.884198654443026,0.0
512,D0005_Pnative.mesh_512.raw,sample0.1_reference0.05,-50,-48,2.0,0,0.0,1024,0.0007507111228409724,,0.0,,6.884198654443026,0.0
512,D0005_Pnative.mesh_512.raw,sample0.1_reference0.05,-48,-46,0.1,0,0.0,14324,0.010501158323802821,,0.0,,5.594221255909761,0.0
512,D0005_Pnative.mesh_512.raw,sample0.1_reference0.05,-48,-46,0.2,0,0.0,14324,0.010501158323802821,,0.0,,5.594221255909761,0.0
512,D0005_Pnative.mesh_512.raw,sample0.1_reference0.05,-48,-46,0.25,0,0.0,14324,0.010501158323802821,,0.0,,5.594221255909761,0.0
512,D0005_Pnative.mesh_512.raw,sample0.1_reference0.05,-48,-46,0.5,0,0.0,14324,0.010501158323802821,,0.0,,5.594221255909761,0.0
512,D0005_Pnative.mesh_512.raw,sample0.1_reference0.05,-48,-46,1.0,0,0.0,14324,0.010501158323802821,,0.0,,5.594221255909761,0.0
512,D0005_Pnative.mesh_512.raw,sample0.1_reference0.05,-48,-46,2.0,0,0.0,14324,0.010501158323802821,,0.0,,5.594221255909761,0.0
512,D0005_Pnative.mesh_512.raw,sample0.1_reference0.05,-46,-44,0.1,0,0.0,16556,0.012137473974370254,,0.0,,2.7822961630265937,0.0
512,D0005_Pnative.mesh_512.raw,sample0.1_reference0.05,-46,-44,0.2,0,0.0,16556,0.012137473974370254,,0.0,,2.7822961630265937,0.0
512,D0005_Pnative.mesh_512.raw,sample0.1_reference0.05,-46,-44,0.25,0,0.0,16556,0.012137473974370254,,0.0,,2.7822961630265937,0.0
512,D0005_Pnative.mesh_512.raw,sample0.1_reference0.05,-46,-44,0.5,0,0.0,16556,0.012137473974370254,,0.0,,2.7822961630265937,0.0
512,D0005_Pnative.mesh_512.raw,sample0.1_reference0.05,-46,-44,1.0,0,0.0,16556,0.012137473974370254,,0.00012080212611741966,,2.7822961630265937,0.0
512,D0005_Pnative.mesh_512.raw,sample0.1_reference0.05,-46,-44,2.0,0,0.0,16556,0.012137473974370254,,0.04862285576226141,,2.7822961630265937,0.0
512,D0005_Pnative.mesh_512.raw,sample0.1_reference0.05,-44,-42,0.1,44502,445.01938153699314,324466,0.23787132342160053,0.03339175767381241,0.007415260766921649,0.8520223610899411,1.5062360700700839,430.15940218855997
512,D0005_Pnative.mesh_512.raw,sample0.1_reference0.05,-44,-42,0.2,44502,445.01938153699314,324466,0.23787132342160053,0.0989169026111186,0.019663077179118922,0.8520223610899411,1.5062360700700839,400.99944271343816
512,D0005_Pnative.mesh_512.raw,sample0.1_reference0.05,-44,-42,0.25,44502,445.01938153699314,324466,0.23787132342160053,0.13904993034020943,0.02893677611829899,0.8520223610899411,1.5062360700700839,383.13946753423113
512,D0005_Pnative.mesh_512.raw,sample0.1_reference0.05,-44,-42,0.5,44502,445.01938153699314,324466,0.23787132342160053,0.3594894611478136,0.10251921618906142,0.8520223610899411,1.5062360700700839,285.0396038679262
512,D0005_Pnative.mesh_512.raw,sample0.1_reference0.05,-44,-42,1.0,44502,445.01938153699314,324466,0.23787132342160053,0.5767381241292526,0.25948789703697767,0.8520223610899411,1.5062360700700839,188.35973822818755
512,D0005_Pnative.mesh_512.raw,sample0.1_reference0.05,-44,-42,2.0,44502,445.01938153699314,324466,0.23787132342160053,1.0,0.7960248531433186,0.8520223610899411,1.5062360700700839,0.0
512,D0005_Pnative.mesh_512.raw,sample0.1_reference0.05,-42,-40,0.1,54109,541.0892480244744,31330,0.0229685346470778,0.035557855439945295,0.0876795403766358,1.2157125040066328,0.5459586640094589,521.8492747631115
512,D0005_Pnative.mesh_512.raw,sample0.1_reference0.05,-42,-40,0.2,54109,541.0892480244744,31330,0.0229685346470778,0.10460367036906984,0.2161825726141079,1.2157125040066328,0.5459586640094589,484.4893266838744
512,D0005_Pnative.mesh_512.raw,sample0.1_reference0.05,-42,-40,0.25,54109,541.0892480244744,31330,0.0229685346470778,0.14590918331516015,0.29141398021066073,1.2157125040066328,0.5459586640094589,462.13935774460924
512,D0005_Pnative.mesh_512.raw,sample0.1_reference0.05,-42,-40,0.5,54109,541.0892480244744,31330,0.0229685346470778,0.29455358627954686,0.5626236833705713,1.2157125040066328,0.5459586640094589,381.70946952156226
512,D0005_Pnative.mesh_512.raw,sample0.1_reference0.05,-42,-40,1.0,54109,541.0892480244744,31330,0.0229685346470778,0.46520911493466893,0.8832428981806575,1.2157125040066328,0.5459586640094589,289.3695978503431
512,D0005_Pnative.mesh_512.raw,sample0.1_reference0.05,-42,-40,2.0,54109,541.0892480244744,31330,0.0229685346470778,0.8030087416141493,0.9900414937759336,1.2157125040066328,0.5459586640094589,106.58985186739494
512,D0005_Pnative.mesh_512.raw,sample0.1_reference0.05,-40,-38,0.1,20990,209.8997082931438,30996,0.0227236737925574,0.14935683658885182,0.15624596722157696,0.4923071255680094,0.49257385625640066,178.54975186155704
512,D0005_Pnative.mesh_512.raw,sample0.1_reference0.05,-40,-38,0.2,20990,209.8997082931438,30996,0.0227236737925574,0.40600285850404955,0.35214221189830947,0.4923071255680094,0.49257385625640066,124.67982672696127
512,D0005_Pnative.mesh_512.raw,sample0.1_reference0.05,-40,-38,0.25,20990,209.8997082931438,30996,0.0227236737925574,0.5023820867079561,0.42166731191121437,0.4923071255680094,0.49257385625640066,104.44985484144293
512,D0005_Pnative.mesh_512.raw,sample0.1_reference0.05,-40,-38,0.5,20990,209.8997082931438,30996,0.0227236737925574,0.6150071462601239,0.5671699574138599,0.4923071255680094,0.49257385625640066,80.80988769494498
512,D0005_Pnative.mesh_512.raw,sample0.1_reference0.05,-40,-38,1.0,20990,209.8997082931438,30996,0.0227236737925574,0.9096712720343021,0.889082462253194,0.4923071255680094,0.49257385625640066,18.959973650490742
512,D0005_Pnative.mesh_512.raw,sample0.1_reference0.05,-40,-38,2.0,20990,209.8997082931438,30996,0.0227236737925574,0.9790852787041449,0.9965156794425087,0.4923071255680094,0.49257385625640066,4.389993899032403
512,D0005_Pnative.mesh_512.raw,sample0.1_reference0.05,-38,-36,0.1,16925,169.24976478615812,32786,0.024035952024867305,0.05725258493353028,0.04419569328371866,0.4009634100475172,0.8097948072755394,159.55977825275858
512,D0005_Pnative.mesh_512.raw,sample0.1_reference0.05,-38,-36,0.2,16925,169.24976478615812,32786,0.024035952024867305,0.30658788774002954,0.213414262185079,0.4009634100475172,0.8097948072755394,117.35983689987306
512,D0005_Pnative.mesh_512.raw,sample0.1_reference0.05,-38,-36,0.25,16925,169.24976478615812,32786,0.024035952024867305,0.4690103397341211,0.29860306228268163,0.4009634100475172,0.8097948072755394,89.86987510388201
512,D0005_Pnative.mesh_512.raw,sample0.1_reference0.05,-38,-36,0.5,16925,169.24976478615812,32786,0.024035952024867305,0.6513441654357459,0.4291770877813701,0.4009634100475172,0.8097948072755394,59.00991799132166
512,D0005_Pnative.mesh_512.raw,sample0.1_reference0.05,-38,-36,1.0,16925,169.24976478615812,32786,0.024035952024867305,0.9623042836041359,0.7119502226560117,0.4009634100475172,0.8097948072755394,6.379991133445724
512,D0005_Pnative.mesh_512.raw,sample0.1_reference0.05,-38,-36,2.0,16925,169.24976478615812,32786,0.024035952024867305,0.9972821270310191,0.9153602147257976,0.4009634100475172,0.8097948072755394,0.4599993607186572
512,D0005_Pnative.mesh_512.raw,sample0.1_reference0.05,-36,-34,0.1,17705,177.04975394617014,28156,0.020641623412803144,0.030838746116916126,0.0357295070322489,0.36592370453959794,0.9417500640059996,171.5897615341617
512,D0005_Pnative.mesh_512.raw,sample0.1_reference0.05,-36,-34,0.2,17705,177.04975394617014,28156,0.020641623412803144,0.30149675232985035,0.26580480181844013,0.36592370453959794,0.9417500640059996,123.66982813060073
512,D0005_Pnative.mesh_512.raw,sample0.1_reference0.05,-36,-34,0.25,17705,177.04975394617014,28156,0.020641623412803144,0.5438011861056199,0.4036794999289672,0.36592370453959794,0.9417500640059996,80.76988775053466
512,D0005_Pnative.mesh_512.raw,sample0.1_reference0.05,-36,-34,0.5,17705,177.04975394617014,28156,0.020641623412803144,0.7441965546455803,0.5398138940190368,0.36592370453959794,0.9417500640059996,45.289937058582574
512,D0005_Pnative.mesh_512.raw,sample0.1_reference0.05,-36,-34,1.0,17705,177.04975394617014,28156,0.020641623412803144,0.9669020050833098,0.7355093052990481,0.36592370453959794,0.9417500640059996,5.85999185611159
512,D0005_Pnative.mesh_512.raw,sample0.1_reference0.05,-36,-34,2.0,17705,177.04975394617014,28156,0.020641623412803144,0.9954815024004519,0.83317942889615,0.36592370453959794,0.9417500640059996,0.7999988882063603
512,D0005_Pnative.mesh_512.raw,sample0.1_reference0.05,-34,-32,0.1,15405,154.04978591023726,34072,0.024978739626403918,0.010256410256410256,0.009362526414651327,0.32578890282666156,1.274758173495743,152.4697881060297
512,D0005_Pnative.mesh_512.raw,sample0.1_reference0.05,-34,-32,0.2,15405,154.04978591023726,34072,0.024978739626403918,0.20947744238883478,0.1519135947405494,0.32578890282666156,1.274758173495743,121.7798307572132
512,D0005_Pnative.mesh_512.raw,sample0.1_reference0.05,-34,-32,0.25,15405,154.04978591023726,34072,0.024978739626403918,0.4070107108081792,0.25135008217891525,0.32578890282666156,1.274758173495743,91.34987304706378
512,D0005_Pnative.mesh_512.raw,sample0.1_reference0.05,-34,-32,0.5,15405,154.04978591023726,34072,0.024978739626403918,0.898020123336579,0.6201279643108711,0.32578890282666156,1.274758173495743,15.709978167152402
512,D0005_Pnative.mesh_512.raw,sample0.1_reference0.05,-34,-32,1.0,15405,154.04978591023726,34072,0.024978739626403918,0.9896137617656605,0.7111998121624794,0.32578890282666156,1.274758173495743,1.5999977764127207
512,D0005_Pnative.mesh_512.raw,sample0.1_reference0.05,-34,-32,2.0,15405,154.04978591023726,34072,0.024978739626403918,0.9944173969490425,0.772657900915708,0.32578890282666156,1.274758173495743,0.8599988048218374
512,D0005_Pnative.mesh_512.raw,sample0.1_reference0.05,-32,-30,0.1,23523,235.22967309097768,224694,0.1647268408551069,0.04374442035454661,0.00888764274969514,0.31919013600173524,1.0212991023583002,224.93968739142338
512,D0005_Pnative.mesh_512.raw,sample0.1_reference0.05,-32,-30,0.2,23523,235.22967309097768,224694,0.1647268408551069,0.24337882072864855,0.05499479291836898,0.31919013600173524,1.0212991023583002,177.97975265371002
512,D0005_Pnative.mesh_512.raw,sample0.1_reference0.05,-32,-30,0.25,23523,235.22967309097768,224694,0.1647268408551069,0.4223100794966628,0.09963327903726846,0.31919013600173524,1.0212991023583002,135.88981114795288
512,D0005_Pnative.mesh_512.raw,sample0.1_reference0.05,-32,-30,0.5,23523,235.22967309097768,224694,0.1647268408551069,0.911108277005484,0.2889396245560629,0.31919013600173524,1.0212991023583002,20.909970940493743
512,D0005_Pnative.mesh_512.raw,sample0.1_reference0.05,-32,-30,1.0,23523,235.22967309097768,224694,0.1647268408551069,0.9837605747566212,0.5897220219498518,0.31919013600173524,1.0212991023583002,3.8199946911853706
512,D0005_Pnative.mesh_512.raw,sample0.1_reference0.05,-32,-30,2.0,23523,235.22967309097768,224694,0.1647268408551069,0.9930281001572928,0.920527472918725,0.31919013600173524,1.0212991023583002,1.6399977208230387
512,D0005_Pnative.mesh_512.raw,sample0.1_reference0.05,-30,-28,0.1,95611,956.108671253729,240165,0.1760688836104513,0.06264969511876249,0.0663918555992755,0.4682808886664958,0.6010983919718571,896.2087544992778
512,D0005_Pnative.mesh_512.raw,sample0.1_reference0.05,-30,-28,0.2,95611,956.108671253729,240165,0.1760688836104513,0.15403039399232307,0.1279870089313597,0.4682808886664958,0.6010983919718571,808.8388759210407
512,D0005_Pnative.mesh_512.raw,sample0.1_reference0.05,-30,-28,0.25,95611,956.108671253729,240165,0.1760688836104513,0.22133436529269646,0.18343222367955364,0.4682808886664958,0.6010983919718571,744.4889653509415
512,D0005_Pnative.mesh_512.raw,sample0.1_reference0.05,-30,-28,0.5,95611,956.108671253729,240165,0.1760688836104513,0.5870245055485247,0.5201007640580434,0.4682808886664958,0.6010983919718571,394.8494512603517
512,D0005_Pnative.mesh_512.raw,sample0.1_reference0.05,-30,-28,1.0,95611,956.108671253729,240165,0.1760688836104513,0.9548378324669755,0.9497553765119814,0.4682808886664958,0.6010983919718571,43.1799399909383
512,D0005_Pnative.mesh_512.raw,sample0.1_reference0.05,-30,-28,2.0,95611,956.108671253729,240165,0.1760688836104513,0.999497965715242,0.9662107301230404,0.4682808886664958,0.6010983919718571,0.47999933292381625
512,D0005_Pnative.mesh_512.raw,sample0.1_reference0.05,-28,-26,0.1,93208,932.0787046492304,359722,0.26371807278378934,0.08908033645180671,0.062398185265288196,0.4087512293058654,0.4965014699150804,849.0488200395129
512,D0005_Pnative.mesh_512.raw,sample0.1_reference0.05,-28,-26,0.2,93208,932.0787046492304,359722,0.26371807278378934,0.20166723886361684,0.14318557107988947,0.4087512293058654,0.4965014699150804,744.1089658790435
512,D0005_Pnative.mesh_512.raw,sample0.1_reference0.05,-28,-26,0.25,93208,932.0787046492304,359722,0.26371807278378934,0.2699446399450691,0.19654344188011855,0.4087512293058654,0.4965014699150804,680.4690543222275
512,D0005_Pnative.mesh_512.raw,sample0.1_reference0.05,-28,-26,0.5,93208,932.0787046492304,359722,0.26371807278378934,0.6567462020427431,0.5886184331233564,0.4087512293058654,0.4965014699150804,319.93955536592864
512,D0005_Pnative.mesh_512.raw,sample0.1_reference0.05,-28,-26,1.0,93208,932.0787046492304,359722,0.26371807278378934,0.9976504162732812,0.9805182891232674,0.4087512293058654,0.4965014699150804,2.1899969564649115
512,D0005_Pnative.mesh_512.raw,sample0.1_reference0.05,-28,-26,2.0,93208,932.0787046492304,359722,0.26371807278378934,1.0,0.987223467010636,0.4087512293058654,0.4965014699150804,0.0
512,D0005_Pnative.mesh_512.raw,sample0.1_reference0.05,-26,-24,0.1,4799,47.98993330627904,18608,0.013641828685375796,0.17336945196916023,0.11742261392949269,0.25952950600405206,1.3906181831592053,39.669944868932895
512,D0005_Pnative.mesh_512.raw,sample0.1_reference0.05,-26,-24,0.2,4799,47.98993330627904,18608,0.013641828685375796,0.401750364659304,0.22748280309544283,0.25952950600405206,1.3906181831592053,28.709960100505757
512,D0005_Pnative.mesh_512.raw,sample0.1_reference0.05,-26,-24,0.25,4799,47.98993330627904,18608,0.013641828685375796,0.5042717232756825,0.2720872742906277,0.25952950600405206,1.3906181831592053,23.789966938036642
512,D0005_Pnative.mesh_512.raw,sample0.1_reference0.05,-26,-24,0.5,4799,47.98993330627904,18608,0.013641828685375796,0.9562408835173994,0.6524613069647464,0.25952950600405206,1.3906181831592053,2.099997081541696
512,D0005_Pnative.mesh_512.raw,sample0.1_reference0.05,-26,-24,1.0,4799,47.98993330627904,18608,0.013641828685375796,1.0,0.6704105760963026,0.25952950600405206,1.3906181831592053,0.0
512,D0005_Pnative.mesh_512.raw,sample0.1_reference0.05,-26,-24,2.0,4799,47.98993330627904,18608,0.013641828685375796,1.0,0.6931427343078246,0.25952950600405206,1.3906181831592053,0.0
512,D0005_Pnative.mesh_512.raw,sample0.1_reference0.05,-24,-22,0.1,354,3.539995080313145,2722,0.001995542652708132,0.07344632768361582,0.005510653930933138,0.31467796501175194,2.3234614848797697,3.2799954416460775
512,D0005_Pnative.mesh_512.raw,sample0.1_reference0.05,-24,-22,0.2,354,3.539995080313145,2722,0.001995542652708132,0.2570621468926554,0.019470977222630418,0.31467796501175194,2.3234614848797697,2.6299963449784096
512,D0005_Pnative.mesh_512.raw,sample0.1_reference0.05,-24,-22,0.25,354,3.539995080313145,2722,0.001995542652708132,0.3954802259887006,0.02461425422483468,0.31467796501175194,2.3234614848797697,2.139997025952014
512,D0005_Pnative.mesh_512.raw,sample0.1_reference0.05,-24,-22,0.5,354,3.539995080313145,2722,0.001995542652708132,0.8418079096045198,0.07898603967670831,0.31467796501175194,2.3234614848797697,0.5599992217444523
512,D0005_Pnative.mesh_512.raw,sample0.1_reference0.05,-24,-22,1.0,354,3.539995080313145,2722,0.001995542652708132,1.0,0.2068332108743571,0.31467796501175194,2.3234614848797697,0.0
512,D0005_Pnative.mesh_512.raw,sample0.1_reference0.05,-24,-22,2.0,354,3.539995080313145,2722,0.001995542652708132,1.0,0.5767817781043351,0.31467796501175194,2.3234614848797697,0.0
512,D0005_Pnative.mesh_512.raw,sample0.1_reference0.05,-22,-20,0.1,0,0.0,2561,0.0018775109234333304,,0.0,,2.498231557722624,0.0
512,D0005_Pnative.mesh_512.raw,sample0.1_reference0.05,-22,-20,0.2,0,0.0,2561,0.0018775109234333304,,0.0,,2.498231557722624,0.0
512,D0005_Pnative.mesh_512.raw,sample0.1_reference0.05,-22,-20,0.25,0,0.0,2561,0.0018775109234333304,,0.0,,2.498231557722624,0.0
512,D0005_Pnative.mesh_512.raw,sample0.1_reference0.05,-22,-20,0.5,0,0.0,2561,0.0018775109234333304,,0.0,,2.498231557722624,0.0
512,D0005_Pnative.mesh_512.raw,sample0.1_reference0.05,-22,-20,1.0,0,0.0,2561,0.0018775109234333304,,0.004295197188598204,,2.498231557722624,0.0
512,D0005_Pnative.mesh_512.raw,sample0.1_reference0.05,-22,-20,2.0,0,0.0,2561,0.0018775109234333304,,0.16907458024209293,,2.498231557722624,0.0
512,D0005_Pnative.mesh_512.raw,sample0.1_reference0.05,-20,-18,0.1,0,0.0,1619,0.0011869153397261077,,0.0,,3.9146224641004705,0.0
512,D0005_Pnative.mesh_512.raw,sample0.1_reference0.05,-20,-18,0.2,0,0.0,1619,0.0011869153397261077,,0.0,,3.9146224641004705,0.0
512,D0005_Pnative.mesh_512.raw,sample0.1_reference0.05,-20,-18,0.25,0,0.0,1619,0.0011869153397261077,,0.0,,3.9146224641004705,0.0
512,D0005_Pnative.mesh_512.raw,sample0.1_reference0.05,-20,-18,0.5,0,0.0,1619,0.0011869153397261077,,0.0,,3.9146224641004705,0.0
512,D0005_Pnative.mesh_512.raw,sample0.1_reference0.05,-20,-18,1.0,0,0.0,1619,0.0011869153397261077,,0.0,,3.9146224641004705,0.0
512,D0005_Pnative.mesh_512.raw,sample0.1_reference0.05,-20,-18,2.0,0,0.0,1619,0.0011869153397261077,,0.0,,3.9146224641004705,0.0
512,D0005_Pnative.mesh_512.raw,sample0.1_reference0.05,-18,-16,0.1,0,0.0,239,0.00017521480308495353,,0.0,,4.930211484182829,0.0
512,D0005_Pnative.mesh_512.raw,sample0.1_reference0.05,-18,-16,0.2,0,0.0,239,0.00017521480308495353,,0.0,,4.930211484182829,0.0
512,D0005_Pnative.mesh_512.raw,sample0.1_reference0.05,-18,-16,0.25,0,0.0,239,0.00017521480308495353,,0.0,,4.930211484182829,0.0
512,D0005_Pnative.mesh_512.raw,sample0.1_reference0.05,-18,-16,0.5,0,0.0,239,0.00017521480308495353,,0.0,,4.930211484182829,0.0
512,D0005_Pnative.mesh_512.raw,sample0.1_reference0.05,-18,-16,1.0,0,0.0,239,0.00017521480308495353,,0.0,,4.930211484182829,0.0
512,D0005_Pnative.mesh_512.raw,sample0.1_reference0.05,-18,-16,2.0,0,0.0,239,0.00017521480308495353,,0.0,,4.930211484182829,0.0
512,D005_Pnative.mesh_512.raw,sample0.1_reference0.2,-50,-48,0.1,64,0.6399989821691805,232,0.001267641803766863,0.0,0.0,0.6552159108462159,0.8400547510847963,0.6399989821691805
512,D005_Pnative.mesh_512.raw,sample0.1_reference0.2,-50,-48,0.2,64,0.6399989821691805,232,0.001267641803766863,0.0,0.0,0.6552159108462159,0.8400547510847963,0.6399989821691805
512,D005_Pnative.mesh_512.raw,sample0.1_reference0.2,-50,-48,0.25,64,0.6399989821691805,232,0.001267641803766863,0.0,0.0,0.6552159108462159,0.8400547510847963,0.6399989821691805
512,D005_Pnative.mesh_512.raw,sample0.1_reference0.2,-50,-48,0.5,64,0.6399989821691805,232,0.001267641803766863,0.3125,0.08189655172413793,0.6552159108462159,0.8400547510847963,0.4399993002413116
512,D005_Pnative.mesh_512.raw,sample0.1_reference0.2,-50,-48,1.0,64,0.6399989821691805,232,0.001267641803766863,0.921875,0.7241379310344828,0.6552159108462159,0.8400547510847963,0.049999920481967226
512,D005_Pnative.mesh_512.raw,sample0.1_reference0.2,-50,-48,2.0,64,0.6399989821691805,232,0.001267641803766863,1.0,1.0,0.6552159108462159,0.8400547510847963,0.0
512,D005_Pnative.mesh_512.raw,sample0.1_reference0.2,-48,-46,0.1,1346,13.459978593745577,2749,0.015020462579978909,0.075037147102526,0.02437249909057839,0.470668880200271,1.2132365932469673,12.44998020000984
512,D005_Pnative.mesh_512.raw,sample0.1_reference0.2,-48,-46,0.2,1346,13.459978593745577,2749,0.015020462579978909,0.2711738484398217,0.05383775918515824,0.470668880200271,1.2132365932469673,9.80998439856197
512,D005_Pnative.mesh_512.raw,sample0.1_reference0.2,-48,-46,0.25,1346,13.459978593745577,2749,0.015020462579978909,0.35958395245170877,0.07348126591487814,0.470668880200271,1.2132365932469673,8.61998629109115
512,D005_Pnative.mesh_512.raw,sample0.1_reference0.2,-48,-46,0.5,1346,13.459978593745577,2749,0.015020462579978909,0.6597325408618128,0.19097853765005457,0.470668880200271,1.2132365932469673,4.579992716148198
512,D005_Pnative.mesh_512.raw,sample0.1_reference0.2,-48,-46,1.0,1346,13.459978593745577,2749,0.015020462579978909,0.887815750371471,0.4692615496544198,0.470668880200271,1.2132365932469673,1.5099975985554102
512,D005_Pnative.mesh_512.raw,sample0.1_reference0.2,-48,-46,2.0,1346,13.459978593745577,2749,0.015020462579978909,1.0,0.8479447071662423,0.470668880200271,1.2132365932469673,0.0
512,D005_Pnative.mesh_512.raw,sample0.1_reference0.2,-46,-44,0.1,63,0.629998998072787,3807,0.020801346323019172,0.0,0.0,0.9727939114164732,1.9443716121833092,0.629998998072787
512,D005_Pnative.mesh_512.raw,sample0.1_reference0.2,-46,-44,0.2,63,0.629998998072787,3807,0.020801346323019172,0.06349206349206349,0.003940110323089046,0.9727939114164732,1.9443716121833092,0.5899990616872133
512,D005_Pnative.mesh_512.raw,sample0.1_reference0.2,-46,-44,0.25,63,0.629998998072787,3807,0.020801346323019172,0.09523809523809523,0.006566850538481744,0.9727939114164732,1.9443716121833092,0.5699990934944263
512,D005_Pnative.mesh_512.raw,sample0.1_reference0.2,-46,-44,0.5,63,0.629998998072787,3807,0.020801346323019172,0.3492063492063492,0.02364066193853428,0.9727939114164732,1.9443716121833092,0.4099993479521313
512,D005_Pnative.mesh_512.raw,sample0.1_reference0.2,-46,-44,1.0,63,0.629998998072787,3807,0.020801346323019172,0.5555555555555556,0.1095350669818755,0.9727939114164732,1.9443716121833092,0.2799995546990165
512,D005_Pnative.mesh_512.raw,sample0.1_reference0.2,-46,-44,2.0,63,0.629998998072787,3807,0.020801346323019172,0.9682539682539683,0.5043341213553979,0.9727939114164732,1.9443716121833092,0.01999996819278689
512,D005_Pnative.mesh_512.raw,sample0.1_reference0.2,-44,-42,0.1,95394,953.9384828913563,37427,0.20450012840337237,0.03840912426358052,0.056082507280840035,0.5317118046535836,0.5375590034376705,917.2985411621707
512,D005_Pnative.mesh_512.raw,sample0.1_reference0.2,-44,-42,0.2,95394,953.9384828913563,37427,0.20450012840337237,0.15794494412646498,0.14601758089080075,0.5317118046535836,0.5375590034376705,803.2687225109963
512,D005_Pnative.mesh_512.raw,sample0.1_reference0.2,-44,-42,0.25,95394,953.9384828913563,37427,0.20450012840337237,0.23661865526133719,0.21615411334063644,0.5317118046535836,0.5375590034376705,728.2188418675635
512,D005_Pnative.mesh_512.raw,sample0.1_reference0.2,-44,-42,0.5,95394,953.9384828913563,37427,0.20450012840337237,0.6237918527370694,0.5875170331578806,0.5317118046535836,0.5375590034376705,358.879429251368
512,D005_Pnative.mesh_512.raw,sample0.1_reference0.2,-44,-42,1.0,95394,953.9384828913563,37427,0.20450012840337237,0.8845105562194687,0.895556683677559,0.5317118046535836,0.5375590034376705,110.16982478996658
512,D005_Pnative.mesh_512.raw,sample0.1_reference0.2,-44,-42,2.0,95394,953.9384828913563,37427,0.20450012840337237,0.9894437805312704,0.9890720602773398,0.5317118046535836,0.5375590034376705,10.0699839850682
512,D005_Pnative.mesh_512.raw,sample0.1_reference0.2,-42,-40,0.1,39337,393.369374399829,7654,0.04182125157772229,0.06431603833540941,0.1729814476090933,0.8854663256868929,0.3965578953820208,368.06941463595354
512,D005_Pnative.mesh_512.raw,sample0.1_reference0.2,-42,-40,0.2,39337,393.369374399829,7654,0.04182125157772229,0.19144825482370287,0.32884766135354065,0.8854663256868929,0.3965578953820208,318.05949416988994
512,D005_Pnative.mesh_512.raw,sample0.1_reference0.2,-42,-40,0.25,39337,393.369374399829,7654,0.04182125157772229,0.2536288990009406,0.4115495165926313,0.8854663256868929,0.3965578953820208,293.59953307011153
512,D005_Pnative.mesh_512.raw,sample0.1_reference0.2,-42,-40,0.5,39337,393.369374399829,7654,0.04182125157772229,0.5058596232554592,0.7364776587405278,0.8854663256868929,0.3965578953820208,194.37969086569578
512,D005_Pnative.mesh_512.raw,sample0.1_reference0.2,-42,-40,1.0,39337,393.369374399829,7654,0.04182125157772229,0.7701146503292066,0.946563888163052,0.8854663256868929,0.3965578953820208,90.42985618368593
512,D005_Pnative.mesh_512.raw,sample0.1_reference0.2,-42,-40,2.0,39337,393.369374399829,7654,0.04182125157772229,0.9393954800823652,0.9896785994251371,0.8854663256868929,0.3965578953820208,23.839962085801975
512,D005_Pnative.mesh_512.raw,sample0.1_reference0.2,-40,-38,0.1,24397,243.96961199971088,7352,0.04017113164350853,0.12185924498913801,0.21871599564744287,0.5995065674028329,0.40264393931348325,214.23965928113316
512,D005_Pnative.mesh_512.raw,sample0.1_reference0.2,-40,-38,0.2,24397,243.96961199971088,7352,0.04017113164350853,0.3952125261302619,0.4367519042437432,0.5995065674028329,0.40264393931348325,147.5497653422853
512,D005_Pnative.mesh_512.raw,sample0.1_reference0.2,-40,-38,0.25,24397,243.96961199971088,7352,0.04017113164350853,0.47641103414354224,0.5108813928182807,0.5995065674028329,0.40264393931348325,127.73979684732987
512,D005_Pnative.mesh_512.raw,sample0.1_reference0.2,-40,-38,0.5,24397,243.96961199971088,7352,0.04017113164350853,0.6262655244497274,0.72810119695321,0.5995065674028329,0.40264393931348325,91.17985499091543
512,D005_Pnative.mesh_512.raw,sample0.1_reference0.2,-40,-38,1.0,24397,243.96961199971088,7352,0.04017113164350853,0.903553715620773,0.9056039173014145,0.5995065674028329,0.40264393931348325,23.529962578813777
512,D005_Pnative.mesh_512.raw,sample0.1_reference0.2,-40,-38,2.0,24397,243.96961199971088,7352,0.04017113164350853,0.9628642865926138,0.9857181719260065,0.5995065674028329,0.40264393931348325,9.059985591332461
512,D005_Pnative.mesh_512.raw,sample0.1_reference0.2,-38,-36,0.1,24035,240.34961775681646,7742,0.04230208122742696,0.08004992718951529,0.13962800309997417,0.5490353346589213,0.5391149642881194,221.10964835535546
512,D005_Pnative.mesh_512.raw,sample0.1_reference0.2,-38,-36,0.2,24035,240.34961775681646,7742,0.04230208122742696,0.29273975452465156,0.2862309480754327,0.5490353346589213,0.5391149642881194,169.98972965459217
512,D005_Pnative.mesh_512.raw,sample0.1_reference0.2,-38,-36,0.25,24035,240.34961775681646,7742,0.04230208122742696,0.38019554815893486,0.3543012141565487,0.5490353346589213,0.5391149642881194,148.96976308397316
512,D005_Pnative.mesh_512.raw,sample0.1_reference0.2,-38,-36,0.5,24035,240.34961775681646,7742,0.04230208122742696,0.6253796546702726,0.5510204081632653,0.5490353346589213,0.5391149642881194,90.03985680392658
512,D005_Pnative.mesh_512.raw,sample0.1_reference0.2,-38,-36,1.0,24035,240.34961775681646,7742,0.04230208122742696,0.9092989390472228,0.8439679669336089,0.5490353346589213,0.5391149642881194,21.79996533013771
512,D005_Pnative.mesh_512.raw,sample0.1_reference0.2,-38,-36,2.0,24035,240.34961775681646,7742,0.04230208122742696,0.9623881838984814,0.9896667527770602,0.5490353346589213,0.5391149642881194,9.039985623139675
512,D005_Pnative.mesh_512.raw,sample0.1_reference0.2,-36,-34,0.1,18136,181.35971157219151,7592,0.04148248523361218,0.05960520511689457,0.0874604847207587,0.6065958584842199,0.8780329985891261,170.5497287639902
512,D005_Pnative.mesh_512.raw,sample0.1_reference0.2,-36,-34,0.2,18136,181.35971157219151,7592,0.04148248523361218,0.3013343625937362,0.23485247629083245,0.6065958584842199,0.8780329985891261,126.70979848540135
512,D005_Pnative.mesh_512.raw,sample0.1_reference0.2,-36,-34,0.25,18136,181.35971157219151,7592,0.04148248523361218,0.40003308337009263,0.2905690200210748,0.6065958584842199,0.8780329985891261,108.80982695285708
512,D005_Pnative.mesh_512.raw,sample0.1_reference0.2,-36,-34,0.5,18136,181.35971157219151,7592,0.04148248523361218,0.7005955006616674,0.5353003161222339,0.6065958584842199,0.8780329985891261,54.29991364341641
512,D005_Pnative.mesh_512.raw,sample0.1_reference0.2,-36,-34,1.0,18136,181.35971157219151,7592,0.04148248523361218,0.8892809880899868,0.7152265542676501,0.6065958584842199,0.8780329985891261,20.079968065558038
512,D005_Pnative.mesh_512.raw,sample0.1_reference0.2,-36,-34,2.0,18136,181.35971157219151,7592,0.04148248523361218,0.918228936921041,0.8643308746048473,0.6065958584842199,0.8780329985891261,14.82997641495148
512,D005_Pnative.mesh_512.raw,sample0.1_reference0.2,-34,-32,0.1,28761,287.60954259637185,8564,0.046793467273531966,0.038037620388720834,0.06912657636618402,0.7164477290108897,1.2598341632627061,276.66955999491745
512,D005_Pnative.mesh_512.raw,sample0.1_reference0.2,-34,-32,0.2,28761,287.60954259637185,8564,0.046793467273531966,0.1597649594937589,0.17491826249416162,0.7164477290108897,1.2598341632627061,241.659615673444
512,D005_Pnative.mesh_512.raw,sample0.1_reference0.2,-34,-32,0.25,28761,287.60954259637185,8564,0.046793467273531966,0.2522165432356316,0.25280242877160203,0.7164477290108897,1.2598341632627061,215.06965796113383
512,D005_Pnative.mesh_512.raw,sample0.1_reference0.2,-34,-32,0.5,28761,287.60954259637185,8564,0.046793467273531966,0.5493897986857202,0.5114432508173751,0.7164477290108897,1.2598341632627061,129.59979388925905
512,D005_Pnative.mesh_512.raw,sample0.1_reference0.2,-34,-32,1.0,28761,287.60954259637185,8564,0.046793467273531966,0.7172907757032092,0.5857076132648296,0.7164477290108897,1.2598341632627061,81.3098706877751
512,D005_Pnative.mesh_512.raw,sample0.1_reference0.2,-34,-32,2.0,28761,287.60954259637185,8564,0.046793467273531966,0.9503842008275095,0.7090144792153199,0.7164477290108897,1.2598341632627061,14.269977305553446
512,D005_Pnative.mesh_512.raw,sample0.1_reference0.2,-32,-30,0.1,47719,477.1892410957988,34492,0.18846336679106312,0.032754248831702255,0.026759828365997912,0.633917782819648,1.0926208990461432,461.5592659531359
512,D005_Pnative.mesh_512.raw,sample0.1_reference0.2,-32,-30,0.2,47719,477.1892410957988,34492,0.18846336679106312,0.17831471740816027,0.09176040821059955,0.633917782819648,1.0926208990461432,392.099376419587
512,D005_Pnative.mesh_512.raw,sample0.1_reference0.2,-32,-30,0.25,47719,477.1892410957988,34492,0.18846336679106312,0.28470839707454054,0.14107619158065637,0.633917782819648,1.0926208990461432,341.32945716219746
512,D005_Pnative.mesh_512.raw,sample0.1_reference0.2,-32,-30,0.5,47719,477.1892410957988,34492,0.18846336679106312,0.5955908547957837,0.3280470833816537,0.633917782819648,1.0926208990461432,192.9796930922007
512,D005_Pnative.mesh_512.raw,sample0.1_reference0.2,-32,-30,1.0,47719,477.1892410957988,34492,0.18846336679106312,0.8164672352731617,0.6226081410182072,0.633917782819648,1.0926208990461432,87.57986071621379
512,D005_Pnative.mesh_512.raw,sample0.1_reference0.2,-32,-30,2.0,47719,477.1892410957988,34492,0.18846336679106312,0.9333179655902261,0.8666647338513278,0.633917782819648,1.0926208990461432,31.819949394723942
512,D005_Pnative.mesh_512.raw,sample0.1_reference0.2,-30,-28,0.1,139559,1395.587780508573,27707,0.15139030800417447,0.04329351743706963,0.1191395676182914,0.6818666981045652,0.7874971891514366,1335.1678765981637
512,D005_Pnative.mesh_512.raw,sample0.1_reference0.2,-30,-28,0.2,139559,1395.587780508573,27707,0.15139030800417447,0.14239855544966645,0.23300970873786409,0.6818666981045652,0.7874971891514366,1196.8580965609458
512,D005_Pnative.mesh_512.raw,sample0.1_reference0.2,-30,-28,0.25,139559,1395.587780508573,27707,0.15139030800417447,0.19650470410364076,0.2973616775544086,0.6818666981045652,0.7874971891514366,1121.348216649079
512,D005_Pnative.mesh_512.raw,sample0.1_reference0.2,-30,-28,0.5,139559,1395.587780508573,27707,0.15139030800417447,0.46598929485020674,0.595697838091457,0.6818666981045652,0.7874971891514366,745.2588147678179
512,D005_Pnative.mesh_512.raw,sample0.1_reference0.2,-30,-28,1.0,139559,1395.587780508573,27707,0.15139030800417447,0.7733288429983018,0.8737503158046703,0.6818666981045652,0.7874971891514366,316.3394969053102
512,D005_Pnative.mesh_512.raw,sample0.1_reference0.2,-30,-28,2.0,139559,1395.587780508573,27707,0.15139030800417447,0.9777513453091524,0.8967769877648247,0.6818666981045652,0.7874971891514366,31.049950619301647
512,D005_Pnative.mesh_512.raw,sample0.1_reference0.2,-28,-26,0.1,107012,1070.1182981232553,31193,0.17043771890043002,0.0925597129293911,0.18157920046164203,0.5748282066705709,0.7130219557608087,971.0684556484783
512,D005_Pnative.mesh_512.raw,sample0.1_reference0.2,-28,-26,0.2,107012,1070.1182981232553,31193,0.17043771890043002,0.26982955182596347,0.325714102523002,0.5748282066705709,0.7130219557608087,781.3687573398946
512,D005_Pnative.mesh_512.raw,sample0.1_reference0.2,-28,-26,0.25,107012,1070.1182981232553,31193,0.17043771890043002,0.331308638283557,0.38531080691180714,0.5748282066705709,0.7130219557608087,715.5788619697222
512,D005_Pnative.mesh_512.raw,sample0.1_reference0.2,-28,-26,0.5,107012,1070.1182981232553,31193,0.17043771890043002,0.5311180054573319,0.5746481582406309,0.5748282066705709,0.7130219557608087,501.75920202063753
512,D005_Pnative.mesh_512.raw,sample0.1_reference0.2,-28,-26,1.0,107012,1070.1182981232553,31193,0.17043771890043002,0.8062366837364034,0.7683454621229122,0.5748282066705709,0.7130219557608087,207.3496702387181
512,D005_Pnative.mesh_512.raw,sample0.1_reference0.2,-28,-26,2.0,107012,1070.1182981232553,31193,0.17043771890043002,1.0,0.9480652710544032,0.5748282066705709,0.7130219557608087,0.0
512,D005_Pnative.mesh_512.raw,sample0.1_reference0.2,-26,-24,0.1,15960,159.59974617843937,3666,0.02003092608883328,0.028383458646616542,0.0651936715766503,1.6407135751086945,2.225285536197341,155.06975338277314
512,D005_Pnative.mesh_512.raw,sample0.1_reference0.2,-26,-24,0.2,15960,159.59974617843937,3666,0.02003092608883328,0.09392230576441103,0.12384069830878341,1.6407135751086945,2.225285536197341,144.6097700179456
512,D005_Pnative.mesh_512.raw,sample0.1_reference0.2,-26,-24,0.25,15960,159.59974617843937,3666,0.02003092608883328,0.12073934837092731,0.15384615384615385,1.6407135751086945,2.225285536197341,140.32977682468922
512,D005_Pnative.mesh_512.raw,sample0.1_reference0.2,-26,-24,0.5,15960,159.59974617843937,3666,0.02003092608883328,0.22449874686716792,0.25886524822695034,1.6407135751086945,2.225285536197341,123.76980316106167
512,D005_Pnative.mesh_512.raw,sample0.1_reference0.2,-26,-24,1.0,15960,159.59974617843937,3666,0.02003092608883328,0.3137218045112782,0.3917075831969449,1.6407135751086945,2.225285536197341,109.52982580779741
512,D005_Pnative.mesh_512.raw,sample0.1_reference0.2,-26,-24,2.0,15960,159.59974617843937,3666,0.02003092608883328,0.5945488721804512,0.47408619749045283,1.6407135751086945,2.225285536197341,64.70989708776199
512,D005_Pnative.mesh_512.raw,sample0.1_reference0.2,-24,-22,0.1,1573,15.729974983626889,1100,0.006010370621308403,0.056579783852511126,0.038181818181818185,1.080742721288418,1.716590611585416,14.839976399047872
512,D005_Pnative.mesh_512.raw,sample0.1_reference0.2,-24,-22,0.2,1573,15.729974983626889,1100,0.006010370621308403,0.19643992371265098,0.06727272727272728,1.080742721288418,1.716590611585416,12.639979897841314
512,D005_Pnative.mesh_512.raw,sample0.1_reference0.2,-24,-22,0.25,1573,15.729974983626889,1100,0.006010370621308403,0.24094087730451366,0.09,1.080742721288418,1.716590611585416,11.939981011093774
512,D005_Pnative.mesh_512.raw,sample0.1_reference0.2,-24,-22,0.5,1573,15.729974983626889,1100,0.006010370621308403,0.4125874125874126,0.19272727272727272,1.080742721288418,1.716590611585416,9.239985305067544
512,D005_Pnative.mesh_512.raw,sample0.1_reference0.2,-24,-22,1.0,1573,15.729974983626889,1100,0.006010370621308403,0.4507310870947235,0.4072727272727273,1.080742721288418,1.716590611585416,8.639986259283937
512,D005_Pnative.mesh_512.raw,sample0.1_reference0.2,-24,-22,2.0,1573,15.729974983626889,1100,0.006010370621308403,0.9313413858868405,0.7254545454545455,1.080742721288418,1.716590611585416,1.0799982824104921
512,D005_Pnative.mesh_512.raw,sample0.1_reference0.2,-22,-20,0.1,428,4.279993193256394,1027,0.005611500570985209,0.11214953271028037,0.02531645569620253,0.23812854638585398,1.3024122467706163,3.799993956629509
512,D005_Pnative.mesh_512.raw,sample0.1_reference0.2,-22,-20,0.2,428,4.279993193256394,1027,0.005611500570985209,0.42757009345794394,0.03992210321324245,0.23812854638585398,1.3024122467706163,2.449996103616394
512,D005_Pnative.mesh_512.raw,sample0.1_reference0.2,-22,-20,0.25,428,4.279993193256394,1027,0.005611500570985209,0.5490654205607477,0.043816942551119765,0.23812854638585398,1.3024122467706163,1.9299969306039348
512,D005_Pnative.mesh_512.raw,sample0.1_reference0.2,-22,-20,0.5,428,4.279993193256394,1027,0.005611500570985209,0.9789719626168224,0.09542356377799416,0.23812854638585398,1.3024122467706163,0.089999856867541
512,D005_Pnative.mesh_512.raw,sample0.1_reference0.2,-22,-20,1.0,428,4.279993193256394,1027,0.005611500570985209,1.0,0.2911392405063291,0.23812854638585398,1.3024122467706163,0.0
512,D005_Pnative.mesh_512.raw,sample0.1_reference0.2,-22,-20,2.0,428,4.279993193256394,1027,0.005611500570985209,1.0,0.8860759493670886,0.23812854638585398,1.3024122467706163,0.0
512,D005_Pnative.mesh_512.raw,sample0.1_reference0.2,-20,-18,0.1,0,0.0,626,0.003420447280853691,,0.0,,1.818850942408315,0.0
512,D005_Pnative.mesh_512.raw,sample0.1_reference0.2,-20,-18,0.2,0,0.0,626,0.003420447280853691,,0.0,,1.818850942408315,0.0
512,D005_Pnative.mesh_512.raw,sample0.1_reference0.2,-20,-18,0.25,0,0.0,626,0.003420447280853691,,0.0,,1.818850942408315,0.0
512,D005_Pnative.mesh_512.raw,sample0.1_reference0.2,-20,-18,0.5,0,0.0,626,0.003420447280853691,,0.001597444089456869,,1.818850942408315,0.0
512,D005_Pnative.mesh_512.raw,sample0.1_reference0.2,-20,-18,1.0,0,0.0,626,0.003420447280853691,,0.0463258785942492,,1.818850942408315,0.0
512,D005_Pnative.mesh_512.raw,sample0.1_reference0.2,-20,-18,2.0,0,0.0,626,0.003420447280853691,,0.6118210862619808,,1.818850942408315,0.0
512,D005_Pnative.mesh_512.raw,sample0.1_reference0.2,-18,-16,0.1,0,0.0,87,0.0004753656764125737,,0.0,,2.7202335198720298,0.0
512,D005_Pnative.mesh_512.raw,sample0.1_reference0.2,-18,-16,0.2,0,0.0,87,0.0004753656764125737,,0.0,,2.7202335198720298,0.0
512,D005_Pnative.mesh_512.raw,sample0.1_reference0.2,-18,-16,0.25,0,0.0,87,0.0004753656764125737,,0.0,,2.7202335198720298,0.0
512,D005_Pnative.mesh_512.raw,sample0.1_reference0.2,-18,-16,0.5,0,0.0,87,0.0004753656764125737,,0.0,,2.7202335198720298,0.0
512,D005_Pnative.mesh_512.raw,sample0.1_reference0.2,-18,-16,1.0,0,0.0,87,0.0004753656764125737,,0.0,,2.7202335198720298,0.0
512,D005_Pnative.mesh_512.raw,sample0.1_reference0.2,-18,-16,2.0,0,0.0,87,0.0004753656764125737,,0.0,,2.7202335198720298,0.0
512,D0005_Pnative.mesh_512.raw,sample0.1_reference0.2,-50,-48,0.1,0,0.0,232,0.001267641803766863,,0.0,,6.868416897181807,0.0
512,D0005_Pnative.mesh_512.raw,sample0.1_reference0.2,-50,-48,0.2,0,0.0,232,0.001267641803766863,,0.0,,6.868416897181807,0.0
512,D0005_Pnative.mesh_512.raw,sample0.1_reference0.2,-50,-48,0.25,0,0.0,232,0.001267641803766863,,0.0,,6.868416897181807,0.0
512,D0005_Pnative.mesh_512.raw,sample0.1_reference0.2,-50,-48,0.5,0,0.0,232,0.001267641803766863,,0.0,,6.868416897181807,0.0
512,D0005_Pnative.mesh_512.raw,sample0.1_reference0.2,-50,-48,1.0,0,0.0,232,0.001267641803766863,,0.0,,6.868416897181807,0.0
512,D0005_Pnative.mesh_512.raw,sample0.1_reference0.2,-50,-48,2.0,0,0.0,232,0.001267641803766863,,0.0,,6.868416897181807,0.0
512,D0005_Pnative.mesh_512.raw,sample0.1_reference0.2,-48,-46,0.1,0,0.0,2749,0.015020462579978909,,0.0,,5.442405285684357,0.0
512,D0005_Pnative.mesh_512.raw,sample0.1_reference0.2,-48,-46,0.2,0,0.0,2749,0.015020462579978909,,0.0,,5.442405285684357,0.0
512,D0005_Pnative.mesh_512.raw,sample0.1_reference0.2,-48,-46,0.25,0,0.0,2749,0.015020462579978909,,0.0,,5.442405285684357,0.0
512,D0005_Pnative.mesh_512.raw,sample0.1_reference0.2,-48,-46,0.5,0,0.0,2749,0.015020462579978909,,0.0,,5.442405285684357,0.0
512,D0005_Pnative.mesh_512.raw,sample0.1_reference0.2,-48,-46,1.0,0,0.0,2749,0.015020462579978909,,0.0,,5.442405285684357,0.0
512,D0005_Pnative.mesh_512.raw,sample0.1_reference0.2,-48,-46,2.0,0,0.0,2749,0.015020462579978909,,0.0,,5.442405285684357,0.0
512,D0005_Pnative.mesh_512.raw,sample0.1_reference0.2,-46,-44,0.1,0,0.0,3807,0.020801346323019172,,0.0,,2.8369957922574005,0.0
512,D0005_Pnative.mesh_512.raw,sample0.1_reference0.2,-46,-44,0.2,0,0.0,3807,0.020801346323019172,,0.0,,2.8369957922574005,0.0
512,D0005_Pnative.mesh_512.raw,sample0.1_reference0.2,-46,-44,0.25,0,0.0,3807,0.020801346323019172,,0.0,,2.8369957922574005,0.0
512,D0005_Pnative.mesh_512.raw,sample0.1_reference0.2,-46,-44,0.5,0,0.0,3807,0.020801346323019172,,0.0,,2.8369957922574005,0.0
512,D0005_Pnative.mesh_512.raw,sample0.1_reference0.2,-46,-44,1.0,0,0.0,3807,0.020801346323019172,,0.0,,2.8369957922574005,0.0
512,D0005_Pnative.mesh_512.raw,sample0.1_reference0.2,-46,-44,2.0,0,0.0,3807,0.020801346323019172,,0.06067769897557131,,2.8369957922574005,0.0
512,D0005_Pnative.mesh_512.raw,sample0.1_reference0.2,-44,-42,0.1,44502,445.01938153699314,37427,0.20450012840337237,0.020538402768414902,0.014080743848024154,0.8663018192429711,1.5044506619056524,435.87939423923547
512,D0005_Pnative.mesh_512.raw,sample0.1_reference0.2,-44,-42,0.2,44502,445.01938153699314,37427,0.20450012840337237,0.08365916138600513,0.031928821439068056,0.8663018192429711,1.5044506619056524,407.78943327708964
512,D0005_Pnative.mesh_512.raw,sample0.1_reference0.2,-44,-42,0.25,44502,445.01938153699314,37427,0.20450012840337237,0.12316300390993663,0.04408582039703957,0.8663018192429711,1.5044506619056524,390.2094577087548
512,D0005_Pnative.mesh_512.raw,sample0.1_reference0.2,-44,-42,0.5,44502,445.01938153699314,37427,0.20450012840337237,0.34913037616286907,0.1307344964864937,0.8663018192429711,1.5044506619056524,289.64959746121536
512,D0005_Pnative.mesh_512.raw,sample0.1_reference0.2,-44,-42,1.0,44502,445.01938153699314,37427,0.20450012840337237,0.5745584468113792,0.31656290912977264,0.8663018192429711,1.5044506619056524,189.32973688013777
512,D0005_Pnative.mesh_512.raw,sample0.1_reference0.2,-44,-42,2.0,44502,445.01938153699314,37427,0.20450012840337237,1.0,0.7519705025783525,0.8663018192429711,1.5044506619056524,0.0
512,D0005_Pnative.mesh_512.raw,sample0.1_reference0.2,-42,-40,0.1,54109,541.0892480244744,7654,0.04182125157772229,0.022177456615350498,0.08400836164097204,1.229553906197573,0.5810640649280204,529.089264701379
512,D0005_Pnative.mesh_512.raw,sample0.1_reference0.2,-42,-40,0.2,54109,541.0892480244744,7654,0.04182125157772229,0.09251695651370383,0.2056441076561275,1.229553906197573,0.5810640649280204,491.0293175949614
512,D0005_Pnative.mesh_512.raw,sample0.1_reference0.2,-42,-40,0.25,54109,541.0892480244744,7654,0.04182125157772229,0.13428449980594725,0.28116017768487067,1.229553906197573,0.5810640649280204,468.42934900313173
512,D0005_Pnative.mesh_512.raw,sample0.1_reference0.2,-42,-40,0.5,54109,541.0892480244744,7654,0.04182125157772229,0.2865142582564823,0.5455970734256598,1.229553906197573,0.5810640649280204,386.05946347618436
512,D0005_Pnative.mesh_512.raw,sample0.1_reference0.2,-42,-40,1.0,54109,541.0892480244744,7654,0.04182125157772229,0.4617716091592896,0.8507969689051477,1.229553906197573,0.5810640649280204,291.2295952654229
512,D0005_Pnative.mesh_512.raw,sample0.1_reference0.2,-42,-40,2.0,54109,541.0892480244744,7654,0.04182125157772229,0.7999963037572307,0.985628429579305,1.229553906197573,0.5810640649280204,108.2198496021154
512,D0005_Pnative.mesh_512.raw,sample0.1_reference0.2,-40,-38,0.1,20990,209.8997082931438,7352,0.04017113164350853,0.08699380657455931,0.15029923830250272,0.509003484950311,0.4712138885770638,191.63973366983362
512,D0005_Pnative.mesh_512.raw,sample0.1_reference0.2,-40,-38,0.2,20990,209.8997082931438,7352,0.04017113164350853,0.370271557884707,0.3524211099020675,0.509003484950311,0.4712138885770638,132.1798163038959
512,D0005_Pnative.mesh_512.raw,sample0.1_reference0.2,-40,-38,0.25,20990,209.8997082931438,7352,0.04017113164350853,0.4859456884230586,0.4349836779107726,0.509003484950311,0.4712138885770638,107.89985004683285
512,D0005_Pnative.mesh_512.raw,sample0.1_reference0.2,-40,-38,0.5,20990,209.8997082931438,7352,0.04017113164350853,0.6112910909957122,0.6135745375408053,0.509003484950311,0.4712138885770638,81.58988661094618
512,D0005_Pnative.mesh_512.raw,sample0.1_reference0.2,-40,-38,1.0,20990,209.8997082931438,7352,0.04017113164350853,0.9069080514530728,0.891050054406964,0.509003484950311,0.4712138885770638,19.539972844440353
512,D0005_Pnative.mesh_512.raw,sample0.1_reference0.2,-40,-38,2.0,20990,209.8997082931438,7352,0.04017113164350853,0.9784659361600763,0.9968715995647442,0.509003484950311,0.4712138885770638,4.519993718365936
512,D0005_Pnative.mesh_512.raw,sample0.1_reference0.2,-38,-36,0.1,16925,169.24976478615812,7742,0.04230208122742696,0.02499261447562777,0.0433996383363472,0.4159189268595997,0.9053653263991198,165.01977066476698
512,D0005_Pnative.mesh_512.raw,sample0.1_reference0.2,-38,-36,0.2,16925,169.24976478615812,7742,0.04230208122742696,0.2582570162481536,0.19478171015241538,0.4159189268595997,0.9053653263991198,125.5398255317831
512,D0005_Pnative.mesh_512.raw,sample0.1_reference0.2,-38,-36,0.25,16925,169.24976478615812,7742,0.04230208122742696,0.4375775480059084,0.2854559545337122,0.4159189268595997,0.9053653263991198,95.18986771045431
512,D0005_Pnative.mesh_512.raw,sample0.1_reference0.2,-38,-36,0.5,16925,169.24976478615812,7742,0.04230208122742696,0.646440177252585,0.44587961766985273,0.4159189268595997,0.9053653263991198,59.83991683783576
512,D0005_Pnative.mesh_512.raw,sample0.1_reference0.2,-38,-36,1.0,16925,169.24976478615812,7742,0.04230208122742696,0.9620088626292467,0.6845776285197623,0.4159189268595997,0.9053653263991198,6.429991063958622
512,D0005_Pnative.mesh_512.raw,sample0.1_reference0.2,-38,-36,2.0,16925,169.24976478615812,7742,0.04230208122742696,0.9972821270310191,0.8696719194006717,0.4159189268595997,0.9053653263991198,0.4599993607186572
512,D0005_Pnative.mesh_512.raw,sample0.1_reference0.2,-36,-34,0.1,17705,177.04975394617014,7592,0.04148248523361218,0.014459192318554082,0.02344573234984194,0.38139651093059235,1.224455708749204,174.48975750390977
512,D0005_Pnative.mesh_512.raw,sample0.1_reference0.2,-36,-34,0.2,17705,177.04975394617014,7592,0.04148248523361218,0.24840440553515955,0.19836670179135932,0.38139651093059235,1.224455708749204,133.06981506702547
512,D0005_Pnative.mesh_512.raw,sample0.1_reference0.2,-36,-34,0.25,17705,177.04975394617014,7592,0.04148248523361218,0.4829709121717029,0.34259747102212856,0.38139651093059235,1.224455708749204,91.53987278301278
512,D0005_Pnative.mesh_512.raw,sample0.1_reference0.2,-36,-34,0.5,17705,177.04975394617014,7592,0.04148248523361218,0.7336910477266309,0.512118018967334,0.38139651093059235,1.224455708749204,47.14993447366236
512,D0005_Pnative.mesh_512.raw,sample0.1_reference0.2,-36,-34,1.0,17705,177.04975394617014,7592,0.04148248523361218,0.9658853431234115,0.6518703898840885,0.38139651093059235,1.224455708749204,6.03999160595802
512,D0005_Pnative.mesh_512.raw,sample0.1_reference0.2,-36,-34,2.0,17705,177.04975394617014,7592,0.04148248523361218,0.9954815024004519,0.7521074815595363,0.38139651093059235,1.224455708749204,0.7999988882063603
512,D0005_Pnative.mesh_512.raw,sample0.1_reference0.2,-34,-32,0.1,15405,154.04978591023726,8564,0.046793467273531966,0.0053229470950989935,0.0073563755254553945,0.341163800648092,1.8316439263226991,153.22978704982575
512,D0005_Pnative.mesh_512.raw,sample0.1_reference0.2,-34,-32,0.2,15405,154.04978591023726,8564,0.046793467273531966,0.16299902629016552,0.10509107893507706,0.341163800648092,1.8316439263226991,128.93982080666012
512,D0005_Pnative.mesh_512.raw,sample0.1_reference0.2,-34,-32,0.25,15405,154.04978591023726,8564,0.046793467273531966,0.34560207724764685,0.19967304997664642,0.341163800648092,1.8316439263226991,100.80985990010399
512,D0005_Pnative.mesh_512.raw,sample0.1_reference0.2,-34,-32,0.5,15405,154.04978591023726,8564,0.046793467273531966,0.8849724115546901,0.4817842129845866,0.341163800648092,1.8316439263226991,17.719975373770882
512,D0005_Pnative.mesh_512.raw,sample0.1_reference0.2,-34,-32,1.0,15405,154.04978591023726,8564,0.046793467273531966,0.988834793898085,0.5545305931807567,0.341163800648092,1.8316439263226991,1.7199976096436749
512,D0005_Pnative.mesh_512.raw,sample0.1_reference0.2,-34,-32,2.0,15405,154.04978591023726,8564,0.046793467273531966,0.9944173969490425,0.633232134516581,0.341163800648092,1.8316439263226991,0.8599988048218374
512,D0005_Pnative.mesh_512.raw,sample0.1_reference0.2,-32,-30,0.1,23523,235.22967309097768,34492,0.18846336679106312,0.02486927687794924,0.01037921836947698,0.3350163184281915,1.3042950533067328,229.37968122096868
512,D0005_Pnative.mesh_512.raw,sample0.1_reference0.2,-32,-30,0.2,23523,235.22967309097768,34492,0.18846336679106312,0.1898142243761425,0.054360431404383625,0.3350163184281915,1.3042950533067328,190.5797351429602
512,D0005_Pnative.mesh_512.raw,sample0.1_reference0.2,-32,-30,0.25,23523,235.22967309097768,34492,0.18846336679106312,0.36279386132721164,0.09648614171402065,0.3350163184281915,1.3042950533067328,149.8897916915642
512,D0005_Pnative.mesh_512.raw,sample0.1_reference0.2,-32,-30,0.5,23523,235.22967309097768,34492,0.18846336679106312,0.9012455894231178,0.2696567319958251,0.3350163184281915,1.3042950533067328,23.22996771629219
512,D0005_Pnative.mesh_512.raw,sample0.1_reference0.2,-32,-30,1.0,23523,235.22967309097768,34492,0.18846336679106312,0.9835905284189942,0.5091615447060188,0.3350163184281915,1.3042950533067328,3.859994635595689
512,D0005_Pnative.mesh_512.raw,sample0.1_reference0.2,-32,-30,2.0,23523,235.22967309097768,34492,0.18846336679106312,0.9930281001572928,0.8335845993273803,0.3350163184281915,1.3042950533067328,1.6399977208230387
512,D0005_Pnative.mesh_512.raw,sample0.1_reference0.2,-30,-28,0.1,95611,956.108671253729,27707,0.15139030800417447,0.03962933135308699,0.0724726603385426,0.48392692688972966,0.82344638285396,918.2187239110552
512,D0005_Pnative.mesh_512.raw,sample0.1_reference0.2,-30,-28,0.2,95611,956.108671253729,27707,0.15139030800417447,0.13353066069803685,0.14656945898148482,0.48392692688972966,0.82344638285396,828.4388486820965
512,D0005_Pnative.mesh_512.raw,sample0.1_reference0.2,-30,-28,0.25,95611,956.108671253729,27707,0.15139030800417447,0.1964522910543766,0.204208322806511,0.48392692688972966,0.82344638285396,768.2789322889781
512,D0005_Pnative.mesh_512.raw,sample0.1_reference0.2,-30,-28,0.5,95611,956.108671253729,27707,0.15139030800417447,0.5721621989101673,0.5348828815822716,0.48392692688972966,0.82344638285396,409.0594315121172
512,D0005_Pnative.mesh_512.raw,sample0.1_reference0.2,-30,-28,1.0,95611,956.108671253729,27707,0.15139030800417447,0.9525682191379653,0.8586999675172339,0.48392692688972966,0.82344638285396,45.349936975198055
512,D0005_Pnative.mesh_512.raw,sample0.1_reference0.2,-30,-28,2.0,95611,956.108671253729,27707,0.15139030800417447,0.999497965715242,0.8976071028981846,0.48392692688972966,0.82344638285396,0.47999933292381625
512,D0005_Pnative.mesh_512.raw,sample0.1_reference0.2,-28,-26,0.1,93208,932.0787046492304,31193,0.17043771890043002,0.05516693846021801,0.09672041804250954,0.4296979613700732,0.6237810827487569,880.6587761097667
512,D0005_Pnative.mesh_512.raw,sample0.1_reference0.2,-28,-26,0.2,93208,932.0787046492304,31193,0.17043771890043002,0.17624023688953738,0.18853588946237937,0.4296979613700732,0.6237810827487569,767.808932942157
512,D0005_Pnative.mesh_512.raw,sample0.1_reference0.2,-28,-26,0.25,93208,932.0787046492304,31193,0.17043771890043002,0.24076259548536608,0.24255441926073157,0.4296979613700732,0.6237810827487569,707.6690165212437
512,D0005_Pnative.mesh_512.raw,sample0.1_reference0.2,-28,-26,0.5,93208,932.0787046492304,31193,0.17043771890043002,0.628014762681315,0.5994934761004072,0.4296979613700732,0.6237810827487569,346.7195181486366
512,D0005_Pnative.mesh_512.raw,sample0.1_reference0.2,-28,-26,1.0,93208,932.0787046492304,31193,0.17043771890043002,0.997446571109776,0.9241817074343602,0.4296979613700732,0.6237810827487569,2.379996692413922
512,D0005_Pnative.mesh_512.raw,sample0.1_reference0.2,-28,-26,2.0,93208,932.0787046492304,31193,0.17043771890043002,1.0,0.9486423235982432,0.4296979613700732,0.6237810827487569,0.0
512,D0005_Pnative.mesh_512.raw,sample0.1_reference0.2,-26,-24,0.1,4799,47.98993330627904,3666,0.02003092608883328,0.09585330277141071,0.0668303327877796,0.28165727843899585,2.2172877100366204,43.38993969909247
512,D0005_Pnative.mesh_512.raw,sample0.1_reference0.2,-26,-24,0.2,4799,47.98993330627904,3666,0.02003092608883328,0.3550739737445301,0.14293507910529188,0.28165727843899585,2.2172877100366204,30.949956987483567
512,D0005_Pnative.mesh_512.raw,sample0.1_reference0.2,-26,-24,0.25,4799,47.98993330627904,3666,0.02003092608883328,0.4703063138153782,0.17812329514457173,0.28165727843899585,2.2172877100366204,25.4199646727571
512,D0005_Pnative.mesh_512.raw,sample0.1_reference0.2,-26,-24,0.5,4799,47.98993330627904,3666,0.02003092608883328,0.9472806834757241,0.37861429350791054,0.28165727843899585,2.2172877100366204,2.5299964839526146
512,D0005_Pnative.mesh_512.raw,sample0.1_reference0.2,-26,-24,1.0,4799,47.98993330627904,3666,0.02003092608883328,1.0,0.4206219312602291,0.28165727843899585,2.2172877100366204,0.0
512,D0005_Pnative.mesh_512.raw,sample0.1_reference0.2,-26,-24,2.0,4799,47.98993330627904,3666,0.02003092608883328,1.0,0.46208401527550463,0.28165727843899585,2.2172877100366204,0.0
512,D0005_Pnative.mesh_512.raw,sample0.1_reference0.2,-24,-22,0.1,354,3.539995080313145,1100,0.006010370621308403,0.05084745762711865,0.008181818181818182,0.3199274591655213,2.1360120126748967,3.3599953304667136
512,D0005_Pnative.mesh_512.raw,sample0.1_reference0.2,-24,-22,0.2,354,3.539995080313145,1100,0.006010370621308403,0.24858757062146894,0.026363636363636363,0.3199274591655213,2.1360120126748967,2.6599963032861482
512,D0005_Pnative.mesh_512.raw,sample0.1_reference0.2,-24,-22,0.25,354,3.539995080313145,1100,0.006010370621308403,0.3728813559322034,0.03272727272727273,0.3199274591655213,2.1360120126748967,2.21999691477265
512,D0005_Pnative.mesh_512.raw,sample0.1_reference0.2,-24,-22,0.5,354,3.539995080313145,1100,0.006010370621308403,0.8389830508474576,0.08727272727272728,0.3199274591655213,2.1360120126748967,0.5699992078470317
512,D0005_Pnative.mesh_512.raw,sample0.1_reference0.2,-24,-22,1.0,354,3.539995080313145,1100,0.006010370621308403,1.0,0.24181818181818182,0.3199274591655213,2.1360120126748967,0.0
512,D0005_Pnative.mesh_512.raw,sample0.1_reference0.2,-24,-22,2.0,354,3.539995080313145,1100,0.006010370621308403,1.0,0.6309090909090909,0.3199274591655213,2.1360120126748967,0.0
512,D0005_Pnative.mesh_512.raw,sample0.1_reference0.2,-22,-20,0.1,0,0.0,1027,0.005611500570985209,,0.0,,2.4589521162349732,0.0
512,D0005_Pnative.mesh_512.raw,sample0.1_reference0.2,-22,-20,0.2,0,0.0,1027,0.005611500570985209,,0.0,,2.4589521162349732,0.0
512,D0005_Pnative.mesh_512.raw,sample0.1_reference0.2,-22,-20,0.25,0,0.0,1027,0.005611500570985209,,0.0,,2.4589521162349732,0.0
512,D0005_Pnative.mesh_512.raw,sample0.1_reference0.2,-22,-20,0.5,0,0.0,1027,0.005611500570985209,,0.0,,2.4589521162349732,0.0
512,D0005_Pnative.mesh_512.raw,sample0.1_reference0.2,-22,-20,1.0,0,0.0,1027,0.005611500570985209,,0.005842259006815969,,2.4589521162349732,0.0
512,D0005_Pnative.mesh_512.raw,sample0.1_reference0.2,-22,-20,2.0,0,0.0,1027,0.005611500570985209,,0.18792599805258034,,2.4589521162349732,0.0
512,D0005_Pnative.mesh_512.raw,sample0.1_reference0.2,-20,-18,0.1,0,0.0,626,0.003420447280853691,,0.0,,3.9031135038065075,0.0
512,D0005_Pnative.mesh_512.raw,sample0.1_reference0.2,-20,-18,0.2,0,0.0,626,0.003420447280853691,,0.0,,3.9031135038065075,0.0
512,D0005_Pnative.mesh_512.raw,sample0.1_reference0.2,-20,-18,0.25,0,0.0,626,0.003420447280853691,,0.0,,3.9031135038065075,0.0
512,D0005_Pnative.mesh_512.raw,sample0.1_reference0.2,-20,-18,0.5,0,0.0,626,0.003420447280853691,,0.0,,3.9031135038065075,0.0
512,D0005_Pnative.mesh_512.raw,sample0.1_reference0.2,-20,-18,1.0,0,0.0,626,0.003420447280853691,,0.0,,3.9031135038065075,0.0
512,D0005_Pnative.mesh_512.raw,sample0.1_reference0.2,-20,-18,2.0,0,0.0,626,0.003420447280853691,,0.0,,3.9031135038065075,0.0
512,D0005_Pnative.mesh_512.raw,sample0.1_reference0.2,-18,-16,0.1,0,0.0,87,0.0004753656764125737,,0.0,,4.933718308635141,0.0
512,D0005_Pnative.mesh_512.raw,sample0.1_reference0.2,-18,-16,0.2,0,0.0,87,0.0004753656764125737,,0.0,,4.933718308635141,0.0
512,D0005_Pnative.mesh_512.raw,sample0.1_reference0.2,-18,-16,0.25,0,0.0,87,0.0004753656764125737,,0.0,,4.933718308635141,0.0
512,D0005_Pnative.mesh_512.raw,sample0.1_reference0.2,-18,-16,0.5,0,0.0,87,0.0004753656764125737,,0.0,,4.933718308635141,0.0
512,D0005_Pnative.mesh_512.raw,sample0.1_reference0.2,-18,-16,1.0,0,0.0,87,0.0004753656764125737,,0.0,,4.933718308635141,0.0
512,D0005_Pnative.mesh_512.raw,sample0.1_reference0.2,-18,-16,2.0,0,0.0,87,0.0004753656764125737,,0.0,,4.933718308635141,0.0
1024,D005_Pnative.final.raw,sample0.1_reference0.1,-50,-48,0.1,359,3.589996964229352,615,0.0010747727248896393,0.14763231197771587,0.13333333333333333,0.3027411635688756,0.3721627422793943,3.0599974124071916
1024,D005_Pnative.final.raw,sample0.1_reference0.1,-50,-48,0.2,359,3.589996964229352,615,0.0010747727248896393,0.38440111420612816,0.2959349593495935,0.3027411635688756,0.3721627422793943,2.2099981311829717
1024,D005_Pnative.final.raw,sample0.1_reference0.1,-50,-48,0.25,359,3.589996964229352,615,0.0010747727248896393,0.5181058495821727,0.37073170731707317,0.3027411635688756,0.3721627422793943,1.7299985370798827
1024,D005_Pnative.final.raw,sample0.1_reference0.1,-50,-48,0.5,359,3.589996964229352,615,0.0010747727248896393,0.8217270194986073,0.7577235772357723,0.3027411635688756,0.3721627422793943,0.6399994588041185
1024,D005_Pnative.final.raw,sample0.1_reference0.1,-50,-48,1.0,359,3.589996964229352,615,0.0010747727248896393,0.9944289693593314,0.9577235772357724,0.3027411635688756,0.3721627422793943,0.019999983087628702
1024,D005_Pnative.final.raw,sample0.1_reference0.1,-50,-48,2.0,359,3.589996964229352,615,0.0010747727248896393,1.0,1.0,0.3027411635688756,0.3721627422793943,0.0
1024,D005_Pnative.final.raw,sample0.1_reference0.1,-48,-46,0.1,3523,35.22997020885796,7615,0.013307958211438377,0.12716434856656259,0.08089297439264609,0.35154462726918634,0.5970685547061774,30.74997399722913
1024,D005_Pnative.final.raw,sample0.1_reference0.1,-48,-46,0.2,3523,35.22997020885796,7615,0.013307958211438377,0.37042293499858076,0.199080761654629,0.35154462726918634,0.5970685547061774,22.17998124418023
1024,D005_Pnative.final.raw,sample0.1_reference0.1,-48,-46,0.25,3523,35.22997020885796,7615,0.013307958211438377,0.48509792790235595,0.2701247537754432,0.35154462726918634,0.5970685547061774,18.139984660479232
1024,D005_Pnative.final.raw,sample0.1_reference0.1,-48,-46,0.5,3523,35.22997020885796,7615,0.013307958211438377,0.8285552086290093,0.5300065659881812,0.35154462726918634,0.5970685547061774,6.039994892463868
1024,D005_Pnative.final.raw,sample0.1_reference0.1,-48,-46,1.0,3523,35.22997020885796,7615,0.013307958211438377,0.937553221686063,0.7986868023637558,0.35154462726918634,0.5970685547061774,2.199998139639157
1024,D005_Pnative.final.raw,sample0.1_reference0.1,-48,-46,2.0,3523,35.22997020885796,7615,0.013307958211438377,0.9980130570536475,0.9959290873276428,0.35154462726918634,0.5970685547061774,0.06999994080670045
1024,D005_Pnative.final.raw,sample0.1_reference0.1,-46,-44,0.1,227,2.2699980804458577,9863,0.017236558350547174,0.0,0.0,0.7645858570209191,1.882537516736119,2.2699980804458577
1024,D005_Pnative.final.raw,sample0.1_reference0.1,-46,-44,0.2,227,2.2699980804458577,9863,0.017236558350547174,0.0,0.0,0.7645858570209191,1.882537516736119,2.2699980804458577
1024,D005_Pnative.final.raw,sample0.1_reference0.1,-46,-44,0.25,227,2.2699980804458577,9863,0.017236558350547174,0.0,0.0001013890297069857,0.7645858570209191,1.882537516736119,2.2699980804458577
1024,D005_Pnative.final.raw,sample0.1_reference0.1,-46,-44,0.5,227,2.2699980804458577,9863,0.017236558350547174,0.05726872246696035,0.003447227010037514,0.7645858570209191,1.882537516736119,2.139998190376271
1024,D005_Pnative.final.raw,sample0.1_reference0.1,-46,-44,1.0,227,2.2699980804458577,9863,0.017236558350547174,0.9295154185022027,0.1332251850349792,0.7645858570209191,1.882537516736119,0.15999986470102961
1024,D005_Pnative.final.raw,sample0.1_reference0.1,-46,-44,2.0,227,2.2699980804458577,9863,0.017236558350547174,0.9691629955947136,0.48058400081111224,0.7645858570209191,1.882537516736119,0.06999994080670045
1024,D005_Pnative.final.raw,sample0.1_reference0.1,-44,-42,0.1,99011,990.1091627446027,131947,0.23059030362766378,0.20843138641161083,0.2109104413135577,0.3869263222533656,0.3258233878476202,783.739337254906
1024,D005_Pnative.final.raw,sample0.1_reference0.1,-44,-42,0.2,99011,990.1091627446027,131947,0.23059030362766378,0.4594943996121643,0.4571305145247713,0.3869263222533656,0.3258233878476202,535.1595474587688
1024,D005_Pnative.final.raw,sample0.1_reference0.1,-44,-42,0.25,99011,990.1091627446027,131947,0.23059030362766378,0.5361626485946006,0.5424147574404875,0.3869263222533656,0.3258233878476202,459.2496116496741
1024,D005_Pnative.final.raw,sample0.1_reference0.1,-44,-42,0.5,99011,990.1091627446027,131947,0.23059030362766378,0.7957701669511469,0.7942658794819132,0.3869263222533656,0.3258233878476202,202.20982900746998
1024,D005_Pnative.final.raw,sample0.1_reference0.1,-44,-42,1.0,99011,990.1091627446027,131947,0.23059030362766378,0.9255941259052024,0.9662061282181482,0.3869263222533656,0.3258233878476202,73.66993770328033
1024,D005_Pnative.final.raw,sample0.1_reference0.1,-44,-42,2.0,99011,990.1091627446027,131947,0.23059030362766378,0.9843956732080273,0.9949828340166885,0.3869263222533656,0.3258233878476202,15.449986935193172
1024,D005_Pnative.final.raw,sample0.1_reference0.1,-42,-40,0.1,48138,481.3795929361352,19285,0.03370242601544177,0.09389671361502347,0.21716359865180193,0.9798749983452548,0.39054860645197825,436.17963115809437
1024,D005_Pnative.final.raw,sample0.1_reference0.1,-42,-40,0.2,48138,481.3795929361352,19285,0.03370242601544177,0.23116872325397814,0.4037334716100596,0.9798749983452548,0.39054860645197825,370.09968703656915
1024,D005_Pnative.final.raw,sample0.1_reference0.1,-42,-40,0.25,48138,481.3795929361352,19285,0.03370242601544177,0.2989322364867672,0.48052890847809177,0.9798749983452548,0.39054860645197825,337.4797146206467
1024,D005_Pnative.final.raw,sample0.1_reference0.1,-42,-40,0.5,48138,481.3795929361352,19285,0.03370242601544177,0.5128796377082554,0.7071298936997666,0.9798749983452548,0.39054860645197825,234.48980171090273
1024,D005_Pnative.final.raw,sample0.1_reference0.1,-42,-40,1.0,48138,481.3795929361352,19285,0.03370242601544177,0.7148614400265902,0.9349235156857661,0.9798749983452548,0.39054860645197825,137.25988393039577
1024,D005_Pnative.final.raw,sample0.1_reference0.1,-42,-40,2.0,48138,481.3795929361352,19285,0.03370242601544177,0.8973783705180938,0.9941923774954627,0.9798749983452548,0.39054860645197825,49.39995822644289
1024,D005_Pnative.final.raw,sample0.1_reference0.1,-40,-38,0.1,24639,246.38979164804178,19431,0.03395757531273265,0.16027436178416332,0.2000411713241727,0.7320085916154816,0.4353528769866632,206.8998250415189
1024,D005_Pnative.final.raw,sample0.1_reference0.1,-40,-38,0.2,24639,246.38979164804178,19431,0.03395757531273265,0.4045618734526564,0.38634141320570226,0.7320085916154816,0.4353528769866632,146.70987593930033
1024,D005_Pnative.final.raw,sample0.1_reference0.1,-40,-38,0.25,24639,246.38979164804178,19431,0.03395757531273265,0.48581517107025446,0.4525243168133395,0.7320085916154816,0.4353528769866632,126.68989286858401
1024,D005_Pnative.final.raw,sample0.1_reference0.1,-40,-38,0.5,24639,246.38979164804178,19431,0.03395757531273265,0.650066967003531,0.6553445525191703,0.7320085916154816,0.4353528769866632,86.21992709076733
1024,D005_Pnative.final.raw,sample0.1_reference0.1,-40,-38,1.0,24639,246.38979164804178,19431,0.03395757531273265,0.8703681155891067,0.908908445267871,0.7320085916154816,0.4353528769866632,31.939972990943037
1024,D005_Pnative.final.raw,sample0.1_reference0.1,-40,-38,2.0,24639,246.38979164804178,19431,0.03395757531273265,0.9377409797475547,0.9888837424733673,0.7320085916154816,0.4353528769866632,15.339987028211214
1024,D005_Pnative.final.raw,sample0.1_reference0.1,-38,-36,0.1,23460,234.59980161788468,20650,0.03608789718531878,0.1875532821824382,0.1891041162227603,0.546505230533228,0.49368633873230294,190.59983882510153
1024,D005_Pnative.final.raw,sample0.1_reference0.1,-38,-36,0.2,23460,234.59980161788468,20650,0.03608789718531878,0.406308610400682,0.3276997578692494,0.546505230533228,0.49368633873230294,139.27988222224627
1024,D005_Pnative.final.raw,sample0.1_reference0.1,-38,-36,0.25,23460,234.59980161788468,20650,0.03608789718531878,0.4920716112531969,0.38498789346246975,0.546505230533228,0.49368633873230294,119.1598992360918
1024,D005_Pnative.final.raw,sample0.1_reference0.1,-38,-36,0.5,23460,234.59980161788468,20650,0.03608789718531878,0.6820119352088662,0.5885230024213075,0.546505230533228,0.49368633873230294,74.59993691685506
1024,D005_Pnative.final.raw,sample0.1_reference0.1,-38,-36,1.0,23460,234.59980161788468,20650,0.03608789718531878,0.8950980392156863,0.8707506053268765,0.546505230533228,0.49368633873230294,24.609979189327117
1024,D005_Pnative.final.raw,sample0.1_reference0.1,-38,-36,2.0,23460,234.59980161788468,20650,0.03608789718531878,0.9518755328218244,0.9921065375302663,0.546505230533228,0.49368633873230294,11.289990452966402
1024,D005_Pnative.final.raw,sample0.1_reference0.1,-36,-34,0.1,18146,181.45984655405522,18362,0.032089393129143995,0.15204452771960764,0.13446247685437315,0.6811209360392836,0.7837776488799236,153.86986988467143
1024,D005_Pnative.final.raw,sample0.1_reference0.1,-36,-34,0.2,18146,181.45984655405522,18362,0.032089393129143995,0.4294610382453433,0.2750789674327415,0.6811209360392836,0.7837776488799236,103.52991245310997
1024,D005_Pnative.final.raw,sample0.1_reference0.1,-36,-34,0.25,18146,181.45984655405522,18362,0.032089393129143995,0.5100848671883611,0.3223505064807755,0.6811209360392836,0.7837776488799236,88.89992482450958
1024,D005_Pnative.final.raw,sample0.1_reference0.1,-36,-34,0.5,18146,181.45984655405522,18362,0.032089393129143995,0.658547338256365,0.5304433068293214,0.6811209360392836,0.7837776488799236,61.959947605473715
1024,D005_Pnative.final.raw,sample0.1_reference0.1,-36,-34,1.0,18146,181.45984655405522,18362,0.032089393129143995,0.8616223961203571,0.7483934211959482,0.6811209360392836,0.7837776488799236,25.109978766517834
1024,D005_Pnative.final.raw,sample0.1_reference0.1,-36,-34,2.0,18146,181.45984655405522,18362,0.032089393129143995,0.8933649289099526,0.9038775732491015,0.6811209360392836,0.7837776488799236,19.34998363728077
1024,D005_Pnative.final.raw,sample0.1_reference0.1,-34,-32,0.1,18317,183.16984510804747,21320,0.037258787796174156,0.036796418627504504,0.040103189493433396,0.5777900538365727,1.0467259763303807,176.4298508075166
1024,D005_Pnative.final.raw,sample0.1_reference0.1,-34,-32,0.2,18317,183.16984510804747,21320,0.037258787796174156,0.16814980619097014,0.1476547842401501,0.5777900538365727,1.0467259763303807,152.36987115309927
1024,D005_Pnative.final.raw,sample0.1_reference0.1,-34,-32,0.25,18317,183.16984510804747,21320,0.037258787796174156,0.3020691161216356,0.23011257035647278,0.5777900538365727,1.0467259763303807,127.83989189612267
1024,D005_Pnative.final.raw,sample0.1_reference0.1,-34,-32,0.5,18317,183.16984510804747,21320,0.037258787796174156,0.6595512365562046,0.5264540337711069,0.5777900538365727,1.0467259763303807,62.35994726722629
1024,D005_Pnative.final.raw,sample0.1_reference0.1,-34,-32,1.0,18317,183.16984510804747,21320,0.037258787796174156,0.873014139870066,0.6840994371482176,0.5777900538365727,1.0467259763303807,23.25998033091218
1024,D005_Pnative.final.raw,sample0.1_reference0.1,-34,-32,2.0,18317,183.16984510804747,21320,0.037258787796174156,0.9433313315499263,0.7900562851782365,0.5777900538365727,1.0467259763303807,10.379991222479296
1024,D005_Pnative.final.raw,sample0.1_reference0.1,-32,-30,0.1,51076,510.7595680918618,105714,0.18474556721785906,0.07287179888793172,0.04096902964602607,0.5361206789529168,0.8398954821956254,473.5395995657848
1024,D005_Pnative.final.raw,sample0.1_reference0.1,-32,-30,0.2,51076,510.7595680918618,105714,0.18474556721785906,0.2569700054820268,0.12954764742607414,0.5361206789529168,0.8398954821956254,379.50967907929845
1024,D005_Pnative.final.raw,sample0.1_reference0.1,-32,-30,0.25,51076,510.7595680918618,105714,0.18474556721785906,0.39268932571070564,0.1977410749758783,0.5361206789529168,0.8398954821956254,310.18973769757736
1024,D005_Pnative.final.raw,sample0.1_reference0.1,-32,-30,0.5,51076,510.7595680918618,105714,0.18474556721785906,0.7216500900618686,0.4485876988856727,0.5361206789529168,0.8398954821956254,142.1698797784086
1024,D005_Pnative.final.raw,sample0.1_reference0.1,-32,-30,1.0,51076,510.7595680918618,105714,0.18474556721785906,0.8792387814237607,0.7577331290084568,0.5361206789529168,0.8398954821956254,61.67994784224692
1024,D005_Pnative.final.raw,sample0.1_reference0.1,-32,-30,2.0,51076,510.7595680918618,105714,0.18474556721785906,0.9356449212937583,0.9143727415479501,0.5361206789529168,0.8398954821956254,32.86997220451777
1024,D005_Pnative.final.raw,sample0.1_reference0.1,-30,-28,0.1,125458,1254.5789391038609,91135,0.15926733704523133,0.0743515758261729,0.10579908926318099,0.5162560217367422,0.5825956693993226,1161.2990179831606
1024,D005_Pnative.final.raw,sample0.1_reference0.1,-30,-28,0.2,125458,1254.5789391038609,91135,0.15926733704523133,0.1926142613464267,0.22327316618203763,0.5162560217367422,0.5825956693993226,1012.9291434475871
1024,D005_Pnative.final.raw,sample0.1_reference0.1,-30,-28,0.25,125458,1254.5789391038609,91135,0.15926733704523133,0.262167418578329,0.2912382728918637,0.5162560217367422,0.5825956693993226,925.669217236263
1024,D005_Pnative.final.raw,sample0.1_reference0.1,-30,-28,0.5,125458,1254.5789391038609,91135,0.15926733704523133,0.6069521274051874,0.6601854391836287,0.5162560217367422,0.5825956693993226,493.1095830170295
1024,D005_Pnative.final.raw,sample0.1_reference0.1,-30,-28,1.0,125458,1254.5789391038609,91135,0.15926733704523133,0.9056656410910424,0.92723980907445,0.5162560217367422,0.5825956693993226,118.34989992104285
1024,D005_Pnative.final.raw,sample0.1_reference0.1,-30,-28,2.0,125458,1254.5789391038609,91135,0.15926733704523133,0.9865851520030607,0.9495144565754101,0.5162560217367422,0.5825956693993226,16.829985768239553
1024,D005_Pnative.final.raw,sample0.1_reference0.1,-28,-26,0.1,123480,1234.798955830196,111853,0.19547407088956228,0.15343375445416263,0.21556864813639331,0.563186549912973,0.4353546298457043,1045.3391160410893
1024,D005_Pnative.final.raw,sample0.1_reference0.1,-28,-26,0.2,123480,1234.798955830196,111853,0.19547407088956228,0.2910754778101717,0.3849337970371827,0.563186549912973,0.4353546298457043,875.3792597624207
1024,D005_Pnative.final.raw,sample0.1_reference0.1,-28,-26,0.25,123480,1234.798955830196,111853,0.19547407088956228,0.3382005183025591,0.44656826370325337,0.563186549912973,0.4353546298457043,817.189308968965
1024,D005_Pnative.final.raw,sample0.1_reference0.1,-28,-26,0.5,123480,1234.798955830196,111853,0.19547407088956228,0.5125202461937156,0.6836830482865904,0.563186549912973,0.4353546298457043,601.9394909883611
1024,D005_Pnative.final.raw,sample0.1_reference0.1,-28,-26,1.0,123480,1234.798955830196,111853,0.19547407088956228,0.8235260770975057,0.917865412639804,0.563186549912973,0.4353546298457043,217.90981573125853
1024,D005_Pnative.final.raw,sample0.1_reference0.1,-28,-26,2.0,123480,1234.798955830196,111853,0.19547407088956228,0.9994897959183674,0.9835140765111352,0.563186549912973,0.4353546298457043,0.6299994672603041
1024,D005_Pnative.final.raw,sample0.1_reference0.1,-26,-24,0.1,20086,200.85983014905506,8939,0.015621777866322739,0.03967937867171164,0.07842040496699855,1.5341909698651655,0.9387540845243315,192.88983688863502
1024,D005_Pnative.final.raw,sample0.1_reference0.1,-26,-24,0.2,20086,200.85983014905506,8939,0.015621777866322739,0.09753061834113312,0.15203042845955925,1.5341909698651655,0.9387540845243315,181.26984671472275
1024,D005_Pnative.final.raw,sample0.1_reference0.1,-26,-24,0.25,20086,200.85983014905506,8939,0.015621777866322739,0.13073782734242756,0.20852444345005033,1.5341909698651655,0.9387540845243315,174.59985235499857
1024,D005_Pnative.final.raw,sample0.1_reference0.1,-26,-24,0.5,20086,200.85983014905506,8939,0.015621777866322739,0.2516180424176043,0.3966886676362009,1.5341909698651655,0.9387540845243315,150.31987288661733
1024,D005_Pnative.final.raw,sample0.1_reference0.1,-26,-24,1.0,20086,200.85983014905506,8939,0.015621777866322739,0.3593547744697799,0.5660588432710594,1.5341909698651655,0.9387540845243315,128.67989118580306
1024,D005_Pnative.final.raw,sample0.1_reference0.1,-26,-24,2.0,20086,200.85983014905506,8939,0.015621777866322739,0.6721597132330976,0.9069247119364582,1.5341909698651655,0.9387540845243315,65.8499443160175
1024,D005_Pnative.final.raw,sample0.1_reference0.1,-24,-22,0.1,11173,111.72990551903774,2076,0.003628013295725026,0.0017005280587129687,0.01300578034682081,4.321123825547794,0.9131275377360124,111.53990567970527
1024,D005_Pnative.final.raw,sample0.1_reference0.1,-24,-22,0.2,11173,111.72990551903774,2076,0.003628013295725026,0.007518124049046809,0.04190751445086705,4.321123825547794,0.9131275377360124,110.88990622935734
1024,D005_Pnative.final.raw,sample0.1_reference0.1,-24,-22,0.25,11173,111.72990551903774,2076,0.003628013295725026,0.010203168352277813,0.0640655105973025,4.321123825547794,0.9131275377360124,110.58990648304291
1024,D005_Pnative.final.raw,sample0.1_reference0.1,-24,-22,0.5,11173,111.72990551903774,2076,0.003628013295725026,0.03186252573167457,0.20905587668593448,4.321123825547794,0.9131275377360124,108.16990852943984
1024,D005_Pnative.final.raw,sample0.1_reference0.1,-24,-22,1.0,11173,111.72990551903774,2076,0.003628013295725026,0.06775261791819565,0.6035645472061657,4.321123825547794,0.9131275377360124,104.15991192037028
1024,D005_Pnative.final.raw,sample0.1_reference0.1,-24,-22,2.0,11173,111.72990551903774,2076,0.003628013295725026,0.19869327843909423,0.9788053949903661,4.321123825547794,0.9131275377360124,89.52992429176989
1024,D005_Pnative.final.raw,sample0.1_reference0.1,-22,-20,0.1,417,4.169996473770584,1994,0.0034847102657397408,0.0,0.0,2.655735950562025,1.5960702331084664,4.169996473770584
1024,D005_Pnative.final.raw,sample0.1_reference0.1,-22,-20,0.2,417,4.169996473770584,1994,0.0034847102657397408,0.0,0.0005015045135406219,2.655735950562025,1.5960702331084664,4.169996473770584
1024,D005_Pnative.final.raw,sample0.1_reference0.1,-22,-20,0.25,417,4.169996473770584,1994,0.0034847102657397408,0.0,0.0015045135406218655,2.655735950562025,1.5960702331084664,4.169996473770584
1024,D005_Pnative.final.raw,sample0.1_reference0.1,-22,-20,0.5,417,4.169996473770584,1994,0.0034847102657397408,0.004796163069544364,0.015045135406218655,2.655735950562025,1.5960702331084664,4.149996490682955
1024,D005_Pnative.final.raw,sample0.1_reference0.1,-22,-20,1.0,417,4.169996473770584,1994,0.0034847102657397408,0.045563549160671464,0.1489468405215647,2.655735950562025,1.5960702331084664,3.9799966344381117
1024,D005_Pnative.final.raw,sample0.1_reference0.1,-22,-20,2.0,417,4.169996473770584,1994,0.0034847102657397408,0.44364508393285373,0.7422266800401204,2.655735950562025,1.5960702331084664,2.3199980381649294
1024,D005_Pnative.final.raw,sample0.1_reference0.1,-20,-18,0.1,1949,19.48998351889417,1238,0.002163526233192477,0.0,0.0,3.039412710404914,1.7363437608678816,19.48998351889417
1024,D005_Pnative.final.raw,sample0.1_reference0.1,-20,-18,0.2,1949,19.48998351889417,1238,0.002163526233192477,0.0,0.0,3.039412710404914,1.7363437608678816,19.48998351889417
1024,D005_Pnative.final.raw,sample0.1_reference0.1,-20,-18,0.25,1949,19.48998351889417,1238,0.002163526233192477,0.0,0.0,3.039412710404914,1.7363437608678816,19.48998351889417
1024,D005_Pnative.final.raw,sample0.1_reference0.1,-20,-18,0.5,1949,19.48998351889417,1238,0.002163526233192477,0.0,0.008885298869143781,3.039412710404914,1.7363437608678816,19.48998351889417
1024,D005_Pnative.final.raw,sample0.1_reference0.1,-20,-18,1.0,1949,19.48998351889417,1238,0.002163526233192477,0.001026167265264238,0.12277867528271405,3.039412710404914,1.7363437608678816,19.46998353580654
1024,D005_Pnative.final.raw,sample0.1_reference0.1,-20,-18,2.0,1949,19.48998351889417,1238,0.002163526233192477,0.159569009748589,0.6429725363489499,3.039412710404914,1.7363437608678816,16.379986148767905
1024,D005_Pnative.final.raw,sample0.1_reference0.1,-18,-16,0.1,99,0.9899991628376208,177,0.0003093248330170181,0.0,0.0,4.19358460048394,2.1173668183849355,0.9899991628376208
1024,D005_Pnative.final.raw,sample0.1_reference0.1,-18,-16,0.2,99,0.9899991628376208,177,0.0003093248330170181,0.0,0.0,4.19358460048394,2.1173668183849355,0.9899991628376208
1024,D005_Pnative.final.raw,sample0.1_reference0.1,-18,-16,0.25,99,0.9899991628376208,177,0.0003093248330170181,0.0,0.0,4.19358460048394,2.1173668183849355,0.9899991628376208
1024,D005_Pnative.final.raw,sample0.1_reference0.1,-18,-16,0.5,99,0.9899991628376208,177,0.0003093248330170181,0.0,0.0,4.19358460048394,2.1173668183849355,0.9899991628376208
1024,D005_Pnative.final.raw,sample0.1_reference0.1,-18,-16,1.0,99,0.9899991628376208,177,0.0003093248330170181,0.0,0.0,4.19358460048394,2.1173668183849355,0.9899991628376208
1024,D005_Pnative.final.raw,sample0.1_reference0.1,-18,-16,2.0,99,0.9899991628376208,177,0.0003093248330170181,0.050505050505050504,0.5084745762711864,4.19358460048394,2.1173668183849355,0.939999205118549
1024,D0005_Pnative.final.raw,sample0.1_reference0.1,-50,-48,0.1,0,0.0,615,0.0010747727248896393,,0.0,,5.371459793462986,0.0
1024,D0005_Pnative.final.raw,sample0.1_reference0.1,-50,-48,0.2,0,0.0,615,0.0010747727248896393,,0.0,,5.371459793462986,0.0
1024,D0005_Pnative.final.raw,sample0.1_reference0.1,-50,-48,0.25,0,0.0,615,0.0010747727248896393,,0.0,,5.371459793462986,0.0
1024,D0005_Pnative.final.raw,sample0.1_reference0.1,-50,-48,0.5,0,0.0,615,0.0010747727248896393,,0.0,,5.371459793462986,0.0
1024,D0005_Pnative.final.raw,sample0.1_reference0.1,-50,-48,1.0,0,0.0,615,0.0010747727248896393,,0.0,,5.371459793462986,0.0
1024,D0005_Pnative.final.raw,sample0.1_reference0.1,-50,-48,2.0,0,0.0,615,0.0010747727248896393,,0.0,,5.371459793462986,0.0
1024,D0005_Pnative.final.raw,sample0.1_reference0.1,-48,-46,0.1,0,0.0,7615,0.013307958211438377,,0.0,,4.113772212371025,0.0
1024,D0005_Pnative.final.raw,sample0.1_reference0.1,-48,-46,0.2,0,0.0,7615,0.013307958211438377,,0.0,,4.113772212371025,0.0
1024,D0005_Pnative.final.raw,sample0.1_reference0.1,-48,-46,0.25,0,0.0,7615,0.013307958211438377,,0.0,,4.113772212371025,0.0
1024,D0005_Pnative.final.raw,sample0.1_reference0.1,-48,-46,0.5,0,0.0,7615,0.013307958211438377,,0.0,,4.113772212371025,0.0
1024,D0005_Pnative.final.raw,sample0.1_reference0.1,-48,-46,1.0,0,0.0,7615,0.013307958211438377,,0.0,,4.113772212371025,0.0
1024,D0005_Pnative.final.raw,sample0.1_reference0.1,-48,-46,2.0,0,0.0,7615,0.013307958211438377,,0.0013131976362442547,,4.113772212371025,0.0
1024,D0005_Pnative.final.raw,sample0.1_reference0.1,-46,-44,0.1,0,0.0,9863,0.017236558350547174,,0.0001013890297069857,,2.3992198460792884,0.0
1024,D0005_Pnative.final.raw,sample0.1_reference0.1,-46,-44,0.2,0,0.0,9863,0.017236558350547174,,0.0006083341782419143,,2.3992198460792884,0.0
1024,D0005_Pnative.final.raw,sample0.1_reference0.1,-46,-44,0.25,0,0.0,9863,0.017236558350547174,,0.0014194464158978,,2.3992198460792884,0.0
1024,D0005_Pnative.final.raw,sample0.1_reference0.1,-46,-44,0.5,0,0.0,9863,0.017236558350547174,,0.005880563723005171,,2.3992198460792884,0.0
1024,D0005_Pnative.final.raw,sample0.1_reference0.1,-46,-44,1.0,0,0.0,9863,0.017236558350547174,,0.02119030720876001,,2.3992198460792884,0.0
1024,D0005_Pnative.final.raw,sample0.1_reference0.1,-46,-44,2.0,0,0.0,9863,0.017236558350547174,,0.170232180878029,,2.3992198460792884,0.0
1024,D0005_Pnative.final.raw,sample0.1_reference0.1,-44,-42,0.1,84954,849.5390501871365,131947,0.23059030362766378,0.023624549756338726,0.014596769915193222,0.7125600970629191,1.1073350815236902,829.4690726260377
1024,D0005_Pnative.final.raw,sample0.1_reference0.1,-44,-42,0.2,84954,849.5390501871365,131947,0.23059030362766378,0.06669491724933493,0.03374082017779866,0.7125600970629191,1.1073350815236902,792.8791135348268
1024,D0005_Pnative.final.raw,sample0.1_reference0.1,-44,-42,0.25,84954,849.5390501871365,131947,0.23059030362766378,0.09303858558749441,0.047784337650723395,0.7125600970629191,1.1073350815236902,770.4991385563819
1024,D0005_Pnative.final.raw,sample0.1_reference0.1,-44,-42,0.5,84954,849.5390501871365,131947,0.23059030362766378,0.38745674129528923,0.26929752097433063,0.7125600970629191,1.1073350815236902,520.3794181985335
1024,D0005_Pnative.final.raw,sample0.1_reference0.1,-44,-42,1.0,84954,849.5390501871365,131947,0.23059030362766378,0.7198837017680156,0.6603712096523604,0.7125600970629191,1.1073350815236902,237.96973394193665
1024,D0005_Pnative.final.raw,sample0.1_reference0.1,-44,-42,2.0,84954,849.5390501871365,131947,0.23059030362766378,1.0,0.7975853941355241,0.7125600970629191,1.1073350815236902,0.0
1024,D0005_Pnative.final.raw,sample0.1_reference0.1,-42,-40,0.1,51948,519.4794192047622,19285,0.03370242601544177,0.03418803418803419,0.09261083743842365,1.2183534678201515,0.5362970425782604,501.7194390610096
1024,D0005_Pnative.final.raw,sample0.1_reference0.1,-42,-40,0.2,51948,519.4794192047622,19285,0.03370242601544177,0.10766535766535766,0.226497277676951,1.2183534678201515,0.5362970425782604,463.5494817362892
1024,D0005_Pnative.final.raw,sample0.1_reference0.1,-42,-40,0.25,51948,519.4794192047622,19285,0.03370242601544177,0.15092015092015093,0.30210007778065856,1.2183534678201515,0.5362970425782604,441.07950685846714
1024,D0005_Pnative.final.raw,sample0.1_reference0.1,-42,-40,0.5,51948,519.4794192047622,19285,0.03370242601544177,0.2978170478170478,0.5530723360124449,1.2183534678201515,0.5362970425782604,364.7695921754853
1024,D0005_Pnative.final.raw,sample0.1_reference0.1,-42,-40,1.0,51948,519.4794192047622,19285,0.03370242601544177,0.4832909832909833,0.8925589836660617,1.2183534678201515,0.5362970425782604,268.4196998978638
1024,D0005_Pnative.final.raw,sample0.1_reference0.1,-42,-40,2.0,51948,519.4794192047622,19285,0.03370242601544177,0.78994378994379,0.9897848068446979,1.2183534678201515,0.5362970425782604,109.11987800035352
1024,D0005_Pnative.final.raw,sample0.1_reference0.1,-40,-38,0.1,20209,202.08977405692306,19431,0.03395757531273265,0.15250630907021623,0.15609078276980085,0.46666888196059914,0.4444282957870368,171.26980851466777
1024,D0005_Pnative.final.raw,sample0.1_reference0.1,-40,-38,0.2,20209,202.08977405692306,19431,0.03395757531273265,0.4328269582859122,0.3589624826308476,0.46666888196059914,0.4444282957870368,114.61987185117779
1024,D0005_Pnative.final.raw,sample0.1_reference0.1,-40,-38,0.25,20209,202.08977405692306,19431,0.03395757531273265,0.5336236330347864,0.4382172816633215,0.46666888196059914,0.4444282957870368,94.24989462548864
1024,D0005_Pnative.final.raw,sample0.1_reference0.1,-40,-38,0.5,20209,202.08977405692306,19431,0.03395757531273265,0.6676728190410214,0.602079151870722,0.46666888196059914,0.4444282957870368,67.15992491297418
1024,D0005_Pnative.final.raw,sample0.1_reference0.1,-40,-38,1.0,20209,202.08977405692306,19431,0.03395757531273265,0.9051412736899401,0.9092172301991662,0.46666888196059914,0.4444282957870368,19.1699785673275
1024,D0005_Pnative.final.raw,sample0.1_reference0.1,-40,-38,2.0,20209,202.08977405692306,19431,0.03395757531273265,0.975654411400861,0.9978899696361484,0.46666888196059914,0.4444282957870368,4.919994499282802
1024,D0005_Pnative.final.raw,sample0.1_reference0.1,-38,-36,0.1,14148,141.4798418208396,20650,0.03608789718531878,0.05202148713599095,0.04067796610169491,0.37593164936140816,0.8113205205942966,134.11985004955474
1024,D0005_Pnative.final.raw,sample0.1_reference0.1,-38,-36,0.2,14148,141.4798418208396,20650,0.03608789718531878,0.3282442748091603,0.19617433414043584,0.37593164936140816,0.8113205205942966,95.0398937422434
1024,D0005_Pnative.final.raw,sample0.1_reference0.1,-38,-36,0.25,14148,141.4798418208396,20650,0.03608789718531878,0.5553435114503816,0.30406779661016947,0.37593164936140816,0.8113205205942966,62.90992966460997
1024,D0005_Pnative.final.raw,sample0.1_reference0.1,-38,-36,0.5,14148,141.4798418208396,20650,0.03608789718531878,0.7478088775798699,0.47307506053268766,0.37593164936140816,0.8113205205942966,35.679960108619994
1024,D0005_Pnative.final.raw,sample0.1_reference0.1,-38,-36,1.0,14148,141.4798418208396,20650,0.03608789718531878,0.9554000565450947,0.6996125907990315,0.37593164936140816,0.8113205205942966,6.30999294521839
1024,D0005_Pnative.final.raw,sample0.1_reference0.1,-38,-36,2.0,14148,141.4798418208396,20650,0.03608789718531878,0.9968900197907832,0.8922518159806295,0.37593164936140816,0.8113205205942966,0.4399995080659416
1024,D0005_Pnative.final.raw,sample0.1_reference0.1,-36,-34,0.1,19870,198.69977784705137,18362,0.032089393129143995,0.02506290890790136,0.033602004138982684,0.4873087568619383,0.7593062282202996,193.71978341485047
1024,D0005_Pnative.final.raw,sample0.1_reference0.1,-36,-34,0.2,19870,198.69977784705137,18362,0.032089393129143995,0.25702063412179166,0.2410957412046618,0.4873087568619383,0.7593062282202996,147.6298349449431
1024,D0005_Pnative.final.raw,sample0.1_reference0.1,-36,-34,0.25,19870,198.69977784705137,18362,0.032089393129143995,0.460694514343231,0.39146062520422614,0.4873087568619383,0.7593062282202996,107.15988019169615
1024,D0005_Pnative.final.raw,sample0.1_reference0.1,-36,-34,0.5,19870,198.69977784705137,18362,0.032089393129143995,0.6097634625062909,0.5664960243982137,0.4873087568619383,0.7593062282202996,77.53991330780254
1024,D0005_Pnative.final.raw,sample0.1_reference0.1,-36,-34,1.0,19870,198.69977784705137,18362,0.032089393129143995,0.8899345747357826,0.7328177758414116,0.4873087568619383,0.7593062282202996,21.869975548641236
1024,D0005_Pnative.final.raw,sample0.1_reference0.1,-36,-34,2.0,19870,198.69977784705137,18362,0.032089393129143995,0.9931555108203322,0.8750136150746106,0.4873087568619383,0.7593062282202996,1.359998479476547
1024,D0005_Pnative.final.raw,sample0.1_reference0.1,-34,-32,0.1,17118,171.17980861529065,21320,0.037258787796174156,0.009872648673910503,0.00952157598499062,0.40847573191633807,0.8622275342328046,169.48981050476465
1024,D0005_Pnative.final.raw,sample0.1_reference0.1,-34,-32,0.2,17118,171.17980861529065,21320,0.037258787796174156,0.17799976632784204,0.13194183864915573,0.40847573191633807,0.8622275342328046,140.70984268172418
1024,D0005_Pnative.final.raw,sample0.1_reference0.1,-34,-32,0.25,17118,171.17980861529065,21320,0.037258787796174156,0.3445495969155275,0.22415572232645403,0.40847573191633807,0.8622275342328046,112.19987455681512
1024,D0005_Pnative.final.raw,sample0.1_reference0.1,-34,-32,0.5,17118,171.17980861529065,21320,0.037258787796174156,0.7363593877789462,0.55046904315197,0.40847573191633807,0.8622275342328046,45.12994954321806
1024,D0005_Pnative.final.raw,sample0.1_reference0.1,-34,-32,1.0,17118,171.17980861529065,21320,0.037258787796174156,0.9766912022432527,0.6827392120075046,0.40847573191633807,0.8622275342328046,3.989995539052516
1024,D0005_Pnative.final.raw,sample0.1_reference0.1,-34,-32,2.0,17118,171.17980861529065,21320,0.037258787796174156,0.9949760486038088,0.8666979362101314,0.40847573191633807,0.8622275342328046,0.8599990384925222
1024,D0005_Pnative.final.raw,sample0.1_reference0.1,-32,-30,0.1,30835,308.34965525484796,105714,0.18474556721785906,0.042062591211285874,0.01408517320317082,0.3822529994313206,0.95661169490978,295.3796697557224
1024,D0005_Pnative.final.raw,sample0.1_reference0.1,-32,-30,0.2,30835,308.34965525484796,105714,0.18474556721785906,0.25195394843521973,0.07895832150897705,0.3822529994313206,0.95661169490978,230.65974211475023
1024,D0005_Pnative.final.raw,sample0.1_reference0.1,-32,-30,0.25,30835,308.34965525484796,105714,0.18474556721785906,0.4149505432138803,0.13159089619161132,0.3822529994313206,0.95661169490978,180.39979830703606
1024,D0005_Pnative.final.raw,sample0.1_reference0.1,-32,-30,0.5,30835,308.34965525484796,105714,0.18474556721785906,0.8449489216799092,0.3125886826721153,0.3822529994313206,0.95661169490978,47.80994654689243
1024,D0005_Pnative.final.raw,sample0.1_reference0.1,-32,-30,1.0,30835,308.34965525484796,105714,0.18474556721785906,0.9610831846927194,0.5954178254535824,0.3822529994313206,0.95661169490978,11.99998658361659
1024,D0005_Pnative.final.raw,sample0.1_reference0.1,-32,-30,2.0,30835,308.34965525484796,105714,0.18474556721785906,0.9898491973406843,0.9128592239438486,0.3822529994313206,0.95661169490978,3.1299965005599937
1024,D0005_Pnative.final.raw,sample0.1_reference0.1,-30,-28,0.1,92584,925.8389648812986,91135,0.15926733704523133,0.0643307698954463,0.07066439896856312,0.41630271785209866,0.5755418319405313,866.2790314712817
1024,D0005_Pnative.final.raw,sample0.1_reference0.1,-30,-28,0.2,92584,925.8389648812986,91135,0.15926733704523133,0.18839108269247387,0.15637241454984363,0.41630271785209866,0.5755418319405313,751.4191598884315
1024,D0005_Pnative.final.raw,sample0.1_reference0.1,-30,-28,0.25,92584,925.8389648812986,91135,0.15926733704523133,0.2821329819407241,0.23008723322543478,0.41630271785209866,0.5755418319405313,664.6292569224245
1024,D0005_Pnative.final.raw,sample0.1_reference0.1,-30,-28,0.5,92584,925.8389648812986,91135,0.15926733704523133,0.6538278752268211,0.5604432984034674,0.41630271785209866,0.5755418319405313,320.49964167075973
1024,D0005_Pnative.final.raw,sample0.1_reference0.1,-30,-28,1.0,92584,925.8389648812986,91135,0.15926733704523133,0.9884105244966733,0.9196027870741208,0.41630271785209866,0.5755418319405313,10.729988003517168
1024,D0005_Pnative.final.raw,sample0.1_reference0.1,-30,-28,2.0,92584,925.8389648812986,91135,0.15926733704523133,0.9991359198133587,0.9579524880671532,0.41630271785209866,0.5755418319405313,0.7999991055744393
1024,D0005_Pnative.final.raw,sample0.1_reference0.1,-28,-26,0.1,116201,1162.0087008356927,111853,0.19547407088956228,0.13250316262338535,0.1664416689762456,0.37699302570400267,0.36087659407327555,1008.0388729790723
1024,D0005_Pnative.final.raw,sample0.1_reference0.1,-28,-26,0.2,116201,1162.0087008356927,111853,0.19547407088956228,0.29734683866748135,0.34377263014849846,0.37699302570400267,0.36087659407327555,816.4890871380925
1024,D0005_Pnative.final.raw,sample0.1_reference0.1,-28,-26,0.25,116201,1162.0087008356927,111853,0.19547407088956228,0.393103329575477,0.4549542703369601,0.37699302570400267,0.36087659407327555,705.2192115415077
1024,D0005_Pnative.final.raw,sample0.1_reference0.1,-28,-26,0.5,116201,1162.0087008356927,111853,0.19547407088956228,0.7020679684340065,0.8281136849257508,0.37699302570400267,0.36087659407327555,346.1996129373386
1024,D0005_Pnative.final.raw,sample0.1_reference0.1,-28,-26,1.0,116201,1162.0087008356927,111853,0.19547407088956228,0.9855681104293422,0.9605017299491296,0.37699302570400267,0.36087659407327555,16.769981250604186
1024,D0005_Pnative.final.raw,sample0.1_reference0.1,-28,-26,2.0,116201,1162.0087008356927,111853,0.19547407088956228,1.0,0.9813684031720205,0.37699302570400267,0.36087659407327555,0.0
1024,D0005_Pnative.final.raw,sample0.1_reference0.1,-26,-24,0.1,6959,69.58992219615654,8939,0.015621777866322739,0.11697082914211812,0.0944177201029198,0.904291118620527,1.2363266208377173,61.44993129693662
1024,D0005_Pnative.final.raw,sample0.1_reference0.1,-26,-24,0.2,6959,69.58992219615654,8939,0.015621777866322739,0.2922833740479954,0.19308647499720327,0.904291118620527,1.2363266208377173,49.24994493692642
1024,D0005_Pnative.final.raw,sample0.1_reference0.1,-26,-24,0.25,6959,69.58992219615654,8939,0.015621777866322739,0.3810892369593332,0.2503635753439982,0.904291118620527,1.2363266208377173,43.06995184636388
1024,D0005_Pnative.final.raw,sample0.1_reference0.1,-26,-24,0.5,6959,69.58992219615654,8939,0.015621777866322739,0.7450783158499784,0.4507215572211657,0.904291118620527,1.2363266208377173,17.73998016611319
1024,D0005_Pnative.final.raw,sample0.1_reference0.1,-26,-24,1.0,6959,69.58992219615654,8939,0.015621777866322739,0.8180773099583274,0.5139277324085468,0.904291118620527,1.2363266208377173,12.659985845715502
1024,D0005_Pnative.final.raw,sample0.1_reference0.1,-26,-24,2.0,6959,69.58992219615654,8939,0.015621777866322739,0.8512717344446041,0.690233806913525,0.904291118620527,1.2363266208377173,10.34998842836931
1024,D0005_Pnative.final.raw,sample0.1_reference0.1,-24,-22,0.1,6743,67.42992461110555,2076,0.003628013295725026,0.006970191309506155,0.014450867052023121,4.652646799509737,1.448175549802273,66.95992513658057
1024,D0005_Pnative.final.raw,sample0.1_reference0.1,-24,-22,0.2,6743,67.42992461110555,2076,0.003628013295725026,0.022541895298828416,0.028901734104046242,4.652646799509737,1.448175549802273,65.90992631051412
1024,D0005_Pnative.final.raw,sample0.1_reference0.1,-24,-22,0.25,6743,67.42992461110555,2076,0.003628013295725026,0.03366454100548717,0.03227360308285164,4.652646799509737,1.448175549802273,65.15992714903808
1024,D0005_Pnative.final.raw,sample0.1_reference0.1,-24,-22,0.5,6743,67.42992461110555,2076,0.003628013295725026,0.0766721044045677,0.09730250481695568,4.652646799509737,1.448175549802273,62.25993039133074
1024,D0005_Pnative.final.raw,sample0.1_reference0.1,-24,-22,1.0,6743,67.42992461110555,2076,0.003628013295725026,0.09150229868011271,0.29335260115606937,4.652646799509737,1.448175549802273,61.259931509362694
1024,D0005_Pnative.final.raw,sample0.1_reference0.1,-24,-22,2.0,6743,67.42992461110555,2076,0.003628013295725026,0.10336645410054872,0.8241811175337187,4.652646799509737,1.448175549802273,60.45993240378825
1024,D0005_Pnative.final.raw,sample0.1_reference0.1,-22,-20,0.1,787,7.869991201088546,1994,0.0034847102657397408,0.0,0.0,5.912156827217943,2.1317494392036314,7.869991201088546
1024,D0005_Pnative.final.raw,sample0.1_reference0.1,-22,-20,0.2,787,7.869991201088546,1994,0.0034847102657397408,0.0,0.0,5.912156827217943,2.1317494392036314,7.869991201088546
1024,D0005_Pnative.final.raw,sample0.1_reference0.1,-22,-20,0.25,787,7.869991201088546,1994,0.0034847102657397408,0.0,0.0,5.912156827217943,2.1317494392036314,7.869991201088546
1024,D0005_Pnative.final.raw,sample0.1_reference0.1,-22,-20,0.5,787,7.869991201088546,1994,0.0034847102657397408,0.0,0.0015045135406218655,5.912156827217943,2.1317494392036314,7.869991201088546
1024,D0005_Pnative.final.raw,sample0.1_reference0.1,-22,-20,1.0,787,7.869991201088546,1994,0.0034847102657397408,0.0,0.03610832497492478,5.912156827217943,2.1317494392036314,7.869991201088546
1024,D0005_Pnative.final.raw,sample0.1_reference0.1,-22,-20,2.0,787,7.869991201088546,1994,0.0034847102657397408,0.0,0.3650952858575727,5.912156827217943,2.1317494392036314,7.869991201088546
1024,D0005_Pnative.final.raw,sample0.1_reference0.1,-20,-18,0.1,0,0.0,1238,0.002163526233192477,,0.0,,3.4542055746272617,0.0
1024,D0005_Pnative.final.raw,sample0.1_reference0.1,-20,-18,0.2,0,0.0,1238,0.002163526233192477,,0.0,,3.4542055746272617,0.0
1024,D0005_Pnative.final.raw,sample0.1_reference0.1,-20,-18,0.25,0,0.0,1238,0.002163526233192477,,0.0,,3.4542055746272617,0.0
1024,D0005_Pnative.final.raw,sample0.1_reference0.1,-20,-18,0.5,0,0.0,1238,0.002163526233192477,,0.0,,3.4542055746272617,0.0
1024,D0005_Pnative.final.raw,sample0.1_reference0.1,-20,-18,1.0,0,0.0,1238,0.002163526233192477,,0.0,,3.4542055746272617,0.0
1024,D0005_Pnative.final.raw,sample0.1_reference0.1,-20,-18,2.0,0,0.0,1238,0.002163526233192477,,0.0,,3.4542055746272617,0.0
1024,D0005_Pnative.final.raw,sample0.1_reference0.1,-18,-16,0.1,0,0.0,177,0.0003093248330170181,,0.0,,4.474411802776789,0.0
1024,D0005_Pnative.final.raw,sample0.1_reference0.1,-18,-16,0.2,0,0.0,177,0.0003093248330170181,,0.0,,4.474411802776789,0.0
1024,D0005_Pnative.final.raw,sample0.1_reference0.1,-18,-16,0.25,0,0.0,177,0.0003093248330170181,,0.0,,4.474411802776789,0.0
1024,D0005_Pnative.final.raw,sample0.1_reference0.1,-18,-16,0.5,0,0.0,177,0.0003093248330170181,,0.0,,4.474411802776789,0.0
1024,D0005_Pnative.final.raw,sample0.1_reference0.1,-18,-16,1.0,0,0.0,177,0.0003093248330170181,,0.0,,4.474411802776789,0.0
1024,D0005_Pnative.final.raw,sample0.1_reference0.1,-18,-16,2.0,0,0.0,177,0.0003093248330170181,,0.0,,4.474411802776789,0.0
1024,D005_Pnative.final.raw,sample0.05_reference0.1,-50,-48,0.1,1331,3.327498646766032,615,0.0010747727248896393,0.1517655897821187,0.13333333333333333,0.30222077687305127,0.3721627422793943,2.8224988521403835
1024,D005_Pnative.final.raw,sample0.05_reference0.1,-50,-48,0.2,1331,3.327498646766032,615,0.0010747727248896393,0.3876784372652141,0.2959349593495935,0.30222077687305127,0.3721627422793943,2.037499171385662
1024,D005_Pnative.final.raw,sample0.05_reference0.1,-50,-48,0.25,1331,3.327498646766032,615,0.0010747727248896393,0.5259203606311045,0.37073170731707317,0.30222077687305127,0.3721627422793943,1.5774993584593286
1024,D005_Pnative.final.raw,sample0.05_reference0.1,-50,-48,0.5,1331,3.327498646766032,615,0.0010747727248896393,0.8181818181818182,0.7577235772357723,0.30222077687305127,0.3721627422793943,0.6049997539574604
1024,D005_Pnative.final.raw,sample0.05_reference0.1,-50,-48,1.0,1331,3.327498646766032,615,0.0010747727248896393,0.9902329075882795,0.9577235772357724,0.30222077687305127,0.3721627422793943,0.03249998678283878
1024,D005_Pnative.final.raw,sample0.05_reference0.1,-50,-48,2.0,1331,3.327498646766032,615,0.0010747727248896393,1.0,1.0,0.30222077687305127,0.3721627422793943,0.0
1024,D005_Pnative.final.raw,sample0.05_reference0.1,-48,-46,0.1,13796,34.489985973541835,7615,0.013307958211438377,0.13097999420121775,0.08089297439264609,0.3460449310464943,0.5970685547061774,29.97248781072724
1024,D005_Pnative.final.raw,sample0.05_reference0.1,-48,-46,0.2,13796,34.489985973541835,7615,0.013307958211438377,0.36061177152797913,0.199080761654629,0.3460449310464943,0.5970685547061774,22.05249103164776
1024,D005_Pnative.final.raw,sample0.05_reference0.1,-48,-46,0.25,13796,34.489985973541835,7615,0.013307958211438377,0.48890982893592344,0.2701247537754432,0.3460449310464943,0.5970685547061774,17.627492831215097
1024,D005_Pnative.final.raw,sample0.05_reference0.1,-48,-46,0.5,13796,34.489985973541835,7615,0.013307958211438377,0.8307480429109887,0.5300065659881812,0.3460449310464943,0.5970685547061774,5.837497625994504
1024,D005_Pnative.final.raw,sample0.05_reference0.1,-48,-46,1.0,13796,34.489985973541835,7615,0.013307958211438377,0.9428095100028994,0.7986868023637558,0.3460449310464943,0.5970685547061774,1.9724991978199846
1024,D005_Pnative.final.raw,sample0.05_reference0.1,-48,-46,2.0,13796,34.489985973541835,7615,0.013307958211438377,0.9982603653232821,0.9959290873276428,0.3460449310464943,0.5970685547061774,0.059999975599086985
1024,D005_Pnative.final.raw,sample0.05_reference0.1,-46,-44,0.1,917,2.292499067681782,9863,0.017236558350547174,0.0,0.0,0.7927430144465888,1.882537516736119,2.292499067681782
1024,D005_Pnative.final.raw,sample0.05_reference0.1,-46,-44,0.2,917,2.292499067681782,9863,0.017236558350547174,0.0,0.0,0.7927430144465888,1.882537516736119,2.292499067681782
1024,D005_Pnative.final.raw,sample0.05_reference0.1,-46,-44,0.25,917,2.292499067681782,9863,0.017236558350547174,0.0,0.0001013890297069857,0.7927430144465888,1.882537516736119,2.292499067681782
1024,D005_Pnative.final.raw,sample0.05_reference0.1,-46,-44,0.5,917,2.292499067681782,9863,0.017236558350547174,0.04907306434023991,0.003447227010037514,0.7927430144465888,1.882537516736119,2.1799991134334937
1024,D005_Pnative.final.raw,sample0.05_reference0.1,-46,-44,1.0,917,2.292499067681782,9863,0.017236558350547174,0.910577971646674,0.1332251850349792,0.7927430144465888,1.882537516736119,0.20499991663021386
1024,D005_Pnative.final.raw,sample0.05_reference0.1,-46,-44,2.0,917,2.292499067681782,9863,0.017236558350547174,0.9563794983642312,0.48058400081111224,0.7927430144465888,1.882537516736119,0.09999995933181163
1024,D005_Pnative.final.raw,sample0.05_reference0.1,-44,-42,0.1,395636,989.0895977550157,131947,0.23059030362766378,0.2092959184705133,0.2109104413135577,0.3888500610761163,0.3258233878476202,782.0771819432491
1024,D005_Pnative.final.raw,sample0.05_reference0.1,-44,-42,0.2,395636,989.0895977550157,131947,0.23059030362766378,0.46023870426351493,0.4571305145247713,0.3888500610761163,0.3258233878476202,533.872282883726
1024,D005_Pnative.final.raw,sample0.05_reference0.1,-44,-42,0.25,395636,989.0895977550157,131947,0.23059030362766378,0.5370340413915822,0.5424147574404875,0.3888500610761163,0.3258233878476202,457.91481377426527
1024,D005_Pnative.final.raw,sample0.05_reference0.1,-44,-42,0.5,395636,989.0895977550157,131947,0.23059030362766378,0.7939292683173422,0.7942658794819132,0.3888500610761163,0.3258233878476202,203.82241710908178
1024,D005_Pnative.final.raw,sample0.05_reference0.1,-44,-42,1.0,395636,989.0895977550157,131947,0.23059030362766378,0.9256741044798754,0.9662061282181482,0.3888500610761163,0.3258233878476202,73.51497010278132
1024,D005_Pnative.final.raw,sample0.05_reference0.1,-44,-42,2.0,395636,989.0895977550157,131947,0.23059030362766378,0.984141989101093,0.9949828340166885,0.3888500610761163,0.3258233878476202,15.684993621194655
1024,D005_Pnative.final.raw,sample0.05_reference0.1,-42,-40,0.1,191354,478.3848054494871,19285,0.03370242601544177,0.09313105553058729,0.21716359865180193,0.9757753767675479,0.39054860645197825,433.8323235681817
1024,D005_Pnative.final.raw,sample0.05_reference0.1,-42,-40,0.2,191354,478.3848054494871,19285,0.03370242601544177,0.23211952715908735,0.4037334716100596,0.9757753767675479,0.39054860645197825,367.34235060846015
1024,D005_Pnative.final.raw,sample0.05_reference0.1,-42,-40,0.25,191354,478.3848054494871,19285,0.03370242601544177,0.299889210573074,0.48052890847809177,0.9757753767675479,0.39054860645197825,334.92236379308684
1024,D005_Pnative.final.raw,sample0.05_reference0.1,-42,-40,0.5,191354,478.3848054494871,19285,0.03370242601544177,0.5144287550822036,0.7071298936997666,0.9757753767675479,0.39054860645197825,232.28990553186526
1024,D005_Pnative.final.raw,sample0.05_reference0.1,-42,-40,1.0,191354,478.3848054494871,19285,0.03370242601544177,0.7171995359386268,0.9349235156857661,0.9757753767675479,0.39054860645197825,135.28744498102466
1024,D005_Pnative.final.raw,sample0.05_reference0.1,-42,-40,2.0,191354,478.3848054494871,19285,0.03370242601544177,0.8980580494789762,0.9941923774954627,0.9757753767675479,0.39054860645197825,48.76748016714124
1024,D005_Pnative.final.raw,sample0.05_reference0.1,-40,-38,0.1,98875,247.18739947332188,19431,0.03395757531273265,0.16063716814159293,0.2000411713241727,0.7249295501509543,0.4353528769866632,207.4799156216428
1024,D005_Pnative.final.raw,sample0.05_reference0.1,-40,-38,0.2,98875,247.18739947332188,19431,0.03395757531273265,0.40198230088495573,0.38634141320570226,0.7249295501509543,0.4353528769866632,147.82243988326726
1024,D005_Pnative.final.raw,sample0.05_reference0.1,-40,-38,0.25,98875,247.18739947332188,19431,0.03395757531273265,0.48653350189633376,0.4525243168133395,0.7249295501509543,0.4353528769866632,126.92244838291863
1024,D005_Pnative.final.raw,sample0.05_reference0.1,-40,-38,0.5,98875,247.18739947332188,19431,0.03395757531273265,0.6498609355246523,0.6553445525191703,0.7249295501509543,0.4353528769866632,86.54996480168298
1024,D005_Pnative.final.raw,sample0.05_reference0.1,-40,-38,1.0,98875,247.18739947332188,19431,0.03395757531273265,0.8706042983565108,0.908908445267871,0.7249295501509543,0.4353528769866632,31.984986992279953
1024,D005_Pnative.final.raw,sample0.05_reference0.1,-40,-38,2.0,98875,247.18739947332188,19431,0.03395757531273265,0.9384576485461441,0.9888837424733673,0.7249295501509543,0.4353528769866632,15.212493813351845
1024,D005_Pnative.final.raw,sample0.05_reference0.1,-38,-36,0.1,94352,235.8799040718773,20650,0.03608789718531878,0.18699126674580296,0.1891041162227603,0.5522645291350949,0.49368633873230294,191.77242200959847
1024,D005_Pnative.final.raw,sample0.05_reference0.1,-38,-36,0.2,94352,235.8799040718773,20650,0.03608789718531878,0.40320289977954893,0.3276997578692494,0.5522645291350949,0.49368633873230294,140.77244275037452
1024,D005_Pnative.final.raw,sample0.05_reference0.1,-38,-36,0.25,94352,235.8799040718773,20650,0.03608789718531878,0.4887548753603527,0.38498789346246975,0.5522645291350949,0.49368633873230294,120.59245095721495
1024,D005_Pnative.final.raw,sample0.05_reference0.1,-38,-36,0.5,94352,235.8799040718773,20650,0.03608789718531878,0.6777068848567068,0.5885230024213075,0.5522645291350949,0.49368633873230294,76.02246908302651
1024,D005_Pnative.final.raw,sample0.05_reference0.1,-38,-36,1.0,94352,235.8799040718773,20650,0.03608789718531878,0.8934733762930304,0.8707506053268765,0.5522645291350949,0.49368633873230294,25.12748978110097
1024,D005_Pnative.final.raw,sample0.05_reference0.1,-38,-36,2.0,94352,235.8799040718773,20650,0.03608789718531878,0.9518611158216042,0.9921065375302663,0.5522645291350949,0.49368633873230294,11.35499538212721
1024,D005_Pnative.final.raw,sample0.05_reference0.1,-36,-34,0.1,72804,182.00992597983037,18362,0.032089393129143995,0.15514257458381409,0.13446247685437315,0.6814881601915198,0.7837776488799236,153.77243746351004
1024,D005_Pnative.final.raw,sample0.05_reference0.1,-36,-34,0.2,72804,182.00992597983037,18362,0.032089393129143995,0.42885006318334157,0.2750789674327415,0.6814881601915198,0.7837776488799236,103.95495772338478
1024,D005_Pnative.final.raw,sample0.05_reference0.1,-36,-34,0.25,72804,182.00992597983037,18362,0.032089393129143995,0.5103291027965496,0.3223505064807755,0.6814881601915198,0.7837776488799236,89.12496375447712
1024,D005_Pnative.final.raw,sample0.05_reference0.1,-36,-34,0.5,72804,182.00992597983037,18362,0.032089393129143995,0.6598263831657601,0.5304433068293214,0.6814881601915198,0.7837776488799236,61.91497482029118
1024,D005_Pnative.final.raw,sample0.05_reference0.1,-36,-34,1.0,72804,182.00992597983037,18362,0.032089393129143995,0.8617658370419208,0.7483934211959482,0.6814881601915198,0.7837776488799236,25.159989767883808
1024,D005_Pnative.final.raw,sample0.05_reference0.1,-36,-34,2.0,72804,182.00992597983037,18362,0.032089393129143995,0.8928905005219493,0.9038775732491015,0.6814881601915198,0.7837776488799236,19.49499207173668
1024,D005_Pnative.final.raw,sample0.05_reference0.1,-34,-32,0.1,73399,183.49742537489107,21320,0.037258787796174156,0.03752094715186855,0.040103189493433396,0.5815200881827485,1.0467259763303807,176.61242817489583
1024,D005_Pnative.final.raw,sample0.05_reference0.1,-34,-32,0.2,73399,183.49742537489107,21320,0.037258787796174156,0.1712012425237401,0.1476547842401501,0.5815200881827485,1.0467259763303807,152.08243815080243
1024,D005_Pnative.final.raw,sample0.05_reference0.1,-34,-32,0.25,73399,183.49742537489107,21320,0.037258787796174156,0.3033420073842968,0.23011257035647278,0.5815200881827485,1.0467259763303807,127.83494801182141
1024,D005_Pnative.final.raw,sample0.05_reference0.1,-34,-32,0.5,73399,183.49742537489107,21320,0.037258787796174156,0.6603495960435428,0.5264540337711069,0.5815200881827485,1.0467259763303807,62.3249746535516
1024,D005_Pnative.final.raw,sample0.05_reference0.1,-34,-32,1.0,73399,183.49742537489107,21320,0.037258787796174156,0.8714151418956662,0.6840994371482176,0.5815200881827485,1.0467259763303807,23.594990404340955
1024,D005_Pnative.final.raw,sample0.05_reference0.1,-34,-32,2.0,73399,183.49742537489107,21320,0.037258787796174156,0.9423152903990517,0.7900562851782365,0.5815200881827485,1.0467259763303807,10.584995695272262
1024,D005_Pnative.final.raw,sample0.05_reference0.1,-32,-30,0.1,205406,513.5147911627525,105714,0.18474556721785906,0.07197452849478593,0.04096902964602607,0.5366691500904823,0.8398954821956254,476.55480619371497
1024,D005_Pnative.final.raw,sample0.05_reference0.1,-32,-30,0.2,205406,513.5147911627525,105714,0.18474556721785906,0.2570178086326592,0.12954764742607414,0.5366691500904823,0.8398954821956254,381.53234483764425
1024,D005_Pnative.final.raw,sample0.05_reference0.1,-32,-30,0.25,205406,513.5147911627525,105714,0.18474556721785906,0.3936885972172186,0.1977410749758783,0.5366691500904823,0.8398954821956254,311.3498733795955
1024,D005_Pnative.final.raw,sample0.05_reference0.1,-32,-30,0.5,205406,513.5147911627525,105714,0.18474556721785906,0.7204414671431214,0.4485876988856727,0.5366691500904823,0.8398954821956254,143.55744161776548
1024,D005_Pnative.final.raw,sample0.05_reference0.1,-32,-30,1.0,205406,513.5147911627525,105714,0.18474556721785906,0.8788253507687215,0.7577331290084568,0.5366691500904823,0.8398954821956254,62.22497469421979
1024,D005_Pnative.final.raw,sample0.05_reference0.1,-32,-30,2.0,205406,513.5147911627525,105714,0.18474556721785906,0.9359366328150103,0.9143727415479501,0.5366691500904823,0.8398954821956254,32.897486621182736
1024,D005_Pnative.final.raw,sample0.05_reference0.1,-30,-28,0.1,503086,1257.7144885100947,91135,0.15926733704523133,0.07251642860266436,0.10579908926318099,0.5179003490299972,0.5825956693993226,1166.5095256015159
1024,D005_Pnative.final.raw,sample0.05_reference0.1,-30,-28,0.2,503086,1257.7144885100947,91135,0.15926733704523133,0.19160342366911423,0.22327316618203763,0.5179003490299972,0.5825956693993226,1016.7320865133117
1024,D005_Pnative.final.raw,sample0.05_reference0.1,-30,-28,0.25,503086,1257.7144885100947,91135,0.15926733704523133,0.2616172980365186,0.2912382728918637,0.5179003490299972,0.5825956693993226,928.6746223247018
1024,D005_Pnative.final.raw,sample0.05_reference0.1,-30,-28,0.5,503086,1257.7144885100947,91135,0.15926733704523133,0.6064529722552406,0.6601854391836287,0.5179003490299972,0.5825956693993226,494.96979870466805
1024,D005_Pnative.final.raw,sample0.05_reference0.1,-30,-28,1.0,503086,1257.7144885100947,91135,0.15926733704523133,0.9050997245003837,0.92723980907445,0.5179003490299972,0.5825956693993226,119.35745145946707
1024,D005_Pnative.final.raw,sample0.05_reference0.1,-30,-28,2.0,503086,1257.7144885100947,91135,0.15926733704523133,0.9863900009143566,0.9495144565754101,0.5179003490299972,0.5825956693993226,17.117493038622857
1024,D005_Pnative.final.raw,sample0.05_reference0.1,-28,-26,0.1,493761,1234.4019979908662,111853,0.19547407088956228,0.15311051298097664,0.21556864813639331,0.5634043537130553,0.4353546298457043,1045.402074853742
1024,D005_Pnative.final.raw,sample0.05_reference0.1,-28,-26,0.2,493761,1234.4019979908662,111853,0.19547407088956228,0.29115908303815,0.3849337970371827,0.5634043537130553,0.4353546298457043,874.9946441553852
1024,D005_Pnative.final.raw,sample0.05_reference0.1,-28,-26,0.25,493761,1234.4019979908662,111853,0.19547407088956228,0.33702945352103547,0.44656826370325337,0.5634043537130553,0.4353546298457043,818.3721671827302
1024,D005_Pnative.final.raw,sample0.05_reference0.1,-28,-26,0.5,493761,1234.4019979908662,111853,0.19547407088956228,0.5118245466936433,0.6836830482865904,0.5634043537130553,0.4353546298457043,602.6047549314635
1024,D005_Pnative.final.raw,sample0.05_reference0.1,-28,-26,1.0,493761,1234.4019979908662,111853,0.19547407088956228,0.8251259212452988,0.917865412639804,0.5634043537130553,0.4353546298457043,215.86491221161518
1024,D005_Pnative.final.raw,sample0.05_reference0.1,-28,-26,2.0,493761,1234.4019979908662,111853,0.19547407088956228,0.9994389998400036,0.9835140765111352,0.5634043537130553,0.4353546298457043,0.6924997183727956
1024,D005_Pnative.final.raw,sample0.05_reference0.1,-26,-24,0.1,80127,200.31741853450177,8939,0.015621777866322739,0.03843897812223096,0.07842040496699855,1.541655473636959,0.9387540845243315,192.6174216659523
1024,D005_Pnative.final.raw,sample0.05_reference0.1,-26,-24,0.2,80127,200.31741853450177,8939,0.015621777866322739,0.09712082069714328,0.15203042845955925,1.541655473636959,0.9387540845243315,180.86242644649784
1024,D005_Pnative.final.raw,sample0.05_reference0.1,-26,-24,0.25,80127,200.31741853450177,8939,0.015621777866322739,0.13056772373856504,0.20852444345005033,1.541655473636959,0.9387540845243315,174.16242917126644
1024,D005_Pnative.final.raw,sample0.05_reference0.1,-26,-24,0.5,80127,200.31741853450177,8939,0.015621777866322739,0.25306076603392114,0.3966886676362009,1.541655473636959,0.9387540845243315,149.62493915022316
1024,D005_Pnative.final.raw,sample0.05_reference0.1,-26,-24,1.0,80127,200.31741853450177,8939,0.015621777866322739,0.3587554756823543,0.5660588432710594,1.541655473636959,0.9387540845243315,128.45244776069535
1024,D005_Pnative.final.raw,sample0.05_reference0.1,-26,-24,2.0,80127,200.31741853450177,8939,0.015621777866322739,0.6695246296504299,0.9069247119364582,1.541655473636959,0.9387540845243315,66.19997307765931
1024,D005_Pnative.final.raw,sample0.05_reference0.1,-24,-22,0.1,43737,109.34245553238614,2076,0.003628013295725026,0.0018748428104351008,0.01300578034682081,4.324939799738464,0.9131275377360124,109.13745561575593
1024,D005_Pnative.final.raw,sample0.05_reference0.1,-24,-22,0.2,43737,109.34245553238614,2076,0.003628013295725026,0.008025241786130736,0.04190751445086705,4.324939799738464,0.9131275377360124,108.4649558892495
1024,D005_Pnative.final.raw,sample0.05_reference0.1,-24,-22,0.25,43737,109.34245553238614,2076,0.003628013295725026,0.010677458444795025,0.0640655105973025,4.324939799738464,0.9131275377360124,108.17495600718723
1024,D005_Pnative.final.raw,sample0.05_reference0.1,-24,-22,0.5,43737,109.34245553238614,2076,0.003628013295725026,0.03232960651164918,0.20905587668593448,4.324939799738464,0.9131275377360124,105.8074569700066
1024,D005_Pnative.final.raw,sample0.05_reference0.1,-24,-22,1.0,43737,109.34245553238614,2076,0.003628013295725026,0.06822598715046757,0.6035645472061657,4.324939799738464,0.9131275377360124,101.88245856623298
1024,D005_Pnative.final.raw,sample0.05_reference0.1,-24,-22,2.0,43737,109.34245553238614,2076,0.003628013295725026,0.19848183460228183,0.9788053949903661,4.324939799738464,0.9131275377360124,87.63996435839972
1024,D005_Pnative.final.raw,sample0.05_reference0.1,-22,-20,0.1,1550,3.874998424107701,1994,0.0034847102657397408,0.0,0.0,2.587807876974951,1.5960702331084664,3.874998424107701
1024,D005_Pnative.final.raw,sample0.05_reference0.1,-22,-20,0.2,1550,3.874998424107701,1994,0.0034847102657397408,0.0,0.0005015045135406219,2.587807876974951,1.5960702331084664,3.874998424107701
1024,D005_Pnative.final.raw,sample0.05_reference0.1,-22,-20,0.25,1550,3.874998424107701,1994,0.0034847102657397408,0.0006451612903225806,0.0015045135406218655,2.587807876974951,1.5960702331084664,3.8724984251244057
1024,D005_Pnative.final.raw,sample0.05_reference0.1,-22,-20,0.5,1550,3.874998424107701,1994,0.0034847102657397408,0.008387096774193548,0.015045135406218655,2.587807876974951,1.5960702331084664,3.842498437324862
1024,D005_Pnative.final.raw,sample0.05_reference0.1,-22,-20,1.0,1550,3.874998424107701,1994,0.0034847102657397408,0.041935483870967745,0.1489468405215647,2.587807876974951,1.5960702331084664,3.712498490193507
1024,D005_Pnative.final.raw,sample0.05_reference0.1,-22,-20,2.0,1550,3.874998424107701,1994,0.0034847102657397408,0.4664516129032258,0.7422266800401204,2.587807876974951,1.5960702331084664,2.0674991591852057
1024,D005_Pnative.final.raw,sample0.05_reference0.1,-20,-18,0.1,7621,19.052492251693412,1238,0.002163526233192477,0.0,0.0,3.0432969712110927,1.7363437608678816,19.052492251693412
1024,D005_Pnative.final.raw,sample0.05_reference0.1,-20,-18,0.2,7621,19.052492251693412,1238,0.002163526233192477,0.0,0.0,3.0432969712110927,1.7363437608678816,19.052492251693412
1024,D005_Pnative.final.raw,sample0.05_reference0.1,-20,-18,0.25,7621,19.052492251693412,1238,0.002163526233192477,0.0,0.0,3.0432969712110927,1.7363437608678816,19.052492251693412
1024,D005_Pnative.final.raw,sample0.05_reference0.1,-20,-18,0.5,7621,19.052492251693412,1238,0.002163526233192477,0.0,0.008885298869143781,3.0432969712110927,1.7363437608678816,19.052492251693412
1024,D005_Pnative.final.raw,sample0.05_reference0.1,-20,-18,1.0,7621,19.052492251693412,1238,0.002163526233192477,0.0005248655032148012,0.12277867528271405,3.0432969712110927,1.7363437608678816,19.04249225576023
1024,D005_Pnative.final.raw,sample0.05_reference0.1,-20,-18,2.0,7621,19.052492251693412,1238,0.002163526233192477,0.14460044613567774,0.6429725363489499,3.0432969712110927,1.7363437608678816,16.297493372102
1024,D005_Pnative.final.raw,sample0.05_reference0.1,-18,-16,0.1,479,1.1974995129984443,177,0.0003093248330170181,0.0,0.0,4.220706455822159,2.1173668183849355,1.1974995129984443
1024,D005_Pnative.final.raw,sample0.05_reference0.1,-18,-16,0.2,479,1.1974995129984443,177,0.0003093248330170181,0.0,0.0,4.220706455822159,2.1173668183849355,1.1974995129984443
1024,D005_Pnative.final.raw,sample0.05_reference0.1,-18,-16,0.25,479,1.1974995129984443,177,0.0003093248330170181,0.0,0.0,4.220706455822159,2.1173668183849355,1.1974995129984443
1024,D005_Pnative.final.raw,sample0.05_reference0.1,-18,-16,0.5,479,1.1974995129984443,177,0.0003093248330170181,0.0,0.0,4.220706455822159,2.1173668183849355,1.1974995129984443
1024,D005_Pnative.final.raw,sample0.05_reference0.1,-18,-16,1.0,479,1.1974995129984443,177,0.0003093248330170181,0.0,0.0,4.220706455822159,2.1173668183849355,1.1974995129984443
1024,D005_Pnative.final.raw,sample0.05_reference0.1,-18,-16,2.0,479,1.1974995129984443,177,0.0003093248330170181,0.04384133611691023,0.5084745762711864,4.220706455822159,2.1173668183849355,1.1449995343492432
1024,D0005_Pnative.final.raw,sample0.05_reference0.1,-50,-48,0.1,0,0.0,615,0.0010747727248896393,,0.0,,5.371459793462986,0.0
1024,D0005_Pnative.final.raw,sample0.05_reference0.1,-50,-48,0.2,0,0.0,615,0.0010747727248896393,,0.0,,5.371459793462986,0.0
1024,D0005_Pnative.final.raw,sample0.05_reference0.1,-50,-48,0.25,0,0.0,615,0.0010747727248896393,,0.0,,5.371459793462986,0.0
1024,D0005_Pnative.final.raw,sample0.05_reference0.1,-50,-48,0.5,0,0.0,615,0.0010747727248896393,,0.0,,5.371459793462986,0.0
1024,D0005_Pnative.final.raw,sample0.05_reference0.1,-50,-48,1.0,0,0.0,615,0.0010747727248896393,,0.0,,5.371459793462986,0.0
1024,D0005_Pnative.final.raw,sample0.05_reference0.1,-50,-48,2.0,0,0.0,615,0.0010747727248896393,,0.0,,5.371459793462986,0.0
1024,D0005_Pnative.final.raw,sample0.05_reference0.1,-48,-46,0.1,0,0.0,7615,0.013307958211438377,,0.0,,4.113772212371025,0.0
1024,D0005_Pnative.final.raw,sample0.05_reference0.1,-48,-46,0.2,0,0.0,7615,0.013307958211438377,,0.0,,4.113772212371025,0.0
1024,D0005_Pnative.final.raw,sample0.05_reference0.1,-48,-46,0.25,0,0.0,7615,0.013307958211438377,,0.0,,4.113772212371025,0.0
1024,D0005_Pnative.final.raw,sample0.05_reference0.1,-48,-46,0.5,0,0.0,7615,0.013307958211438377,,0.0,,4.113772212371025,0.0
1024,D0005_Pnative.final.raw,sample0.05_reference0.1,-48,-46,1.0,0,0.0,7615,0.013307958211438377,,0.0,,4.113772212371025,0.0
1024,D0005_Pnative.final.raw,sample0.05_reference0.1,-48,-46,2.0,0,0.0,7615,0.013307958211438377,,0.0013131976362442547,,4.113772212371025,0.0
1024,D0005_Pnative.final.raw,sample0.05_reference0.1,-46,-44,0.1,3,0.0074999997253934365,9863,0.017236558350547174,0.3333333333333333,0.0001013890297069857,0.14611323338637247,2.3992198460792884,0.004999999816928957
1024,D0005_Pnative.final.raw,sample0.05_reference0.1,-46,-44,0.2,3,0.0074999997253934365,9863,0.017236558350547174,1.0,0.0006083341782419143,0.14611323338637247,2.3992198460792884,0.0
1024,D0005_Pnative.final.raw,sample0.05_reference0.1,-46,-44,0.25,3,0.0074999997253934365,9863,0.017236558350547174,1.0,0.0014194464158978,0.14611323338637247,2.3992198460792884,0.0
1024,D0005_Pnative.final.raw,sample0.05_reference0.1,-46,-44,0.5,3,0.0074999997253934365,9863,0.017236558350547174,1.0,0.005880563723005171,0.14611323338637247,2.3992198460792884,0.0
1024,D0005_Pnative.final.raw,sample0.05_reference0.1,-46,-44,1.0,3,0.0074999997253934365,9863,0.017236558350547174,1.0,0.02119030720876001,0.14611323338637247,2.3992198460792884,0.0
1024,D0005_Pnative.final.raw,sample0.05_reference0.1,-46,-44,2.0,3,0.0074999997253934365,9863,0.017236558350547174,1.0,0.170232180878029,0.14611323338637247,2.3992198460792884,0.0
1024,D0005_Pnative.final.raw,sample0.05_reference0.1,-44,-42,0.1,338921,847.3024689766896,131947,0.23059030362766378,0.023660381032748045,0.014596769915193222,0.7144562433357049,1.1073350815236902,827.2549697107129
1024,D0005_Pnative.final.raw,sample0.05_reference0.1,-44,-42,0.2,338921,847.3024689766896,131947,0.23059030362766378,0.06585015387066602,0.03374082017779866,0.7144562433357049,1.1073350815236902,791.5074710195794
1024,D0005_Pnative.final.raw,sample0.05_reference0.1,-44,-42,0.25,338921,847.3024689766896,131947,0.23059030362766378,0.09223978449255137,0.047784337650723395,0.7144562433357049,1.1073350815236902,769.1474718382731
1024,D0005_Pnative.final.raw,sample0.05_reference0.1,-44,-42,0.5,338921,847.3024689766896,131947,0.23059030362766378,0.3863378191377932,0.26929752097433063,0.7144562433357049,1.1073350815236902,519.9574809621677
1024,D0005_Pnative.final.raw,sample0.05_reference0.1,-44,-42,1.0,338921,847.3024689766896,131947,0.23059030362766378,0.7184712661652716,0.6603712096523604,0.7144562433357049,1.1073350815236902,238.5399912660467
1024,D0005_Pnative.final.raw,sample0.05_reference0.1,-44,-42,2.0,338921,847.3024689766896,131947,0.23059030362766378,1.0,0.7975853941355241,0.7144562433357049,1.1073350815236902,0.0
1024,D0005_Pnative.final.raw,sample0.05_reference0.1,-42,-40,0.1,208241,520.6024809385515,19285,0.03370242601544177,0.03366291940588069,0.09261083743842365,1.222312240227686,0.5362970425782604,503.07748158021553
1024,D0005_Pnative.final.raw,sample0.05_reference0.1,-42,-40,0.2,208241,520.6024809385515,19285,0.03370242601544177,0.10747163142704846,0.226497277676951,1.222312240227686,0.5362970425782604,464.65248298711646
1024,D0005_Pnative.final.raw,sample0.05_reference0.1,-42,-40,0.25,208241,520.6024809385515,19285,0.03370242601544177,0.14998967542414798,0.30210007778065856,1.222312240227686,0.5362970425782604,442.51748379757197
1024,D0005_Pnative.final.raw,sample0.05_reference0.1,-42,-40,0.5,208241,520.6024809385515,19285,0.03370242601544177,0.2954077247035886,0.5530723360124449,1.222312240227686,0.5362970425782604,366.81248656945064
1024,D0005_Pnative.final.raw,sample0.05_reference0.1,-42,-40,1.0,208241,520.6024809385515,19285,0.03370242601544177,0.48161505179095376,0.8925589836660617,1.222312240227686,0.5362970425782604,269.872490118832
1024,D0005_Pnative.final.raw,sample0.05_reference0.1,-42,-40,2.0,208241,520.6024809385515,19285,0.03370242601544177,0.7879140034863451,0.9897848068446979,1.222312240227686,0.5362970425782604,110.4124959573337
1024,D0005_Pnative.final.raw,sample0.05_reference0.1,-40,-38,0.1,80359,200.89749264429705,19431,0.03395757531273265,0.14909344317375775,0.15609078276980085,0.4699514499168909,0.4444282957870368,170.94499374098413
1024,D0005_Pnative.final.raw,sample0.05_reference0.1,-40,-38,0.2,80359,200.89749264429705,19431,0.03395757531273265,0.42806655135081323,0.3589624826308476,0.4699514499168909,0.4444282957870368,114.89999579302744
1024,D0005_Pnative.final.raw,sample0.05_reference0.1,-40,-38,0.25,80359,200.89749264429705,19431,0.03395757531273265,0.533617889719882,0.4382172816633215,0.4699514499168909,0.4444282957870368,93.69499656943174
1024,D0005_Pnative.final.raw,sample0.05_reference0.1,-40,-38,0.5,80359,200.89749264429705,19431,0.03395757531273265,0.6687863213827947,0.602079151870722,0.4699514499168909,0.4444282957870368,66.53999756369056
1024,D0005_Pnative.final.raw,sample0.05_reference0.1,-40,-38,1.0,80359,200.89749264429705,19431,0.03395757531273265,0.9036697818539304,0.9092172301991662,0.4699514499168909,0.4444282957870368,19.35249929142353
1024,D0005_Pnative.final.raw,sample0.05_reference0.1,-40,-38,2.0,80359,200.89749264429705,19431,0.03395757531273265,0.9747881382296942,0.9978899696361484,0.4699514499168909,0.4444282957870368,5.064999814549034
1024,D0005_Pnative.final.raw,sample0.05_reference0.1,-38,-36,0.1,57237,143.09249476078136,20650,0.03608789718531878,0.05154008770550518,0.04067796610169491,0.38047325596134085,0.8113205205942966,135.71749503081116
1024,D0005_Pnative.final.raw,sample0.05_reference0.1,-38,-36,0.2,57237,143.09249476078136,20650,0.03608789718531878,0.3207890001222985,0.19617433414043584,0.38047325596134085,0.8113205205942966,97.18999644146507
1024,D0005_Pnative.final.raw,sample0.05_reference0.1,-38,-36,0.25,57237,143.09249476078136,20650,0.03608789718531878,0.5505180215594807,0.30406779661016947,0.38047325596134085,0.8113205205942966,64.31749764506564
1024,D0005_Pnative.final.raw,sample0.05_reference0.1,-38,-36,0.5,57237,143.09249476078136,20650,0.03608789718531878,0.7460209305169733,0.47307506053268766,0.38047325596134085,0.8113205205942966,36.342498669348124
1024,D0005_Pnative.final.raw,sample0.05_reference0.1,-38,-36,1.0,57237,143.09249476078136,20650,0.03608789718531878,0.9528102451211629,0.6996125907990315,0.38047325596134085,0.8113205205942966,6.7524997527625565
1024,D0005_Pnative.final.raw,sample0.05_reference0.1,-38,-36,2.0,57237,143.09249476078136,20650,0.03608789718531878,0.9965406991980712,0.8922518159806295,0.38047325596134085,0.8113205205942966,0.4949999818759668
1024,D0005_Pnative.final.raw,sample0.05_reference0.1,-36,-34,0.1,79657,199.14249270855498,18362,0.032089393129143995,0.02593620146377594,0.033602004138982684,0.4874694204904206,0.7593062282202996,193.97749289766736
1024,D0005_Pnative.final.raw,sample0.05_reference0.1,-36,-34,0.2,79657,199.14249270855498,18362,0.032089393129143995,0.255985035841169,0.2410957412046618,0.4874694204904206,0.7593062282202996,148.1649945750558
1024,D0005_Pnative.final.raw,sample0.05_reference0.1,-36,-34,0.25,79657,199.14249270855498,18362,0.032089393129143995,0.45763711914834854,0.39146062520422614,0.4874694204904206,0.7593062282202996,108.00749604539088
1024,D0005_Pnative.final.raw,sample0.05_reference0.1,-36,-34,0.5,79657,199.14249270855498,18362,0.032089393129143995,0.6068769850735026,0.5664960243982137,0.4874694204904206,0.7593062282202996,78.28749713356515
1024,D0005_Pnative.final.raw,sample0.05_reference0.1,-36,-34,1.0,79657,199.14249270855498,18362,0.032089393129143995,0.8892250524122174,0.7328177758414116,0.4874694204904206,0.7593062282202996,22.05999919229056
1024,D0005_Pnative.final.raw,sample0.05_reference0.1,-36,-34,2.0,79657,199.14249270855498,18362,0.032089393129143995,0.993848625983906,0.8750136150746106,0.4874694204904206,0.7593062282202996,1.2249999551475945
1024,D0005_Pnative.final.raw,sample0.05_reference0.1,-34,-32,0.1,68546,171.36499372560615,21320,0.037258787796174156,0.0101391766113267,0.00952157598499062,0.4092900397768774,0.8622275342328046,169.62749378922334
1024,D0005_Pnative.final.raw,sample0.05_reference0.1,-34,-32,0.2,68546,171.36499372560615,21320,0.037258787796174156,0.1790038806057246,0.13194183864915573,0.4092900397768774,0.8622275342328046,140.689994848747
1024,D0005_Pnative.final.raw,sample0.05_reference0.1,-34,-32,0.25,68546,171.36499372560615,21320,0.037258787796174156,0.3382400140051936,0.22415572232645403,0.4092900397768774,0.8622275342328046,113.40249584785722
1024,D0005_Pnative.final.raw,sample0.05_reference0.1,-34,-32,0.5,68546,171.36499372560615,21320,0.037258787796174156,0.737081667785137,0.55046904315197,0.4092900397768774,0.8622275342328046,45.054998350346835
1024,D0005_Pnative.final.raw,sample0.05_reference0.1,-34,-32,1.0,68546,171.36499372560615,21320,0.037258787796174156,0.9764683570157267,0.6827392120075046,0.4092900397768774,0.8622275342328046,4.0324998523532045
1024,D0005_Pnative.final.raw,sample0.05_reference0.1,-34,-32,2.0,68546,171.36499372560615,21320,0.037258787796174156,0.9951273597292329,0.8666979362101314,0.4092900397768774,0.8622275342328046,0.8349999694271358
1024,D0005_Pnative.final.raw,sample0.05_reference0.1,-32,-30,0.1,124186,310.46498863256977,105714,0.18474556721785906,0.04203372360813618,0.01408517320317082,0.3779737516928182,0.95661169490978,297.4149891103852
1024,D0005_Pnative.final.raw,sample0.05_reference0.1,-32,-30,0.2,124186,310.46498863256977,105714,0.18474556721785906,0.24868342647319344,0.07895832150897705,0.3779737516928182,0.95661169490978,233.25749145946125
1024,D0005_Pnative.final.raw,sample0.05_reference0.1,-32,-30,0.25,124186,310.46498863256977,105714,0.18474556721785906,0.4141368592272881,0.13159089619161132,0.3779737516928182,0.95661169490978,181.8899933402416
1024,D0005_Pnative.final.raw,sample0.05_reference0.1,-32,-30,0.5,124186,310.46498863256977,105714,0.18474556721785906,0.8463031259562269,0.3125886826721153,0.3779737516928182,0.95661169490978,47.7174982528615
1024,D0005_Pnative.final.raw,sample0.05_reference0.1,-32,-30,1.0,124186,310.46498863256977,105714,0.18474556721785906,0.961010097756591,0.5954178254535824,0.3779737516928182,0.95661169490978,12.104999556785005
1024,D0005_Pnative.final.raw,sample0.05_reference0.1,-32,-30,2.0,124186,310.46498863256977,105714,0.18474556721785906,0.9905625432818514,0.9128592239438486,0.3779737516928182,0.95661169490978,2.929999892720369
1024,D0005_Pnative.final.raw,sample0.05_reference0.1,-30,-28,0.1,369134,922.8349662111269,91135,0.15926733704523133,0.06393342255116029,0.07066439896856312,0.41553259727986835,0.5755418319405313,863.8349683713652
1024,D0005_Pnative.final.raw,sample0.05_reference0.1,-30,-28,0.2,369134,922.8349662111269,91135,0.15926733704523133,0.18899911685187493,0.15637241454984363,0.41553259727986835,0.5755418319405313,748.419972597194
1024,D0005_Pnative.final.raw,sample0.05_reference0.1,-30,-28,0.25,369134,922.8349662111269,91135,0.15926733704523133,0.28252341967957434,0.23008723322543478,0.41553259727986835,0.5755418319405313,662.1124757572749
1024,D0005_Pnative.final.raw,sample0.05_reference0.1,-30,-28,0.5,369134,922.8349662111269,91135,0.15926733704523133,0.6545482128441162,0.5604432984034674,0.41553259727986835,0.5755418319405313,318.7949883275734
1024,D0005_Pnative.final.raw,sample0.05_reference0.1,-30,-28,1.0,369134,922.8349662111269,91135,0.15926733704523133,0.9883754950776683,0.9196027870741208,0.41553259727986835,0.5755418319405313,10.727499607221079
1024,D0005_Pnative.final.raw,sample0.05_reference0.1,-30,-28,2.0,369134,922.8349662111269,91135,0.15926733704523133,0.9991818689148114,0.9579524880671532,0.41553259727986835,0.5755418319405313,0.7549999723562726
1024,D0005_Pnative.final.raw,sample0.05_reference0.1,-28,-26,0.1,464929,1162.3224574424817,111853,0.19547407088956228,0.13296653897691907,0.1664416689762456,0.3764504873267462,0.36087659407327555,1007.7724631012076
1024,D0005_Pnative.final.raw,sample0.05_reference0.1,-28,-26,0.2,464929,1162.3224574424817,111853,0.19547407088956228,0.3000716238393389,0.34377263014849846,0.3764504873267462,0.36087659407327555,813.5424702127852
1024,D0005_Pnative.final.raw,sample0.05_reference0.1,-28,-26,0.25,464929,1162.3224574424817,111853,0.19547407088956228,0.39572924037863844,0.4549542703369601,0.3764504873267462,0.36087659407327555,702.357474283736
1024,D0005_Pnative.final.raw,sample0.05_reference0.1,-28,-26,0.5,464929,1162.3224574424817,111853,0.19547407088956228,0.7030750931862715,0.8281136849257508,0.3764504873267462,0.36087659407327555,345.12248736361283
1024,D0005_Pnative.final.raw,sample0.05_reference0.1,-28,-26,1.0,464929,1162.3224574424817,111853,0.19547407088956228,0.9853956195462102,0.9605017299491296,0.3764504873267462,0.36087659407327555,16.97499937847381
1024,D0005_Pnative.final.raw,sample0.05_reference0.1,-28,-26,2.0,464929,1162.3224574424817,111853,0.19547407088956228,1.0,0.9813684031720205,0.3764504873267462,0.36087659407327555,0.0
1024,D0005_Pnative.final.raw,sample0.05_reference0.1,-26,-24,0.1,28070,70.17499743059791,8939,0.015621777866322739,0.11172069825436409,0.0944177201029198,0.9127966258526284,1.2363266208377173,62.33499771765331
1024,D0005_Pnative.final.raw,sample0.05_reference0.1,-26,-24,0.2,28070,70.17499743059791,8939,0.015621777866322739,0.2893836836480228,0.19308647499720327,0.9127966258526284,1.2363266208377173,49.867498174140955
1024,D0005_Pnative.final.raw,sample0.05_reference0.1,-26,-24,0.25,28070,70.17499743059791,8939,0.015621777866322739,0.37755610972568576,0.2503635753439982,0.9127966258526284,1.2363266208377173,43.679998400691375
1024,D0005_Pnative.final.raw,sample0.05_reference0.1,-26,-24,0.5,28070,70.17499743059791,8939,0.015621777866322739,0.7381189882436765,0.4507215572211657,0.9127966258526284,1.2363266208377173,18.377499327122383
1024,D0005_Pnative.final.raw,sample0.05_reference0.1,-26,-24,1.0,28070,70.17499743059791,8939,0.015621777866322739,0.8162451015318846,0.5139277324085468,0.9127966258526284,1.2363266208377173,12.894999527859781
1024,D0005_Pnative.final.raw,sample0.05_reference0.1,-26,-24,2.0,28070,70.17499743059791,8939,0.015621777866322739,0.8485571784823656,0.690233806913525,0.9127966258526284,1.2363266208377173,10.627499610882499
1024,D0005_Pnative.final.raw,sample0.05_reference0.1,-24,-22,0.1,26845,67.11249754272893,2076,0.003628013295725026,0.006742410132240641,0.014450867052023121,4.658915010913848,1.448175549802273,66.65999755929685
1024,D0005_Pnative.final.raw,sample0.05_reference0.1,-24,-22,0.2,26845,67.11249754272893,2076,0.003628013295725026,0.02510709629353697,0.028901734104046242,4.658915010913848,1.448175549802273,65.42749760442388
1024,D0005_Pnative.final.raw,sample0.05_reference0.1,-24,-22,0.25,26845,67.11249754272893,2076,0.003628013295725026,0.033339541814118086,0.03227360308285164,4.658915010913848,1.448175549802273,64.87499762465322
1024,D0005_Pnative.final.raw,sample0.05_reference0.1,-24,-22,0.5,26845,67.11249754272893,2076,0.003628013295725026,0.07379400260756193,0.09730250481695568,4.658915010913848,1.448175549802273,62.1599977240608
1024,D0005_Pnative.final.raw,sample0.05_reference0.1,-24,-22,1.0,26845,67.11249754272893,2076,0.003628013295725026,0.08791208791208792,0.29335260115606937,4.658915010913848,1.448175549802273,61.21249775875276
1024,D0005_Pnative.final.raw,sample0.05_reference0.1,-24,-22,2.0,26845,67.11249754272893,2076,0.003628013295725026,0.10128515552244366,0.8241811175337187,4.658915010913848,1.448175549802273,60.31499779161401
1024,D0005_Pnative.final.raw,sample0.05_reference0.1,-22,-20,0.1,3291,8.2274996987566,1994,0.0034847102657397408,0.0,0.0,5.907865586719947,2.1317494392036314,8.2274996987566
1024,D0005_Pnative.final.raw,sample0.05_reference0.1,-22,-20,0.2,3291,8.2274996987566,1994,0.0034847102657397408,0.0,0.0,5.907865586719947,2.1317494392036314,8.2274996987566
1024,D0005_Pnative.final.raw,sample0.05_reference0.1,-22,-20,0.25,3291,8.2274996987566,1994,0.0034847102657397408,0.0,0.0,5.907865586719947,2.1317494392036314,8.2274996987566
1024,D0005_Pnative.final.raw,sample0.05_reference0.1,-22,-20,0.5,3291,8.2274996987566,1994,0.0034847102657397408,0.0,0.0015045135406218655,5.907865586719947,2.1317494392036314,8.2274996987566
1024,D0005_Pnative.final.raw,sample0.05_reference0.1,-22,-20,1.0,3291,8.2274996987566,1994,0.0034847102657397408,0.0,0.03610832497492478,5.907865586719947,2.1317494392036314,8.2274996987566
1024,D0005_Pnative.final.raw,sample0.05_reference0.1,-22,-20,2.0,3291,8.2274996987566,1994,0.0034847102657397408,0.0,0.3650952858575727,5.907865586719947,2.1317494392036314,8.2274996987566
1024,D0005_Pnative.final.raw,sample0.05_reference0.1,-20,-18,0.1,3,0.0074999997253934365,1238,0.002163526233192477,0.0,0.0,3.590543961003798,3.4542055746272617,0.0074999997253934365
1024,D0005_Pnative.final.raw,sample0.05_reference0.1,-20,-18,0.2,3,0.0074999997253934365,1238,0.002163526233192477,0.0,0.0,3.590543961003798,3.4542055746272617,0.0074999997253934365
1024,D0005_Pnative.final.raw,sample0.05_reference0.1,-20,-18,0.25,3,0.0074999997253934365,1238,0.002163526233192477,0.0,0.0,3.590543961003798,3.4542055746272617,0.0074999997253934365
1024,D0005_Pnative.final.raw,sample0.05_reference0.1,-20,-18,0.5,3,0.0074999997253934365,1238,0.002163526233192477,0.0,0.0,3.590543961003798,3.4542055746272617,0.0074999997253934365
1024,D0005_Pnative.final.raw,sample0.05_reference0.1,-20,-18,1.0,3,0.0074999997253934365,1238,0.002163526233192477,0.0,0.0,3.590543961003798,3.4542055746272617,0.0074999997253934365
1024,D0005_Pnative.final.raw,sample0.05_reference0.1,-20,-18,2.0,3,0.0074999997253934365,1238,0.002163526233192477,0.0,0.0,3.590543961003798,3.4542055746272617,0.0074999997253934365
1024,D0005_Pnative.final.raw,sample0.05_reference0.1,-18,-16,0.1,0,0.0,177,0.0003093248330170181,,0.0,,4.474411802776789,0.0
1024,D0005_Pnative.final.raw,sample0.05_reference0.1,-18,-16,0.2,0,0.0,177,0.0003093248330170181,,0.0,,4.474411802776789,0.0
1024,D0005_Pnative.final.raw,sample0.05_reference0.1,-18,-16,0.25,0,0.0,177,0.0003093248330170181,,0.0,,4.474411802776789,0.0
1024,D0005_Pnative.final.raw,sample0.05_reference0.1,-18,-16,0.5,0,0.0,177,0.0003093248330170181,,0.0,,4.474411802776789,0.0
1024,D0005_Pnative.final.raw,sample0.05_reference0.1,-18,-16,1.0,0,0.0,177,0.0003093248330170181,,0.0,,4.474411802776789,0.0
1024,D0005_Pnative.final.raw,sample0.05_reference0.1,-18,-16,2.0,0,0.0,177,0.0003093248330170181,,0.0,,4.474411802776789,0.0
1024,D005_Pnative.final.raw,sample0.2_reference0.1,-50,-48,0.1,88,3.5199846630145353,615,0.0010747727248896393,0.14772727272727273,0.13333333333333333,0.3211562889549559,0.3721627422793943,2.99998692870557
1024,D005_Pnative.final.raw,sample0.2_reference0.1,-50,-48,0.2,88,3.5199846630145353,615,0.0010747727248896393,0.2840909090909091,0.2959349593495935,0.3211562889549559,0.3721627422793943,2.519989020112679
1024,D005_Pnative.final.raw,sample0.2_reference0.1,-50,-48,0.25,88,3.5199846630145353,615,0.0010747727248896393,0.4090909090909091,0.37073170731707317,0.3211562889549559,0.3721627422793943,2.079990937235862
1024,D005_Pnative.final.raw,sample0.2_reference0.1,-50,-48,0.5,88,3.5199846630145353,615,0.0010747727248896393,0.7840909090909091,0.7577235772357723,0.3211562889549559,0.3721627422793943,0.759996688605411
1024,D005_Pnative.final.raw,sample0.2_reference0.1,-50,-48,1.0,88,3.5199846630145353,615,0.0010747727248896393,1.0,0.9577235772357724,0.3211562889549559,0.3721627422793943,0.0
1024,D005_Pnative.final.raw,sample0.2_reference0.1,-50,-48,2.0,88,3.5199846630145353,615,0.0010747727248896393,1.0,1.0,0.3211562889549559,0.3721627422793943,0.0
1024,D005_Pnative.final.raw,sample0.2_reference0.1,-48,-46,0.1,914,36.559840704491876,7615,0.013307958211438377,0.1323851203501094,0.08089297439264609,0.3570811023834348,0.5970685547061774,31.719861792846892
1024,D005_Pnative.final.raw,sample0.2_reference0.1,-48,-46,0.2,914,36.559840704491876,7615,0.013307958211438377,0.35667396061269147,0.199080761654629,0.3570811023834348,0.5970685547061774,23.519897521051668
1024,D005_Pnative.final.raw,sample0.2_reference0.1,-48,-46,0.25,914,36.559840704491876,7615,0.013307958211438377,0.4814004376367615,0.2701247537754432,0.3570811023834348,0.5970685547061774,18.9599173894192
1024,D005_Pnative.final.raw,sample0.2_reference0.1,-48,-46,0.5,914,36.559840704491876,7615,0.013307958211438377,0.8282275711159738,0.5300065659881812,0.3570811023834348,0.5970685547061774,6.2799726374236595
1024,D005_Pnative.final.raw,sample0.2_reference0.1,-48,-46,1.0,914,36.559840704491876,7615,0.013307958211438377,0.9387308533916849,0.7986868023637558,0.3570811023834348,0.5970685547061774,2.239990240100159
1024,D005_Pnative.final.raw,sample0.2_reference0.1,-48,-46,2.0,914,36.559840704491876,7615,0.013307958211438377,0.9956236323851203,0.9959290873276428,0.3570811023834348,0.5970685547061774,0.15999930286429706
1024,D005_Pnative.final.raw,sample0.2_reference0.1,-46,-44,0.1,57,2.279990065816233,9863,0.017236558350547174,0.0,0.0,0.8023802226554445,1.882537516736119,2.279990065816233
1024,D005_Pnative.final.raw,sample0.2_reference0.1,-46,-44,0.2,57,2.279990065816233,9863,0.017236558350547174,0.0,0.0,0.8023802226554445,1.882537516736119,2.279990065816233
1024,D005_Pnative.final.raw,sample0.2_reference0.1,-46,-44,0.25,57,2.279990065816233,9863,0.017236558350547174,0.0,0.0001013890297069857,0.8023802226554445,1.882537516736119,2.279990065816233
1024,D005_Pnative.final.raw,sample0.2_reference0.1,-46,-44,0.5,57,2.279990065816233,9863,0.017236558350547174,0.05263157894736842,0.003447227010037514,0.8023802226554445,1.882537516736119,2.1599905886680104
1024,D005_Pnative.final.raw,sample0.2_reference0.1,-46,-44,1.0,57,2.279990065816233,9863,0.017236558350547174,0.8947368421052632,0.1332251850349792,0.8023802226554445,1.882537516736119,0.23999895429644558
1024,D005_Pnative.final.raw,sample0.2_reference0.1,-46,-44,2.0,57,2.279990065816233,9863,0.017236558350547174,0.9649122807017544,0.48058400081111224,0.8023802226554445,1.882537516736119,0.07999965143214853
1024,D005_Pnative.final.raw,sample0.2_reference0.1,-44,-42,0.1,24727,989.0756904813684,131947,0.23059030362766378,0.20867877219234035,0.2109104413135577,0.38711064930584244,0.3258233878476202,782.6765897864251
1024,D005_Pnative.final.raw,sample0.2_reference0.1,-44,-42,0.2,24727,989.0756904813684,131947,0.23059030362766378,0.4588506490880414,0.4571305145247713,0.38711064930584244,0.3258233878476202,535.2376679067897
1024,D005_Pnative.final.raw,sample0.2_reference0.1,-44,-42,0.25,24727,989.0756904813684,131947,0.23059030362766378,0.536741214057508,0.5424147574404875,0.38711064930584244,0.3258233878476202,458.1980035776307
1024,D005_Pnative.final.raw,sample0.2_reference0.1,-44,-42,0.5,24727,989.0756904813684,131947,0.23059030362766378,0.7950822987018239,0.7942658794819132,0.38711064930584244,0.3258233878476202,202.6791169033483
1024,D005_Pnative.final.raw,sample0.2_reference0.1,-44,-42,1.0,24727,989.0756904813684,131947,0.23059030362766378,0.9260322724147693,0.9662061282181482,0.38711064930584244,0.3258233878476202,73.15968123469983
1024,D005_Pnative.final.raw,sample0.2_reference0.1,-44,-42,2.0,24727,989.0756904813684,131947,0.23059030362766378,0.984551300198164,0.9949828340166885,0.38711064930584244,0.3258233878476202,15.279933423540369
1024,D005_Pnative.final.raw,sample0.2_reference0.1,-42,-40,0.1,11872,474.8779309012337,19285,0.03370242601544177,0.09492924528301887,0.21716359865180193,0.9839662991014405,0.39054860645197825,429.798127319218
1024,D005_Pnative.final.raw,sample0.2_reference0.1,-42,-40,0.2,11872,474.8779309012337,19285,0.03370242601544177,0.2336590296495957,0.4037334716100596,0.9839662991014405,0.39054860645197825,363.91841436484367
1024,D005_Pnative.final.raw,sample0.2_reference0.1,-42,-40,0.25,11872,474.8779309012337,19285,0.03370242601544177,0.2983490566037736,0.48052890847809177,0.9839662991014405,0.39054860645197825,333.1985482148986
1024,D005_Pnative.final.raw,sample0.2_reference0.1,-42,-40,0.5,11872,474.8779309012337,19285,0.03370242601544177,0.5146563342318059,0.7071298936997666,0.9839662991014405,0.39054860645197825,230.47899577601993
1024,D005_Pnative.final.raw,sample0.2_reference0.1,-42,-40,1.0,11872,474.8779309012337,19285,0.03370242601544177,0.7196765498652291,0.9349235156857661,0.9839662991014405,0.39054860645197825,133.11941998309516
1024,D005_Pnative.final.raw,sample0.2_reference0.1,-42,-40,2.0,11872,474.8779309012337,19285,0.03370242601544177,0.8969845013477089,0.9941923774954627,0.9839662991014405,0.39054860645197825,48.919786850758825
1024,D005_Pnative.final.raw,sample0.2_reference0.1,-40,-38,0.1,6242,249.67891211973557,19431,0.03395757531273265,0.1619673181672541,0.2000411713241727,0.7221086388605197,0.4353528769866632,209.23908832078448
1024,D005_Pnative.final.raw,sample0.2_reference0.1,-40,-38,0.2,6242,249.67891211973557,19431,0.03395757531273265,0.39666773470041655,0.38634141320570226,0.7221086388605197,0.4353528769866632,150.63934364673568
1024,D005_Pnative.final.raw,sample0.2_reference0.1,-40,-38,0.25,6242,249.67891211973557,19431,0.03395757531273265,0.4857417494392823,0.4525243168133395,0.7221086388605197,0.4353528769866632,128.3994405485984
1024,D005_Pnative.final.raw,sample0.2_reference0.1,-40,-38,0.5,6242,249.67891211973557,19431,0.03395757531273265,0.656039730855495,0.6553445525191703,0.7221086388605197,0.4353528769866632,85.87962581241145
1024,D005_Pnative.final.raw,sample0.2_reference0.1,-40,-38,1.0,6242,249.67891211973557,19431,0.03395757531273265,0.8723165652034605,0.908908445267871,0.7221086388605197,0.4353528769866632,31.87986109571119
1024,D005_Pnative.final.raw,sample0.2_reference0.1,-40,-38,2.0,6242,249.67891211973557,19431,0.03395757531273265,0.9412047420698494,0.9888837424733673,0.7221086388605197,0.4353528769866632,14.679936037799255
1024,D005_Pnative.final.raw,sample0.2_reference0.1,-38,-36,0.1,5930,237.1989664963204,20650,0.03608789718531878,0.1821247892074199,0.1891041162227603,0.5359179902035072,0.49368633873230294,193.99915472296018
1024,D005_Pnative.final.raw,sample0.2_reference0.1,-38,-36,0.2,5930,237.1989664963204,20650,0.03608789718531878,0.4082630691399663,0.3276997578692494,0.5359179902035072,0.49368633873230294,140.3593884377046
1024,D005_Pnative.final.raw,sample0.2_reference0.1,-38,-36,0.25,5930,237.1989664963204,20650,0.03608789718531878,0.49258010118043843,0.38498789346246975,0.5359179902035072,0.49368633873230294,120.35947557966746
1024,D005_Pnative.final.raw,sample0.2_reference0.1,-38,-36,0.5,5930,237.1989664963204,20650,0.03608789718531878,0.6856661045531197,0.5885230024213075,0.5359179902035072,0.49368633873230294,74.55967513476243
1024,D005_Pnative.final.raw,sample0.2_reference0.1,-38,-36,1.0,5930,237.1989664963204,20650,0.03608789718531878,0.8981450252951096,0.8707506053268765,0.5359179902035072,0.49368633873230294,24.159894732508857
1024,D005_Pnative.final.raw,sample0.2_reference0.1,-38,-36,2.0,5930,237.1989664963204,20650,0.03608789718531878,0.9537942664418212,0.9921065375302663,0.5359179902035072,0.49368633873230294,10.959952246204349
1024,D005_Pnative.final.raw,sample0.2_reference0.1,-36,-34,0.1,4503,180.11921519948243,18362,0.032089393129143995,0.15300910504108373,0.13446247685437315,0.6976428368401426,0.7837776488799236,152.55933528110725
1024,D005_Pnative.final.raw,sample0.2_reference0.1,-36,-34,0.2,4503,180.11921519948243,18362,0.032089393129143995,0.4337108594270486,0.2750789674327415,0.6976428368401426,0.7837776488799236,101.99955557598938
1024,D005_Pnative.final.raw,sample0.2_reference0.1,-36,-34,0.25,4503,180.11921519948243,18362,0.032089393129143995,0.5109926715522984,0.3223505064807755,0.6976428368401426,0.7837776488799236,88.07961622679554
1024,D005_Pnative.final.raw,sample0.2_reference0.1,-36,-34,0.5,4503,180.11921519948243,18362,0.032089393129143995,0.6582278481012658,0.5304433068293214,0.6976428368401426,0.7837776488799236,61.559731777038294
1024,D005_Pnative.final.raw,sample0.2_reference0.1,-36,-34,1.0,4503,180.11921519948243,18362,0.032089393129143995,0.8587608261159227,0.7483934211959482,0.6976428368401426,0.7837776488799236,25.439889155423234
1024,D005_Pnative.final.raw,sample0.2_reference0.1,-36,-34,2.0,4503,180.11921519948243,18362,0.032089393129143995,0.8876304685765045,0.9038775732491015,0.6976428368401426,0.7837776488799236,20.239911812333578
1024,D005_Pnative.final.raw,sample0.2_reference0.1,-34,-32,0.1,4558,182.3192056138665,21320,0.037258787796174156,0.036858271171566474,0.040103189493433396,0.5833045492868915,1.0467259763303807,175.59923489356603
1024,D005_Pnative.final.raw,sample0.2_reference0.1,-34,-32,0.2,4558,182.3192056138665,21320,0.037258787796174156,0.17134708205353225,0.1476547842401501,0.5833045492868915,1.0467259763303807,151.0793417296125
1024,D005_Pnative.final.raw,sample0.2_reference0.1,-34,-32,0.25,4558,182.3192056138665,21320,0.037258787796174156,0.299034664326459,0.23011257035647278,0.5833045492868915,1.0467259763303807,127.79944316285727
1024,D005_Pnative.final.raw,sample0.2_reference0.1,-34,-32,0.5,4558,182.3192056138665,21320,0.037258787796174156,0.6581834137779728,0.5264540337711069,0.5833045492868915,1.0467259763303807,62.319728465643706
1024,D005_Pnative.final.raw,sample0.2_reference0.1,-34,-32,1.0,4558,182.3192056138665,21320,0.037258787796174156,0.8731899956121105,0.6840994371482176,0.5833045492868915,1.0467259763303807,23.119899263890925
1024,D005_Pnative.final.raw,sample0.2_reference0.1,-34,-32,2.0,4558,182.3192056138665,21320,0.037258787796174156,0.9429574374725757,0.7900562851782365,0.5833045492868915,1.0467259763303807,10.399954686179308
1024,D005_Pnative.final.raw,sample0.2_reference0.1,-32,-30,0.1,12760,510.3977761371076,105714,0.18474556721785906,0.07374608150470219,0.04096902964602607,0.5340388076512669,0.8398954821956254,472.75794013828175
1024,D005_Pnative.final.raw,sample0.2_reference0.1,-32,-30,0.2,12760,510.3977761371076,105714,0.18474556721785906,0.26050156739811914,0.12954764742607414,0.5340388076512669,0.8398954821956254,377.43835545687676
1024,D005_Pnative.final.raw,sample0.2_reference0.1,-32,-30,0.25,12760,510.3977761371076,105714,0.18474556721785906,0.3968652037617555,0.1977410749758783,0.5340388076512669,0.8398954821956254,307.83865871090757
1024,D005_Pnative.final.raw,sample0.2_reference0.1,-32,-30,0.5,12760,510.3977761371076,105714,0.18474556721785906,0.7256269592476489,0.4485876988856727,0.5340388076512669,0.8398954821956254,140.039389831976
1024,D005_Pnative.final.raw,sample0.2_reference0.1,-32,-30,1.0,12760,510.3977761371076,105714,0.18474556721785906,0.8790752351097179,0.7577331290084568,0.5340388076512669,0.8398954821956254,61.719731079902594
1024,D005_Pnative.final.raw,sample0.2_reference0.1,-32,-30,2.0,12760,510.3977761371076,105714,0.18474556721785906,0.9344043887147335,0.9143727415479501,0.5340388076512669,0.8398954821956254,33.47985412435416
1024,D005_Pnative.final.raw,sample0.2_reference0.1,-30,-28,0.1,31312,1252.4745428217175,91135,0.15926733704523133,0.07192130812468063,0.10579908926318099,0.5172358637043464,0.5825956693993226,1162.3949353091182
1024,D005_Pnative.final.raw,sample0.2_reference0.1,-30,-28,0.2,31312,1252.4745428217175,91135,0.15926733704523133,0.19114077669902912,0.22327316618203763,0.5172358637043464,0.5825956693993226,1013.0755859110129
1024,D005_Pnative.final.raw,sample0.2_reference0.1,-30,-28,0.25,31312,1252.4745428217175,91135,0.15926733704523133,0.2589422585590189,0.2912382728918637,0.5172358637043464,0.5825956693993226,928.1559559157872
1024,D005_Pnative.final.raw,sample0.2_reference0.1,-30,-28,0.5,31312,1252.4745428217175,91135,0.15926733704523133,0.6093191108840061,0.6601854391836287,0.5172358637043464,0.5825956693993226,489.3178679847365
1024,D005_Pnative.final.raw,sample0.2_reference0.1,-30,-28,1.0,31312,1252.4745428217175,91135,0.15926733704523133,0.9055633622892182,0.92723980907445,0.5172358637043464,0.5825956693993226,118.2794846424316
1024,D005_Pnative.final.raw,sample0.2_reference0.1,-30,-28,2.0,31312,1252.4745428217175,91135,0.15926733704523133,0.9859159427695452,0.9495144565754101,0.5172358637043464,0.5825956693993226,17.639923140788753
1024,D005_Pnative.final.raw,sample0.2_reference0.1,-28,-26,0.1,31074,1242.9545843012918,111853,0.19547407088956228,0.15398725622707085,0.21556864813639331,0.5580850503292675,0.4353546298457043,1051.5554182498763
1024,D005_Pnative.final.raw,sample0.2_reference0.1,-28,-26,0.2,31074,1242.9545843012918,111853,0.19547407088956228,0.2948123833429877,0.3849337970371827,0.5580850503292675,0.4353546298457043,876.5161809163353
1024,D005_Pnative.final.raw,sample0.2_reference0.1,-28,-26,0.25,31074,1242.9545843012918,111853,0.19547407088956228,0.3422153568900045,0.44656826370325337,0.5580850503292675,0.4353546298457043,817.596437636558
1024,D005_Pnative.final.raw,sample0.2_reference0.1,-28,-26,0.5,31074,1242.9545843012918,111853,0.19547407088956228,0.5182467657849006,0.6836830482865904,0.5580850503292675,0.4353546298457043,598.7973909696317
1024,D005_Pnative.final.raw,sample0.2_reference0.1,-28,-26,1.0,31074,1242.9545843012918,111853,0.19547407088956228,0.8268005406449122,0.917865412639804,0.5580850503292675,0.4353546298457043,215.2790620039117
1024,D005_Pnative.final.raw,sample0.2_reference0.1,-28,-26,2.0,31074,1242.9545843012918,111853,0.19547407088956228,0.9995172813284418,0.9835140765111352,0.5580850503292675,0.4353546298457043,0.5999973857411139
1024,D005_Pnative.final.raw,sample0.2_reference0.1,-26,-24,0.1,5006,200.23912753466777,8939,0.015621777866322739,0.034758290051937674,0.07842040496699855,1.5266362187173923,0.9387540845243315,193.27915786007085
1024,D005_Pnative.final.raw,sample0.2_reference0.1,-26,-24,0.2,5006,200.23912753466777,8939,0.015621777866322739,0.0982820615261686,0.15203042845955925,1.5266362187173923,0.9387540845243315,180.55921328235922
1024,D005_Pnative.final.raw,sample0.2_reference0.1,-26,-24,0.25,5006,200.23912753466777,8939,0.015621777866322739,0.12764682381142628,0.20852444345005033,1.5266362187173923,0.9387540845243315,174.67923890209633
1024,D005_Pnative.final.raw,sample0.2_reference0.1,-26,-24,0.5,5006,200.23912753466777,8939,0.015621777866322739,0.2544946064722333,0.3966886676362009,1.5266362187173923,0.9387540845243315,149.27934957238915
1024,D005_Pnative.final.raw,sample0.2_reference0.1,-26,-24,1.0,5006,200.23912753466777,8939,0.015621777866322739,0.36715940870954855,0.5660588432710594,1.5266362187173923,0.9387540845243315,126.71944786852328
1024,D005_Pnative.final.raw,sample0.2_reference0.1,-26,-24,2.0,5006,200.23912753466777,8939,0.015621777866322739,0.6701957650819017,0.9069247119364582,1.5266362187173923,0.9387540845243315,66.0397122572386
1024,D005_Pnative.final.raw,sample0.2_reference0.1,-24,-22,0.1,2753,110.11952019635245,2076,0.003628013295725026,0.0025426807119505995,0.01300578034682081,4.319843409103741,0.9131275377360124,109.83952141633993
1024,D005_Pnative.final.raw,sample0.2_reference0.1,-24,-22,0.2,2753,110.11952019635245,2076,0.003628013295725026,0.008717762440973484,0.04190751445086705,4.319843409103741,0.9131275377360124,109.15952437916667
1024,D005_Pnative.final.raw,sample0.2_reference0.1,-24,-22,0.25,2753,110.11952019635245,2076,0.003628013295725026,0.011623683254631312,0.0640655105973025,4.319843409103741,0.9131275377360124,108.83952577343807
1024,D005_Pnative.final.raw,sample0.2_reference0.1,-24,-22,0.5,2753,110.11952019635245,2076,0.003628013295725026,0.03450780966218671,0.20905587668593448,4.319843409103741,0.9131275377360124,106.3195367533254
1024,D005_Pnative.final.raw,sample0.2_reference0.1,-24,-22,1.0,2753,110.11952019635245,2076,0.003628013295725026,0.07192154013803125,0.6035645472061657,4.319843409103741,0.9131275377360124,102.19955470456975
1024,D005_Pnative.final.raw,sample0.2_reference0.1,-24,-22,2.0,2753,110.11952019635245,2076,0.003628013295725026,0.19832909553214675,0.9788053949903661,4.319843409103741,0.9131275377360124,88.27961535537591
1024,D005_Pnative.final.raw,sample0.2_reference0.1,-22,-20,0.1,110,4.399980828768169,1994,0.0034847102657397408,0.0,0.0,2.6796437325157028,1.5960702331084664,4.399980828768169
1024,D005_Pnative.final.raw,sample0.2_reference0.1,-22,-20,0.2,110,4.399980828768169,1994,0.0034847102657397408,0.0,0.0005015045135406219,2.6796437325157028,1.5960702331084664,4.399980828768169
1024,D005_Pnative.final.raw,sample0.2_reference0.1,-22,-20,0.25,110,4.399980828768169,1994,0.0034847102657397408,0.0,0.0015045135406218655,2.6796437325157028,1.5960702331084664,4.399980828768169
1024,D005_Pnative.final.raw,sample0.2_reference0.1,-22,-20,0.5,110,4.399980828768169,1994,0.0034847102657397408,0.0,0.015045135406218655,2.6796437325157028,1.5960702331084664,4.399980828768169
1024,D005_Pnative.final.raw,sample0.2_reference0.1,-22,-20,1.0,110,4.399980828768169,1994,0.0034847102657397408,0.05454545454545454,0.1489468405215647,2.6796437325157028,1.5960702331084664,4.159981874471724
1024,D005_Pnative.final.raw,sample0.2_reference0.1,-22,-20,2.0,110,4.399980828768169,1994,0.0034847102657397408,0.5363636363636364,0.7422266800401204,2.6796437325157028,1.5960702331084664,2.0399911115197877
1024,D005_Pnative.final.raw,sample0.2_reference0.1,-20,-18,0.1,468,18.719918435122757,1238,0.002163526233192477,0.0,0.0,3.0803002589578976,1.7363437608678816,18.719918435122757
1024,D005_Pnative.final.raw,sample0.2_reference0.1,-20,-18,0.2,468,18.719918435122757,1238,0.002163526233192477,0.0,0.0,3.0803002589578976,1.7363437608678816,18.719918435122757
1024,D005_Pnative.final.raw,sample0.2_reference0.1,-20,-18,0.25,468,18.719918435122757,1238,0.002163526233192477,0.0,0.0,3.0803002589578976,1.7363437608678816,18.719918435122757
1024,D005_Pnative.final.raw,sample0.2_reference0.1,-20,-18,0.5,468,18.719918435122757,1238,0.002163526233192477,0.0,0.008885298869143781,3.0803002589578976,1.7363437608678816,18.719918435122757
1024,D005_Pnative.final.raw,sample0.2_reference0.1,-20,-18,1.0,468,18.719918435122757,1238,0.002163526233192477,0.0,0.12277867528271405,3.0803002589578976,1.7363437608678816,18.719918435122757
1024,D005_Pnative.final.raw,sample0.2_reference0.1,-20,-18,2.0,468,18.719918435122757,1238,0.002163526233192477,0.14957264957264957,0.6429725363489499,3.0803002589578976,1.7363437608678816,15.919930634997558
1024,D005_Pnative.final.raw,sample0.2_reference0.1,-18,-16,0.1,16,0.6399972114571882,177,0.0003093248330170181,0.0,0.0,4.855482366768815,2.1173668183849355,0.6399972114571882
1024,D005_Pnative.final.raw,sample0.2_reference0.1,-18,-16,0.2,16,0.6399972114571882,177,0.0003093248330170181,0.0,0.0,4.855482366768815,2.1173668183849355,0.6399972114571882
1024,D005_Pnative.final.raw,sample0.2_reference0.1,-18,-16,0.25,16,0.6399972114571882,177,0.0003093248330170181,0.0,0.0,4.855482366768815,2.1173668183849355,0.6399972114571882
1024,D005_Pnative.final.raw,sample0.2_reference0.1,-18,-16,0.5,16,0.6399972114571882,177,0.0003093248330170181,0.0,0.0,4.855482366768815,2.1173668183849355,0.6399972114571882
1024,D005_Pnative.final.raw,sample0.2_reference0.1,-18,-16,1.0,16,0.6399972114571882,177,0.0003093248330170181,0.0,0.0,4.855482366768815,2.1173668183849355,0.6399972114571882
1024,D005_Pnative.final.raw,sample0.2_reference0.1,-18,-16,2.0,16,0.6399972114571882,177,0.0003093248330170181,0.0,0.5084745762711864,4.855482366768815,2.1173668183849355,0.6399972114571882
1024,D0005_Pnative.final.raw,sample0.2_reference0.1,-50,-48,0.1,0,0.0,615,0.0010747727248896393,,0.0,,5.371459793462986,0.0
1024,D0005_Pnative.final.raw,sample0.2_reference0.1,-50,-48,0.2,0,0.0,615,0.0010747727248896393,,0.0,,5.371459793462986,0.0
1024,D0005_Pnative.final.raw,sample0.2_reference0.1,-50,-48,0.25,0,0.0,615,0.0010747727248896393,,0.0,,5.371459793462986,0.0
1024,D0005_Pnative.final.raw,sample0.2_reference0.1,-50,-48,0.5,0,0.0,615,0.0010747727248896393,,0.0,,5.371459793462986,0.0
1024,D0005_Pnative.final.raw,sample0.2_reference0.1,-50,-48,1.0,0,0.0,615,0.0010747727248896393,,0.0,,5.371459793462986,0.0
1024,D0005_Pnative.final.raw,sample0.2_reference0.1,-50,-48,2.0,0,0.0,615,0.0010747727248896393,,0.0,,5.371459793462986,0.0
1024,D0005_Pnative.final.raw,sample0.2_reference0.1,-48,-46,0.1,0,0.0,7615,0.013307958211438377,,0.0,,4.113772212371025,0.0
1024,D0005_Pnative.final.raw,sample0.2_reference0.1,-48,-46,0.2,0,0.0,7615,0.013307958211438377,,0.0,,4.113772212371025,0.0
1024,D0005_Pnative.final.raw,sample0.2_reference0.1,-48,-46,0.25,0,0.0,7615,0.013307958211438377,,0.0,,4.113772212371025,0.0
1024,D0005_Pnative.final.raw,sample0.2_reference0.1,-48,-46,0.5,0,0.0,7615,0.013307958211438377,,0.0,,4.113772212371025,0.0
1024,D0005_Pnative.final.raw,sample0.2_reference0.1,-48,-46,1.0,0,0.0,7615,0.013307958211438377,,0.0,,4.113772212371025,0.0
1024,D0005_Pnative.final.raw,sample0.2_reference0.1,-48,-46,2.0,0,0.0,7615,0.013307958211438377,,0.0013131976362442547,,4.113772212371025,0.0
1024,D0005_Pnative.final.raw,sample0.2_reference0.1,-46,-44,0.1,0,0.0,9863,0.017236558350547174,,0.0001013890297069857,,2.3992198460792884,0.0
1024,D0005_Pnative.final.raw,sample0.2_reference0.1,-46,-44,0.2,0,0.0,9863,0.017236558350547174,,0.0006083341782419143,,2.3992198460792884,0.0
1024,D0005_Pnative.final.raw,sample0.2_reference0.1,-46,-44,0.25,0,0.0,9863,0.017236558350547174,,0.0014194464158978,,2.3992198460792884,0.0
1024,D0005_Pnative.final.raw,sample0.2_reference0.1,-46,-44,0.5,0,0.0,9863,0.017236558350547174,,0.005880563723005171,,2.3992198460792884,0.0
1024,D0005_Pnative.final.raw,sample0.2_reference0.1,-46,-44,1.0,0,0.0,9863,0.017236558350547174,,0.02119030720876001,,2.3992198460792884,0.0
1024,D0005_Pnative.final.raw,sample0.2_reference0.1,-46,-44,2.0,0,0.0,9863,0.017236558350547174,,0.170232180878029,,2.3992198460792884,0.0
1024,D0005_Pnative.final.raw,sample0.2_reference0.1,-44,-42,0.1,21623,864.9190329918051,131947,0.23059030362766378,0.024279702168986728,0.014596769915193222,0.7090264366098673,1.1073350815236902,843.919056470476
1024,D0005_Pnative.final.raw,sample0.2_reference0.1,-44,-42,0.2,21623,864.9190329918051,131947,0.23059030362766378,0.06710447208990426,0.03374082017779866,0.7090264366098673,1.1073350815236902,806.8790978823795
1024,D0005_Pnative.final.raw,sample0.2_reference0.1,-44,-42,0.25,21623,864.9190329918051,131947,0.23059030362766378,0.09462146788142256,0.047784337650723395,0.7090264366098673,1.1073350815236902,783.0791244915399
1024,D0005_Pnative.final.raw,sample0.2_reference0.1,-44,-42,0.5,21623,864.9190329918051,131947,0.23059030362766378,0.39249872820607684,0.26929752097433063,0.7090264366098673,1.1073350815236902,525.4394125412917
1024,D0005_Pnative.final.raw,sample0.2_reference0.1,-44,-42,1.0,21623,864.9190329918051,131947,0.23059030362766378,0.7228414188595477,0.6603712096523604,0.7090264366098673,1.1073350815236902,239.71973198538075
1024,D0005_Pnative.final.raw,sample0.2_reference0.1,-44,-42,2.0,21623,864.9190329918051,131947,0.23059030362766378,1.0,0.7975853941355241,0.7090264366098673,1.1073350815236902,0.0
1024,D0005_Pnative.final.raw,sample0.2_reference0.1,-42,-40,0.1,12970,518.7994199650238,19285,0.03370242601544177,0.034541249036237474,0.09261083743842365,1.2189376615689396,0.5362970425782604,500.8794400001565
1024,D0005_Pnative.final.raw,sample0.2_reference0.1,-42,-40,0.2,12970,518.7994199650238,19285,0.03370242601544177,0.10732459521973786,0.226497277676951,1.2189376615689396,0.5362970425782604,463.1194822170429
1024,D0005_Pnative.final.raw,sample0.2_reference0.1,-42,-40,0.25,12970,518.7994199650238,19285,0.03370242601544177,0.15219737856592136,0.30210007778065856,1.2189376615689396,0.5362970425782604,439.83950824482673
1024,D0005_Pnative.final.raw,sample0.2_reference0.1,-42,-40,0.5,12970,518.7994199650238,19285,0.03370242601544177,0.29707016191210484,0.5530723360124449,1.2189376615689396,0.5362970425782604,364.67959227610817
1024,D0005_Pnative.final.raw,sample0.2_reference0.1,-42,-40,1.0,12970,518.7994199650238,19285,0.03370242601544177,0.484579799537394,0.8925589836660617,1.2189376615689396,0.5362970425782604,267.39970103825635
1024,D0005_Pnative.final.raw,sample0.2_reference0.1,-42,-40,2.0,12970,518.7994199650238,19285,0.03370242601544177,0.7885119506553585,0.9897848068446979,1.2189376615689396,0.5362970425782604,109.71987732953436
1024,D0005_Pnative.final.raw,sample0.2_reference0.1,-40,-38,0.1,5055,202.19977393393953,19431,0.03395757531273265,0.15212660731948566,0.15609078276980085,0.4641959663607872,0.4444282957870368,171.43980832460235
1024,D0005_Pnative.final.raw,sample0.2_reference0.1,-40,-38,0.2,5055,202.19977393393953,19431,0.03395757531273265,0.4387734915924827,0.3589624826308476,0.4641959663607872,0.4444282957870368,113.47987312573422
1024,D0005_Pnative.final.raw,sample0.2_reference0.1,-40,-38,0.25,5055,202.19977393393953,19431,0.03395757531273265,0.5390702274975272,0.4382172816633215,0.4641959663607872,0.4444282957870368,93.19989579942218
1024,D0005_Pnative.final.raw,sample0.2_reference0.1,-40,-38,0.5,5055,202.19977393393953,19431,0.03395757531273265,0.6726013847675568,0.602079151870722,0.4641959663607872,0.4444282957870368,66.19992598628485
1024,D0005_Pnative.final.raw,sample0.2_reference0.1,-40,-38,1.0,5055,202.19977393393953,19431,0.03395757531273265,0.9054401582591494,0.9092172301991662,0.4641959663607872,0.4444282957870368,19.1199786232291
1024,D0005_Pnative.final.raw,sample0.2_reference0.1,-40,-38,2.0,5055,202.19977393393953,19431,0.03395757531273265,0.9748763600395648,0.9978899696361484,0.4641959663607872,0.4444282957870368,5.07999432039769
1024,D0005_Pnative.final.raw,sample0.2_reference0.1,-38,-36,0.1,3520,140.79984258110133,20650,0.03608789718531878,0.051704545454545454,0.04067796610169491,0.382592379097763,0.8113205205942966,133.5198507203739
1024,D0005_Pnative.final.raw,sample0.2_reference0.1,-38,-36,0.2,3520,140.79984258110133,20650,0.03608789718531878,0.32017045454545456,0.19617433414043584,0.382592379097763,0.8113205205942966,95.71989298198166
1024,D0005_Pnative.final.raw,sample0.2_reference0.1,-38,-36,0.25,3520,140.79984258110133,20650,0.03608789718531878,0.5448863636363637,0.30406779661016947,0.382592379097763,0.8113205205942966,64.0799283565126
1024,D0005_Pnative.final.raw,sample0.2_reference0.1,-38,-36,0.5,3520,140.79984258110133,20650,0.03608789718531878,0.7363636363636363,0.47307506053268766,0.382592379097763,0.8113205205942966,37.119958498653986
1024,D0005_Pnative.final.raw,sample0.2_reference0.1,-38,-36,1.0,3520,140.79984258110133,20650,0.03608789718531878,0.9548295454545455,0.6996125907990315,0.382592379097763,0.8113205205942966,6.359992889316793
1024,D0005_Pnative.final.raw,sample0.2_reference0.1,-38,-36,2.0,3520,140.79984258110133,20650,0.03608789718531878,0.9965909090909091,0.8922518159806295,0.382592379097763,0.8113205205942966,0.4799994633446636
1024,D0005_Pnative.final.raw,sample0.2_reference0.1,-36,-34,0.1,4970,198.79977773524817,18362,0.032089393129143995,0.023138832997987926,0.033602004138982684,0.4798119666769113,0.7593062282202996,194.19978287819515
1024,D0005_Pnative.final.raw,sample0.2_reference0.1,-36,-34,0.2,4970,198.79977773524817,18362,0.032089393129143995,0.2551307847082495,0.2410957412046618,0.4798119666769113,0.7593062282202996,148.07983444182872
1024,D0005_Pnative.final.raw,sample0.2_reference0.1,-36,-34,0.25,4970,198.79977773524817,18362,0.032089393129143995,0.4591549295774648,0.39146062520422614,0.4798119666769113,0.7593062282202996,107.51987978920465
1024,D0005_Pnative.final.raw,sample0.2_reference0.1,-36,-34,0.5,4970,198.79977773524817,18362,0.032089393129143995,0.6074446680080483,0.5664960243982137,0.4798119666769113,0.7593062282202996,78.03991274878655
1024,D0005_Pnative.final.raw,sample0.2_reference0.1,-36,-34,1.0,4970,198.79977773524817,18362,0.032089393129143995,0.8971830985915493,0.7328177758414116,0.4798119666769113,0.7593062282202996,20.439977147426923
1024,D0005_Pnative.final.raw,sample0.2_reference0.1,-36,-34,2.0,4970,198.79977773524817,18362,0.032089393129143995,0.9959758551307847,0.8750136150746106,0.4798119666769113,0.7593062282202996,0.7999991055744393
1024,D0005_Pnative.final.raw,sample0.2_reference0.1,-34,-32,0.1,4341,173.63980586493204,21320,0.037258787796174156,0.0119788067265607,0.00952157598499062,0.4051362331342695,0.8622275342328046,171.5598081904385
1024,D0005_Pnative.final.raw,sample0.2_reference0.1,-34,-32,0.2,4341,173.63980586493204,21320,0.037258787796174156,0.1971895876526146,0.13194183864915573,0.4051362331342695,0.8622275342328046,139.39984414634606
1024,D0005_Pnative.final.raw,sample0.2_reference0.1,-34,-32,0.25,4341,173.63980586493204,21320,0.037258787796174156,0.3536051601013591,0.22415572232645403,0.4051362331342695,0.8622275342328046,112.23987451209383
1024,D0005_Pnative.final.raw,sample0.2_reference0.1,-34,-32,0.5,4341,173.63980586493204,21320,0.037258787796174156,0.7429163787145819,0.55046904315197,0.4051362331342695,0.8622275342328046,44.63995009105371
1024,D0005_Pnative.final.raw,sample0.2_reference0.1,-34,-32,1.0,4341,173.63980586493204,21320,0.037258787796174156,0.9769638332181525,0.6827392120075046,0.4051362331342695,0.8622275342328046,3.999995527872197
1024,D0005_Pnative.final.raw,sample0.2_reference0.1,-34,-32,2.0,4341,173.63980586493204,21320,0.037258787796174156,0.9937802349689012,0.8666979362101314,0.4051362331342695,0.8622275342328046,1.079998792525493
1024,D0005_Pnative.final.raw,sample0.2_reference0.1,-32,-30,0.1,7594,303.7596603866146,105714,0.18474556721785906,0.04450882275480643,0.01408517320317082,0.3805676990672536,0.95661169490978,290.2396755024066
1024,D0005_Pnative.final.raw,sample0.2_reference0.1,-32,-30,0.2,7594,303.7596603866146,105714,0.18474556721785906,0.2508559388991309,0.07895832150897705,0.3805676990672536,0.95661169490978,227.55974558064926
1024,D0005_Pnative.final.raw,sample0.2_reference0.1,-32,-30,0.25,7594,303.7596603866146,105714,0.18474556721785906,0.4178298656834343,0.13159089619161132,0.3805676990672536,0.95661169490978,176.83980228722982
1024,D0005_Pnative.final.raw,sample0.2_reference0.1,-32,-30,0.5,7594,303.7596603866146,105714,0.18474556721785906,0.8450092178035291,0.3125886826721153,0.3805676990672536,0.95661169490978,47.07994736305575
1024,D0005_Pnative.final.raw,sample0.2_reference0.1,-32,-30,1.0,7594,303.7596603866146,105714,0.18474556721785906,0.9604951277324203,0.5954178254535824,0.3805676990672536,0.95661169490978,11.99998658361659
1024,D0005_Pnative.final.raw,sample0.2_reference0.1,-32,-30,2.0,7594,303.7596603866146,105714,0.18474556721785906,0.9905188306557808,0.9128592239438486,0.3805676990672536,0.95661169490978,2.8799967800679815
1024,D0005_Pnative.final.raw,sample0.2_reference0.1,-30,-28,0.1,23021,920.8389704714584,91135,0.15926733704523133,0.06494070631162852,0.07066439896856312,0.41188916811073795,0.5755418319405313,861.039037329769
1024,D0005_Pnative.final.raw,sample0.2_reference0.1,-30,-28,0.2,23021,920.8389704714584,91135,0.15926733704523133,0.19295425915468487,0.15637241454984363,0.41188916811073795,0.5755418319405313,743.1591691233754
1024,D0005_Pnative.final.raw,sample0.2_reference0.1,-30,-28,0.25,23021,920.8389704714584,91135,0.15926733704523133,0.284913774379914,0.23008723322543478,0.41188916811073795,0.5755418319405313,658.479263798321
1024,D0005_Pnative.final.raw,sample0.2_reference0.1,-30,-28,0.5,23021,920.8389704714584,91135,0.15926733704523133,0.6574866426306416,0.5604432984034674,0.41188916811073795,0.5755418319405313,315.3996473727227
1024,D0005_Pnative.final.raw,sample0.2_reference0.1,-30,-28,1.0,23021,920.8389704714584,91135,0.15926733704523133,0.9892272273141914,0.9196027870741208,0.41188916811073795,0.5755418319405313,9.919988909123047
1024,D0005_Pnative.final.raw,sample0.2_reference0.1,-30,-28,2.0,23021,920.8389704714584,91135,0.15926733704523133,0.9994352982059859,0.9579524880671532,0.41188916811073795,0.5755418319405313,0.5199994186233856
1024,D0005_Pnative.final.raw,sample0.2_reference0.1,-28,-26,0.1,28842,1153.678710148899,111853,0.19547407088956228,0.13213369391859095,0.1664416689762456,0.3745717808363956,0.36087659407327555,1001.2388805816895
1024,D0005_Pnative.final.raw,sample0.2_reference0.1,-28,-26,0.2,28842,1153.678710148899,111853,0.19547407088956228,0.30257957145829,0.34377263014849846,0.3745717808363956,0.36087659407327555,804.5991004314924
1024,D0005_Pnative.final.raw,sample0.2_reference0.1,-28,-26,0.25,28842,1153.678710148899,111853,0.19547407088956228,0.4018445322793149,0.4549542703369601,0.3745717808363956,0.36087659407327555,690.0792284685114
1024,D0005_Pnative.final.raw,sample0.2_reference0.1,-28,-26,0.5,28842,1153.678710148899,111853,0.19547407088956228,0.7051522085847028,0.8281136849257508,0.3745717808363956,0.36087659407327555,340.1596196902516
1024,D0005_Pnative.final.raw,sample0.2_reference0.1,-28,-26,1.0,28842,1153.678710148899,111853,0.19547407088956228,0.9858192913112822,0.9605017299491296,0.3745717808363956,0.36087659407327555,16.359981708997285
1024,D0005_Pnative.final.raw,sample0.2_reference0.1,-28,-26,2.0,28842,1153.678710148899,111853,0.19547407088956228,1.0,0.9813684031720205,0.3745717808363956,0.36087659407327555,0.0
1024,D0005_Pnative.final.raw,sample0.2_reference0.1,-26,-24,0.1,1748,69.919921827206,8939,0.015621777866322739,0.12528604118993136,0.0944177201029198,0.9154413402558212,1.2363266208377173,61.15993162116589
1024,D0005_Pnative.final.raw,sample0.2_reference0.1,-26,-24,0.2,1748,69.919921827206,8939,0.015621777866322739,0.290045766590389,0.19308647499720327,0.9154413402558212,1.2363266208377173,49.63994450089396
1024,D0005_Pnative.final.raw,sample0.2_reference0.1,-26,-24,0.25,1748,69.919921827206,8939,0.015621777866322739,0.3781464530892448,0.2503635753439982,0.9154413402558212,1.2363266208377173,43.47995138797078
1024,D0005_Pnative.final.raw,sample0.2_reference0.1,-26,-24,0.5,1748,69.919921827206,8939,0.015621777866322739,0.7351258581235698,0.4507215572211657,0.9154413402558212,1.2363266208377173,18.51997929404827
1024,D0005_Pnative.final.raw,sample0.2_reference0.1,-26,-24,1.0,1748,69.919921827206,8939,0.015621777866322739,0.8135011441647597,0.5139277324085468,0.9154413402558212,1.2363266208377173,13.039985420863362
1024,D0005_Pnative.final.raw,sample0.2_reference0.1,-26,-24,2.0,1748,69.919921827206,8939,0.015621777866322739,0.8449656750572082,0.690233806913525,0.9154413402558212,1.2363266208377173,10.839987880533652
1024,D0005_Pnative.final.raw,sample0.2_reference0.1,-24,-22,0.1,1699,67.95992401854862,2076,0.003628013295725026,0.008828722778104767,0.014450867052023121,4.663902263841323,1.448175549802273,67.35992468936779
1024,D0005_Pnative.final.raw,sample0.2_reference0.1,-24,-22,0.2,1699,67.95992401854862,2076,0.003628013295725026,0.02118893466745144,0.028901734104046242,4.663902263841323,1.448175549802273,66.51992562851463
1024,D0005_Pnative.final.raw,sample0.2_reference0.1,-24,-22,0.25,1699,67.95992401854862,2076,0.003628013295725026,0.028251912889935255,0.03227360308285164,4.663902263841323,1.448175549802273,66.03992616516996
1024,D0005_Pnative.final.raw,sample0.2_reference0.1,-24,-22,0.5,1699,67.95992401854862,2076,0.003628013295725026,0.07180694526191878,0.09730250481695568,4.663902263841323,1.448175549802273,63.07992947454454
1024,D0005_Pnative.final.raw,sample0.2_reference0.1,-24,-22,1.0,1699,67.95992401854862,2076,0.003628013295725026,0.08475573866980576,0.29335260115606937,4.663902263841323,1.448175549802273,62.19993045841266
1024,D0005_Pnative.final.raw,sample0.2_reference0.1,-24,-22,2.0,1699,67.95992401854862,2076,0.003628013295725026,0.09888169511477339,0.8241811175337187,4.663902263841323,1.448175549802273,61.23993153172333
1024,D0005_Pnative.final.raw,sample0.2_reference0.1,-22,-20,0.1,206,8.239990787416724,1994,0.0034847102657397408,0.0,0.0,5.971987654760026,2.1317494392036314,8.239990787416724
1024,D0005_Pnative.final.raw,sample0.2_reference0.1,-22,-20,0.2,206,8.239990787416724,1994,0.0034847102657397408,0.0,0.0,5.971987654760026,2.1317494392036314,8.239990787416724
1024,D0005_Pnative.final.raw,sample0.2_reference0.1,-22,-20,0.25,206,8.239990787416724,1994,0.0034847102657397408,0.0,0.0,5.971987654760026,2.1317494392036314,8.239990787416724
1024,D0005_Pnative.final.raw,sample0.2_reference0.1,-22,-20,0.5,206,8.239990787416724,1994,0.0034847102657397408,0.0,0.0015045135406218655,5.971987654760026,2.1317494392036314,8.239990787416724
1024,D0005_Pnative.final.raw,sample0.2_reference0.1,-22,-20,1.0,206,8.239990787416724,1994,0.0034847102657397408,0.0,0.03610832497492478,5.971987654760026,2.1317494392036314,8.239990787416724
1024,D0005_Pnative.final.raw,sample0.2_reference0.1,-22,-20,2.0,206,8.239990787416724,1994,0.0034847102657397408,0.0,0.3650952858575727,5.971987654760026,2.1317494392036314,8.239990787416724
1024,D0005_Pnative.final.raw,sample0.2_reference0.1,-20,-18,0.1,0,0.0,1238,0.002163526233192477,,0.0,,3.4542055746272617,0.0
1024,D0005_Pnative.final.raw,sample0.2_reference0.1,-20,-18,0.2,0,0.0,1238,0.002163526233192477,,0.0,,3.4542055746272617,0.0
1024,D0005_Pnative.final.raw,sample0.2_reference0.1,-20,-18,0.25,0,0.0,1238,0.002163526233192477,,0.0,,3.4542055746272617,0.0
1024,D0005_Pnative.final.raw,sample0.2_reference0.1,-20,-18,0.5,0,0.0,1238,0.002163526233192477,,0.0,,3.4542055746272617,0.0
1024,D0005_Pnative.final.raw,sample0.2_reference0.1,-20,-18,1.0,0,0.0,1238,0.002163526233192477,,0.0,,3.4542055746272617,0.0
1024,D0005_Pnative.final.raw,sample0.2_reference0.1,-20,-18,2.0,0,0.0,1238,0.002163526233192477,,0.0,,3.4542055746272617,0.0
1024,D0005_Pnative.final.raw,sample0.2_reference0.1,-18,-16,0.1,0,0.0,177,0.0003093248330170181,,0.0,,4.474411802776789,0.0
1024,D0005_Pnative.final.raw,sample0.2_reference0.1,-18,-16,0.2,0,0.0,177,0.0003093248330170181,,0.0,,4.474411802776789,0.0
1024,D0005_Pnative.final.raw,sample0.2_reference0.1,-18,-16,0.25,0,0.0,177,0.0003093248330170181,,0.0,,4.474411802776789,0.0
1024,D0005_Pnative.final.raw,sample0.2_reference0.1,-18,-16,0.5,0,0.0,177,0.0003093248330170181,,0.0,,4.474411802776789,0.0
1024,D0005_Pnative.final.raw,sample0.2_reference0.1,-18,-16,1.0,0,0.0,177,0.0003093248330170181,,0.0,,4.474411802776789,0.0
1024,D0005_Pnative.final.raw,sample0.2_reference0.1,-18,-16,2.0,0,0.0,177,0.0003093248330170181,,0.0,,4.474411802776789,0.0
1024,D005_Pnative.final.raw,sample0.1_reference0.05,-50,-48,0.1,359,3.589996964229352,1024,0.0007507111228409724,0.15041782729805014,0.140625,0.30064811277161685,0.3723856026940666,3.049997420863377
1024,D005_Pnative.final.raw,sample0.1_reference0.05,-50,-48,0.2,359,3.589996964229352,1024,0.0007507111228409724,0.38440111420612816,0.298828125,0.30064811277161685,0.3723856026940666,2.2099981311829717
1024,D005_Pnative.final.raw,sample0.1_reference0.05,-50,-48,0.25,359,3.589996964229352,1024,0.0007507111228409724,0.5181058495821727,0.365234375,0.30064811277161685,0.3723856026940666,1.7299985370798827
1024,D005_Pnative.final.raw,sample0.1_reference0.05,-50,-48,0.5,359,3.589996964229352,1024,0.0007507111228409724,0.8245125348189415,0.751953125,0.30064811277161685,0.3723856026940666,0.6299994672603041
1024,D005_Pnative.final.raw,sample0.1_reference0.05,-50,-48,1.0,359,3.589996964229352,1024,0.0007507111228409724,0.9944289693593314,0.953125,0.30064811277161685,0.3723856026940666,0.019999983087628702
1024,D005_Pnative.final.raw,sample0.1_reference0.05,-50,-48,2.0,359,3.589996964229352,1024,0.0007507111228409724,1.0,1.0,0.30064811277161685,0.3723856026940666,0.0
1024,D005_Pnative.final.raw,sample0.1_reference0.05,-48,-46,0.1,3523,35.22997020885796,14324,0.010501158323802821,0.13880215725234177,0.07609606255235968,0.3465242583589562,0.5637620649871464,30.33997434393274
1024,D005_Pnative.final.raw,sample0.1_reference0.05,-48,-46,0.2,3523,35.22997020885796,14324,0.010501158323802821,0.38291229066136817,0.19484780787489528,0.3465242583589562,0.5637620649871464,21.7399816162524
1024,D005_Pnative.final.raw,sample0.1_reference0.05,-48,-46,0.25,3523,35.22997020885796,14324,0.010501158323802821,0.4973034345728073,0.268290980173136,0.3465242583589562,0.5637620649871464,17.709985024095214
1024,D005_Pnative.final.raw,sample0.1_reference0.05,-48,-46,0.5,3523,35.22997020885796,14324,0.010501158323802821,0.8299744535906898,0.5474727729684445,0.3465242583589562,0.5637620649871464,5.9899949347447965
1024,D005_Pnative.final.raw,sample0.1_reference0.05,-48,-46,1.0,3523,35.22997020885796,14324,0.010501158323802821,0.937837070678399,0.831192404356325,0.3465242583589562,0.5637620649871464,2.1899981480953428
1024,D005_Pnative.final.raw,sample0.1_reference0.05,-48,-46,2.0,3523,35.22997020885796,14324,0.010501158323802821,0.9980130570536475,0.997347109745881,0.3465242583589562,0.5637620649871464,0.06999994080670045
1024,D005_Pnative.final.raw,sample0.1_reference0.05,-46,-44,0.1,227,2.2699980804458577,16556,0.012137473974370254,0.0,0.0,0.7626808865162953,1.9543527511096312,2.2699980804458577
1024,D005_Pnative.final.raw,sample0.1_reference0.05,-46,-44,0.2,227,2.2699980804458577,16556,0.012137473974370254,0.0,0.0,0.7626808865162953,1.9543527511096312,2.2699980804458577
1024,D005_Pnative.final.raw,sample0.1_reference0.05,-46,-44,0.25,227,2.2699980804458577,16556,0.012137473974370254,0.0,0.00012080212611741966,0.7626808865162953,1.9543527511096312,2.2699980804458577
1024,D005_Pnative.final.raw,sample0.1_reference0.05,-46,-44,0.5,227,2.2699980804458577,16556,0.012137473974370254,0.05726872246696035,0.0026576467745832327,0.7626808865162953,1.9543527511096312,2.139998190376271
1024,D005_Pnative.final.raw,sample0.1_reference0.05,-46,-44,1.0,227,2.2699980804458577,16556,0.012137473974370254,0.9295154185022027,0.10829910606426674,0.7626808865162953,1.9543527511096312,0.15999986470102961
1024,D005_Pnative.final.raw,sample0.1_reference0.05,-46,-44,2.0,227,2.2699980804458577,16556,0.012137473974370254,0.9691629955947136,0.42582749456390434,0.7626808865162953,1.9543527511096312,0.06999994080670045
1024,D005_Pnative.final.raw,sample0.1_reference0.05,-44,-42,0.1,99011,990.1091627446027,324466,0.23787132342160053,0.2362161780004242,0.24259860817466236,0.3810097719876089,0.285616990670887,756.2293605178727
1024,D005_Pnative.final.raw,sample0.1_reference0.05,-44,-42,0.2,99011,990.1091627446027,324466,0.23787132342160053,0.4686650978174142,0.5158845610942286,0.3810097719876089,0.285616990670887,526.0795551369854
1024,D005_Pnative.final.raw,sample0.1_reference0.05,-44,-42,0.25,99011,990.1091627446027,324466,0.23787132342160053,0.5436264657462302,0.6025531180462668,0.3810097719876089,0.285616990670887,451.85961789879525
1024,D005_Pnative.final.raw,sample0.1_reference0.05,-44,-42,0.5,99011,990.1091627446027,324466,0.23787132342160053,0.7981638403813718,0.8374436766872337,0.3810097719876089,0.285616990670887,199.839831011586
1024,D005_Pnative.final.raw,sample0.1_reference0.05,-44,-42,1.0,99011,990.1091627446027,324466,0.23787132342160053,0.9258769227661573,0.9771871320877996,0.3810097719876089,0.285616990670887,73.38993794005353
1024,D005_Pnative.final.raw,sample0.1_reference0.05,-44,-42,2.0,99011,990.1091627446027,324466,0.23787132342160053,0.9844360727595923,0.9968440452928812,0.3810097719876089,0.285616990670887,15.409986969017915
1024,D005_Pnative.final.raw,sample0.1_reference0.05,-42,-40,0.1,48138,481.3795929361352,31330,0.0229685346470778,0.09857077568656779,0.22550271305458028,0.9765478572622376,0.3774451214985504,433.92963306073614
1024,D005_Pnative.final.raw,sample0.1_reference0.05,-42,-40,0.2,48138,481.3795929361352,31330,0.0229685346470778,0.23501184095724792,0.4151292690711778,0.9765478572622376,0.3774451214985504,368.24968860096345
1024,D005_Pnative.final.raw,sample0.1_reference0.05,-42,-40,0.25,48138,481.3795929361352,31330,0.0229685346470778,0.3028792222360713,0.49374401532077883,0.9765478572622376,0.3774451214985504,335.57971622732197
1024,D005_Pnative.final.raw,sample0.1_reference0.05,-42,-40,0.5,48138,481.3795929361352,31330,0.0229685346470778,0.5149154514105281,0.725853814235557,0.9765478572622376,0.3774451214985504,233.5098025396089
1024,D005_Pnative.final.raw,sample0.1_reference0.05,-42,-40,1.0,48138,481.3795929361352,31330,0.0229685346470778,0.7150899497278658,0.9392914139802107,0.9765478572622376,0.3774451214985504,137.14988402341382
1024,D005_Pnative.final.raw,sample0.1_reference0.05,-42,-40,2.0,48138,481.3795929361352,31330,0.0229685346470778,0.897814616311438,0.994573890839451,0.9765478572622376,0.3774451214985504,49.18995840402279
1024,D005_Pnative.final.raw,sample0.1_reference0.05,-40,-38,0.1,24639,246.38979164804178,30996,0.0227236737925574,0.17163845935305816,0.1915085817524842,0.7284375861669682,0.44170800031420193,204.0998274092509
1024,D005_Pnative.final.raw,sample0.1_reference0.05,-40,-38,0.2,24639,246.38979164804178,30996,0.0227236737925574,0.4093510288566906,0.3715318105562008,0.7284375861669682,0.44170800031420193,145.52987693713024
1024,D005_Pnative.final.raw,sample0.1_reference0.05,-40,-38,0.25,24639,246.38979164804178,30996,0.0227236737925574,0.4895085027801453,0.435152922957801,0.7284375861669682,0.44170800031420193,125.77989363809691
1024,D005_Pnative.final.raw,sample0.1_reference0.05,-40,-38,0.5,24639,246.38979164804178,30996,0.0227236737925574,0.651609237387881,0.6422118983094592,0.7284375861669682,0.44170800031420193,85.83992741210238
1024,D005_Pnative.final.raw,sample0.1_reference0.05,-40,-38,1.0,24639,246.38979164804178,30996,0.0227236737925574,0.8719103859734567,0.9098915989159891,0.7284375861669682,0.44170800031420193,31.559973312278093
1024,D005_Pnative.final.raw,sample0.1_reference0.05,-40,-38,2.0,24639,246.38979164804178,30996,0.0227236737925574,0.937943910061285,0.9899341850561363,0.7284375861669682,0.44170800031420193,15.289987070492142
1024,D005_Pnative.final.raw,sample0.1_reference0.05,-38,-36,0.1,23460,234.59980161788468,32786,0.024035952024867305,0.19735720375106564,0.17397669737082902,0.5434884969148199,0.5049761563513773,188.29984077002422
1024,D005_Pnative.final.raw,sample0.1_reference0.05,-38,-36,0.2,23460,234.59980161788468,32786,0.024035952024867305,0.4106990622335891,0.30735679863356313,0.5434884969148199,0.5049761563513773,138.2498830932334
1024,D005_Pnative.final.raw,sample0.1_reference0.05,-38,-36,0.25,23460,234.59980161788468,32786,0.024035952024867305,0.49658994032395565,0.3618007686207528,0.5434884969148199,0.5049761563513773,118.09990013244749
1024,D005_Pnative.final.raw,sample0.1_reference0.05,-38,-36,0.5,23460,234.59980161788468,32786,0.024035952024867305,0.6825234441602728,0.5691148661013847,0.5434884969148199,0.5049761563513773,74.47993701832928
1024,D005_Pnative.final.raw,sample0.1_reference0.05,-38,-36,1.0,23460,234.59980161788468,32786,0.024035952024867305,0.895694799658994,0.8654303666198987,0.5434884969148199,0.5049761563513773,24.469979307713718
1024,D005_Pnative.final.raw,sample0.1_reference0.05,-38,-36,2.0,23460,234.59980161788468,32786,0.024035952024867305,0.951918158567775,0.9942353443542976,0.5434884969148199,0.5049761563513773,11.279990461422587
1024,D005_Pnative.final.raw,sample0.1_reference0.05,-36,-34,0.1,18146,181.45984655405522,28156,0.020641623412803144,0.16113744075829384,0.11929961642278733,0.6781334347496588,0.7828775695061959,152.21987127994205
1024,D005_Pnative.final.raw,sample0.1_reference0.05,-36,-34,0.2,18146,181.45984655405522,28156,0.020641623412803144,0.4343657004298468,0.2449211535729507,0.6781334347496588,0.7828775695061959,102.6399132057105
1024,D005_Pnative.final.raw,sample0.1_reference0.05,-36,-34,0.25,18146,181.45984655405522,28156,0.020641623412803144,0.5135015981483523,0.2871146469668987,0.6781334347496588,0.7828775695061959,88.27992534879309
1024,D005_Pnative.final.raw,sample0.1_reference0.05,-36,-34,0.5,18146,181.45984655405522,28156,0.020641623412803144,0.6597046180976524,0.4986858928825117,0.6781334347496588,0.7828775695061959,61.749947783053614
1024,D005_Pnative.final.raw,sample0.1_reference0.05,-36,-34,1.0,18146,181.45984655405522,28156,0.020641623412803144,0.8618979389397112,0.7439266941326893,0.6781334347496588,0.7828775695061959,25.059978808798764
1024,D005_Pnative.final.raw,sample0.1_reference0.05,-36,-34,2.0,18146,181.45984655405522,28156,0.020641623412803144,0.8933649289099526,0.9175308992754653,0.6781334347496588,0.7828775695061959,19.34998363728077
1024,D005_Pnative.final.raw,sample0.1_reference0.05,-34,-32,0.1,18317,183.16984510804747,34072,0.024978739626403918,0.04045422285308729,0.04628433904672458,0.5742944079555868,0.9164808787220358,175.75985137408102
1024,D005_Pnative.final.raw,sample0.1_reference0.05,-34,-32,0.2,18317,183.16984510804747,34072,0.024978739626403918,0.17541082054921658,0.16887767081474525,0.5742944079555868,0.9164808787220358,151.03987227777196
1024,D005_Pnative.final.raw,sample0.1_reference0.05,-34,-32,0.25,18317,183.16984510804747,34072,0.024978739626403918,0.3097122891303161,0.25120333411598966,0.5742944079555868,0.9164808787220358,126.43989307998865
1024,D005_Pnative.final.raw,sample0.1_reference0.05,-34,-32,0.5,18317,183.16984510804747,34072,0.024978739626403918,0.6620079707375662,0.5633658135712608,0.5742944079555868,0.9164808787220358,61.90994764775465
1024,D005_Pnative.final.raw,sample0.1_reference0.05,-34,-32,1.0,18317,183.16984510804747,34072,0.024978739626403918,0.8735054867063383,0.7400211317210613,0.5742944079555868,0.9164808787220358,23.16998040701785
1024,D005_Pnative.final.raw,sample0.1_reference0.05,-34,-32,2.0,18317,183.16984510804747,34072,0.024978739626403918,0.9437680842932795,0.8322669640760741,0.5742944079555868,0.9164808787220358,10.299991290128782
1024,D005_Pnative.final.raw,sample0.1_reference0.05,-32,-30,0.1,51076,510.7595680918618,224694,0.1647268408551069,0.07811888166653615,0.03750878973181304,0.5322979073823156,0.7435098254090647,470.85960183204253
1024,D005_Pnative.final.raw,sample0.1_reference0.05,-32,-30,0.2,51076,510.7595680918618,224694,0.1647268408551069,0.2685214190617903,0.122548888710869,0.5322979073823156,0.7435098254090647,373.60968406844796
1024,D005_Pnative.final.raw,sample0.1_reference0.05,-32,-30,0.25,51076,510.7595680918618,224694,0.1647268408551069,0.40163677656825125,0.18971134075676252,0.5322979073823156,0.7435098254090647,305.6197415620542
1024,D005_Pnative.final.raw,sample0.1_reference0.05,-32,-30,0.5,51076,510.7595680918618,224694,0.1647268408551069,0.7248609914637012,0.45974525354482093,0.5322979073823156,0.7435098254090647,140.52988116522306
1024,D005_Pnative.final.raw,sample0.1_reference0.05,-32,-30,1.0,51076,510.7595680918618,224694,0.1647268408551069,0.8794933040958571,0.7941244537014784,0.5322979073823156,0.7435098254090647,61.54994795217733
1024,D005_Pnative.final.raw,sample0.1_reference0.05,-32,-30,2.0,51076,510.7595680918618,224694,0.1647268408551069,0.9357036572950114,0.9465094751083696,0.5322979073823156,0.7435098254090647,32.83997222988633
1024,D005_Pnative.final.raw,sample0.1_reference0.05,-30,-28,0.1,125458,1254.5789391038609,240165,0.1760688836104513,0.08150934974254333,0.0905835571378011,0.5113345506652124,0.5120120311532268,1152.3190255768152
1024,D005_Pnative.final.raw,sample0.1_reference0.05,-30,-28,0.2,125458,1254.5789391038609,240165,0.1760688836104513,0.19932567074239985,0.19833031457539607,0.5113345506652124,0.5120120311532268,1004.5091505676953
1024,D005_Pnative.final.raw,sample0.1_reference0.05,-30,-28,0.25,125458,1254.5789391038609,240165,0.1760688836104513,0.26887085717929504,0.26256948348010745,0.5113345506652124,0.5120120311532268,917.2592243479152
1024,D005_Pnative.final.raw,sample0.1_reference0.05,-30,-28,0.5,125458,1254.5789391038609,240165,0.1760688836104513,0.6125157423201391,0.6413507380342681,0.5113345506652124,0.5120120311532268,486.12958891944703
1024,D005_Pnative.final.raw,sample0.1_reference0.05,-30,-28,1.0,125458,1254.5789391038609,240165,0.1760688836104513,0.9066301072869007,0.9604813357483397,0.5113345506652124,0.5120120311532268,117.1399009442413
1024,D005_Pnative.final.raw,sample0.1_reference0.05,-30,-28,2.0,125458,1254.5789391038609,240165,0.1760688836104513,0.9868083342632594,0.9735681718818312,0.5113345506652124,0.5120120311532268,16.54998600501275
1024,D005_Pnative.final.raw,sample0.1_reference0.05,-28,-26,0.1,123480,1234.798955830196,359722,0.26371807278378934,0.16869938451571104,0.21477696665758558,0.5563672428593947,0.4110999087975422,1026.4891319809992
1024,D005_Pnative.final.raw,sample0.1_reference0.05,-28,-26,0.2,123480,1234.798955830196,359722,0.26371807278378934,0.29765144152899253,0.38575900278548436,0.5563672428593947,0.4110999087975422,867.2592666288434
1024,D005_Pnative.final.raw,sample0.1_reference0.05,-28,-26,0.25,123480,1234.798955830196,359722,0.26371807278378934,0.3449222546161322,0.44573309388917,0.5563672428593947,0.4110999087975422,808.889315987599
1024,D005_Pnative.final.raw,sample0.1_reference0.05,-28,-26,0.5,123480,1234.798955830196,359722,0.26371807278378934,0.5154680919987042,0.6827883754677223,0.5563672428593947,0.4110999087975422,598.2994940664126
1024,D005_Pnative.final.raw,sample0.1_reference0.05,-28,-26,1.0,123480,1234.798955830196,359722,0.26371807278378934,0.8267168772270813,0.9333151711599513,0.5563672428593947,0.4110999087975422,213.96981906299567
1024,D005_Pnative.final.raw,sample0.1_reference0.05,-28,-26,2.0,123480,1234.798955830196,359722,0.26371807278378934,0.9994897959183674,0.9928583739665631,0.5563672428593947,0.4110999087975422,0.6299994672603041
1024,D005_Pnative.final.raw,sample0.1_reference0.05,-26,-24,0.1,20086,200.85983014905506,18608,0.013641828685375796,0.042069102857711836,0.0745378331900258,1.5299725634670038,0.7472706072166165,192.40983729453194
1024,D005_Pnative.final.raw,sample0.1_reference0.05,-26,-24,0.2,20086,200.85983014905506,18608,0.013641828685375796,0.1008164890968834,0.15858770421324161,1.5299725634670038,0.7472706072166165,180.609847272831
1024,D005_Pnative.final.raw,sample0.1_reference0.05,-26,-24,0.25,20086,200.85983014905506,18608,0.013641828685375796,0.13447177138305288,0.24269131556319862,1.5299725634670038,0.7472706072166165,173.84985298921248
1024,D005_Pnative.final.raw,sample0.1_reference0.05,-26,-24,0.5,20086,200.85983014905506,18608,0.013641828685375796,0.2533107637160211,0.5206362854686156,1.5299725634670038,0.7472706072166165,149.97987317412765
1024,D005_Pnative.final.raw,sample0.1_reference0.05,-26,-24,1.0,20086,200.85983014905506,18608,0.013641828685375796,0.359802847754655,0.7080825451418744,1.5299725634670038,0.7472706072166165,128.58989126190875
1024,D005_Pnative.final.raw,sample0.1_reference0.05,-26,-24,2.0,20086,200.85983014905506,18608,0.013641828685375796,0.6728069302001394,0.936049011177988,1.5299725634670038,0.7472706072166165,65.71994442594792
1024,D005_Pnative.final.raw,sample0.1_reference0.05,-24,-22,0.1,11173,111.72990551903774,2722,0.001995542652708132,0.0017005280587129687,0.012123438648052902,4.318340571961684,0.914234170636804,111.53990567970527
1024,D005_Pnative.final.raw,sample0.1_reference0.05,-24,-22,0.2,11173,111.72990551903774,2722,0.001995542652708132,0.007428622572272442,0.03857457751653196,4.318340571961684,0.914234170636804,110.89990622090116
1024,D005_Pnative.final.raw,sample0.1_reference0.05,-24,-22,0.25,11173,111.72990551903774,2722,0.001995542652708132,0.01029266982905218,0.06098457016899339,4.318340571961684,0.914234170636804,110.57990649149909
1024,D005_Pnative.final.raw,sample0.1_reference0.05,-24,-22,0.5,11173,111.72990551903774,2722,0.001995542652708132,0.032399534592320776,0.2068332108743571,4.318340571961684,0.914234170636804,108.10990858017695
1024,D005_Pnative.final.raw,sample0.1_reference0.05,-24,-22,1.0,11173,111.72990551903774,2722,0.001995542652708132,0.06775261791819565,0.6024981631153563,4.318340571961684,0.914234170636804,104.15991192037028
1024,D005_Pnative.final.raw,sample0.1_reference0.05,-24,-22,2.0,11173,111.72990551903774,2722,0.001995542652708132,0.19869327843909423,0.9783247612049963,4.318340571961684,0.914234170636804,89.52992429176989
1024,D005_Pnative.final.raw,sample0.1_reference0.05,-22,-20,0.1,417,4.169996473770584,2561,0.0018775109234333304,0.0,0.0,2.6555741904281653,1.6072362301720626,4.169996473770584
1024,D005_Pnative.final.raw,sample0.1_reference0.05,-22,-20,0.2,417,4.169996473770584,2561,0.0018775109234333304,0.0,0.0003904724716907458,2.6555741904281653,1.6072362301720626,4.169996473770584
1024,D005_Pnative.final.raw,sample0.1_reference0.05,-22,-20,0.25,417,4.169996473770584,2561,0.0018775109234333304,0.0,0.0011714174150722373,2.6555741904281653,1.6072362301720626,4.169996473770584
1024,D005_Pnative.final.raw,sample0.1_reference0.05,-22,-20,0.5,417,4.169996473770584,2561,0.0018775109234333304,0.004796163069544364,0.013276064037485357,2.6555741904281653,1.6072362301720626,4.149996490682955
1024,D005_Pnative.final.raw,sample0.1_reference0.05,-22,-20,1.0,417,4.169996473770584,2561,0.0018775109234333304,0.045563549160671464,0.14603670441233893,2.6555741904281653,1.6072362301720626,3.9799966344381117
1024,D005_Pnative.final.raw,sample0.1_reference0.05,-22,-20,2.0,417,4.169996473770584,2561,0.0018775109234333304,0.44364508393285373,0.7360406091370558,2.6555741904281653,1.6072362301720626,2.3199980381649294
1024,D005_Pnative.final.raw,sample0.1_reference0.05,-20,-18,0.1,1949,19.48998351889417,1619,0.0011869153397261077,0.0,0.0,3.0383865528996488,1.7505250710849043,19.48998351889417
1024,D005_Pnative.final.raw,sample0.1_reference0.05,-20,-18,0.2,1949,19.48998351889417,1619,0.0011869153397261077,0.0,0.0,3.0383865528996488,1.7505250710849043,19.48998351889417
1024,D005_Pnative.final.raw,sample0.1_reference0.05,-20,-18,0.25,1949,19.48998351889417,1619,0.0011869153397261077,0.0,0.0,3.0383865528996488,1.7505250710849043,19.48998351889417
1024,D005_Pnative.final.raw,sample0.1_reference0.05,-20,-18,0.5,1949,19.48998351889417,1619,0.0011869153397261077,0.0,0.0067943174799258805,3.0383865528996488,1.7505250710849043,19.48998351889417
1024,D005_Pnative.final.raw,sample0.1_reference0.05,-20,-18,1.0,1949,19.48998351889417,1619,0.0011869153397261077,0.001026167265264238,0.11735639283508338,3.0383865528996488,1.7505250710849043,19.46998353580654
1024,D005_Pnative.final.raw,sample0.1_reference0.05,-20,-18,2.0,1949,19.48998351889417,1619,0.0011869153397261077,0.159569009748589,0.6361951822112415,3.0383865528996488,1.7505250710849043,16.379986148767905
1024,D005_Pnative.final.raw,sample0.1_reference0.05,-18,-16,0.1,99,0.9899991628376208,239,0.00017521480308495353,0.0,0.0,4.190696547194162,2.1150019283573998,0.9899991628376208
1024,D005_Pnative.final.raw,sample0.1_reference0.05,-18,-16,0.2,99,0.9899991628376208,239,0.00017521480308495353,0.0,0.0,4.190696547194162,2.1150019283573998,0.9899991628376208
1024,D005_Pnative.final.raw,sample0.1_reference0.05,-18,-16,0.25,99,0.9899991628376208,239,0.00017521480308495353,0.0,0.0,4.190696547194162,2.1150019283573998,0.9899991628376208
1024,D005_Pnative.final.raw,sample0.1_reference0.05,-18,-16,0.5,99,0.9899991628376208,239,0.00017521480308495353,0.0,0.0,4.190696547194162,2.1150019283573998,0.9899991628376208
1024,D005_Pnative.final.raw,sample0.1_reference0.05,-18,-16,1.0,99,0.9899991628376208,239,0.00017521480308495353,0.0,0.0,4.190696547194162,2.1150019283573998,0.9899991628376208
1024,D005_Pnative.final.raw,sample0.1_reference0.05,-18,-16,2.0,99,0.9899991628376208,239,0.00017521480308495353,0.050505050505050504,0.5188284518828452,4.190696547194162,2.1150019283573998,0.939999205118549
1024,D0005_Pnative.final.raw,sample0.1_reference0.05,-50,-48,0.1,0,0.0,1024,0.0007507111228409724,,0.0,,5.373416489455849,0.0
1024,D0005_Pnative.final.raw,sample0.1_reference0.05,-50,-48,0.2,0,0.0,1024,0.0007507111228409724,,0.0,,5.373416489455849,0.0
1024,D0005_Pnative.final.raw,sample0.1_reference0.05,-50,-48,0.25,0,0.0,1024,0.0007507111228409724,,0.0,,5.373416489455849,0.0
1024,D0005_Pnative.final.raw,sample0.1_reference0.05,-50,-48,0.5,0,0.0,1024,0.0007507111228409724,,0.0,,5.373416489455849,0.0
1024,D0005_Pnative.final.raw,sample0.1_reference0.05,-50,-48,1.0,0,0.0,1024,0.0007507111228409724,,0.0,,5.373416489455849,0.0
1024,D0005_Pnative.final.raw,sample0.1_reference0.05,-50,-48,2.0,0,0.0,1024,0.0007507111228409724,,0.0,,5.373416489455849,0.0
1024,D0005_Pnative.final.raw,sample0.1_reference0.05,-48,-46,0.1,0,0.0,14324,0.010501158323802821,,0.0,,4.160667973643606,0.0
1024,D0005_Pnative.final.raw,sample0.1_reference0.05,-48,-46,0.2,0,0.0,14324,0.010501158323802821,,0.0,,4.160667973643606,0.0
1024,D0005_Pnative.final.raw,sample0.1_reference0.05,-48,-46,0.25,0,0.0,14324,0.010501158323802821,,0.0,,4.160667973643606,0.0
1024,D0005_Pnative.final.raw,sample0.1_reference0.05,-48,-46,0.5,0,0.0,14324,0.010501158323802821,,0.0,,4.160667973643606,0.0
1024,D0005_Pnative.final.raw,sample0.1_reference0.05,-48,-46,1.0,0,0.0,14324,0.010501158323802821,,0.0,,4.160667973643606,0.0
1024,D0005_Pnative.final.raw,sample0.1_reference0.05,-48,-46,2.0,0,0.0,14324,0.010501158323802821,,0.0008377548170901983,,4.160667973643606,0.0
1024,D0005_Pnative.final.raw,sample0.1_reference0.05,-46,-44,0.1,0,0.0,16556,0.012137473974370254,,0.0001812031891761295,,2.438312594256584,0.0
1024,D0005_Pnative.final.raw,sample0.1_reference0.05,-46,-44,0.2,0,0.0,16556,0.012137473974370254,,0.0006040106305870984,,2.438312594256584,0.0
1024,D0005_Pnative.final.raw,sample0.1_reference0.05,-46,-44,0.25,0,0.0,16556,0.012137473974370254,,0.001147620198115487,,2.438312594256584,0.0
1024,D0005_Pnative.final.raw,sample0.1_reference0.05,-46,-44,0.5,0,0.0,16556,0.012137473974370254,,0.004348876540227108,,2.438312594256584,0.0
1024,D0005_Pnative.final.raw,sample0.1_reference0.05,-46,-44,1.0,0,0.0,16556,0.012137473974370254,,0.015523073206088428,,2.438312594256584,0.0
1024,D0005_Pnative.final.raw,sample0.1_reference0.05,-46,-44,2.0,0,0.0,16556,0.012137473974370254,,0.13318434404445517,,2.438312594256584,0.0
1024,D0005_Pnative.final.raw,sample0.1_reference0.05,-44,-42,0.1,84954,849.5390501871365,324466,0.23787132342160053,0.025331355792546556,0.011036595513859696,0.7069954535171644,1.0215527081141078,828.0190742471841
1024,D0005_Pnative.final.raw,sample0.1_reference0.05,-44,-42,0.2,84954,849.5390501871365,324466,0.23787132342160053,0.06909621677613767,0.026776303218210847,0.7069954535171644,1.0215527081141078,790.839115815612
1024,D0005_Pnative.final.raw,sample0.1_reference0.05,-44,-42,0.25,84954,849.5390501871365,324466,0.23787132342160053,0.09588718600654472,0.0387313308636344,0.7069954535171644,1.0215527081141078,768.0791412620192
1024,D0005_Pnative.final.raw,sample0.1_reference0.05,-44,-42,0.5,84954,849.5390501871365,324466,0.23787132342160053,0.39945146785319113,0.29322024495632826,0.7069954535171644,1.0215527081141078,510.189429591279
1024,D0005_Pnative.final.raw,sample0.1_reference0.05,-44,-42,1.0,84954,849.5390501871365,324466,0.23787132342160053,0.7211078936836406,0.7134430109780378,0.7069954535171644,1.0215527081141078,236.92973510468988
1024,D0005_Pnative.final.raw,sample0.1_reference0.05,-44,-42,2.0,84954,849.5390501871365,324466,0.23787132342160053,1.0,0.8244346094814249,0.7069954535171644,1.0215527081141078,0.0
1024,D0005_Pnative.final.raw,sample0.1_reference0.05,-42,-40,0.1,51948,519.4794192047622,31330,0.0229685346470778,0.03717178717178717,0.09224385572933291,1.215242761239215,0.5165833655885574,500.16944079395915
1024,D0005_Pnative.final.raw,sample0.1_reference0.05,-42,-40,0.2,51948,519.4794192047622,31330,0.0229685346470778,0.11059136059136059,0.22652409830833067,1.215242761239215,0.5165833655885574,462.0294834356977
1024,D0005_Pnative.final.raw,sample0.1_reference0.05,-42,-40,0.25,51948,519.4794192047622,31330,0.0229685346470778,0.1537114037114037,0.3028407277369933,1.215242761239215,0.5165833655885574,439.62950847961343
1024,D0005_Pnative.final.raw,sample0.1_reference0.05,-42,-40,0.5,51948,519.4794192047622,31330,0.0229685346470778,0.2987217987217987,0.567762527928503,1.215242761239215,0.5165833655885574,364.2995927009603
1024,D0005_Pnative.final.raw,sample0.1_reference0.05,-42,-40,1.0,51948,519.4794192047622,31330,0.0229685346470778,0.4839454839454839,0.90957548675391,1.215242761239215,0.5165833655885574,268.0797002779946
1024,D0005_Pnative.final.raw,sample0.1_reference0.05,-42,-40,2.0,51948,519.4794192047622,31330,0.0229685346470778,0.7902710402710402,0.9906160229811682,1.215242761239215,0.5165833655885574,108.94987819041896
1024,D0005_Pnative.final.raw,sample0.1_reference0.05,-40,-38,0.1,20209,202.08977405692306,30996,0.0227236737925574,0.16319461626008214,0.15714930958833398,0.4630867614156906,0.4572149166388633,169.1098109296168
1024,D0005_Pnative.final.raw,sample0.1_reference0.05,-40,-38,0.2,20209,202.08977405692306,30996,0.0227236737925574,0.43856697511009946,0.3531100787198348,0.4630867614156906,0.4572149166388633,113.45987314809486
1024,D0005_Pnative.final.raw,sample0.1_reference0.05,-40,-38,0.25,20209,202.08977405692306,30996,0.0227236737925574,0.5361472611212826,0.4239901922828752,0.4630867614156906,0.4572149166388633,93.73989519568492
1024,D0005_Pnative.final.raw,sample0.1_reference0.05,-40,-38,0.5,20209,202.08977405692306,30996,0.0227236737925574,0.6691573061507249,0.5784294747709382,0.4630867614156906,0.4572149166388633,66.85992524838376
1024,D0005_Pnative.final.raw,sample0.1_reference0.05,-40,-38,1.0,20209,202.08977405692306,30996,0.0227236737925574,0.9062298975703894,0.9038263001677636,0.4630867614156906,0.4572149166388633,18.949978813294532
1024,D0005_Pnative.final.raw,sample0.1_reference0.05,-40,-38,2.0,20209,202.08977405692306,30996,0.0227236737925574,0.9758523430154882,0.9976771196283392,0.4630867614156906,0.4572149166388633,4.87999454400408
1024,D0005_Pnative.final.raw,sample0.1_reference0.05,-38,-36,0.1,14148,141.4798418208396,32786,0.024035952024867305,0.059725756290641786,0.039620569755383396,0.37282203902140487,0.7918440139878697,133.02985126820957
1024,D0005_Pnative.final.raw,sample0.1_reference0.05,-38,-36,0.2,14148,141.4798418208396,32786,0.024035952024867305,0.3381396663839412,0.2023119624229854,0.37282203902140487,0.7918440139878697,93.63989530748812
1024,D0005_Pnative.final.raw,sample0.1_reference0.05,-38,-36,0.25,14148,141.4798418208396,32786,0.024035952024867305,0.5618461973423805,0.3003111083999268,0.37282203902140487,0.7918440139878697,61.98993069319937
1024,D0005_Pnative.final.raw,sample0.1_reference0.05,-38,-36,0.5,14148,141.4798418208396,32786,0.024035952024867305,0.7497879558948262,0.46840114683096445,0.37282203902140487,0.7918440139878697,35.399960421668936
1024,D0005_Pnative.final.raw,sample0.1_reference0.05,-38,-36,1.0,14148,141.4798418208396,32786,0.024035952024867305,0.9558948261238338,0.7074666015982431,0.37282203902140487,0.7918440139878697,6.2399930234806265
1024,D0005_Pnative.final.raw,sample0.1_reference0.05,-38,-36,2.0,14148,141.4798418208396,32786,0.024035952024867305,0.9968900197907832,0.9062709693161716,0.37282203902140487,0.7918440139878697,0.4399995080659416
1024,D0005_Pnative.final.raw,sample0.1_reference0.05,-36,-34,0.1,19870,198.69977784705137,28156,0.020641623412803144,0.02868646200301963,0.042690723114078705,0.4841462669285773,0.7339668204955823,192.9997842198335
1024,D0005_Pnative.final.raw,sample0.1_reference0.05,-36,-34,0.2,19870,198.69977784705137,28156,0.020641623412803144,0.26512330145948665,0.26289245631481745,0.4841462669285773,0.7339668204955823,146.01983674497453
1024,D0005_Pnative.final.raw,sample0.1_reference0.05,-36,-34,0.25,19870,198.69977784705137,28156,0.020641623412803144,0.46909914443885253,0.3993820144906947,0.4841462669285773,0.7339668204955823,105.4898820588095
1024,D0005_Pnative.final.raw,sample0.1_reference0.05,-36,-34,0.5,19870,198.69977784705137,28156,0.020641623412803144,0.610367388022144,0.5645688307998296,0.4841462669285773,0.7339668204955823,77.41991344196636
1024,D0005_Pnative.final.raw,sample0.1_reference0.05,-36,-34,1.0,19870,198.69977784705137,28156,0.020641623412803144,0.8922496225465526,0.7478334990765734,0.4841462669285773,0.7339668204955823,21.409976062935932
1024,D0005_Pnative.final.raw,sample0.1_reference0.05,-36,-34,2.0,19870,198.69977784705137,28156,0.020641623412803144,0.9931555108203322,0.8849978690154852,0.4841462669285773,0.7339668204955823,1.359998479476547
1024,D0005_Pnative.final.raw,sample0.1_reference0.05,-34,-32,0.1,17118,171.17980861529065,34072,0.024978739626403918,0.012851968687930834,0.010683258980981452,0.40476009863474033,0.773013338058987,168.97981107496094
1024,D0005_Pnative.final.raw,sample0.1_reference0.05,-34,-32,0.2,17118,171.17980861529065,34072,0.024978739626403918,0.18670405421194064,0.14977107302183612,0.40476009863474033,0.773013338058987,139.2198443475918
1024,D0005_Pnative.final.raw,sample0.1_reference0.05,-34,-32,0.25,17118,171.17980861529065,34072,0.024978739626403918,0.35272812244421076,0.23594153557173045,0.40476009863474033,0.773013338058987,110.79987612205984
1024,D0005_Pnative.final.raw,sample0.1_reference0.05,-34,-32,0.5,17118,171.17980861529065,34072,0.024978739626403918,0.7395139619114383,0.5948872974876732,0.40476009863474033,0.773013338058987,44.58995014695531
1024,D0005_Pnative.final.raw,sample0.1_reference0.05,-34,-32,1.0,17118,171.17980861529065,34072,0.024978739626403918,0.9771585465591774,0.7356480394458793,0.40476009863474033,0.773013338058987,3.9099956284950723
1024,D0005_Pnative.final.raw,sample0.1_reference0.05,-34,-32,2.0,17118,171.17980861529065,34072,0.024978739626403918,0.9949760486038088,0.8931087109650152,0.40476009863474033,0.773013338058987,0.8599990384925222
1024,D0005_Pnative.final.raw,sample0.1_reference0.05,-32,-30,0.1,30835,308.34965525484796,224694,0.1647268408551069,0.04809469758391438,0.013440501303995656,0.37858646424053927,0.8773200491236729,293.51967183526176
1024,D0005_Pnative.final.raw,sample0.1_reference0.05,-32,-30,0.2,30835,308.34965525484796,224694,0.1647268408551069,0.2633695475920221,0.07754546182808619,0.37858646424053927,0.8773200491236729,227.13974605022267
1024,D0005_Pnative.final.raw,sample0.1_reference0.05,-32,-30,0.25,30835,308.34965525484796,224694,0.1647268408551069,0.4240959948110913,0.12942490676208532,0.37858646424053927,0.8773200491236729,177.57980145988617
1024,D0005_Pnative.final.raw,sample0.1_reference0.05,-32,-30,0.5,30835,308.34965525484796,224694,0.1647268408551069,0.8472514999189233,0.32476612637631624,0.37858646424053927,0.8773200491236729,47.09994734069512
1024,D0005_Pnative.final.raw,sample0.1_reference0.05,-32,-30,1.0,30835,308.34965525484796,224694,0.1647268408551069,0.9611480460515648,0.6419842096362164,0.37858646424053927,0.8773200491236729,11.97998660597723
1024,D0005_Pnative.final.raw,sample0.1_reference0.05,-32,-30,2.0,30835,308.34965525484796,224694,0.1647268408551069,0.9898491973406843,0.9421123839532876,0.37858646424053927,0.8773200491236729,3.1299965005599937
1024,D0005_Pnative.final.raw,sample0.1_reference0.05,-30,-28,0.1,92584,925.8389648812986,240165,0.1760688836104513,0.07082217229758922,0.06465554930984947,0.41137652215916615,0.5349313421209694,860.2690381906536
1024,D0005_Pnative.final.raw,sample0.1_reference0.05,-30,-28,0.2,92584,925.8389648812986,240165,0.1760688836104513,0.19632981940724098,0.14015780817354737,0.41137652215916615,0.5349313421209694,744.0691681059664
1024,D0005_Pnative.final.raw,sample0.1_reference0.05,-30,-28,0.25,92584,925.8389648812986,240165,0.1760688836104513,0.29063337077680806,0.20796535715029252,0.41137652215916615,0.5349313421209694,656.759265721336
1024,D0005_Pnative.final.raw,sample0.1_reference0.05,-30,-28,0.5,92584,925.8389648812986,240165,0.1760688836104513,0.6594227944353236,0.5360897716153478,0.41137652215916615,0.5349313421209694,315.3196474621653
1024,D0005_Pnative.final.raw,sample0.1_reference0.05,-30,-28,1.0,92584,925.8389648812986,240165,0.1760688836104513,0.9885401365246695,0.9568796452438948,0.41137652215916615,0.5349313421209694,10.609988137681002
1024,D0005_Pnative.final.raw,sample0.1_reference0.05,-30,-28,2.0,92584,925.8389648812986,240165,0.1760688836104513,0.9991359198133587,0.977823579622343,0.41137652215916615,0.5349313421209694,0.7999991055744393
1024,D0005_Pnative.final.raw,sample0.1_reference0.05,-28,-26,0.1,116201,1162.0087008356927,359722,0.26371807278378934,0.14468033837918778,0.15853909407820482,0.3698935156376976,0.32389138464066564,993.8888887992243
1024,D0005_Pnative.final.raw,sample0.1_reference0.05,-28,-26,0.2,116201,1162.0087008356927,359722,0.26371807278378934,0.3124413731379248,0.3447439967530482,0.3698935156376976,0.32389138464066564,798.9491067483729
1024,D0005_Pnative.final.raw,sample0.1_reference0.05,-28,-26,0.25,116201,1162.0087008356927,359722,0.26371807278378934,0.4051169955508128,0.46828384141086726,0.3698935156376976,0.32389138464066564,691.2592271492337
1024,D0005_Pnative.final.raw,sample0.1_reference0.05,-28,-26,0.5,116201,1162.0087008356927,359722,0.26371807278378934,0.7067581174000224,0.8440629152512218,0.3698935156376976,0.32389138464066564,340.74961903061273
1024,D0005_Pnative.final.raw,sample0.1_reference0.05,-28,-26,1.0,116201,1162.0087008356927,359722,0.26371807278378934,0.9861877264395315,0.9829034643419085,0.3698935156376976,0.32389138464066564,16.04998205558719
1024,D0005_Pnative.final.raw,sample0.1_reference0.05,-28,-26,2.0,116201,1162.0087008356927,359722,0.26371807278378934,1.0,0.9918576011475528,0.3698935156376976,0.32389138464066564,0.0
1024,D0005_Pnative.final.raw,sample0.1_reference0.05,-26,-24,0.1,6959,69.58992219615654,18608,0.013641828685375796,0.12760454088231069,0.1338134135855546,0.8989275043963666,0.9238293640509304,60.709932124280265
1024,D0005_Pnative.final.raw,sample0.1_reference0.05,-26,-24,0.2,6959,69.58992219615654,18608,0.013641828685375796,0.29803132633999135,0.24854901117798797,0.8989275043963666,0.9238293640509304,48.849945384139204
1024,D0005_Pnative.final.raw,sample0.1_reference0.05,-26,-24,0.25,6959,69.58992219615654,18608,0.013641828685375796,0.38827417732432823,0.3132523645743766,0.8989275043963666,0.9238293640509304,42.56995240537985
1024,D0005_Pnative.final.raw,sample0.1_reference0.05,-26,-24,0.5,6959,69.58992219615654,18608,0.013641828685375796,0.7521195574076736,0.5944217540842648,0.8989275043963666,0.9238293640509304,17.249980713948847
1024,D0005_Pnative.final.raw,sample0.1_reference0.05,-26,-24,1.0,6959,69.58992219615654,18608,0.013641828685375796,0.8180773099583274,0.6747635425623387,0.8989275043963666,0.9238293640509304,12.659985845715502
1024,D0005_Pnative.final.raw,sample0.1_reference0.05,-26,-24,2.0,6959,69.58992219615654,18608,0.013641828685375796,0.8512717344446041,0.7921324161650903,0.8989275043963666,0.9238293640509304,10.34998842836931
1024,D0005_Pnative.final.raw,sample0.1_reference0.05,-24,-22,0.1,6743,67.42992461110555,2722,0.001995542652708132,0.007415097137772505,0.013592946362968405,4.648835847994069,1.4727624254348664,66.92992517012154
1024,D0005_Pnative.final.raw,sample0.1_reference0.05,-24,-22,0.2,6743,67.42992461110555,2722,0.001995542652708132,0.022690197241583866,0.02902277736958119,4.648835847994069,1.4727624254348664,65.89992632169444
1024,D0005_Pnative.final.raw,sample0.1_reference0.05,-24,-22,0.25,6743,67.42992461110555,2722,0.001995542652708132,0.03366454100548717,0.0319617927994122,4.648835847994069,1.4727624254348664,65.15992714903808
1024,D0005_Pnative.final.raw,sample0.1_reference0.05,-24,-22,0.5,6743,67.42992461110555,2722,0.001995542652708132,0.0766721044045677,0.09221160911094783,4.648835847994069,1.4727624254348664,62.25993039133074
1024,D0005_Pnative.final.raw,sample0.1_reference0.05,-24,-22,1.0,6743,67.42992461110555,2722,0.001995542652708132,0.09150229868011271,0.28104335047759,4.648835847994069,1.4727624254348664,61.259931509362694
1024,D0005_Pnative.final.raw,sample0.1_reference0.05,-24,-22,2.0,6743,67.42992461110555,2722,0.001995542652708132,0.10336645410054872,0.8126377663482733,4.648835847994069,1.4727624254348664,60.45993240378825
1024,D0005_Pnative.final.raw,sample0.1_reference0.05,-22,-20,0.1,787,7.869991201088546,2561,0.0018775109234333304,0.0,0.0,5.907596725857042,2.1419209314016383,7.869991201088546
1024,D0005_Pnative.final.raw,sample0.1_reference0.05,-22,-20,0.2,787,7.869991201088546,2561,0.0018775109234333304,0.0,0.0,5.907596725857042,2.1419209314016383,7.869991201088546
1024,D0005_Pnative.final.raw,sample0.1_reference0.05,-22,-20,0.25,787,7.869991201088546,2561,0.0018775109234333304,0.0,0.0,5.907596725857042,2.1419209314016383,7.869991201088546
1024,D0005_Pnative.final.raw,sample0.1_reference0.05,-22,-20,0.5,787,7.869991201088546,2561,0.0018775109234333304,0.0,0.0011714174150722373,5.907596725857042,2.1419209314016383,7.869991201088546
1024,D0005_Pnative.final.raw,sample0.1_reference0.05,-22,-20,1.0,787,7.869991201088546,2561,0.0018775109234333304,0.0,0.035142522452167126,5.907596725857042,2.1419209314016383,7.869991201088546
1024,D0005_Pnative.final.raw,sample0.1_reference0.05,-22,-20,2.0,787,7.869991201088546,2561,0.0018775109234333304,0.0,0.3553299492385787,5.907596725857042,2.1419209314016383,7.869991201088546
1024,D0005_Pnative.final.raw,sample0.1_reference0.05,-20,-18,0.1,0,0.0,1619,0.0011869153397261077,,0.0,,3.4507024291122748,0.0
1024,D0005_Pnative.final.raw,sample0.1_reference0.05,-20,-18,0.2,0,0.0,1619,0.0011869153397261077,,0.0,,3.4507024291122748,0.0
1024,D0005_Pnative.final.raw,sample0.1_reference0.05,-20,-18,0.25,0,0.0,1619,0.0011869153397261077,,0.0,,3.4507024291122748,0.0
1024,D0005_Pnative.final.raw,sample0.1_reference0.05,-20,-18,0.5,0,0.0,1619,0.0011869153397261077,,0.0,,3.4507024291122748,0.0
1024,D0005_Pnative.final.raw,sample0.1_reference0.05,-20,-18,1.0,0,0.0,1619,0.0011869153397261077,,0.0,,3.4507024291122748,0.0
1024,D0005_Pnative.final.raw,sample0.1_reference0.05,-20,-18,2.0,0,0.0,1619,0.0011869153397261077,,0.0,,3.4507024291122748,0.0
1024,D0005_Pnative.final.raw,sample0.1_reference0.05,-18,-16,0.1,0,0.0,239,0.00017521480308495353,,0.0,,4.473671200883937,0.0
1024,D0005_Pnative.final.raw,sample0.1_reference0.05,-18,-16,0.2,0,0.0,239,0.00017521480308495353,,0.0,,4.473671200883937,0.0
1024,D0005_Pnative.final.raw,sample0.1_reference0.05,-18,-16,0.25,0,0.0,239,0.00017521480308495353,,0.0,,4.473671200883937,0.0
1024,D0005_Pnative.final.raw,sample0.1_reference0.05,-18,-16,0.5,0,0.0,239,0.00017521480308495353,,0.0,,4.473671200883937,0.0
1024,D0005_Pnative.final.raw,sample0.1_reference0.05,-18,-16,1.0,0,0.0,239,0.00017521480308495353,,0.0,,4.473671200883937,0.0
1024,D0005_Pnative.final.raw,sample0.1_reference0.05,-18,-16,2.0,0,0.0,239,0.00017521480308495353,,0.0,,4.473671200883937,0.0
1024,D005_Pnative.final.raw,sample0.1_reference0.2,-50,-48,0.1,359,3.589996964229352,232,0.001267641803766863,0.10584958217270195,0.10775862068965517,0.3141609125040974,0.3711478782863886,3.2099972855644068
1024,D005_Pnative.final.raw,sample0.1_reference0.2,-50,-48,0.2,359,3.589996964229352,232,0.001267641803766863,0.35097493036211697,0.28879310344827586,0.3141609125040974,0.3711478782863886,2.3299980297087437
1024,D005_Pnative.final.raw,sample0.1_reference0.2,-50,-48,0.25,359,3.589996964229352,232,0.001267641803766863,0.467966573816156,0.34913793103448276,0.3141609125040974,0.3711478782863886,1.9099983848685411
1024,D005_Pnative.final.raw,sample0.1_reference0.2,-50,-48,0.5,359,3.589996964229352,232,0.001267641803766863,0.8189415041782729,0.7543103448275862,0.3141609125040974,0.3711478782863886,0.6499994503479328
1024,D005_Pnative.final.raw,sample0.1_reference0.2,-50,-48,1.0,359,3.589996964229352,232,0.001267641803766863,0.9944289693593314,0.9655172413793104,0.3141609125040974,0.3711478782863886,0.019999983087628702
1024,D005_Pnative.final.raw,sample0.1_reference0.2,-50,-48,2.0,359,3.589996964229352,232,0.001267641803766863,1.0,1.0,0.3141609125040974,0.3711478782863886,0.0
1024,D005_Pnative.final.raw,sample0.1_reference0.2,-48,-46,0.1,3523,35.22997020885796,2749,0.015020462579978909,0.07976156684643769,0.07275372862859221,0.3633411478996484,0.6909936393045986,32.419972585046125
1024,D005_Pnative.final.raw,sample0.1_reference0.2,-48,-46,0.2,3523,35.22997020885796,2749,0.015020462579978909,0.34459267669599775,0.1822480902146235,0.3633411478996484,0.6909936393045986,23.089980474667335
1024,D005_Pnative.final.raw,sample0.1_reference0.2,-48,-46,0.25,3523,35.22997020885796,2749,0.015020462579978909,0.45898382060743687,0.24772644598035648,0.3633411478996484,0.6909936393045986,19.059983882510153
1024,D005_Pnative.final.raw,sample0.1_reference0.2,-48,-46,0.5,3523,35.22997020885796,2749,0.015020462579978909,0.8251490207209764,0.4692615496544198,0.3633411478996484,0.6909936393045986,6.15999479098964
1024,D005_Pnative.final.raw,sample0.1_reference0.2,-48,-46,1.0,3523,35.22997020885796,2749,0.015020462579978909,0.9372693726937269,0.7162604583484904,0.3633411478996484,0.6909936393045986,2.2099981311829717
1024,D005_Pnative.final.raw,sample0.1_reference0.2,-48,-46,2.0,3523,35.22997020885796,2749,0.015020462579978909,0.9977292080613114,0.9927246271371408,0.3633411478996484,0.6909936393045986,0.07999993235051481
1024,D005_Pnative.final.raw,sample0.1_reference0.2,-46,-44,0.1,227,2.2699980804458577,3807,0.020801346323019172,0.0,0.0,0.7802127129706597,1.8394647277118592,2.2699980804458577
1024,D005_Pnative.final.raw,sample0.1_reference0.2,-46,-44,0.2,227,2.2699980804458577,3807,0.020801346323019172,0.0,0.0,0.7802127129706597,1.8394647277118592,2.2699980804458577
1024,D005_Pnative.final.raw,sample0.1_reference0.2,-46,-44,0.25,227,2.2699980804458577,3807,0.020801346323019172,0.0,0.0,0.7802127129706597,1.8394647277118592,2.2699980804458577
1024,D005_Pnative.final.raw,sample0.1_reference0.2,-46,-44,0.5,227,2.2699980804458577,3807,0.020801346323019172,0.048458149779735685,0.0042027843446283165,0.7802127129706597,1.8394647277118592,2.1599981734639
1024,D005_Pnative.final.raw,sample0.1_reference0.2,-46,-44,1.0,227,2.2699980804458577,3807,0.020801346323019172,0.9295154185022027,0.1536643026004728,0.7802127129706597,1.8394647277118592,0.15999986470102961
1024,D005_Pnative.final.raw,sample0.1_reference0.2,-46,-44,2.0,227,2.2699980804458577,3807,0.020801346323019172,0.9691629955947136,0.5211452587339113,0.7802127129706597,1.8394647277118592,0.06999994080670045
1024,D005_Pnative.final.raw,sample0.1_reference0.2,-44,-42,0.1,99011,990.1091627446027,37427,0.20450012840337237,0.11978467039015867,0.20348945948112326,0.4038357886856402,0.3621021506204792,871.5092630349645
1024,D005_Pnative.final.raw,sample0.1_reference0.2,-44,-42,0.2,99011,990.1091627446027,37427,0.20450012840337237,0.4287604407591076,0.42514762070163253,0.4038357886856402,0.3621021506204792,565.5895217265959
1024,D005_Pnative.final.raw,sample0.1_reference0.2,-44,-42,0.25,99011,990.1091627446027,37427,0.20450012840337237,0.5143266909737302,0.5060250621209288,0.4038357886856402,0.3621021506204792,480.8695933674007
1024,D005_Pnative.final.raw,sample0.1_reference0.2,-44,-42,0.5,99011,990.1091627446027,37427,0.20450012840337237,0.7870135641494379,0.7581692361129666,0.4038357886856402,0.3621021506204792,210.87982167595703
1024,D005_Pnative.final.raw,sample0.1_reference0.2,-44,-42,1.0,99011,990.1091627446027,37427,0.20450012840337237,0.9245740372281868,0.9517727843535415,0.4038357886856402,0.3621021506204792,74.67993684920557
1024,D005_Pnative.final.raw,sample0.1_reference0.2,-44,-42,2.0,99011,990.1091627446027,37427,0.20450012840337237,0.9844057730959186,0.9914233040318486,0.4038357886856402,0.3621021506204792,15.439986943649357
1024,D005_Pnative.final.raw,sample0.1_reference0.2,-42,-40,0.1,48138,481.3795929361352,7654,0.04182125157772229,0.06333873447172712,0.21204598902534622,0.9901441606575926,0.40013298072322195,450.88961871904525
1024,D005_Pnative.final.raw,sample0.1_reference0.2,-42,-40,0.2,48138,481.3795929361352,7654,0.04182125157772229,0.21440442062403922,0.4069767441860465,0.9901441606575926,0.40013298072322195,378.1696802124273
1024,D005_Pnative.final.raw,sample0.1_reference0.2,-42,-40,0.25,48138,481.3795929361352,7654,0.04182125157772229,0.2850139183181686,0.4793571988502744,0.9901441606575926,0.40013298072322195,344.17970895500235
1024,D005_Pnative.final.raw,sample0.1_reference0.2,-42,-40,0.5,48138,481.3795929361352,7654,0.04182125157772229,0.5062113091528522,0.7038149986934936,0.9901441606575926,0.40013298072322195,237.6997989964671
1024,D005_Pnative.final.raw,sample0.1_reference0.2,-42,-40,1.0,48138,481.3795929361352,7654,0.04182125157772229,0.7134903818189372,0.9297099555787823,0.9901441606575926,0.40013298072322195,137.91988337228753
1024,D005_Pnative.final.raw,sample0.1_reference0.2,-42,-40,2.0,48138,481.3795929361352,7654,0.04182125157772229,0.8954879720802692,0.9915077083877711,0.9901441606575926,0.40013298072322195,50.30995745693
1024,D005_Pnative.final.raw,sample0.1_reference0.2,-40,-38,0.1,24639,246.38979164804178,7352,0.04017113164350853,0.10105929623767199,0.20103373231773666,0.7462388783810999,0.44639749875926527,221.48981270394407
1024,D005_Pnative.final.raw,sample0.1_reference0.2,-40,-38,0.2,24639,246.38979164804178,7352,0.04017113164350853,0.37968261698932587,0.3892818280739935,0.7462388783810999,0.44639749875926527,152.83987075565855
1024,D005_Pnative.final.raw,sample0.1_reference0.2,-40,-38,0.25,24639,246.38979164804178,7352,0.04017113164350853,0.4689719550306425,0.46014689880304677,0.7462388783810999,0.44639749875926527,130.83988935926698
1024,D005_Pnative.final.raw,sample0.1_reference0.2,-40,-38,0.5,24639,246.38979164804178,7352,0.04017113164350853,0.6460895328544178,0.6643090315560392,0.7462388783810999,0.44639749875926527,87.19992626206114
1024,D005_Pnative.final.raw,sample0.1_reference0.2,-40,-38,1.0,24639,246.38979164804178,7352,0.04017113164350853,0.8658630626242948,0.8949945593035908,0.7462388783810999,0.44639749875926527,33.04997205230643
1024,D005_Pnative.final.raw,sample0.1_reference0.2,-40,-38,2.0,24639,246.38979164804178,7352,0.04017113164350853,0.9373757051828402,0.9859902067464635,0.7462388783810999,0.44639749875926527,15.429986952105544
1024,D005_Pnative.final.raw,sample0.1_reference0.2,-38,-36,0.1,23460,234.59980161788468,7742,0.04230208122742696,0.12152600170502983,0.19336088865926118,0.5592053785686439,0.5083249862276589,206.08982572646997
1024,D005_Pnative.final.raw,sample0.1_reference0.2,-38,-36,0.2,23460,234.59980161788468,7742,0.04230208122742696,0.3815004262574595,0.337251356238698,0.5592053785686439,0.5083249862276589,145.09987730074624
1024,D005_Pnative.final.raw,sample0.1_reference0.2,-38,-36,0.25,23460,234.59980161788468,7742,0.04230208122742696,0.4734441602728048,0.39757168690260913,0.5592053785686439,0.5083249862276589,123.52989554073868
1024,D005_Pnative.final.raw,sample0.1_reference0.2,-38,-36,0.5,23460,234.59980161788468,7742,0.04230208122742696,0.6775788576300086,0.5976491862567812,0.5592053785686439,0.5083249862276589,75.63993603741174
1024,D005_Pnative.final.raw,sample0.1_reference0.2,-38,-36,1.0,23460,234.59980161788468,7742,0.04230208122742696,0.8941602728047741,0.8580470162748643,0.5592053785686439,0.5083249862276589,24.829979003291033
1024,D005_Pnative.final.raw,sample0.1_reference0.2,-38,-36,2.0,23460,234.59980161788468,7742,0.04230208122742696,0.9518755328218244,0.9860501162490313,0.5592053785686439,0.5083249862276589,11.289990452966402
1024,D005_Pnative.final.raw,sample0.1_reference0.2,-36,-34,0.1,18146,181.45984655405522,7592,0.04148248523361218,0.10073845475586907,0.13053213909378292,0.6944964693615407,0.874335668183089,163.17986201196257
1024,D005_Pnative.final.raw,sample0.1_reference0.2,-36,-34,0.2,18146,181.45984655405522,7592,0.04148248523361218,0.3950732943899482,0.2608008429926238,0.6944964693615407,0.874335668183089,109.76990717645013
1024,D005_Pnative.final.raw,sample0.1_reference0.2,-36,-34,0.25,18146,181.45984655405522,7592,0.04148248523361218,0.495591314890334,0.3090094836670179,0.6944964693615407,0.874335668183089,91.52992260053276
1024,D005_Pnative.final.raw,sample0.1_reference0.2,-36,-34,0.5,18146,181.45984655405522,7592,0.04148248523361218,0.6539733274550865,0.5114594309799789,0.6944964693615407,0.874335668183089,62.78994690361031
1024,D005_Pnative.final.raw,sample0.1_reference0.2,-36,-34,1.0,18146,181.45984655405522,7592,0.04148248523361218,0.8595833792571366,0.7133825079030558,0.6944964693615407,0.874335668183089,25.479978453638967
1024,D005_Pnative.final.raw,sample0.1_reference0.2,-36,-34,2.0,18146,181.45984655405522,7592,0.04148248523361218,0.8932547117822109,0.8726290832455216,0.6944964693615407,0.874335668183089,19.369983620368398
1024,D005_Pnative.final.raw,sample0.1_reference0.2,-34,-32,0.1,18317,183.16984510804747,8564,0.046793467273531966,0.023748430419828576,0.033162073797290983,0.5889884402059087,1.2488309830812776,178.81984878648822
1024,D005_Pnative.final.raw,sample0.1_reference0.2,-34,-32,0.2,18317,183.16984510804747,8564,0.046793467273531966,0.14172626521810341,0.11933675852405418,0.5889884402059087,1.2488309830812776,157.2098670603054
1024,D005_Pnative.final.raw,sample0.1_reference0.2,-34,-32,0.25,18317,183.16984510804747,8564,0.046793467273531966,0.2752088224054157,0.19173283512377393,0.5889884402059087,1.2488309830812776,132.7598877356793
1024,D005_Pnative.final.raw,sample0.1_reference0.2,-34,-32,0.5,18317,183.16984510804747,8564,0.046793467273531966,0.6521810340121199,0.455978514712751,0.5889884402059087,1.2488309830812776,63.70994612564123
1024,D005_Pnative.final.raw,sample0.1_reference0.2,-34,-32,1.0,18317,183.16984510804747,8564,0.046793467273531966,0.8712671288966534,0.5941148995796357,0.5889884402059087,1.2488309830812776,23.579980060314238
1024,D005_Pnative.final.raw,sample0.1_reference0.2,-34,-32,2.0,18317,183.16984510804747,8564,0.046793467273531966,0.9429491728994923,0.7282811770200841,0.5889884402059087,1.2488309830812776,10.449991163285997
1024,D005_Pnative.final.raw,sample0.1_reference0.2,-32,-30,0.1,51076,510.7595680918618,34492,0.18846336679106312,0.046558070326572165,0.041487881247825584,0.5483086563892912,0.9576818040044806,486.9795882006713
1024,D005_Pnative.final.raw,sample0.1_reference0.2,-32,-30,0.2,51076,510.7595680918618,34492,0.18846336679106312,0.22045579136972354,0.12904441609648615,0.5483086563892912,0.9576818040044806,398.1596633085122
1024,D005_Pnative.final.raw,sample0.1_reference0.2,-32,-30,0.25,51076,510.7595680918618,34492,0.18846336679106312,0.35977758634192186,0.1958135219761104,0.5483086563892912,0.9576818040044806,326.9997234827293
1024,D005_Pnative.final.raw,sample0.1_reference0.2,-32,-30,0.5,51076,510.7595680918618,34492,0.18846336679106312,0.7128984258751664,0.43784065870346744,0.5483086563892912,0.9576818040044806,146.63987599849364
1024,D005_Pnative.final.raw,sample0.1_reference0.2,-32,-30,1.0,51076,510.7595680918618,34492,0.18846336679106312,0.8781423760670374,0.7194421894932158,0.5483086563892912,0.9576818040044806,62.23994736870052
1024,D005_Pnative.final.raw,sample0.1_reference0.2,-32,-30,2.0,51076,510.7595680918618,34492,0.18846336679106312,0.9349792466128906,0.8747245738142178,0.5483086563892912,0.9576818040044806,33.20997191700746
1024,D005_Pnative.final.raw,sample0.1_reference0.2,-30,-28,0.1,125458,1254.5789391038609,27707,0.15139030800417447,0.0501442713896284,0.1241924423430902,0.5266908167060542,0.6710591149922438,1191.6689923017248
1024,D005_Pnative.final.raw,sample0.1_reference0.2,-30,-28,0.2,125458,1254.5789391038609,27707,0.15139030800417447,0.1759792121666215,0.25387086295881905,0.5266908167060542,0.6710591149922438,1033.7991257995277
1024,D005_Pnative.final.raw,sample0.1_reference0.2,-30,-28,0.25,125458,1254.5789391038609,27707,0.15139030800417447,0.24589105517384305,0.32435846536976215,0.5266908167060542,0.6710591149922438,946.0891999687319
1024,D005_Pnative.final.raw,sample0.1_reference0.2,-30,-28,0.5,125458,1254.5789391038609,27707,0.15139030800417447,0.594198855393837,0.6693254412242393,0.5266908167060542,0.6710591149922438,509.10956948713243
1024,D005_Pnative.final.raw,sample0.1_reference0.2,-30,-28,1.0,125458,1254.5789391038609,27707,0.15139030800417447,0.9044142262749286,0.887573537373227,0.5266908167060542,0.6710591149922438,119.91989859342169
1024,D005_Pnative.final.raw,sample0.1_reference0.2,-30,-28,2.0,125458,1254.5789391038609,27707,0.15139030800417447,0.9863300865628338,0.9199480275742592,0.5266908167060542,0.6710591149922438,17.149985497641612
1024,D005_Pnative.final.raw,sample0.1_reference0.2,-28,-26,0.1,123480,1234.798955830196,31193,0.17043771890043002,0.09910916747651441,0.21979290225371076,0.5783378397160657,0.4865287370208174,1112.419059316996
1024,D005_Pnative.final.raw,sample0.1_reference0.2,-28,-26,0.2,123480,1234.798955830196,31193,0.17043771890043002,0.27248137350178164,0.37816176706312316,0.5783378397160657,0.4865287370208174,898.3392403470184
1024,D005_Pnative.final.raw,sample0.1_reference0.2,-28,-26,0.25,123480,1234.798955830196,31193,0.17043771890043002,0.32530774214447683,0.4364120155163017,0.5783378397160657,0.4865287370208174,833.1092955067174
1024,D005_Pnative.final.raw,sample0.1_reference0.2,-28,-26,0.5,123480,1234.798955830196,31193,0.17043771890043002,0.5066812439261419,0.6606289872727855,0.5783378397160657,0.4865287370208174,609.1494848914512
1024,D005_Pnative.final.raw,sample0.1_reference0.2,-28,-26,1.0,123480,1234.798955830196,31193,0.17043771890043002,0.8167476514415289,0.888757092937518,0.5783378397160657,0.4865287370208174,226.27980865343113
1024,D005_Pnative.final.raw,sample0.1_reference0.2,-28,-26,2.0,123480,1234.798955830196,31193,0.17043771890043002,0.9994897959183674,0.9706023787388196,0.5783378397160657,0.4865287370208174,0.6299994672603041
1024,D005_Pnative.final.raw,sample0.1_reference0.2,-26,-24,0.1,20086,200.85983014905506,3666,0.02003092608883328,0.02623718012546052,0.07201309328968904,1.5461952448876741,1.0381818745308398,195.5898346054649
1024,D005_Pnative.final.raw,sample0.1_reference0.2,-26,-24,0.2,20086,200.85983014905506,3666,0.02003092608883328,0.0911082345912576,0.14157119476268412,1.5461952448876741,1.0381818745308398,182.5598456238748
1024,D005_Pnative.final.raw,sample0.1_reference0.2,-26,-24,0.25,20086,200.85983014905506,3666,0.02003092608883328,0.12421587175146868,0.18357883251500273,1.5461952448876741,1.0381818745308398,175.90985124723824
1024,D005_Pnative.final.raw,sample0.1_reference0.2,-26,-24,0.5,20086,200.85983014905506,3666,0.02003092608883328,0.2483819575823957,0.3322422258592471,1.5461952448876741,1.0381818745308398,150.96987233696527
1024,D005_Pnative.final.raw,sample0.1_reference0.2,-26,-24,1.0,20086,200.85983014905506,3666,0.02003092608883328,0.3582096982973215,0.49263502454991814,1.5461952448876741,1.0381818745308398,128.9098909913108
1024,D005_Pnative.final.raw,sample0.1_reference0.2,-26,-24,2.0,20086,200.85983014905506,3666,0.02003092608883328,0.6664343323708055,0.8892525913802509,1.5461952448876741,1.0381818745308398,66.99994334355615
1024,D005_Pnative.final.raw,sample0.1_reference0.2,-24,-22,0.1,11173,111.72990551903774,1100,0.006010370621308403,0.0012530206748411349,0.015454545454545455,4.331849117404429,0.8919801080006767,111.58990563742434
1024,D005_Pnative.final.raw,sample0.1_reference0.2,-24,-22,0.2,11173,111.72990551903774,1100,0.006010370621308403,0.006981115188400609,0.04909090909090909,4.331849117404429,0.8919801080006767,110.94990617862022
1024,D005_Pnative.final.raw,sample0.1_reference0.2,-24,-22,0.25,11173,111.72990551903774,1100,0.006010370621308403,0.010113666875503446,0.07181818181818182,4.331849117404429,0.8919801080006767,110.59990647458672
1024,D005_Pnative.final.raw,sample0.1_reference0.2,-24,-22,0.5,11173,111.72990551903774,1100,0.006010370621308403,0.03213103016199767,0.21636363636363637,4.331849117404429,0.8919801080006767,108.13990855480839
1024,D005_Pnative.final.raw,sample0.1_reference0.2,-24,-22,1.0,11173,111.72990551903774,1100,0.006010370621308403,0.06658909872012889,0.63,4.331849117404429,0.8919801080006767,104.28991181043986
1024,D005_Pnative.final.raw,sample0.1_reference0.2,-24,-22,2.0,11173,111.72990551903774,1100,0.006010370621308403,0.1977087621945762,0.9827272727272728,4.331849117404429,0.8919801080006767,89.63992419875184
1024,D005_Pnative.final.raw,sample0.1_reference0.2,-22,-20,0.1,417,4.169996473770584,1027,0.005611500570985209,0.0,0.0,2.6811642622282235,1.5551266240748598,4.169996473770584
1024,D005_Pnative.final.raw,sample0.1_reference0.2,-22,-20,0.2,417,4.169996473770584,1027,0.005611500570985209,0.0,0.0,2.6811642622282235,1.5551266240748598,4.169996473770584
1024,D005_Pnative.final.raw,sample0.1_reference0.2,-22,-20,0.25,417,4.169996473770584,1027,0.005611500570985209,0.0,0.0019474196689386564,2.6811642622282235,1.5551266240748598,4.169996473770584
1024,D005_Pnative.final.raw,sample0.1_reference0.2,-22,-20,0.5,417,4.169996473770584,1027,0.005611500570985209,0.004796163069544364,0.017526777020447908,2.6811642622282235,1.5551266240748598,4.149996490682955
1024,D005_Pnative.final.raw,sample0.1_reference0.2,-22,-20,1.0,417,4.169996473770584,1027,0.005611500570985209,0.045563549160671464,0.16358325219084713,2.6811642622282235,1.5551266240748598,3.9799966344381117
1024,D005_Pnative.final.raw,sample0.1_reference0.2,-22,-20,2.0,417,4.169996473770584,1027,0.005611500570985209,0.4364508393285372,0.7672833495618305,2.6811642622282235,1.5551266240748598,2.3499980127963727
1024,D005_Pnative.final.raw,sample0.1_reference0.2,-20,-18,0.1,1949,19.48998351889417,626,0.003420447280853691,0.0,0.0,3.048874958928457,1.6946073020704258,19.48998351889417
1024,D005_Pnative.final.raw,sample0.1_reference0.2,-20,-18,0.2,1949,19.48998351889417,626,0.003420447280853691,0.0,0.0,3.048874958928457,1.6946073020704258,19.48998351889417
1024,D005_Pnative.final.raw,sample0.1_reference0.2,-20,-18,0.25,1949,19.48998351889417,626,0.003420447280853691,0.0,0.0,3.048874958928457,1.6946073020704258,19.48998351889417
1024,D005_Pnative.final.raw,sample0.1_reference0.2,-20,-18,0.5,1949,19.48998351889417,626,0.003420447280853691,0.0,0.011182108626198083,3.048874958928457,1.6946073020704258,19.48998351889417
1024,D005_Pnative.final.raw,sample0.1_reference0.2,-20,-18,1.0,1949,19.48998351889417,626,0.003420447280853691,0.001026167265264238,0.14057507987220447,3.048874958928457,1.6946073020704258,19.46998353580654
1024,D005_Pnative.final.raw,sample0.1_reference0.2,-20,-18,2.0,1949,19.48998351889417,626,0.003420447280853691,0.15495125705489995,0.670926517571885,3.048874958928457,1.6946073020704258,16.469986072662238
1024,D005_Pnative.final.raw,sample0.1_reference0.2,-18,-16,0.1,99,0.9899991628376208,87,0.0004753656764125737,0.0,0.0,4.204539131823901,2.106286488730332,0.9899991628376208
1024,D005_Pnative.final.raw,sample0.1_reference0.2,-18,-16,0.2,99,0.9899991628376208,87,0.0004753656764125737,0.0,0.0,4.204539131823901,2.106286488730332,0.9899991628376208
1024,D005_Pnative.final.raw,sample0.1_reference0.2,-18,-16,0.25,99,0.9899991628376208,87,0.0004753656764125737,0.0,0.0,4.204539131823901,2.106286488730332,0.9899991628376208
1024,D005_Pnative.final.raw,sample0.1_reference0.2,-18,-16,0.5,99,0.9899991628376208,87,0.0004753656764125737,0.0,0.0,4.204539131823901,2.106286488730332,0.9899991628376208
1024,D005_Pnative.final.raw,sample0.1_reference0.2,-18,-16,1.0,99,0.9899991628376208,87,0.0004753656764125737,0.0,0.0,4.204539131823901,2.106286488730332,0.9899991628376208
1024,D005_Pnative.final.raw,sample0.1_reference0.2,-18,-16,2.0,99,0.9899991628376208,87,0.0004753656764125737,0.04040404040404041,0.4942528735632184,4.204539131823901,2.106286488730332,0.9499991966623633
1024,D0005_Pnative.final.raw,sample0.1_reference0.2,-50,-48,0.1,0,0.0,232,0.001267641803766863,,0.0,,5.396716247344839,0.0
1024,D0005_Pnative.final.raw,sample0.1_reference0.2,-50,-48,0.2,0,0.0,232,0.001267641803766863,,0.0,,5.396716247344839,0.0
1024,D0005_Pnative.final.raw,sample0.1_reference0.2,-50,-48,0.25,0,0.0,232,0.001267641803766863,,0.0,,5.396716247344839,0.0
1024,D0005_Pnative.final.raw,sample0.1_reference0.2,-50,-48,0.5,0,0.0,232,0.001267641803766863,,0.0,,5.396716247344839,0.0
1024,D0005_Pnative.final.raw,sample0.1_reference0.2,-50,-48,1.0,0,0.0,232,0.001267641803766863,,0.0,,5.396716247344839,0.0
1024,D0005_Pnative.final.raw,sample0.1_reference0.2,-50,-48,2.0,0,0.0,232,0.001267641803766863,,0.0,,5.396716247344839,0.0
1024,D0005_Pnative.final.raw,sample0.1_reference0.2,-48,-46,0.1,0,0.0,2749,0.015020462579978909,,0.0,,4.0232188211176,0.0
1024,D0005_Pnative.final.raw,sample0.1_reference0.2,-48,-46,0.2,0,0.0,2749,0.015020462579978909,,0.0,,4.0232188211176,0.0
1024,D0005_Pnative.final.raw,sample0.1_reference0.2,-48,-46,0.25,0,0.0,2749,0.015020462579978909,,0.0,,4.0232188211176,0.0
1024,D0005_Pnative.final.raw,sample0.1_reference0.2,-48,-46,0.5,0,0.0,2749,0.015020462579978909,,0.0,,4.0232188211176,0.0
1024,D0005_Pnative.final.raw,sample0.1_reference0.2,-48,-46,1.0,0,0.0,2749,0.015020462579978909,,0.0,,4.0232188211176,0.0
1024,D0005_Pnative.final.raw,sample0.1_reference0.2,-48,-46,2.0,0,0.0,2749,0.015020462579978909,,0.0025463805020007274,,4.0232188211176,0.0
1024,D0005_Pnative.final.raw,sample0.1_reference0.2,-46,-44,0.1,0,0.0,3807,0.020801346323019172,,0.0002626740215392698,,2.340402524541581,0.0
1024,D0005_Pnative.final.raw,sample0.1_reference0.2,-46,-44,0.2,0,0.0,3807,0.020801346323019172,,0.001313370107696349,,2.340402524541581,0.0
1024,D0005_Pnative.final.raw,sample0.1_reference0.2,-46,-44,0.25,0,0.0,3807,0.020801346323019172,,0.0021013921723141583,,2.340402524541581,0.0
1024,D0005_Pnative.final.raw,sample0.1_reference0.2,-46,-44,0.5,0,0.0,3807,0.020801346323019172,,0.007880220646178092,,2.340402524541581,0.0
1024,D0005_Pnative.final.raw,sample0.1_reference0.2,-46,-44,1.0,0,0.0,3807,0.020801346323019172,,0.029156816390858944,,2.340402524541581,0.0
1024,D0005_Pnative.final.raw,sample0.1_reference0.2,-46,-44,2.0,0,0.0,3807,0.020801346323019172,,0.22563698450223274,,2.340402524541581,0.0
1024,D0005_Pnative.final.raw,sample0.1_reference0.2,-44,-42,0.1,84954,849.5390501871365,37427,0.20450012840337237,0.015773241989782708,0.019264167579554868,0.72329722362547,1.1378060428342673,836.1390651687647
1024,D0005_Pnative.final.raw,sample0.1_reference0.2,-44,-42,0.2,84954,849.5390501871365,37427,0.20450012840337237,0.058984862396120254,0.04218879418601544,0.72329722362547,1.1378060428342673,799.4291062117176
1024,D0005_Pnative.final.raw,sample0.1_reference0.2,-44,-42,0.25,84954,849.5390501871365,37427,0.20450012840337237,0.08478706123313794,0.05827343896117776,0.72329722362547,1.1378060428342673,777.5091307189779
1024,D0005_Pnative.final.raw,sample0.1_reference0.2,-44,-42,0.5,84954,849.5390501871365,37427,0.20450012840337237,0.373778750853403,0.275309268709755,0.72329722362547,1.1378060428342673,531.9994052070022
1024,D0005_Pnative.final.raw,sample0.1_reference0.2,-44,-42,1.0,84954,849.5390501871365,37427,0.20450012840337237,0.7179885585140193,0.6351297191866834,0.72329722362547,1.1378060428342673,239.57973214190523
1024,D0005_Pnative.final.raw,sample0.1_reference0.2,-44,-42,2.0,84954,849.5390501871365,37427,0.20450012840337237,1.0,0.7901782135891201,0.72329722362547,1.1378060428342673,0.0
1024,D0005_Pnative.final.raw,sample0.1_reference0.2,-42,-40,0.1,51948,519.4794192047622,7654,0.04182125157772229,0.02161777161777162,0.09001829108962633,1.2295146208453018,0.553923249241224,508.24943176026096
1024,D0005_Pnative.final.raw,sample0.1_reference0.2,-42,-40,0.2,51948,519.4794192047622,7654,0.04182125157772229,0.09769384769384769,0.22053828063757513,1.2295146208453018,0.553923249241224,468.7294759448837
1024,D0005_Pnative.final.raw,sample0.1_reference0.2,-42,-40,0.25,51948,519.4794192047622,7654,0.04182125157772229,0.14002464002464002,0.29500914554481317,1.2295146208453018,0.553923249241224,446.7395005304063
1024,D0005_Pnative.final.raw,sample0.1_reference0.2,-42,-40,0.5,51948,519.4794192047622,7654,0.04182125157772229,0.2901940401940402,0.5482100862294226,1.2295146208453018,0.553923249241224,368.72958774807876
1024,D0005_Pnative.final.raw,sample0.1_reference0.2,-42,-40,1.0,51948,519.4794192047622,7654,0.04182125157772229,0.4810964810964811,0.876927096942775,1.2295146208453018,0.553923249241224,269.5596986233073
1024,D0005_Pnative.final.raw,sample0.1_reference0.2,-42,-40,2.0,51948,519.4794192047622,7654,0.04182125157772229,0.7877492877492878,0.9873268879017507,1.2295146208453018,0.553923249241224,110.2598767257971
1024,D0005_Pnative.final.raw,sample0.1_reference0.2,-40,-38,0.1,20209,202.08977405692306,7352,0.04017113164350853,0.09203820080162303,0.15220348204570186,0.4807019606165986,0.44113082665451603,183.48979485231735
1024,D0005_Pnative.final.raw,sample0.1_reference0.2,-40,-38,0.2,20209,202.08977405692306,7352,0.04017113164350853,0.39838685734078877,0.35391730141458105,0.4807019606165986,0.44113082665451603,121.57986406967541
1024,D0005_Pnative.final.raw,sample0.1_reference0.2,-40,-38,0.25,20209,202.08977405692306,7352,0.04017113164350853,0.5165025483695384,0.44056039173014144,0.4807019606165986,0.44113082665451603,97.70989075709808
1024,D0005_Pnative.final.raw,sample0.1_reference0.2,-40,-38,0.5,20209,202.08977405692306,7352,0.04017113164350853,0.6640110841704191,0.6232317736670294,0.4807019606165986,0.44113082665451603,67.89992408563053
1024,D0005_Pnative.final.raw,sample0.1_reference0.2,-40,-38,1.0,20209,202.08977405692306,7352,0.04017113164350853,0.9024197139888168,0.9045157780195865,0.4807019606165986,0.44113082665451603,19.71997795240993
1024,D0005_Pnative.final.raw,sample0.1_reference0.2,-40,-38,2.0,20209,202.08977405692306,7352,0.04017113164350853,0.9754564797862338,0.9978237214363439,0.4807019606165986,0.44113082665451603,4.9599944545615235
1024,D0005_Pnative.final.raw,sample0.1_reference0.2,-38,-36,0.1,14148,141.4798418208396,7742,0.04230208122742696,0.025233248515691264,0.03862051149573754,0.3877684432632679,0.8654624941811501,137.90984581221366
1024,D0005_Pnative.final.raw,sample0.1_reference0.2,-38,-36,0.2,14148,141.4798418208396,7742,0.04230208122742696,0.2844218264065592,0.18005683285972618,0.3877684432632679,0.8654624941811501,101.2398868104453
1024,D0005_Pnative.final.raw,sample0.1_reference0.2,-38,-36,0.25,14148,141.4798418208396,7742,0.04230208122742696,0.5098247102063896,0.28829759752002065,0.3877684432632679,0.8654624941811501,69.34992246448421
1024,D0005_Pnative.final.raw,sample0.1_reference0.2,-38,-36,0.5,14148,141.4798418208396,7742,0.04230208122742696,0.742719819055697,0.47571686902609145,0.3877684432632679,0.8654624941811501,36.39995930363699
1024,D0005_Pnative.final.raw,sample0.1_reference0.2,-38,-36,1.0,14148,141.4798418208396,7742,0.04230208122742696,0.9546932428611818,0.6772151898734177,0.3877684432632679,0.8654624941811501,6.409992833415195
1024,D0005_Pnative.final.raw,sample0.1_reference0.2,-38,-36,2.0,14148,141.4798418208396,7742,0.04230208122742696,0.9968900197907832,0.8603719969000259,0.3877684432632679,0.8654624941811501,0.4399995080659416
1024,D0005_Pnative.final.raw,sample0.1_reference0.2,-36,-34,0.1,19870,198.69977784705137,7592,0.04148248523361218,0.01353799698037242,0.02726554267650158,0.498926928710563,0.8492920108356674,196.0097808545573
1024,D0005_Pnative.final.raw,sample0.1_reference0.2,-36,-34,0.2,19870,198.69977784705137,7592,0.04148248523361218,0.2143935581278309,0.1994204425711275,0.498926928710563,0.8492920108356674,156.09982547521247
1024,D0005_Pnative.final.raw,sample0.1_reference0.2,-36,-34,0.25,19870,198.69977784705137,7592,0.04148248523361218,0.4157020634121792,0.3404899894625922,0.498926928710563,0.8492920108356674,116.0998701964905
1024,D0005_Pnative.final.raw,sample0.1_reference0.2,-36,-34,0.5,19870,198.69977784705137,7592,0.04148248523361218,0.6073980875691998,0.5330611169652265,0.498926928710563,0.8492920108356674,78.00991278232752
1024,D0005_Pnative.final.raw,sample0.1_reference0.2,-36,-34,1.0,19870,198.69977784705137,7592,0.04148248523361218,0.8842476094614997,0.6775553213909379,0.498926928710563,0.8492920108356674,22.99997428526513
1024,D0005_Pnative.final.raw,sample0.1_reference0.2,-36,-34,2.0,19870,198.69977784705137,7592,0.04148248523361218,0.9931555108203322,0.8490516332982087,0.498926928710563,0.8492920108356674,1.359998479476547
1024,D0005_Pnative.final.raw,sample0.1_reference0.2,-34,-32,0.1,17118,171.17980861529065,8564,0.046793467273531966,0.004030844724851034,0.009341429238673517,0.42037201097356824,1.0051724566975124,170.4898093867327
1024,D0005_Pnative.final.raw,sample0.1_reference0.2,-34,-32,0.2,17118,171.17980861529065,8564,0.046793467273531966,0.1508353779647155,0.10474077533862682,0.42037201097356824,1.0051724566975124,145.35983748287563
1024,D0005_Pnative.final.raw,sample0.1_reference0.2,-34,-32,0.25,17118,171.17980861529065,8564,0.046793467273531966,0.3034817151536394,0.1884633348902382,0.42037201097356824,1.0051724566975124,119.2298666970505
1024,D0005_Pnative.final.raw,sample0.1_reference0.2,-34,-32,0.5,17118,171.17980861529065,8564,0.046793467273531966,0.7257273045916579,0.47209248014946287,0.42037201097356824,1.0051724566975124,46.94994750839991
1024,D0005_Pnative.final.raw,sample0.1_reference0.2,-34,-32,1.0,17118,171.17980861529065,8564,0.046793467273531966,0.9754644234139502,0.5975011676786548,0.42037201097356824,1.0051724566975124,4.199995304265807
1024,D0005_Pnative.final.raw,sample0.1_reference0.2,-34,-32,2.0,17118,171.17980861529065,8564,0.046793467273531966,0.9949760486038088,0.827767398411957,0.42037201097356824,1.0051724566975124,0.8599990384925222
1024,D0005_Pnative.final.raw,sample0.1_reference0.2,-32,-30,0.1,30835,308.34965525484796,34492,0.18846336679106312,0.026268850332414464,0.014525107271251305,0.3945860480971854,1.0428110617083421,300.2496643109068
1024,D0005_Pnative.final.raw,sample0.1_reference0.2,-32,-30,0.2,30835,308.34965525484796,34492,0.18846336679106312,0.20839954597048807,0.07735126985967761,0.3945860480971854,1.0428110617083421,244.08972709958113
1024,D0005_Pnative.final.raw,sample0.1_reference0.2,-32,-30,0.25,30835,308.34965525484796,34492,0.18846336679106312,0.3717528782227988,0.12721790560129886,0.3945860480971854,1.0428110617083421,193.71978341485047
1024,D0005_Pnative.final.raw,sample0.1_reference0.2,-32,-30,0.5,30835,308.34965525484796,34492,0.18846336679106312,0.838624939192476,0.3023019830685376,0.3945860480971854,1.0428110617083421,49.759944366730124
1024,D0005_Pnative.final.raw,sample0.1_reference0.2,-32,-30,1.0,30835,308.34965525484796,34492,0.18846336679106312,0.9606615858602238,0.556186941899571,0.3945860480971854,1.0428110617083421,12.129986438272436
1024,D0005_Pnative.final.raw,sample0.1_reference0.2,-32,-30,2.0,30835,308.34965525484796,34492,0.18846336679106312,0.9898167666612615,0.8772179056012989,0.3945860480971854,1.0428110617083421,3.139996489379674
1024,D0005_Pnative.final.raw,sample0.1_reference0.2,-30,-28,0.1,92584,925.8389648812986,27707,0.15139030800417447,0.044942970707681676,0.08037680008662071,0.4276778860760115,0.6345336353525527,884.2290114026081
1024,D0005_Pnative.final.raw,sample0.1_reference0.2,-30,-28,0.2,92584,925.8389648812986,27707,0.15139030800417447,0.16679987902877386,0.17724762695347746,0.4276778860760115,0.6345336353525527,771.4091375389728
1024,D0005_Pnative.final.raw,sample0.1_reference0.2,-30,-28,0.25,92584,925.8389648812986,27707,0.15139030800417447,0.25901883694806876,0.25152488540801965,0.4276778860760115,0.6345336353525527,686.0292329965407
1024,D0005_Pnative.final.raw,sample0.1_reference0.2,-30,-28,0.5,92584,925.8389648812986,27707,0.15139030800417447,0.6430808779054696,0.5725628902443426,0.4276778860760115,0.6345336353525527,330.44963054634184
1024,D0005_Pnative.final.raw,sample0.1_reference0.2,-30,-28,1.0,92584,925.8389648812986,27707,0.15139030800417447,0.988172902445347,0.8760602013931498,0.4276778860760115,0.6345336353525527,10.949987757550138
1024,D0005_Pnative.final.raw,sample0.1_reference0.2,-30,-28,2.0,92584,925.8389648812986,27707,0.15139030800417447,0.9991143178086926,0.933554697368896,0.4276778860760115,0.6345336353525527,0.8199990832138003
1024,D0005_Pnative.final.raw,sample0.1_reference0.2,-28,-26,0.1,116201,1162.0087008356927,31193,0.17043771890043002,0.08651388542267278,0.17802070977462892,0.3928706199919033,0.4118269204069171,1061.4788132314447
1024,D0005_Pnative.final.raw,sample0.1_reference0.2,-28,-26,0.2,116201,1162.0087008356927,31193,0.17043771890043002,0.26834536707945716,0.3489885551245472,0.3928706199919033,0.4118269204069171,850.1890494604157
1024,D0005_Pnative.final.raw,sample0.1_reference0.2,-28,-26,0.25,116201,1162.0087008356927,31193,0.17043771890043002,0.3604271908159138,0.4468310197800789,0.3928706199919033,0.4118269204069171,743.1891690898344
1024,D0005_Pnative.final.raw,sample0.1_reference0.2,-28,-26,0.5,116201,1162.0087008356927,31193,0.17043771890043002,0.6914226211478387,0.7968454460936749,0.3928706199919033,0.4118269204069171,358.5695991072834
1024,D0005_Pnative.final.raw,sample0.1_reference0.2,-28,-26,1.0,116201,1162.0087008356927,31193,0.17043771890043002,0.9850001290866688,0.9305934023659155,0.3928706199919033,0.4118269204069171,17.429980512703096
1024,D0005_Pnative.final.raw,sample0.1_reference0.2,-28,-26,2.0,116201,1162.0087008356927,31193,0.17043771890043002,1.0,0.9675247651716732,0.3928706199919033,0.4118269204069171,0.0
1024,D0005_Pnative.final.raw,sample0.1_reference0.2,-26,-24,0.1,6959,69.58992219615654,3666,0.02003092608883328,0.0729989941083489,0.07610474631751228,0.9175871305969326,1.4175116649144333,64.50992787575885
1024,D0005_Pnative.final.raw,sample0.1_reference0.2,-26,-24,0.2,6959,69.58992219615654,3666,0.02003092608883328,0.2615318292858169,0.1546644844517185,0.9175871305969326,1.4175116649144333,51.38994254433805
1024,D0005_Pnative.final.raw,sample0.1_reference0.2,-26,-24,0.25,6959,69.58992219615654,3666,0.02003092608883328,0.35852852421324904,0.20349154391707583,0.9175871305969326,1.4175116649144333,44.63995009105371
1024,D0005_Pnative.final.raw,sample0.1_reference0.2,-26,-24,0.5,6959,69.58992219615654,3666,0.02003092608883328,0.7337261100732864,0.36033824331696673,0.9175871305969326,1.4175116649144333,18.529979282867952
1024,D0005_Pnative.final.raw,sample0.1_reference0.2,-26,-24,1.0,6959,69.58992219615654,3666,0.02003092608883328,0.8180773099583274,0.4277141298417894,0.9175871305969326,1.4175116649144333,12.659985845715502
1024,D0005_Pnative.final.raw,sample0.1_reference0.2,-26,-24,2.0,6959,69.58992219615654,3666,0.02003092608883328,0.8512717344446041,0.6306601200218221,0.9175871305969326,1.4175116649144333,10.34998842836931
1024,D0005_Pnative.final.raw,sample0.1_reference0.2,-24,-22,0.1,6743,67.42992461110555,1100,0.006010370621308403,0.005932077710218004,0.02181818181818182,4.661387077027961,1.388851368016119,67.02992505831834
1024,D0005_Pnative.final.raw,sample0.1_reference0.2,-24,-22,0.2,6743,67.42992461110555,1100,0.006010370621308403,0.021355479756784815,0.038181818181818185,4.661387077027961,1.388851368016119,65.98992622107156
1024,D0005_Pnative.final.raw,sample0.1_reference0.2,-24,-22,0.25,6743,67.42992461110555,1100,0.006010370621308403,0.03203321963517722,0.04,4.661387077027961,1.388851368016119,65.26992702605457
1024,D0005_Pnative.final.raw,sample0.1_reference0.2,-24,-22,0.5,6743,67.42992461110555,1100,0.006010370621308403,0.0763755005190568,0.11272727272727273,4.661387077027961,1.388851368016119,62.2799303689701
1024,D0005_Pnative.final.raw,sample0.1_reference0.2,-24,-22,1.0,6743,67.42992461110555,1100,0.006010370621308403,0.09150229868011271,0.3190909090909091,4.661387077027961,1.388851368016119,61.259931509362694
1024,D0005_Pnative.final.raw,sample0.1_reference0.2,-24,-22,2.0,6743,67.42992461110555,1100,0.006010370621308403,0.10336645410054872,0.8427272727272728,4.661387077027961,1.388851368016119,60.45993240378825
1024,D0005_Pnative.final.raw,sample0.1_reference0.2,-22,-20,0.1,787,7.869991201088546,1027,0.005611500570985209,0.0,0.0,5.916362487559622,2.1022023895234887,7.869991201088546
1024,D0005_Pnative.final.raw,sample0.1_reference0.2,-22,-20,0.2,787,7.869991201088546,1027,0.005611500570985209,0.0,0.0,5.916362487559622,2.1022023895234887,7.869991201088546
1024,D0005_Pnative.final.raw,sample0.1_reference0.2,-22,-20,0.25,787,7.869991201088546,1027,0.005611500570985209,0.0,0.0,5.916362487559622,2.1022023895234887,7.869991201088546
1024,D0005_Pnative.final.raw,sample0.1_reference0.2,-22,-20,0.5,787,7.869991201088546,1027,0.005611500570985209,0.0,0.0019474196689386564,5.916362487559622,2.1022023895234887,7.869991201088546
1024,D0005_Pnative.final.raw,sample0.1_reference0.2,-22,-20,1.0,787,7.869991201088546,1027,0.005611500570985209,0.0,0.03992210321324245,5.916362487559622,2.1022023895234887,7.869991201088546
1024,D0005_Pnative.final.raw,sample0.1_reference0.2,-22,-20,2.0,787,7.869991201088546,1027,0.005611500570985209,0.0,0.3885102239532619,5.916362487559622,2.1022023895234887,7.869991201088546
1024,D0005_Pnative.final.raw,sample0.1_reference0.2,-20,-18,0.1,0,0.0,626,0.003420447280853691,,0.0,,3.441799307021851,0.0
1024,D0005_Pnative.final.raw,sample0.1_reference0.2,-20,-18,0.2,0,0.0,626,0.003420447280853691,,0.0,,3.441799307021851,0.0
1024,D0005_Pnative.final.raw,sample0.1_reference0.2,-20,-18,0.25,0,0.0,626,0.003420447280853691,,0.0,,3.441799307021851,0.0
1024,D0005_Pnative.final.raw,sample0.1_reference0.2,-20,-18,0.5,0,0.0,626,0.003420447280853691,,0.0,,3.441799307021851,0.0
1024,D0005_Pnative.final.raw,sample0.1_reference0.2,-20,-18,1.0,0,0.0,626,0.003420447280853691,,0.0,,3.441799307021851,0.0
1024,D0005_Pnative.final.raw,sample0.1_reference0.2,-20,-18,2.0,0,0.0,626,0.003420447280853691,,0.0,,3.441799307021851,0.0
1024,D0005_Pnative.final.raw,sample0.1_reference0.2,-18,-16,0.1,0,0.0,87,0.0004753656764125737,,0.0,,4.477573838727228,0.0
1024,D0005_Pnative.final.raw,sample0.1_reference0.2,-18,-16,0.2,0,0.0,87,0.0004753656764125737,,0.0,,4.477573838727228,0.0
1024,D0005_Pnative.final.raw,sample0.1_reference0.2,-18,-16,0.25,0,0.0,87,0.0004753656764125737,,0.0,,4.477573838727228,0.0
1024,D0005_Pnative.final.raw,sample0.1_reference0.2,-18,-16,0.5,0,0.0,87,0.0004753656764125737,,0.0,,4.477573838727228,0.0
1024,D0005_Pnative.final.raw,sample0.1_reference0.2,-18,-16,1.0,0,0.0,87,0.0004753656764125737,,0.0,,4.477573838727228,0.0
1024,D0005_Pnative.final.raw,sample0.1_reference0.2,-18,-16,2.0,0,0.0,87,0.0004753656764125737,,0.0,,4.477573838727228,0.0
