# Phase 2 scene: natural Amsterdam Jordaan 200x200m block
# block center EPSG:7415 = (120343.28, 486511.15)
# ground Z (EPSG:7415) = -0.218m  (mapped to OBJ Y=0)
mtllib scene.mtl
o NL.IMBAG.Pand.0363100012066398_tri-slope
v -98.6408 -0.5720 -70.1460
v -100.1998 -0.5720 -66.7970
v -94.7198 -0.5720 -64.2050
v -89.7378 -0.5720 -74.6880
v -89.6888 -0.5720 -74.7050
v -90.3898 -0.5720 -76.5460
v -90.4368 -0.5720 -76.5280
v -94.6258 -0.5720 -78.4920
v -91.1348 -0.5720 -71.7480
v -89.7788 -0.5720 -74.9400
v -90.2138 -0.5720 -76.0840
v -95.1088 -0.5720 -77.4870
v -90.4368 -13.1910 -76.5280
v -90.3898 -13.0880 -76.5460
v -90.2138 -14.0970 -76.0840
v -100.1998 -16.5400 -66.7970
v -98.6408 -16.4670 -70.1460
v -94.7198 -16.3280 -64.2050
v -91.1348 -16.1600 -71.7480
v -91.1348 -14.0330 -71.7480
v -89.7378 -12.7820 -74.6880
v -90.2138 -16.1100 -76.0840
v -89.7788 -13.0780 -74.9400
v -89.7788 -16.0960 -74.9400
v -91.3328 -16.1630 -73.4050
v -91.3328 -15.8000 -73.4050
v -89.6888 -12.6750 -74.7050
v -91.1838 -16.1480 -76.4320
v -91.1838 -14.3490 -76.4320
v -91.7178 -16.1710 -75.9880
v -95.1088 -16.3020 -77.4870
v -94.6258 -13.0580 -78.4920
v -90.4708 -14.0230 -73.9090
v -90.4708 -16.1270 -73.9090
usemtl Ground
s off
f 1 2 3 9 4 5 10 11 6 7 8 12
usemtl Wall
s off
f 13 7 6 14
usemtl Wall
s off
f 14 6 11 15
usemtl Wall
s off
f 16 2 1 17
usemtl Wall
s off
f 18 3 2 16
usemtl Wall
s off
f 19 20 9 3 18
usemtl Wall
s off
f 21 4 9 20
usemtl Wall
s off
f 22 15 11 10 23 24
usemtl Wall
s off
f 25 26 20 19
usemtl Wall
s off
f 27 5 4 21
usemtl Wall
s off
f 23 10 5 27
usemtl Wall
s off
f 28 29 15 22
usemtl Wall
s off
f 29 28 30
usemtl Wall
s off
f 17 1 12 31
usemtl Wall
s off
f 31 12 8 32
usemtl Wall
s off
f 24 23 33 34
usemtl Wall
s off
f 34 33 26 25
usemtl Wall
s off
f 32 8 7 13
usemtl Roof
s off
f 34 25 19 18 16 17 31 30 28 22 24
usemtl Roof
s off
f 26 33 23 27 21 20
usemtl Roof
s off
f 32 13 14 15 29 30 31
o NL.IMBAG.Pand.0363100012100805_flat
v -83.5908 -0.5880 -36.5170
v -81.1498 -0.5880 -41.7960
v -87.1888 -0.5880 -44.9860
v -94.3588 -0.5880 -29.9460
v -93.6998 -0.5880 -28.0360
v -88.6908 -0.5880 -25.6940
v -81.1498 -17.1410 -41.7960
v -83.5908 -17.1600 -36.5170
v -87.1888 -16.9400 -44.9860
v -93.6998 -17.0360 -28.0360
v -94.3588 -16.9900 -29.9460
v -88.6908 -17.1980 -25.6940
usemtl Ground
s off
f 35 36 37 38 39 40
usemtl Wall
s off
f 41 36 35 42
usemtl Wall
s off
f 43 37 36 41
usemtl Wall
s off
f 44 39 38 45
usemtl Wall
s off
f 46 40 39 44
usemtl Wall
s off
f 45 38 37 43
usemtl Wall
s off
f 42 35 40 46
usemtl Roof
s off
f 42 46 44 45 43 41
o NL.IMBAG.Pand.0363100012102915_flat
v -79.4098 -0.5920 -4.6860
v -85.0748 -0.5920 7.2890
v -83.0508 -0.5920 8.2030
v -82.3498 -0.5920 6.8130
v -79.2398 -0.5920 8.3020
v -74.1298 -0.5920 -2.2260
v -82.3498 -13.9530 6.8130
v -83.0508 -13.9180 8.2030
v -79.2398 -13.9340 8.3020
v -85.0748 -13.9290 7.2890
v -79.4098 -14.2270 -4.6860
v -74.1298 -14.1970 -2.2260
usemtl Ground
s off
f 47 48 49 50 51 52
usemtl Wall
s off
f 53 50 49 54
usemtl Wall
s off
f 55 51 50 53
usemtl Wall
s off
f 56 48 47 57
usemtl Wall
s off
f 54 49 48 56
usemtl Wall
s off
f 57 47 52 58
usemtl Wall
s off
f 58 52 51 55
usemtl Roof
s off
f 58 55 53 54 56 57
o NL.IMBAG.Pand.0363100012130645_complex
v -72.7608 -0.4650 -47.6060
v -83.6468 -0.4650 -52.5750
v -87.1888 -0.4650 -44.9860
v -81.1498 -0.4650 -41.7960
v -37.9998 -0.4650 -21.5960
v -32.7198 -0.4650 -19.0760
v -16.7008 -0.4650 -11.6160
v -16.2008 -0.4650 -12.5460
v -9.3008 -0.4650 -9.2960
v 4.3302 -0.4650 -2.7350
v 6.0102 -0.4650 -9.9650
v -6.4298 -0.4650 -15.5760
v -16.1208 -0.4650 -20.2470
v -15.6798 -0.4650 -20.9860
v -5.5148 -0.4650 -7.4740
v -2.9618 -0.4650 -6.2460
v -0.0338 -0.4650 -12.6920
v -7.8118 -0.4650 -16.2420
v -71.6668 -0.4650 -47.0970
v -76.1888 -0.4650 -39.4740
v -10.2638 -0.4650 -9.7500
v -40.7088 -0.4650 -32.6590
v -48.8608 -0.4650 -36.4610
v -55.9978 -0.4650 -39.7890
v -57.4438 -0.4650 -40.4640
v -69.1368 -0.4650 -45.9170
v -78.8168 -0.4650 -50.3700
v -80.4158 -0.4650 -51.1000
v -82.1228 -0.4650 -51.8790
v -85.1688 -0.4650 -49.3140
v -83.9938 -0.4650 -43.2980
v -82.4088 -0.4650 -42.4610
v -73.1878 -0.4650 -38.0690
v -61.5348 -0.4650 -32.6140
v -59.2978 -0.4650 -31.5670
v -55.5008 -0.4650 -29.7890
v -44.5048 -0.4650 -24.6410
v -15.9878 -0.4650 -12.4470
v 2.6942 -0.4650 -3.5230
v 4.2932 -0.4650 -10.7400
v -11.3158 -0.4650 -17.9310
v -18.1088 -0.4650 -22.1190
v -82.4088 -15.5300 -42.4610
v -83.9938 -18.9400 -43.2980
v 6.0102 -17.8940 -9.9650
v 4.3302 -18.0630 -2.7350
v 2.6942 -23.1270 -3.5230
v 4.2932 -23.1730 -10.7400
v -81.1498 -15.5100 -41.7960
v -15.9878 -4.1130 -12.4470
v -15.9878 -3.6190 -12.4470
v -16.2008 -4.1110 -12.5460
v -15.7118 -5.2620 -13.6020
v -15.7118 -4.6200 -13.6020
v -16.7008 -3.0670 -11.6160
v -80.4158 -18.8730 -51.1000
v -78.8168 -15.5230 -50.3700
v -32.7198 -2.8690 -19.0760
v -37.9998 -2.8590 -21.5960
v -18.1088 -5.2670 -22.1190
v -18.1088 -3.5550 -22.1190
v -15.6798 -5.2810 -20.9860
v -87.1888 -12.3370 -44.9860
v -75.3748 -15.4330 -41.1610
v -75.3748 -4.2290 -41.1610
v -76.1888 -4.2250 -39.4740
v -76.1888 -15.4350 -39.4740
v -72.7608 -15.4310 -47.6060
v -57.4438 -2.1170 -40.4640
v -55.9978 -2.0840 -39.7890
v -55.9978 -3.4320 -39.7890
v -48.8608 -2.1600 -36.4610
v -48.8608 -3.3390 -36.4610
v -6.4298 -16.3110 -15.5760
v -0.0338 -23.2460 -12.6920
v -83.5878 -15.1550 -49.0910
v -83.5878 -15.4640 -49.0910
v -83.1518 -15.4410 -49.6600
v -54.9168 -3.4020 -31.1840
v -54.9168 -2.1420 -31.1840
v -55.5008 -2.0860 -29.7890
v -55.5008 -3.4070 -29.7890
v -54.5018 -3.3970 -31.0360
v -54.5018 -2.1470 -31.0360
v -69.1368 -3.8510 -45.9170
v -69.1368 -2.7530 -45.9170
v -70.1648 -3.8390 -45.2950
v -38.4978 -4.4960 -23.6700
v -38.4978 -4.0920 -23.6700
v -38.2288 -4.0950 -24.2510
v -38.2288 -5.1310 -24.2510
v -38.8518 -4.0920 -23.3860
v -44.5048 -2.1650 -24.6410
v -44.5048 -2.7930 -24.6410
v -82.1228 -15.4400 -51.8790
v -9.3008 -16.3480 -9.2960
v -10.2638 -3.3680 -9.7500
v -10.2638 -15.2950 -9.7500
v -49.2298 -3.1460 -34.6920
v -49.2298 -3.3400 -34.6920
v -47.0628 -3.2490 -33.4380
v -47.0628 -3.3110 -33.4380
v -53.9658 -3.3920 -31.6940
v -53.9658 -2.1790 -31.6940
v -9.8548 -4.3540 -10.8320
v -9.8548 -15.2120 -10.8320
v -8.4288 -14.9210 -14.6070
v -8.4288 -4.3470 -14.6070
v -8.4288 -4.0240 -14.6070
v -7.8118 -4.0300 -16.2420
v -7.8118 -14.7960 -16.2420
v -9.8128 -5.1080 -15.1000
v -9.8128 -4.0270 -15.1000
v -11.1888 -5.0100 -12.2180
v -11.1888 -4.0160 -12.2180
v -60.7178 -3.9290 -34.1830
v -60.7178 -2.1040 -34.1830
v -61.5348 -2.0630 -32.6140
v -61.5348 -2.2560 -32.6140
v -59.2978 -2.0760 -31.5670
v -60.3808 -3.9300 -34.8290
v -60.3808 -3.0720 -34.8290
v -60.3808 -2.1210 -34.8290
v -58.1248 -2.9600 -34.4860
v -58.1248 -2.1460 -34.4860
v -58.6278 -3.9380 -38.1920
v -58.6278 -3.0720 -38.1920
v -59.2978 -3.4560 -31.5670
v -58.1248 -3.4480 -34.4860
v -57.9888 -3.9410 -39.4180
v -57.9888 -2.1400 -39.4180
v -58.6278 -2.1660 -38.1920
v -57.2738 -2.1360 -37.3940
v -57.2738 -2.9900 -37.3940
v -57.4438 -2.6630 -40.4640
v -57.2738 -3.4430 -37.3940
v -40.7088 -3.2400 -32.6590
v -40.7088 -2.0840 -32.6590
v -12.6718 -5.2710 -13.1650
v -12.6718 -4.0220 -13.1650
v -11.8808 -4.0160 -12.0940
v -11.8808 -4.6860 -12.0940
v -12.6718 -5.2830 -13.1650
v -13.0038 -5.2810 -13.3140
v -16.1208 -5.2760 -20.2470
v -11.3158 -4.0400 -17.9310
v -11.3158 -5.3040 -17.9310
v -9.8548 -4.0450 -10.8320
v -10.4328 -4.3810 -11.1050
v -73.1878 -4.1630 -38.0690
v -73.1878 -2.4640 -38.0690
v -72.7368 -15.4260 -46.6300
v -72.7368 -3.7260 -46.6300
v -74.8478 -3.7920 -42.2540
v -74.8478 -15.4310 -42.2540
v -74.5778 -15.4250 -41.6000
v -74.5778 -4.2220 -41.6000
v -71.6668 -3.7440 -47.0970
v -71.6668 -15.4140 -47.0970
v -2.9618 -23.2240 -6.2460
v -2.9618 -26.2110 -6.2460
v -5.5148 -20.4990 -7.4740
v -5.5148 -26.2450 -7.4740
v -3.5238 -21.2700 -9.9170
v -3.5238 -26.2340 -9.9170
v -1.4958 -26.2060 -8.5540
v -1.4958 -23.2260 -8.5540
v -1.8538 -26.2110 -8.7950
v -1.8538 -23.2330 -8.7950
v -15.0418 -4.5900 -13.2850
v -15.0418 -5.2660 -13.2850
v -74.5778 -3.8190 -41.6000
v -72.9648 -3.8400 -42.4870
v -72.9648 -4.2060 -42.4870
v -72.5858 -3.8120 -43.8330
v -72.5858 -4.2140 -43.8330
v -70.5158 -4.1290 -38.8000
v -71.9178 -15.4130 -46.2050
v -71.9178 -3.7620 -46.2050
v -70.1648 -4.1910 -45.2950
v -36.2138 -5.1560 -28.6070
v -36.2138 -4.1110 -28.6070
v -35.7928 -4.1140 -29.5160
v -43.9368 -4.1070 -25.8410
v -43.9368 -2.2150 -25.8410
v -43.5078 -2.2530 -26.7480
v -43.5078 -3.2550 -26.7480
v -43.5078 -4.1110 -26.7480
v -85.1688 -12.3590 -49.3140
v -85.1688 -15.6890 -49.3140
v -83.6468 -15.6850 -52.5750
v -64.7288 -4.0770 -42.4740
v -57.0168 -2.9750 -37.2420
v -57.0168 -3.4400 -37.2420
v -18.4228 -5.2610 -20.4620
v -41.4308 -4.1270 -31.1330
v -41.4308 -3.2380 -31.1330
v -41.4308 -3.0350 -31.1330
v -41.0748 -2.5660 -31.8860
v -41.0748 -4.1300 -31.8860
usemtl Ground
s off
f 80 81 82 83 84 77 59 85 86 87 60 88 61 89 90 62 78 91 92 93 94 95 63 64 65 66 96 79 67 73 74 97 68 69 98 75 70 76 99 71 72 100
usemtl Wall
s off
f 101 90 89 102
usemtl Wall
s off
f 103 69 68 104
usemtl Wall
s off
f 104 68 97 105
usemtl Wall
s off
f 106 98 69 103
usemtl Wall
s off
f 107 62 90 101
usemtl Wall
s off
f 108 109 96 66 110
usemtl Wall
s off
f 111 112 109 108
usemtl Wall
s off
f 110 66 65 113
usemtl Wall
s off
f 114 86 85 115
usemtl Wall
s off
f 113 65 64 116
usemtl Wall
s off
f 116 64 63 117
usemtl Wall
s off
f 118 119 100 72 120
usemtl Wall
s off
f 102 89 61 121
usemtl Wall
s off
f 122 123 124 125
usemtl Wall
s off
f 115 85 59 126
usemtl Wall
s off
f 127 83 82 128
usemtl Wall
s off
f 129 128 82 81 130 131
usemtl Wall
s off
f 132 70 75 133
usemtl Wall
s off
f 134 135 136
usemtl Wall
s off
f 137 138 139 140
usemtl Wall
s off
f 141 142 138 137
usemtl Wall
s off
f 143 144 145
usemtl Wall
s off
f 146 147 148 149
usemtl Wall
s off
f 147 146 150
usemtl Wall
s off
f 117 63 95 151 152
usemtl Wall
s off
f 153 87 86 114
usemtl Wall
s off
f 154 67 79 155 156
usemtl Wall
s off
f 131 130 157 158
usemtl Wall
s off
f 158 157 159 160
usemtl Wall
s off
f 161 162 142 141
usemtl Wall
s off
f 133 75 98 106
usemtl Wall
s off
f 156 155 163 164
usemtl Wall
s off
f 165 166 167 168 169
usemtl Wall
s off
f 170 171 167 166
usemtl Wall
s off
f 169 168 76 70 132
usemtl Wall
s off
f 172 173 171 170
usemtl Wall
s off
f 174 175 176 177
usemtl Wall
s off
f 178 93 92 176
usemtl Wall
s off
f 125 124 78 62 107
usemtl Wall
s off
f 179 180 181 175 174
usemtl Wall
s off
f 182 183 181 180
usemtl Wall
s off
f 184 185 180 179
usemtl Wall
s off
f 186 178 183 182 187
usemtl Wall
s off
f 188 189 190 185 184
usemtl Wall
s off
f 185 190 191 192
usemtl Wall
s off
f 193 127 189 188
usemtl Wall
s off
f 194 192 191 128 129
usemtl Wall
s off
f 195 196 80 100 119
usemtl Wall
s off
f 197 198 199 200
usemtl Wall
s off
f 201 197 202
usemtl Wall
s off
f 203 71 99 204 205
usemtl Wall
s off
f 120 72 71 203
usemtl Wall
s off
f 204 99 76 168
usemtl Wall
s off
f 206 163 207
usemtl Wall
s off
f 200 199 173 172
usemtl Wall
s off
f 208 209 91 78 124
usemtl Wall
s off
f 210 211 212 213
usemtl Wall
s off
f 214 215 123 122
usemtl Wall
s off
f 126 59 77 216 217
usemtl Wall
s off
f 105 97 74 218
usemtl Wall
s off
f 219 218 74 73 220 221
usemtl Wall
s off
f 221 220 222 223
usemtl Wall
s off
f 224 225 218 219
usemtl Wall
s off
f 226 227 225 224
usemtl Wall
s off
f 205 204 198 197 201
usemtl Wall
s off
f 228 229 202
usemtl Wall
s off
f 229 228 112 111
usemtl Wall
s off
f 155 79 96 109
usemtl Wall
s off
f 164 163 206 166 165
usemtl Wall
s off
f 213 212 230 215 214
usemtl Wall
s off
f 215 230 231 232
usemtl Wall
s off
f 232 231 233 234
usemtl Wall
s off
f 177 176 92 91 209
usemtl Wall
s off
f 209 208 235
usemtl Wall
s off
f 236 237 211 210
usemtl Wall
s off
f 217 216 237 236
usemtl Wall
s off
f 234 233 145 238
usemtl Wall
s off
f 144 84 83 127 193
usemtl Wall
s off
f 216 77 84 144 143
usemtl Wall
s off
f 220 73 67 154
usemtl Wall
s off
f 223 222 227 226
usemtl Wall
s off
f 239 240 241
usemtl Wall
s off
f 242 243 244 245 246
usemtl Wall
s off
f 152 151 243 242
usemtl Wall
s off
f 121 61 88 247
usemtl Wall
s off
f 248 247 88 60 249
usemtl Wall
s off
f 249 60 87 153
usemtl Wall
s off
f 238 145 250
usemtl Wall
s off
f 140 139 94 93 178 186
usemtl Wall
s off
f 187 182 251 252
usemtl Wall
s off
f 252 251 192 194
usemtl Wall
s off
f 151 95 94 139
usemtl Wall
s off
f 149 148 240 239
usemtl Wall
s off
f 119 118 253
usemtl Wall
s off
f 254 255 256 257 258
usemtl Wall
s off
f 246 245 255 254
usemtl Wall
s off
f 160 159 256 255
usemtl Wall
s off
f 130 81 80 196
usemtl Wall
s off
f 258 257 196 195
usemtl Wall
s off
f 135 134 247 248
usemtl Wall
s off
f 245 244 162 161
usemtl Roof
s off
f 106 103 104 105
usemtl Roof
s off
f 102 114 115 101
usemtl Roof
s off
f 183 178 176 175 181
usemtl Roof
s off
f 128 191 190 189 127
usemtl Roof
s off
f 227 133 106 105 218 225
usemtl Roof
s off
f 198 204 168 167 171 173 199
usemtl Roof
s off
f 155 109 112 228 202 197 200 172 207 163
usemtl Roof
s off
f 166 206 207 172 170
usemtl Roof
s off
f 209 235 174 177
usemtl Roof
s off
f 217 236 210 213 214 122 125 107 101 115 126
usemtl Roof
s off
f 238 250 188 184 179 174 235 208 124 123 215 232 234
usemtl Roof
s off
f 216 143 145 233 231 230 212 211 237
usemtl Roof
s off
f 223 226 224 219 221
usemtl Roof
s off
f 227 222 220 154 156 164 165 169 132 133
usemtl Roof
s off
f 152 242 150 146 149 111 108 110 113 116 117
usemtl Roof
s off
f 135 248 249 153 136
usemtl Roof
s off
f 250 145 144 193 188
usemtl Roof
s off
f 192 251 182 180 185
usemtl Roof
s off
f 239 253 118 120 203 205 201 202 229 111 149
usemtl Roof
s off
f 246 254 258 241 240 148 147 150 242
usemtl Roof
s off
f 162 244 243 151 139 138 142
usemtl Roof
s off
f 196 257 256 159 157 130
usemtl Roof
s off
f 258 195 119 253 239 241
usemtl Roof
s off
f 247 134 136 153 114 102 121
usemtl Roof
s off
f 245 161 141 137 140 186 187 252 194 129 131 158 160 255
o NL.IMBAG.Pand.0363100012152340_flat
v -56.6388 -0.6390 -10.7150
v -50.9898 -0.6390 -8.0530
v -46.4278 -0.6390 -18.0070
v -51.9408 -0.6390 -20.6160
v -50.9898 -14.6970 -8.0530
v -56.6388 -14.7940 -10.7150
v -46.4278 -14.7470 -18.0070
v -51.9408 -14.8420 -20.6160
usemtl Ground
s off
f 259 260 261 262
usemtl Wall
s off
f 263 260 259 264
usemtl Wall
s off
f 265 261 260 263
usemtl Wall
s off
f 264 259 262 266
usemtl Wall
s off
f 266 262 261 265
usemtl Roof
s off
f 266 265 263 264
o NL.IMBAG.Pand.0363100012152522_hip
v -4.9598 -0.5160 -21.9970
v -6.4998 -0.5160 -22.7360
v -7.4508 -0.5160 -20.5570
v -4.7608 -0.5160 -19.2760
v -6.4298 -0.5160 -15.5760
v 6.0102 -0.5160 -9.9650
v 7.2282 -0.5160 -16.5060
v 5.5112 -0.5160 -17.2800
v -5.7148 -0.5160 -17.1610
v -6.2478 -0.5160 -15.9820
v -3.8798 -0.5160 -14.4260
v -0.3458 -0.5160 -12.8320
v 2.4472 -0.5160 -11.5730
v -4.7608 -18.5000 -19.2760
v -7.4508 -18.4750 -20.5570
v -6.4998 -18.4970 -22.7360
v -6.2478 -18.4660 -15.9820
v -6.2478 -15.2410 -15.9820
v -4.2078 -16.5960 -15.6220
v -4.2078 -18.4880 -15.6220
v -5.7148 -18.4780 -17.1610
v -6.4298 -18.4620 -15.5760
v 2.4472 -18.5440 -11.5730
v -0.3458 -15.6780 -12.8320
v -0.3458 -18.5180 -12.8320
v -4.9598 -18.5110 -21.9970
v 5.5112 -18.2690 -17.2800
v 5.5112 -18.6070 -17.2800
v -1.0438 -15.1520 -13.4980
v -1.0438 -18.5140 -13.4980
v 5.3812 -18.5990 -15.8930
v 5.3812 -17.9560 -15.8930
v 6.3572 -16.0950 -13.4230
v 6.3572 -18.5980 -13.4230
v 5.0502 -18.5770 -12.3670
v 5.0502 -17.1590 -12.3670
v 3.6222 -18.5590 -11.9310
v 2.4472 -19.7090 -11.5730
v 6.0102 -15.3390 -9.9650
v -4.0258 -18.4940 -16.3440
v -4.0258 -18.4250 -16.3440
v -4.0878 -18.4930 -16.4030
v 7.2282 -16.1630 -16.5060
v 6.3032 -18.5940 -12.8190
v 6.3032 -15.9560 -12.8190
v 6.2222 -16.0100 -12.7160
v 6.2222 -18.5930 -12.7160
v -2.7038 -15.1460 -14.2750
v -2.7038 -18.4980 -14.2750
v -3.8798 -18.4860 -14.4260
v -3.8798 -15.7570 -14.4260
v 5.6482 -16.3700 -11.9230
v 5.6482 -18.5820 -11.9230
usemtl Ground
s off
f 272 273 274 267 268 269 270 275 276 271 277 278 279
usemtl Wall
s off
f 280 270 269 281
usemtl Wall
s off
f 281 269 268 282
usemtl Wall
s off
f 283 284 285 286
usemtl Wall
s off
f 287 275 270 280
usemtl Wall
s off
f 284 276 275 287
usemtl Wall
s off
f 288 271 276 284 283
usemtl Wall
s off
f 289 279 278 290 291
usemtl Wall
s off
f 292 267 274 293 294
usemtl Wall
s off
f 282 268 267 292
usemtl Wall
s off
f 291 290 295 296
usemtl Wall
s off
f 297 298 299 300
usemtl Wall
s off
f 301 302 303
usemtl Wall
s off
f 304 289 303
usemtl Wall
s off
f 305 272 279 289 304
usemtl Wall
s off
f 306 307 308
usemtl Wall
s off
f 286 285 307 306
usemtl Wall
s off
f 294 293 298 297
usemtl Wall
s off
f 293 274 273 309
usemtl Wall
s off
f 310 311 312 313
usemtl Wall
s off
f 296 295 314 315
usemtl Wall
s off
f 316 317 277 271 288
usemtl Wall
s off
f 290 278 277 317
usemtl Wall
s off
f 315 314 317 316
usemtl Wall
s off
f 300 299 311 310
usemtl Wall
s off
f 313 312 318 319
usemtl Wall
s off
f 309 273 272 305
usemtl Wall
s off
f 319 318 302 301
usemtl Roof
s off
f 307 285 284 287 308
usemtl Roof
s off
f 317 314 295 290
usemtl Roof
s off
f 319 301 303 289 291 296 315 316 288 283 286 306 308 287 280 281 282 292 294 297 300 310 313
usemtl Roof
s off
f 302 318 312 311 299 298 293 309 305 304 303
o NL.IMBAG.Pand.0363100012152546_hip
v -81.1618 -0.5490 -57.8970
v -83.6468 -0.5490 -52.5750
v -72.7608 -0.5490 -47.6060
v -71.5808 -0.5490 -49.9760
v -73.3898 -0.5490 -50.7870
v -71.7508 -0.5490 -54.4570
v -74.9798 -0.5490 -55.9970
v -75.3508 -0.5490 -55.2370
v -79.3268 -0.5490 -50.6030
v -75.3438 -0.5490 -48.7850
v -72.8678 -0.5490 -51.9560
v -79.6988 -0.5490 -57.2280
v -81.1618 -14.1190 -57.8970
v -79.6988 -16.4210 -57.2280
v -75.3508 -16.6550 -55.2370
v -74.9798 -16.6810 -55.9970
v -71.7508 -16.8540 -54.4570
v -83.6468 -13.6690 -52.5750
v -79.3268 -20.4610 -50.6030
v -79.3268 -16.3960 -50.6030
v -73.3898 -13.5780 -50.7870
v -71.5808 -13.5960 -49.9760
v -72.7608 -13.6540 -47.6060
v -72.8678 -13.5500 -51.9560
v -72.9838 -16.7680 -52.1290
v -72.9838 -13.5460 -52.1290
v -73.0698 -13.5460 -52.0980
v -73.0698 -16.7630 -52.0980
v -72.8678 -16.7730 -51.9560
v -79.7368 -19.6420 -51.1170
v -79.7368 -17.5660 -51.1170
v -79.7368 -16.3770 -51.1170
v -77.8158 -17.3450 -52.1260
v -77.8158 -16.4930 -52.1260
v -75.3438 -13.6280 -48.7850
v -75.2408 -16.6180 -49.0710
v -75.2408 -13.6210 -49.0710
v -75.3438 -16.6110 -48.7850
v -78.2528 -17.1020 -53.8510
v -78.2528 -16.4800 -53.8510
v -81.2618 -16.3030 -53.0310
v -81.2618 -16.5930 -53.0310
v -81.4098 -16.2960 -53.2170
v -81.2618 -17.3340 -53.0310
v -80.8598 -17.3950 -52.5260
usemtl Ground
s off
f 328 329 322 323 324 330 325 326 327 331 320 321
usemtl Wall
s off
f 332 320 331 333
usemtl Wall
s off
f 334 327 326 335
usemtl Wall
s off
f 335 326 325 336
usemtl Wall
s off
f 337 321 320 332
usemtl Wall
s off
f 333 331 327 334
usemtl Wall
s off
f 338 339 328 321 337
usemtl Wall
s off
f 340 324 323 341
usemtl Wall
s off
f 341 323 322 342
usemtl Wall
s off
f 343 330 324 340
usemtl Wall
s off
f 344 345 346 347
usemtl Wall
s off
f 348 343 345 344
usemtl Wall
s off
f 336 325 330 343 348
usemtl Wall
s off
f 349 350 351 339 338
usemtl Wall
s off
f 352 353 351 350
usemtl Wall
s off
f 342 322 329 354
usemtl Wall
s off
f 355 356 354 357
usemtl Wall
s off
f 358 359 353 352
usemtl Wall
s off
f 357 354 329 328 339
usemtl Wall
s off
f 360 361 362
usemtl Wall
s off
f 363 361 360 359 358
usemtl Wall
s off
f 361 363 364
usemtl Wall
s off
f 350 349 364
usemtl Wall
s off
f 347 346 356 355
usemtl Roof
s off
f 347 355 357 339 351 353 359 360 362 333 334 335 336 348 344
usemtl Roof
s off
f 361 364 349 338 337 332 333 362
usemtl Roof
s off
f 350 364 363 358 352
usemtl Roof
s off
f 356 346 345 343 340 341 342 354
o NL.IMBAG.Pand.0363100012152875_complex
v -35.9788 -0.6270 15.4750
v -41.4788 -0.6270 13.0040
v -46.9188 -0.6270 24.5540
v -43.0108 -0.6270 26.3640
v -43.0308 -0.6270 27.4530
v -41.9068 -0.6270 27.9650
v -39.9138 -0.6270 13.7080
v -41.9038 -0.6270 13.9060
v -41.1478 -0.6270 26.3670
v -39.9138 -0.6270 23.7660
v -38.3878 -0.6270 20.5500
v -36.3488 -0.6270 16.2530
v -43.1808 -0.6270 26.2850
v -41.9068 -13.9060 27.9650
v -43.0308 -13.8950 27.4530
v -41.1478 -14.1640 26.3670
v -41.9038 -14.6850 13.9060
v -41.9038 -6.0670 13.9060
v -41.8998 -7.0510 14.5960
v -41.8998 -14.6940 14.5960
v -40.1938 -4.9060 13.8330
v -40.1938 -14.7950 13.8330
v -46.9188 -14.5030 24.5540
v -39.9138 -14.9480 23.7660
v -41.1478 -14.9030 26.3670
v -43.2678 -14.0740 25.9390
v -43.2678 -14.7590 25.9390
v -41.4788 -4.5120 13.0040
v -40.1388 -17.2860 23.4080
v -40.1388 -14.9290 23.4080
v -41.9158 -14.8020 22.6210
v -41.9158 -17.2760 22.6210
v -43.1808 -14.7700 26.2850
v -43.1808 -14.0350 26.2850
v -43.0108 -14.0370 26.3640
v -39.7098 -14.9000 19.2570
v -39.7098 -17.3070 19.2570
v -38.3878 -15.0040 20.5500
v -38.3878 -17.3110 20.5500
v -39.9138 -17.2860 23.7660
v -36.3488 -15.0780 16.2530
v -36.3488 -12.3140 16.2530
v -39.9138 -4.5530 13.7080
v -40.1938 -15.1440 13.8330
v -39.9138 -15.0220 13.7080
v -39.7628 -14.8270 14.1040
v -35.9788 -12.3240 15.4750
usemtl Ground
s off
f 369 370 373 374 375 376 365 371 366 372 367 377 368
usemtl Wall
s off
f 378 370 369 379
usemtl Wall
s off
f 380 373 370 378
usemtl Wall
s off
f 381 382 383 384
usemtl Wall
s off
f 384 383 385 386
usemtl Wall
s off
f 387 367 372 382 381
usemtl Wall
s off
f 388 374 373 380 389
usemtl Wall
s off
f 389 380 390 391
usemtl Wall
s off
f 382 372 366 392
usemtl Wall
s off
f 393 394 395 396
usemtl Wall
s off
f 397 398 377 367 387
usemtl Wall
s off
f 391 390 398 397
usemtl Wall
s off
f 399 368 377 398
usemtl Wall
s off
f 379 369 368 399
usemtl Wall
s off
f 396 395 400 401
usemtl Wall
s off
f 401 400 402 403
usemtl Wall
s off
f 404 388 394 393
usemtl Wall
s off
f 403 402 375 374 388 404
usemtl Wall
s off
f 405 406 376 375 402
usemtl Wall
s off
f 392 366 371 407
usemtl Wall
s off
f 408 386 385 407 409
usemtl Wall
s off
f 406 405 410
usemtl Wall
s off
f 386 408 410
usemtl Wall
s off
f 409 407 371 365 411
usemtl Wall
s off
f 411 365 376 406
usemtl Roof
s off
f 379 399 398 390 380 378
usemtl Roof
s off
f 403 404 393 396 401
usemtl Roof
s off
f 407 385 383 382 392
usemtl Roof
s off
f 386 410 405 402 400 395 394 388 389 391 397 387 381 384
usemtl Roof
s off
f 411 406 410 408 409
o NL.IMBAG.Pand.0363100012152957_gable
v -57.9288 -0.5990 5.2050
v -63.3468 -0.5990 17.4550
v -61.1608 -0.5990 18.4930
v -60.5308 -0.5990 17.1940
v -57.2568 -0.5990 18.6890
v -52.2808 -0.5990 7.8640
v -62.0008 -0.5990 14.4110
v -56.5718 -0.5990 17.1990
v -60.5308 -13.9600 17.1940
v -61.1608 -13.9250 18.4930
v -57.2568 -13.9520 18.6890
v -63.3468 -13.9310 17.4550
v -62.0008 -14.0130 14.4110
v -56.5718 -13.9930 17.1990
v -56.5718 -14.5800 17.1990
v -62.0008 -14.5640 14.4110
v -57.9288 -14.5630 5.2050
v -52.2808 -14.5790 7.8640
usemtl Ground
s off
f 418 413 414 415 416 419 417 412
usemtl Wall
s off
f 420 415 414 421
usemtl Wall
s off
f 422 416 415 420
usemtl Wall
s off
f 423 413 418 424
usemtl Wall
s off
f 421 414 413 423
usemtl Wall
s off
f 425 419 416 422
usemtl Wall
s off
f 426 425 424 427
usemtl Wall
s off
f 428 412 417 429
usemtl Wall
s off
f 427 424 418 412 428
usemtl Wall
s off
f 429 417 419 425 426
usemtl Roof
s off
f 424 425 422 420 421 423
usemtl Roof
s off
f 429 426 427 428
o NL.IMBAG.Pand.0363100012153762_hip
v -20.4108 -0.4180 -43.5700
v -26.8678 -0.4180 -46.5980
v -31.8838 -0.4180 -35.7640
v -25.5488 -0.4180 -32.7990
v -23.9548 -0.4180 -36.1390
v -22.5928 -0.4180 -38.9950
v -20.8938 -0.4180 -42.5560
v -23.3018 -0.4180 -44.9250
v -25.0908 -0.4180 -45.7640
v -27.2878 -0.4180 -45.6880
v -25.5488 -16.5740 -32.7990
v -31.8838 -16.5600 -35.7640
v -20.4108 -12.9280 -43.5700
v -20.8938 -16.2390 -42.5560
v -23.3018 -16.1980 -44.9250
v -23.3018 -13.4450 -44.9250
v -22.6678 -16.2310 -43.5130
v -26.8678 -13.0700 -46.5980
v -25.0908 -12.9640 -45.7640
v -25.0908 -16.1940 -45.7640
v -27.2878 -16.2210 -45.6880
v -24.5248 -18.8640 -39.6170
v -24.5248 -16.3650 -39.6170
v -22.5928 -16.3610 -38.9950
v -22.5928 -18.8570 -38.9950
v -23.9548 -16.4590 -36.1390
v -23.9548 -18.8790 -36.1390
v -25.5688 -16.4490 -37.1230
v -25.5688 -18.8820 -37.1230
v -24.9898 -16.2190 -44.8470
v -24.9898 -15.4160 -44.8470
v -25.5608 -16.2260 -44.8400
usemtl Ground
s off
f 434 435 436 430 437 438 431 439 432 433
usemtl Wall
s off
f 440 433 432 441
usemtl Wall
s off
f 442 430 436 443
usemtl Wall
s off
f 444 445 446
usemtl Wall
s off
f 447 431 438 448
usemtl Wall
s off
f 449 448 438 437 445 444
usemtl Wall
s off
f 445 437 430 442
usemtl Wall
s off
f 441 432 439 450
usemtl Wall
s off
f 451 452 453 454
usemtl Wall
s off
f 455 434 433 440
usemtl Wall
s off
f 456 455 457 458
usemtl Wall
s off
f 458 457 452 451
usemtl Wall
s off
f 443 436 435 453
usemtl Wall
s off
f 454 453 435 434 455 456
usemtl Wall
s off
f 450 439 431 447
usemtl Wall
s off
f 459 460 448 449
usemtl Wall
s off
f 460 459 461
usemtl Roof
s off
f 443 446 445 442
usemtl Roof
s off
f 454 456 458 451
usemtl Roof
s off
f 460 461 450 447 448
usemtl Roof
s off
f 461 459 449 444 446 443 453 452 457 455 440 441 450
o NL.IMBAG.Pand.0363100012154112_tri-slope
v -84.8268 -0.5850 22.1840
v -83.9048 -0.5850 20.1310
v -87.1728 -0.5850 18.6190
v -88.0948 -0.5850 20.6720
v -87.7318 -0.5850 20.8400
v -88.8178 -0.5850 23.2580
v -88.9978 -0.5850 23.1740
v -89.3458 -0.5850 23.9490
v -92.2298 -0.5850 22.6150
v -93.2968 -0.5850 24.8770
v -98.6578 -0.5850 35.9730
v -93.3098 -0.5850 38.4930
v -87.9648 -0.5850 27.3440
v -85.5078 -0.5850 21.8690
v -87.8448 -0.5850 27.0750
v -93.2298 -0.5850 24.7340
v -98.2308 -0.5850 35.0880
v -92.8838 -0.5850 37.6030
v -93.2298 -16.0730 24.7340
v -93.2298 -3.8990 24.7340
v -91.2908 -3.8380 25.2010
v -91.2908 -16.0820 25.2010
v -92.2298 -3.8680 22.6150
v -98.6578 -13.7630 35.9730
v -98.2308 -16.2820 35.0880
v -88.9978 -3.7660 23.1740
v -88.8178 -3.7600 23.2580
v -89.3458 -3.7770 23.9490
v -93.3098 -13.7980 38.4930
v -90.4148 -16.1090 26.5400
v -90.4148 -3.8100 26.5400
v -87.8448 -3.7290 27.0750
v -87.8448 -16.1190 27.0750
v -83.9048 -3.6070 20.1310
v -84.8268 -3.6350 22.1840
v -87.7318 -3.7270 20.8400
v -88.0948 -3.7380 20.6720
v -87.1728 -3.7100 18.6190
v -92.8838 -16.3310 37.6030
v -87.9648 -16.1240 27.3440
v -93.2968 -16.0760 24.8770
v -95.0448 -16.3270 37.3800
v -95.0448 -14.4730 37.3800
v -95.6098 -13.9920 37.3190
v -95.6098 -16.3260 37.3190
v -96.9028 -16.2940 35.7130
v -94.7038 -16.3150 36.7470
v -85.5078 -3.6570 21.8690
usemtl Ground
s off
f 474 476 475 462 463 464 465 466 467 468 469 470 477 471 478 472 473 479
usemtl Wall
s off
f 480 481 482 483
usemtl Wall
s off
f 481 477 470 484
usemtl Wall
s off
f 485 472 478 486
usemtl Wall
s off
f 487 468 467 488
usemtl Wall
s off
f 489 469 468 487
usemtl Wall
s off
f 490 473 472 485
usemtl Wall
s off
f 491 492 493 494
usemtl Wall
s off
f 495 463 462 496
usemtl Wall
s off
f 484 470 469 489
usemtl Wall
s off
f 488 467 466 497
usemtl Wall
s off
f 497 466 465 498
usemtl Wall
s off
f 498 465 464 499
usemtl Wall
s off
f 499 464 463 495
usemtl Wall
s off
f 500 479 473 490
usemtl Wall
s off
f 501 474 479 500
usemtl Wall
s off
f 502 471 477 481 480
usemtl Wall
s off
f 486 478 471 502
usemtl Wall
s off
f 483 482 492 491
usemtl Wall
s off
f 503 504 505 506
usemtl Wall
s off
f 506 505 507
usemtl Wall
s off
f 494 493 476 474 501
usemtl Wall
s off
f 504 503 508
usemtl Wall
s off
f 509 475 476 493
usemtl Wall
s off
f 496 462 475 509
usemtl Roof
s off
f 504 508 500 490 485 486 507 505
usemtl Roof
s off
f 508 503 506 507 486 502 480 483 491 494 501 500
usemtl Roof
s off
f 496 509 493 492 482 481 484 489 487 488 497 498 499 495
o NL.IMBAG.Pand.0363100012154138_hip
v -41.8948 -0.6230 28.0130
v -36.4788 -0.6230 30.4800
v -30.5288 -0.6230 18.2110
v -30.4588 -0.6230 18.1410
v -35.9688 -0.6230 15.5210
v -31.0608 -0.6230 19.3090
v -32.3588 -0.6230 17.2380
v -38.1948 -0.6230 20.2130
v -41.4238 -0.6230 27.0180
v -36.0378 -0.6230 29.5980
v -32.8328 -0.6230 22.9720
v -32.3588 -8.0880 17.2380
v -30.4588 -8.1650 18.1410
v -38.1948 -15.2180 20.2130
v -38.1948 -14.7010 20.2130
v -32.8328 -14.7000 22.9720
v -32.8328 -15.3110 22.9720
v -41.4238 -14.4820 27.0180
v -41.4238 -14.0830 27.0180
v -36.0378 -14.0990 29.5980
v -36.0378 -14.5910 29.5980
v -41.8948 -13.9110 28.0130
v -36.4788 -13.9450 30.4800
v -35.9688 -15.0600 15.5210
v -32.3588 -15.0670 17.2380
v -32.1478 -9.2540 18.5910
v -32.1478 -14.9910 18.5910
v -31.0608 -14.9810 19.3090
v -31.0608 -9.4840 19.3090
v -30.5288 -8.2580 18.2110
usemtl Ground
s off
f 515 512 513 516 514 517 518 510 511 519 520
usemtl Wall
s off
f 521 516 513 522
usemtl Wall
s off
f 523 524 525 526
usemtl Wall
s off
f 527 528 518 517 524 523
usemtl Wall
s off
f 526 525 520 519 529 530
usemtl Wall
s off
f 531 510 518 528
usemtl Wall
s off
f 530 529 528 527
usemtl Wall
s off
f 529 519 511 532
usemtl Wall
s off
f 532 511 510 531
usemtl Wall
s off
f 533 514 516 521 534
usemtl Wall
s off
f 534 521 535 536
usemtl Wall
s off
f 524 517 514 533
usemtl Wall
s off
f 537 538 515 520 525
usemtl Wall
s off
f 522 513 512 539
usemtl Wall
s off
f 536 535 538 537
usemtl Wall
s off
f 539 512 515 538
usemtl Roof
s off
f 530 527 523 526
usemtl Roof
s off
f 532 531 528 529
usemtl Roof
s off
f 536 537 525 524 533 534
usemtl Roof
s off
f 539 538 535 521 522
o NL.IMBAG.Pand.0363100012154275_hip
v -12.9408 -0.5950 9.7730
v -10.2528 -0.5950 4.4100
v -14.9598 -0.5950 2.2030
v -15.8998 -0.5950 1.8530
v -18.5908 -0.5950 7.1240
v -18.6598 -0.5950 7.2250
v -18.2898 -0.5950 7.3930
v -18.2408 -0.5950 7.2730
v -16.5608 -0.5950 8.0840
v -16.6208 -0.5950 8.2030
v -14.6098 -0.5950 9.1030
v -14.5508 -0.5950 9.0140
v -12.5108 -0.5950 8.9160
v -11.6688 -0.5950 7.2350
v -10.7868 -0.5950 5.4750
v -13.2108 -0.5950 3.0240
v -17.2698 -0.5950 4.5370
v -18.2878 -0.5950 6.5300
v -14.5508 -14.7900 9.0140
v -14.6098 -14.5230 9.1030
v -16.6208 -14.4820 8.2030
v -16.5608 -14.8180 8.0840
v -18.2408 -14.9160 7.2730
v -18.2898 -14.5900 7.3930
v -18.6598 -14.5920 7.2250
v -18.5908 -14.8930 7.1240
v -18.2878 -16.5590 6.5300
v -10.2528 -14.1860 4.4100
v -10.7868 -17.2410 5.4750
v -15.8998 -16.9960 1.8530
v -14.9598 -16.9440 2.2030
v -13.2108 -14.2700 3.0240
v -12.9408 -14.7330 9.7730
v -12.5108 -17.1320 8.9160
v -17.2698 -18.0600 4.5370
v -13.2108 -16.8980 3.0240
v -13.4588 -16.2750 3.7720
v -13.4588 -17.1710 3.7720
v -12.1478 -17.2760 4.8360
v -18.2878 -17.3540 6.5300
v -11.6688 -17.9360 7.2350
v -12.5108 -17.3430 8.9160
usemtl Ground
s off
f 552 553 554 541 555 542 543 556 557 544 545 546 547 548 549 550 551 540
usemtl Wall
s off
f 558 551 550 559
usemtl Wall
s off
f 559 550 549 560
usemtl Wall
s off
f 560 549 548 561
usemtl Wall
s off
f 561 548 547 562
usemtl Wall
s off
f 562 547 546 563
usemtl Wall
s off
f 563 546 545 564
usemtl Wall
s off
f 564 545 544 565
usemtl Wall
s off
f 565 544 557 566
usemtl Wall
s off
f 567 541 554 568
usemtl Wall
s off
f 569 543 542 570
usemtl Wall
s off
f 571 555 541 567
usemtl Wall
s off
f 572 540 551 558
usemtl Wall
s off
f 573 552 540 572
usemtl Wall
s off
f 574 556 543 569
usemtl Wall
s off
f 570 542 555 571 575
usemtl Wall
s off
f 575 571 576 577
usemtl Wall
s off
f 577 576 578
usemtl Wall
s off
f 579 566 557 556 574
usemtl Wall
s off
f 568 554 553 580
usemtl Wall
s off
f 581 573 566 579
usemtl Wall
s off
f 580 553 552 573 581
usemtl Roof
s off
f 578 576 571 567 568
usemtl Roof
s off
f 566 573 572 558 559 560 561 562 563 564 565
usemtl Roof
s off
f 580 574 569 570 575 577 578 568
usemtl Roof
s off
f 580 581 579 574
o NL.IMBAG.Pand.0363100012154279_flat
v -42.6818 -0.4150 -40.8160
v -37.1998 -0.4150 -38.2510
v -32.2098 -0.4150 -49.1050
v -37.6708 -0.4150 -51.6660
v -37.1998 -16.6270 -38.2510
v -42.6818 -16.5840 -40.8160
v -32.2098 -16.2080 -49.1050
v -37.6708 -16.1650 -51.6660
usemtl Ground
s off
f 582 583 584 585
usemtl Wall
s off
f 586 583 582 587
usemtl Wall
s off
f 588 584 583 586
usemtl Wall
s off
f 587 582 585 589
usemtl Wall
s off
f 589 585 584 588
usemtl Roof
s off
f 589 588 586 587
o NL.IMBAG.Pand.0363100012155521_gable
v -30.5398 -0.5950 18.1640
v -36.0308 -0.5950 29.5140
v -33.8998 -0.5950 30.5440
v -32.7498 -0.5950 28.2830
v -29.3308 -0.5950 29.8230
v -27.5998 -0.5950 26.1240
v -25.1208 -0.5950 20.6940
v -34.1398 -0.5950 25.6050
v -33.0978 -0.5950 23.4510
v -31.6648 -16.8800 23.9040
v -31.6648 -14.8490 23.9040
v -31.8718 -14.7420 26.2490
v -31.8718 -16.8600 26.2490
v -34.1398 -14.7100 25.6050
v -34.1398 -16.9080 25.6050
v -29.3308 -14.6570 29.8230
v -32.7498 -14.6320 28.2830
v -25.1208 -15.1610 20.6940
v -27.5998 -14.8620 26.1240
v -33.8998 -14.5040 30.5440
v -36.0308 -14.4910 29.5140
v -33.0978 -14.8300 23.4510
v -33.0978 -16.9100 23.4510
v -30.5398 -15.1250 18.1640
usemtl Ground
s off
f 597 591 592 593 594 595 596 590 598
usemtl Wall
s off
f 599 600 601 602
usemtl Wall
s off
f 602 601 603 604
usemtl Wall
s off
f 605 594 593 606
usemtl Wall
s off
f 607 596 595 608
usemtl Wall
s off
f 608 595 594 605
usemtl Wall
s off
f 606 593 592 609
usemtl Wall
s off
f 609 592 591 610
usemtl Wall
s off
f 604 603 597 598 611 612
usemtl Wall
s off
f 612 611 600 599
usemtl Wall
s off
f 611 598 590 613
usemtl Wall
s off
f 613 590 596 607
usemtl Wall
s off
f 610 591 597 603
usemtl Roof
s off
f 612 599 602 604
usemtl Roof
s off
f 610 603 601 600 611 613 607 608 605 606 609
o NL.IMBAG.Pand.0363100012155585_flat
v -59.6168 -0.4640 -60.6500
v -64.1468 -0.4640 -50.8580
v -58.3208 -0.4640 -48.1320
v -53.2378 -0.4640 -58.9680
v -56.5748 -0.4640 -60.5320
v -53.2378 -16.0900 -58.9680
v -58.3208 -16.3820 -48.1320
v -64.1468 -16.3570 -50.8580
v -59.6168 -16.0940 -60.6500
v -56.5748 -16.0760 -60.5320
usemtl Ground
s off
f 614 615 616 617 618
usemtl Wall
s off
f 619 617 616 620
usemtl Wall
s off
f 621 615 614 622
usemtl Wall
s off
f 620 616 615 621
usemtl Wall
s off
f 623 618 617 619
usemtl Wall
s off
f 622 614 618 623
usemtl Roof
s off
f 622 623 619 620 621
o NL.IMBAG.Pand.0363100012155804_tri-slope
v -63.4168 -0.6710 52.6790
v -57.6038 -0.6710 55.3770
v -51.5308 -0.6710 42.1540
v -51.0198 -0.6710 41.1640
v -55.0108 -0.6710 39.2940
v -54.4408 -0.6710 38.0840
v -56.2898 -0.6710 37.2430
v -53.4928 -0.6710 40.0050
v -52.5178 -0.6710 44.3040
v -57.8498 -0.6710 40.6220
v -51.0198 -6.6900 41.1640
v -51.5308 -6.7220 42.1540
v -52.5178 -6.7840 44.3040
v -56.2898 -13.2680 37.2430
v -54.4408 -13.2350 38.0840
v -55.0108 -13.2340 39.2940
v -63.4168 -16.2190 52.6790
v -57.8498 -13.2660 40.6220
v -57.8498 -16.0080 40.6220
v -55.1098 -13.2120 42.5140
v -55.1098 -15.9640 42.5140
v -57.6038 -16.1150 55.3770
v -53.4928 -6.8160 40.0050
v -55.1098 -6.9130 42.5140
v -52.5178 -15.9220 44.3040
v -53.4928 -13.2070 40.0050
v -55.0078 -6.9000 40.8340
v -55.0078 -13.2230 40.8340
usemtl Ground
s off
f 633 624 625 632 626 627 631 628 629 630
usemtl Wall
s off
f 634 627 626 635
usemtl Wall
s off
f 635 626 632 636
usemtl Wall
s off
f 637 630 629 638
usemtl Wall
s off
f 638 629 628 639
usemtl Wall
s off
f 640 624 633 641 642
usemtl Wall
s off
f 642 641 643 644
usemtl Wall
s off
f 645 625 624 640
usemtl Wall
s off
f 646 631 627 634
usemtl Wall
s off
f 644 643 647 636 648
usemtl Wall
s off
f 648 636 632 625 645
usemtl Wall
s off
f 641 633 630 637
usemtl Wall
s off
f 639 628 631 646 649
usemtl Wall
s off
f 649 646 650 651
usemtl Wall
s off
f 651 650 647 643
usemtl Roof
s off
f 648 645 640 642 644
usemtl Roof
s off
f 647 650 646 634 635 636
usemtl Roof
s off
f 651 643 641 637 638 639 649
o NL.IMBAG.Pand.0363100012156162_gable
v -75.6008 -0.6360 10.0440
v -76.2898 -0.6360 11.5030
v -74.1088 -0.6360 12.5360
v -68.3518 -0.6360 0.3520
v -74.0908 -0.6360 -2.3370
v -74.1298 -0.6360 -2.2260
v -79.2398 -0.6360 8.3020
v -74.5928 -0.6360 -1.2730
v -71.6728 -0.6360 -1.2040
v -74.5928 -14.2500 -1.2730
v -74.5928 -13.8390 -1.2730
v -71.6728 -12.0750 -1.2040
v -71.6728 -14.3090 -1.2040
v -76.2898 -14.0000 11.5030
v -75.6008 -14.0390 10.0440
v -74.1088 -14.0280 12.5360
v -68.3518 -14.3520 0.3520
v -79.2398 -13.9930 8.3020
v -74.1298 -11.8910 -2.2260
v -74.0908 -11.6750 -2.3370
usemtl Ground
s off
f 656 657 659 658 652 653 654 655 660
usemtl Wall
s off
f 661 662 663 664
usemtl Wall
s off
f 665 653 652 666
usemtl Wall
s off
f 667 654 653 665
usemtl Wall
s off
f 668 655 654 667
usemtl Wall
s off
f 666 652 658 669
usemtl Wall
s off
f 662 659 657 670
usemtl Wall
s off
f 664 663 660 655 668
usemtl Wall
s off
f 671 656 660 663
usemtl Wall
s off
f 670 657 656 671
usemtl Wall
s off
f 669 658 659 662 661
usemtl Roof
s off
f 670 671 663 662
usemtl Roof
s off
f 669 661 664 668 667 665 666
o NL.IMBAG.Pand.0363100012156211_hip
v -24.9608 -0.5860 51.3720
v -21.3718 -0.5860 46.9290
v -34.8838 -0.5860 40.7210
v -36.0468 -0.5860 41.8050
v -36.2308 -0.5860 42.1940
v -34.2808 -0.5860 43.1430
v -35.8098 -0.5860 46.4530
v -34.0418 -0.5860 41.1080
v -31.2548 -0.5860 48.5190
v -28.7208 -0.5860 49.6670
v -24.9608 -17.4640 51.3720
v -28.7208 -17.4230 49.6670
v -21.3718 -17.3570 46.9290
v -35.8098 -17.3450 46.4530
v -34.2808 -16.9610 43.1430
v -34.2808 -17.2650 43.1430
v -31.2548 -17.3950 48.5190
v -30.1348 -19.7190 47.5230
v -30.1348 -17.3710 47.5230
v -29.2268 -17.3440 46.3880
v -29.2268 -19.7310 46.3880
v -30.1108 -19.7190 47.5880
v -30.1108 -17.7610 47.5880
v -30.1108 -17.3730 47.5880
v -28.5088 -19.7550 49.1530
v -28.5088 -18.0380 49.1530
v -29.6868 -17.9630 48.7400
v -29.6868 -19.7320 48.7400
v -28.5088 -17.4110 49.1530
v -28.7208 -18.1270 49.6670
v -27.3468 -19.7660 46.3400
v -27.3468 -17.3430 46.3400
v -31.2548 -17.9200 48.5190
v -36.2308 -16.7620 42.1940
v -36.0468 -16.7560 41.8050
v -34.0418 -16.8720 41.1080
v -34.0418 -17.2160 41.1080
v -34.8838 -16.7860 40.7210
v -29.1858 -19.7310 46.2420
v -29.1858 -17.3400 46.2420
usemtl Ground
s off
f 673 679 674 675 676 677 678 680 681 672
usemtl Wall
s off
f 682 672 681 683
usemtl Wall
s off
f 684 673 672 682
usemtl Wall
s off
f 685 678 677 686 687
usemtl Wall
s off
f 688 680 678 685
usemtl Wall
s off
f 689 690 691 692
usemtl Wall
s off
f 693 694 695 690 689
usemtl Wall
s off
f 696 697 698 699
usemtl Wall
s off
f 697 700 683 701
usemtl Wall
s off
f 702 703 700 697 696
usemtl Wall
s off
f 699 698 694 693
usemtl Wall
s off
f 704 688 695 694
usemtl Wall
s off
f 701 683 681 680 688 704
usemtl Wall
s off
f 686 677 676 705
usemtl Wall
s off
f 705 676 675 706
usemtl Wall
s off
f 687 686 707 708
usemtl Wall
s off
f 708 707 679 673 684
usemtl Wall
s off
f 709 674 679 707
usemtl Wall
s off
f 710 711 703 702
usemtl Wall
s off
f 692 691 711 710
usemtl Wall
s off
f 706 675 674 709
usemtl Roof
s off
f 701 704 694 698 697
usemtl Roof
s off
f 692 710 702 696 699 693 689
usemtl Roof
s off
f 711 691 690 695 688 685 687 708 684 682 683 700 703
usemtl Roof
s off
f 706 709 707 686 705
o NL.IMBAG.Pand.0363100012156430_gable
v -65.6598 -0.7620 93.1530
v -61.6698 -0.7620 88.2950
v -74.6808 -0.7620 82.0030
v -77.1908 -0.7620 87.3130
v -73.6578 -0.7620 89.1030
v -71.1708 -0.7620 83.7010
v -65.6598 -18.7530 93.1530
v -73.6578 -16.0300 89.1030
v -73.6578 -18.3600 89.1030
v -71.1708 -15.8800 83.7010
v -71.1708 -18.3110 83.7010
v -77.1908 -15.7580 87.3130
v -61.6698 -18.7720 88.2950
v -74.6808 -15.6130 82.0030
usemtl Ground
s off
f 716 712 713 717 714 715
usemtl Wall
s off
f 718 712 716 719 720
usemtl Wall
s off
f 720 719 721 722
usemtl Wall
s off
f 719 716 715 723
usemtl Wall
s off
f 724 713 712 718
usemtl Wall
s off
f 723 715 714 725
usemtl Wall
s off
f 725 714 717 721
usemtl Wall
s off
f 722 721 717 713 724
usemtl Roof
s off
f 725 721 719 723
usemtl Roof
s off
f 722 724 718 720
o NL.IMBAG.Pand.0363100012156449_hip
v -73.0688 -0.6830 -31.5790
v -73.0218 -0.6830 -31.6760
v -78.2608 -0.6830 -33.9670
v -83.3168 -0.6830 -23.1840
v -78.2948 -0.6830 -20.8360
v -74.9088 -0.6830 -27.7940
v -82.6328 -0.6830 -24.6430
v -82.9718 -0.6830 -23.9190
v -81.9458 -0.6830 -22.5420
v -77.3168 -0.6830 -22.8450
v -76.1278 -0.6830 -25.2890
v -77.3168 -17.3130 -22.8450
v -78.2948 -16.6350 -20.8360
v -81.9458 -16.6300 -22.5420
v -81.9458 -14.6820 -22.5420
v -81.4818 -15.2410 -23.3270
v -81.4818 -16.9060 -23.3270
v -83.3168 -14.6610 -23.1840
v -82.9718 -15.1610 -23.9190
v -82.9718 -16.8760 -23.9190
v -78.2608 -16.6020 -33.9670
v -73.0218 -16.6950 -31.6760
v -77.7078 -19.5870 -27.2570
v -77.7078 -17.2290 -27.2570
v -76.6638 -17.0720 -28.6420
v -76.6638 -19.6160 -28.6420
v -73.0688 -16.7050 -31.5790
v -82.6328 -17.1180 -24.6430
v -82.6328 -17.5980 -24.6430
v -76.1278 -17.3790 -25.2890
v -77.3168 -17.6410 -22.8450
v -76.1278 -19.6390 -25.2890
v -74.9088 -19.6700 -27.7940
v -74.9088 -17.1100 -27.7940
usemtl Ground
s off
f 731 726 727 728 732 733 729 734 730 735 736
usemtl Wall
s off
f 737 735 730 738
usemtl Wall
s off
f 739 740 741 742
usemtl Wall
s off
f 738 730 734 740 739
usemtl Wall
s off
f 743 729 733 744
usemtl Wall
s off
f 740 734 729 743
usemtl Wall
s off
f 742 741 744 745
usemtl Wall
s off
f 746 728 727 747
usemtl Wall
s off
f 748 749 750 751
usemtl Wall
s off
f 747 727 726 752
usemtl Wall
s off
f 745 744 733 732 753
usemtl Wall
s off
f 754 753 732 728 746
usemtl Wall
s off
f 755 736 735 737 756
usemtl Wall
s off
f 757 755 749 748
usemtl Wall
s off
f 758 759 731 736 755 757
usemtl Wall
s off
f 751 750 759 758
usemtl Wall
s off
f 752 726 731 759
usemtl Wall
s off
f 756 737 753 754
usemtl Roof
s off
f 744 741 740 743
usemtl Roof
s off
f 751 758 757 748
usemtl Roof
s off
f 756 754 746 747 752 759 750 749 755
usemtl Roof
s off
f 753 737 738 739 742 745
o NL.IMBAG.Pand.0363100012156527_complex
v -2.9508 -0.5510 14.6030
v -2.8638 -0.5510 14.6340
v -0.2338 -0.5510 9.6250
v -0.0498 -0.5510 9.1950
v -10.2528 -0.5510 4.4100
v -12.9808 -0.5510 9.8740
v -12.5608 -0.5510 10.0840
v -12.5208 -0.5510 9.9440
v -7.4298 -0.5510 12.3340
v -7.4808 -0.5510 12.4630
v -7.0808 -0.5510 12.6430
v -7.0398 -0.5510 12.5140
v -2.8898 -0.5510 14.4840
v -2.6308 -0.5510 14.3050
v -2.1778 -0.5510 13.7150
v -0.3648 -0.5510 9.6010
v -1.7878 -0.5510 8.3790
v -9.6288 -0.5510 4.7030
v -10.4598 -0.5510 4.8250
v -11.6738 -0.5510 7.2560
v -12.4638 -0.5510 8.8390
v -0.0498 -13.9530 9.1950
v -0.2338 -15.3800 9.6250
v -0.3648 -14.8440 9.6010
v -0.3648 -15.4820 9.6010
v -2.1778 -14.9560 13.7150
v -7.0398 -14.7370 12.5140
v -7.0808 -14.3860 12.6430
v -7.4808 -14.3710 12.4630
v -7.4298 -14.7330 12.3340
v -12.5208 -14.7740 9.9440
v -12.5608 -14.3990 10.0840
v -12.9808 -14.4320 9.8740
v -12.4638 -17.4470 8.8390
v -10.4598 -15.3010 4.8250
v -10.2528 -15.0980 4.4100
v -10.4598 -17.1890 4.8250
v -9.9178 -15.3210 5.0740
v -9.9178 -17.1820 5.0740
v -11.6738 -17.9670 7.2560
v -1.9188 -16.1380 11.7340
v -1.9188 -17.8240 11.7340
v -2.6248 -17.8340 11.4100
v -1.7878 -13.9450 8.3790
v -1.3148 -16.7440 9.6140
v -1.7878 -16.9550 8.3790
v -2.0818 -17.2630 9.4440
v -2.9508 -14.3040 14.6030
v -2.8898 -14.6540 14.4840
v -9.6288 -15.1230 4.7030
v -9.6288 -17.0490 4.7030
v -2.8638 -14.3280 14.6340
v -3.0408 -17.3750 12.9200
v -2.6308 -15.3620 14.3050
v -1.5938 -17.2560 9.6690
v -3.1348 -17.2710 13.2620
usemtl Ground
s off
f 773 774 775 762 763 776 777 764 778 779 780 765 766 767 768 769 770 771 772 760 761
usemtl Wall
s off
f 781 763 762 782
usemtl Wall
s off
f 782 762 775 783 784
usemtl Wall
s off
f 783 775 774 785
usemtl Wall
s off
f 786 771 770 787
usemtl Wall
s off
f 787 770 769 788
usemtl Wall
s off
f 789 768 767 790
usemtl Wall
s off
f 788 769 768 789
usemtl Wall
s off
f 790 767 766 791
usemtl Wall
s off
f 792 765 780 793
usemtl Wall
s off
f 791 766 765 792
usemtl Wall
s off
f 794 778 764 795
usemtl Wall
s off
f 796 794 797 798
usemtl Wall
s off
f 799 779 778 794 796
usemtl Wall
s off
f 800 801 802
usemtl Wall
s off
f 803 776 763 781
usemtl Wall
s off
f 793 780 779 799
usemtl Wall
s off
f 784 783 804
usemtl Wall
s off
f 805 803 806
usemtl Wall
s off
f 807 760 772 808
usemtl Wall
s off
f 795 764 777 809
usemtl Wall
s off
f 810 809 777 776 803 805
usemtl Wall
s off
f 798 797 809 810
usemtl Wall
s off
f 808 772 771 786
usemtl Wall
s off
f 811 761 760 807
usemtl Wall
s off
f 801 800 812
usemtl Wall
s off
f 813 773 761 811
usemtl Wall
s off
f 785 774 773 813
usemtl Roof
s off
f 806 803 781 782 784 804 814
usemtl Roof
s off
f 798 810 805 806 814 802 799 796
usemtl Roof
s off
f 809 797 794 795
usemtl Roof
s off
f 801 812 815 793 799 802
usemtl Roof
s off
f 813 811 807 808 786 787 788 789 790 791 792 793 815
usemtl Roof
s off
f 785 813 815 812 800 802 814 804 783
o NL.IMBAG.Pand.0363100012156639_gable
v -29.9278 -0.5580 56.3170
v -29.0298 -0.5580 55.6520
v -40.2948 -0.5580 50.4230
v -42.0398 -0.5580 54.1030
v -42.4808 -0.5580 55.2640
v -32.8788 -0.5580 59.9450
v -29.9128 -0.5580 56.8310
v -37.8428 -0.5580 51.5610
v -41.3988 -0.5580 55.7910
v -42.4808 -17.3660 55.2640
v -42.0398 -17.3530 54.1030
v -41.3988 -17.5710 55.7910
v -32.8788 -18.0550 59.9450
v -41.3988 -18.3260 55.7910
v -40.2948 -17.3650 50.4230
v -29.0298 -17.9120 55.6520
v -29.9278 -17.9450 56.3170
v -29.9128 -17.9460 56.8310
v -40.8768 -17.5190 53.9010
v -40.8768 -18.3020 53.9010
v -37.8428 -17.8240 51.5610
v -37.8428 -18.1930 51.5610
usemtl Ground
s off
f 823 818 819 820 824 821 822 816 817
usemtl Wall
s off
f 825 820 819 826
usemtl Wall
s off
f 827 824 820 825
usemtl Wall
s off
f 828 821 824 827 829
usemtl Wall
s off
f 826 819 818 830
usemtl Wall
s off
f 831 817 816 832
usemtl Wall
s off
f 832 816 822 833
usemtl Wall
s off
f 833 822 821 828
usemtl Wall
s off
f 829 827 834 835
usemtl Wall
s off
f 835 834 836 837
usemtl Wall
s off
f 830 818 823 836
usemtl Wall
s off
f 837 836 823 817 831
usemtl Roof
s off
f 830 836 834 827 825 826
usemtl Roof
s off
f 837 831 832 833 828 829 835
o NL.IMBAG.Pand.0363100012156665_hip
v -40.2948 -0.5720 50.4230
v -28.8628 -0.5720 55.7290
v -28.7198 -0.5720 55.8540
v -24.8798 -0.5720 51.4340
v -24.9608 -0.5720 51.3720
v -37.9498 -0.5720 45.4840
v -33.8388 -0.5720 53.4200
v -31.7088 -0.5720 48.3130
v -35.7108 -0.5720 46.4990
v -36.8298 -0.5720 52.0320
v -24.8798 -18.0210 51.4340
v -28.7198 -17.9710 55.8540
v -24.9608 -18.0170 51.3720
v -28.8628 -17.9650 55.7290
v -40.2948 -17.3890 50.4230
v -37.9498 -17.4190 45.4840
v -31.7088 -17.7720 48.3130
v -36.8298 -19.1570 52.0320
v -36.8298 -17.6790 52.0320
v -36.6188 -17.6660 50.9880
v -36.6188 -18.0040 50.9880
v -36.6188 -19.1370 50.9880
v -33.6908 -18.1850 51.3490
v -33.6908 -19.1900 51.3490
v -33.8388 -19.2330 53.4200
v -33.8388 -17.7830 53.4200
v -35.7108 -17.6060 46.4990
v -35.7108 -18.3690 46.4990
v -31.7088 -18.5280 48.3130
v -33.6908 -17.7570 51.3490
v -32.8428 -17.7840 51.4530
v -32.8428 -18.2380 51.4530
usemtl Ground
s off
f 844 839 840 841 842 845 846 843 838 847
usemtl Wall
s off
f 848 841 840 849
usemtl Wall
s off
f 850 842 841 848
usemtl Wall
s off
f 849 840 839 851
usemtl Wall
s off
f 852 838 843 853
usemtl Wall
s off
f 854 845 842 850
usemtl Wall
s off
f 855 856 857 858 859
usemtl Wall
s off
f 859 858 860 861
usemtl Wall
s off
f 862 863 844 847 856 855
usemtl Wall
s off
f 853 843 846 864
usemtl Wall
s off
f 856 847 838 852
usemtl Wall
s off
f 865 864 846 845 854 866
usemtl Wall
s off
f 861 860 867 863 862
usemtl Wall
s off
f 858 857 864 865
usemtl Wall
s off
f 851 839 844 863
usemtl Wall
s off
f 866 854 868 869
usemtl Wall
s off
f 869 868 867 860
usemtl Roof
s off
f 861 862 855 859
usemtl Roof
s off
f 864 857 856 852 853
usemtl Roof
s off
f 869 860 858 865 866
usemtl Roof
s off
f 867 868 854 850 848 849 851 863
o NL.IMBAG.Pand.0363100012156684_gable
v -21.3718 -0.5580 46.9290
v -21.2998 -0.5580 46.9850
v -18.6638 -0.5580 43.4760
v -30.3388 -0.5580 38.2130
v -31.1208 -0.5580 39.8440
v -34.3798 -0.5580 38.2730
v -35.4198 -0.5580 40.4750
v -28.8088 -0.5580 38.9030
v -30.6938 -0.5580 38.9540
v -34.3798 -16.7990 38.2730
v -31.1208 -16.9240 39.8440
v -35.4198 -16.7480 40.4750
v -21.2998 -17.2900 46.9850
v -21.3718 -17.2870 46.9290
v -18.6638 -17.4100 43.4760
v -30.6938 -14.2970 38.9540
v -30.3388 -14.2610 38.2130
v -30.6938 -16.9450 38.9540
v -28.8088 -16.7680 38.9030
v -28.8088 -17.0200 38.9030
usemtl Ground
s off
f 877 873 878 874 875 876 870 871 872
usemtl Wall
s off
f 879 875 874 880
usemtl Wall
s off
f 881 876 875 879
usemtl Wall
s off
f 882 871 870 883
usemtl Wall
s off
f 884 872 871 882
usemtl Wall
s off
f 883 870 876 881
usemtl Wall
s off
f 885 878 873 886
usemtl Wall
s off
f 880 874 878 885 887
usemtl Wall
s off
f 887 885 888 889
usemtl Wall
s off
f 886 873 877 888
usemtl Wall
s off
f 889 888 877 872 884
usemtl Roof
s off
f 886 888 885
usemtl Roof
s off
f 889 884 882 883 881 879 880 887
o NL.IMBAG.Pand.0363100012156749_flat
v -48.0308 -0.5510 -43.3170
v -42.6818 -0.5510 -40.8160
v -37.6708 -0.5510 -51.6660
v -42.9408 -0.5510 -54.1380
v -42.6818 -16.6080 -40.8160
v -48.0308 -16.5410 -43.3170
v -37.6708 -16.2720 -51.6660
v -42.9408 -16.2060 -54.1380
usemtl Ground
s off
f 890 891 892 893
usemtl Wall
s off
f 894 891 890 895
usemtl Wall
s off
f 896 892 891 894
usemtl Wall
s off
f 895 890 893 897
usemtl Wall
s off
f 897 893 892 896
usemtl Roof
s off
f 897 896 894 895
o NL.IMBAG.Pand.0363100012156763_flat
v -57.9668 -0.6300 5.2870
v -63.1598 -0.6300 2.8830
v -68.0598 -0.6300 13.5630
v -64.8508 -0.6300 15.0440
v -65.6008 -0.6300 16.3830
v -63.3468 -0.6300 17.4550
v -63.1598 -14.1740 2.8830
v -57.9668 -14.1750 5.2870
v -65.6008 -13.9140 16.3830
v -64.8508 -13.9440 15.0440
v -63.3468 -13.9140 17.4550
v -68.0598 -13.9430 13.5630
usemtl Ground
s off
f 898 899 900 901 902 903
usemtl Wall
s off
f 904 899 898 905
usemtl Wall
s off
f 906 902 901 907
usemtl Wall
s off
f 908 903 902 906
usemtl Wall
s off
f 905 898 903 908
usemtl Wall
s off
f 907 901 900 909
usemtl Wall
s off
f 909 900 899 904
usemtl Roof
s off
f 909 904 905 908 906 907
o NL.IMBAG.Pand.0363100012156772_complex
v -7.5508 -0.4900 -5.3370
v -9.1898 -0.4900 -1.8100
v 2.2612 -0.4900 3.2750
v 3.5722 -0.4900 -0.5340
v 3.2472 -0.4900 -0.6960
v 3.3222 -0.4900 -1.2640
v 3.7512 -0.4900 -1.0530
v 4.3302 -0.4900 -2.7350
v -9.3008 -0.4900 -9.2960
v -10.3708 -0.4900 -6.7360
v 2.8952 -0.4900 1.4340
v 3.2562 -0.4900 -0.7650
v 0.2212 -0.4900 -4.7130
v -6.1258 -0.4900 -7.7680
v -9.5738 -0.4900 -8.6420
v -10.0468 -0.4900 -7.5100
v -0.6668 -0.4900 1.9740
v -9.1898 -17.7150 -1.8100
v -7.5508 -17.7070 -5.3370
v -10.3708 -17.6310 -6.7360
v -10.0468 -17.3220 -7.5100
v -10.0468 -17.6290 -7.5100
v 3.7512 -17.2430 -1.0530
v 3.3222 -17.2410 -1.2640
v 3.2562 -17.9900 -0.7650
v -6.8838 -17.7150 -5.9070
v -6.8838 -17.4560 -5.9070
v -6.8268 -17.2060 -6.0480
v -6.8268 -17.7140 -6.0480
v -0.6668 -17.9400 1.9740
v -0.6668 -17.6730 1.9740
v 2.2612 -17.2400 3.2750
v 3.2562 -19.6760 -0.7650
v 3.2472 -19.6690 -0.6960
v 3.5722 -19.5690 -0.5340
v 1.6952 -17.9780 0.9490
v 1.6952 -17.4280 0.9490
v -1.0598 -17.2300 -3.2730
v -1.0598 -17.4220 -3.2730
v -1.0598 -17.8690 -3.2730
v -9.3008 -16.4250 -9.2960
v -6.1258 -17.0690 -7.7680
v -6.1258 -19.8530 -7.7680
v 0.2212 -14.5110 -4.7130
v 4.3302 -14.4740 -2.7350
v 3.0962 -19.7250 -0.8460
v 3.0962 -17.9860 -0.8460
v -0.1138 -17.8990 -2.4730
v 2.8952 -19.4780 1.4340
v 2.8952 -17.2530 1.4340
v 2.4122 -17.3240 1.2390
v 2.4122 -17.9970 1.2390
v 2.4122 -19.6200 1.2390
v -6.6018 -17.1620 -6.5990
v -6.6018 -19.8050 -6.5990
v -6.6018 -16.2390 -6.5990
v -9.5738 -15.3250 -8.6420
v -9.5738 -16.3920 -8.6420
v 0.2212 -17.0950 -4.7130
v -0.9708 -17.2200 -3.3730
usemtl Ground
s off
f 912 920 913 914 921 915 916 917 922 923 918 924 925 919 910 911 926
usemtl Wall
s off
f 927 911 910 928
usemtl Wall
s off
f 928 910 919 929
usemtl Wall
s off
f 929 919 925 930 931
usemtl Wall
s off
f 932 916 915 933
usemtl Wall
s off
f 933 915 921 934
usemtl Wall
s off
f 935 936 937 938
usemtl Wall
s off
f 931 930 936 935
usemtl Wall
s off
f 939 940 926 911 927
usemtl Wall
s off
f 941 912 926 940
usemtl Wall
s off
f 942 934 921 914 943
usemtl Wall
s off
f 943 914 913 944
usemtl Wall
s off
f 945 946 940 939
usemtl Wall
s off
f 938 937 947 948 949
usemtl Wall
s off
f 950 918 923 951 952
usemtl Wall
s off
f 953 922 917 954
usemtl Wall
s off
f 955 956 934 942
usemtl Wall
s off
f 954 917 916 932
usemtl Wall
s off
f 949 948 957
usemtl Wall
s off
f 958 959 960 961 962
usemtl Wall
s off
f 944 913 920 959 958
usemtl Wall
s off
f 959 920 912 941
usemtl Wall
s off
f 952 951 963 964
usemtl Wall
s off
f 964 963 965 966 967
usemtl Wall
s off
f 967 966 924 918 950
usemtl Wall
s off
f 930 925 924 966
usemtl Wall
s off
f 951 923 922 953 968
usemtl Wall
s off
f 968 953 969
usemtl Wall
s off
f 948 947 969
usemtl Wall
s off
f 965 963 937
usemtl Wall
s off
f 962 961 956 955
usemtl Wall
s off
f 961 960 946 945
usemtl Roof
s off
f 962 955 942 943 944 958
usemtl Roof
s off
f 967 950 952 964
usemtl Roof
s off
f 965 937 936 930 966
usemtl Roof
s off
f 948 969 953 954 932 933 934 956 957
usemtl Roof
s off
f 937 963 951 968 969 947
usemtl Roof
s off
f 961 945 939 927 928 929 931 935 938 949 957 956
usemtl Roof
s off
f 946 960 959 941 940
o NL.IMBAG.Pand.0363100012157151_tri-slope
v -52.1358 -0.5760 8.9580
v -52.6578 -0.5760 8.6850
v -57.2568 -0.5760 18.6890
v -53.8798 -0.5760 20.2340
v -54.3008 -0.5760 21.1240
v -52.3098 -0.5760 21.9930
v -46.8308 -0.5760 10.4140
v -50.7188 -0.5760 8.5940
v -50.2738 -0.5760 9.3010
v -53.9718 -0.5760 20.4280
v -52.1388 -0.5760 21.6320
v -47.3308 -0.5760 11.4710
v -53.8798 -14.2360 20.2340
v -57.2568 -14.2460 18.6890
v -54.3008 -11.8560 21.1240
v -53.9718 -12.3250 20.4280
v -52.1388 -14.2000 21.6320
v -52.1388 -12.0520 21.6320
v -53.9718 -14.2240 20.4280
v -52.6578 -14.8400 8.6850
v -52.1358 -14.8370 8.9580
v -52.3098 -11.8070 21.9930
v -47.3308 -14.8050 11.4710
v -47.3308 -14.2970 11.4710
v -46.8308 -10.7850 10.4140
v -49.6818 -14.8210 10.2410
v -49.6818 -14.2800 10.2410
v -50.2738 -12.5940 9.3010
v -50.2738 -14.8560 9.3010
v -50.7188 -11.3280 8.5940
usemtl Ground
s off
f 970 971 972 973 979 974 975 980 981 976 977 978
usemtl Wall
s off
f 982 973 972 983
usemtl Wall
s off
f 984 974 979 985
usemtl Wall
s off
f 986 987 985 988
usemtl Wall
s off
f 988 985 979 973 982
usemtl Wall
s off
f 989 971 970 990
usemtl Wall
s off
f 983 972 971 989
usemtl Wall
s off
f 987 980 975 991
usemtl Wall
s off
f 991 975 974 984
usemtl Wall
s off
f 992 993 981 980 987 986
usemtl Wall
s off
f 994 976 981 993
usemtl Wall
s off
f 995 996 993 992
usemtl Wall
s off
f 990 970 978 997 998
usemtl Wall
s off
f 998 997 996 995
usemtl Wall
s off
f 997 978 977 999
usemtl Wall
s off
f 999 977 976 994
usemtl Roof
s off
f 991 984 985 987
usemtl Roof
s off
f 998 995 992 986 988 982 983 989 990
usemtl Roof
s off
f 999 994 993 996 997
o NL.IMBAG.Pand.0363100012157227_tri-slope
v -40.3328 -0.6830 -3.0410
v -34.9088 -0.6830 -0.4960
v -29.4298 -0.6830 -12.3260
v -33.1298 -0.6830 -14.0570
v -31.8508 -0.6830 -16.9160
v -33.4108 -0.6830 -17.6660
v -32.2638 -0.6830 -15.9940
v -34.4988 -0.6830 -15.3660
v -34.9098 -0.6830 -14.4990
v -34.9088 -14.8730 -0.4960
v -40.3328 -14.9500 -3.0410
v -32.2638 -14.2730 -15.9940
v -32.2638 -5.6080 -15.9940
v -33.1298 -14.3640 -14.0570
v -32.3468 -14.2760 -15.9700
v -32.3468 -10.8000 -15.9700
v -32.3468 -5.6090 -15.9700
v -29.4298 -14.3110 -12.3260
v -31.8508 -5.5870 -16.9160
v -34.9098 -11.4490 -14.4990
v -34.9098 -14.4030 -14.4990
v -34.4988 -5.6360 -15.3660
v -34.4988 -11.2050 -15.3660
v -33.2588 -11.4070 -13.7500
v -33.2588 -14.3780 -13.7500
v -33.4108 -5.5830 -17.6660
usemtl Ground
s off
f 1000 1001 1002 1003 1006 1004 1005 1007 1008
usemtl Wall
s off
f 1009 1001 1000 1010
usemtl Wall
s off
f 1011 1012 1006 1003 1013
usemtl Wall
s off
f 1014 1015 1016 1012 1011
usemtl Wall
s off
f 1017 1002 1001 1009
usemtl Wall
s off
f 1018 1004 1006 1012
usemtl Wall
s off
f 1010 1000 1008 1019 1020
usemtl Wall
s off
f 1019 1008 1007 1021 1022
usemtl Wall
s off
f 1020 1019 1023 1024
usemtl Wall
s off
f 1013 1003 1002 1017
usemtl Wall
s off
f 1022 1021 1016 1015
usemtl Wall
s off
f 1021 1007 1005 1025
usemtl Wall
s off
f 1025 1005 1004 1018
usemtl Wall
s off
f 1024 1023 1015 1014
usemtl Roof
s off
f 1015 1023 1019 1022
usemtl Roof
s off
f 1025 1018 1012 1016 1021
usemtl Roof
s off
f 1024 1014 1011 1013 1017 1009 1010 1020
o NL.IMBAG.Pand.0363100012157419_gable
v -37.1998 -0.3850 -38.2510
v -31.8838 -0.3850 -35.7640
v -26.8678 -0.3850 -46.5980
v -32.2098 -0.3850 -49.1050
v -32.6568 -0.3850 -48.1320
v -27.3388 -0.3850 -45.5790
v -37.1998 -16.4310 -38.2510
v -32.6568 -16.3330 -48.1320
v -31.8838 -16.4610 -35.7640
v -27.3388 -16.3630 -45.5790
v -32.2098 -13.4240 -49.1050
v -26.8678 -13.3160 -46.5980
v -29.5628 -14.5180 -47.3950
v -29.5628 -16.3430 -47.3950
v -30.9938 -16.3420 -47.3340
v -29.0958 -16.3530 -46.4230
usemtl Ground
s off
f 1030 1026 1027 1031 1028 1029
usemtl Wall
s off
f 1032 1026 1030 1033
usemtl Wall
s off
f 1034 1027 1026 1032
usemtl Wall
s off
f 1035 1031 1027 1034
usemtl Wall
s off
f 1033 1030 1029 1036
usemtl Wall
s off
f 1036 1029 1028 1037
usemtl Wall
s off
f 1038 1039 1040
usemtl Wall
s off
f 1039 1038 1041
usemtl Wall
s off
f 1037 1028 1031 1035
usemtl Roof
s off
f 1039 1041 1035 1034 1032 1033 1040
usemtl Roof
s off
f 1037 1035 1041 1038 1040 1033 1036
o NL.IMBAG.Pand.0363100012157994_tri-slope
v -74.0908 -0.5550 -58.1270
v -68.3898 -0.5550 -55.3960
v -64.2888 -0.5550 -64.1880
v -69.9598 -0.5550 -66.8870
v -71.2398 -0.5550 -64.1720
v -72.4968 -0.5550 -61.5070
v -66.4548 -0.5550 -65.2190
v -70.4178 -0.5550 -65.9180
v -74.0908 -16.5180 -58.1270
v -72.4968 -16.3820 -61.5070
v -70.7618 -18.6260 -60.3900
v -70.7618 -16.4070 -60.3900
v -72.4968 -18.6460 -61.5070
v -71.2398 -16.2740 -64.1720
v -70.4178 -16.2040 -65.9180
v -64.2888 -16.2110 -64.1880
v -68.3898 -16.5650 -55.3960
v -69.9598 -14.0230 -66.8870
v -66.4548 -13.8640 -65.2190
v -66.4548 -16.1930 -65.2190
v -69.3168 -16.2140 -65.3610
v -70.5608 -18.6300 -60.9990
v -70.5608 -16.3830 -60.9990
v -69.9918 -18.6300 -61.3100
v -69.9918 -16.3660 -61.3100
v -69.9358 -18.6440 -62.8980
v -69.9358 -16.3090 -62.8980
v -70.2578 -16.3470 -61.9210
v -70.2578 -18.6370 -61.9210
v -70.6908 -18.6490 -62.9140
v -70.6908 -16.3150 -62.9140
v -71.2398 -18.6630 -64.1720
usemtl Ground
s off
f 1046 1047 1042 1043 1044 1048 1045 1049
usemtl Wall
s off
f 1050 1042 1047 1051
usemtl Wall
s off
f 1052 1053 1051 1054
usemtl Wall
s off
f 1055 1046 1049 1056
usemtl Wall
s off
f 1057 1044 1043 1058
usemtl Wall
s off
f 1056 1049 1045 1059
usemtl Wall
s off
f 1058 1043 1042 1050
usemtl Wall
s off
f 1059 1045 1048 1060
usemtl Wall
s off
f 1060 1061 1062
usemtl Wall
s off
f 1063 1064 1053 1052
usemtl Wall
s off
f 1061 1060 1048 1044 1057
usemtl Wall
s off
f 1065 1066 1064 1063
usemtl Wall
s off
f 1067 1068 1069 1070
usemtl Wall
s off
f 1071 1072 1068 1067
usemtl Wall
s off
f 1054 1051 1047 1046 1055 1073
usemtl Wall
s off
f 1073 1055 1072 1071
usemtl Wall
s off
f 1070 1069 1066 1065
usemtl Roof
s off
f 1062 1056 1059 1060
usemtl Roof
s off
f 1070 1065 1063 1052 1054 1073 1071 1067
usemtl Roof
s off
f 1066 1069 1068 1072 1055 1056 1062 1061 1057 1058 1050 1051 1053 1064
o NL.IMBAG.Pand.0363100012158277_gable
v -90.1848 -0.6300 -9.7870
v -94.2498 -0.6300 -1.4360
v -95.2198 -0.6300 0.5940
v -89.8878 -0.6300 3.0820
v -84.9608 -0.6300 -7.3170
v -87.6218 -0.6300 -8.5750
v -92.5208 -0.6300 1.8530
v -95.2198 -13.3410 0.5940
v -94.2498 -13.3870 -1.4360
v -89.8878 -13.8870 3.0820
v -92.5208 -18.0560 1.8530
v -90.1848 -13.6850 -9.7870
v -84.9608 -13.9460 -7.3170
v -87.6218 -18.1700 -8.5750
usemtl Ground
s off
f 1078 1079 1074 1075 1076 1080 1077
usemtl Wall
s off
f 1081 1076 1075 1082
usemtl Wall
s off
f 1083 1077 1080 1084
usemtl Wall
s off
f 1082 1075 1074 1085
usemtl Wall
s off
f 1086 1078 1077 1083
usemtl Wall
s off
f 1084 1080 1076 1081
usemtl Wall
s off
f 1085 1074 1079 1087
usemtl Wall
s off
f 1087 1079 1078 1086
usemtl Roof
s off
f 1087 1084 1081 1082 1085
usemtl Roof
s off
f 1084 1087 1086 1083
o NL.IMBAG.Pand.0363100012158498_tri-slope
v -25.5488 -0.4980 -32.7990
v -26.5768 -0.4980 -30.5200
v -21.2768 -0.4980 -28.0400
v -20.2168 -0.4980 -30.3040
v -19.3718 -0.4980 -29.9090
v -14.3618 -0.4980 -40.7330
v -20.4108 -0.4980 -43.5700
v -19.3048 -0.4980 -30.0540
v -25.5888 -0.4980 -32.7090
v -14.7928 -0.4980 -39.8040
v -17.0938 -0.4980 -42.0140
v -20.2168 -3.7440 -30.3040
v -21.2768 -3.7290 -28.0400
v -19.3718 -3.7490 -29.9090
v -26.5768 -3.6970 -30.5200
v -25.5888 -3.7110 -32.7090
v -25.5488 -16.5020 -32.7990
v -20.4108 -16.1050 -43.5700
v -17.0938 -13.7190 -42.0140
v -17.0938 -16.0910 -42.0140
v -14.3618 -14.0100 -40.7330
v -14.7928 -14.4300 -39.8040
v -14.7928 -16.1130 -39.8040
v -19.3048 -3.7500 -30.0540
v -25.5888 -16.5050 -32.7090
v -19.3048 -16.4690 -30.0540
usemtl Ground
s off
f 1095 1097 1093 1098 1094 1088 1096 1089 1090 1091 1092
usemtl Wall
s off
f 1099 1091 1090 1100
usemtl Wall
s off
f 1101 1092 1091 1099
usemtl Wall
s off
f 1100 1090 1089 1102
usemtl Wall
s off
f 1102 1089 1096 1103
usemtl Wall
s off
f 1104 1088 1094 1105
usemtl Wall
s off
f 1105 1094 1098 1106 1107
usemtl Wall
s off
f 1108 1093 1097 1109
usemtl Wall
s off
f 1107 1106 1109 1110
usemtl Wall
s off
f 1106 1098 1093 1108
usemtl Wall
s off
f 1111 1095 1092 1101
usemtl Wall
s off
f 1112 1103 1096 1088 1104
usemtl Wall
s off
f 1110 1109 1097 1095 1111 1113
usemtl Wall
s off
f 1113 1111 1103 1112
usemtl Roof
s off
f 1106 1108 1109
usemtl Roof
s off
f 1103 1111 1101 1099 1100 1102
usemtl Roof
s off
f 1113 1112 1104 1105 1107 1110
o NL.IMBAG.Pand.0363100012158622_flat
v 8.0792 -0.5160 -23.0060
v -4.6998 -0.5160 -28.7200
v -5.3978 -0.5160 -27.2560
v -3.1208 -0.5160 -26.1860
v -4.9598 -0.5160 -21.9970
v 7.2282 -0.5160 -16.5060
v 7.3302 -0.5160 -16.4760
v 8.2502 -0.5160 -22.9960
v -4.6998 -18.4390 -28.7200
v 8.0792 -18.6280 -23.0060
v -4.9598 -18.4450 -21.9970
v -3.1208 -18.4650 -26.1860
v 7.3302 -18.6270 -16.4760
v 7.2282 -18.6260 -16.5060
v -5.3978 -18.4310 -27.2560
v 8.2502 -18.6300 -22.9960
usemtl Ground
s off
f 1114 1115 1116 1117 1118 1119 1120 1121
usemtl Wall
s off
f 1122 1115 1114 1123
usemtl Wall
s off
f 1124 1118 1117 1125
usemtl Wall
s off
f 1126 1120 1119 1127
usemtl Wall
s off
f 1127 1119 1118 1124
usemtl Wall
s off
f 1125 1117 1116 1128
usemtl Wall
s off
f 1128 1116 1115 1122
usemtl Wall
s off
f 1123 1114 1121 1129
usemtl Wall
s off
f 1129 1121 1120 1126
usemtl Roof
s off
f 1129 1126 1127 1124 1125 1128 1122 1123
o NL.IMBAG.Pand.0363100012158725_complex
v -11.8628 -0.6150 32.9920
v -10.3408 -0.6150 30.3230
v -9.3588 -0.6150 28.6920
v -9.4888 -0.6150 28.6310
v -9.0958 -0.6150 28.1140
v -9.3708 -0.6150 27.9930
v -9.4108 -0.6150 28.0330
v -13.4298 -0.6150 26.0230
v -13.8308 -0.6150 25.8740
v -13.8998 -0.6150 25.9630
v -19.0298 -0.6150 23.5330
v -18.9908 -0.6150 23.4230
v -19.3398 -0.6150 23.2840
v -19.3798 -0.6150 23.3920
v -22.0788 -0.6150 28.7510
v -12.0098 -0.6150 33.4050
v -11.7938 -0.6150 33.0320
v -13.4658 -0.6150 26.1160
v -19.9158 -0.6150 24.4560
v -20.9998 -0.6150 26.6080
v -21.7308 -0.6150 28.0610
v -19.3528 -0.6150 30.0100
v -17.0198 -0.6150 31.0890
v -12.5938 -0.6150 33.1340
v -10.9548 -0.6150 31.4000
v -10.4128 -0.6150 30.4500
v -19.3398 -13.2990 23.2840
v -18.9908 -13.2250 23.4230
v -19.0298 -13.5900 23.5330
v -19.3798 -13.6550 23.3920
v -13.8998 -13.5970 25.9630
v -13.8308 -13.2480 25.8740
v -13.4298 -13.1370 26.0230
v -19.3528 -16.7960 30.0100
v -19.3528 -15.1050 30.0100
v -19.4578 -17.1080 29.1210
v -19.4578 -17.1430 29.1210
v -17.0198 -16.8040 31.0890
v -17.0198 -14.9570 31.0890
v -9.4108 -15.0820 28.0330
v -9.3708 -15.0680 27.9930
v -9.0958 -15.0660 28.1140
v -11.8628 -14.7850 32.9920
v -11.7938 -14.6010 33.0320
v -12.0098 -14.5870 33.4050
v -21.7308 -17.1400 28.0610
v -21.7308 -16.7740 28.0610
v -20.9998 -17.8850 26.6080
v -19.9158 -17.3810 24.4560
v -22.0788 -14.6750 28.7510
v -12.6538 -17.1780 32.2950
v -12.6538 -17.1550 32.2950
v -12.6168 -17.1930 32.2200
v -11.9808 -17.8500 30.9360
v -11.9808 -17.4520 30.9360
v -10.9548 -17.8580 31.4000
v -10.9548 -14.8660 31.4000
v -11.9808 -17.8650 30.9360
v -12.5938 -15.0140 33.1340
v -12.5938 -16.0660 33.1340
v -10.3408 -14.9210 30.3230
v -10.4128 -14.9150 30.4500
v -9.3588 -14.9040 28.6920
v -12.4688 -16.3480 32.6870
v -10.4128 -17.6290 30.4500
v -10.8388 -17.4070 29.0580
v -10.2638 -15.2350 28.2640
v -10.2638 -17.2050 28.2640
v -10.6668 -17.3470 28.8210
v -9.4888 -15.2350 28.6310
v -16.2408 -17.1490 30.6220
v -13.4658 -13.4450 26.1160
v -13.4658 -15.0850 26.1160
v -13.6218 -15.2380 26.6760
usemtl Ground
s off
f 1147 1137 1138 1139 1140 1141 1142 1143 1148 1149 1150 1144 1151 1152 1153 1145 1146 1130 1154 1155 1131 1132 1133 1134 1135 1136
usemtl Wall
s off
f 1156 1142 1141 1157
usemtl Wall
s off
f 1157 1141 1140 1158
usemtl Wall
s off
f 1159 1143 1142 1156
usemtl Wall
s off
f 1158 1140 1139 1160
usemtl Wall
s off
f 1161 1138 1137 1162
usemtl Wall
s off
f 1163 1164 1165 1166
usemtl Wall
s off
f 1167 1168 1152 1151 1164 1163
usemtl Wall
s off
f 1160 1139 1138 1161
usemtl Wall
s off
f 1169 1136 1135 1170
usemtl Wall
s off
f 1170 1135 1134 1171
usemtl Wall
s off
f 1172 1130 1146 1173
usemtl Wall
s off
f 1173 1146 1145 1174
usemtl Wall
s off
f 1175 1176 1150 1149 1177
usemtl Wall
s off
f 1178 1148 1143 1159
usemtl Wall
s off
f 1164 1151 1144 1179
usemtl Wall
s off
f 1166 1165 1176 1175
usemtl Wall
s off
f 1179 1144 1150 1176
usemtl Wall
s off
f 1180 1181 1182
usemtl Wall
s off
f 1183 1184 1182
usemtl Wall
s off
f 1185 1186 1184 1183 1187
usemtl Wall
s off
f 1174 1145 1153 1188 1189
usemtl Wall
s off
f 1190 1131 1155 1191
usemtl Wall
s off
f 1192 1132 1131 1190
usemtl Wall
s off
f 1181 1180 1193
usemtl Wall
s off
f 1191 1194 1195
usemtl Wall
s off
f 1196 1197 1198
usemtl Wall
s off
f 1197 1196 1199
usemtl Wall
s off
f 1171 1134 1133 1199
usemtl Wall
s off
f 1188 1153 1152 1168
usemtl Wall
s off
f 1168 1167 1200
usemtl Wall
s off
f 1189 1188 1193
usemtl Wall
s off
f 1186 1154 1130 1172
usemtl Wall
s off
f 1201 1202 1203
usemtl Wall
s off
f 1199 1133 1132 1192
usemtl Wall
s off
f 1177 1149 1148 1178
usemtl Wall
s off
f 1187 1183 1177
usemtl Wall
s off
f 1194 1191 1155 1154 1186 1185
usemtl Wall
s off
f 1202 1201 1147 1136 1169
usemtl Wall
s off
f 1162 1137 1147 1201
usemtl Roof
s off
f 1179 1176 1165 1164
usemtl Roof
s off
f 1186 1172 1173 1174 1189 1193 1180 1182 1184
usemtl Roof
s off
f 1200 1181 1193 1188 1168
usemtl Roof
s off
f 1199 1192 1190 1191 1195 1198 1197
usemtl Roof
s off
f 1177 1183 1182 1181 1200 1167 1163 1166 1175
usemtl Roof
s off
f 1194 1185 1187 1177 1178 1198 1195
usemtl Roof
s off
f 1202 1169 1170 1171 1199 1196 1203
usemtl Roof
s off
f 1162 1201 1203 1196 1198 1178 1159 1156 1157 1158 1160 1161
o NL.IMBAG.Pand.0363100012159452_gable
v -94.6258 -0.5070 -78.4920
v -100.6088 -0.5070 -81.2960
v -104.6208 -0.5070 -72.9260
v -98.6408 -0.5070 -70.1460
v -98.2508 -0.5070 -80.1910
v -101.0528 -0.5070 -80.3720
v -98.6408 -16.5480 -70.1460
v -104.6208 -16.5420 -72.9260
v -101.0528 -8.1760 -80.3720
v -101.0528 -16.2400 -80.3720
v -98.2508 -7.5650 -80.1910
v -98.2508 -16.2060 -80.1910
v -94.6258 -16.2100 -78.4920
v -100.6088 -7.5880 -81.2960
usemtl Ground
s off
f 1206 1207 1204 1208 1205 1209
usemtl Wall
s off
f 1210 1207 1206 1211
usemtl Wall
s off
f 1211 1206 1209 1212 1213
usemtl Wall
s off
f 1213 1212 1214 1215
usemtl Wall
s off
f 1216 1204 1207 1210
usemtl Wall
s off
f 1212 1209 1205 1217
usemtl Wall
s off
f 1217 1205 1208 1214
usemtl Wall
s off
f 1215 1214 1208 1204 1216
usemtl Roof
s off
f 1217 1214 1212
usemtl Roof
s off
f 1215 1216 1210 1211 1213
o NL.IMBAG.Pand.0363100012159936_gable
v -58.3208 -0.5190 -48.1320
v -53.5498 -0.5190 -45.9000
v -48.5258 -0.5190 -56.7580
v -53.2378 -0.5190 -58.9680
v -54.4618 -0.5190 -56.3570
v -56.5488 -0.5190 -51.9080
v -58.3208 -16.4990 -48.1320
v -56.5488 -16.3630 -51.9080
v -55.3568 -19.1060 -51.2950
v -55.3568 -16.3750 -51.2950
v -56.5488 -19.1660 -51.9080
v -53.5498 -16.5370 -45.9000
v -48.5258 -16.1480 -56.7580
v -54.4618 -16.2030 -56.3570
v -53.2378 -16.1100 -58.9680
v -54.4618 -18.7100 -56.3570
v -53.3958 -18.7050 -55.0380
v -53.3958 -16.2390 -55.0380
usemtl Ground
s off
f 1222 1223 1218 1219 1220 1221
usemtl Wall
s off
f 1224 1218 1223 1225
usemtl Wall
s off
f 1226 1227 1225 1228
usemtl Wall
s off
f 1229 1219 1218 1224
usemtl Wall
s off
f 1230 1220 1219 1229
usemtl Wall
s off
f 1231 1222 1221 1232
usemtl Wall
s off
f 1232 1221 1220 1230
usemtl Wall
s off
f 1228 1225 1223 1222 1231 1233
usemtl Wall
s off
f 1234 1235 1227 1226
usemtl Wall
s off
f 1233 1231 1235 1234
usemtl Roof
s off
f 1233 1234 1226 1228
usemtl Roof
s off
f 1235 1231 1232 1230 1229 1224 1225 1227
o NL.IMBAG.Pand.0363100012159968_complex
v -9.1898 -0.5000 -1.8100
v -10.3808 -0.5000 0.7530
v -13.5188 -0.5000 -0.7710
v -13.9608 -0.5000 0.6970
v -14.1968 -0.5000 0.5840
v -14.9598 -0.5000 2.2030
v -0.0498 -0.5000 9.1950
v 2.2612 -0.5000 3.2750
v -7.1598 -0.5000 5.8610
v -5.3328 -0.5000 6.7170
v 1.0232 -0.5000 6.4470
v 2.0422 -0.5000 3.1780
v 0.9272 -0.5000 2.6820
v -13.9608 -17.6670 0.6970
v -13.5188 -17.7620 -0.7710
v -5.3328 -17.3830 6.7170
v -5.3328 -14.8890 6.7170
v -7.1598 -14.9000 5.8610
v -7.1598 -17.4180 5.8610
v -6.4638 -17.5220 4.2830
v -14.1968 -17.6720 0.5840
v -14.9598 -14.9490 2.2030
v -10.3808 -17.7000 0.7530
v -9.1898 -17.8690 -1.8100
v -0.0498 -14.8560 9.1950
v -0.7318 -17.4550 6.3080
v -0.7318 -18.4000 6.3080
v -2.5278 -17.4450 6.1660
v 2.2612 -14.6970 3.2750
v 1.0232 -19.3330 6.4470
v 1.0232 -20.3580 6.4470
v -0.7318 -20.6640 6.3080
v 2.0422 -14.6020 3.1780
v 0.0522 -17.5680 4.5930
v 0.9272 -17.6940 2.6820
v -4.4558 -17.4830 5.2440
usemtl Ground
s off
f 1241 1244 1245 1242 1246 1243 1247 1248 1236 1237 1238 1239 1240
usemtl Wall
s off
f 1249 1239 1238 1250
usemtl Wall
s off
f 1251 1252 1245 1244 1253 1254
usemtl Wall
s off
f 1254 1253 1255
usemtl Wall
s off
f 1256 1240 1239 1249
usemtl Wall
s off
f 1257 1241 1240 1256
usemtl Wall
s off
f 1258 1237 1236 1259
usemtl Wall
s off
f 1250 1238 1237 1258
usemtl Wall
s off
f 1260 1242 1245 1252
usemtl Wall
s off
f 1261 1262 1263
usemtl Wall
s off
f 1264 1243 1246 1265 1266
usemtl Wall
s off
f 1266 1265 1262 1267
usemtl Wall
s off
f 1265 1246 1242 1260
usemtl Wall
s off
f 1268 1247 1243 1264
usemtl Wall
s off
f 1267 1262 1261 1269
usemtl Wall
s off
f 1270 1248 1247 1268
usemtl Wall
s off
f 1259 1236 1248 1270
usemtl Wall
s off
f 1252 1251 1271
usemtl Wall
s off
f 1253 1244 1241 1257
usemtl Roof
s off
f 1267 1269 1268 1264 1266
usemtl Roof
s off
f 1270 1268 1269
usemtl Roof
s off
f 1252 1271 1263 1262 1265 1260
usemtl Roof
s off
f 1249 1255 1253 1257 1256
usemtl Roof
s off
f 1255 1249 1250 1258 1259 1270 1269 1261 1263 1271 1251 1254
o NL.IMBAG.Pand.0363100012160295_gable
v -68.3518 -0.6220 0.3520
v -74.1088 -0.6220 12.5360
v -68.6498 -0.6220 15.1240
v -68.0598 -0.6220 13.5630
v -63.1188 -0.6220 2.8050
v -73.0518 -0.6220 10.2980
v -67.7508 -0.6220 12.8890
v -74.1088 -13.9220 12.5360
v -73.0518 -13.9870 10.2980
v -68.6498 -13.8900 15.1240
v -68.0598 -13.9340 13.5630
v -67.7508 -14.5280 12.8890
v -67.7508 -13.9540 12.8890
v -73.0518 -14.5020 10.2980
v -63.1188 -14.2600 2.8050
v -68.3518 -14.2370 0.3520
usemtl Ground
s off
f 1277 1273 1274 1275 1278 1276 1272
usemtl Wall
s off
f 1279 1273 1277 1280
usemtl Wall
s off
f 1281 1274 1273 1279
usemtl Wall
s off
f 1282 1275 1274 1281
usemtl Wall
s off
f 1283 1284 1280 1285
usemtl Wall
s off
f 1286 1276 1278 1284 1283
usemtl Wall
s off
f 1284 1278 1275 1282
usemtl Wall
s off
f 1287 1272 1276 1286
usemtl Wall
s off
f 1285 1280 1277 1272 1287
usemtl Roof
s off
f 1284 1282 1281 1279 1280
usemtl Roof
s off
f 1285 1287 1286 1283
o NL.IMBAG.Pand.0363100012161315_flat
v -60.5808 -0.6710 40.0140
v -66.0628 -0.6710 37.4770
v -71.3508 -0.6710 48.9120
v -66.0988 -0.6710 51.4340
v -66.0628 -16.2700 37.4770
v -60.5808 -16.2610 40.0140
v -66.0988 -16.4250 51.4340
v -71.3508 -16.4330 48.9120
usemtl Ground
s off
f 1288 1289 1290 1291
usemtl Wall
s off
f 1292 1289 1288 1293
usemtl Wall
s off
f 1293 1288 1291 1294
usemtl Wall
s off
f 1295 1290 1289 1292
usemtl Wall
s off
f 1294 1291 1290 1295
usemtl Roof
s off
f 1294 1295 1292 1293
o NL.IMBAG.Pand.0363100012161548_flat
v -85.2888 -0.6000 77.9900
v -79.4608 -0.6000 80.7740
v -74.4698 -0.6000 69.2650
v -80.0718 -0.6000 66.6510
v -79.4608 -15.7250 80.7740
v -85.2888 -15.7050 77.9900
v -74.4698 -16.2220 69.2650
v -80.0718 -16.2010 66.6510
usemtl Ground
s off
f 1296 1297 1298 1299
usemtl Wall
s off
f 1300 1297 1296 1301
usemtl Wall
s off
f 1302 1298 1297 1300
usemtl Wall
s off
f 1301 1296 1299 1303
usemtl Wall
s off
f 1303 1299 1298 1302
usemtl Roof
s off
f 1303 1302 1300 1301
o NL.IMBAG.Pand.0363100012161668_tri-slope
v -93.2968 -0.6410 24.8770
v -98.6968 -0.6410 22.3780
v -104.1498 -0.6410 33.3840
v -98.6578 -0.6410 35.9730
v -102.4108 -0.6410 34.2040
v -100.0528 -0.6410 35.3150
v -98.1328 -0.6410 34.8850
v -103.7008 -0.6410 32.4790
v -104.1498 -13.3700 33.3840
v -103.7008 -16.3600 32.4790
v -98.6968 -16.0880 22.3780
v -93.2968 -16.1100 24.8770
v -98.1328 -16.3790 34.8850
v -98.6578 -13.8420 35.9730
v -100.0528 -16.4020 35.3150
v -100.0528 -13.8660 35.3150
v -102.4108 -13.6720 34.2040
v -102.4108 -16.3920 34.2040
v -103.6138 -16.3600 32.5250
v -99.3198 -15.8350 34.6220
v -99.3198 -16.3810 34.6220
v -98.5178 -16.3770 34.7080
usemtl Ground
s off
f 1306 1308 1309 1307 1310 1304 1305 1311
usemtl Wall
s off
f 1312 1306 1311 1313
usemtl Wall
s off
f 1313 1311 1305 1314
usemtl Wall
s off
f 1314 1305 1304 1315
usemtl Wall
s off
f 1315 1304 1310 1316
usemtl Wall
s off
f 1316 1310 1307 1317
usemtl Wall
s off
f 1318 1319 1309 1308 1320 1321
usemtl Wall
s off
f 1317 1307 1309 1319
usemtl Wall
s off
f 1320 1308 1306 1312
usemtl Wall
s off
f 1321 1320 1322
usemtl Wall
s off
f 1323 1324 1325
usemtl Wall
s off
f 1324 1323 1319 1318
usemtl Roof
s off
f 1322 1320 1312 1313
usemtl Roof
s off
f 1324 1318 1321 1322 1313 1314 1315 1316 1325
usemtl Roof
s off
f 1319 1323 1325 1316 1317
o NL.IMBAG.Pand.0363100012161739_gable
v -29.4788 -0.6660 2.1010
v -23.5958 -0.6660 -10.1080
v -29.2048 -0.6660 -12.7170
v -29.4188 -0.6660 -12.2800
v -34.8988 -0.6660 -0.4490
v -29.8508 -0.6660 -11.3490
v -24.4148 -0.6660 -8.4080
v -29.4188 -13.4830 -12.2800
v -29.2048 -13.4090 -12.7170
v -23.5958 -13.4000 -10.1080
v -34.8988 -14.8160 -0.4490
v -29.8508 -13.6390 -11.3490
v -29.8508 -13.9800 -11.3490
v -24.4148 -13.6860 -8.4080
v -24.4148 -13.9970 -8.4080
v -29.4788 -14.8090 2.1010
usemtl Ground
s off
f 1331 1330 1326 1332 1327 1328 1329
usemtl Wall
s off
f 1333 1329 1328 1334
usemtl Wall
s off
f 1334 1328 1327 1335
usemtl Wall
s off
f 1336 1330 1331 1337 1338
usemtl Wall
s off
f 1338 1337 1339 1340
usemtl Wall
s off
f 1341 1326 1330 1336
usemtl Wall
s off
f 1340 1339 1332 1326 1341
usemtl Wall
s off
f 1337 1331 1329 1333
usemtl Wall
s off
f 1335 1327 1332 1339
usemtl Roof
s off
f 1340 1341 1336 1338
usemtl Roof
s off
f 1335 1339 1337 1333 1334
o NL.IMBAG.Pand.0363100012161817_gable
v -64.7768 -0.4840 -63.1400
v -69.3608 -0.4840 -53.2960
v -64.1468 -0.4840 -50.8580
v -59.1198 -0.4840 -61.7250
v -61.0478 -0.4840 -62.6440
v -60.3888 -0.4840 -58.9820
v -65.4148 -0.4840 -61.7700
v -65.4148 -16.1920 -61.7700
v -64.7768 -16.1280 -63.1400
v -69.3608 -16.4350 -53.2960
v -65.4148 -16.7300 -61.7700
v -64.1468 -16.4730 -50.8580
v -60.3888 -16.1720 -58.9820
v -60.3888 -16.7560 -58.9820
v -61.0478 -16.0570 -62.6440
v -59.1198 -16.0440 -61.7250
usemtl Ground
s off
f 1347 1345 1346 1342 1348 1343 1344
usemtl Wall
s off
f 1349 1348 1342 1350
usemtl Wall
s off
f 1351 1343 1348 1349 1352
usemtl Wall
s off
f 1353 1344 1343 1351
usemtl Wall
s off
f 1352 1349 1354 1355
usemtl Wall
s off
f 1350 1342 1346 1356
usemtl Wall
s off
f 1356 1346 1345 1357
usemtl Wall
s off
f 1357 1345 1347 1354
usemtl Wall
s off
f 1355 1354 1347 1344 1353
usemtl Roof
s off
f 1357 1354 1349 1350 1356
usemtl Roof
s off
f 1355 1353 1351 1352
o NL.IMBAG.Pand.0363100012161958_complex
v -66.0628 -0.6160 37.4770
v -71.5418 -0.6160 34.9420
v -76.9698 -0.6160 46.2130
v -71.3508 -0.6160 48.9120
v -75.1578 -0.6160 47.0840
v -73.2558 -0.6160 47.9980
v -70.8798 -0.6160 47.8960
v -75.3718 -0.6160 42.8950
v -76.0818 -0.6160 44.3690
v -76.5008 -0.6160 45.2390
v -76.5008 -16.4870 45.2390
v -76.5008 -16.4750 45.2390
v -76.0818 -17.3600 44.3690
v -76.9698 -13.8140 46.2130
v -73.2558 -15.5100 47.9980
v -73.2558 -13.7840 47.9980
v -75.1578 -13.8000 47.0840
v -75.1578 -15.5090 47.0840
v -71.3508 -13.7680 48.9120
v -71.5418 -16.1850 34.9420
v -66.0628 -16.1280 37.4770
v -75.1068 -16.4250 45.9260
v -75.1068 -16.4740 45.9260
v -70.8798 -16.4300 47.8960
v -70.8798 -16.5240 47.8960
v -75.3718 -16.4180 42.8950
v -72.1208 -16.5170 47.3070
v -72.1208 -16.4430 47.3070
v -72.5148 -16.5150 47.1200
v -71.6598 -16.4170 46.4820
v -71.6598 -17.3700 46.4820
v -70.8108 -16.3700 44.9640
usemtl Ground
s off
f 1360 1362 1363 1361 1364 1358 1359 1365 1366 1367
usemtl Wall
s off
f 1368 1369 1367 1366 1370
usemtl Wall
s off
f 1371 1360 1367 1369
usemtl Wall
s off
f 1372 1373 1363 1362 1374 1375
usemtl Wall
s off
f 1376 1361 1363 1373
usemtl Wall
s off
f 1377 1359 1358 1378
usemtl Wall
s off
f 1375 1374 1379 1380
usemtl Wall
s off
f 1378 1358 1364 1381
usemtl Wall
s off
f 1382 1381 1364 1361 1376
usemtl Wall
s off
f 1383 1365 1359 1377
usemtl Wall
s off
f 1370 1366 1365 1383
usemtl Wall
s off
f 1384 1385 1381 1382
usemtl Wall
s off
f 1380 1379 1369 1368
usemtl Wall
s off
f 1373 1372 1386
usemtl Wall
s off
f 1387 1388 1389
usemtl Wall
s off
f 1374 1362 1360 1371
usemtl Wall
s off
f 1388 1387 1385 1384
usemtl Roof
s off
f 1386 1384 1382 1376 1373
usemtl Roof
s off
f 1389 1383 1377 1378 1381 1385 1387
usemtl Roof
s off
f 1374 1371 1369 1379
usemtl Roof
s off
f 1370 1388 1384 1386 1372 1375 1380 1368
usemtl Roof
s off
f 1388 1370 1383 1389
o NL.IMBAG.Pand.0363100012161980_flat
v -62.0998 -0.4880 -13.2660
v -56.6388 -0.4880 -10.7150
v -51.9408 -0.4880 -20.6160
v -51.4998 -0.4880 -21.5170
v -55.0708 -0.4880 -23.1160
v -54.5898 -0.4880 -24.0570
v -56.6848 -0.4880 -24.9990
v -56.6848 -14.2500 -24.9990
v -54.5898 -14.2480 -24.0570
v -55.0708 -14.2990 -23.1160
v -56.6388 -14.8740 -10.7150
v -62.0998 -14.8740 -13.2660
v -51.9408 -14.3450 -20.6160
v -51.4998 -14.2970 -21.5170
usemtl Ground
s off
f 1390 1391 1392 1393 1394 1395 1396
usemtl Wall
s off
f 1397 1396 1395 1398
usemtl Wall
s off
f 1398 1395 1394 1399
usemtl Wall
s off
f 1400 1391 1390 1401
usemtl Wall
s off
f 1402 1392 1391 1400
usemtl Wall
s off
f 1401 1390 1396 1397
usemtl Wall
s off
f 1399 1394 1393 1403
usemtl Wall
s off
f 1403 1393 1392 1402
usemtl Roof
s off
f 1403 1402 1400 1401 1397 1398 1399
o NL.IMBAG.Pand.0363100012162375_flat
v -101.3128 -0.4460 70.3370
v -95.8078 -0.4460 72.9660
v -90.6458 -0.4460 61.7000
v -96.2998 -0.4460 59.0440
v -95.8078 -15.6620 72.9660
v -101.3128 -15.6640 70.3370
v -90.6458 -16.1600 61.7000
v -96.2998 -16.1600 59.0440
usemtl Ground
s off
f 1404 1405 1406 1407
usemtl Wall
s off
f 1408 1405 1404 1409
usemtl Wall
s off
f 1410 1406 1405 1408
usemtl Wall
s off
f 1409 1404 1407 1411
usemtl Wall
s off
f 1411 1407 1406 1410
usemtl Roof
s off
f 1411 1410 1408 1409
o NL.IMBAG.Pand.0363100012162495_tri-slope
v -93.3098 -0.5830 38.4930
v -92.8558 -0.5830 38.7100
v -92.5168 -0.5830 37.9060
v -91.4998 -0.5830 39.3560
v -87.8508 -0.5830 41.0940
v -82.6238 -0.5830 29.8140
v -87.9648 -0.5830 27.3440
v -89.3968 -0.5830 40.3570
v -87.4598 -0.5830 40.2510
v -92.8888 -0.5830 37.6140
v -92.5168 -16.4900 37.9060
v -92.5168 -16.2140 37.9060
v -92.6368 -16.4870 37.7360
v -92.8558 -13.8430 38.7100
v -91.4998 -16.5170 39.3560
v -92.8888 -16.4860 37.6140
v -87.9648 -16.2440 27.3440
v -82.6238 -16.2710 29.8140
v -87.8508 -13.9880 41.0940
v -89.3968 -13.9430 40.3570
v -89.3968 -16.5280 40.3570
v -87.7998 -16.5140 40.0860
v -93.3098 -13.8290 38.4930
v -87.4598 -16.5160 40.2510
usemtl Ground
s off
f 1419 1416 1420 1417 1418 1421 1412 1413 1414 1415
usemtl Wall
s off
f 1422 1423 1424
usemtl Wall
s off
f 1423 1414 1413 1425
usemtl Wall
s off
f 1426 1415 1414 1423 1422
usemtl Wall
s off
f 1427 1421 1418 1428
usemtl Wall
s off
f 1428 1418 1417 1429
usemtl Wall
s off
f 1430 1416 1419 1431
usemtl Wall
s off
f 1431 1432 1433
usemtl Wall
s off
f 1434 1412 1421 1427
usemtl Wall
s off
f 1432 1431 1419 1415 1426
usemtl Wall
s off
f 1425 1413 1412 1434
usemtl Wall
s off
f 1435 1420 1416 1430
usemtl Wall
s off
f 1429 1417 1420 1435
usemtl Roof
s off
f 1427 1424 1423 1425 1434
usemtl Roof
s off
f 1435 1430 1431 1433
usemtl Roof
s off
f 1429 1435 1433 1432 1426 1422 1424 1427 1428
o NL.IMBAG.Pand.0363100012162582_flat
v -40.8908 -0.6730 -15.3860
v -46.4278 -0.6730 -18.0070
v -50.9898 -0.6730 -8.0530
v -45.8188 -0.6730 -5.6150
v -46.4278 -14.0910 -18.0070
v -40.8908 -14.2470 -15.3860
v -45.8188 -14.6240 -5.6150
v -50.9898 -14.4790 -8.0530
usemtl Ground
s off
f 1436 1437 1438 1439
usemtl Wall
s off
f 1440 1437 1436 1441
usemtl Wall
s off
f 1441 1436 1439 1442
usemtl Wall
s off
f 1443 1438 1437 1440
usemtl Wall
s off
f 1442 1439 1438 1443
usemtl Roof
s off
f 1442 1443 1440 1441
o NL.IMBAG.Pand.0363100012162799_complex
v -15.3488 -0.5420 38.5150
v -24.2408 -0.5420 27.7530
v -26.9598 -0.5420 33.3640
v -24.6778 -0.5420 28.6550
v -25.4738 -0.5420 30.2980
v -19.7728 -0.5420 36.5520
v -18.7948 -0.5420 36.9860
v -13.9318 -0.5420 36.2810
v -13.9008 -0.5420 36.2320
v -12.0798 -0.5420 33.3630
v -19.6248 -16.9170 36.2710
v -19.6248 -15.0800 36.2710
v -19.7728 -15.0670 36.5520
v -19.7728 -16.8030 36.5520
v -26.9598 -16.8620 33.3640
v -15.3488 -16.7670 38.5150
v -18.7948 -15.0730 36.9860
v -18.7948 -16.7950 36.9860
v -17.6068 -18.2650 31.9610
v -17.6068 -17.3010 31.9610
v -18.1588 -17.7800 34.2980
v -18.1588 -18.4080 34.2980
v -18.7238 -15.0850 36.6850
v -18.7238 -16.9050 36.6850
v -13.9008 -17.6970 36.2320
v -13.9008 -14.8900 36.2320
v -13.9318 -17.7090 36.2810
v -13.7428 -17.2280 33.7290
v -13.7428 -17.1430 33.7290
v -12.0798 -14.3890 33.3630
v -25.4738 -17.8000 30.2980
v -25.4738 -18.0920 30.2980
v -24.1858 -18.2140 31.4690
v -24.1858 -17.8810 31.4690
v -24.2658 -18.1420 30.6530
v -24.2658 -18.1640 30.6530
v -24.6408 -18.0170 30.8690
v -24.6408 -17.8180 30.8690
v -24.2658 -17.7410 30.6530
v -18.6198 -18.4490 35.0010
v -18.6198 -17.4810 35.0010
v -22.8578 -17.8580 32.0920
v -22.8578 -18.2570 32.0920
v -13.7988 -17.2360 33.7420
v -24.2408 -14.7780 27.7530
v -24.6778 -17.4220 28.6550
v -22.5338 -18.1080 29.6580
v -22.5338 -17.3850 29.6580
usemtl Ground
s off
f 1447 1448 1446 1449 1450 1444 1451 1452 1453 1445
usemtl Wall
s off
f 1454 1455 1456 1457
usemtl Wall
s off
f 1457 1456 1449 1446 1458
usemtl Wall
s off
f 1459 1444 1450 1460 1461
usemtl Wall
s off
f 1462 1463 1464 1465
usemtl Wall
s off
f 1461 1460 1466 1467
usemtl Wall
s off
f 1460 1450 1449 1456
usemtl Wall
s off
f 1468 1469 1452 1451 1470
usemtl Wall
s off
f 1471 1472 1469 1468
usemtl Wall
s off
f 1473 1453 1452 1469
usemtl Wall
s off
f 1458 1446 1448 1474 1475
usemtl Wall
s off
f 1467 1466 1455 1454
usemtl Wall
s off
f 1476 1477 1478 1479
usemtl Wall
s off
f 1480 1481 1482 1478
usemtl Wall
s off
f 1483 1484 1485 1486
usemtl Wall
s off
f 1465 1464 1484 1483
usemtl Wall
s off
f 1470 1451 1444 1459
usemtl Wall
s off
f 1472 1471 1487
usemtl Wall
s off
f 1488 1445 1453 1473
usemtl Wall
s off
f 1475 1474 1481 1480
usemtl Wall
s off
f 1489 1447 1445 1488
usemtl Wall
s off
f 1474 1448 1447 1489
usemtl Wall
s off
f 1486 1485 1477 1476
usemtl Wall
s off
f 1490 1491 1463 1462
usemtl Wall
s off
f 1479 1478 1482 1491 1490
usemtl Roof
s off
f 1473 1469 1472
usemtl Roof
s off
f 1455 1466 1460 1456
usemtl Roof
s off
f 1487 1471 1468 1470 1464 1463
usemtl Roof
s off
f 1479 1490 1462 1465 1483 1486 1476
usemtl Roof
s off
f 1477 1485 1484 1464 1470 1459 1461 1467 1454 1457 1458 1475 1480 1478
usemtl Roof
s off
f 1463 1491 1489 1488 1473 1472 1487
usemtl Roof
s off
f 1491 1482 1481 1474 1489
o NL.IMBAG.Pand.0363100012162970_tri-slope
v -61.8798 -0.5250 -27.3370
v -62.2808 -0.5250 -26.5170
v -67.3688 -0.5250 -15.7310
v -62.0998 -0.5250 -13.2660
v -56.6848 -0.5250 -24.9990
v -63.0978 -0.5250 -24.7840
v -59.8028 -0.5250 -18.2420
v -58.4508 -0.5250 -21.1720
v -62.2808 -14.5460 -26.5170
v -61.8798 -14.4240 -27.3370
v -56.6848 -14.2750 -24.9990
v -67.3688 -14.7590 -15.7310
v -63.0978 -14.8020 -24.7840
v -62.0998 -14.7590 -13.2660
v -59.9238 -14.8970 -21.6740
v -59.9238 -14.7950 -21.6740
v -59.6438 -14.7980 -22.3690
v -61.1598 -17.5710 -18.6140
v -61.1598 -14.7810 -18.6140
v -59.9238 -17.6180 -21.6740
v -59.8028 -17.5120 -18.2420
v -59.8028 -14.7820 -18.2420
v -58.4508 -14.8370 -21.1720
v -58.4508 -17.5510 -21.1720
usemtl Ground
s off
f 1492 1493 1497 1494 1495 1498 1499 1496
usemtl Wall
s off
f 1500 1493 1492 1501
usemtl Wall
s off
f 1501 1492 1496 1502
usemtl Wall
s off
f 1503 1494 1497 1504
usemtl Wall
s off
f 1505 1495 1494 1503
usemtl Wall
s off
f 1506 1507 1508
usemtl Wall
s off
f 1509 1510 1507 1506 1511
usemtl Wall
s off
f 1512 1513 1510 1509
usemtl Wall
s off
f 1513 1498 1495 1505
usemtl Wall
s off
f 1504 1497 1493 1500
usemtl Wall
s off
f 1511 1506 1514 1515
usemtl Wall
s off
f 1515 1514 1499 1498 1513 1512
usemtl Wall
s off
f 1502 1496 1499 1514
usemtl Roof
s off
f 1504 1508 1507 1510 1513 1505 1503
usemtl Roof
s off
f 1515 1512 1509 1511
usemtl Roof
s off
f 1502 1514 1506 1508 1504 1500 1501
o NL.IMBAG.Pand.0363100012162978_tri-slope
v -66.9948 -0.7080 -16.5240
v -62.2808 -0.7080 -26.5170
v -67.8608 -0.7080 -29.1360
v -72.9358 -0.7080 -18.3310
v -68.2108 -0.7080 -16.1230
v -68.0278 -0.7080 -16.8910
v -68.1628 -0.7080 -28.4920
v -72.2808 -0.7080 -19.7270
v -65.7938 -0.7080 -19.0710
v -62.6548 -0.7080 -25.7230
v -67.8608 -16.4750 -29.1360
v -62.2808 -16.5200 -26.5170
v -62.6548 -16.9660 -25.7230
v -68.1628 -17.2300 -28.4920
v -68.1628 -16.8370 -28.4920
v -62.6548 -17.5340 -25.7230
v -72.2808 -17.1650 -19.7270
v -72.9358 -16.4690 -18.3310
v -67.2998 -17.4050 -19.5120
v -67.2998 -18.0660 -19.5120
v -69.4758 -17.3140 -18.7230
v -66.9998 -17.4120 -20.0120
v -66.9998 -18.3290 -20.0120
v -68.2108 -16.5090 -16.1230
v -68.0278 -16.8570 -16.8910
v -66.9948 -16.9120 -16.5240
v -65.7938 -17.4830 -19.0710
v -65.7938 -18.1850 -19.0710
usemtl Ground
s off
f 1518 1522 1523 1519 1520 1521 1516 1524 1525 1517
usemtl Wall
s off
f 1526 1518 1517 1527
usemtl Wall
s off
f 1527 1517 1525 1528
usemtl Wall
s off
f 1529 1530 1528 1531
usemtl Wall
s off
f 1532 1523 1522 1530 1529
usemtl Wall
s off
f 1533 1519 1523 1532
usemtl Wall
s off
f 1534 1535 1536
usemtl Wall
s off
f 1535 1534 1537 1538
usemtl Wall
s off
f 1539 1520 1519 1533
usemtl Wall
s off
f 1530 1522 1518 1526
usemtl Wall
s off
f 1540 1521 1520 1539
usemtl Wall
s off
f 1541 1516 1521 1540
usemtl Wall
s off
f 1538 1537 1542 1543
usemtl Wall
s off
f 1543 1542 1524 1516 1541
usemtl Wall
s off
f 1531 1528 1525 1524 1542
usemtl Roof
s off
f 1530 1526 1527 1528
usemtl Roof
s off
f 1543 1541 1540 1539 1533 1532 1536 1535 1538
usemtl Roof
s off
f 1531 1542 1537 1534 1536 1532 1529
o NL.IMBAG.Pand.0363100012163100_tri-slope
v -19.5208 -0.6070 -5.4970
v -24.1098 -0.6070 4.5730
v -18.5908 -0.6070 7.1240
v -15.8998 -0.6070 1.8530
v -14.3408 -0.6070 -1.7760
v -17.7498 -0.6070 -3.4860
v -16.9508 -0.6070 -5.1770
v -19.2798 -0.6070 -6.0870
v -23.3598 -0.6070 4.9200
v -14.6578 -0.6070 -1.9360
v -20.0078 -0.6070 -4.4280
v -23.7558 -0.6070 3.7950
v -18.5908 -17.2070 7.1240
v -23.3598 -14.5000 4.9200
v -23.3598 -17.2300 4.9200
v -23.0028 -17.1870 4.0910
v -19.5208 -14.1210 -5.4970
v -19.2798 -14.0440 -6.0870
v -16.9508 -13.7900 -5.1770
v -24.1098 -14.6510 4.5730
v -15.8998 -16.9270 1.8530
v -20.0078 -14.2670 -4.4280
v -17.7498 -14.0260 -3.4860
v -14.3408 -16.7410 -1.7760
v -23.7558 -17.1930 3.7950
v -20.0078 -16.7670 -4.4280
v -14.6578 -13.7140 -1.9360
v -14.6578 -16.7420 -1.9360
v -14.7098 -16.7480 -1.8240
v -14.7098 -13.7290 -1.8240
usemtl Ground
s off
f 1552 1546 1547 1548 1553 1549 1550 1551 1544 1554 1555 1545
usemtl Wall
s off
f 1556 1546 1552 1557 1558
usemtl Wall
s off
f 1558 1557 1559
usemtl Wall
s off
f 1560 1544 1551 1561
usemtl Wall
s off
f 1561 1551 1550 1562
usemtl Wall
s off
f 1557 1552 1545 1563
usemtl Wall
s off
f 1564 1547 1546 1556
usemtl Wall
s off
f 1565 1554 1544 1560
usemtl Wall
s off
f 1562 1550 1549 1566
usemtl Wall
s off
f 1567 1548 1547 1564
usemtl Wall
s off
f 1563 1545 1555 1568
usemtl Wall
s off
f 1568 1555 1554 1565 1569
usemtl Wall
s off
f 1566 1549 1553 1570
usemtl Wall
s off
f 1571 1570 1553 1548 1567
usemtl Wall
s off
f 1572 1573 1570 1571
usemtl Wall
s off
f 1569 1565 1573 1572
usemtl Roof
s off
f 1568 1559 1557 1563
usemtl Roof
s off
f 1573 1565 1560 1561 1562 1566 1570
usemtl Roof
s off
f 1569 1572 1571 1567 1564 1556 1558 1559 1568
o NL.IMBAG.Pand.0363100012163254_gable
v -90.4758 -0.4630 75.5130
v -85.2888 -0.4630 77.9900
v -80.0718 -0.4630 66.6510
v -85.3598 -0.4630 64.1840
v -80.4678 -0.4630 67.5110
v -82.0528 -0.4630 65.7270
v -82.0528 -16.1900 65.7270
v -82.0528 -13.9900 65.7270
v -80.4678 -14.0890 67.5110
v -80.4678 -16.1600 67.5110
v -90.4758 -15.6990 75.5130
v -85.3598 -16.1800 64.1840
v -85.2888 -15.7130 77.9900
v -80.0718 -13.9690 66.6510
usemtl Ground
s off
f 1578 1576 1579 1577 1574 1575
usemtl Wall
s off
f 1580 1581 1582 1583
usemtl Wall
s off
f 1584 1574 1577 1585
usemtl Wall
s off
f 1585 1577 1579 1581 1580
usemtl Wall
s off
f 1586 1575 1574 1584
usemtl Wall
s off
f 1583 1582 1578 1575 1586
usemtl Wall
s off
f 1581 1579 1576 1587
usemtl Wall
s off
f 1587 1576 1578 1582
usemtl Roof
s off
f 1583 1586 1584 1585 1580
usemtl Roof
s off
f 1587 1582 1581
o NL.IMBAG.Pand.0363100012163910_gable
v -81.3308 -0.3430 92.1640
v -69.5798 -0.3430 97.7950
v -65.6598 -0.3430 93.1530
v -77.1908 -0.3430 87.3130
v -78.8098 -0.3430 86.5840
v -79.8098 -0.3430 88.6140
v -81.7798 -0.3430 87.7140
v -83.2608 -0.3430 90.8580
v -74.2118 -0.3430 88.8220
v -76.6438 -0.3430 94.4090
v -81.7798 -15.8670 87.7140
v -79.8098 -15.8390 88.6140
v -83.2608 -15.7790 90.8580
v -77.1908 -15.8720 87.3130
v -74.2118 -15.8250 88.8220
v -76.6438 -17.9150 94.4090
v -76.6438 -15.6680 94.4090
v -74.2118 -17.8630 88.8220
v -81.3308 -15.7390 92.1640
v -65.6598 -18.9420 93.1530
v -69.5798 -18.7960 97.7950
v -78.8098 -15.8960 86.5840
usemtl Ground
s off
f 1596 1591 1592 1593 1594 1595 1588 1597 1589 1590
usemtl Wall
s off
f 1598 1594 1593 1599
usemtl Wall
s off
f 1600 1595 1594 1598
usemtl Wall
s off
f 1601 1591 1596 1602
usemtl Wall
s off
f 1603 1604 1602 1605
usemtl Wall
s off
f 1604 1597 1588 1606
usemtl Wall
s off
f 1607 1590 1589 1608
usemtl Wall
s off
f 1606 1588 1595 1600
usemtl Wall
s off
f 1599 1593 1592 1609
usemtl Wall
s off
f 1609 1592 1591 1601
usemtl Wall
s off
f 1608 1589 1597 1604 1603
usemtl Wall
s off
f 1605 1602 1596 1590 1607
usemtl Roof
s off
f 1609 1601 1602 1604 1606 1600 1598 1599
usemtl Roof
s off
f 1605 1607 1608 1603
o NL.IMBAG.Pand.0363100012164202_tri-slope
v -95.8098 -0.7510 -12.5370
v -95.8908 -0.7510 -12.4360
v -99.6908 -0.7510 -3.9270
v -97.4788 -0.7510 -2.9490
v -97.4348 -0.7510 -2.8940
v -96.8938 -0.7510 -2.7130
v -96.9198 -0.7510 -2.6580
v -94.2498 -0.7510 -1.4360
v -90.1398 -0.7510 -9.8860
v -92.8908 -0.7510 -11.1720
v -92.8248 -0.7510 -4.3670
v -91.7238 -0.7510 -6.6300
v -95.8908 -13.5950 -12.4360
v -95.8098 -13.6360 -12.5370
v -92.8908 -18.0270 -11.1720
v -97.4788 -17.1090 -2.9490
v -99.6908 -13.8150 -3.9270
v -97.4348 -17.1950 -2.8940
v -91.7238 -16.3890 -6.6300
v -91.7238 -13.9360 -6.6300
v -92.8248 -13.9570 -4.3670
v -92.8248 -16.3210 -4.3670
v -90.1398 -13.9060 -9.8860
v -93.6568 -16.3000 -6.6250
v -94.2498 -13.9840 -1.4360
v -96.9198 -17.9670 -2.6580
v -96.8938 -17.9670 -2.7130
v -94.0198 -16.2770 -5.8280
usemtl Ground
s off
f 1618 1619 1610 1611 1612 1613 1614 1615 1616 1617 1620 1621
usemtl Wall
s off
f 1622 1611 1610 1623
usemtl Wall
s off
f 1623 1610 1619 1624
usemtl Wall
s off
f 1625 1613 1612 1626
usemtl Wall
s off
f 1627 1614 1613 1625
usemtl Wall
s off
f 1628 1629 1621 1620 1630 1631
usemtl Wall
s off
f 1632 1618 1621 1629
usemtl Wall
s off
f 1626 1612 1611 1622
usemtl Wall
s off
f 1629 1628 1633
usemtl Wall
s off
f 1634 1617 1616 1635
usemtl Wall
s off
f 1630 1620 1617 1634
usemtl Wall
s off
f 1636 1615 1614 1627
usemtl Wall
s off
f 1635 1616 1615 1636
usemtl Wall
s off
f 1624 1619 1618 1632
usemtl Wall
s off
f 1631 1630 1637
usemtl Roof
s off
f 1631 1637 1633 1628
usemtl Roof
s off
f 1624 1636 1627 1625 1626 1622 1623
usemtl Roof
s off
f 1636 1624 1632 1629 1633 1637 1630 1634 1635
o NL.IMBAG.Pand.0363100012164314_hip
v -22.3118 -0.6090 21.8840
v -21.9578 -0.6090 22.4000
v -23.0428 -0.6090 21.6360
v -24.7008 -0.6090 20.8530
v -24.6698 -0.6090 20.7830
v -25.0988 -0.6090 20.5950
v -25.1208 -0.6090 20.6940
v -27.5998 -0.6090 26.1240
v -24.2408 -0.6090 27.7530
v -22.0788 -0.6090 28.7510
v -19.3798 -0.6090 23.3920
v -21.1208 -0.6090 22.5730
v -21.0508 -0.6090 22.4630
v -21.6438 -0.6090 27.8880
v -20.7028 -0.6090 26.0190
v -19.6848 -0.6090 23.9990
v -26.3158 -0.6090 23.3120
v -26.0818 -0.6090 26.8600
v -24.6698 -16.9810 20.7830
v -24.7008 -17.0060 20.8530
v -25.1208 -17.0260 20.6940
v -25.0988 -16.9940 20.5950
v -23.0428 -16.9730 21.6360
v -22.0788 -14.5840 28.7510
v -24.2408 -14.5780 27.7530
v -26.3158 -17.9940 23.3120
v -27.5998 -17.1040 26.1240
v -19.3798 -14.1600 23.3920
v -19.6848 -15.7150 23.9990
v -21.1068 -17.2580 23.6400
v -21.1068 -16.6470 23.6400
v -19.6848 -17.1370 23.9990
v -26.0818 -17.0770 26.8600
v -26.0818 -14.6860 26.8600
v -21.6438 -17.2970 27.8880
v -20.7028 -17.8990 26.0190
v -21.9578 -15.1780 22.4000
v -21.9578 -17.0260 22.4000
v -21.1208 -14.5540 22.5730
v -24.9308 -17.2870 26.5530
v -24.9308 -16.8280 26.5530
v -22.3118 -14.5670 21.8840
v -21.0508 -14.2560 22.4630
v -23.5128 -17.3220 27.0150
usemtl Ground
s off
f 1646 1647 1651 1652 1653 1648 1649 1650 1638 1639 1640 1641 1642 1643 1644 1654 1645 1655
usemtl Wall
s off
f 1656 1642 1641 1657
usemtl Wall
s off
f 1658 1644 1643 1659
usemtl Wall
s off
f 1659 1643 1642 1656
usemtl Wall
s off
f 1657 1641 1640 1660
usemtl Wall
s off
f 1661 1647 1646 1662
usemtl Wall
s off
f 1663 1654 1644 1658
usemtl Wall
s off
f 1664 1645 1654 1663
usemtl Wall
s off
f 1665 1648 1653 1666
usemtl Wall
s off
f 1667 1668 1666 1669
usemtl Wall
s off
f 1670 1671 1655 1645 1664
usemtl Wall
s off
f 1662 1646 1655 1671
usemtl Wall
s off
f 1672 1651 1647 1661
usemtl Wall
s off
f 1673 1652 1651 1672
usemtl Wall
s off
f 1660 1640 1639 1674 1675
usemtl Wall
s off
f 1676 1649 1648 1665
usemtl Wall
s off
f 1669 1666 1653 1652 1673
usemtl Wall
s off
f 1677 1678 1671 1670
usemtl Wall
s off
f 1679 1638 1650 1680
usemtl Wall
s off
f 1680 1650 1649 1676
usemtl Wall
s off
f 1674 1639 1638 1679
usemtl Wall
s off
f 1678 1677 1681
usemtl Wall
s off
f 1675 1674 1668 1667
usemtl Roof
s off
f 1663 1673 1672 1681 1677 1670 1664
usemtl Roof
s off
f 1678 1681 1672 1661 1662 1671
usemtl Roof
s off
f 1675 1667 1669 1673 1663 1658 1659 1656 1657 1660
usemtl Roof
s off
f 1668 1674 1679 1680 1676 1665 1666
o NL.IMBAG.Pand.0363100012164630_hip
v -30.3388 -0.5410 38.2130
v -18.5468 -0.5410 43.5290
v -15.3488 -0.5410 38.5150
v -26.9598 -0.5410 33.3640
v -30.2308 -0.5410 31.7030
v -31.3908 -0.5410 34.0540
v -28.8998 -0.5410 35.2130
v -27.9108 -0.5410 32.8810
v -29.0098 -0.5410 35.4420
v -28.7178 -0.5410 32.4710
v -29.8748 -0.5410 34.7590
v -26.4888 -0.5410 39.9490
v -22.8808 -0.5410 41.5750
v -26.9598 -17.7370 33.3640
v -15.3488 -17.9830 38.5150
v -30.2308 -6.5160 31.7030
v -28.7178 -6.5230 32.4710
v -29.8748 -8.1770 34.7590
v -29.8748 -6.5090 34.7590
v -28.7178 -7.9520 32.4710
v -26.4888 -17.7900 39.9490
v -30.3388 -17.7080 38.2130
v -18.5468 -17.9580 43.5290
v -31.3908 -6.5020 34.0540
v -21.9468 -20.2120 41.4630
v -21.9468 -17.8820 41.4630
v -22.7518 -17.8660 41.1730
v -22.7518 -20.2090 41.1730
v -22.8808 -17.8660 41.5750
v -22.8808 -20.2100 41.5750
v -27.9108 -17.7170 32.8810
v -27.9108 -7.7320 32.8810
v -29.0098 -7.9330 35.4420
v -29.0098 -17.7140 35.4420
v -28.8548 -7.8880 35.5910
v -28.8548 -17.7170 35.5910
v -28.8998 -7.9120 35.2130
v -26.4888 -20.1910 39.9490
v -26.0348 -17.7940 39.4090
v -26.0348 -20.1900 39.4090
v -22.7228 -20.1910 36.8970
v -22.7228 -17.8380 36.8970
v -21.5818 -17.8640 37.7410
v -21.5818 -20.1980 37.7410
v -24.2228 -20.1830 36.3150
v -24.2228 -17.8070 36.3150
usemtl Ground
s off
f 1691 1686 1687 1692 1688 1690 1682 1693 1694 1683 1684 1685 1689
usemtl Wall
s off
f 1695 1685 1684 1696
usemtl Wall
s off
f 1697 1686 1691 1698
usemtl Wall
s off
f 1699 1700 1698 1701
usemtl Wall
s off
f 1702 1693 1682 1703
usemtl Wall
s off
f 1696 1684 1683 1704
usemtl Wall
s off
f 1700 1692 1687 1705
usemtl Wall
s off
f 1706 1707 1708 1709
usemtl Wall
s off
f 1709 1708 1710 1711
usemtl Wall
s off
f 1705 1687 1686 1697
usemtl Wall
s off
f 1712 1713 1689 1685 1695
usemtl Wall
s off
f 1703 1682 1690 1714 1715
usemtl Wall
s off
f 1715 1714 1716 1717
usemtl Wall
s off
f 1718 1688 1692 1700 1699
usemtl Wall
s off
f 1701 1698 1691 1689 1713
usemtl Wall
s off
f 1704 1683 1694 1710
usemtl Wall
s off
f 1711 1710 1694 1693 1702 1719
usemtl Wall
s off
f 1714 1690 1688 1718
usemtl Wall
s off
f 1719 1702 1720 1721
usemtl Wall
s off
f 1722 1723 1724 1725
usemtl Wall
s off
f 1726 1727 1723 1722
usemtl Wall
s off
f 1721 1720 1727 1726
usemtl Wall
s off
f 1725 1724 1707 1706
usemtl Wall
s off
f 1717 1716 1713 1712
usemtl Roof
s off
f 1705 1697 1698 1700
usemtl Roof
s off
f 1717 1712 1695 1696 1704 1710 1708 1707 1724 1723 1727 1720 1702 1703 1715
usemtl Roof
s off
f 1725 1706 1709 1711 1719 1721 1726 1722
usemtl Roof
s off
f 1713 1716 1714 1718 1699 1701
o NL.IMBAG.Pand.0363100012164710_tri-slope
v -1.8408 -0.5860 -34.7160
v -1.7898 -0.5860 -34.7760
v -7.7388 -0.5860 -37.6260
v -10.8998 -0.5860 -31.0460
v -7.5398 -0.5860 -29.4360
v -7.9108 -0.5860 -28.4360
v -5.3978 -0.5860 -27.2560
v -4.1368 -0.5860 -35.9000
v -7.7538 -0.5860 -28.8580
v -4.6968 -0.5860 -28.7250
v -2.0488 -0.5860 -34.2780
v -1.7898 -16.9780 -34.7760
v -1.8408 -17.1900 -34.7160
v -7.9108 -20.8460 -28.4360
v -7.7538 -18.5570 -28.8580
v -7.7538 -20.8400 -28.8580
v -7.6698 -18.5570 -28.8000
v -7.6698 -20.8400 -28.8000
v -5.3978 -20.8300 -27.2560
v -7.5398 -18.5610 -29.4360
v -10.8998 -18.5790 -31.0460
v -7.7388 -18.6140 -37.6260
v -4.6968 -20.8070 -28.7250
v -4.6968 -18.5490 -28.7250
v -2.0488 -18.5790 -34.2780
v -4.1368 -18.5940 -35.9000
v -4.1368 -16.3140 -35.9000
v -3.4498 -18.5850 -34.7990
v -6.9988 -20.8220 -29.7320
v -6.9988 -18.5610 -29.7320
usemtl Ground
s off
f 1729 1735 1730 1731 1732 1736 1733 1734 1737 1738 1728
usemtl Wall
s off
f 1739 1729 1728 1740
usemtl Wall
s off
f 1741 1733 1736 1742 1743
usemtl Wall
s off
f 1743 1742 1744 1745
usemtl Wall
s off
f 1746 1734 1733 1741
usemtl Wall
s off
f 1747 1732 1731 1748
usemtl Wall
s off
f 1742 1736 1732 1747
usemtl Wall
s off
f 1748 1731 1730 1749
usemtl Wall
s off
f 1750 1751 1737 1734 1746
usemtl Wall
s off
f 1740 1728 1738 1752
usemtl Wall
s off
f 1753 1754 1755
usemtl Wall
s off
f 1756 1757 1751 1750
usemtl Wall
s off
f 1749 1730 1735 1754 1753
usemtl Wall
s off
f 1754 1735 1729 1739
usemtl Wall
s off
f 1752 1738 1737 1751
usemtl Wall
s off
f 1745 1744 1757 1756
usemtl Roof
s off
f 1754 1739 1740 1752 1755
usemtl Roof
s off
f 1757 1744 1742 1747 1748 1749 1753 1755 1752 1751
usemtl Roof
s off
f 1745 1756 1750 1746 1741 1743
o NL.IMBAG.Pand.0363100012164755_hip
v -80.9918 -0.5620 44.3400
v -80.5928 -0.5620 44.3750
v -80.2718 -0.5620 44.6750
v -76.9698 -0.5620 46.2130
v -70.9098 -0.5620 33.6160
v -76.2358 -0.5620 31.1040
v -76.8718 -0.5620 32.4750
v -82.4188 -0.5620 43.6740
v -71.8908 -0.5620 35.6550
v -77.0668 -0.5620 32.8710
v -82.0778 -0.5620 42.9860
v -78.7948 -0.5620 45.3630
v -76.6168 -0.5620 45.4790
v -76.2358 -13.4360 31.1040
v -70.9098 -13.4420 33.6160
v -82.0778 -16.2390 42.9860
v -82.0778 -16.0410 42.9860
v -77.0668 -13.3900 32.8710
v -77.0668 -16.0390 32.8710
v -78.7948 -16.2820 45.3630
v -78.7948 -13.7020 45.3630
v -80.2718 -16.2700 44.6750
v -78.1758 -16.2700 44.7470
v -76.8718 -13.4000 32.4750
v -76.9698 -13.7340 46.2130
v -71.8908 -13.3890 35.6550
v -71.8908 -16.0880 35.6550
v -80.5928 -16.2640 44.3750
v -80.5928 -14.0970 44.3750
v -82.4188 -13.6400 43.6740
v -80.9918 -13.6650 44.3400
v -76.6168 -16.2830 45.4790
usemtl Ground
s off
f 1766 1762 1763 1764 1767 1768 1765 1758 1759 1760 1769 1761 1770
usemtl Wall
s off
f 1771 1763 1762 1772
usemtl Wall
s off
f 1773 1774 1768 1767 1775 1776
usemtl Wall
s off
f 1777 1778 1769 1760 1779
usemtl Wall
s off
f 1778 1777 1780
usemtl Wall
s off
f 1781 1764 1763 1771
usemtl Wall
s off
f 1782 1761 1769 1778
usemtl Wall
s off
f 1775 1767 1764 1781
usemtl Wall
s off
f 1776 1775 1783 1784
usemtl Wall
s off
f 1785 1786 1774 1773
usemtl Wall
s off
f 1787 1765 1768 1774
usemtl Wall
s off
f 1788 1758 1765 1787
usemtl Wall
s off
f 1786 1759 1758 1788
usemtl Wall
s off
f 1789 1770 1761 1782
usemtl Wall
s off
f 1779 1760 1759 1786 1785
usemtl Wall
s off
f 1772 1762 1766 1783
usemtl Wall
s off
f 1784 1783 1766 1770 1789
usemtl Roof
s off
f 1786 1788 1787 1774
usemtl Roof
s off
f 1780 1789 1782 1778
usemtl Roof
s off
f 1772 1783 1775 1781 1771
usemtl Roof
s off
f 1784 1789 1780 1777 1779 1785 1773 1776
o NL.IMBAG.Pand.0363100012164923_tri-slope
v -74.9798 -0.5670 -55.9970
v -74.0908 -0.5670 -58.1270
v -69.9598 -0.5670 -66.8870
v -74.3898 -0.5670 -68.9950
v -76.2988 -0.5670 -68.3050
v -81.1618 -0.5670 -57.8970
v -75.3508 -0.5670 -55.2370
v -74.9438 -0.5670 -68.7950
v -80.1578 -0.5670 -57.4380
v -70.4318 -0.5670 -65.8870
v -74.8498 -0.5670 -68.8290
v -74.0908 -17.0150 -58.1270
v -74.9798 -17.0510 -55.9970
v -75.3508 -17.0630 -55.2370
v -80.1578 -16.9130 -57.4380
v -70.4318 -16.8930 -65.8870
v -81.1618 -13.9300 -57.8970
v -76.2988 -13.9690 -68.3050
v -69.9598 -13.8910 -66.8870
v -74.8498 -14.8130 -68.8290
v -74.3898 -13.8690 -68.9950
v -74.9438 -16.7310 -68.7950
v -74.8498 -16.7320 -68.8290
v -73.9558 -16.7600 -68.4090
v -73.9558 -14.8030 -68.4090
v -74.6208 -16.7590 -67.9270
usemtl Ground
s off
f 1797 1794 1795 1798 1796 1790 1791 1799 1792 1793 1800
usemtl Wall
s off
f 1801 1791 1790 1802
usemtl Wall
s off
f 1802 1790 1796 1803
usemtl Wall
s off
f 1803 1796 1798 1804
usemtl Wall
s off
f 1805 1799 1791 1801
usemtl Wall
s off
f 1806 1795 1794 1807
usemtl Wall
s off
f 1804 1798 1795 1806
usemtl Wall
s off
f 1808 1792 1799 1805
usemtl Wall
s off
f 1809 1800 1793 1810
usemtl Wall
s off
f 1811 1797 1800 1809 1812
usemtl Wall
s off
f 1810 1793 1792 1808
usemtl Wall
s off
f 1813 1814 1815
usemtl Wall
s off
f 1812 1809 1814 1813
usemtl Wall
s off
f 1807 1794 1797 1811
usemtl Roof
s off
f 1814 1809 1810 1808 1805 1815
usemtl Roof
s off
f 1811 1804 1806 1807
usemtl Roof
s off
f 1804 1811 1812 1813 1815 1805 1801 1802 1803
o NL.IMBAG.Pand.0363100012165188_complex
v -4.6998 -0.5690 -28.7200
v 8.0792 -0.5690 -23.0060
v 8.6232 -0.5690 -28.7600
v 7.8622 -0.5690 -29.1360
v 7.9532 -0.5690 -30.0370
v -1.8408 -0.5690 -34.7160
v 8.3152 -0.5690 -25.5030
v 5.9642 -0.5690 -30.9870
v 2.9832 -0.5690 -32.4120
v -2.1428 -0.5690 -34.0820
v -3.6768 -0.5690 -30.8650
v -2.6918 -0.5690 -27.8230
v 7.2792 -0.5690 -23.3640
v 5.9642 -16.2740 -30.9870
v 7.9532 -16.2350 -30.0370
v 5.9642 -18.4680 -30.9870
v 6.2462 -18.4920 -29.9360
v -3.6768 -18.3710 -30.8650
v -2.1428 -18.3210 -34.0820
v -4.6998 -19.2950 -28.7200
v -3.6768 -19.3500 -30.8650
v 8.3152 -18.6040 -25.5030
v 8.3152 -16.4180 -25.5030
v 7.4262 -18.6090 -24.8150
v -1.8408 -16.4270 -34.7160
v 8.0792 -16.4240 -23.0060
v 7.2792 -18.6380 -23.3640
v -2.6918 -18.4440 -27.8230
v 2.9832 -18.4080 -32.4120
v 2.9832 -16.3330 -32.4120
v 2.5222 -18.4160 -31.7760
v -1.9528 -18.3950 -30.5760
v -1.9528 -19.3830 -30.5760
v 7.8622 -18.5250 -29.1360
v 8.6232 -18.5410 -28.7600
v -2.6918 -19.3240 -27.8230
usemtl Ground
s off
f 1817 1822 1818 1819 1820 1823 1824 1821 1825 1826 1816 1827 1828
usemtl Wall
s off
f 1829 1823 1820 1830
usemtl Wall
s off
f 1831 1829 1832
usemtl Wall
s off
f 1833 1826 1825 1834
usemtl Wall
s off
f 1835 1816 1826 1833 1836
usemtl Wall
s off
f 1837 1838 1839
usemtl Wall
s off
f 1834 1825 1821 1840
usemtl Wall
s off
f 1841 1817 1828 1842
usemtl Wall
s off
f 1842 1828 1827 1843
usemtl Wall
s off
f 1844 1845 1824 1823 1829 1831
usemtl Wall
s off
f 1840 1821 1824 1845
usemtl Wall
s off
f 1845 1844 1846
usemtl Wall
s off
f 1836 1833 1847 1848
usemtl Wall
s off
f 1849 1819 1818 1850
usemtl Wall
s off
f 1830 1820 1819 1849
usemtl Wall
s off
f 1838 1822 1817 1841
usemtl Wall
s off
f 1851 1843 1827 1816 1835
usemtl Wall
s off
f 1848 1847 1843 1851
usemtl Wall
s off
f 1850 1818 1822 1838 1837
usemtl Roof
s off
f 1845 1846 1834 1840
usemtl Roof
s off
f 1838 1841 1842 1839
usemtl Roof
s off
f 1848 1851 1835 1836
usemtl Roof
s off
f 1849 1832 1829 1830
usemtl Roof
s off
f 1850 1837 1839 1842 1843 1847 1833 1834 1846 1844 1831 1832 1849
o NL.IMBAG.Pand.0363100012165353_complex
v -74.1298 -0.3330 103.5930
v -69.5798 -0.3330 97.7950
v -81.3308 -0.3330 92.1640
v -83.2608 -0.3330 90.8580
v -86.3898 -0.3330 97.5030
v -81.5108 -0.3330 99.9270
v -75.2168 -0.3330 103.0540
v -73.9878 -0.3330 103.4120
v -72.0758 -0.3330 100.9760
v -71.2978 -0.3330 96.9710
v -71.8248 -0.3330 96.7190
v -81.2708 -0.3330 92.1920
v -85.1348 -0.3330 94.8380
v -85.1348 -18.2980 94.8380
v -83.2608 -13.9560 90.8580
v -71.2978 -14.6380 96.9710
v -69.5798 -14.4910 97.7950
v -72.0758 -14.9520 100.9760
v -72.0758 -17.6590 100.9760
v -72.1628 -15.1280 100.7880
v -72.1628 -17.5670 100.7880
v -73.9878 -15.0270 103.4120
v -73.9878 -14.9950 103.4120
v -74.1298 -14.8030 103.5930
v -74.9088 -16.9040 102.6980
v -74.9088 -15.3030 102.6980
v -75.2168 -14.8520 103.0540
v -75.2168 -16.8800 103.0540
v -81.9418 -15.7560 93.4930
v -81.9418 -16.6990 93.4930
v -80.4678 -16.7150 95.2590
v -81.3258 -14.6280 92.5190
v -81.3258 -16.6830 92.5190
v -81.3308 -14.3110 92.1640
v -81.2708 -14.3120 92.1920
v -76.0028 -16.8320 101.8480
v -76.0028 -15.6310 101.8480
v -75.2918 -16.8880 100.7910
v -74.2948 -16.7250 98.1700
v -74.2948 -16.6720 98.1700
v -74.8748 -17.8360 99.5440
v -74.8748 -18.1960 99.5440
v -81.2708 -16.6780 92.1920
v -74.5518 -18.1920 99.6920
v -74.5518 -17.8040 99.6920
v -74.5518 -17.6000 99.6920
v -74.9078 -17.5640 100.2210
v -81.5108 -16.4580 99.9270
v -81.5108 -15.1330 99.9270
v -80.1438 -16.5590 98.9770
v -74.0928 -16.7250 98.2650
v -74.0928 -16.6540 98.2650
v -72.2788 -16.7000 97.0280
v -72.2788 -15.0780 97.0280
v -71.5708 -18.2020 97.3180
v -71.5708 -14.9840 97.3180
v -72.2788 -18.0120 97.0280
v -71.8248 -16.6930 96.7190
v -71.2978 -18.9870 96.9710
v -71.8248 -18.9020 96.7190
v -86.3898 -15.3510 97.5030
usemtl Ground
s off
f 1857 1858 1852 1859 1860 1853 1861 1862 1863 1854 1855 1864 1856
usemtl Wall
s off
f 1865 1864 1855 1866
usemtl Wall
s off
f 1867 1861 1853 1868
usemtl Wall
s off
f 1868 1853 1860 1869 1870
usemtl Wall
s off
f 1870 1869 1871 1872
usemtl Wall
s off
f 1873 1874 1859 1852 1875
usemtl Wall
s off
f 1876 1877 1878 1879
usemtl Wall
s off
f 1875 1852 1858 1878
usemtl Wall
s off
f 1880 1881 1882
usemtl Wall
s off
f 1881 1880 1883 1884
usemtl Wall
s off
f 1885 1854 1863 1886
usemtl Wall
s off
f 1866 1855 1854 1885
usemtl Wall
s off
f 1887 1888 1877 1876
usemtl Wall
s off
f 1888 1887 1889
usemtl Wall
s off
f 1890 1891 1892 1893
usemtl Wall
s off
f 1869 1860 1859 1874
usemtl Wall
s off
f 1884 1883 1886 1894
usemtl Wall
s off
f 1895 1896 1897 1898
usemtl Wall
s off
f 1872 1871 1897 1896
usemtl Wall
s off
f 1899 1900 1901
usemtl Wall
s off
f 1893 1892 1896 1895
usemtl Wall
s off
f 1902 1903 1891 1890
usemtl Wall
s off
f 1904 1905 1903 1902
usemtl Wall
s off
f 1906 1907 1905 1904 1908
usemtl Wall
s off
f 1894 1886 1863 1862 1909
usemtl Wall
s off
f 1910 1867 1907 1906
usemtl Wall
s off
f 1911 1909 1862 1861 1867 1910
usemtl Wall
s off
f 1908 1904 1909 1911
usemtl Wall
s off
f 1900 1857 1856 1912
usemtl Wall
s off
f 1912 1856 1864 1865
usemtl Wall
s off
f 1879 1878 1858 1857 1900 1899
usemtl Wall
s off
f 1874 1873 1898
usemtl Roof
s off
f 1882 1890 1893 1865 1866 1885 1886 1883 1880
usemtl Roof
s off
f 1907 1867 1868 1870 1872 1896 1892 1891 1903 1905
usemtl Roof
s off
f 1908 1911 1910 1906
usemtl Roof
s off
f 1909 1904 1902 1890 1882 1881 1884 1894
usemtl Roof
s off
f 1874 1898 1897 1871 1869
usemtl Roof
s off
f 1901 1889 1887 1876 1879 1899
usemtl Roof
s off
f 1898 1873 1875 1878 1877 1888 1889 1901 1900 1912 1865 1893 1895
o NL.IMBAG.Pand.0363100012165716_complex
v -54.6008 -0.5880 26.8300
v -49.2388 -0.5880 29.4800
v -41.4788 -0.5880 13.0040
v -46.8708 -0.5880 10.5030
v -45.8008 -0.5880 11.0000
v -47.4578 -0.5880 11.7450
v -52.0748 -0.5880 21.4960
v -52.6758 -0.5880 22.7650
v -53.7298 -0.5880 24.9920
v -48.5048 -0.5880 27.9230
v -46.8658 -0.5880 24.4430
v -54.6008 -3.4070 26.8300
v -53.7298 -3.4560 24.9920
v -53.4088 -8.2480 24.9570
v -53.4088 -3.4610 24.9570
v -53.7298 -7.8390 24.9920
v -51.6898 -14.1740 23.0500
v -51.6898 -7.2820 23.0500
v -51.6898 -3.5250 23.0500
v -52.6758 -13.7640 22.7650
v -52.6758 -7.2620 22.7650
v -49.2388 -3.4310 29.4800
v -47.4578 -5.3450 11.7450
v -46.8708 -4.1760 10.5030
v -52.0748 -16.5310 21.4960
v -52.0748 -7.3850 21.4960
v -47.4578 -16.5850 11.7450
v -48.5768 -16.5850 23.9490
v -48.5768 -14.1830 23.9490
v -51.6338 -13.9790 23.0660
v -51.6338 -16.5400 23.0660
v -48.5048 -3.4730 27.9230
v -48.5048 -6.9310 27.9230
v -48.6108 -3.5410 24.4460
v -48.6108 -13.9910 24.4460
v -48.6108 -14.3570 24.4460
v -47.3298 -16.6030 24.3090
v -47.3298 -15.9870 24.3090
v -48.6108 -16.5850 24.4460
v -46.8658 -16.6100 24.4430
v -46.8658 -16.1800 24.4430
v -41.4788 -16.6720 13.0040
v -51.1688 -13.4400 24.7180
v -51.1688 -3.4990 24.7180
v -51.6338 -3.5250 23.0660
v -51.6898 -16.5390 23.0500
v -51.6508 -16.5390 23.0060
v -51.6508 -7.2870 23.0060
v -48.6188 -16.5850 24.1670
v -48.6188 -14.0940 24.1670
v -46.2028 -5.0560 11.8540
v -46.2028 -16.6030 11.8540
v -45.8008 -4.2530 11.0000
v -45.8008 -16.6070 11.0000
usemtl Ground
s off
f 1915 1917 1916 1918 1919 1920 1921 1913 1914 1922 1923
usemtl Wall
s off
f 1924 1913 1921 1925
usemtl Wall
s off
f 1926 1927 1925 1928
usemtl Wall
s off
f 1929 1930 1931 1927 1926
usemtl Wall
s off
f 1932 1933 1930 1929
usemtl Wall
s off
f 1934 1914 1913 1924
usemtl Wall
s off
f 1935 1918 1916 1936
usemtl Wall
s off
f 1937 1938 1919 1918 1935 1939
usemtl Wall
s off
f 1940 1941 1942 1943
usemtl Wall
s off
f 1944 1922 1914 1934
usemtl Wall
s off
f 1945 1944 1946 1947 1948
usemtl Wall
s off
f 1949 1950 1948 1951
usemtl Wall
s off
f 1952 1953 1950 1949
usemtl Wall
s off
f 1953 1923 1922 1944 1945
usemtl Wall
s off
f 1954 1915 1923 1953 1952
usemtl Wall
s off
f 1928 1925 1921 1920 1933 1932
usemtl Wall
s off
f 1955 1956 1957 1942
usemtl Wall
s off
f 1943 1942 1957 1931 1930 1929 1958
usemtl Wall
s off
f 1933 1920 1919 1938
usemtl Wall
s off
f 1959 1960 1938 1937
usemtl Wall
s off
f 1961 1962 1941 1940
usemtl Wall
s off
f 1939 1935 1963 1964
usemtl Wall
s off
f 1951 1948 1947 1962 1961
usemtl Wall
s off
f 1958 1929 1930 1960 1959
usemtl Wall
s off
f 1947 1946 1956 1955
usemtl Wall
s off
f 1936 1916 1917 1965
usemtl Wall
s off
f 1964 1963 1965 1966
usemtl Wall
s off
f 1966 1965 1917 1915 1954
usemtl Roof
s off
f 1953 1945 1948 1950
usemtl Roof
s off
f 1928 1932 1929 1926
usemtl Roof
s off
f 1947 1955 1942 1941 1962
usemtl Roof
s off
f 1960 1930 1933 1938
usemtl Roof
s off
f 1956 1946 1944 1934 1924 1925 1927 1931 1957
usemtl Roof
s off
f 1965 1963 1935 1936
usemtl Roof
s off
f 1966 1954 1952 1949 1951 1961 1940 1943 1958 1959 1937 1939 1964
o NL.IMBAG.Pand.0363100012166176_gable
v -78.2428 -0.6830 -34.0070
v -83.5908 -0.6830 -36.5170
v -88.6908 -0.6830 -25.6940
v -83.3168 -0.6830 -23.1840
v -88.4118 -0.6830 -26.2860
v -87.2988 -0.6830 -25.0440
v -83.3168 -16.9430 -23.1840
v -87.2988 -14.4260 -25.0440
v -87.2988 -16.9260 -25.0440
v -87.0998 -16.1830 -25.7220
v -87.0998 -16.9090 -25.7220
v -88.6908 -14.2160 -25.6940
v -78.2428 -16.6480 -34.0070
v -88.4118 -16.9040 -26.2860
v -88.4118 -15.8760 -26.2860
v -83.5908 -16.6250 -36.5170
usemtl Ground
s off
f 1971 1969 1972 1970 1967 1968
usemtl Wall
s off
f 1973 1970 1972 1974 1975
usemtl Wall
s off
f 1975 1974 1976 1977
usemtl Wall
s off
f 1974 1972 1969 1978
usemtl Wall
s off
f 1979 1967 1970 1973
usemtl Wall
s off
f 1980 1981 1971 1968 1982
usemtl Wall
s off
f 1982 1968 1967 1979
usemtl Wall
s off
f 1977 1976 1981 1980
usemtl Wall
s off
f 1978 1969 1971 1981
usemtl Roof
s off
f 1977 1980 1982 1979 1973 1975
usemtl Roof
s off
f 1978 1981 1976 1974
o NL.IMBAG.Pand.0363100012166210_tri-slope
v -76.8718 -0.5930 32.4750
v -82.6238 -0.5930 29.8140
v -87.8508 -0.5930 41.0940
v -82.4188 -0.5930 43.6740
v -80.6708 -0.5930 40.1450
v -79.1808 -0.5930 37.1370
v -87.4578 -0.5930 40.2460
v -86.2338 -0.5930 41.8620
v -82.4188 -16.9320 43.6740
v -86.2338 -14.1220 41.8620
v -86.2338 -16.9320 41.8620
v -85.5168 -16.9290 41.1650
v -87.8508 -14.1290 41.0940
v -87.4578 -16.9290 40.2460
v -82.6238 -16.8870 29.8140
v -76.8718 -16.8870 32.4750
v -81.5118 -19.4110 36.3000
v -81.5118 -16.9070 36.3000
v -79.1808 -16.9060 37.1370
v -79.1808 -19.4420 37.1370
v -80.6708 -16.9180 40.1450
v -80.6708 -19.4190 40.1450
v -82.7498 -16.9190 39.4360
v -82.7498 -19.3920 39.4360
usemtl Ground
s off
f 1986 1987 1988 1983 1984 1989 1985 1990
usemtl Wall
s off
f 1991 1986 1990 1992 1993
usemtl Wall
s off
f 1993 1992 1994
usemtl Wall
s off
f 1995 1985 1989 1996
usemtl Wall
s off
f 1992 1990 1985 1995
usemtl Wall
s off
f 1996 1989 1984 1997
usemtl Wall
s off
f 1997 1984 1983 1998
usemtl Wall
s off
f 1999 2000 2001 2002
usemtl Wall
s off
f 1998 1983 1988 2001
usemtl Wall
s off
f 2002 2001 1988 1987 2003 2004
usemtl Wall
s off
f 2003 1987 1986 1991
usemtl Wall
s off
f 2004 2003 2005 2006
usemtl Wall
s off
f 2006 2005 2000 1999
usemtl Roof
s off
f 1996 1994 1992 1995
usemtl Roof
s off
f 2006 1999 2002 2004
usemtl Roof
s off
f 2000 2005 2003 1991 1993 1994 1996 1997 1998 2001
o NL.IMBAG.Pand.0363100012166447_flat
v -95.8078 -0.4420 72.9660
v -90.4758 -0.4420 75.5130
v -85.3598 -0.4420 64.1840
v -90.6458 -0.4420 61.7000
v -90.4758 -15.7110 75.5130
v -95.8078 -15.6620 72.9660
v -85.3598 -16.1920 64.1840
v -90.6458 -16.1430 61.7000
usemtl Ground
s off
f 2007 2008 2009 2010
usemtl Wall
s off
f 2011 2008 2007 2012
usemtl Wall
s off
f 2013 2009 2008 2011
usemtl Wall
s off
f 2012 2007 2010 2014
usemtl Wall
s off
f 2014 2010 2009 2013
usemtl Roof
s off
f 2014 2013 2011 2012
o NL.IMBAG.Pand.0363100012166612_tri-slope
v -67.8608 -0.6800 -29.1360
v -73.0688 -0.6800 -31.5790
v -78.2948 -0.6800 -20.8360
v -72.9358 -0.6800 -18.3310
v -72.7958 -0.6800 -18.6300
v -73.2068 -0.6800 -31.2930
v -76.4008 -0.6800 -24.7280
v -77.9308 -0.6800 -21.5830
v -72.7958 -17.1740 -18.6300
v -72.7958 -14.8250 -18.6300
v -77.9308 -15.1260 -21.5830
v -77.9308 -17.1470 -21.5830
v -76.4008 -17.0210 -24.7280
v -74.7698 -19.5160 -24.8850
v -74.7698 -16.9940 -24.8850
v -76.4008 -19.7180 -24.7280
v -72.9358 -14.6550 -18.3310
v -78.2948 -14.6970 -20.8360
v -73.2068 -16.7610 -31.2930
v -73.0688 -16.7500 -31.5790
v -67.8608 -16.7600 -29.1360
v -73.2068 -19.7050 -31.2930
v -72.9998 -16.7610 -31.2140
v -72.9998 -19.6730 -31.2140
v -72.7528 -16.7710 -30.8130
v -72.7528 -19.6170 -30.8130
usemtl Ground
s off
f 2017 2018 2019 2015 2016 2020 2021 2022
usemtl Wall
s off
f 2023 2024 2025 2026
usemtl Wall
s off
f 2026 2025 2022 2021 2027
usemtl Wall
s off
f 2028 2029 2027 2030
usemtl Wall
s off
f 2031 2018 2017 2032
usemtl Wall
s off
f 2024 2019 2018 2031
usemtl Wall
s off
f 2033 2020 2016 2034
usemtl Wall
s off
f 2034 2016 2015 2035
usemtl Wall
s off
f 2032 2017 2022 2025
usemtl Wall
s off
f 2036 2033 2037 2038
usemtl Wall
s off
f 2038 2037 2039 2040
usemtl Wall
s off
f 2040 2039 2029 2028
usemtl Wall
s off
f 2030 2027 2021 2020 2033 2036
usemtl Wall
s off
f 2035 2015 2019 2024 2023
usemtl Roof
s off
f 2032 2025 2024 2031
usemtl Roof
s off
f 2030 2036 2038 2040 2028
usemtl Roof
s off
f 2035 2023 2026 2027 2029 2039 2037 2033 2034
o NL.IMBAG.Pand.0363100012166950_gable
v -53.5498 -0.5320 -45.9000
v -48.0308 -0.5320 -43.3170
v -42.9408 -0.5320 -54.1380
v -48.5258 -0.5320 -56.7580
v -43.4308 -0.5320 -53.0940
v -45.3628 -0.5320 -55.2740
v -45.3628 -16.1230 -55.2740
v -45.3628 -13.9570 -55.2740
v -43.4308 -14.7290 -53.0940
v -43.4308 -16.1660 -53.0940
v -53.5498 -16.4410 -45.9000
v -48.5258 -16.1090 -56.7580
v -48.0308 -16.4660 -43.3170
v -42.9408 -13.9460 -54.1380
usemtl Ground
s off
f 2045 2043 2046 2044 2041 2042
usemtl Wall
s off
f 2047 2048 2049 2050
usemtl Wall
s off
f 2051 2041 2044 2052
usemtl Wall
s off
f 2052 2044 2046 2048 2047
usemtl Wall
s off
f 2053 2042 2041 2051
usemtl Wall
s off
f 2050 2049 2045 2042 2053
usemtl Wall
s off
f 2048 2046 2043 2054
usemtl Wall
s off
f 2054 2043 2045 2049
usemtl Roof
s off
f 2050 2053 2051 2052 2047
usemtl Roof
s off
f 2054 2049 2048
o NL.IMBAG.Pand.0363100012167107_flat
v -19.5098 -0.6590 -5.4490
v -22.4138 -0.6590 -6.8010
v -22.2218 -0.6590 -7.2010
v -24.1928 -0.6590 -8.8680
v -29.4788 -0.6590 2.1010
v -24.0988 -0.6590 4.6200
v -22.4138 -14.0900 -6.8010
v -19.5098 -14.0880 -5.4490
v -24.0988 -14.7630 4.6200
v -29.4788 -14.7650 2.1010
v -22.2218 -14.0630 -7.2010
v -24.1928 -14.0230 -8.8680
usemtl Ground
s off
f 2055 2056 2057 2058 2059 2060
usemtl Wall
s off
f 2061 2056 2055 2062
usemtl Wall
s off
f 2062 2055 2060 2063
usemtl Wall
s off
f 2063 2060 2059 2064
usemtl Wall
s off
f 2065 2057 2056 2061
usemtl Wall
s off
f 2064 2059 2058 2066
usemtl Wall
s off
f 2066 2058 2057 2065
usemtl Roof
s off
f 2066 2065 2061 2062 2063 2064
o NL.IMBAG.Pand.0363100012167376_flat
v -79.3598 -0.4880 -4.7960
v -84.9208 -0.4880 -7.3970
v -89.8878 -0.4880 3.0820
v -85.9608 -0.4880 4.9140
v -86.7908 -0.4880 6.5140
v -85.0748 -0.4880 7.2890
v -84.9208 -14.3930 -7.3970
v -79.3598 -14.3310 -4.7960
v -86.7908 -14.0200 6.5140
v -85.9608 -14.0630 4.9140
v -85.0748 -14.0010 7.2890
v -89.8878 -14.1070 3.0820
usemtl Ground
s off
f 2067 2068 2069 2070 2071 2072
usemtl Wall
s off
f 2073 2068 2067 2074
usemtl Wall
s off
f 2075 2071 2070 2076
usemtl Wall
s off
f 2077 2072 2071 2075
usemtl Wall
s off
f 2074 2067 2072 2077
usemtl Wall
s off
f 2076 2070 2069 2078
usemtl Wall
s off
f 2078 2069 2068 2073
usemtl Roof
s off
f 2078 2073 2074 2077 2075 2076
o NL.IMBAG.Pand.0363100012167460_complex
v 98.6472 -0.5510 32.5810
v 98.6442 -0.5510 32.5270
v 98.8902 -0.5510 31.3640
v 86.2632 -0.5510 28.3540
v 85.7632 -0.5510 30.6690
v 86.7372 -0.5510 30.8790
v 85.0632 -0.5510 38.6200
v 83.0892 -0.5510 38.1940
v 82.5632 -0.5510 40.6240
v 96.3542 -0.5510 43.9520
v 97.6402 -0.5510 37.6380
v 97.8862 -0.5510 36.3980
v 97.7572 -0.5510 36.4030
v 97.6842 -0.5510 36.0470
v 98.1542 -0.5510 33.7750
v 98.3112 -0.5510 34.2680
v 85.1272 -0.5510 38.3220
v 84.8082 -0.5510 41.1650
v 87.8212 -0.5510 28.7260
v 86.0122 -0.5510 29.5130
v 91.3732 -0.5510 42.7500
v 95.4032 -0.5510 43.7230
v 97.8642 -0.5510 31.1190
v 94.7522 -0.5510 30.3770
v 95.4032 -19.3020 43.7230
v 95.4032 -18.8870 43.7230
v 91.3732 -19.9600 42.7500
v 96.3542 -16.6070 43.9520
v 82.5632 -16.4660 40.6240
v 83.0892 -16.4230 38.1940
v 85.0632 -16.4410 38.6200
v 97.6842 -18.8170 36.0470
v 97.6842 -17.1550 36.0470
v 97.5782 -17.6320 35.5290
v 97.5782 -18.8550 35.5290
v 98.1542 -18.8300 33.7750
v 98.1542 -17.1130 33.7750
v 86.0122 -18.8980 29.5130
v 86.0122 -16.1880 29.5130
v 87.6042 -16.1990 29.6220
v 87.6042 -19.0590 29.6220
v 86.2632 -16.1850 28.3540
v 86.7372 -19.0560 30.8790
v 85.7632 -18.9480 30.6690
v 87.8212 -16.1970 28.7260
v 87.8212 -19.0230 28.7260
v 96.1972 -19.3280 39.6540
v 96.1972 -18.9180 39.6540
v 96.3462 -18.5420 39.7330
v 96.3462 -19.3020 39.7330
v 95.6522 -18.8970 42.4460
v 95.6522 -19.3100 42.4460
v 98.6442 -16.5600 32.5270
v 98.6472 -16.5280 32.5810
v 98.8902 -16.5270 31.3640
v 97.7572 -16.8270 36.4030
v 97.8862 -16.5330 36.3980
v 97.6402 -16.5350 37.6380
v 91.3732 -20.2650 42.7500
v 84.8082 -16.4870 41.1650
v 84.8082 -19.5270 41.1650
v 85.5122 -16.4370 38.2610
v 85.5122 -19.4100 38.2610
v 96.6732 -19.3440 37.2190
v 96.6732 -18.9370 37.2190
v 92.7852 -20.1940 39.5140
v 92.7852 -19.8600 39.5140
v 94.2872 -19.8930 32.5350
v 94.2872 -19.5180 32.5350
v 92.6642 -19.6320 36.3760
v 92.6642 -19.9820 36.3760
v 94.7522 -19.5270 30.3770
v 97.8642 -18.9840 31.1190
v 85.1272 -16.4360 38.3220
v 85.1272 -19.3760 38.3220
v 93.4262 -19.8700 36.5360
v 93.4262 -19.5000 36.5360
v 96.7292 -18.9390 36.9290
v 98.3112 -16.5300 34.2680
v 93.4262 -20.0660 36.5360
v 94.7522 -19.8000 30.3770
v 97.6532 -18.9760 32.2010
usemtl Ground
s off
f 2084 2095 2085 2086 2087 2096 2099 2100 2088 2089 2090 2091 2092 2093 2094 2079 2080 2081 2101 2102 2097 2082 2098 2083
usemtl Wall
s off
f 2103 2104 2100 2099 2105
usemtl Wall
s off
f 2106 2088 2100 2104
usemtl Wall
s off
f 2107 2087 2086 2108
usemtl Wall
s off
f 2108 2086 2085 2109
usemtl Wall
s off
f 2110 2111 2112 2113
usemtl Wall
s off
f 2114 2115 2093 2092 2111 2110
usemtl Wall
s off
f 2116 2117 2118 2119
usemtl Wall
s off
f 2117 2098 2082 2120
usemtl Wall
s off
f 2121 2084 2083 2122
usemtl Wall
s off
f 2122 2083 2098 2117 2116
usemtl Wall
s off
f 2120 2082 2097 2123
usemtl Wall
s off
f 2119 2118 2123 2124
usemtl Wall
s off
f 2125 2126 2127 2128
usemtl Wall
s off
f 2128 2127 2129 2130
usemtl Wall
s off
f 2131 2080 2079 2132
usemtl Wall
s off
f 2133 2081 2080 2131
usemtl Wall
s off
f 2130 2129 2104 2103
usemtl Wall
s off
f 2134 2091 2090 2135
usemtl Wall
s off
f 2135 2090 2089 2136
usemtl Wall
s off
f 2136 2089 2088 2106
usemtl Wall
s off
f 2137 2105 2099 2096 2138 2139
usemtl Wall
s off
f 2139 2138 2140 2141
usemtl Wall
s off
f 2142 2143 2126 2125
usemtl Wall
s off
f 2144 2145 2105 2137
usemtl Wall
s off
f 2146 2147 2148 2149
usemtl Wall
s off
f 2150 2102 2101 2151
usemtl Wall
s off
f 2151 2101 2081 2133
usemtl Wall
s off
f 2141 2140 2152 2153
usemtl Wall
s off
f 2109 2085 2095 2152
usemtl Wall
s off
f 2154 2155 2143 2142
usemtl Wall
s off
f 2111 2092 2091 2134
usemtl Wall
s off
f 2113 2112 2156
usemtl Wall
s off
f 2138 2096 2087 2107
usemtl Wall
s off
f 2157 2094 2093 2115
usemtl Wall
s off
f 2149 2148 2155 2154 2158
usemtl Wall
s off
f 2158 2154 2145 2144
usemtl Wall
s off
f 2159 2150 2147 2146
usemtl Wall
s off
f 2115 2114 2160
usemtl Wall
s off
f 2124 2123 2097 2102 2150 2159
usemtl Wall
s off
f 2132 2079 2094 2157
usemtl Wall
s off
f 2153 2152 2095 2084 2121
usemtl Roof
s off
f 2123 2118 2117 2120
usemtl Roof
s off
f 2156 2112 2111 2134 2135 2136 2106 2104 2129 2127 2126 2143
usemtl Roof
s off
f 2138 2107 2108 2109 2152 2140
usemtl Roof
s off
f 2145 2154 2142 2125 2128 2130 2103 2105
usemtl Roof
s off
f 2160 2114 2110 2113 2156 2143 2155 2148 2147 2150 2151
usemtl Roof
s off
f 2132 2157 2115 2160 2151 2133 2131
usemtl Roof
s off
f 2153 2121 2122 2116 2119 2124 2159 2146 2149 2158 2144 2137 2139 2141
o NL.IMBAG.Pand.0363100012167461_complex
v 79.8292 -0.5280 38.3750
v 79.1152 -0.5280 38.2020
v 79.3502 -0.5280 37.2290
v 77.3952 -0.5280 36.7570
v 78.2962 -0.5280 33.0280
v 66.8062 -0.5280 30.2890
v 64.4592 -0.5280 36.3040
v 80.6402 -0.5280 40.1640
v 80.9322 -0.5280 38.9530
v 79.5322 -0.5280 39.8990
v 80.8902 -0.5280 39.1270
v 77.8412 -0.5280 36.8650
v 77.9912 -0.5280 34.2900
v 66.7072 -0.5280 30.5400
v 65.8302 -0.5280 32.7900
v 65.8032 -0.5280 32.8590
v 64.8342 -0.5280 36.3930
v 75.7772 -0.5280 39.0030
v 77.8842 -0.5280 39.5060
v 77.9912 -19.0510 34.2900
v 77.3952 -19.0710 36.7570
v 79.7112 -16.1410 38.8490
v 79.7112 -2.8660 38.8490
v 79.5322 -3.2390 39.8990
v 79.5322 -16.1690 39.8990
v 80.8902 -16.1240 39.1270
v 80.8902 -2.8620 39.1270
v 66.8062 -15.9670 30.2890
v 78.2962 -15.8570 33.0280
v 77.8412 -16.1320 36.8650
v 77.8412 -19.0780 36.8650
v 78.2352 -16.1620 38.4890
v 78.2352 -19.1000 38.4890
v 80.6402 -3.2370 40.1640
v 79.3502 -16.1100 37.2290
v 79.1152 -16.1380 38.2020
v 65.8032 -16.5250 32.8590
v 65.8032 -18.8930 32.8590
v 66.3462 -18.9250 35.1940
v 80.9322 -16.1190 38.9530
v 75.7772 -19.0770 39.0030
v 75.7772 -16.2940 39.0030
v 75.2942 -19.0580 37.8070
v 64.8342 -16.2120 36.3930
v 79.8292 -16.1270 38.3750
v 64.4592 -16.2990 36.3040
v 66.7072 -16.6270 30.5400
v 65.8302 -16.6350 32.7900
v 65.8302 -18.8920 32.7900
v 67.4532 -17.6430 31.5530
v 67.4532 -18.6170 31.5530
v 67.4532 -18.8980 31.5530
v 67.1002 -17.0730 30.8220
v 67.5182 -18.9000 31.6880
v 64.8342 -17.0120 36.3930
v 64.9222 -16.9910 36.1100
v 77.8842 -19.1070 39.5060
v 77.8842 -16.1920 39.5060
v 66.1842 -18.9280 35.6590
usemtl Ground
s off
f 2161 2162 2163 2172 2164 2173 2165 2166 2174 2175 2176 2167 2177 2178 2179 2170 2168 2171 2169
usemtl Wall
s off
f 2180 2173 2164 2181
usemtl Wall
s off
f 2182 2183 2184 2185
usemtl Wall
s off
f 2186 2187 2183 2182
usemtl Wall
s off
f 2188 2166 2165 2189
usemtl Wall
s off
f 2181 2164 2172 2190 2191
usemtl Wall
s off
f 2191 2190 2192 2193
usemtl Wall
s off
f 2194 2168 2170 2184
usemtl Wall
s off
f 2195 2163 2162 2196
usemtl Wall
s off
f 2190 2172 2163 2195
usemtl Wall
s off
f 2187 2171 2168 2194
usemtl Wall
s off
f 2197 2198 2199
usemtl Wall
s off
f 2189 2165 2173 2180
usemtl Wall
s off
f 2200 2169 2171 2187 2186
usemtl Wall
s off
f 2201 2202 2203
usemtl Wall
s off
f 2202 2178 2177 2204
usemtl Wall
s off
f 2205 2161 2169 2200
usemtl Wall
s off
f 2206 2167 2176 2197
usemtl Wall
s off
f 2207 2174 2166 2188
usemtl Wall
s off
f 2198 2197 2176 2175 2208 2209
usemtl Wall
s off
f 2208 2175 2174 2207
usemtl Wall
s off
f 2209 2208 2210 2211 2212
usemtl Wall
s off
f 2211 2210 2213
usemtl Wall
s off
f 2212 2211 2214
usemtl Wall
s off
f 2215 2204 2177 2167 2206
usemtl Wall
s off
f 2204 2215 2216
usemtl Wall
s off
f 2217 2218 2179 2178 2202 2201
usemtl Wall
s off
f 2185 2184 2170 2179 2218
usemtl Wall
s off
f 2193 2192 2218 2217
usemtl Wall
s off
f 2196 2162 2161 2205
usemtl Roof
s off
f 2187 2194 2184 2183
usemtl Roof
s off
f 2213 2210 2208 2207
usemtl Roof
s off
f 2214 2211 2213 2207 2188 2189 2180
usemtl Roof
s off
f 2216 2219 2203 2202 2204
usemtl Roof
s off
f 2199 2219 2216 2215 2206 2197
usemtl Roof
s off
f 2193 2217 2201 2203 2219 2199 2198 2209 2212 2214 2180 2181 2191
usemtl Roof
s off
f 2196 2205 2200 2186 2182 2185 2218 2192 2190 2195
o NL.IMBAG.Pand.0363100012167462_complex
v 62.4482 -0.3840 41.6750
v 62.0272 -0.3840 41.7820
v 61.8452 -0.3840 42.1920
v 74.3242 -0.3840 45.1720
v 75.2592 -0.3840 41.3020
v 80.0842 -0.3840 42.4670
v 80.6402 -0.3840 40.1640
v 64.4592 -0.3840 36.3040
v 63.0572 -0.3840 39.4620
v 62.9722 -0.3840 39.6520
v 62.9912 -0.3840 39.7000
v 62.8612 -0.3840 39.9040
v 62.9232 -0.3840 39.9500
v 62.7732 -0.3840 40.4940
v 62.4122 -0.3840 41.0390
v 62.5852 -0.3840 41.1760
v 79.8582 -0.3840 39.9770
v 78.3882 -0.3840 42.0580
v 76.0742 -0.3840 41.4980
v 76.8032 -0.3840 39.2480
v 70.6512 -0.3840 37.7810
v 66.8392 -0.3840 36.8710
v 65.4002 -0.3840 36.5280
v 74.6282 -0.3840 43.9150
v 74.6282 -18.9800 43.9150
v 74.3242 -16.4440 45.1720
v 76.4082 -19.0240 40.3650
v 76.4082 -16.1180 40.3650
v 76.3262 -16.1040 41.2220
v 76.3262 -19.0180 41.2220
v 75.2592 -19.0040 41.3020
v 61.8452 -16.2880 42.1920
v 62.7732 -16.6790 40.4940
v 62.9232 -16.6620 39.9500
v 62.8612 -16.6380 39.9040
v 80.6402 -3.2230 40.1640
v 80.0842 -3.2340 42.4670
v 79.8582 -3.3380 39.9770
v 63.0572 -16.6470 39.4620
v 64.4592 -16.7160 36.3040
v 62.9722 -16.6430 39.6520
v 63.0642 -16.7180 40.0550
v 63.0642 -16.9920 40.0550
v 78.3882 -3.4820 42.0580
v 79.8582 -16.1640 39.9770
v 78.3882 -16.1150 42.0580
v 76.8032 -16.1400 39.2480
v 70.6512 -16.1960 37.7810
v 70.6512 -16.1880 37.7810
v 76.8032 -16.2090 39.2480
v 62.5852 -16.7000 41.1760
v 62.4122 -16.2880 41.0390
v 76.4572 -17.8090 39.8540
v 76.4572 -16.1270 39.8540
v 62.9912 -16.6550 39.7000
v 69.9522 -18.9550 38.9420
v 69.9522 -16.0430 38.9420
v 70.0262 -16.0590 38.8200
v 70.0262 -18.9570 38.8200
v 69.2252 -18.9480 38.6260
v 69.2252 -16.1120 38.6260
v 64.7312 -18.9010 37.5380
v 64.7312 -16.9450 37.5380
v 65.1972 -17.0070 36.8340
v 65.4002 -17.0340 36.5280
v 65.4002 -16.1840 36.5280
v 66.8392 -16.1870 36.8710
v 67.1232 -18.9260 38.1170
v 67.1232 -16.2520 38.1170
v 66.8642 -16.4230 36.9790
v 66.8392 -16.4400 36.8710
v 63.6212 -18.7760 41.3210
v 63.6212 -18.8630 41.3210
v 63.6772 -18.8640 41.2880
v 62.0272 -17.1510 41.7820
v 62.4482 -16.7150 41.6750
v 62.4482 -17.5530 41.6750
v 63.5142 -18.6050 41.3840
v 63.5892 -18.8680 40.4450
v 63.5892 -18.2230 40.4450
v 63.0642 -18.8650 40.0550
v 63.5142 -18.8640 41.0460
v 63.5142 -18.4160 41.0460
v 76.0742 -19.0130 41.4980
v 76.0742 -16.0970 41.4980
v 64.4082 -18.8940 38.0260
v 64.4082 -16.9010 38.0260
v 63.7692 -18.8800 38.9900
v 63.7692 -16.8140 38.9900
v 63.8162 -16.7850 38.6160
v 63.8162 -18.8830 38.6160
usemtl Ground
s off
f 2238 2237 2225 2226 2236 2239 2240 2241 2242 2227 2228 2229 2230 2231 2232 2233 2234 2235 2220 2221 2222 2223 2243 2224
usemtl Wall
s off
f 2244 2243 2223 2245
usemtl Wall
s off
f 2246 2247 2248 2249
usemtl Wall
s off
f 2250 2224 2243 2244
usemtl Wall
s off
f 2245 2223 2222 2251
usemtl Wall
s off
f 2252 2233 2232 2253
usemtl Wall
s off
f 2253 2232 2231 2254
usemtl Wall
s off
f 2255 2226 2225 2256
usemtl Wall
s off
f 2257 2236 2226 2255
usemtl Wall
s off
f 2258 2228 2227 2259
usemtl Wall
s off
f 2260 2229 2228 2258
usemtl Wall
s off
f 2261 2262 2253
usemtl Wall
s off
f 2256 2225 2237 2263
usemtl Wall
s off
f 2264 2257 2263 2265
usemtl Wall
s off
f 2266 2239 2236 2257 2264
usemtl Wall
s off
f 2267 2268 2240 2239 2266 2269
usemtl Wall
s off
f 2270 2235 2234 2271
usemtl Wall
s off
f 2271 2234 2233 2252
usemtl Wall
s off
f 2272 2273 2247 2246
usemtl Wall
s off
f 2269 2266 2273 2272
usemtl Wall
s off
f 2274 2230 2229 2260
usemtl Wall
s off
f 2275 2276 2277 2278
usemtl Wall
s off
f 2279 2280 2276 2275
usemtl Wall
s off
f 2278 2277 2268 2267
usemtl Wall
s off
f 2281 2282 2283
usemtl Wall
s off
f 2284 2285 2283
usemtl Wall
s off
f 2285 2242 2241 2286
usemtl Wall
s off
f 2287 2288 2280 2279
usemtl Wall
s off
f 2288 2287 2289
usemtl Wall
s off
f 2286 2290 2289
usemtl Wall
s off
f 2291 2292 2293
usemtl Wall
s off
f 2251 2222 2221 2294
usemtl Wall
s off
f 2294 2221 2220 2295 2296
usemtl Wall
s off
f 2295 2220 2235 2270
usemtl Wall
s off
f 2296 2295 2297
usemtl Wall
s off
f 2254 2231 2230 2274
usemtl Wall
s off
f 2298 2299 2262 2300
usemtl Wall
s off
f 2259 2227 2242 2285 2284
usemtl Wall
s off
f 2290 2286 2241 2240 2268
usemtl Wall
s off
f 2301 2302 2299 2298
usemtl Wall
s off
f 2292 2291 2302 2301
usemtl Wall
s off
f 2303 2304 2238 2224 2250
usemtl Wall
s off
f 2249 2248 2304 2303
usemtl Wall
s off
f 2265 2263 2237 2238 2304
usemtl Wall
s off
f 2305 2306 2282 2281
usemtl Wall
s off
f 2307 2308 2309 2310
usemtl Wall
s off
f 2310 2309 2306 2305
usemtl Wall
s off
f 2300 2262 2261 2308 2307
usemtl Roof
s off
f 2263 2257 2255 2256
usemtl Roof
s off
f 2290 2268 2277 2276 2280 2288 2289
usemtl Roof
s off
f 2287 2281 2283 2285 2286 2289
usemtl Roof
s off
f 2246 2278 2267 2269 2272
usemtl Roof
s off
f 2291 2297 2295 2270 2271 2252 2253 2262 2299 2302
usemtl Roof
s off
f 2297 2291 2293 2244 2245 2251 2294 2296
usemtl Roof
s off
f 2308 2261 2253 2254 2274 2260 2258 2259 2284 2283 2282 2306 2309
usemtl Roof
s off
f 2265 2304 2248 2247 2273 2266 2264
usemtl Roof
s off
f 2300 2307 2310 2305 2281 2287 2279 2275 2278 2246 2249 2303 2250 2244 2293 2292 2301 2298
o NL.IMBAG.Pand.0363100012168514_hip
v 88.9702 -0.8760 -80.1760
v 89.3692 -0.8760 -78.2660
v 89.4592 -0.8760 -78.2750
v 89.6122 -0.8760 -77.7650
v 105.5002 -0.8760 -72.9800
v 107.0852 -0.8760 -78.2450
v 99.8972 -0.8760 -80.4110
v 99.0002 -0.8760 -77.4330
v 98.4162 -0.8760 -77.6100
v 98.1692 -0.8760 -77.3810
v 97.4422 -0.8760 -77.6010
v 98.4212 -0.8760 -80.8560
v 88.1902 -0.8760 -83.9380
v 88.6002 -0.8760 -81.9550
v 88.9192 -0.8760 -80.1550
v 89.6722 -0.8760 -83.4920
v 88.5912 -0.8760 -81.7780
v 97.1682 -0.8760 -75.4890
v 102.0412 -0.8760 -79.7650
v 99.0932 -0.8760 -77.7400
v 98.2362 -0.8760 -77.5130
v 107.0852 -15.5170 -78.2450
v 105.5002 -15.5610 -72.9800
v 98.1692 -16.0500 -77.3810
v 98.2362 -15.2060 -77.5130
v 98.2362 -16.0440 -77.5130
v 98.7582 -15.2460 -76.4210
v 98.7582 -16.0300 -76.4210
v 99.0932 -12.2470 -77.7400
v 99.8972 -12.1990 -80.4110
v 102.0412 -15.3020 -79.7650
v 97.1682 -15.2060 -75.4890
v 89.4592 -16.5540 -78.2750
v 89.3692 -16.5600 -78.2660
v 89.6122 -16.5530 -77.7650
v 98.4212 -15.9820 -80.8560
v 97.4422 -16.0900 -77.6010
v 88.9702 -16.5540 -80.1760
v 88.9192 -16.5580 -80.1550
v 88.5912 -14.2710 -81.7780
v 88.5912 -16.5520 -81.7780
v 88.6002 -14.2700 -81.9550
v 88.1902 -14.2490 -83.9380
v 98.4162 -15.2100 -77.6100
v 99.0002 -15.2350 -77.4330
v 99.0932 -15.2330 -77.7400
v 97.1682 -16.1390 -75.4890
v 100.3472 -14.0770 -77.3250
v 100.3472 -15.2870 -77.3250
v 101.4882 -15.3160 -77.9740
v 89.6722 -14.2910 -83.4920
v 89.6722 -16.4620 -83.4920
usemtl Ground
s off
f 2326 2323 2324 2327 2325 2311 2312 2313 2314 2328 2315 2316 2329 2317 2330 2318 2319 2331 2320 2321 2322
usemtl Wall
s off
f 2332 2316 2315 2333
usemtl Wall
s off
f 2334 2320 2331 2335 2336
usemtl Wall
s off
f 2336 2335 2337 2338
usemtl Wall
s off
f 2339 2330 2317 2340
usemtl Wall
s off
f 2340 2317 2329 2341
usemtl Wall
s off
f 2333 2315 2328 2342
usemtl Wall
s off
f 2343 2313 2312 2344
usemtl Wall
s off
f 2345 2314 2313 2343
usemtl Wall
s off
f 2346 2322 2321 2347
usemtl Wall
s off
f 2348 2311 2325 2349
usemtl Wall
s off
f 2349 2325 2327 2350 2351
usemtl Wall
s off
f 2352 2324 2323 2353
usemtl Wall
s off
f 2347 2321 2320 2334
usemtl Wall
s off
f 2354 2319 2318 2355
usemtl Wall
s off
f 2355 2318 2330 2339 2356
usemtl Wall
s off
f 2338 2337 2342 2357
usemtl Wall
s off
f 2341 2329 2316 2332
usemtl Wall
s off
f 2356 2339 2358 2359
usemtl Wall
s off
f 2359 2358 2360
usemtl Wall
s off
f 2351 2350 2361 2362
usemtl Wall
s off
f 2350 2327 2324 2352
usemtl Wall
s off
f 2362 2361 2326 2322 2346
usemtl Wall
s off
f 2353 2323 2326 2361
usemtl Wall
s off
f 2335 2331 2319 2354
usemtl Wall
s off
f 2357 2342 2328 2314 2345
usemtl Wall
s off
f 2344 2312 2311 2348
usemtl Roof
s off
f 2360 2358 2339 2340 2341
usemtl Roof
s off
f 2353 2361 2350 2352
usemtl Roof
s off
f 2335 2354 2355 2356 2359 2360 2341 2332 2333 2342 2337
usemtl Roof
s off
f 2344 2348 2349 2351 2362 2346 2347 2334 2336 2338 2357 2345 2343
o NL.IMBAG.Pand.0363100012168515_hip
v 99.0692 -0.8470 -88.6920
v 98.8582 -0.8470 -88.5770
v 98.7312 -0.8470 -88.1560
v 97.6752 -0.8470 -88.4730
v 98.7442 -0.8470 -92.0180
v 87.6382 -0.8470 -95.3620
v 87.5892 -0.8470 -93.6140
v 87.5392 -0.8470 -93.6150
v 87.4792 -0.8470 -91.7650
v 87.5292 -0.8470 -91.7160
v 87.5002 -0.8470 -89.7260
v 106.4362 -0.8470 -84.0290
v 108.0022 -0.8470 -89.2300
v 100.6582 -0.8470 -91.4420
v 99.7682 -0.8470 -88.4810
v 97.9442 -0.8470 -89.3640
v 87.4902 -0.8470 -92.0870
v 88.4482 -0.8470 -89.4400
v 97.4792 -0.8470 -86.7240
v 101.7412 -0.8470 -91.1150
v 99.8182 -0.8470 -88.6500
v 108.0022 -15.5670 -89.2300
v 106.4362 -15.5940 -84.0290
v 99.8182 -15.2620 -88.6500
v 99.8182 -13.2910 -88.6500
v 100.4772 -14.5750 -88.3980
v 100.4772 -15.2920 -88.3980
v 99.7682 -15.2630 -88.4810
v 98.7442 -15.9630 -92.0180
v 97.9442 -15.1780 -89.3640
v 97.9442 -15.9700 -89.3640
v 88.4482 -16.4470 -89.4400
v 88.4482 -14.6770 -89.4400
v 87.4902 -14.0390 -92.0870
v 87.4902 -16.5280 -92.0870
v 87.5292 -14.0790 -91.7160
v 87.4792 -14.0500 -91.7650
v 87.5002 -14.1660 -89.7260
v 87.5392 -16.5440 -93.6150
v 87.5892 -16.5420 -93.6140
v 87.6382 -16.5610 -95.3620
v 98.8582 -15.2260 -88.5770
v 99.0692 -15.2320 -88.6920
v 98.7312 -15.2280 -88.1560
v 97.6752 -15.1820 -88.4730
v 100.6582 -13.2350 -91.4420
v 101.7412 -15.2950 -91.1150
v 101.2332 -15.3030 -89.4770
v 97.4792 -15.2040 -86.7240
v 97.7082 -15.1670 -89.4540
v 97.7082 -15.9830 -89.4540
v 97.4792 -15.9600 -86.7240
usemtl Ground
s off
f 2363 2364 2365 2366 2378 2367 2368 2369 2370 2379 2371 2372 2373 2380 2381 2374 2375 2382 2376 2383 2377
usemtl Wall
s off
f 2384 2375 2374 2385
usemtl Wall
s off
f 2386 2387 2388 2389
usemtl Wall
s off
f 2390 2377 2383 2387 2386
usemtl Wall
s off
f 2391 2367 2378 2392 2393
usemtl Wall
s off
f 2394 2395 2396 2397
usemtl Wall
s off
f 2398 2372 2371 2399
usemtl Wall
s off
f 2400 2373 2372 2398
usemtl Wall
s off
f 2399 2371 2379 2396
usemtl Wall
s off
f 2401 2370 2369 2402
usemtl Wall
s off
f 2397 2396 2379 2370 2401
usemtl Wall
s off
f 2402 2369 2368 2403
usemtl Wall
s off
f 2404 2364 2363 2405
usemtl Wall
s off
f 2406 2365 2364 2404
usemtl Wall
s off
f 2403 2368 2367 2391
usemtl Wall
s off
f 2407 2366 2365 2406
usemtl Wall
s off
f 2405 2363 2377 2390
usemtl Wall
s off
f 2387 2383 2376 2408
usemtl Wall
s off
f 2408 2376 2382 2409
usemtl Wall
s off
f 2409 2382 2375 2384
usemtl Wall
s off
f 2389 2388 2410
usemtl Wall
s off
f 2395 2380 2373 2400
usemtl Wall
s off
f 2385 2374 2381 2411
usemtl Wall
s off
f 2393 2392 2412 2413
usemtl Wall
s off
f 2392 2378 2366 2407
usemtl Wall
s off
f 2414 2411 2381 2380 2395 2394
usemtl Wall
s off
f 2413 2412 2411 2414
usemtl Roof
s off
f 2395 2400 2398 2399 2396
usemtl Roof
s off
f 2409 2410 2388 2387 2408
usemtl Roof
s off
f 2413 2414 2394 2397 2401 2402 2403 2391 2393
usemtl Roof
s off
f 2411 2412 2392 2407 2406 2404 2405 2390 2386 2389 2410 2409 2384 2385
o NL.IMBAG.Pand.0363100012168516_tri-slope
v 98.8652 -0.8610 -84.5870
v 99.9192 -0.8610 -84.2680
v 99.8042 -0.8610 -83.8860
v 99.9192 -0.8610 -83.6740
v 100.6362 -0.8610 -83.4590
v 99.7332 -0.8610 -80.4600
v 107.0852 -0.8610 -78.2450
v 108.6282 -0.8610 -83.3690
v 87.5502 -0.8610 -89.7190
v 87.7502 -0.8610 -87.7900
v 87.6992 -0.8610 -87.7850
v 87.9292 -0.8610 -85.9740
v 88.1402 -0.8610 -83.9350
v 88.1902 -0.8610 -83.9380
v 97.7982 -0.8610 -81.0450
v 100.8042 -0.8610 -85.7260
v 99.6842 -0.8610 -84.3390
v 101.7762 -0.8610 -79.8450
v 107.0852 -15.5310 -78.2450
v 101.7762 -15.3090 -79.8450
v 88.1902 -16.5320 -83.9380
v 88.1402 -16.5340 -83.9350
v 97.7982 -16.0510 -81.0450
v 87.9292 -16.5330 -85.9740
v 87.6992 -16.5340 -87.7850
v 87.7502 -16.5310 -87.7900
v 99.7332 -12.1340 -80.4600
v 100.6362 -12.0860 -83.4590
v 99.9192 -10.9700 -83.6740
v 87.5502 -16.5300 -89.7190
v 98.8652 -15.9740 -84.5870
v 100.8042 -15.2080 -85.7260
v 108.6282 -15.5360 -83.3690
v 99.8042 -10.7140 -83.8860
v 99.9192 -10.7080 -84.2680
v 100.8042 -15.8660 -85.7260
v 99.8842 -15.1850 -84.5870
v 99.8842 -15.9210 -84.5870
v 99.6842 -10.3420 -84.3390
v 99.6842 -15.9330 -84.3390
v 99.8842 -10.5160 -84.5870
v 102.4482 -15.3120 -81.9870
usemtl Ground
s off
f 2422 2430 2423 2424 2425 2426 2427 2428 2429 2415 2431 2416 2417 2418 2419 2420 2432 2421
usemtl Wall
s off
f 2433 2421 2432 2434
usemtl Wall
s off
f 2435 2428 2427 2436
usemtl Wall
s off
f 2437 2429 2428 2435
usemtl Wall
s off
f 2436 2427 2426 2438
usemtl Wall
s off
f 2438 2426 2425 2439
usemtl Wall
s off
f 2439 2425 2424 2440
usemtl Wall
s off
f 2441 2420 2419 2442
usemtl Wall
s off
f 2442 2419 2418 2443
usemtl Wall
s off
f 2440 2424 2423 2444
usemtl Wall
s off
f 2445 2415 2429 2437
usemtl Wall
s off
f 2446 2430 2422 2447
usemtl Wall
s off
f 2434 2432 2420 2441
usemtl Wall
s off
f 2447 2422 2421 2433
usemtl Wall
s off
f 2443 2418 2417 2448
usemtl Wall
s off
f 2448 2417 2416 2449
usemtl Wall
s off
f 2444 2423 2430 2446 2450
usemtl Wall
s off
f 2450 2446 2451 2452
usemtl Wall
s off
f 2449 2416 2431 2453
usemtl Wall
s off
f 2454 2453 2431 2415 2445
usemtl Wall
s off
f 2452 2451 2455 2453 2454
usemtl Wall
s off
f 2455 2451 2456
usemtl Roof
s off
f 2456 2451 2446 2447 2433 2434
usemtl Roof
s off
f 2452 2454 2445 2437 2435 2436 2438 2439 2440 2444 2450
usemtl Roof
s off
f 2455 2456 2434 2441 2442 2443 2448 2449 2453
o NL.IMBAG.Pand.0363100012168519_hip
v 99.8112 -0.8070 -95.5600
v 100.8652 -0.8070 -95.2410
v 100.7372 -0.8070 -94.8200
v 100.8522 -0.8070 -94.6080
v 101.5502 -0.8070 -94.3990
v 100.6582 -0.8070 -91.4420
v 108.0022 -0.8070 -89.2300
v 109.5672 -0.8070 -94.4300
v 88.2872 -0.8070 -100.8390
v 88.0392 -0.8070 -98.9600
v 87.9902 -0.8070 -98.9650
v 87.7592 -0.8070 -97.1560
v 87.8072 -0.8070 -97.1420
v 87.6402 -0.8070 -95.4450
v 87.5892 -0.8070 -95.4450
v 87.6382 -0.8070 -95.3620
v 98.7442 -0.8070 -92.0180
v 87.9172 -0.8070 -98.3980
v 100.6492 -0.8070 -95.3070
v 101.7572 -0.8070 -91.1100
v 101.3452 -0.8070 -96.9060
v 89.0252 -0.8070 -100.6170
v 87.6402 -16.5530 -95.4450
v 87.8072 -16.5460 -97.1420
v 98.7442 -15.9910 -92.0180
v 87.6382 -16.5530 -95.3620
v 87.5892 -16.5550 -95.4450
v 87.7592 -16.5480 -97.1560
v 87.9172 -14.2380 -98.3980
v 87.9172 -16.5420 -98.3980
v 87.9902 -14.2430 -98.9650
v 88.0392 -14.2480 -98.9600
v 89.0252 -14.3430 -100.6170
v 89.0252 -16.4880 -100.6170
v 100.8542 -15.8890 -95.7790
v 100.8542 -15.2220 -95.7790
v 100.8542 -11.2090 -95.7790
v 100.6492 -11.1370 -95.3070
v 100.6492 -15.8990 -95.3070
v 100.8652 -11.5280 -95.2410
v 88.2872 -14.2660 -100.8390
v 108.0022 -15.5630 -89.2300
v 101.7572 -15.2940 -91.1100
v 109.5672 -15.5870 -94.4300
v 100.6582 -13.3150 -91.4420
v 101.5502 -13.1160 -94.3990
v 100.8522 -11.8590 -94.6080
v 100.7372 -11.5550 -94.8200
v 99.8112 -15.9410 -95.5600
v 101.3452 -15.2340 -96.9060
v 101.3452 -15.8660 -96.9060
v 102.4092 -15.3070 -92.9900
usemtl Ground
s off
f 2466 2467 2474 2468 2469 2470 2471 2472 2473 2457 2475 2458 2459 2460 2461 2462 2476 2463 2464 2477 2478 2465
usemtl Wall
s off
f 2479 2470 2469 2480
usemtl Wall
s off
f 2481 2473 2472 2482
usemtl Wall
s off
f 2482 2472 2471 2483
usemtl Wall
s off
f 2484 2468 2474 2485 2486
usemtl Wall
s off
f 2480 2469 2468 2484
usemtl Wall
s off
f 2483 2471 2470 2479
usemtl Wall
s off
f 2487 2467 2466 2488
usemtl Wall
s off
f 2485 2474 2467 2487
usemtl Wall
s off
f 2486 2485 2489 2490
usemtl Wall
s off
f 2491 2492 2493 2494 2495
usemtl Wall
s off
f 2496 2458 2475 2494
usemtl Wall
s off
f 2488 2466 2465 2497
usemtl Wall
s off
f 2498 2463 2476 2499
usemtl Wall
s off
f 2500 2464 2463 2498
usemtl Wall
s off
f 2501 2462 2461 2502
usemtl Wall
s off
f 2502 2461 2460 2503
usemtl Wall
s off
f 2504 2459 2458 2496
usemtl Wall
s off
f 2503 2460 2459 2504
usemtl Wall
s off
f 2505 2457 2473 2481
usemtl Wall
s off
f 2495 2494 2475 2457 2505
usemtl Wall
s off
f 2497 2465 2478 2489
usemtl Wall
s off
f 2490 2489 2478 2477 2506 2507
usemtl Wall
s off
f 2499 2476 2462 2501
usemtl Wall
s off
f 2493 2492 2508
usemtl Wall
s off
f 2506 2477 2464 2500
usemtl Wall
s off
f 2507 2506 2492 2491
usemtl Roof
s off
f 2497 2489 2485 2487 2488
usemtl Roof
s off
f 2493 2508 2499 2501 2502 2503 2504 2496 2494
usemtl Roof
s off
f 2492 2506 2500 2498 2499 2508
usemtl Roof
s off
f 2507 2491 2495 2505 2481 2482 2483 2479 2480 2484 2486 2490
o NL.IMBAG.Pand.0363100012174361_gable
v 101.5332 -1.0510 -71.9210
v 100.3822 -1.0510 -74.5200
v 89.6122 -1.0510 -77.7650
v 90.2202 -1.0510 -75.7350
v 90.5182 -1.0510 -74.8760
v 90.6132 -1.0510 -74.9070
v 92.0202 -1.0510 -70.8650
v 92.7092 -1.0510 -69.2650
v 94.7942 -1.0510 -65.5210
v 94.6992 -1.0510 -65.4670
v 96.4682 -1.0510 -62.3930
v 99.2262 -1.0510 -67.5810
v 95.3742 -1.0510 -76.0290
v 92.0202 -16.0920 -70.8650
v 90.6132 -16.1300 -74.9070
v 94.6992 -16.1590 -65.4670
v 94.7942 -16.1770 -65.5210
v 96.4682 -16.2330 -62.3930
v 92.7092 -16.0970 -69.2650
v 90.5182 -16.1140 -74.8760
v 90.2202 -16.1220 -75.7350
v 95.3742 -16.8950 -76.0290
v 100.3822 -16.1700 -74.5200
v 89.6122 -16.1560 -77.7650
v 99.2262 -16.9500 -67.5810
v 101.5332 -16.1930 -71.9210
usemtl Ground
s off
f 2514 2515 2516 2517 2518 2519 2520 2509 2510 2521 2511 2512 2513
usemtl Wall
s off
f 2522 2515 2514 2523
usemtl Wall
s off
f 2524 2518 2517 2525
usemtl Wall
s off
f 2526 2519 2518 2524
usemtl Wall
s off
f 2527 2516 2515 2522
usemtl Wall
s off
f 2523 2514 2513 2528
usemtl Wall
s off
f 2528 2513 2512 2529
usemtl Wall
s off
f 2530 2521 2510 2531
usemtl Wall
s off
f 2532 2511 2521 2530
usemtl Wall
s off
f 2529 2512 2511 2532
usemtl Wall
s off
f 2533 2520 2519 2526
usemtl Wall
s off
f 2534 2509 2520 2533
usemtl Wall
s off
f 2531 2510 2509 2534
usemtl Wall
s off
f 2525 2517 2516 2527
usemtl Roof
s off
f 2530 2533 2526 2524 2525 2527 2522 2523 2528 2529 2532
usemtl Roof
s off
f 2533 2530 2531 2534
o NL.IMBAG.Pand.0363100012174362_hip
v 76.6972 -0.7640 -4.2120
v 76.2072 -0.7640 -3.0120
v 75.8192 -0.7640 -1.7750
v 83.0162 -0.7640 0.0740
v 84.0002 -0.7640 -3.7610
v 87.9902 -0.7640 -2.7360
v 91.1002 -0.7640 -13.2960
v 89.8212 -0.7640 -13.2640
v 88.5482 -0.7640 -13.1280
v 87.2912 -0.7640 -12.8870
v 86.0572 -0.7640 -12.5440
v 84.8562 -0.7640 -12.1010
v 83.6972 -0.7640 -11.5600
v 82.5852 -0.7640 -10.9260
v 81.5292 -0.7640 -10.2030
v 80.5242 -0.7640 -9.3850
v 79.5912 -0.7640 -8.4840
v 78.7372 -0.7640 -7.5110
v 77.9662 -0.7640 -6.4690
v 77.2832 -0.7640 -5.3670
v 83.2952 -0.7640 -1.0110
v 87.0102 -0.7640 -2.9880
v 89.9622 -0.7640 -13.2680
v 81.4442 -0.7640 -10.1330
v 83.2952 -17.1490 -1.0110
v 83.0162 -17.1580 0.0740
v 76.6972 -16.9530 -4.2120
v 77.2832 -16.9510 -5.3670
v 75.8192 -16.9660 -1.7750
v 76.2072 -16.9580 -3.0120
v 87.0102 -20.5080 -2.9880
v 87.0102 -19.1650 -2.9880
v 84.0002 -20.3650 -3.7610
v 83.2952 -20.4760 -1.0110
v 77.9662 -16.9520 -6.4690
v 81.4442 -16.9810 -10.1330
v 81.5292 -16.9820 -10.2030
v 79.5912 -16.9610 -8.4840
v 80.5242 -16.9700 -9.3850
v 82.5852 -17.6980 -10.9260
v 83.6972 -16.8920 -11.5600
v 87.9902 -16.1970 -2.7360
v 84.8562 -16.3480 -12.1010
v 88.5482 -16.2990 -13.1280
v 89.8212 -16.8110 -13.2640
v 89.9622 -16.8970 -13.2680
v 89.9622 -19.1960 -13.2680
v 89.6682 -19.1930 -12.2440
v 82.0802 -18.8740 -10.3050
v 82.0802 -16.9940 -10.3050
v 81.5292 -18.7570 -10.2030
v 89.5112 -18.0690 -10.3180
v 89.5112 -20.2340 -10.3180
v 88.9242 -20.1860 -10.8860
v 81.7242 -19.9910 -9.7480
v 81.7242 -16.9930 -9.7480
v 91.1002 -16.0120 -13.2960
v 77.1912 -16.9850 -2.6700
v 77.1912 -20.1820 -2.6700
v 88.8412 -20.2580 -9.3640
v 88.8412 -19.1840 -9.3640
v 89.1422 -20.2640 -9.4450
v 89.1422 -18.4010 -9.4450
v 86.0572 -16.0670 -12.5440
v 87.2912 -16.0490 -12.8870
v 78.7372 -16.9550 -7.5110
v 89.1742 -20.1540 -11.7140
usemtl Ground
s off
f 2552 2553 2554 2535 2536 2537 2538 2555 2539 2556 2540 2541 2557 2542 2543 2544 2545 2546 2547 2548 2549 2558 2550 2551
usemtl Wall
s off
f 2559 2555 2538 2560
usemtl Wall
s off
f 2561 2535 2554 2562
usemtl Wall
s off
f 2563 2537 2536 2564
usemtl Wall
s off
f 2560 2538 2537 2563
usemtl Wall
s off
f 2565 2566 2556 2539 2567
usemtl Wall
s off
f 2567 2539 2555 2559 2568
usemtl Wall
s off
f 2564 2536 2535 2561
usemtl Wall
s off
f 2562 2554 2553 2569
usemtl Wall
s off
f 2570 2558 2549 2571
usemtl Wall
s off
f 2572 2551 2550 2573
usemtl Wall
s off
f 2574 2548 2547 2575
usemtl Wall
s off
f 2576 2540 2556 2566
usemtl Wall
s off
f 2575 2547 2546 2577
usemtl Wall
s off
f 2578 2543 2542 2579
usemtl Wall
s off
f 2580 2581 2582
usemtl Wall
s off
f 2579 2542 2557 2580
usemtl Wall
s off
f 2573 2550 2558 2570
usemtl Wall
s off
f 2583 2584 2571 2585
usemtl Wall
s off
f 2585 2571 2549 2548 2574
usemtl Wall
s off
f 2586 2587 2588
usemtl Wall
s off
f 2589 2590 2584 2583
usemtl Wall
s off
f 2591 2541 2540 2576
usemtl Wall
s off
f 2568 2559 2592 2593
usemtl Wall
s off
f 2594 2595 2566 2565
usemtl Wall
s off
f 2596 2597 2595 2594
usemtl Wall
s off
f 2587 2586 2597 2596
usemtl Wall
s off
f 2598 2545 2544 2599
usemtl Wall
s off
f 2599 2544 2543 2578
usemtl Wall
s off
f 2577 2546 2545 2598
usemtl Wall
s off
f 2581 2580 2557 2541 2591
usemtl Wall
s off
f 2600 2552 2551 2572
usemtl Wall
s off
f 2593 2592 2590 2589
usemtl Wall
s off
f 2569 2553 2552 2600
usemtl Roof
s off
f 2577 2598 2599 2578 2579 2580 2582 2601 2589 2583 2585 2574 2575
usemtl Roof
s off
f 2581 2591 2576 2566 2595 2597 2586 2588 2601 2582
usemtl Roof
s off
f 2593 2589 2601 2588 2587 2596 2594 2565 2567 2568
usemtl Roof
s off
f 2569 2600 2572 2573 2570 2571 2584 2590 2592 2559 2560 2563 2564 2561 2562
o NL.IMBAG.Pand.0363100012174363_hip
v 100.2982 -0.8160 24.9770
v 87.4812 -0.8160 21.8980
v 86.8062 -0.8160 24.3280
v 88.7502 -0.8160 24.7980
v 87.6712 -0.8160 28.6890
v 98.8902 -0.8160 31.3640
v 89.8952 -0.8160 22.4780
v 88.5342 -0.8160 25.5770
v 89.2512 -0.8160 29.0660
v 97.9072 -0.8160 31.1290
v 99.5202 -0.8160 28.5040
v 91.1912 -0.8160 22.7900
v 87.4812 -16.5530 21.8980
v 89.8952 -16.5870 22.4780
v 98.8902 -16.9530 31.3640
v 97.9072 -19.6770 31.1290
v 88.7502 -16.5130 24.7980
v 86.8062 -16.4850 24.3280
v 88.5342 -16.4910 25.5770
v 88.5342 -15.6760 25.5770
v 89.2512 -19.7350 29.0660
v 87.6712 -15.8980 28.6890
v 91.1912 -19.7360 22.7900
v 100.2982 -19.6750 24.9770
v 99.5202 -16.8550 28.5040
v 99.5202 -19.6720 28.5040
v 98.3162 -19.6780 29.1590
v 88.9562 -16.5030 25.3980
usemtl Ground
s off
f 2608 2603 2604 2605 2609 2606 2610 2611 2607 2612 2602 2613
usemtl Wall
s off
f 2614 2603 2608 2615
usemtl Wall
s off
f 2616 2607 2611 2617
usemtl Wall
s off
f 2618 2605 2604 2619
usemtl Wall
s off
f 2620 2621 2609 2605 2618
usemtl Wall
s off
f 2619 2604 2603 2614
usemtl Wall
s off
f 2617 2611 2610 2622
usemtl Wall
s off
f 2622 2610 2606 2623
usemtl Wall
s off
f 2624 2613 2602 2625
usemtl Wall
s off
f 2625 2602 2612 2626 2627
usemtl Wall
s off
f 2627 2626 2628
usemtl Wall
s off
f 2626 2612 2607 2616
usemtl Wall
s off
f 2623 2606 2609 2621
usemtl Wall
s off
f 2621 2620 2629
usemtl Wall
s off
f 2615 2608 2613 2624
usemtl Roof
s off
f 2626 2616 2617 2628
usemtl Roof
s off
f 2622 2624 2625 2627 2628 2617
usemtl Roof
s off
f 2615 2629 2620 2618 2619 2614
usemtl Roof
s off
f 2615 2624 2622 2623 2621 2629
o NL.IMBAG.Pand.0363100012174364_hip
v 101.6472 -0.8330 19.0090
v 89.1512 -0.8330 15.8810
v 88.4942 -0.8330 18.2440
v 90.4342 -0.8330 18.7300
v 89.4252 -0.8330 22.3650
v 100.2982 -0.8330 24.9770
v 89.7302 -0.8330 21.2640
v 91.2172 -0.8330 22.7960
v 99.2542 -0.8330 24.7270
v 100.6352 -0.8330 18.7560
v 93.0502 -0.8330 16.8580
v 92.2152 -0.8330 16.6490
v 91.0252 -16.4840 18.1480
v 91.0252 -16.3520 18.1480
v 90.3912 -16.4160 20.2830
v 90.1172 -16.4430 21.2040
v 90.1172 -16.3860 21.2040
v 101.6472 -17.1050 19.0090
v 100.2982 -17.0620 24.9770
v 99.2542 -19.6550 24.7270
v 90.4342 -16.4620 18.7300
v 88.4942 -16.4610 18.2440
v 89.7302 -16.3820 21.2640
v 89.7302 -15.6810 21.2640
v 89.1512 -16.5360 15.8810
v 100.6352 -19.6230 18.7560
v 93.0502 -19.7160 16.8580
v 91.2172 -19.7540 22.7960
v 89.4252 -15.7590 22.3650
v 92.2152 -16.5370 16.6490
v 92.2152 -17.8490 16.6490
v 91.6772 -16.4880 18.1850
v 91.6772 -17.7260 18.1850
v 91.0882 -16.4840 18.1520
v 100.7712 -17.2740 22.5230
v 100.7712 -19.6300 22.5230
v 100.3902 -19.6280 19.8170
v 100.5642 -19.6340 22.8250
v 100.5642 -17.5970 22.8250
v 99.6502 -19.6460 23.0180
v 90.0882 -16.3860 21.2080
usemtl Ground
s off
f 2636 2634 2637 2638 2635 2630 2639 2640 2641 2631 2632 2633
usemtl Wall
s off
f 2642 2643 2644
usemtl Wall
s off
f 2645 2646 2644
usemtl Wall
s off
f 2647 2630 2635 2648
usemtl Wall
s off
f 2648 2635 2638 2649
usemtl Wall
s off
f 2650 2633 2632 2651
usemtl Wall
s off
f 2652 2653 2636 2633 2650
usemtl Wall
s off
f 2651 2632 2631 2654
usemtl Wall
s off
f 2655 2639 2630 2647
usemtl Wall
s off
f 2656 2640 2639 2655
usemtl Wall
s off
f 2649 2638 2637 2657
usemtl Wall
s off
f 2657 2637 2634 2658
usemtl Wall
s off
f 2654 2631 2641 2659
usemtl Wall
s off
f 2660 2659 2641 2640 2656
usemtl Wall
s off
f 2661 2662 2663
usemtl Wall
s off
f 2643 2642 2663
usemtl Wall
s off
f 2662 2661 2659 2660
usemtl Wall
s off
f 2664 2665 2666
usemtl Wall
s off
f 2667 2668 2669
usemtl Wall
s off
f 2665 2664 2668 2667
usemtl Wall
s off
f 2653 2652 2670
usemtl Wall
s off
f 2646 2645 2670
usemtl Wall
s off
f 2658 2634 2636 2653
usemtl Roof
s off
f 2668 2664 2666 2655 2647 2648 2649 2669
usemtl Roof
s off
f 2646 2670 2652 2650 2651 2654 2659 2661 2663 2642 2644
usemtl Roof
s off
f 2656 2657 2658 2653 2670 2645 2644 2643 2663 2662 2660
usemtl Roof
s off
f 2657 2656 2655 2666 2665 2667 2669 2649
o NL.IMBAG.Pand.0363100012174365_hip
v 86.7742 -1.4150 1.4010
v 92.8692 -1.4150 2.9630
v 96.9592 -1.4150 -11.3160
v 91.1002 -1.4150 -13.2960
v 90.5562 -1.4150 -11.4480
v 91.4302 -1.4150 2.5950
v 96.7122 -1.4150 -10.4540
v 91.0152 -1.4150 -13.0080
v 91.4302 -21.5880 2.5950
v 86.7742 -21.5470 1.4010
v 92.8692 -17.6780 2.9630
v 95.3822 -21.4560 -10.6430
v 95.3822 -20.4060 -10.6430
v 95.8252 -20.2880 -10.5800
v 96.7122 -20.0520 -10.4540
v 96.7122 -17.9550 -10.4540
v 91.0152 -18.7790 -13.0080
v 91.1002 -18.2780 -13.2960
v 96.9592 -18.5560 -11.3160
v 91.6632 -21.4220 -11.6310
v 91.6632 -20.6570 -11.6310
v 94.2842 -18.8680 -11.9440
v 94.2842 -21.4340 -11.9440
v 90.5562 -18.7290 -11.4480
v 91.6632 -20.3140 -11.6310
v 91.7242 -20.3280 -11.8190
v 94.6112 -21.4500 -10.7520
v 94.6112 -20.6110 -10.7520
v 94.5692 -21.4370 -11.8110
v 94.5692 -18.9400 -11.8110
v 90.5562 -21.4180 -11.4480
v 90.6362 -21.4180 -11.4710
v 90.6362 -18.8410 -11.4710
v 91.5212 -20.2800 -11.1930
v 91.5212 -21.4270 -11.1930
usemtl Ground
s off
f 2675 2671 2676 2672 2677 2673 2674 2678
usemtl Wall
s off
f 2679 2676 2671 2680
usemtl Wall
s off
f 2681 2672 2676 2679
usemtl Wall
s off
f 2682 2683 2684
usemtl Wall
s off
f 2685 2686 2684
usemtl Wall
s off
f 2686 2677 2672 2681
usemtl Wall
s off
f 2687 2678 2674 2688
usemtl Wall
s off
f 2688 2674 2673 2689
usemtl Wall
s off
f 2690 2691 2692 2693
usemtl Wall
s off
f 2694 2675 2678 2687
usemtl Wall
s off
f 2691 2695 2696
usemtl Wall
s off
f 2689 2673 2677 2686 2685
usemtl Wall
s off
f 2697 2698 2683 2682
usemtl Wall
s off
f 2699 2700 2698 2697
usemtl Wall
s off
f 2680 2671 2675 2694 2701
usemtl Wall
s off
f 2702 2703 2704 2705
usemtl Wall
s off
f 2701 2694 2703 2702
usemtl Wall
s off
f 2693 2692 2700 2699
usemtl Wall
s off
f 2705 2704 2695 2691 2690
usemtl Roof
s off
f 2682 2679 2680 2701 2702 2705 2690 2693 2699 2697
usemtl Roof
s off
f 2700 2692 2691 2696 2687 2688 2689 2685 2684 2683 2698
usemtl Roof
s off
f 2695 2704 2703 2694 2687 2696
usemtl Roof
s off
f 2679 2682 2684 2686 2681
o NL.IMBAG.Pand.0363100012174366_gable
v 102.3802 -1.6350 -8.5190
v 96.9592 -1.6350 -11.3160
v 93.8472 -1.6350 -0.4500
v 96.5912 -1.6350 0.2530
v 95.7092 -1.6350 3.3310
v 98.7612 -1.6350 4.1140
v 102.2182 -1.6350 -7.9550
v 96.7472 -1.6350 -10.5760
v 102.3802 -7.2050 -8.5190
v 102.2182 -7.6780 -7.9550
v 96.7472 -16.1640 -10.5760
v 96.7472 -7.8530 -10.5760
v 102.2182 -16.1860 -7.9550
v 95.7092 -16.2320 3.3310
v 96.5912 -16.2180 0.2530
v 98.7612 -16.2410 4.1140
v 93.8472 -16.2100 -0.4500
v 96.9592 -7.2340 -11.3160
usemtl Ground
s off
f 2712 2706 2707 2713 2708 2709 2710 2711
usemtl Wall
s off
f 2714 2706 2712 2715
usemtl Wall
s off
f 2716 2717 2715 2718
usemtl Wall
s off
f 2719 2710 2709 2720
usemtl Wall
s off
f 2721 2711 2710 2719
usemtl Wall
s off
f 2720 2709 2708 2722
usemtl Wall
s off
f 2723 2707 2706 2714
usemtl Wall
s off
f 2717 2713 2707 2723
usemtl Wall
s off
f 2718 2715 2712 2711 2721
usemtl Wall
s off
f 2722 2708 2713 2717 2716
usemtl Roof
s off
f 2717 2723 2714 2715
usemtl Roof
s off
f 2722 2716 2718 2721 2719 2720
o NL.IMBAG.Pand.0363100012174367_gable
v 87.5072 -0.9630 8.7840
v 103.0692 -0.9630 12.7140
v 105.0852 -0.9630 5.7360
v 92.9662 -0.9630 2.6270
v 92.8692 -0.9630 2.9630
v 89.1992 -0.9630 2.0210
v 91.9732 -0.9630 2.7340
v 89.2462 -0.9630 9.2240
v 89.2462 -5.0190 9.2240
v 87.5072 -5.0140 8.7840
v 103.0692 -20.3980 12.7140
v 89.2462 -19.7600 9.2240
v 89.1992 -4.9430 2.0210
v 91.9732 -4.9520 2.7340
v 91.9732 -19.8750 2.7340
v 92.8692 -19.9170 2.9630
v 92.9662 -19.9210 2.6270
v 105.0852 -20.4800 5.7360
usemtl Ground
s off
f 2727 2728 2730 2729 2724 2731 2725 2726
usemtl Wall
s off
f 2732 2731 2724 2733
usemtl Wall
s off
f 2734 2725 2731 2732 2735
usemtl Wall
s off
f 2736 2729 2730 2737
usemtl Wall
s off
f 2735 2732 2737 2738
usemtl Wall
s off
f 2739 2728 2727 2740
usemtl Wall
s off
f 2740 2727 2726 2741
usemtl Wall
s off
f 2733 2724 2729 2736
usemtl Wall
s off
f 2738 2737 2730 2728 2739
usemtl Wall
s off
f 2741 2726 2725 2734
usemtl Roof
s off
f 2733 2736 2737 2732
usemtl Roof
s off
f 2741 2734 2735 2738 2739 2740
o NL.IMBAG.Pand.0363100012174368_complex
v 103.0692 -0.9480 12.7140
v 90.8842 -0.9480 9.6290
v 90.2202 -0.9480 12.0250
v 92.1602 -0.9480 12.5110
v 91.0912 -0.9480 16.3640
v 101.6472 -0.9480 19.0090
v 102.0792 -0.9480 12.4640
v 94.4102 -0.9480 10.5220
v 93.0172 -0.9480 10.1690
v 91.6662 -0.9480 14.2900
v 92.4962 -0.9480 16.7160
v 100.7302 -0.9480 18.7800
v 101.6472 -16.9030 19.0090
v 100.7302 -19.6700 18.7800
v 92.4962 -18.5880 16.7160
v 91.0912 -16.1530 16.3640
v 90.2202 -16.7990 12.0250
v 90.8842 -16.8030 9.6290
v 93.0172 -15.4450 10.1690
v 93.0172 -16.3700 10.1690
v 94.4102 -18.9250 10.5220
v 92.4962 -19.7540 16.7160
v 92.9852 -18.4490 15.1340
v 92.9852 -19.7540 15.1340
v 101.8662 -19.6660 16.1970
v 101.8662 -17.9960 16.1970
v 100.9382 -19.6710 17.8040
v 102.0962 -19.0060 13.4740
v 102.0962 -19.6710 13.4740
v 101.9952 -19.6740 12.8590
v 103.0692 -16.6830 12.7140
v 92.9852 -20.1220 15.1340
v 91.6662 -15.8670 14.2900
v 91.6662 -16.3400 14.2900
v 94.4102 -19.7520 10.5220
v 93.4242 -19.7530 13.7140
v 92.1602 -16.4060 12.5110
v 91.6662 -16.4030 14.2900
v 92.0562 -16.3770 13.4080
v 102.0792 -19.6740 12.4640
usemtl Ground
s off
f 2742 2748 2749 2750 2743 2744 2745 2751 2746 2752 2753 2747
usemtl Wall
s off
f 2754 2747 2753 2755
usemtl Wall
s off
f 2756 2752 2746 2757
usemtl Wall
s off
f 2758 2744 2743 2759
usemtl Wall
s off
f 2759 2743 2750 2760 2761
usemtl Wall
s off
f 2760 2750 2749 2762
usemtl Wall
s off
f 2755 2753 2752 2756 2763
usemtl Wall
s off
f 2763 2756 2764 2765
usemtl Wall
s off
f 2766 2767 2768
usemtl Wall
s off
f 2769 2770 2771
usemtl Wall
s off
f 2772 2742 2747 2754
usemtl Wall
s off
f 2773 2765 2764 2774 2775
usemtl Wall
s off
f 2757 2746 2751 2774
usemtl Wall
s off
f 2762 2776 2777
usemtl Wall
s off
f 2765 2773 2777
usemtl Wall
s off
f 2778 2745 2744 2758
usemtl Wall
s off
f 2779 2775 2774 2751 2745 2778
usemtl Wall
s off
f 2775 2779 2780
usemtl Wall
s off
f 2776 2762 2749 2748 2781
usemtl Wall
s off
f 2781 2748 2742 2772
usemtl Wall
s off
f 2770 2769 2767 2766
usemtl Wall
s off
f 2761 2760 2780
usemtl Roof
s off
f 2757 2774 2764 2756
usemtl Roof
s off
f 2780 2760 2762 2777 2773 2775
usemtl Roof
s off
f 2767 2769 2771 2781 2772 2754 2755 2768
usemtl Roof
s off
f 2770 2766 2768 2755 2763 2765 2777 2776 2781 2771
usemtl Roof
s off
f 2761 2780 2779 2778 2758 2759
o NL.IMBAG.Pand.0363100012174369_complex
v 86.4382 -0.6200 8.5170
v 74.2402 -0.6200 5.4060
v 72.4492 -0.6200 11.6910
v 84.5652 -0.6200 14.7270
v 74.8712 -0.6200 5.5660
v 73.5872 -0.6200 7.6960
v 76.9882 -0.6200 6.1060
v 73.0782 -0.6200 9.4810
v 73.5462 -0.6200 11.9660
v 74.9242 -0.6200 12.3110
v 78.0252 -0.6200 13.0880
v 81.8132 -0.6200 14.0380
v 78.0252 -18.2690 13.0880
v 78.0252 -17.3290 13.0880
v 79.6262 -17.1730 12.0260
v 79.6262 -18.1110 12.0260
v 73.9582 -16.5710 7.7280
v 73.9582 -15.1940 7.7280
v 74.8712 -14.4570 5.5660
v 74.8712 -16.5660 5.5660
v 76.9882 -16.7710 6.1060
v 80.3012 -17.0890 12.2420
v 80.3012 -18.0850 12.2420
v 80.3012 -19.7080 12.2420
v 80.8462 -17.0730 10.5530
v 80.8462 -19.6920 10.5530
v 80.3792 -17.1440 9.9740
v 80.3792 -19.6960 9.9740
v 84.5652 -16.5240 14.7270
v 81.8132 -16.8630 14.0380
v 82.1562 -18.0130 12.8380
v 82.1562 -16.8570 12.8380
v 81.8132 -18.1060 14.0380
v 73.5872 -16.5370 7.6960
v 73.5872 -14.4720 7.6960
v 74.2402 -13.1100 5.4060
v 74.9242 -16.8330 12.3110
v 74.9242 -17.7100 12.3110
v 72.4492 -13.9010 11.6910
v 73.0782 -13.2290 9.4810
v 73.0782 -16.5620 9.4810
v 74.2822 -16.6950 10.1950
v 73.5462 -16.7000 11.9660
v 83.3992 -19.6510 9.5230
v 83.3992 -16.8080 9.5230
v 83.0322 -16.8430 9.7660
v 83.0322 -19.6570 9.7660
v 83.4562 -19.6450 8.4100
v 83.4562 -16.8330 8.4100
v 86.4382 -16.4840 8.5170
v 75.3052 -17.6850 11.6320
v 75.3052 -16.8390 11.6320
v 76.9882 -17.6480 6.1060
v 80.6772 -19.6820 7.7350
v 80.6772 -17.1730 7.7350
v 82.1562 -19.6840 12.8380
v 75.0342 -17.7170 11.6150
v 75.0342 -16.8150 11.6150
usemtl Ground
s off
f 2782 2788 2786 2783 2787 2789 2784 2790 2791 2792 2793 2785
usemtl Wall
s off
f 2794 2795 2796 2797
usemtl Wall
s off
f 2798 2799 2800 2801
usemtl Wall
s off
f 2801 2800 2786 2788 2802
usemtl Wall
s off
f 2797 2796 2803 2804
usemtl Wall
s off
f 2805 2804 2803 2806 2807
usemtl Wall
s off
f 2807 2806 2808 2809
usemtl Wall
s off
f 2810 2785 2793 2811
usemtl Wall
s off
f 2812 2813 2811 2814
usemtl Wall
s off
f 2815 2816 2799 2798
usemtl Wall
s off
f 2816 2787 2783 2817
usemtl Wall
s off
f 2795 2792 2791 2818 2819
usemtl Wall
s off
f 2817 2783 2786 2800
usemtl Wall
s off
f 2820 2784 2789 2821
usemtl Wall
s off
f 2821 2822 2823
usemtl Wall
s off
f 2818 2791 2790 2824
usemtl Wall
s off
f 2825 2826 2827 2828
usemtl Wall
s off
f 2829 2830 2826 2825
usemtl Wall
s off
f 2831 2782 2785 2810
usemtl Wall
s off
f 2824 2790 2784 2820
usemtl Wall
s off
f 2832 2833 2802 2834
usemtl Wall
s off
f 2822 2821 2789 2787 2816 2815
usemtl Wall
s off
f 2835 2836 2830 2829
usemtl Wall
s off
f 2814 2811 2793 2792 2795 2794
usemtl Wall
s off
f 2837 2812 2804 2805
usemtl Wall
s off
f 2828 2827 2813 2812 2837
usemtl Wall
s off
f 2809 2808 2836 2835
usemtl Wall
s off
f 2834 2802 2788 2782 2831
usemtl Wall
s off
f 2838 2839 2833 2832
usemtl Wall
s off
f 2819 2818 2839 2838
usemtl Roof
s off
f 2817 2800 2799 2816
usemtl Roof
s off
f 2824 2820 2821 2823
usemtl Roof
s off
f 2804 2812 2814 2794 2797
usemtl Roof
s off
f 2809 2835 2829 2825 2828 2837 2805 2807
usemtl Roof
s off
f 2819 2838 2832 2834 2831 2810 2811 2813 2827 2826 2830 2836 2808 2806 2803 2796 2795
usemtl Roof
s off
f 2839 2818 2824 2823 2822 2815 2798 2801 2802 2833
o NL.IMBAG.Pand.0363100012174370_complex
v 74.2402 -0.6370 5.4060
v 87.5072 -0.6370 8.7840
v 89.1992 -0.6370 2.0210
v 86.7742 -0.6370 1.4010
v 86.8732 -0.6370 1.0630
v 75.9342 -0.6370 -1.7410
v 88.9142 -0.6370 3.1580
v 75.5522 -0.6370 -0.1320
v 74.5442 -0.6370 4.1230
v 87.8542 -0.6370 7.3950
v 87.5072 -17.0690 8.7840
v 74.2402 -17.1370 5.4060
v 88.9142 -19.5410 3.1580
v 87.8542 -17.3050 7.3950
v 87.8542 -19.4890 7.3950
v 75.5522 -19.4060 -0.1320
v 75.9342 -15.9250 -1.7410
v 86.8732 -16.2650 1.0630
v 86.7742 -17.0020 1.4010
v 89.1992 -17.0760 2.0210
v 81.1482 -19.4490 2.7730
v 81.1482 -16.3880 2.7730
v 82.4282 -16.3720 3.1010
v 82.4282 -19.4610 3.1010
v 83.5922 -19.4870 1.8470
v 83.5922 -16.3190 1.8470
v 83.6022 -16.2930 0.7890
v 83.6022 -17.3160 0.7890
v 74.5442 -17.3540 4.1230
v 74.5442 -19.9420 4.1230
v 75.5522 -19.8830 -0.1320
v 77.2882 -19.8200 0.2950
v 77.2882 -19.4230 0.2950
v 77.2242 -19.3960 3.2470
v 77.2242 -19.8370 3.2470
v 81.4602 -19.4660 1.3220
v 81.4602 -16.3470 1.3220
v 76.4002 -19.8740 4.5790
v 76.4002 -19.3730 4.5790
v 76.4002 -17.3470 4.5790
v 82.7592 -16.3300 1.6420
v 82.7592 -19.4790 1.6420
v 81.6802 -16.3180 0.2970
v 81.6802 -17.2580 0.2970
usemtl Ground
s off
f 2846 2842 2843 2844 2845 2847 2848 2840 2841 2849
usemtl Wall
s off
f 2850 2841 2840 2851
usemtl Wall
s off
f 2852 2846 2849 2853 2854
usemtl Wall
s off
f 2855 2847 2845 2856
usemtl Wall
s off
f 2856 2845 2844 2857
usemtl Wall
s off
f 2858 2843 2842 2859
usemtl Wall
s off
f 2857 2844 2843 2858
usemtl Wall
s off
f 2860 2861 2862 2863
usemtl Wall
s off
f 2864 2865 2866 2867
usemtl Wall
s off
f 2851 2840 2848 2868
usemtl Wall
s off
f 2869 2868 2848 2847 2855 2870
usemtl Wall
s off
f 2871 2872 2873 2874
usemtl Wall
s off
f 2870 2855 2872 2871
usemtl Wall
s off
f 2853 2849 2841 2850
usemtl Wall
s off
f 2875 2876 2861 2860
usemtl Wall
s off
f 2859 2842 2846 2852
usemtl Wall
s off
f 2877 2878 2879 2868 2869
usemtl Wall
s off
f 2874 2873 2878 2877
usemtl Wall
s off
f 2863 2862 2880 2881
usemtl Wall
s off
f 2881 2880 2865 2864
usemtl Wall
s off
f 2867 2866 2882 2883
usemtl Wall
s off
f 2883 2882 2876 2875
usemtl Wall
s off
f 2854 2853 2879 2878
usemtl Roof
s off
f 2879 2853 2850 2851 2868
usemtl Roof
s off
f 2874 2877 2869 2870 2871
usemtl Roof
s off
f 2876 2882 2866 2865 2880 2862 2861
usemtl Roof
s off
f 2883 2875 2872 2855 2856 2857 2858 2859 2852 2864 2867
usemtl Roof
s off
f 2854 2878 2873 2872 2875 2860 2863 2881 2864 2852
o NL.IMBAG.Pand.0363100012174371_gable
v 70.8022 -0.6060 17.4620
v 71.0962 -0.6060 17.5410
v 70.9402 -0.6060 17.9250
v 82.7462 -0.6060 20.7610
v 84.5652 -0.6060 14.7270
v 72.4492 -0.6060 11.6910
v 82.0032 -0.6060 20.5820
v 83.6112 -0.6060 14.4880
v 82.7462 -14.7480 20.7610
v 82.0032 -16.7350 20.5820
v 70.9402 -16.7600 17.9250
v 84.5652 -14.2150 14.7270
v 71.0962 -16.7620 17.5410
v 83.6112 -16.7740 14.4880
v 72.4492 -16.8000 11.6910
v 70.8022 -16.7630 17.4620
usemtl Ground
s off
f 2884 2885 2886 2890 2887 2888 2891 2889
usemtl Wall
s off
f 2892 2887 2890 2893
usemtl Wall
s off
f 2893 2890 2886 2894
usemtl Wall
s off
f 2895 2888 2887 2892
usemtl Wall
s off
f 2894 2886 2885 2896
usemtl Wall
s off
f 2897 2891 2888 2895
usemtl Wall
s off
f 2898 2889 2891 2897
usemtl Wall
s off
f 2899 2884 2889 2898
usemtl Wall
s off
f 2896 2885 2884 2899
usemtl Roof
s off
f 2897 2895 2892 2893
usemtl Roof
s off
f 2896 2899 2898 2897 2893 2894
o NL.IMBAG.Pand.0363100012174372_complex
v 70.8082 -0.5990 17.8930
v 70.6472 -0.5990 18.5100
v 70.4822 -0.5990 18.5850
v 68.8782 -0.5990 24.2110
v 80.8452 -0.5990 27.0630
v 82.7462 -0.5990 20.7610
v 69.9372 -0.5990 20.4940
v 69.4532 -0.5990 22.1930
v 70.3312 -0.5990 24.5570
v 72.4102 -0.5990 25.0530
v 80.1432 -0.5990 26.8960
v 81.9662 -0.5990 20.5730
v 74.0772 -0.5990 18.6790
v 71.6002 -0.5990 18.0840
v 82.7462 -14.5890 20.7610
v 80.8452 -14.9670 27.0630
v 70.8082 -14.2020 17.8930
v 71.6002 -15.7260 18.0840
v 80.1432 -16.9160 26.8960
v 69.9372 -14.0460 20.4940
v 70.4822 -13.9910 18.5850
v 69.9372 -16.6050 20.4940
v 71.0702 -15.7100 19.8120
v 71.0702 -16.6480 19.8120
v 71.6002 -16.6510 18.0840
v 74.0772 -16.7710 18.6790
v 70.3312 -16.6720 24.5570
v 70.3312 -16.9480 24.5570
v 70.2442 -16.6650 24.3230
v 69.4532 -14.0940 22.1930
v 69.4532 -16.6030 22.1930
v 72.4102 -16.7730 25.0530
v 72.4102 -17.2550 25.0530
v 74.0772 -17.0990 18.6790
v 81.9662 -16.7530 20.5730
v 68.8782 -14.1520 24.2110
v 70.6472 -14.2470 18.5100
usemtl Ground
s off
f 2900 2901 2902 2906 2907 2903 2908 2909 2910 2904 2905 2911 2912 2913
usemtl Wall
s off
f 2914 2905 2904 2915
usemtl Wall
s off
f 2916 2900 2913 2917
usemtl Wall
s off
f 2915 2904 2910 2918
usemtl Wall
s off
f 2919 2906 2902 2920
usemtl Wall
s off
f 2921 2919 2922 2923
usemtl Wall
s off
f 2923 2922 2917 2924
usemtl Wall
s off
f 2924 2917 2913 2912 2925
usemtl Wall
s off
f 2926 2927 2928
usemtl Wall
s off
f 2929 2930 2928
usemtl Wall
s off
f 2931 2909 2908 2926
usemtl Wall
s off
f 2918 2910 2909 2931 2932
usemtl Wall
s off
f 2932 2931 2925 2933
usemtl Wall
s off
f 2933 2925 2912 2911 2934
usemtl Wall
s off
f 2934 2911 2905 2914
usemtl Wall
s off
f 2930 2929 2907 2906 2919 2921
usemtl Wall
s off
f 2935 2903 2907 2929
usemtl Wall
s off
f 2927 2926 2908 2903 2935
usemtl Wall
s off
f 2920 2902 2901 2936
usemtl Wall
s off
f 2936 2901 2900 2916
usemtl Roof
s off
f 2933 2934 2918 2932
usemtl Roof
s off
f 2934 2914 2915 2918
usemtl Roof
s off
f 2930 2921 2923 2924 2925 2931 2926 2928
usemtl Roof
s off
f 2927 2935 2929 2928
usemtl Roof
s off
f 2936 2916 2917 2922 2919 2920
o NL.IMBAG.Pand.0363100012174373_hip
v 79.2032 -0.5790 29.2720
v 80.1962 -0.5790 29.5130
v 80.8452 -0.5790 27.0630
v 68.8782 -0.5790 24.2110
v 67.3412 -0.5790 28.7170
v 67.5092 -0.5790 28.7940
v 67.3472 -0.5790 29.2430
v 67.1762 -0.5790 29.2010
v 66.8062 -0.5790 30.2890
v 78.2962 -0.5790 33.0280
v 68.4852 -0.5790 25.3610
v 78.5562 -0.5790 31.9520
v 80.5162 -0.5790 28.3060
v 68.6962 -0.5790 24.7430
v 78.5562 -18.6970 31.9520
v 78.2962 -16.3490 33.0280
v 66.8062 -16.0550 30.2890
v 67.1762 -18.4840 29.2010
v 67.3472 -18.4870 29.2430
v 68.8782 -16.0910 24.2110
v 80.8452 -16.1650 27.0630
v 80.1962 -18.7450 29.5130
v 79.2032 -18.7270 29.2720
v 80.5162 -18.7590 28.3060
v 67.5092 -18.4930 28.7940
v 67.3412 -18.4900 28.7170
v 68.4852 -15.9070 25.3610
v 68.6962 -15.8930 24.7430
v 68.6962 -17.2210 24.7430
v 69.2502 -17.1850 24.8550
v 68.4852 -18.5350 25.3610
v 69.6052 -18.5550 25.6350
usemtl Ground
s off
f 2947 2941 2942 2943 2944 2945 2946 2948 2937 2938 2949 2939 2940 2950
usemtl Wall
s off
f 2951 2948 2946 2952
usemtl Wall
s off
f 2953 2945 2944 2954
usemtl Wall
s off
f 2954 2944 2943 2955
usemtl Wall
s off
f 2952 2946 2945 2953
usemtl Wall
s off
f 2956 2940 2939 2957
usemtl Wall
s off
f 2958 2938 2937 2959
usemtl Wall
s off
f 2960 2949 2938 2958
usemtl Wall
s off
f 2961 2942 2941 2962
usemtl Wall
s off
f 2955 2943 2942 2961
usemtl Wall
s off
f 2959 2937 2948 2951
usemtl Wall
s off
f 2963 2947 2950 2964
usemtl Wall
s off
f 2964 2965 2966
usemtl Wall
s off
f 2957 2939 2949 2960
usemtl Wall
s off
f 2965 2964 2950 2940 2956
usemtl Wall
s off
f 2962 2941 2947 2963 2967
usemtl Wall
s off
f 2967 2963 2968
usemtl Roof
s off
f 2952 2953 2954 2955 2951
usemtl Roof
s off
f 2968 2963 2964 2966
usemtl Roof
s off
f 2968 2966 2965 2956 2957 2960
usemtl Roof
s off
f 2967 2968 2960 2958 2959 2951 2955 2961 2962
o NL.IMBAG.Pand.0363100012174375_tri-slope
v 46.5092 -0.2350 70.9640
v 59.1692 -0.2350 76.0910
v 62.1622 -0.2350 70.2700
v 49.8782 -0.2350 65.2760
v 46.4492 -0.2350 70.9200
v 60.2492 -0.2350 73.9920
v 46.9132 -0.2350 70.1560
v 58.1612 -0.2350 75.6820
v 59.1692 -16.1700 76.0910
v 58.1612 -16.8120 75.6820
v 58.1612 -18.8770 75.6820
v 46.5092 -17.2280 70.9640
v 46.4492 -17.2790 70.9200
v 46.9132 -19.5110 70.1560
v 49.8782 -19.5040 65.2760
v 62.1622 -19.3300 70.2700
v 59.2302 -19.3450 73.6980
v 59.2302 -18.9260 73.6980
v 58.5742 -18.8960 74.9150
v 58.5742 -19.0050 74.9150
v 58.5742 -19.3460 74.9150
v 60.2492 -16.3350 73.9920
v 55.9082 -19.3840 73.7150
v 58.5532 -18.8950 74.9530
v 60.2492 -19.3310 73.9920
usemtl Ground
s off
f 2974 2971 2972 2975 2973 2969 2976 2970
usemtl Wall
s off
f 2977 2970 2976 2978 2979
usemtl Wall
s off
f 2980 2969 2973 2981
usemtl Wall
s off
f 2981 2973 2975 2982
usemtl Wall
s off
f 2983 2972 2971 2984
usemtl Wall
s off
f 2985 2986 2987 2988 2989
usemtl Wall
s off
f 2982 2975 2972 2983
usemtl Wall
s off
f 2978 2976 2969 2980
usemtl Wall
s off
f 2990 2974 2970 2977
usemtl Wall
s off
f 2989 2988 2991
usemtl Wall
s off
f 2979 2978 2992
usemtl Wall
s off
f 2988 2987 2992
usemtl Wall
s off
f 2993 2990 2986 2985
usemtl Wall
s off
f 2984 2971 2974 2990 2993
usemtl Roof
s off
f 2988 2992 2978 2980 2981 2982 2991
usemtl Roof
s off
f 2986 2990 2977 2979 2992 2987
usemtl Roof
s off
f 2984 2993 2985 2989 2991 2982 2983
o NL.IMBAG.Pand.0363100012174376_tri-slope
v 39.8582 -0.4740 81.0840
v 36.5522 -0.4740 86.1620
v 49.7382 -0.4740 92.3930
v 50.9972 -0.4740 89.3720
v 52.1432 -0.4740 86.6210
v 38.2552 -0.4740 83.5460
v 52.0522 -0.4740 86.7960
v 49.7382 -17.9010 92.3930
v 36.5522 -18.0700 86.1620
v 38.2552 -21.4580 83.5460
v 39.8582 -18.0910 81.0840
v 44.4032 -20.2140 85.1640
v 44.4032 -19.4870 85.1640
v 44.1342 -19.4910 86.2340
v 44.1342 -21.4720 86.2340
v 46.5282 -21.4770 87.3280
v 46.5282 -19.5260 87.3280
v 46.6472 -19.5220 86.5780
v 46.6472 -20.6280 86.5780
v 52.0522 -18.2640 86.7960
v 50.9972 -21.4880 89.3720
v 52.1432 -18.0360 86.6210
v 46.9792 -19.5200 85.6780
v 46.3922 -19.5240 87.2670
v 46.3922 -21.4770 87.2670
v 45.7752 -19.5290 88.9380
v 45.6512 -19.1350 89.2760
v 45.6512 -19.5300 89.2760
v 43.8962 -20.4200 87.1800
v 43.8962 -19.4950 87.1800
v 43.4322 -19.4950 87.8950
v 43.0402 -19.4940 88.4980
v 43.0402 -18.7140 88.4980
v 45.3762 -19.4970 84.9270
v 44.2492 -19.5160 89.5610
v 44.2492 -18.2090 89.5610
usemtl Ground
s off
f 2998 2994 2999 2995 2996 2997 3000
usemtl Wall
s off
f 3001 2996 2995 3002
usemtl Wall
s off
f 3003 2999 2994 3004
usemtl Wall
s off
f 3005 3006 3007 3008
usemtl Wall
s off
f 3009 3010 3011 3012
usemtl Wall
s off
f 3013 3000 2997 3014
usemtl Wall
s off
f 3015 2998 3000 3013
usemtl Wall
s off
f 3012 3011 3016
usemtl Wall
s off
f 3014 2997 2996 3001
usemtl Wall
s off
f 3002 2995 2999 3003
usemtl Wall
s off
f 3017 3018 3019
usemtl Wall
s off
f 3020 3021 3019
usemtl Wall
s off
f 3022 3023 3024
usemtl Wall
s off
f 3025 3026 3024
usemtl Wall
s off
f 3008 3007 3023 3022
usemtl Wall
s off
f 3006 3005 3027
usemtl Wall
s off
f 3018 3017 3010 3009
usemtl Wall
s off
f 3004 2994 2998 3015
usemtl Wall
s off
f 3028 3029 3026 3025
usemtl Wall
s off
f 3021 3020 3029 3028
usemtl Roof
s off
f 3027 3016 3011 3010 3017 3019 3021 3028 3025 3024 3023 3007 3006
usemtl Roof
s off
f 3029 3020 3019 3018 3009 3014 3001 3002 3003 3008 3022 3024 3026
usemtl Roof
s off
f 3016 3027 3005 3008 3003 3004 3015 3013 3014 3009 3012
o NL.IMBAG.Pand.0363100012174443_complex
v 73.0182 -0.4390 85.2360
v 73.9422 -0.4390 85.6280
v 72.7282 -0.4390 88.6850
v 85.8602 -0.4390 94.3220
v 87.5802 -0.4390 87.6040
v 74.1812 -0.4390 82.1710
v 74.0942 -0.4390 82.3990
v 86.7032 -0.4390 91.0280
v 74.1812 -18.1040 82.1710
v 87.5802 -17.7220 87.6040
v 73.0182 -3.2100 85.2360
v 74.0942 -3.1370 82.3990
v 80.2402 -21.3320 90.2310
v 80.2402 -19.9380 90.2310
v 80.2492 -21.3850 88.9040
v 80.2532 -22.0450 88.2980
v 80.2532 -21.4770 88.2980
v 80.2532 -21.4090 88.2980
v 80.7652 -21.4690 88.5150
v 80.7652 -21.4080 88.5150
v 80.6452 -21.4010 85.2050
v 80.6452 -18.3830 85.2050
v 80.7462 -21.4580 87.9880
v 80.7652 -22.0410 88.5150
v 83.6722 -21.4040 89.7450
v 83.6722 -22.0150 89.7450
v 84.0282 -21.3800 90.4770
v 84.5482 -20.4540 91.5450
v 84.5482 -21.3460 91.5450
v 81.1622 -18.3240 92.0970
v 81.1622 -21.2720 92.0970
v 86.7032 -21.9890 91.0280
v 85.8602 -18.0260 94.3220
v 72.7282 -18.2280 88.6850
v 73.9422 -3.3150 85.6280
v 73.9422 -22.0990 85.6280
v 74.6532 -18.4010 82.6390
v 74.6532 -3.2010 82.6390
v 74.0942 -18.4020 82.3990
v 74.6962 -19.6020 83.7280
v 74.6962 -3.2690 83.7280
v 78.6752 -18.3890 84.3610
v 78.6752 -21.4340 84.3610
v 77.7432 -21.5090 86.7390
v 77.5762 -21.5220 87.1650
v 77.5762 -22.0680 87.1650
usemtl Ground
s off
f 3031 3032 3033 3037 3034 3035 3036 3030
usemtl Wall
s off
f 3038 3035 3034 3039
usemtl Wall
s off
f 3040 3030 3036 3041
usemtl Wall
s off
f 3042 3043 3044
usemtl Wall
s off
f 3045 3046 3047 3044
usemtl Wall
s off
f 3048 3049 3047 3046
usemtl Wall
s off
f 3050 3051 3052
usemtl Wall
s off
f 3053 3048 3052
usemtl Wall
s off
f 3054 3055 3056
usemtl Wall
s off
f 3057 3058 3056
usemtl Wall
s off
f 3058 3057 3059 3060
usemtl Wall
s off
f 3055 3054 3049 3048 3053
usemtl Wall
s off
f 3039 3034 3037 3061
usemtl Wall
s off
f 3061 3037 3033 3062
usemtl Wall
s off
f 3063 3032 3031 3064 3065
usemtl Wall
s off
f 3060 3059 3043 3042
usemtl Wall
s off
f 3062 3033 3032 3063
usemtl Wall
s off
f 3064 3031 3030 3040
usemtl Wall
s off
f 3066 3067 3041 3068
usemtl Wall
s off
f 3069 3070 3067 3066
usemtl Wall
s off
f 3068 3041 3036 3035 3038
usemtl Wall
s off
f 3071 3072 3073
usemtl Wall
s off
f 3074 3075 3073
usemtl Wall
s off
f 3065 3064 3070 3069
usemtl Wall
s off
f 3075 3074 3046 3045
usemtl Wall
s off
f 3072 3071 3051 3050
usemtl Roof
s off
f 3060 3042 3044 3047 3049 3054 3056 3058
usemtl Roof
s off
f 3070 3064 3040 3041 3067
usemtl Roof
s off
f 3075 3045 3044 3043 3059 3057 3056 3055 3061 3062 3063 3065
usemtl Roof
s off
f 3072 3050 3052 3048 3046 3074 3073
usemtl Roof
s off
f 3051 3071 3073 3075 3065 3069 3066 3068 3038 3039 3061 3055 3053 3052
o NL.IMBAG.Pand.0363100012174444_tri-slope
v 33.0182 -0.6670 91.6700
v 46.9472 -0.6670 98.2630
v 47.2062 -0.6670 97.7140
v 47.1532 -0.6670 97.7000
v 48.1712 -0.6670 95.3610
v 48.2872 -0.6670 95.4150
v 48.4722 -0.6670 95.0240
v 45.4492 -0.6670 93.6000
v 46.6922 -0.6670 90.9530
v 36.5522 -0.6670 86.1620
v 35.0382 -0.6670 88.5220
v 35.8592 -0.6670 87.9540
v 35.0172 -0.6670 89.2570
v 34.6702 -0.6670 89.0960
v 43.4192 -0.6670 96.5930
v 46.0842 -0.6670 90.6660
v 46.6922 -17.0620 90.9530
v 45.4492 -17.0810 93.6000
v 45.2572 -20.8490 93.3550
v 45.2572 -17.0930 93.3550
v 44.9632 -17.0990 93.8730
v 44.9632 -21.6890 93.8730
v 36.5522 -16.8070 86.1620
v 46.0842 -16.9070 90.6660
v 46.0842 -17.0940 90.6660
v 33.0182 -17.8890 91.6700
v 34.6702 -21.6920 89.0960
v 48.2872 -16.9250 95.4150
v 48.1712 -16.9310 95.3610
v 48.4722 -16.9220 95.0240
v 35.0382 -20.7360 88.5220
v 47.1532 -16.9450 97.7000
v 47.2062 -16.9420 97.7140
v 46.9472 -16.9460 98.2630
v 43.4192 -17.1310 96.5930
v 43.4192 -17.7750 96.5930
v 35.8592 -19.5180 87.9540
v 35.0172 -21.6920 89.2570
v 46.0442 -17.0940 90.7940
usemtl Ground
s off
f 3088 3089 3076 3090 3077 3078 3079 3080 3081 3082 3083 3084 3091 3085 3086 3087
usemtl Wall
s off
f 3092 3084 3083 3093
usemtl Wall
s off
f 3094 3095 3096 3097
usemtl Wall
s off
f 3098 3085 3091 3099
usemtl Wall
s off
f 3100 3099 3091 3084 3092
usemtl Wall
s off
f 3101 3076 3089 3102
usemtl Wall
s off
f 3103 3081 3080 3104
usemtl Wall
s off
f 3105 3082 3081 3103
usemtl Wall
s off
f 3106 3086 3085 3098
usemtl Wall
s off
f 3107 3079 3078 3108
usemtl Wall
s off
f 3104 3080 3079 3107
usemtl Wall
s off
f 3093 3083 3082 3105
usemtl Wall
s off
f 3108 3078 3077 3109
usemtl Wall
s off
f 3097 3096 3110 3111
usemtl Wall
s off
f 3111 3110 3090 3076 3101
usemtl Wall
s off
f 3109 3077 3090 3110
usemtl Wall
s off
f 3112 3087 3086 3106
usemtl Wall
s off
f 3102 3089 3088 3113
usemtl Wall
s off
f 3099 3100 3114
usemtl Wall
s off
f 3095 3094 3114
usemtl Wall
s off
f 3113 3088 3087 3112
usemtl Roof
s off
f 3102 3113 3097 3111 3101
usemtl Roof
s off
f 3095 3114 3100 3092 3093 3105 3103 3104 3107 3108 3109 3110 3096
usemtl Roof
s off
f 3113 3112 3106 3098 3099 3114 3094 3097
o NL.IMBAG.Pand.0363100012174446_hip
v 70.4082 -0.4490 94.8540
v 83.9872 -0.4490 100.9810
v 85.8602 -0.4490 94.3220
v 72.5742 -0.4490 88.6170
v 73.7382 -0.4490 89.1170
v 71.5602 -0.4490 91.5400
v 71.5022 -0.4490 91.7050
v 71.8492 -0.4490 95.5040
v 84.9172 -0.4490 97.6760
v 83.9872 -18.0810 100.9810
v 71.8492 -13.5700 95.5040
v 71.8492 -18.2930 95.5040
v 70.4082 -13.3740 94.8540
v 71.6732 -13.4490 93.1000
v 71.6732 -20.7230 93.1000
v 72.2292 -13.4690 92.0280
v 72.2292 -22.0940 92.0280
v 71.5022 -13.3710 91.7050
v 71.5022 -6.5820 91.7050
v 71.5742 -6.5830 91.7370
v 71.5742 -13.3800 91.7370
v 71.5602 -13.3700 91.5400
v 71.5602 -6.5860 91.5400
v 72.5742 -13.3670 88.6170
v 84.9172 -21.9520 97.6760
v 85.8602 -17.9880 94.3220
v 73.7382 -13.5240 89.1170
v 73.7382 -18.3240 89.1170
usemtl Ground
s off
f 3119 3118 3120 3121 3115 3122 3116 3123 3117
usemtl Wall
s off
f 3124 3116 3122 3125 3126
usemtl Wall
s off
f 3125 3122 3115 3127
usemtl Wall
s off
f 3126 3125 3128 3129
usemtl Wall
s off
f 3129 3128 3130 3131
usemtl Wall
s off
f 3132 3133 3134 3135
usemtl Wall
s off
f 3136 3137 3120 3118 3138
usemtl Wall
s off
f 3133 3121 3120 3137
usemtl Wall
s off
f 3139 3123 3116 3124
usemtl Wall
s off
f 3140 3117 3123 3139
usemtl Wall
s off
f 3127 3115 3121 3133 3132
usemtl Wall
s off
f 3135 3134 3137 3136
usemtl Wall
s off
f 3131 3130 3141 3142
usemtl Wall
s off
f 3138 3118 3119 3141
usemtl Wall
s off
f 3142 3141 3119 3117 3140
usemtl Roof
s off
f 3139 3124 3126 3129 3131
usemtl Roof
s off
f 3137 3134 3133
usemtl Roof
s off
f 3138 3141 3130 3128 3125 3127 3132 3135 3136
usemtl Roof
s off
f 3142 3140 3139 3131
o NL.IMBAG.Pand.0363100012174449_tri-slope
v 80.9312 -0.5410 52.5530
v 93.9272 -0.5410 56.2240
v 95.1322 -0.5410 50.1360
v 82.4062 -0.5410 47.1030
v 83.1492 -0.5410 47.2810
v 83.0472 -0.5410 53.1500
v 87.8122 -0.5410 48.3920
v 86.8152 -0.5410 54.2140
v 86.8152 -18.7200 54.2140
v 86.8152 -18.4180 54.2140
v 87.8122 -18.4700 48.3920
v 87.8122 -18.8090 48.3920
v 82.4062 -14.8970 47.1030
v 83.1492 -15.6250 47.2810
v 81.8102 -17.4220 51.0850
v 81.8102 -15.1460 51.0850
v 83.1492 -17.5830 47.2810
v 95.1322 -18.0880 50.1360
v 93.9272 -18.0100 56.2240
v 80.9312 -14.6240 52.5530
v 83.0472 -16.7140 53.1500
v 83.0472 -17.6980 53.1500
usemtl Ground
s off
f 3145 3149 3147 3146 3143 3148 3150 3144
usemtl Wall
s off
f 3151 3152 3153 3154
usemtl Wall
s off
f 3155 3146 3147 3156
usemtl Wall
s off
f 3157 3158 3156 3159
usemtl Wall
s off
f 3160 3145 3144 3161
usemtl Wall
s off
f 3162 3143 3146 3155
usemtl Wall
s off
f 3161 3144 3150 3152 3151
usemtl Wall
s off
f 3154 3153 3149 3145 3160
usemtl Wall
s off
f 3159 3156 3147 3149 3153
usemtl Wall
s off
f 3152 3150 3148 3163 3164
usemtl Wall
s off
f 3163 3148 3143 3162
usemtl Wall
s off
f 3164 3163 3158 3157
usemtl Roof
s off
f 3154 3160 3161 3151
usemtl Roof
s off
f 3158 3163 3162 3155 3156
usemtl Roof
s off
f 3164 3157 3159 3153 3152
o NL.IMBAG.Pand.0363100012174450_hip
v 79.6522 -1.1110 57.8590
v 79.5002 -1.1110 58.1260
v 92.7982 -1.1110 62.3670
v 94.0262 -1.1110 56.2420
v 80.9312 -1.1110 52.5530
v 79.5082 -1.1110 57.8140
v 82.4272 -1.1110 52.9740
v 84.7142 -1.1110 59.7890
v 93.4442 -1.1110 59.1440
v 93.2692 -1.1110 56.0290
v 86.1402 -1.1110 54.0200
v 86.1402 -18.4990 54.0200
v 86.1402 -18.2350 54.0200
v 93.2692 -17.7430 56.0290
v 93.2692 -18.1430 56.0290
v 92.7982 -18.0830 62.3670
v 84.7142 -18.2060 59.7890
v 84.7142 -18.4910 59.7890
v 79.5082 -13.4960 57.8140
v 80.9312 -14.1260 52.5530
v 79.5002 -17.2730 58.1260
v 79.6522 -13.7780 57.8590
v 79.6522 -17.2890 57.8590
v 82.4272 -17.5760 52.9740
v 82.4272 -17.0330 52.9740
v 94.0262 -15.6390 56.2420
v 93.4442 -15.6940 59.1440
v 93.4442 -18.0940 59.1440
usemtl Ground
s off
f 3172 3167 3173 3168 3174 3175 3171 3169 3170 3165 3166
usemtl Wall
s off
f 3176 3177 3175 3174 3178 3179
usemtl Wall
s off
f 3180 3167 3172 3181 3182
usemtl Wall
s off
f 3183 3170 3169 3184
usemtl Wall
s off
f 3181 3172 3166 3185
usemtl Wall
s off
f 3185 3166 3165 3186 3187
usemtl Wall
s off
f 3186 3165 3170 3183
usemtl Wall
s off
f 3188 3189 3171 3175 3177
usemtl Wall
s off
f 3182 3181 3177 3176
usemtl Wall
s off
f 3184 3169 3171 3189
usemtl Wall
s off
f 3187 3186 3189 3188
usemtl Wall
s off
f 3178 3174 3168 3190
usemtl Wall
s off
f 3190 3168 3173 3191
usemtl Wall
s off
f 3179 3178 3191 3192
usemtl Wall
s off
f 3192 3191 3173 3167 3180
usemtl Roof
s off
f 3189 3186 3183 3184
usemtl Roof
s off
f 3187 3188 3177 3181 3185
usemtl Roof
s off
f 3191 3178 3190
usemtl Roof
s off
f 3192 3180 3182 3176 3179
o NL.IMBAG.Pand.0363100012174451_hip
v 77.8992 -0.8150 63.7620
v 91.5932 -0.8150 68.5780
v 91.6862 -0.8150 68.5970
v 92.7982 -0.8150 62.3670
v 79.4292 -0.8150 58.1030
v 79.1442 -0.8150 59.1580
v 79.5842 -0.8150 62.6920
v 79.1372 -0.8150 63.6100
v 78.0742 -0.8150 63.1150
v 84.7402 -0.8150 66.1680
v 85.4612 -0.8150 60.0270
v 80.6992 -0.8150 58.5080
v 79.7562 -0.8150 64.4140
v 92.7982 -18.0150 62.3670
v 91.6862 -17.8950 68.5970
v 91.5932 -17.9040 68.5780
v 85.4612 -18.8110 60.0270
v 85.4612 -17.8620 60.0270
v 86.2512 -18.6680 61.8400
v 86.2512 -17.9320 61.8400
v 85.7142 -17.9080 61.5290
v 85.7142 -18.7320 61.5290
v 79.7562 -16.8750 64.4140
v 77.8992 -13.1440 63.7620
v 79.4292 -13.4630 58.1030
v 80.6992 -15.9960 58.5080
v 79.1442 -13.4030 59.1580
v 80.2502 -17.7400 61.3230
v 80.2502 -16.4150 61.3230
v 80.6992 -17.6820 58.5080
v 78.0742 -13.1800 63.1150
v 79.1372 -15.3700 63.6100
v 79.5842 -15.7900 62.6920
v 79.7792 -17.8020 64.2670
v 79.7792 -16.8530 64.2670
v 79.5842 -17.7560 62.6920
v 84.7402 -17.9980 66.1680
v 79.7562 -17.8050 64.4140
v 84.7402 -18.6560 66.1680
v 85.3452 -18.0020 65.6160
v 85.3452 -18.6180 65.6160
usemtl Ground
s off
f 3202 3194 3195 3196 3203 3204 3197 3198 3199 3200 3201 3193 3205
usemtl Wall
s off
f 3206 3196 3195 3207
usemtl Wall
s off
f 3207 3195 3194 3208
usemtl Wall
s off
f 3209 3210 3203 3196 3206
usemtl Wall
s off
f 3211 3212 3213 3214
usemtl Wall
s off
f 3214 3213 3210 3209
usemtl Wall
s off
f 3215 3205 3193 3216
usemtl Wall
s off
f 3217 3197 3204 3218
usemtl Wall
s off
f 3219 3198 3197 3217
usemtl Wall
s off
f 3220 3221 3218 3222
usemtl Wall
s off
f 3222 3218 3204 3203 3210
usemtl Wall
s off
f 3223 3201 3200 3224
usemtl Wall
s off
f 3216 3193 3201 3223
usemtl Wall
s off
f 3224 3200 3199 3225
usemtl Wall
s off
f 3226 3227 3225 3228
usemtl Wall
s off
f 3228 3225 3221 3220
usemtl Wall
s off
f 3229 3202 3205 3215 3230
usemtl Wall
s off
f 3230 3215 3227 3226
usemtl Wall
s off
f 3208 3194 3202 3229 3231
usemtl Wall
s off
f 3231 3229 3232 3233
usemtl Wall
s off
f 3233 3232 3212 3211
usemtl Wall
s off
f 3225 3199 3198 3219
usemtl Roof
s off
f 3227 3215 3216 3223 3224 3225
usemtl Roof
s off
f 3233 3211 3214 3209 3206 3207 3208 3231
usemtl Roof
s off
f 3212 3232 3229 3230 3226 3228 3220 3222 3210 3213
usemtl Roof
s off
f 3225 3219 3217 3218 3221
o NL.IMBAG.Pand.0363100012174452_gable
v 76.4402 -0.7560 69.1580
v 90.4642 -0.7560 74.9340
v 91.5932 -0.7560 68.5780
v 77.8992 -0.7560 63.7620
v 83.4772 -0.7560 65.7240
v 82.2692 -0.7560 71.5590
v 82.2692 -18.1520 71.5590
v 76.4402 -17.1480 69.1580
v 90.4642 -18.0530 74.9340
v 82.2692 -18.5160 71.5590
v 83.4772 -18.1970 65.7240
v 83.4772 -18.4960 65.7240
v 91.5932 -18.0410 68.5780
v 77.8992 -17.2440 63.7620
usemtl Ground
s off
f 3238 3237 3234 3239 3235 3236
usemtl Wall
s off
f 3240 3239 3234 3241
usemtl Wall
s off
f 3242 3235 3239 3240 3243
usemtl Wall
s off
f 3243 3240 3244 3245
usemtl Wall
s off
f 3246 3236 3235 3242
usemtl Wall
s off
f 3241 3234 3237 3247
usemtl Wall
s off
f 3245 3244 3238 3236 3246
usemtl Wall
s off
f 3247 3237 3238 3244
usemtl Roof
s off
f 3245 3246 3242 3243
usemtl Roof
s off
f 3247 3244 3240 3241
o NL.IMBAG.Pand.0363100012174453_complex
v 84.5352 -0.5340 43.4790
v 83.6842 -0.5340 47.4090
v 95.1322 -0.5340 50.1360
v 96.3542 -0.5340 43.9520
v 80.6402 -0.5340 40.1640
v 80.3192 -0.5340 41.4950
v 82.2722 -0.5340 41.9670
v 82.0612 -0.5340 42.9450
v 82.2462 -0.5340 42.0900
v 82.2612 -0.5340 40.5540
v 89.4932 -0.5340 48.7930
v 94.0212 -0.5340 49.8710
v 95.1332 -0.5340 43.6580
v 90.5302 -0.5340 42.5480
v 84.3352 -0.5340 41.0540
v 83.7222 -0.5340 43.3040
v 82.2722 -3.3430 41.9670
v 80.3192 -3.2170 41.4950
v 80.6402 -3.2450 40.1640
v 82.2612 -3.3500 40.5540
v 82.2462 -16.6170 42.0900
v 82.2462 -3.3410 42.0900
v 82.3602 -3.3480 42.1440
v 82.3602 -16.6090 42.1440
v 82.0612 -16.6030 42.9450
v 96.3542 -16.6040 43.9520
v 95.1322 -16.7830 50.1360
v 94.0212 -19.3260 49.8710
v 83.7222 -19.1310 43.3040
v 83.7222 -16.5010 43.3040
v 84.3352 -16.5300 41.0540
v 84.3352 -19.1760 41.0540
v 89.4932 -20.0090 48.7930
v 95.1332 -19.4010 43.6580
v 90.5302 -20.0960 42.5480
v 84.5352 -19.2510 43.4790
v 83.6842 -19.2040 47.4090
v 82.2612 -16.6590 40.5540
v 89.4932 -20.0670 48.7930
v 90.0712 -19.9760 47.4850
v 90.0712 -20.1250 47.4850
v 89.6312 -20.0540 47.0780
usemtl Ground
s off
f 3249 3258 3259 3250 3251 3260 3261 3262 3257 3252 3253 3254 3256 3255 3263 3248
usemtl Wall
s off
f 3264 3254 3253 3265
usemtl Wall
s off
f 3266 3252 3257 3267
usemtl Wall
s off
f 3265 3253 3252 3266
usemtl Wall
s off
f 3268 3269 3270 3271
usemtl Wall
s off
f 3272 3255 3256 3269 3268
usemtl Wall
s off
f 3273 3251 3250 3274
usemtl Wall
s off
f 3274 3250 3259 3275
usemtl Wall
s off
f 3276 3277 3278 3279
usemtl Wall
s off
f 3275 3259 3258 3280
usemtl Wall
s off
f 3281 3260 3251 3273
usemtl Wall
s off
f 3282 3261 3260 3281
usemtl Wall
s off
f 3279 3278 3262 3261 3282
usemtl Wall
s off
f 3283 3248 3263 3277 3276
usemtl Wall
s off
f 3269 3256 3254 3264
usemtl Wall
s off
f 3284 3249 3248 3283
usemtl Wall
s off
f 3277 3263 3255 3272
usemtl Wall
s off
f 3285 3267 3257 3262 3278
usemtl Wall
s off
f 3286 3280 3258 3249 3284
usemtl Wall
s off
f 3287 3288 3289
usemtl Wall
s off
f 3288 3287 3280 3286
usemtl Wall
s off
f 3271 3270 3267 3285
usemtl Roof
s off
f 3281 3273 3274 3275
usemtl Roof
s off
f 3271 3285 3278 3277 3272 3268
usemtl Roof
s off
f 3280 3287 3289 3282 3281 3275
usemtl Roof
s off
f 3288 3286 3284 3283 3276 3279 3282 3289
usemtl Roof
s off
f 3267 3270 3269 3264 3265 3266
o NL.IMBAG.Pand.0363100012174454_complex
v 89.1272 -0.2190 81.2330
v 90.4642 -0.2190 74.9340
v 71.8602 -0.2190 67.2760
v 71.4292 -0.2190 68.2490
v 70.2952 -0.2190 68.3300
v 68.1402 -0.2190 72.7010
v 75.5522 -0.2190 70.5510
v 75.3932 -0.2190 69.1080
v 76.5762 -0.2190 69.6200
v 77.3602 -0.2190 70.2000
v 77.3212 -0.2190 70.4110
v 76.8312 -0.2190 71.5110
v 75.4472 -0.2190 75.6710
v 77.4732 -0.2190 69.5870
v 76.8612 -0.2190 69.8310
v 78.4202 -0.2190 69.9760
v 69.2562 -0.2190 73.1540
v 76.6292 -0.2190 76.1520
v 90.4642 -18.3830 74.9340
v 89.1272 -18.3300 81.2330
v 75.3932 -3.9580 69.1080
v 75.5522 -3.9740 70.5510
v 76.6292 -15.4770 76.1520
v 76.6292 -18.1130 76.1520
v 69.2562 -2.5840 73.1540
v 68.1402 -2.5960 72.7010
v 70.2952 -3.0670 68.3300
v 71.8602 -3.9110 67.2760
v 77.4732 -3.9800 69.5870
v 78.4202 -18.1740 69.9760
v 77.8232 -17.7140 72.2560
v 77.8232 -15.4890 72.2560
v 77.0822 -15.4000 71.7000
v 76.8312 -15.3700 71.5110
v 76.8312 -14.6130 71.5110
v 77.8232 -18.1530 72.2560
v 78.2522 -18.1670 70.8550
v 77.3912 -15.3840 70.0310
v 77.3912 -3.9840 70.0310
v 77.4732 -15.3800 69.5870
v 76.8612 -13.8290 69.8310
v 76.8612 -3.9780 69.8310
v 69.2562 -3.9470 73.1540
v 71.4292 -3.1070 68.2490
v 71.4292 -3.9170 68.2490
v 76.5762 -3.9730 69.6200
v 77.3602 -15.3860 70.2000
v 75.5522 -11.9960 70.5510
v 76.8312 -11.9850 71.5110
v 77.3212 -15.3880 70.4110
v 80.5032 -20.3460 77.4600
v 80.5032 -18.1810 77.4600
v 80.1812 -18.1930 73.4890
v 80.1812 -20.4020 73.4890
v 82.8792 -20.3960 77.8800
v 82.8792 -18.2250 77.8800
v 75.4472 -4.0230 75.6710
v 75.4472 -15.3470 75.6710
v 84.5552 -20.4990 73.9330
v 84.5552 -18.2750 73.9330
v 77.1142 -15.4820 74.5690
v 77.1142 -18.1290 74.5690
v 76.8102 -15.4370 74.0290
v 76.8102 -18.1260 74.0290
v 77.5312 -15.4860 73.2090
v 77.5312 -18.1430 73.2090
v 75.6812 -4.0100 74.0920
v 75.6812 -11.9770 74.0920
v 75.6812 -15.3270 74.0920
v 75.8302 -11.9810 73.0840
v 75.8302 -4.0010 73.0840
usemtl Ground
s off
f 3290 3291 3305 3303 3292 3293 3294 3295 3306 3302 3307
usemtl Wall
s off
f 3308 3291 3290 3309
usemtl Wall
s off
f 3310 3297 3296 3311
usemtl Wall
s off
f 3309 3290 3307 3312 3313
usemtl Wall
s off
f 3314 3306 3295 3315
usemtl Wall
s off
f 3315 3295 3294 3316
usemtl Wall
s off
f 3317 3292 3303 3318
usemtl Wall
s off
f 3319 3305 3291 3308
usemtl Wall
s off
f 3320 3321 3322
usemtl Wall
s off
f 3323 3324 3322
usemtl Wall
s off
f 3325 3320 3326
usemtl Wall
s off
f 3327 3328 3318 3329
usemtl Wall
s off
f 3330 3331 3328 3327
usemtl Wall
s off
f 3332 3314 3333 3334
usemtl Wall
s off
f 3331 3304 3298 3335
usemtl Wall
s off
f 3335 3298 3297 3310
usemtl Wall
s off
f 3336 3299 3304 3331 3330
usemtl Wall
s off
f 3337 3311 3296 3301 3338
usemtl Wall
s off
f 3324 3338 3301 3300 3339
usemtl Wall
s off
f 3340 3341 3342 3343
usemtl Wall
s off
f 3339 3300 3299 3336
usemtl Wall
s off
f 3344 3345 3341 3340
usemtl Wall
s off
f 3312 3307 3302 3346 3347
usemtl Wall
s off
f 3346 3302 3306 3314 3332
usemtl Wall
s off
f 3329 3318 3303 3305 3319
usemtl Wall
s off
f 3348 3349 3345 3344
usemtl Wall
s off
f 3343 3342 3349 3348
usemtl Wall
s off
f 3313 3312 3350 3351
usemtl Wall
s off
f 3351 3350 3352 3353
usemtl Wall
s off
f 3353 3352 3354 3355
usemtl Wall
s off
f 3347 3346 3356 3357 3358
usemtl Wall
s off
f 3316 3294 3293 3333
usemtl Wall
s off
f 3359 3360 3311 3337
usemtl Wall
s off
f 3334 3333 3293 3292 3317
usemtl Wall
s off
f 3355 3354 3321 3320 3325
usemtl Wall
s off
f 3357 3356 3360 3359
usemtl Wall
s off
f 3358 3357 3338 3324 3323
usemtl Roof
s off
f 3343 3348 3344 3340
usemtl Roof
s off
f 3319 3326 3320 3322 3324 3339 3336 3330 3327 3329
usemtl Roof
s off
f 3316 3333 3314 3315
usemtl Roof
s off
f 3355 3325 3326 3319 3308 3309 3313 3351 3353
usemtl Roof
s off
f 3360 3356 3346 3332 3334 3317 3318 3328 3331 3335 3310 3311
usemtl Roof
s off
f 3338 3357 3359 3337
usemtl Roof
s off
f 3358 3323 3322 3321 3354 3352 3350 3312 3347
o NL.IMBAG.Pand.0363100012174455_gable
v 59.1692 -0.2890 76.0910
v 46.5092 -0.2890 70.9640
v 43.2202 -0.2890 76.0390
v 56.7612 -0.2890 81.8410
v 57.8932 -0.2890 79.1380
v 44.8012 -0.2890 73.5990
v 57.8932 -21.4210 79.1380
v 56.7612 -17.9880 81.8410
v 43.2202 -17.9760 76.0390
v 44.8012 -21.3320 73.5990
v 46.5092 -17.8660 70.9640
v 59.1692 -17.7130 76.0910
usemtl Ground
s off
f 3365 3361 3362 3366 3363 3364
usemtl Wall
s off
f 3367 3365 3364 3368
usemtl Wall
s off
f 3369 3363 3366 3370
usemtl Wall
s off
f 3368 3364 3363 3369
usemtl Wall
s off
f 3370 3366 3362 3371
usemtl Wall
s off
f 3371 3362 3361 3372
usemtl Wall
s off
f 3372 3361 3365 3367
usemtl Roof
s off
f 3368 3369 3370 3367
usemtl Roof
s off
f 3372 3367 3370 3371
o NL.IMBAG.Pand.0363100012174456_flat
v 69.1562 -0.1940 80.1360
v 71.2792 -0.1940 73.9770
v 69.5522 -0.1940 73.2740
v 65.9022 -0.1940 78.8170
v 71.2792 -3.8050 73.9770
v 69.1562 -3.7560 80.1360
v 69.5522 -3.7470 73.2740
v 65.9022 -3.6460 78.8170
usemtl Ground
s off
f 3373 3374 3375 3376
usemtl Wall
s off
f 3377 3374 3373 3378
usemtl Wall
s off
f 3379 3375 3374 3377
usemtl Wall
s off
f 3378 3373 3376 3380
usemtl Wall
s off
f 3380 3376 3375 3379
usemtl Roof
s off
f 3380 3379 3377 3378
o NL.IMBAG.Pand.0363100012174457_tri-slope
v 72.3782 -0.4490 81.4400
v 87.5802 -0.4490 87.6040
v 89.1272 -0.4490 81.2330
v 74.4272 -0.4490 75.2570
v 75.4762 -0.4490 75.6830
v 73.5942 -0.4490 77.7710
v 74.5072 -0.4490 82.3030
v 76.6682 -0.4490 76.1680
v 87.5802 -18.3370 87.6040
v 74.5072 -15.3440 82.3030
v 74.5072 -18.1810 82.3030
v 89.1272 -18.3050 81.2330
v 74.5902 -15.3300 78.3260
v 74.5902 -4.1280 78.3260
v 75.4762 -4.0760 75.6830
v 75.4762 -15.3180 75.6830
v 73.5942 -15.3310 77.7710
v 73.5942 -3.9860 77.7710
v 74.4272 -3.9360 75.2570
v 76.6682 -18.1560 76.1680
v 76.6682 -15.3170 76.1680
v 72.3782 -15.3470 81.4400
usemtl Ground
s off
f 3386 3381 3387 3382 3383 3388 3385 3384
usemtl Wall
s off
f 3389 3382 3387 3390 3391
usemtl Wall
s off
f 3392 3383 3382 3389
usemtl Wall
s off
f 3393 3394 3395 3396
usemtl Wall
s off
f 3397 3398 3394 3393
usemtl Wall
s off
f 3398 3386 3384 3399
usemtl Wall
s off
f 3400 3401 3388 3383 3392
usemtl Wall
s off
f 3396 3395 3385 3388 3401
usemtl Wall
s off
f 3390 3387 3381 3402
usemtl Wall
s off
f 3402 3381 3386 3398 3397
usemtl Wall
s off
f 3391 3390 3401 3400
usemtl Wall
s off
f 3399 3384 3385 3395
usemtl Roof
s off
f 3391 3400 3392 3389
usemtl Roof
s off
f 3401 3390 3402 3397 3393 3396
usemtl Roof
s off
f 3399 3395 3394 3398
o NL.IMBAG.Pand.0363100012174458_gable
v 55.7122 -0.4130 81.3930
v 43.2202 -0.4130 76.0390
v 39.9322 -0.4130 81.1100
v 53.2682 -0.4130 87.1280
v 54.5122 -0.4130 84.2080
v 41.5962 -0.4130 78.5440
v 41.5962 -21.3030 78.5440
v 43.2202 -17.9420 76.0390
v 39.9322 -18.0020 81.1100
v 53.2682 -17.8810 87.1280
v 54.5122 -21.3500 84.2080
v 55.7122 -17.8570 81.3930
usemtl Ground
s off
f 3406 3407 3403 3404 3408 3405
usemtl Wall
s off
f 3409 3408 3404 3410
usemtl Wall
s off
f 3411 3405 3408 3409
usemtl Wall
s off
f 3412 3406 3405 3411
usemtl Wall
s off
f 3413 3407 3406 3412
usemtl Wall
s off
f 3410 3404 3403 3414
usemtl Wall
s off
f 3414 3403 3407 3413
usemtl Roof
s off
f 3413 3412 3411 3409
usemtl Roof
s off
f 3414 3413 3409 3410
o NL.IMBAG.Pand.0363100012174459_complex
v 74.3242 -0.3410 45.1720
v 61.8452 -0.3410 42.1920
v 59.1512 -0.3410 48.0900
v 71.3602 -0.3410 51.5190
v 59.9642 -0.3410 48.3190
v 67.1492 -0.3410 50.3370
v 72.9752 -0.3410 48.0610
v 73.9172 -0.3410 46.0450
v 61.8032 -0.3410 42.2850
v 60.6582 -0.3410 44.7920
v 59.9792 -0.3410 46.2780
v 67.3282 -19.5980 49.6010
v 67.3282 -16.8910 49.6010
v 67.1492 -16.9400 50.3370
v 67.1492 -19.6730 50.3370
v 67.5442 -19.5850 49.4800
v 67.5442 -16.8910 49.4800
v 61.8032 -16.7770 42.2850
v 61.8452 -16.5310 42.1920
v 71.3602 -17.2170 51.5190
v 74.3242 -16.5710 45.1720
v 59.9642 -19.0350 48.3190
v 59.9642 -19.5080 48.3190
v 59.9792 -19.3030 46.2780
v 59.9792 -16.9430 46.2780
v 60.6582 -16.8810 44.7920
v 60.6582 -19.1490 44.7920
v 60.6462 -19.3570 46.8560
v 60.6462 -19.0050 46.8560
v 72.9752 -17.0210 48.0610
v 59.1512 -17.0170 48.0900
v 71.6982 -19.3130 46.9930
v 71.6982 -16.8830 46.9930
v 67.5512 -16.8300 48.6820
v 67.5512 -19.5050 48.6820
v 72.9752 -19.4130 48.0610
v 63.8062 -18.6190 43.5400
v 63.8062 -19.0070 43.5400
v 63.5402 -19.0190 43.6460
v 73.9172 -19.2050 46.0450
v 73.9172 -18.8650 46.0450
v 61.9052 -19.0930 44.2960
v 67.3962 -16.8730 49.3220
v 67.3962 -19.5700 49.3220
v 62.3132 -18.9950 43.3440
usemtl Ground
s off
f 3417 3419 3420 3418 3421 3422 3415 3416 3423 3424 3425
usemtl Wall
s off
f 3426 3427 3428 3429
usemtl Wall
s off
f 3430 3431 3427 3426
usemtl Wall
s off
f 3432 3423 3416 3433
usemtl Wall
s off
f 3434 3418 3420 3428
usemtl Wall
s off
f 3433 3416 3415 3435
usemtl Wall
s off
f 3429 3428 3420 3419 3436 3437
usemtl Wall
s off
f 3438 3439 3425 3424 3440 3441
usemtl Wall
s off
f 3442 3443 3439 3438
usemtl Wall
s off
f 3444 3421 3418 3434
usemtl Wall
s off
f 3440 3424 3423 3432
usemtl Wall
s off
f 3445 3417 3425 3439
usemtl Wall
s off
f 3446 3447 3448 3449
usemtl Wall
s off
f 3450 3444 3447 3446
usemtl Wall
s off
f 3451 3452 3453
usemtl Wall
s off
f 3454 3455 3422 3421 3444 3450
usemtl Wall
s off
f 3441 3440 3456
usemtl Wall
s off
f 3449 3448 3457 3458
usemtl Wall
s off
f 3435 3415 3422 3455
usemtl Wall
s off
f 3437 3436 3443 3442
usemtl Wall
s off
f 3458 3457 3431 3430
usemtl Wall
s off
f 3436 3419 3417 3445
usemtl Wall
s off
f 3452 3451 3455 3454
usemtl Roof
s off
f 3432 3459 3456 3440
usemtl Roof
s off
f 3452 3454 3450 3446 3449 3458 3430 3426 3429 3437 3442 3438 3441 3456 3459 3453
usemtl Roof
s off
f 3431 3457 3448 3447 3444 3434 3428 3427
usemtl Roof
s off
f 3436 3445 3439 3443
usemtl Roof
s off
f 3455 3451 3453 3459 3432 3433 3435
o NL.IMBAG.Pand.0363100012174460_tri-slope
v 59.1512 -0.3890 48.0900
v 59.0502 -0.3890 48.0430
v 56.1622 -0.3890 53.8580
v 56.2552 -0.3890 53.9030
v 68.3112 -0.3890 58.0440
v 71.3602 -0.3890 51.5190
v 56.9662 -0.3890 54.1460
v 60.4762 -0.3890 55.3520
v 64.4302 -0.3890 49.5730
v 59.9062 -0.3890 48.3030
v 59.1512 -16.9830 48.0900
v 59.9062 -19.0220 48.3030
v 56.1622 -16.5830 53.8580
v 59.0502 -16.6910 48.0430
v 71.3602 -19.0690 51.5190
v 68.3112 -19.0460 58.0440
v 64.4302 -19.8070 49.5730
v 64.4302 -19.6540 49.5730
v 60.4762 -19.4940 55.3520
v 60.4762 -19.9040 55.3520
v 56.9662 -18.8250 54.1460
v 56.9662 -18.9910 54.1460
v 56.2552 -16.8580 53.9030
v 58.0992 -17.1600 50.3940
v 58.0992 -18.9170 50.3940
v 58.9812 -19.0150 50.1890
usemtl Ground
s off
f 3461 3462 3463 3466 3467 3464 3465 3468 3469 3460
usemtl Wall
s off
f 3470 3460 3469 3471
usemtl Wall
s off
f 3472 3462 3461 3473
usemtl Wall
s off
f 3474 3465 3464 3475
usemtl Wall
s off
f 3476 3477 3468 3465 3474
usemtl Wall
s off
f 3475 3464 3467 3478 3479
usemtl Wall
s off
f 3478 3467 3466 3480 3481
usemtl Wall
s off
f 3471 3469 3468 3477
usemtl Wall
s off
f 3480 3466 3463 3482
usemtl Wall
s off
f 3481 3480 3483 3484
usemtl Wall
s off
f 3484 3483 3485
usemtl Wall
s off
f 3482 3463 3462 3472
usemtl Wall
s off
f 3473 3461 3460 3470
usemtl Wall
s off
f 3479 3478 3477 3476
usemtl Roof
s off
f 3477 3478 3481 3484 3485 3471
usemtl Roof
s off
f 3473 3470 3471 3485 3483 3480 3482 3472
usemtl Roof
s off
f 3479 3476 3474 3475
o NL.IMBAG.Pand.0363100012174461_complex
v 55.2002 -0.3430 56.0970
v 55.0742 -0.3430 56.1160
v 54.6922 -0.3430 56.8320
v 54.8622 -0.3430 57.1800
v 54.3502 -0.3430 57.4710
v 53.1842 -0.3430 59.6560
v 65.1282 -0.3430 64.5070
v 67.9852 -0.3430 58.7430
v 68.3112 -0.3430 58.0440
v 56.2552 -0.3430 53.9030
v 55.2482 -0.3430 55.7890
v 67.8482 -0.3430 57.8840
v 58.9812 -0.3430 54.8390
v 57.0192 -0.3430 54.1650
v 53.3412 -0.3430 59.7200
v 65.6172 -0.3430 63.5190
v 67.7062 -0.3430 59.3050
v 55.9552 -19.0590 59.4150
v 55.9552 -19.0530 59.4150
v 56.1712 -19.0520 59.5070
v 65.6172 -18.9950 63.5190
v 65.6172 -18.7510 63.5190
v 65.1282 -16.5470 64.5070
v 54.9902 -18.2040 57.4420
v 54.9902 -19.2050 57.4420
v 54.8212 -19.0980 58.5240
v 55.2002 -19.3370 56.0970
v 55.2002 -16.7560 56.0970
v 56.2022 -18.9990 55.9470
v 56.2022 -19.3850 55.9470
v 55.2482 -16.5370 55.7890
v 56.2552 -16.9070 53.9030
v 57.0192 -19.0240 54.1650
v 58.9812 -19.3000 54.8390
v 57.3302 -19.4390 55.7780
v 57.3302 -19.1330 55.7780
v 58.9812 -19.5820 54.8390
v 67.9852 -17.5230 58.7430
v 67.7062 -17.5710 59.3050
v 54.6922 -19.2520 56.8320
v 55.0742 -19.3310 56.1160
v 54.8622 -17.5200 57.1800
v 54.8622 -19.2250 57.1800
v 54.3502 -16.4740 57.4710
v 53.3412 -16.5140 59.7200
v 53.1842 -16.0020 59.6560
v 54.6512 -19.0920 58.8660
v 54.6512 -19.0600 58.8660
v 53.4692 -16.7660 59.6370
v 53.3412 -16.5180 59.7200
v 67.3042 -19.4660 59.0750
v 67.3042 -19.0170 59.0750
v 67.7062 -19.4580 59.3050
v 68.3112 -17.5190 58.0440
v 67.8482 -19.0450 57.8840
v 67.8482 -19.5950 57.8840
usemtl Ground
s off
f 3497 3498 3499 3495 3496 3486 3487 3488 3489 3490 3491 3500 3492 3501 3502 3493 3494
usemtl Wall
s off
f 3503 3504 3505
usemtl Wall
s off
f 3506 3507 3505
usemtl Wall
s off
f 3507 3501 3492 3508
usemtl Wall
s off
f 3509 3510 3511
usemtl Wall
s off
f 3512 3513 3514 3515
usemtl Wall
s off
f 3513 3486 3496 3516
usemtl Wall
s off
f 3517 3495 3499 3518
usemtl Wall
s off
f 3518 3499 3498 3519
usemtl Wall
s off
f 3520 3521 3519 3522
usemtl Wall
s off
f 3523 3493 3502 3524
usemtl Wall
s off
f 3525 3488 3487 3526
usemtl Wall
s off
f 3510 3509 3527 3528
usemtl Wall
s off
f 3529 3490 3489 3527
usemtl Wall
s off
f 3526 3487 3486 3513 3512
usemtl Wall
s off
f 3515 3514 3521 3520
usemtl Wall
s off
f 3508 3492 3500 3530
usemtl Wall
s off
f 3528 3527 3489 3488 3525
usemtl Wall
s off
f 3516 3496 3495 3517
usemtl Wall
s off
f 3531 3491 3490 3529
usemtl Wall
s off
f 3532 3533 3504 3503
usemtl Wall
s off
f 3533 3532 3534
usemtl Wall
s off
f 3530 3535 3534
usemtl Wall
s off
f 3535 3530 3500 3491 3531
usemtl Wall
s off
f 3536 3537 3524 3538
usemtl Wall
s off
f 3538 3524 3502 3501 3507 3506
usemtl Wall
s off
f 3539 3494 3493 3523
usemtl Wall
s off
f 3540 3497 3494 3539
usemtl Wall
s off
f 3541 3540 3537 3536
usemtl Wall
s off
f 3522 3519 3498 3497 3540 3541
usemtl Roof
s off
f 3521 3514 3518 3519
usemtl Roof
s off
f 3516 3517 3518 3514 3513
usemtl Roof
s off
f 3530 3534 3532 3503 3505 3507 3508
usemtl Roof
s off
f 3535 3531 3529 3527 3509 3511 3533 3534
usemtl Roof
s off
f 3537 3540 3539 3523 3524
usemtl Roof
s off
f 3522 3541 3536 3538 3506 3505 3504 3533 3511 3510 3528 3525 3526 3512 3515 3520
o NL.IMBAG.Pand.0363100012174462_gable
v 65.1282 -0.2960 64.5070
v 53.1232 -0.2960 59.6220
v 49.8782 -0.2960 65.2760
v 62.1622 -0.2960 70.2700
v 61.2892 -20.3830 67.9360
v 61.2892 -19.5450 67.9360
v 60.7122 -19.5460 69.2570
v 60.7122 -20.5420 69.2570
v 49.8782 -19.6110 65.2760
v 53.1232 -19.6030 59.6220
v 65.1282 -19.5300 64.5070
v 62.1622 -19.5360 70.2700
v 58.9332 -19.5560 68.5530
v 58.9332 -20.5230 68.5530
v 59.2192 -20.3820 67.3090
v 59.2192 -19.5570 67.3090
v 58.7862 -19.5580 68.1620
v 58.7862 -20.4860 68.1620
usemtl Ground
s off
f 3542 3543 3544 3545
usemtl Wall
s off
f 3546 3547 3548 3549
usemtl Wall
s off
f 3550 3544 3543 3551
usemtl Wall
s off
f 3552 3542 3545 3553
usemtl Wall
s off
f 3553 3545 3544 3550
usemtl Wall
s off
f 3551 3543 3542 3552
usemtl Wall
s off
f 3549 3548 3554 3555
usemtl Wall
s off
f 3556 3557 3547 3546
usemtl Wall
s off
f 3555 3554 3558 3559
usemtl Wall
s off
f 3559 3558 3557 3556
usemtl Roof
s off
f 3551 3552 3553 3550
usemtl Roof
s off
f 3559 3556 3546 3549 3555
o NL.IMBAG.Pand.0363100012184355_flat
v -53.3428 -0.5090 30.8590
v -47.4898 -0.5090 33.5030
v -46.7218 -0.5090 31.7810
v -49.6638 -0.5090 30.3830
v -49.2388 -0.5090 29.4800
v -52.0608 -0.5090 28.0850
v -49.2388 -2.8540 29.4800
v -49.6638 -2.8280 30.3830
v -52.0608 -2.8050 28.0850
v -47.4898 -2.8320 33.5030
v -53.3428 -2.7280 30.8590
v -46.7218 -2.8800 31.7810
usemtl Ground
s off
f 3560 3561 3562 3563 3564 3565
usemtl Wall
s off
f 3566 3564 3563 3567
usemtl Wall
s off
f 3568 3565 3564 3566
usemtl Wall
s off
f 3569 3561 3560 3570
usemtl Wall
s off
f 3571 3562 3561 3569
usemtl Wall
s off
f 3567 3563 3562 3571
usemtl Wall
s off
f 3570 3560 3565 3568
usemtl Roof
s off
f 3570 3568 3566 3567 3571 3569
o NL.IMBAG.Pand.0363100012186218_flat
v -2.4188 -0.0000 58.5640
v 0.3692 -0.0000 60.7170
v 2.6812 -0.0000 57.7250
v 2.0622 -0.0000 57.2680
v -0.1198 -0.0000 55.5850
v 2.6812 -4.1620 57.7250
v 0.3692 -4.1940 60.7170
v 2.0622 -4.1450 57.2680
v -2.4188 -4.1110 58.5640
v -0.1198 -4.0800 55.5850
usemtl Ground
s off
f 3572 3573 3574 3575 3576
usemtl Wall
s off
f 3577 3574 3573 3578
usemtl Wall
s off
f 3579 3575 3574 3577
usemtl Wall
s off
f 3580 3572 3576 3581
usemtl Wall
s off
f 3581 3576 3575 3579
usemtl Wall
s off
f 3578 3573 3572 3580
usemtl Roof
s off
f 3578 3580 3581 3579 3577
o NL.IMBAG.Pand.0363100012189238_flat
v -90.8608 -0.4790 5.5630
v -95.6698 -0.4790 3.3530
v -97.9298 -0.4790 8.2530
v -93.1498 -0.4790 10.4840
v -95.6698 -3.1100 3.3530
v -90.8608 -3.1180 5.5630
v -93.1498 -3.0390 10.4840
v -97.9298 -3.0310 8.2530
usemtl Ground
s off
f 3582 3583 3584 3585
usemtl Wall
s off
f 3586 3583 3582 3587
usemtl Wall
s off
f 3587 3582 3585 3588
usemtl Wall
s off
f 3589 3584 3583 3586
usemtl Wall
s off
f 3588 3585 3584 3589
usemtl Roof
s off
f 3588 3589 3586 3587
o NL.IMBAG.Pand.0363100012191579_flat
v -40.3398 -0.6690 34.8130
v -44.3238 -0.6690 32.9210
v -45.6438 -0.6690 35.7020
v -43.0708 -0.6690 36.9530
v -41.6008 -0.6690 37.5440
v -44.3238 -3.0570 32.9210
v -40.3398 -3.2870 34.8130
v -43.0708 -3.1970 36.9530
v -45.6438 -3.0480 35.7020
v -41.6008 -3.2800 37.5440
usemtl Ground
s off
f 3590 3591 3592 3593 3594
usemtl Wall
s off
f 3595 3591 3590 3596
usemtl Wall
s off
f 3597 3593 3592 3598
usemtl Wall
s off
f 3598 3592 3591 3595
usemtl Wall
s off
f 3599 3594 3593 3597
usemtl Wall
s off
f 3596 3590 3594 3599
usemtl Roof
s off
f 3596 3599 3597 3598 3595
o NL.IMBAG.Pand.0363100012216872_flat
v 40.0312 -0.1370 -51.6690
v 36.5182 -0.1370 -52.1460
v 35.4552 -0.1370 -44.4670
v 38.9922 -0.1370 -43.9900
v 36.5182 -3.7340 -52.1460
v 40.0312 -3.7310 -51.6690
v 38.9922 -3.7360 -43.9900
v 35.4552 -3.7400 -44.4670
usemtl Ground
s off
f 3600 3601 3602 3603
usemtl Wall
s off
f 3604 3601 3600 3605
usemtl Wall
s off
f 3605 3600 3603 3606
usemtl Wall
s off
f 3607 3602 3601 3604
usemtl Wall
s off
f 3606 3603 3602 3607
usemtl Roof
s off
f 3606 3607 3604 3605
o NL.IMBAG.Pand.0363100012220104_flat
v -56.0568 -0.3400 26.1100
v -57.4498 -0.3400 29.2830
v -57.3398 -0.3400 30.3930
v -53.8578 -0.3400 31.9750
v -52.0608 -0.3400 28.0850
v -57.4498 -3.2430 29.2830
v -56.0568 -3.2080 26.1100
v -52.0608 -3.2880 28.0850
v -57.3398 -3.2620 30.3930
v -53.8578 -3.3300 31.9750
usemtl Ground
s off
f 3608 3609 3610 3611 3612
usemtl Wall
s off
f 3613 3609 3608 3614
usemtl Wall
s off
f 3614 3608 3612 3615
usemtl Wall
s off
f 3616 3610 3609 3613
usemtl Wall
s off
f 3617 3611 3610 3616
usemtl Wall
s off
f 3615 3612 3611 3617
usemtl Roof
s off
f 3615 3617 3616 3613 3614
o NL.IMBAG.Pand.0363100012224536_flat
v -28.2348 -0.4880 -26.8420
v -24.7008 -0.4880 -25.1920
v -23.6738 -0.4880 -27.3940
v -23.8818 -0.4880 -27.4760
v -23.8058 -0.4880 -27.7000
v -27.1158 -0.4880 -29.2430
v -24.7008 -3.3400 -25.1920
v -28.2348 -3.2830 -26.8420
v -27.1158 -3.2540 -29.2430
v -23.6738 -3.3130 -27.3940
v -23.8818 -3.3100 -27.4760
v -23.8058 -3.3070 -27.7000
usemtl Ground
s off
f 3618 3619 3620 3621 3622 3623
usemtl Wall
s off
f 3624 3619 3618 3625
usemtl Wall
s off
f 3625 3618 3623 3626
usemtl Wall
s off
f 3627 3620 3619 3624
usemtl Wall
s off
f 3628 3621 3620 3627
usemtl Wall
s off
f 3629 3622 3621 3628
usemtl Wall
s off
f 3626 3623 3622 3629
usemtl Roof
s off
f 3626 3629 3628 3627 3624 3625
o NL.IMBAG.Pand.0363100012235050_flat
v -38.4498 -0.8720 34.2240
v -36.1608 -0.8720 35.3640
v -34.3708 -0.8720 31.5230
v -36.4898 -0.8720 30.4330
v -36.1608 -3.1980 35.3640
v -38.4498 -2.8920 34.2240
v -34.3708 -3.1310 31.5230
v -36.4898 -2.8450 30.4330
usemtl Ground
s off
f 3630 3631 3632 3633
usemtl Wall
s off
f 3634 3631 3630 3635
usemtl Wall
s off
f 3636 3632 3631 3634
usemtl Wall
s off
f 3635 3630 3633 3637
usemtl Wall
s off
f 3637 3633 3632 3636
usemtl Roof
s off
f 3637 3636 3634 3635
o NL.IMBAG.Pand.0363100012236011_tri-slope
v -19.3718 -0.5510 -29.9090
v -21.7018 -0.5510 -24.9280
v -17.1738 -0.5510 -22.8100
v -15.5168 -0.5510 -26.3490
v -13.6208 -0.5510 -25.4470
v -10.8998 -0.5510 -31.0460
v -7.7388 -0.5510 -37.6260
v -14.3618 -0.5510 -40.7330
v -13.1568 -0.5510 -26.4010
v -19.3188 -0.5510 -30.0230
v -21.7018 -3.3810 -24.9280
v -19.3718 -3.4950 -29.9090
v -7.7388 -16.1970 -37.6260
v -10.8998 -16.4260 -31.0460
v -13.1568 -3.3630 -26.4010
v -13.1568 -16.5870 -26.4010
v -15.5168 -3.3770 -26.3490
v -17.1738 -3.2960 -22.8100
v -13.6208 -3.3410 -25.4470
v -19.3188 -3.4970 -30.0230
v -19.3188 -16.4590 -30.0230
v -14.3618 -16.0870 -40.7330
v -12.3658 -17.2750 -32.7160
v -12.3658 -16.3670 -32.7160
v -14.3448 -16.3800 -32.3340
v -14.3448 -17.2850 -32.3340
v -13.4238 -17.2170 -34.5710
v -13.4238 -16.3020 -34.5710
v -15.0878 -17.2240 -34.2780
v -15.0878 -16.3120 -34.2780
usemtl Ground
s off
f 3638 3639 3640 3641 3642 3646 3643 3644 3645 3647
usemtl Wall
s off
f 3648 3639 3638 3649
usemtl Wall
s off
f 3650 3644 3643 3651
usemtl Wall
s off
f 3651 3643 3646 3652 3653
usemtl Wall
s off
f 3654 3641 3640 3655
usemtl Wall
s off
f 3656 3642 3641 3654
usemtl Wall
s off
f 3655 3640 3639 3648
usemtl Wall
s off
f 3649 3638 3647 3657
usemtl Wall
s off
f 3658 3657 3647 3645 3659
usemtl Wall
s off
f 3659 3645 3644 3650
usemtl Wall
s off
f 3652 3646 3642 3656
usemtl Wall
s off
f 3660 3661 3662 3663
usemtl Wall
s off
f 3664 3665 3661 3660
usemtl Wall
s off
f 3666 3667 3665 3664
usemtl Wall
s off
f 3663 3662 3667 3666
usemtl Wall
s off
f 3653 3652 3657 3658
usemtl Roof
s off
f 3657 3652 3656 3654 3655 3648 3649
usemtl Roof
s off
f 3663 3666 3664 3660
usemtl Roof
s off
f 3653 3658 3659 3650 3651
o NL.IMBAG.Pand.0363100012236066_complex
v -79.0598 -0.7740 79.8730
v -61.6698 -0.7740 88.2950
v -61.5798 -0.7740 88.2550
v -54.2798 -0.7740 80.5540
v -54.6588 -0.7740 78.4940
v -65.1148 -0.7740 73.6230
v -64.6888 -0.7740 72.7070
v -72.0488 -0.7740 69.2780
v -72.4758 -0.7740 70.1940
v -74.4698 -0.7740 69.2650
v -73.6448 -0.7740 82.4960
v -69.3108 -0.7740 84.5940
v -66.6108 -0.7740 85.9020
v -78.1858 -0.7740 77.8520
v -57.0228 -0.7740 83.4480
v -55.7818 -0.7740 82.1390
v -54.4308 -0.7740 79.7320
v -62.2148 -0.7740 74.9740
v -75.5168 -0.7740 71.6860
v -77.1008 -0.7740 75.3450
v -64.0908 -0.7740 87.1220
v -72.0488 -13.9500 69.2780
v -64.6888 -13.9080 72.7070
v -72.4758 -15.4360 70.1940
v -65.1148 -15.3930 73.6230
v -72.8378 -17.6720 80.3940
v -72.8378 -15.2990 80.3940
v -72.8378 -1.9900 80.3940
v -78.1858 -1.9150 77.8520
v -78.1858 -17.6340 77.8520
v -62.2148 -16.2200 74.9740
v -62.2148 -15.3770 74.9740
v -54.6588 -15.9090 78.4940
v -57.0088 -18.5820 81.3910
v -57.0088 -18.2070 81.3910
v -55.7818 -15.9790 82.1390
v -55.7818 -18.6280 82.1390
v -54.4308 -17.4810 79.7320
v -54.4308 -16.9870 79.7320
v -55.2078 -17.9450 79.6800
v -69.3108 -15.3090 84.5940
v -69.3108 -7.8950 84.5940
v -73.6448 -1.7930 82.4960
v -73.6448 -15.3320 82.4960
v -61.5798 -16.1650 88.2550
v -61.6698 -16.2260 88.2950
v -63.7488 -18.8260 83.7880
v -63.7488 -19.2260 83.7880
v -62.4228 -18.9440 82.6110
v -72.1618 -17.6680 78.6310
v -72.1618 -17.2590 78.6310
v -72.1618 -15.2710 78.6310
v -74.4698 -15.4480 69.2650
v -75.5168 -19.3280 71.6860
v -65.4388 -19.1090 82.9060
v -65.4388 -7.7450 82.9060
v -65.7688 -7.7850 82.3430
v -65.7688 -19.0080 82.3430
v -65.0908 -7.8020 80.9380
v -65.0908 -18.7020 80.9380
v -64.0188 -20.2290 77.1190
v -64.0188 -19.3630 77.1190
v -63.9188 -19.2020 77.0460
v -63.9188 -20.2940 77.0460
v -64.0908 -20.2950 87.1220
v -66.6108 -7.6930 85.9020
v -66.6108 -18.3630 85.9020
v -65.6278 -7.7140 83.9710
v -65.6278 -17.9260 83.9710
v -69.0158 -15.2680 81.3410
v -69.0158 -8.0050 81.3410
v -57.9118 -20.2120 79.9620
v -57.9118 -20.1980 79.9620
v -57.5838 -20.2320 80.1240
v -57.5838 -20.2110 80.1240
v -69.5968 -15.2710 81.0390
v -69.5968 -8.0500 81.0390
v -64.0188 -19.3230 77.1190
v -64.1828 -19.3320 77.0190
v -58.1398 -19.7330 80.7020
v -58.1398 -20.2580 80.7020
v -58.7138 -19.7820 80.3520
v -57.0788 -18.4830 81.4500
v -57.0788 -18.2240 81.4500
v -57.2378 -18.1650 81.6780
v -65.5458 -7.7270 83.5100
v -65.5458 -17.7410 83.5100
v -65.5458 -19.2340 83.5100
v -57.5838 -20.1910 80.1240
v -65.0768 -7.8050 80.8540
v -65.0768 -17.6900 80.8540
v -65.0768 -18.6850 80.8540
v -64.4748 -19.9290 77.4560
v -64.4748 -19.1100 77.4560
v -64.9048 -18.4840 79.8830
v -64.9048 -18.0960 79.8830
v -62.8248 -17.4420 76.2380
v -62.8248 -18.4080 76.2380
v -57.0228 -16.0190 83.4480
v -57.0228 -16.6070 83.4480
v -71.8188 -17.6650 77.7390
v -70.1578 -16.9650 80.3390
v -70.1578 -15.2690 80.3390
v -77.1008 -17.6290 75.3450
v -69.0458 -8.0420 80.4510
v -69.0458 -15.2580 80.4510
v -69.0458 -17.1230 80.4510
v -54.2798 -15.9310 80.5540
v -79.0598 -1.7210 79.8730
v -57.2858 -17.4300 82.4160
v -61.6458 -18.6190 81.1260
usemtl Ground
s off
f 3670 3682 3683 3671 3684 3672 3685 3673 3674 3675 3676 3677 3686 3687 3681 3668 3678 3679 3680 3688 3669
usemtl Wall
s off
f 3689 3675 3674 3690
usemtl Wall
s off
f 3691 3676 3675 3689
usemtl Wall
s off
f 3690 3674 3673 3692
usemtl Wall
s off
f 3693 3694 3695 3696 3697
usemtl Wall
s off
f 3698 3699 3685 3672 3700
usemtl Wall
s off
f 3701 3702 3703 3704
usemtl Wall
s off
f 3705 3706 3707
usemtl Wall
s off
f 3708 3709 3679 3678 3710 3711
usemtl Wall
s off
f 3712 3670 3669 3713
usemtl Wall
s off
f 3714 3715 3716
usemtl Wall
s off
f 3717 3718 3719 3694 3693
usemtl Wall
s off
f 3720 3677 3676 3691
usemtl Wall
s off
f 3721 3686 3677 3720
usemtl Wall
s off
f 3722 3723 3724 3725
usemtl Wall
s off
f 3725 3724 3726 3727
usemtl Wall
s off
f 3728 3729 3730 3731
usemtl Wall
s off
f 3713 3669 3688 3732
usemtl Wall
s off
f 3692 3673 3685 3699
usemtl Wall
s off
f 3732 3688 3680 3733 3734
usemtl Wall
s off
f 3734 3733 3735 3736
usemtl Wall
s off
f 3737 3738 3709 3708
usemtl Wall
s off
f 3733 3680 3679 3709
usemtl Wall
s off
f 3739 3740 3731
usemtl Wall
s off
f 3741 3742 3707
usemtl Wall
s off
f 3743 3744 3738 3737
usemtl Wall
s off
f 3729 3745 3746
usemtl Wall
s off
f 3747 3748 3749
usemtl Wall
s off
f 3750 3751 3702 3701
usemtl Wall
s off
f 3751 3750 3752
usemtl Wall
s off
f 3736 3735 3753 3754
usemtl Wall
s off
f 3715 3714 3754 3755
usemtl Wall
s off
f 3755 3754 3753 3723 3722
usemtl Wall
s off
f 3742 3756 3740 3739
usemtl Wall
s off
f 3727 3726 3757 3758 3759
usemtl Wall
s off
f 3760 3761 3745 3729 3728
usemtl Wall
s off
f 3762 3763 3761 3760
usemtl Wall
s off
f 3731 3730 3764 3765
usemtl Wall
s off
f 3765 3764 3699 3698
usemtl Wall
s off
f 3704 3703 3683 3682 3766 3767
usemtl Wall
s off
f 3718 3717 3768
usemtl Wall
s off
f 3769 3770 3719 3718
usemtl Wall
s off
f 3771 3687 3686 3721
usemtl Wall
s off
f 3759 3758 3763 3762
usemtl Wall
s off
f 3758 3757 3772 3773 3774
usemtl Wall
s off
f 3775 3671 3683 3703
usemtl Wall
s off
f 3748 3747 3756 3742 3741
usemtl Wall
s off
f 3700 3672 3684 3706 3705
usemtl Wall
s off
f 3706 3684 3671 3775
usemtl Wall
s off
f 3776 3668 3681 3696
usemtl Wall
s off
f 3711 3710 3695 3694
usemtl Wall
s off
f 3710 3678 3668 3776
usemtl Wall
s off
f 3697 3696 3681 3687 3771
usemtl Wall
s off
f 3774 3773 3770 3769
usemtl Wall
s off
f 3773 3772 3744 3743
usemtl Wall
s off
f 3766 3682 3670 3712
usemtl Wall
s off
f 3767 3766 3777
usemtl Roof
s off
f 3762 3778 3716 3715 3755 3722 3725 3727 3759
usemtl Roof
s off
f 3756 3747 3749 3778 3762 3760 3728 3731 3740
usemtl Roof
s off
f 3700 3705 3707 3742 3739 3731 3765 3698
usemtl Roof
s off
f 3721 3746 3745 3761 3763 3758 3774 3769 3718 3768 3771
usemtl Roof
s off
f 3710 3776 3696 3695
usemtl Roof
s off
f 3697 3771 3768 3717 3693
usemtl Roof
s off
f 3773 3743 3737 3708 3711 3694 3719 3770
usemtl Roof
s off
f 3744 3772 3757 3726 3724 3723 3753 3735 3733 3709 3738
usemtl Roof
s off
f 3746 3721 3720 3691 3689 3690 3692 3699 3764 3730 3729
usemtl Roof
s off
f 3732 3748 3741 3707 3706 3775 3703 3702 3751 3752 3777 3766 3712 3713
usemtl Roof
s off
f 3767 3777 3752 3750 3701 3704
usemtl Roof
s off
f 3748 3732 3734 3736 3754 3714 3716 3778 3749
o NL.IMBAG.Pand.0363100012236070_tri-slope
v -58.5508 -0.3750 35.4230
v -60.5808 -0.3750 40.0140
v -66.0988 -0.3750 51.4340
v -63.4168 -0.3750 52.6790
v -54.4118 -0.3750 33.1730
v -59.7548 -0.3750 30.6620
v -61.3748 -0.3750 34.0860
v -60.9028 -0.3750 40.6810
v -58.4578 -0.3750 41.9370
v -65.5678 -0.3750 50.3350
v -62.9378 -0.3750 51.6400
v -66.0988 -15.1570 51.4340
v -65.5678 -16.1540 50.3350
v -58.5508 -3.3130 35.4230
v -61.3748 -3.1170 34.0860
v -59.7548 -3.0740 30.6620
v -54.4118 -3.4440 33.1730
v -62.9378 -16.1820 51.6400
v -63.4168 -15.2490 52.6790
v -58.4578 -3.5590 41.9370
v -60.5808 -3.3780 40.0140
v -60.9028 -3.3860 40.6810
v -60.9028 -15.9470 40.6810
v -58.4578 -15.9740 41.9370
usemtl Ground
s off
f 3780 3786 3788 3781 3782 3789 3787 3783 3784 3785 3779
usemtl Wall
s off
f 3790 3781 3788 3791
usemtl Wall
s off
f 3792 3779 3785 3793
usemtl Wall
s off
f 3793 3785 3784 3794
usemtl Wall
s off
f 3794 3784 3783 3795
usemtl Wall
s off
f 3796 3789 3782 3797
usemtl Wall
s off
f 3797 3782 3781 3790
usemtl Wall
s off
f 3795 3783 3787 3798
usemtl Wall
s off
f 3799 3780 3779 3792
usemtl Wall
s off
f 3791 3788 3786 3800 3801
usemtl Wall
s off
f 3801 3800 3798 3802
usemtl Wall
s off
f 3802 3798 3787 3789 3796
usemtl Wall
s off
f 3800 3786 3780 3799
usemtl Roof
s off
f 3796 3791 3801 3802
usemtl Roof
s off
f 3791 3796 3797 3790
usemtl Roof
s off
f 3800 3799 3792 3793 3794 3795 3798
o NL.IMBAG.Pand.0363100012236078_complex
v -40.8908 -0.6850 -15.3860
v -45.8188 -0.6850 -5.6150
v -40.3328 -0.6850 -3.0410
v -33.4108 -0.6850 -17.6660
v -32.7198 -0.6850 -19.0760
v -37.9998 -0.6850 -21.5960
v -39.6578 -0.6850 -18.0350
v -34.6688 -0.6850 -15.0080
v -33.2798 -0.6850 -17.9340
v -39.2848 -0.6850 -18.8360
v -38.5368 -0.6850 -20.4430
v -40.3328 -14.9350 -3.0410
v -45.8188 -14.8800 -5.6150
v -38.0268 -2.3730 -20.1050
v -38.0268 -0.4700 -20.1050
v -37.6108 -0.5340 -19.3080
v -37.6108 -2.4950 -19.3080
v -40.8908 -14.4040 -15.3860
v -39.6578 -10.1420 -18.0350
v -39.6578 -14.2760 -18.0350
v -38.5978 -9.7760 -16.9860
v -38.5978 -14.3100 -16.9860
v -38.0668 -2.9790 -20.1820
v -38.0668 -2.3610 -20.1820
v -38.5368 -2.3490 -20.4430
v -38.5368 -2.9560 -20.4430
v -37.9998 -2.8970 -21.5960
v -38.0128 -0.6330 -18.3640
v -38.0128 -2.7130 -18.3640
v -38.7068 -9.6760 -18.7520
v -38.7068 -2.6940 -18.7520
v -38.0128 -7.9100 -18.3640
v -38.0128 -9.4110 -18.3640
v -38.0268 -2.9840 -20.1050
v -37.5338 -2.9870 -20.1920
v -37.5338 -0.4490 -20.1920
v -38.5978 -8.1060 -16.9860
v -39.2848 -2.7250 -18.8360
v -39.2848 -9.9160 -18.8360
v -35.2778 -5.5670 -18.6340
v -35.2778 -3.1150 -18.6340
v -35.1578 -3.0990 -18.9310
v -35.1578 -5.5620 -18.9310
v -36.7518 -0.6650 -17.6600
v -36.7518 -7.9170 -17.6600
v -36.1278 -3.0730 -19.1060
v -36.1278 -0.5130 -19.1060
v -36.1078 -0.4810 -19.4350
v -36.1078 -3.0540 -19.4350
v -32.7198 -3.1310 -19.0760
v -33.2798 -3.1880 -17.9340
v -33.2798 -5.5950 -17.9340
v -36.2758 -7.9950 -16.7470
v -36.2758 -5.5980 -16.7470
v -35.8498 -5.6170 -15.9300
v -35.8498 -8.0650 -15.9300
v -35.7158 -14.4050 -14.1340
v -35.7158 -8.2670 -14.1340
v -34.9908 -8.0920 -15.2600
v -34.9908 -14.3480 -15.2600
v -34.9908 -5.6370 -15.2600
v -34.6688 -5.6440 -15.0080
v -34.6688 -14.3560 -15.0080
v -33.4108 -5.6000 -17.6660
v -36.2758 -0.7380 -16.7470
v -36.1278 -5.5520 -19.1060
usemtl Ground
s off
f 3806 3811 3807 3808 3813 3812 3809 3803 3804 3805 3810
usemtl Wall
s off
f 3814 3805 3804 3815
usemtl Wall
s off
f 3816 3817 3818 3819
usemtl Wall
s off
f 3820 3803 3809 3821 3822
usemtl Wall
s off
f 3815 3804 3803 3820
usemtl Wall
s off
f 3822 3821 3823 3824
usemtl Wall
s off
f 3825 3826 3827 3828
usemtl Wall
s off
f 3828 3827 3813 3808 3829
usemtl Wall
s off
f 3819 3818 3830 3831
usemtl Wall
s off
f 3832 3833 3831 3834 3835
usemtl Wall
s off
f 3836 3816 3826 3825
usemtl Wall
s off
f 3837 3838 3817 3816 3836
usemtl Wall
s off
f 3835 3834 3839 3823
usemtl Wall
s off
f 3821 3809 3812 3840 3841
usemtl Wall
s off
f 3841 3840 3833 3832
usemtl Wall
s off
f 3840 3812 3813 3827
usemtl Wall
s off
f 3842 3843 3844 3845
usemtl Wall
s off
f 3834 3831 3830 3846 3847
usemtl Wall
s off
f 3848 3849 3850 3851
usemtl Wall
s off
f 3852 3807 3811 3853
usemtl Wall
s off
f 3845 3844 3853 3854
usemtl Wall
s off
f 3855 3856 3857 3858
usemtl Wall
s off
f 3851 3850 3838 3837
usemtl Wall
s off
f 3829 3808 3807 3852
usemtl Wall
s off
f 3859 3860 3861 3862
usemtl Wall
s off
f 3862 3861 3863 3864 3865
usemtl Wall
s off
f 3858 3857 3863 3861
usemtl Wall
s off
f 3824 3823 3839 3860 3859
usemtl Wall
s off
f 3866 3806 3810 3864
usemtl Wall
s off
f 3865 3864 3810 3805 3814
usemtl Wall
s off
f 3854 3853 3811 3806 3866
usemtl Wall
s off
f 3847 3846 3867 3856 3855
usemtl Wall
s off
f 3856 3867 3849 3848 3868
usemtl Wall
s off
f 3868 3848 3843 3842
usemtl Roof
s off
f 3841 3832 3835 3823 3821
usemtl Roof
s off
f 3840 3827 3826 3816 3819 3831 3833
usemtl Roof
s off
f 3865 3814 3815 3820 3822 3824 3859 3862
usemtl Roof
s off
f 3849 3867 3846 3830 3818 3817 3838 3850
usemtl Roof
s off
f 3847 3855 3858 3861 3860 3839 3834
usemtl Roof
s off
f 3868 3842 3845 3854 3866 3864 3863 3857 3856
usemtl Roof
s off
f 3843 3848 3851 3837 3836 3825 3828 3829 3852 3853 3844
o NL.IMBAG.Pand.0363100012236312_complex
v -24.7058 -0.5180 -81.7090
v -24.9928 -0.5180 -81.2740
v -27.6918 -0.5180 -82.7950
v -27.5988 -0.5180 -83.1280
v -27.8598 -0.5180 -83.2570
v -25.5508 -0.5180 -88.4560
v -30.2498 -0.5180 -90.7060
v -32.9608 -0.5180 -91.8760
v -35.3208 -0.5180 -86.6960
v -42.6798 -0.5180 -90.2060
v -50.2118 -0.5180 -74.1190
v -21.9888 -0.5180 -60.8270
v -17.3498 -0.5180 -71.1270
v -18.0888 -0.5180 -71.4590
v -18.4438 -0.5180 -70.6360
v -20.2898 -0.5180 -71.6860
v -19.8968 -0.5180 -72.5870
v -20.3108 -0.5180 -73.9870
v -23.1398 -0.5180 -75.3860
v -22.8308 -0.5180 -75.9350
v -23.0508 -0.5180 -80.8960
v -44.9258 -0.5180 -85.4090
v -23.0688 -0.5180 -75.5140
v -45.9098 -0.5180 -83.3070
v -49.6208 -0.5180 -75.3790
v -48.8228 -0.5180 -73.4650
v -36.5658 -0.5180 -67.6920
v -18.6688 -0.5180 -68.1980
v -35.3208 -4.3790 -86.6960
v -32.9608 -4.1340 -91.8760
v -30.2498 -4.1110 -90.7060
v -26.0118 -16.7910 -72.2710
v -26.0118 -13.9810 -72.2710
v -18.6688 -13.9920 -68.1980
v -18.6688 -16.8050 -68.1980
v -21.9888 -16.9010 -60.8270
v -27.1188 -5.2570 -78.0580
v -27.1188 -4.4920 -78.0580
v -26.3258 -4.4290 -79.2580
v -26.3258 -5.2200 -79.2580
v -42.6798 -4.4310 -90.2060
v -25.5508 -4.0780 -88.4560
v -27.8598 -4.3220 -83.2570
v -23.0508 -4.2900 -80.8960
v -22.8308 -4.4640 -75.9350
v -44.9258 -13.8980 -85.4090
v -44.9258 -4.6590 -85.4090
v -44.5968 -4.6960 -84.1590
v -44.5968 -12.6010 -84.1590
v -44.5968 -13.9210 -84.1590
v -45.9098 -13.9520 -83.3070
v -43.8238 -10.4160 -85.6990
v -43.8238 -4.6220 -85.6990
v -41.1108 -4.5950 -84.6280
v -41.1108 -9.9300 -84.6280
v -44.4828 -13.9290 -83.7240
v -44.4828 -13.0130 -83.7240
v -41.1108 -13.8760 -84.6280
v -45.9098 -16.7540 -83.3070
v -29.8438 -13.9760 -74.3960
v -29.8438 -16.7840 -74.3960
v -24.6968 -5.1890 -78.4740
v -24.6968 -4.4180 -78.4740
v -24.4978 -4.4670 -76.9750
v -24.4978 -5.2050 -76.9750
v -25.5338 -5.2120 -78.3470
v -25.5338 -4.4430 -78.3470
v -18.0888 -13.9190 -71.4590
v -17.3498 -13.9180 -71.1270
v -50.2118 -18.1400 -74.1190
v -49.6208 -16.8570 -75.3790
v -49.6208 -17.7250 -75.3790
v -48.3448 -17.6380 -74.6280
v -48.3448 -16.8600 -74.6280
v -48.3448 -15.8860 -74.6280
v -48.8228 -15.8740 -73.4650
v -48.8228 -18.0070 -73.4650
v -36.5658 -15.9050 -67.6920
v -36.5658 -16.8870 -67.6920
v -48.1588 -16.8540 -75.0820
v -48.1588 -15.8900 -75.0820
v -40.1338 -16.8780 -69.7930
v -40.1338 -15.8990 -69.7930
v -24.7058 -4.3010 -81.7090
v -24.9928 -4.3240 -81.2740
v -24.4978 -13.8680 -76.9750
v -24.3688 -4.4630 -77.0080
v -24.3688 -13.8660 -77.0080
v -23.0688 -13.8840 -75.5140
v -23.0688 -4.4850 -75.5140
v -23.1398 -13.8880 -75.3860
v -20.2898 -13.9360 -71.6860
v -18.4438 -13.9390 -70.6360
v -20.3108 -13.8880 -73.9870
v -27.6918 -4.3350 -82.7950
v -19.8968 -13.9130 -72.5870
v -26.3188 -13.8890 -76.8720
v -26.3188 -5.2530 -76.8720
v -26.1138 -5.2510 -76.5680
v -26.1138 -13.8930 -76.5680
v -31.1878 -4.4950 -80.7090
v -31.1878 -13.8580 -80.7090
v -28.2768 -16.8010 -72.2120
v -28.2768 -14.0050 -72.2120
v -27.5988 -4.3200 -83.1280
v -31.8948 -4.5710 -79.0730
v -31.8948 -13.8990 -79.0730
v -26.3188 -4.5150 -76.8720
v -26.8818 -13.9020 -76.4960
v -26.8818 -4.5430 -76.4960
usemtl Ground
s off
f 3872 3873 3874 3875 3876 3877 3878 3890 3892 3893 3879 3894 3895 3880 3896 3881 3882 3883 3884 3885 3886 3887 3891 3888 3889 3869 3870 3871
usemtl Wall
s off
f 3897 3877 3876 3898
usemtl Wall
s off
f 3898 3876 3875 3899
usemtl Wall
s off
f 3900 3901 3902 3903
usemtl Wall
s off
f 3903 3902 3896 3880 3904
usemtl Wall
s off
f 3905 3906 3907 3908
usemtl Wall
s off
f 3909 3878 3877 3897
usemtl Wall
s off
f 3899 3875 3874 3910
usemtl Wall
s off
f 3910 3874 3873 3911
usemtl Wall
s off
f 3912 3889 3888 3913
usemtl Wall
s off
f 3914 3915 3916 3917 3918
usemtl Wall
s off
f 3915 3890 3878 3909
usemtl Wall
s off
f 3919 3892 3890 3915 3914
usemtl Wall
s off
f 3920 3921 3922 3923
usemtl Wall
s off
f 3924 3925 3923 3926
usemtl Wall
s off
f 3927 3919 3928 3929
usemtl Wall
s off
f 3930 3931 3932 3933
usemtl Wall
s off
f 3934 3935 3931 3930
usemtl Wall
s off
f 3936 3882 3881 3937
usemtl Wall
s off
f 3937 3881 3896 3902
usemtl Wall
s off
f 3938 3879 3893 3939 3940
usemtl Wall
s off
f 3939 3893 3892 3919 3927
usemtl Wall
s off
f 3941 3942 3943 3944 3945
usemtl Wall
s off
f 3945 3944 3894 3879 3938
usemtl Wall
s off
f 3904 3880 3895 3946 3947
usemtl Wall
s off
f 3948 3949 3943 3942
usemtl Wall
s off
f 3950 3951 3949 3948
usemtl Wall
s off
f 3940 3939 3942 3941
usemtl Wall
s off
f 3947 3946 3951 3950
usemtl Wall
s off
f 3946 3895 3894 3944
usemtl Wall
s off
f 3952 3869 3889 3912
usemtl Wall
s off
f 3953 3870 3869 3952
usemtl Wall
s off
f 3908 3907 3935 3934
usemtl Wall
s off
f 3954 3933 3932 3955 3956
usemtl Wall
s off
f 3957 3958 3891 3887 3959
usemtl Wall
s off
f 3956 3955 3958 3957
usemtl Wall
s off
f 3913 3888 3891 3958
usemtl Wall
s off
f 3960 3884 3883 3961
usemtl Wall
s off
f 3961 3883 3882 3936
usemtl Wall
s off
f 3959 3887 3886 3962
usemtl Wall
s off
f 3963 3871 3870 3953
usemtl Wall
s off
f 3962 3886 3885 3964
usemtl Wall
s off
f 3964 3885 3884 3960
usemtl Wall
s off
f 3918 3917 3925 3924
usemtl Wall
s off
f 3917 3916 3921 3920
usemtl Wall
s off
f 3965 3966 3967 3968
usemtl Wall
s off
f 3968 3967 3933 3954
usemtl Wall
s off
f 3926 3923 3922 3969 3970
usemtl Wall
s off
f 3971 3972 3901 3900
usemtl Wall
s off
f 3973 3872 3871 3963
usemtl Wall
s off
f 3911 3873 3872 3973
usemtl Wall
s off
f 3970 3969 3974 3975
usemtl Wall
s off
f 3929 3928 3972 3971
usemtl Wall
s off
f 3966 3976 3906 3905
usemtl Wall
s off
f 3977 3978 3976 3966 3965
usemtl Wall
s off
f 3975 3974 3978 3977
usemtl Roof
s off
f 3940 3941 3945 3938
usemtl Roof
s off
f 3946 3944 3943 3949 3951
usemtl Roof
s off
f 3917 3920 3923 3925
usemtl Roof
s off
f 3929 3971 3900 3903 3904 3947 3950 3948 3942 3939 3927
usemtl Roof
s off
f 3975 3977 3965 3968 3954 3956 3957 3959 3962 3964 3960 3961 3936 3937 3902 3901 3972 3928 3919 3914 3918 3924 3926 3970
usemtl Roof
s off
f 3966 3905 3908 3934 3930 3933 3967
usemtl Roof
s off
f 3978 3974 3969 3922 3921 3916 3915 3909 3897 3898 3899 3910 3911 3973 3963 3953 3952 3912 3913 3958 3955 3932 3931 3935 3907 3906 3976
o NL.IMBAG.Pand.0363100012236744_gable
v 2.3902 -0.5860 -73.4660
v -1.0898 -0.5860 -88.4150
v -7.5508 -0.5860 -91.2060
v -11.4908 -0.5860 -92.7760
v -12.9598 -0.5860 -89.6670
v -13.6538 -0.5860 -89.5200
v -15.0958 -0.5860 -87.9010
v -14.9158 -0.5860 -87.2120
v -15.8678 -0.5860 -86.9640
v -14.2348 -0.5860 -83.9780
v -14.0838 -0.5860 -84.0180
v -13.9278 -0.5860 -83.4150
v -7.4268 -0.5860 -71.5260
v -6.9598 -0.5860 -71.2460
v -8.7118 -0.5860 -91.6690
v -4.5578 -0.5860 -71.8170
v -4.8578 -16.9160 -75.3970
v -4.8578 -14.0130 -75.3970
v -6.3658 -14.0010 -74.9670
v -6.3658 -16.9040 -74.9670
v -4.6588 -16.9160 -75.0820
v -4.6588 -14.0130 -75.0820
v -7.5508 -16.9550 -91.2060
v -1.0898 -16.9860 -88.4150
v -14.2348 -13.9830 -83.9780
v -15.8678 -13.9840 -86.9640
v 2.3902 -16.9560 -73.4660
v -4.5578 -14.0010 -71.8170
v -4.5578 -16.9050 -71.8170
v -13.9278 -13.9830 -83.4150
v -14.0838 -13.9850 -84.0180
v -14.9158 -13.9910 -87.2120
v -15.0958 -13.9930 -87.9010
v -10.2108 -16.9320 -89.6460
v -10.2108 -14.0330 -89.6460
v -8.7118 -14.0510 -91.6690
v -8.7118 -16.9500 -91.6690
v -12.9598 -14.0140 -89.6670
v -11.4908 -14.0360 -92.7760
v -13.6538 -14.0090 -89.5200
v -7.4268 -13.9810 -71.5260
v -6.9598 -13.9830 -71.2460
usemtl Ground
s off
f 3980 3981 3993 3982 3983 3984 3985 3986 3987 3988 3989 3990 3991 3992 3994 3979
usemtl Wall
s off
f 3995 3996 3997 3998
usemtl Wall
s off
f 3999 4000 3996 3995
usemtl Wall
s off
f 4001 3981 3980 4002
usemtl Wall
s off
f 4003 3988 3987 4004
usemtl Wall
s off
f 4005 3979 3994 4006 4007
usemtl Wall
s off
f 4008 3990 3989 4009
usemtl Wall
s off
f 4010 3986 3985 4011
usemtl Wall
s off
f 4004 3987 3986 4010
usemtl Wall
s off
f 4012 4013 4014 4015
usemtl Wall
s off
f 4015 4014 3993 3981 4001
usemtl Wall
s off
f 4016 3983 3982 4017
usemtl Wall
s off
f 4018 3984 3983 4016
usemtl Wall
s off
f 4019 3991 3990 4008
usemtl Wall
s off
f 4007 4006 4000 3999
usemtl Wall
s off
f 4002 3980 3979 4005
usemtl Wall
s off
f 4017 3982 3993 4014
usemtl Wall
s off
f 4009 3989 3988 4003
usemtl Wall
s off
f 4006 3994 3992 4020
usemtl Wall
s off
f 4020 3992 3991 4019
usemtl Wall
s off
f 4011 3985 3984 4018
usemtl Wall
s off
f 3998 3997 4013 4012
usemtl Roof
s off
f 4013 3997 3996 4000 4006 4020 4019 4008 4009 4003 4004 4010 4011 4018 4016 4017 4014
usemtl Roof
s off
f 3998 4012 4015 4001 4002 4005 4007 3999 3995
o NL.IMBAG.Pand.0363100012236827_complex
v -68.4438 -0.5050 -82.7820
v -68.5278 -0.5050 -82.7510
v -67.2808 -0.5050 -82.1640
v -67.3408 -0.5050 -82.3190
v -64.7928 -0.5050 -81.2490
v -56.5808 -0.5050 -98.9470
v -70.4598 -0.5050 -105.5960
v -74.8198 -0.5050 -96.5670
v -78.8688 -0.5050 -87.6260
v -75.7738 -0.5050 -86.1660
v -75.6158 -0.5050 -86.0920
v -69.7388 -0.5050 -83.3220
v -69.6808 -0.5050 -83.4370
v -69.3278 -0.5050 -83.1530
v -65.9498 -0.5050 -102.8260
v -60.7618 -0.5050 -100.4210
v -62.5568 -0.5050 -96.8090
v -67.3088 -0.5050 -99.6470
v -60.0668 -0.5050 -91.4340
v -59.3508 -0.5050 -92.9770
v -73.3798 -0.5050 -99.5490
v -71.5358 -0.5050 -84.1690
v -63.7768 -0.5050 -83.4390
v -63.3688 -0.5050 -84.3190
v -77.4568 -0.5050 -90.7450
v -77.8098 -0.5050 -89.9660
v -73.2798 -0.5050 -84.9910
v -69.9778 -17.4910 -96.0860
v -69.9778 -14.5220 -96.0860
v -70.4358 -14.6300 -95.2000
v -70.4358 -17.5040 -95.2000
v -67.9488 -16.7880 -83.8700
v -67.9488 -16.7490 -83.8700
v -67.3408 -15.0010 -82.3190
v -67.3408 -15.0030 -82.3190
v -78.8688 -14.8030 -87.6260
v -77.8098 -18.8010 -89.9660
v -70.4598 -4.8060 -105.5960
v -56.5808 -4.7960 -98.9470
v -64.7928 -15.1480 -81.2490
v -63.7768 -18.8040 -83.4390
v -67.2808 -14.8240 -82.1640
v -73.2798 -18.9130 -84.9910
v -75.6158 -15.0690 -86.0920
v -67.3088 -4.8530 -99.6470
v -62.5568 -4.8560 -96.8090
v -62.3918 -13.0200 -93.2500
v -62.3918 -4.8950 -93.2500
v -59.3508 -4.8800 -92.9770
v -59.3508 -9.3820 -92.9770
v -63.6918 -17.4440 -92.3250
v -63.6918 -14.5440 -92.3250
v -63.0118 -14.4200 -93.2470
v -63.0118 -17.4280 -93.2470
v -60.0668 -17.4060 -91.4340
v -60.0668 -14.0290 -91.4340
v -63.3688 -17.5070 -84.3190
v -69.9778 -4.9090 -96.0860
v -63.0118 -4.8990 -93.2470
v -75.7738 -14.8090 -86.1660
v -71.5118 -19.0260 -86.8680
v -71.5118 -18.6070 -86.8680
v -71.8758 -18.5630 -87.0040
v -71.8758 -19.0660 -87.0040
v -71.8758 -18.1550 -87.0040
v -71.7468 -17.4440 -86.1310
v -72.2928 -18.8370 -87.1610
v -72.2928 -19.1110 -87.1610
v -68.9968 -18.8960 -84.9310
v -68.9968 -17.5410 -84.9310
v -73.9618 -19.9580 -91.4260
v -73.9618 -17.5800 -91.4260
v -76.1178 -17.5970 -92.5700
v -76.1178 -19.9660 -92.5700
v -72.2928 -18.5240 -87.1610
v -72.2098 -18.8360 -87.3430
v -68.5278 -16.9290 -82.7510
v -68.4438 -16.8290 -82.7820
v -69.3278 -18.2920 -83.1530
v -69.6808 -18.9590 -83.4370
v -69.6808 -18.9740 -83.4370
v -69.7388 -18.9720 -83.3220
v -77.4568 -17.6290 -90.7450
v -71.3678 -18.8270 -86.9610
v -68.4098 -18.8430 -85.5780
v -68.4098 -18.8040 -85.5780
v -75.4588 -17.5760 -94.0920
v -75.4588 -19.9620 -94.0920
v -73.1518 -17.5580 -92.8820
v -73.1518 -19.9530 -92.8820
v -65.9498 -4.8090 -102.8260
v -74.8198 -17.5480 -96.5670
v -60.7618 -4.8050 -100.4210
v -69.4818 -17.9070 -85.4210
v -62.9708 -17.4270 -93.3020
v -62.9708 -4.8980 -93.3020
v -62.3918 -17.4200 -93.2500
v -73.3798 -4.8910 -99.5490
v -73.3798 -17.5050 -99.5490
v -69.6768 -17.4830 -96.6690
v -69.6768 -4.9010 -96.6690
v -73.5428 -17.5180 -98.2440
v -73.5428 -4.9060 -98.2440
v -73.0198 -4.8900 -99.3890
v -73.0198 -17.5020 -99.3890
v -71.5358 -15.9590 -84.1690
v -72.5088 -18.4940 -87.2420
v -63.7768 -18.8360 -83.4390
v -71.2448 -15.9300 -84.7980
usemtl Ground
s off
f 4042 4032 4033 4034 4021 4022 4023 4024 4025 4043 4044 4039 4040 4026 4027 4041 4028 4045 4046 4029 4030 4031 4047
usemtl Wall
s off
f 4048 4049 4050 4051
usemtl Wall
s off
f 4052 4053 4054 4055
usemtl Wall
s off
f 4056 4029 4046 4057
usemtl Wall
s off
f 4058 4027 4026 4059
usemtl Wall
s off
f 4060 4025 4024 4054
usemtl Wall
s off
f 4061 4043 4025 4060
usemtl Wall
s off
f 4055 4054 4024 4023 4062
usemtl Wall
s off
f 4063 4047 4031 4064
usemtl Wall
s off
f 4065 4038 4037 4066
usemtl Wall
s off
f 4067 4068 4069 4070
usemtl Wall
s off
f 4071 4072 4073 4074
usemtl Wall
s off
f 4075 4076 4039 4044 4077
usemtl Wall
s off
f 4070 4069 4040 4039 4076
usemtl Wall
s off
f 4049 4078 4079 4073
usemtl Wall
s off
f 4080 4030 4029 4056
usemtl Wall
s off
f 4064 4031 4030 4080
usemtl Wall
s off
f 4081 4082 4083 4084
usemtl Wall
s off
f 4085 4083 4086
usemtl Wall
s off
f 4084 4083 4085 4087 4088
usemtl Wall
s off
f 4089 4090 4053 4052
usemtl Wall
s off
f 4091 4092 4093 4094
usemtl Wall
s off
f 4088 4087 4095 4096
usemtl Wall
s off
f 4097 4022 4021 4098
usemtl Wall
s off
f 4062 4023 4022 4097
usemtl Wall
s off
f 4098 4021 4034 4099
usemtl Wall
s off
f 4099 4034 4033 4100
usemtl Wall
s off
f 4101 4100 4033 4032 4102
usemtl Wall
s off
f 4057 4046 4045 4103
usemtl Wall
s off
f 4082 4081 4104
usemtl Wall
s off
f 4105 4106 4104
usemtl Wall
s off
f 4094 4093 4107 4108
usemtl Wall
s off
f 4108 4107 4109 4110
usemtl Wall
s off
f 4111 4035 4038 4065
usemtl Wall
s off
f 4103 4045 4028 4112
usemtl Wall
s off
f 4066 4037 4036 4113
usemtl Wall
s off
f 4113 4036 4035 4111
usemtl Wall
s off
f 4090 4089 4114
usemtl Wall
s off
f 4100 4101 4089
usemtl Wall
s off
f 4115 4116 4068 4067 4117
usemtl Wall
s off
f 4074 4073 4079 4116 4115
usemtl Wall
s off
f 4117 4067 4076 4075
usemtl Wall
s off
f 4059 4026 4040 4069
usemtl Wall
s off
f 4112 4028 4041 4118 4119
usemtl Wall
s off
f 4120 4121 4078 4049 4048
usemtl Wall
s off
f 4122 4123 4121 4120
usemtl Wall
s off
f 4119 4118 4124 4125
usemtl Wall
s off
f 4125 4124 4123 4122
usemtl Wall
s off
f 4126 4042 4047 4063
usemtl Wall
s off
f 4102 4032 4042 4126
usemtl Wall
s off
f 4118 4041 4027 4058
usemtl Wall
s off
f 4095 4087 4127
usemtl Wall
s off
f 4077 4044 4043 4061 4128
usemtl Wall
s off
f 4128 4061 4106 4105
usemtl Wall
s off
f 4051 4050 4072 4071
usemtl Wall
s off
f 4110 4109 4092 4091
usemtl Roof
s off
f 4100 4089 4052 4055 4062 4097 4098 4099
usemtl Roof
s off
f 4076 4067 4070
usemtl Roof
s off
f 4102 4126 4129 4114 4089 4101
usemtl Roof
s off
f 4118 4058 4059 4069 4068 4116 4079 4078 4121 4123 4124
usemtl Roof
s off
f 4087 4063 4064 4080 4127
usemtl Roof
s off
f 4063 4087 4085 4086 4129 4126
usemtl Roof
s off
f 4057 4096 4095 4127 4080 4056
usemtl Roof
s off
f 4077 4103 4112 4119 4125 4122 4120 4048 4051 4071 4074 4115 4117 4075
usemtl Roof
s off
f 4106 4061 4060 4054 4053 4090 4114 4129 4086 4083 4082 4104
usemtl Roof
s off
f 4072 4050 4049 4073
usemtl Roof
s off
f 4110 4091 4094 4108
usemtl Roof
s off
f 4103 4077 4128 4105 4104 4081 4084 4088 4096 4057
o NL.IMBAG.Pand.0363100012237109_complex
v -55.7458 -0.6020 -76.7270
v -55.8608 -0.6020 -76.9080
v -55.3338 -0.6020 -76.5660
v -55.2298 -0.6020 -76.7840
v -54.7828 -0.6020 -76.5600
v -54.8408 -0.6020 -76.3010
v -50.2118 -0.6020 -74.1190
v -42.6798 -0.6020 -90.2060
v -40.2808 -0.6020 -95.0770
v -55.1298 -0.6020 -101.8260
v -56.5808 -0.6020 -98.9470
v -64.8918 -0.6020 -81.0380
v -61.4548 -0.6020 -79.4180
v -61.0178 -0.6020 -79.5620
v -60.6858 -0.6020 -79.4230
v -61.0218 -0.6020 -79.2140
v -46.0798 -0.6020 -96.3370
v -47.6908 -0.6020 -92.3590
v -49.4008 -0.6020 -93.1690
v -49.3498 -0.6020 -93.5430
v -51.3918 -0.6020 -94.0570
v -51.3538 -0.6020 -94.1660
v -52.5608 -0.6020 -94.5380
v -51.9428 -0.6020 -97.0090
v -51.4138 -0.6020 -98.1430
v -45.0888 -0.6020 -85.0610
v -59.8388 -0.6020 -91.9250
v -63.3968 -0.6020 -84.2580
v -63.7868 -0.6020 -83.4190
v -58.8838 -0.6020 -78.2060
v -57.1148 -0.6020 -77.3720
v -52.8008 -0.6020 -75.3390
v -49.0748 -0.6020 -76.5470
v -48.7718 -0.6020 -77.1940
v -54.0568 -18.4660 -78.5720
v -54.0568 -18.4490 -78.5720
v -52.8008 -14.7070 -75.3390
v -52.8008 -14.7870 -75.3390
v -54.3958 -18.9120 -78.5430
v -54.3958 -18.1840 -78.5430
v -50.2118 -14.6930 -74.1190
v -56.5808 -4.0610 -98.9470
v -55.1298 -4.0920 -101.8260
v -40.2808 -4.0410 -95.0770
v -61.0178 -15.2480 -79.5620
v -61.4548 -14.7550 -79.4180
v -57.1478 -19.1950 -87.9360
v -57.1478 -17.5130 -87.9360
v -55.1628 -17.5520 -86.8060
v -55.1628 -19.0640 -86.8060
v -54.7828 -18.2410 -76.5600
v -55.2298 -18.9890 -76.7840
v -58.0398 -17.9520 -80.0820
v -58.0398 -18.9050 -80.0820
v -58.8098 -17.7400 -80.2920
v -54.8408 -18.1630 -76.3010
v -57.8978 -18.9480 -86.7430
v -57.8978 -17.5510 -86.7430
v -59.0418 -17.5950 -85.3230
v -59.0418 -18.6430 -85.3230
v -59.0418 -18.6440 -85.3230
v -59.6168 -18.6870 -85.6820
v -64.8918 -14.7730 -81.0380
v -63.7868 -18.8720 -83.4190
v -57.5378 -18.1530 -79.9450
v -57.5378 -18.0910 -79.9450
v -57.1398 -16.9150 -78.9280
v -57.1398 -17.0450 -78.9280
v -56.6598 -16.4170 -78.3510
v -56.6598 -16.0770 -78.3510
v -56.7088 -16.0830 -78.2470
v -56.7088 -16.2370 -78.2470
v -55.5598 -17.5720 -86.1890
v -55.5598 -18.9360 -86.1890
v -48.7718 -17.8700 -77.1940
v -49.0748 -18.8350 -76.5470
v -49.0748 -18.8790 -76.5470
v -59.8388 -3.9860 -91.9250
v -56.9408 -4.5700 -92.6260
v -56.9408 -3.9970 -92.6260
v -57.4518 -4.0110 -94.0440
v -55.2998 -17.4560 -89.8130
v -55.2998 -10.2370 -89.8130
v -55.6048 -10.2730 -89.1580
v -55.6048 -17.4760 -89.1580
v -49.1388 -5.2320 -88.7840
v -49.1388 -3.9670 -88.7840
v -51.3318 -3.9730 -89.6400
v -49.7658 -14.5480 -87.2370
v -49.7658 -3.9510 -87.2370
v -48.6518 -3.9470 -86.7180
v -48.6518 -14.5380 -86.7180
v -50.1218 -17.6110 -85.1830
v -50.1218 -14.5550 -85.1830
v -48.6518 -17.5640 -86.7180
v -49.8758 -14.5500 -86.9650
v -49.8758 -3.9480 -86.9650
v -45.0888 -17.6220 -85.0610
v -45.0888 -3.9340 -85.0610
v -42.6798 -3.9890 -90.2060
v -56.3388 -17.5430 -87.0460
v -56.3388 -19.0630 -87.0460
v -53.2088 -14.5800 -88.8390
v -53.2088 -3.9630 -88.8390
v -51.5098 -3.9570 -88.0490
v -51.5098 -14.5640 -88.0490
v -54.4368 -18.8670 -79.0360
v -54.4368 -18.8550 -79.0360
v -55.7788 -18.8590 -79.6660
v -55.7788 -18.8660 -79.6660
v -49.4008 -4.0110 -93.1690
v -49.4008 -4.0990 -93.1690
v -49.5488 -4.0120 -93.2390
v -49.3498 -4.0150 -93.5430
v -47.6908 -4.0050 -92.3590
v -47.6908 -5.1140 -92.3590
v -59.8388 -17.3820 -91.9250
v -55.2998 -3.9700 -89.8130
v -55.7418 -17.4850 -88.8660
v -55.7418 -5.0690 -88.8660
v -55.5548 -5.0750 -88.7810
v -55.5548 -17.4880 -88.7810
v -59.0018 -17.5960 -85.2760
v -59.0018 -18.6470 -85.2760
v -42.7078 -5.1350 -94.2530
v -42.7078 -4.0300 -94.2530
v -45.9858 -3.9540 -87.1090
v -45.9858 -5.1280 -87.1090
v -56.0198 -19.8930 -80.6940
v -56.0198 -17.7470 -80.6940
v -57.2328 -17.7270 -81.2810
v -57.2328 -20.0960 -81.2810
v -58.8838 -18.9740 -78.2060
v -61.0218 -15.4650 -79.2140
v -53.2738 -18.8600 -78.4960
v -53.4828 -4.6790 -90.6700
v -53.4828 -3.9810 -90.6700
v -54.3538 -3.9920 -91.8410
v -63.3968 -17.6230 -84.2580
v -52.9048 -5.1750 -98.9420
v -52.9048 -4.0650 -98.9420
v -56.0578 -3.9920 -92.0880
v -56.0578 -5.1210 -92.0880
v -55.6048 -5.0720 -89.1580
v -57.2778 -20.2420 -83.5150
v -57.2778 -17.6550 -83.5150
v -57.2708 -17.6330 -84.2200
v -57.2708 -20.2850 -84.2200
v -56.9738 -17.6390 -84.0350
v -56.9738 -20.2330 -84.0350
v -57.1148 -16.1330 -77.3720
v -56.9418 -16.6040 -78.6150
v -59.6168 -17.5820 -85.6820
v -58.0108 -17.4960 -88.4280
v -58.0108 -19.2530 -88.4280
v -60.6858 -15.2710 -79.4230
v -60.6858 -15.7820 -79.4230
v -59.8378 -16.5800 -79.9520
v -57.3518 -20.1660 -82.1430
v -57.3518 -17.6990 -82.1430
v -57.9058 -17.6860 -82.5380
v -57.9058 -20.2670 -82.5380
v -56.8478 -20.2370 -84.3740
v -56.8478 -17.6280 -84.3740
v -55.1228 -17.6970 -82.3030
v -55.1228 -19.8710 -82.3030
v -47.9968 -3.9600 -87.9410
v -55.9398 -16.9780 -78.4120
v -55.8608 -18.0820 -76.9080
v -55.7458 -18.3530 -76.7270
v -54.3088 -17.5080 -88.2180
v -54.3088 -14.5920 -88.2180
v -54.4688 -14.5940 -88.3110
v -54.4688 -12.3230 -88.3110
v -53.9248 -12.5250 -89.0790
v -53.9248 -14.5870 -89.0790
v -54.4688 -5.1150 -88.3110
v -53.8888 -14.5860 -89.1560
v -53.8888 -12.5200 -89.1560
v -53.8888 -3.9650 -89.1560
v -53.6768 -3.9680 -89.4290
v -53.6768 -14.5840 -89.4290
v -52.4788 -5.1030 -90.9950
v -52.4788 -3.9860 -90.9950
v -55.3078 -17.4920 -88.6700
v -55.3078 -5.0840 -88.6700
v -54.4688 -17.5050 -88.3110
v -52.5608 -4.2850 -94.5380
v -52.5608 -4.0210 -94.5380
v -51.3538 -4.9620 -94.1660
v -51.3918 -4.0180 -94.0570
v -51.3918 -4.9670 -94.0570
v -46.0798 -4.0470 -96.3370
v -51.4138 -4.0590 -98.1430
v -51.9428 -4.0470 -97.0090
v -53.0288 -4.0220 -94.6820
v -43.1708 -4.0330 -94.5940
v -43.1708 -4.8330 -94.5940
v -44.7598 -4.0320 -94.7050
v -60.4108 -19.2870 -84.3270
v -60.4108 -17.6250 -84.3270
v -59.2058 -19.2270 -83.4660
v -59.2058 -17.6540 -83.4660
v -54.7308 -4.0730 -99.8850
v -57.2708 -17.7180 -81.5540
v -57.2708 -17.4150 -81.5540
v -57.5008 -17.7220 -81.4100
v -57.2708 -20.1180 -81.5540
v -57.2608 -19.2140 -88.0610
v -57.2608 -17.5090 -88.0610
v -57.3288 -19.2070 -88.0400
v -57.3288 -17.5100 -88.0400
v -55.4938 -17.4940 -88.6120
v -55.4938 -5.0780 -88.6120
v -55.3338 -18.9990 -76.5660
usemtl Ground
s off
f 4137 4138 4139 4140 4156 4157 4158 4141 4142 4143 4144 4145 4159 4160 4130 4131 4132 4133 4134 4135 4161 4136 4162 4163 4155
usemtl Wall
s off
f 4164 4165 4166 4167
usemtl Wall
s off
f 4168 4169 4165 4164
usemtl Wall
s off
f 4170 4136 4161 4166
usemtl Wall
s off
f 4171 4140 4139 4172
usemtl Wall
s off
f 4172 4139 4138 4173
usemtl Wall
s off
f 4174 4143 4142 4175
usemtl Wall
s off
f 4176 4177 4178 4179
usemtl Wall
s off
f 4180 4134 4133 4181
usemtl Wall
s off
f 4182 4183 4184
usemtl Wall
s off
f 4185 4135 4134 4180
usemtl Wall
s off
f 4186 4187 4188 4189
usemtl Wall
s off
f 4189 4190 4191
usemtl Wall
s off
f 4192 4141 4158 4193
usemtl Wall
s off
f 4194 4195 4196 4197
usemtl Wall
s off
f 4198 4199 4200 4201
usemtl Wall
s off
f 4179 4178 4202 4203
usemtl Wall
s off
f 4204 4163 4162 4205
usemtl Wall
s off
f 4206 4205 4162 4136 4170
usemtl Wall
s off
f 4207 4156 4140 4171
usemtl Wall
s off
f 4208 4209 4210
usemtl Wall
s off
f 4211 4212 4213 4214
usemtl Wall
s off
f 4215 4216 4217
usemtl Wall
s off
f 4218 4219 4220 4221
usemtl Wall
s off
f 4222 4223 4221 4224
usemtl Wall
s off
f 4225 4226 4219 4218
usemtl Wall
s off
f 4227 4228 4155 4163 4204
usemtl Wall
s off
f 4229 4137 4155 4228
usemtl Wall
s off
f 4203 4202 4230 4231
usemtl Wall
s off
f 4232 4233 4234 4235
usemtl Wall
s off
f 4236 4237 4238 4239
usemtl Wall
s off
f 4240 4241 4242
usemtl Wall
s off
f 4243 4149 4148 4240
usemtl Wall
s off
f 4224 4221 4220 4228 4227
usemtl Wall
s off
f 4235 4234 4226 4225
usemtl Wall
s off
f 4241 4240 4148 4147 4244 4245
usemtl Wall
s off
f 4245 4244 4216 4215
usemtl Wall
s off
f 4246 4207 4247 4212 4211
usemtl Wall
s off
f 4248 4249 4250 4251
usemtl Wall
s off
f 4190 4189 4188 4252 4253
usemtl Wall
s off
f 4254 4255 4256 4257
usemtl Wall
s off
f 4258 4259 4260 4261
usemtl Wall
s off
f 4167 4166 4161 4135 4185
usemtl Wall
s off
f 4262 4159 4145 4263
usemtl Wall
s off
f 4237 4236 4264
usemtl Wall
s off
f 4205 4206 4264
usemtl Wall
s off
f 4265 4266 4267
usemtl Wall
s off
f 4268 4157 4156 4207 4246
usemtl Wall
s off
f 4231 4230 4187 4186
usemtl Wall
s off
f 4269 4270 4271 4272
usemtl Wall
s off
f 4214 4213 4273 4249 4248
usemtl Wall
s off
f 4274 4275 4276 4277
usemtl Wall
s off
f 4277 4276 4278 4279
usemtl Wall
s off
f 4280 4160 4159 4262
usemtl Wall
s off
f 4197 4196 4281
usemtl Wall
s off
f 4201 4200 4281
usemtl Wall
s off
f 4191 4282 4283 4284
usemtl Wall
s off
f 4193 4158 4157 4268
usemtl Wall
s off
f 4175 4142 4141 4192
usemtl Wall
s off
f 4263 4145 4144 4285 4286
usemtl Wall
s off
f 4285 4144 4143 4174
usemtl Wall
s off
f 4286 4285 4287
usemtl Wall
s off
f 4288 4289 4290 4291
usemtl Wall
s off
f 4183 4182 4195 4194
usemtl Wall
s off
f 4292 4293 4294 4295
usemtl Wall
s off
f 4279 4278 4293 4292
usemtl Wall
s off
f 4257 4256 4296
usemtl Wall
s off
f 4199 4198 4297
usemtl Wall
s off
f 4169 4168 4297
usemtl Wall
s off
f 4298 4131 4130 4299
usemtl Wall
s off
f 4299 4130 4160 4280
usemtl Wall
s off
f 4300 4301 4223 4222
usemtl Wall
s off
f 4302 4303 4304 4305
usemtl Wall
s off
f 4303 4306 4273 4213
usemtl Wall
s off
f 4307 4308 4309 4310 4311
usemtl Wall
s off
f 4212 4247 4309 4308
usemtl Wall
s off
f 4312 4313 4266 4265
usemtl Wall
s off
f 4305 4304 4308 4307
usemtl Wall
s off
f 4239 4238 4193
usemtl Wall
s off
f 4314 4315 4306 4303 4302 4316
usemtl Wall
s off
f 4311 4310 4233 4232
usemtl Wall
s off
f 4317 4318 4152 4151 4319
usemtl Wall
s off
f 4319 4151 4150 4320 4321
usemtl Wall
s off
f 4322 4146 4154 4323
usemtl Wall
s off
f 4324 4153 4152 4318
usemtl Wall
s off
f 4318 4317 4325
usemtl Wall
s off
f 4326 4327 4328
usemtl Wall
s off
f 4272 4271 4209 4208
usemtl Wall
s off
f 4329 4330 4282 4191
usemtl Wall
s off
f 4331 4332 4330 4329
usemtl Wall
s off
f 4253 4252 4332 4331
usemtl Wall
s off
f 4270 4269 4333
usemtl Wall
s off
f 4291 4290 4275 4274
usemtl Wall
s off
f 4327 4326 4255 4254
usemtl Wall
s off
f 4173 4138 4137 4229
usemtl Wall
s off
f 4320 4150 4149 4243
usemtl Wall
s off
f 4321 4320 4313 4312
usemtl Wall
s off
f 4323 4154 4153 4324
usemtl Wall
s off
f 4244 4147 4146 4322
usemtl Wall
s off
f 4295 4294 4259 4258
usemtl Wall
s off
f 4334 4335 4336
usemtl Wall
s off
f 4337 4334 4289 4288
usemtl Wall
s off
f 4261 4260 4335 4334 4337
usemtl Wall
s off
f 4316 4302 4301 4300
usemtl Wall
s off
f 4338 4339 4177 4176
usemtl Wall
s off
f 4340 4341 4339 4338
usemtl Wall
s off
f 4284 4283 4341 4340
usemtl Wall
s off
f 4342 4343 4315 4314
usemtl Wall
s off
f 4251 4250 4343 4342
usemtl Wall
s off
f 4344 4132 4131 4298
usemtl Wall
s off
f 4181 4133 4132 4344
usemtl Roof
s off
f 4245 4215 4217 4242 4241
usemtl Roof
s off
f 4167 4185 4180 4181 4168 4164
usemtl Roof
s off
f 4286 4287 4184 4183 4262 4263
usemtl Roof
s off
f 4183 4194 4197 4281 4200 4280 4262
usemtl Roof
s off
f 4308 4304 4303 4213 4212
usemtl Roof
s off
f 4193 4238 4237 4264 4206 4170 4166 4165 4169 4297 4198 4201 4281 4196 4195 4182 4184 4287 4285 4174 4175 4192
usemtl Roof
s off
f 4301 4302 4305 4307 4311 4232 4235 4225 4218 4221 4223
usemtl Roof
s off
f 4253 4331 4329 4191 4190
usemtl Roof
s off
f 4333 4269 4272 4208 4210
usemtl Roof
s off
f 4327 4254 4257 4296 4328
usemtl Roof
s off
f 4173 4229 4228 4220 4219 4226 4234 4233 4310 4309 4247 4207 4171 4172
usemtl Roof
s off
f 4321 4312 4265 4267 4325 4317 4319
usemtl Roof
s off
f 4335 4260 4259 4204 4205 4264 4236 4239 4193 4268 4336
usemtl Roof
s off
f 4261 4337 4288 4291 4274 4277 4279 4292 4295 4258
usemtl Roof
s off
f 4343 4250 4249 4273 4306 4315
usemtl Roof
s off
f 4284 4340 4338 4176 4179 4203 4231 4186 4189 4191
usemtl Roof
s off
f 4251 4342 4314 4316 4300 4222 4224 4227 4204 4259 4294 4293 4278 4276 4275 4290 4289 4334 4336 4268 4246 4211 4214 4248
usemtl Roof
s off
f 4181 4344 4298 4299 4280 4200 4199 4297 4168
o NL.IMBAG.Pand.0363100012237184_hip
v -9.9698 -0.5090 -64.2960
v -11.4808 -0.5090 -66.4560
v -14.4998 -0.5090 -67.9760
v -14.5508 -0.5090 -69.0070
v -17.6498 -0.5090 -70.4470
v -21.9888 -0.5090 -60.8270
v -11.2008 -0.5090 -55.7660
v -5.7778 -0.5090 -53.1900
v -3.3198 -0.5090 -58.9870
v -2.0298 -0.5090 -59.2860
v -1.7198 -0.5090 -59.5960
v -4.5508 -0.5090 -63.2660
v -6.2198 -0.5090 -62.1660
v -6.9698 -0.5090 -63.2860
v -8.0508 -0.5090 -63.0870
v -8.7198 -0.5090 -64.3360
v -11.0008 -0.5090 -65.7700
v -12.4638 -0.5090 -66.9510
v -18.7948 -0.5090 -67.9090
v -21.4648 -0.5090 -61.9910
v -6.6518 -0.5090 -53.6040
v -3.2938 -0.5090 -61.6370
v -5.7778 -16.8770 -53.1900
v -6.6518 -15.9210 -53.6040
v -6.6518 -16.8780 -53.6040
v -14.1398 -16.8260 -65.2890
v -14.1398 -14.0890 -65.2890
v -13.8938 -14.0850 -65.3260
v -13.8938 -16.8240 -65.3260
v -17.6498 -14.0580 -70.4470
v -14.5508 -14.0380 -69.0070
v -18.7948 -14.1110 -67.9090
v -14.4998 -14.0530 -67.9760
v -12.4638 -17.5080 -66.9510
v -12.4638 -14.0410 -66.9510
v -11.4808 -17.5760 -66.4560
v -12.4708 -17.5000 -66.7800
v -12.4708 -14.0440 -66.7800
v -18.7948 -16.8290 -67.9090
v -14.8048 -14.0900 -65.8060
v -14.8048 -16.8250 -65.8060
v -11.2008 -15.9350 -55.7660
v -21.9888 -15.9640 -60.8270
v -21.4648 -16.0240 -61.9910
v -9.8108 -16.8250 -62.6110
v -9.8108 -14.0710 -62.6110
v -8.4968 -14.0810 -60.8280
v -8.4968 -16.8320 -60.8280
v -9.6178 -16.8210 -63.0730
v -9.6178 -14.0620 -63.0730
v -11.0008 -14.0390 -65.7700
v -9.9698 -14.0480 -64.2960
v -8.0508 -14.0410 -63.0870
v -6.9698 -14.0230 -63.2860
v -6.2198 -14.0300 -62.1660
v -8.7198 -14.0310 -64.3360
v -2.0298 -16.8130 -59.2860
v -3.3198 -16.8210 -58.9870
v -4.5508 -13.9910 -63.2660
v -3.2938 -13.9990 -61.6370
v -1.7198 -16.8090 -59.5960
v -3.2938 -16.8010 -61.6370
v -21.4648 -16.8860 -61.9910
v -11.0008 -17.5880 -65.7700
v -8.3138 -15.9880 -55.8160
v -8.3138 -16.8690 -55.8160
usemtl Ground
s off
f 4358 4359 4360 4345 4361 4346 4362 4347 4348 4349 4363 4364 4350 4351 4365 4352 4353 4354 4355 4366 4356 4357
usemtl Wall
s off
f 4367 4352 4365 4368 4369
usemtl Wall
s off
f 4370 4371 4372 4373
usemtl Wall
s off
f 4374 4349 4348 4375
usemtl Wall
s off
f 4376 4363 4349 4374
usemtl Wall
s off
f 4375 4348 4347 4377
usemtl Wall
s off
f 4378 4379 4362 4346 4380
usemtl Wall
s off
f 4381 4382 4379 4378
usemtl Wall
s off
f 4383 4376 4384 4385
usemtl Wall
s off
f 4386 4351 4350 4387
usemtl Wall
s off
f 4387 4350 4364 4388
usemtl Wall
s off
f 4389 4390 4391 4392
usemtl Wall
s off
f 4393 4394 4390 4389
usemtl Wall
s off
f 4395 4361 4345 4396
usemtl Wall
s off
f 4397 4359 4358 4398
usemtl Wall
s off
f 4398 4358 4357 4399
usemtl Wall
s off
f 4400 4360 4359 4397
usemtl Wall
s off
f 4401 4354 4353 4402
usemtl Wall
s off
f 4402 4353 4352 4367
usemtl Wall
s off
f 4403 4356 4366 4404
usemtl Wall
s off
f 4399 4357 4356 4403
usemtl Wall
s off
f 4373 4372 4394 4393
usemtl Wall
s off
f 4405 4355 4354 4401
usemtl Wall
s off
f 4392 4391 4404 4406
usemtl Wall
s off
f 4377 4347 4362 4379
usemtl Wall
s off
f 4407 4388 4364 4363 4376 4383
usemtl Wall
s off
f 4385 4384 4371 4370
usemtl Wall
s off
f 4406 4404 4366 4355 4405
usemtl Wall
s off
f 4380 4346 4361 4395 4408
usemtl Wall
s off
f 4369 4368 4409 4410
usemtl Wall
s off
f 4368 4365 4351 4386
usemtl Wall
s off
f 4396 4345 4360 4400
usemtl Wall
s off
f 4408 4395 4382 4381
usemtl Wall
s off
f 4410 4409 4388 4407
usemtl Roof
s off
f 4410 4407 4383 4385 4370 4373 4393 4389 4392 4406 4405 4401 4402 4367 4369
usemtl Roof
s off
f 4408 4381 4378 4380
usemtl Roof
s off
f 4382 4395 4396 4400 4397 4398 4399 4403 4404 4391 4390 4394 4372 4371 4384 4376 4374 4375 4377 4379
usemtl Roof
s off
f 4388 4409 4368 4386 4387
o NL.IMBAG.Pand.0363100012237295_complex
v -57.6038 -0.6570 55.3770
v -52.7198 -0.6570 57.6440
v -38.7098 -0.6570 64.2350
v -37.1088 -0.6570 63.9940
v -32.8788 -0.6570 59.9450
v -42.4808 -0.6570 55.2640
v -42.0398 -0.6570 54.1030
v -44.5598 -0.6570 52.9230
v -43.6208 -0.6570 48.7940
v -47.6798 -0.6570 46.9330
v -46.1608 -0.6570 43.8130
v -49.6298 -0.6570 42.1240
v -49.8708 -0.6570 42.8530
v -51.5308 -0.6570 42.1540
v -47.5018 -0.6570 46.5680
v -46.8968 -0.6570 45.3260
v -49.8188 -0.6570 42.6960
v -52.3008 -0.6570 43.8310
v -34.2678 -0.6570 61.2740
v -34.0388 -0.6570 59.3790
v -44.3428 -0.6570 51.9700
v -44.0968 -0.6570 50.8890
v -45.8738 -0.6570 47.7610
v -57.1148 -0.6570 54.3110
v -51.5728 -0.6570 58.1840
v -42.6168 -0.6570 62.3970
v -40.9928 -0.6570 55.9890
v -42.4508 -0.6570 55.1870
v -49.6198 -15.3630 43.7280
v -49.6198 -14.3550 43.7280
v -50.0708 -14.7380 45.4410
v -50.0708 -15.6030 45.4410
v -51.5728 -19.6410 58.1840
v -51.5728 -18.0500 58.1840
v -52.7198 -19.7350 57.6440
v -51.5308 -15.1130 42.1540
v -49.8708 -15.2340 42.8530
v -49.8188 -3.4230 42.6960
v -49.8188 -15.2120 42.6960
v -44.5598 -17.6440 52.9230
v -42.0398 -17.6500 54.1030
v -34.0388 -9.2480 59.3790
v -32.8788 -8.8790 59.9450
v -49.6298 -3.3960 42.1240
v -46.1608 -3.3320 43.8130
v -42.4508 -17.7130 55.1870
v -42.7828 -18.8610 54.9720
v -42.7828 -17.7090 54.9720
v -42.4508 -18.7380 55.1870
v -34.2678 -8.8620 61.2740
v -34.2678 -17.9690 61.2740
v -37.1088 -17.8300 63.9940
v -38.7098 -17.8430 64.2350
v -57.6038 -20.1480 55.3770
v -57.1148 -17.9730 54.3110
v -57.1148 -19.6840 54.3110
v -42.4808 -18.7400 55.2640
v -40.9928 -18.4730 55.9890
v -40.9928 -18.2100 55.9890
v -34.0388 -18.0990 59.3790
v -52.3008 -15.3440 43.8310
v -52.3008 -17.3550 43.8310
v -50.0708 -17.3880 45.4410
v -50.1308 -14.7880 45.6650
v -50.1308 -17.4010 45.6650
v -46.8968 -14.4000 45.3260
v -46.8968 -3.4120 45.3260
v -47.5018 -14.7060 46.5680
v -44.8718 -18.4400 53.6180
v -44.8718 -17.6850 53.6180
v -46.1968 -17.8560 56.5110
v -46.1968 -18.3360 56.5110
v -50.5838 -20.1900 52.7550
v -50.5838 -17.7610 52.7550
v -50.0098 -17.6950 51.6680
v -50.0098 -20.1970 51.6680
v -45.8738 -3.1970 47.7610
v -43.6208 -3.2250 48.7940
v -45.8738 -17.4160 47.7610
v -45.9628 -3.1890 49.7580
v -45.9628 -11.6800 49.7580
v -45.9628 -17.5170 49.7580
v -44.0968 -3.2120 50.8890
v -44.0968 -11.5750 50.8890
v -46.0538 -11.8280 51.8110
v -46.0538 -17.6200 51.8110
v -49.6198 -3.4530 43.7280
v -47.4318 -3.4240 45.1350
v -47.4318 -14.4160 45.1350
v -49.3908 -15.2410 42.8610
v -49.3908 -3.4140 42.8610
v -41.4848 -18.0650 61.8620
v -41.4848 -18.0230 61.8620
v -41.4308 -17.9470 60.3550
v -41.4308 -18.1710 60.3550
v -47.3218 -20.1700 52.0300
v -47.3218 -18.1640 52.0300
v -48.5118 -18.0460 52.5310
v -48.5118 -20.1740 52.5310
v -48.7768 -18.0400 54.4150
v -48.7768 -20.1560 54.4150
v -48.9148 -18.0380 55.3960
v -48.9148 -17.8570 55.3960
v -48.7768 -17.8050 54.4150
v -50.7558 -17.8030 53.5380
v -50.7558 -20.1820 53.5380
v -42.6168 -18.0490 62.3970
v -50.9008 -19.1940 57.3050
v -50.9008 -17.9920 57.3050
v -42.6168 -18.0720 62.3970
v -42.2118 -18.0550 62.2050
v -49.4248 -14.7660 45.9070
v -49.4248 -17.3980 45.9070
v -47.7698 -14.8380 47.1010
v -47.7698 -17.4230 47.1010
v -48.2938 -17.6460 51.3990
v -48.2938 -20.1850 51.3990
v -47.3218 -17.6570 52.0300
v -44.2968 -19.0010 58.5910
v -44.2968 -17.9190 58.5910
v -46.4168 -17.8710 56.7260
v -46.4168 -18.3150 56.7260
v -42.6868 -18.4600 59.0230
v -42.6868 -18.2900 59.0230
v -42.6868 -17.9070 59.0230
v -42.0218 -18.3620 57.8330
v -42.4238 -18.2800 59.0940
v -42.4238 -17.9050 59.0940
v -44.3428 -11.6720 51.9700
v -44.3428 -17.5930 51.9700
v -47.6798 -17.4130 46.9330
v -47.6798 -14.7950 46.9330
v -34.7428 -18.0700 59.9790
v -34.7428 -9.2560 59.9790
usemtl Ground
s off
f 4428 4434 4411 4412 4435 4436 4413 4414 4429 4415 4430 4437 4416 4438 4417 4418 4431 4432 4419 4433 4420 4425 4426 4421 4422 4427 4423 4424
usemtl Wall
s off
f 4439 4440 4441 4442
usemtl Wall
s off
f 4443 4444 4435 4412 4445
usemtl Wall
s off
f 4446 4424 4423 4447
usemtl Wall
s off
f 4447 4423 4427 4448 4449
usemtl Wall
s off
f 4450 4418 4417 4451
usemtl Wall
s off
f 4452 4430 4415 4453
usemtl Wall
s off
f 4454 4422 4421 4455
usemtl Wall
s off
f 4451 4417 4438 4456
usemtl Wall
s off
f 4457 4458 4456 4459
usemtl Wall
s off
f 4453 4415 4429 4460
usemtl Wall
s off
f 4461 4460 4429 4414 4462
usemtl Wall
s off
f 4462 4414 4413 4463
usemtl Wall
s off
f 4445 4412 4411 4464
usemtl Wall
s off
f 4464 4411 4434 4465 4466
usemtl Wall
s off
f 4459 4456 4438 4416 4467
usemtl Wall
s off
f 4468 4469 4437 4430 4452 4470
usemtl Wall
s off
f 4471 4428 4424 4446
usemtl Wall
s off
f 4472 4471 4442 4473
usemtl Wall
s off
f 4473 4442 4441 4474 4475
usemtl Wall
s off
f 4476 4477 4426 4425 4478
usemtl Wall
s off
f 4467 4416 4437 4469
usemtl Wall
s off
f 4479 4480 4481 4482
usemtl Wall
s off
f 4483 4484 4485 4486
usemtl Wall
s off
f 4487 4433 4419 4488
usemtl Wall
s off
f 4489 4487 4490 4491 4492
usemtl Wall
s off
f 4491 4490 4493 4494
usemtl Wall
s off
f 4492 4491 4495 4496
usemtl Wall
s off
f 4440 4497 4498 4499
usemtl Wall
s off
f 4500 4501 4497 4440 4439
usemtl Wall
s off
f 4455 4421 4426 4477
usemtl Wall
s off
f 4499 4498 4477 4476
usemtl Wall
s off
f 4502 4503 4504 4505
usemtl Wall
s off
f 4506 4507 4508 4509
usemtl Wall
s off
f 4509 4508 4510 4511
usemtl Wall
s off
f 4512 4513 4514 4510
usemtl Wall
s off
f 4511 4510 4514 4515 4516
usemtl Wall
s off
f 4516 4515 4484 4483
usemtl Wall
s off
f 4463 4413 4436 4517
usemtl Wall
s off
f 4518 4519 4444 4443
usemtl Wall
s off
f 4517 4520 4521
usemtl Wall
s off
f 4503 4502 4521
usemtl Wall
s off
f 4475 4474 4522 4523
usemtl Wall
s off
f 4523 4522 4524 4525
usemtl Wall
s off
f 4486 4485 4526 4527
usemtl Wall
s off
f 4507 4528 4480 4479
usemtl Wall
s off
f 4527 4526 4528 4507 4506
usemtl Wall
s off
f 4529 4530 4458 4457
usemtl Wall
s off
f 4520 4517 4436 4435 4444
usemtl Wall
s off
f 4482 4481 4531 4532
usemtl Wall
s off
f 4532 4531 4513 4512
usemtl Wall
s off
f 4448 4427 4422 4454
usemtl Wall
s off
f 4449 4448 4501 4500
usemtl Wall
s off
f 4533 4534 4535 4530 4529
usemtl Wall
s off
f 4534 4533 4536
usemtl Wall
s off
f 4469 4468 4536
usemtl Wall
s off
f 4537 4538 4535 4534
usemtl Wall
s off
f 4505 4504 4538 4537
usemtl Wall
s off
f 4496 4495 4539 4540
usemtl Wall
s off
f 4540 4539 4431 4418 4450
usemtl Wall
s off
f 4488 4419 4432 4493
usemtl Wall
s off
f 4541 4542 4420 4433 4487 4489
usemtl Wall
s off
f 4525 4524 4542 4541
usemtl Wall
s off
f 4466 4465 4519 4518
usemtl Wall
s off
f 4478 4425 4420 4542
usemtl Wall
s off
f 4494 4493 4432 4431 4539
usemtl Wall
s off
f 4543 4544 4460 4461
usemtl Wall
s off
f 4470 4452 4544 4543
usemtl Wall
s off
f 4465 4434 4428 4471 4472
usemtl Roof
s off
f 4527 4506 4509 4511 4516 4483 4486
usemtl Roof
s off
f 4532 4512 4510 4508 4507 4479 4482
usemtl Roof
s off
f 4501 4448 4454 4455 4477 4498 4497
usemtl Roof
s off
f 4449 4500 4439 4442 4471 4446 4447
usemtl Roof
s off
f 4469 4536 4533 4529 4457 4459 4467
usemtl Roof
s off
f 4544 4452 4453 4460
usemtl Roof
s off
f 4488 4493 4490 4487
usemtl Roof
s off
f 4466 4518 4443 4445 4464
usemtl Roof
s off
f 4478 4542 4524 4522 4474 4441 4440 4499 4476
usemtl Roof
s off
f 4494 4539 4495 4491
usemtl Roof
s off
f 4470 4543 4461 4462 4463 4517 4521 4502 4505 4537 4534 4536 4468
usemtl Roof
s off
f 4465 4472 4473 4475 4523 4525 4541 4489 4492 4496 4540 4450 4451 4456 4458 4530 4535 4538 4504 4503 4521 4520 4444 4519
o NL.IMBAG.Pand.0363100012237310_gable
v -74.8198 -0.3300 -96.5670
v -76.7808 -0.3300 -97.4760
v -76.3128 -0.3300 -98.4360
v -85.6958 -0.3300 -102.1510
v -85.8308 -0.3300 -101.8570
v -88.2178 -0.3300 -102.9470
v -87.6408 -0.3300 -104.2170
v -94.9998 -0.3300 -107.6160
v -95.6598 -0.3300 -106.3770
v -97.4098 -0.3300 -107.1770
v -101.5998 -0.3300 -98.3050
v -90.0198 -0.3300 -92.8550
v -86.4048 -0.3300 -91.1400
v -78.8688 -0.3300 -87.6260
v -78.6818 -0.3300 -88.0400
v -79.3718 -0.3300 -87.8600
v -90.0198 -16.3630 -92.8550
v -101.5998 -16.3770 -98.3050
v -86.4048 -16.3580 -91.1400
v -97.4098 -16.3010 -107.1770
v -95.6598 -16.2990 -106.3770
v -87.6408 -16.2780 -104.2170
v -88.2178 -16.2890 -102.9470
v -94.9998 -16.2880 -107.6160
v -85.8308 -16.2860 -101.8570
v -74.8198 -16.2730 -96.5670
v -78.6818 -16.3450 -88.0400
v -79.1638 -18.0910 -88.2620
v -79.1638 -16.3460 -88.2620
v -78.6818 -18.1260 -88.0400
v -85.6958 -16.2830 -102.1510
v -76.3128 -16.2670 -98.4360
v -76.7808 -16.2750 -97.4760
v -78.8688 -18.1600 -87.6260
v -79.3718 -16.3490 -87.8600
v -79.3718 -18.1230 -87.8600
usemtl Ground
s off
f 4559 4545 4546 4547 4548 4549 4550 4551 4552 4553 4554 4555 4556 4557 4560 4558
usemtl Wall
s off
f 4561 4556 4555 4562
usemtl Wall
s off
f 4563 4557 4556 4561
usemtl Wall
s off
f 4562 4555 4554 4564
usemtl Wall
s off
f 4564 4554 4553 4565
usemtl Wall
s off
f 4566 4551 4550 4567
usemtl Wall
s off
f 4568 4552 4551 4566
usemtl Wall
s off
f 4565 4553 4552 4568
usemtl Wall
s off
f 4567 4550 4549 4569
usemtl Wall
s off
f 4570 4545 4559 4571
usemtl Wall
s off
f 4572 4573 4571 4574
usemtl Wall
s off
f 4575 4548 4547 4576
usemtl Wall
s off
f 4576 4547 4546 4577
usemtl Wall
s off
f 4578 4558 4560 4579 4580
usemtl Wall
s off
f 4577 4546 4545 4570
usemtl Wall
s off
f 4574 4571 4559 4558 4578
usemtl Wall
s off
f 4580 4579 4573 4572
usemtl Wall
s off
f 4579 4560 4557 4563
usemtl Wall
s off
f 4569 4549 4548 4575
usemtl Roof
s off
f 4580 4572 4574 4578
usemtl Roof
s off
f 4569 4575 4576 4577 4570 4571 4573 4579 4563 4561 4562 4564 4565 4568 4566 4567
o NL.IMBAG.Pand.0363100012237312_gable
v -3.3198 -0.5460 -58.9870
v -5.7108 -0.5460 -53.3500
v -5.6388 -0.5460 -53.3180
v -5.7068 -0.5460 -53.1550
v 5.8392 -0.5460 -47.6650
v 7.5702 -0.5460 -49.3060
v 6.6682 -0.5460 -54.2660
v 6.0002 -0.5460 -58.0660
v 4.9592 -0.5460 -62.5060
v 2.4702 -0.5460 -73.4570
v 2.3902 -0.5460 -73.4660
v -6.9598 -0.5460 -71.2460
v -6.5608 -0.5460 -68.6660
v -5.6608 -0.5460 -67.6960
v -5.9598 -0.5460 -66.6270
v -5.1208 -0.5460 -65.5260
v -5.5608 -0.5460 -64.5060
v -4.5508 -0.5460 -63.2660
v -1.7198 -0.5460 -59.5960
v -2.0298 -0.5460 -59.2860
v -4.1368 -0.5460 -62.7300
v -3.6038 -0.5460 -72.0430
v -4.5508 -14.1700 -63.2660
v -5.5608 -14.1610 -64.5060
v -5.1208 -14.1600 -65.5260
v -5.9598 -14.1520 -66.6270
v -5.6608 -14.1510 -67.6960
v -6.5608 -14.1430 -68.6660
v -6.9598 -14.1330 -71.2460
v -3.6038 -14.1480 -72.0430
v 2.3902 -16.9690 -73.4660
v 2.4702 -16.9690 -73.4570
v -3.6038 -16.9360 -72.0430
v -1.7198 -16.8970 -59.5960
v -4.1368 -14.1740 -62.7300
v -4.1368 -16.8980 -62.7300
v -4.0638 -14.1750 -62.7790
v -4.0638 -16.8980 -62.7790
v -2.0298 -16.8950 -59.2860
v 4.9592 -16.9400 -62.5060
v 6.0002 -16.9280 -58.0660
v 5.8392 -16.8880 -47.6650
v -5.7068 -16.8540 -53.1550
v -5.6388 -16.8550 -53.3180
v 7.5702 -16.9020 -49.3060
v 6.6682 -16.9170 -54.2660
v -3.3198 -16.8870 -58.9870
v -1.9418 -16.9130 -63.8610
v -1.9418 -14.1830 -63.8610
v -5.7108 -16.8550 -53.3500
usemtl Ground
s off
f 4601 4599 4600 4581 4582 4583 4584 4585 4586 4587 4588 4589 4590 4591 4602 4592 4593 4594 4595 4596 4597 4598
usemtl Wall
s off
f 4603 4598 4597 4604
usemtl Wall
s off
f 4604 4597 4596 4605
usemtl Wall
s off
f 4605 4596 4595 4606
usemtl Wall
s off
f 4607 4594 4593 4608
usemtl Wall
s off
f 4606 4595 4594 4607
usemtl Wall
s off
f 4609 4592 4602 4610
usemtl Wall
s off
f 4608 4593 4592 4609
usemtl Wall
s off
f 4611 4591 4590 4612
usemtl Wall
s off
f 4613 4610 4602 4591 4611
usemtl Wall
s off
f 4614 4599 4601 4615 4616
usemtl Wall
s off
f 4616 4615 4617 4618
usemtl Wall
s off
f 4619 4600 4599 4614
usemtl Wall
s off
f 4620 4589 4588 4621
usemtl Wall
s off
f 4612 4590 4589 4620
usemtl Wall
s off
f 4622 4585 4584 4623
usemtl Wall
s off
f 4623 4584 4583 4624
usemtl Wall
s off
f 4625 4586 4585 4622
usemtl Wall
s off
f 4626 4587 4586 4625
usemtl Wall
s off
f 4621 4588 4587 4626
usemtl Wall
s off
f 4615 4601 4598 4603
usemtl Wall
s off
f 4627 4581 4600 4619
usemtl Wall
s off
f 4628 4629 4610 4613
usemtl Wall
s off
f 4624 4583 4582 4630
usemtl Wall
s off
f 4630 4582 4581 4627
usemtl Wall
s off
f 4618 4617 4629 4628
usemtl Roof
s off
f 4629 4617 4615 4603 4604 4605 4606 4607 4608 4609 4610
usemtl Roof
s off
f 4618 4628 4613 4611 4612 4620 4621 4626 4625 4622 4623 4624 4630 4627 4619 4614 4616
# Ground plane (Terrain)
o ground_plane
v -115.0000 0.0000 -115.0000
v 115.0000 0.0000 -115.0000
v 115.0000 0.0000 115.0000
v -115.0000 0.0000 115.0000
usemtl Terrain
s off
f 4631 4632 4633 4634