stable_id,provider_external_id,reference_tile,groundsurface_bbox_epsg25832,candidate_aoi_intersects,image_camera_ledger,current_image_building_coverage,c1_numeric_bbox_full_unregistered,c1_registered_coverage,c1_eligible,c2_numeric_bbox_full_unregistered,c2_registered_coverage,c2_eligible,c3_registered_coverage,c3_eligible,c4_provider_tile_full_unregistered,c4_registered_coverage,c4_eligible,c5_candidate_availability,c5_eligible,u_target_status,e_paired_status,exclusion_reason,held_out_accessed
DEBY_LOD2_104583447,DEBYvAAAAABRT7AV,LOD2_REFERENCE_690_5336,"690871.710,5336174.330,690874.600,5336178.550",true,937_INCLUDED_25_EXCLUDED_AGGREGATE_ONLY,UNKNOWN,true,UNKNOWN,UNKNOWN,true,UNKNOWN,UNKNOWN,UNKNOWN,UNKNOWN,true,UNKNOWN,UNKNOWN,MISSING,false,UNKNOWN,UNKNOWN,IMAGE_BUILDING_COVERAGE_JOIN_MISSING;C1_REGISTERED_FULL_COVERAGE_UNKNOWN;C1_CLASS_2_6_DERIVATIVE_MISSING;C1_VERTICAL_DATUM_UNKNOWN;C2_REGISTERED_FULL_COVERAGE_UNKNOWN;C2_EXACT_937_BASE_MISMATCH;C2_CLASS_2_6_DERIVATIVE_MISSING;C3_SPARSE_CONVERSION_REPLAY_PARTIAL;C4_REGISTRATION_NOT_VERIFIED;C4_PRIOR_INTERFACE_NOT_FROZEN;C5_INDEPENDENT_LOD1_MISSING;GRAVITY_TERRAIN_MVS_ESTIMATE_MISSING;R_DERIVED_COMMON_REPLAY_MISSING;STAGE3_TOOLCHAIN_NOT_REPLAYABLE,false
DEBY_LOD2_104583794,DEBYvAAAAABRT7Bs,LOD2_REFERENCE_690_5336,"690809.340,5336134.200,690813.380,5336137.110",true,937_INCLUDED_25_EXCLUDED_AGGREGATE_ONLY,UNKNOWN,true,UNKNOWN,UNKNOWN,true,UNKNOWN,UNKNOWN,UNKNOWN,UNKNOWN,true,UNKNOWN,UNKNOWN,MISSING,false,UNKNOWN,UNKNOWN,IMAGE_BUILDING_COVERAGE_JOIN_MISSING;C1_REGISTERED_FULL_COVERAGE_UNKNOWN;C1_CLASS_2_6_DERIVATIVE_MISSING;C1_VERTICAL_DATUM_UNKNOWN;C2_REGISTERED_FULL_COVERAGE_UNKNOWN;C2_EXACT_937_BASE_MISMATCH;C2_CLASS_2_6_DERIVATIVE_MISSING;C3_SPARSE_CONVERSION_REPLAY_PARTIAL;C4_REGISTRATION_NOT_VERIFIED;C4_PRIOR_INTERFACE_NOT_FROZEN;C5_INDEPENDENT_LOD1_MISSING;GRAVITY_TERRAIN_MVS_ESTIMATE_MISSING;R_DERIVED_COMMON_REPLAY_MISSING;STAGE3_TOOLCHAIN_NOT_REPLAYABLE,false
DEBY_LOD2_104586480,DEBYvAAAAABRTw1m,LOD2_REFERENCE_690_5334,"690888.450,5335971.460,690891.860,5335979.300",true,937_INCLUDED_25_EXCLUDED_AGGREGATE_ONLY,UNKNOWN,true,UNKNOWN,UNKNOWN,true,UNKNOWN,UNKNOWN,UNKNOWN,UNKNOWN,true,UNKNOWN,UNKNOWN,MISSING,false,UNKNOWN,UNKNOWN,IMAGE_BUILDING_COVERAGE_JOIN_MISSING;C1_REGISTERED_FULL_COVERAGE_UNKNOWN;C1_CLASS_2_6_DERIVATIVE_MISSING;C1_VERTICAL_DATUM_UNKNOWN;C2_REGISTERED_FULL_COVERAGE_UNKNOWN;C2_EXACT_937_BASE_MISMATCH;C2_CLASS_2_6_DERIVATIVE_MISSING;C3_SPARSE_CONVERSION_REPLAY_PARTIAL;C4_REGISTRATION_NOT_VERIFIED;C4_PRIOR_INTERFACE_NOT_FROZEN;C5_INDEPENDENT_LOD1_MISSING;GRAVITY_TERRAIN_MVS_ESTIMATE_MISSING;R_DERIVED_COMMON_REPLAY_MISSING;STAGE3_TOOLCHAIN_NOT_REPLAYABLE,false
DEBY_LOD2_107802038,DEBYvAAAAAB1R4Jr,LOD2_REFERENCE_690_5336,"690806.990,5336293.210,690828.840,5336325.620",true,937_INCLUDED_25_EXCLUDED_AGGREGATE_ONLY,UNKNOWN,true,UNKNOWN,UNKNOWN,true,UNKNOWN,UNKNOWN,UNKNOWN,UNKNOWN,true,UNKNOWN,UNKNOWN,MISSING,false,UNKNOWN,UNKNOWN,IMAGE_BUILDING_COVERAGE_JOIN_MISSING;C1_REGISTERED_FULL_COVERAGE_UNKNOWN;C1_CLASS_2_6_DERIVATIVE_MISSING;C1_VERTICAL_DATUM_UNKNOWN;C2_REGISTERED_FULL_COVERAGE_UNKNOWN;C2_EXACT_937_BASE_MISMATCH;C2_CLASS_2_6_DERIVATIVE_MISSING;C3_SPARSE_CONVERSION_REPLAY_PARTIAL;C4_REGISTRATION_NOT_VERIFIED;C4_PRIOR_INTERFACE_NOT_FROZEN;C5_INDEPENDENT_LOD1_MISSING;GRAVITY_TERRAIN_MVS_ESTIMATE_MISSING;R_DERIVED_COMMON_REPLAY_MISSING;STAGE3_TOOLCHAIN_NOT_REPLAYABLE,false
DEBY_LOD2_107807336,DEBYvAAAAAB1R4J3,LOD2_REFERENCE_690_5336,"690789.880,5336302.600,690804.570,5336332.210",true,937_INCLUDED_25_EXCLUDED_AGGREGATE_ONLY,UNKNOWN,true,UNKNOWN,UNKNOWN,true,UNKNOWN,UNKNOWN,UNKNOWN,UNKNOWN,true,UNKNOWN,UNKNOWN,MISSING,false,UNKNOWN,UNKNOWN,IMAGE_BUILDING_COVERAGE_JOIN_MISSING;C1_REGISTERED_FULL_COVERAGE_UNKNOWN;C1_CLASS_2_6_DERIVATIVE_MISSING;C1_VERTICAL_DATUM_UNKNOWN;C2_REGISTERED_FULL_COVERAGE_UNKNOWN;C2_EXACT_937_BASE_MISMATCH;C2_CLASS_2_6_DERIVATIVE_MISSING;C3_SPARSE_CONVERSION_REPLAY_PARTIAL;C4_REGISTRATION_NOT_VERIFIED;C4_PRIOR_INTERFACE_NOT_FROZEN;C5_INDEPENDENT_LOD1_MISSING;GRAVITY_TERRAIN_MVS_ESTIMATE_MISSING;R_DERIVED_COMMON_REPLAY_MISSING;STAGE3_TOOLCHAIN_NOT_REPLAYABLE,false
DEBY_LOD2_108246888,DEBYvAAAAACBHed6,LOD2_REFERENCE_690_5334,"690841.230,5335879.360,690846.260,5335883.990",true,937_INCLUDED_25_EXCLUDED_AGGREGATE_ONLY,UNKNOWN,true,UNKNOWN,UNKNOWN,true,UNKNOWN,UNKNOWN,UNKNOWN,UNKNOWN,true,UNKNOWN,UNKNOWN,MISSING,false,UNKNOWN,UNKNOWN,IMAGE_BUILDING_COVERAGE_JOIN_MISSING;C1_REGISTERED_FULL_COVERAGE_UNKNOWN;C1_CLASS_2_6_DERIVATIVE_MISSING;C1_VERTICAL_DATUM_UNKNOWN;C2_REGISTERED_FULL_COVERAGE_UNKNOWN;C2_EXACT_937_BASE_MISMATCH;C2_CLASS_2_6_DERIVATIVE_MISSING;C3_SPARSE_CONVERSION_REPLAY_PARTIAL;C4_REGISTRATION_NOT_VERIFIED;C4_PRIOR_INTERFACE_NOT_FROZEN;C5_INDEPENDENT_LOD1_MISSING;GRAVITY_TERRAIN_MVS_ESTIMATE_MISSING;R_DERIVED_COMMON_REPLAY_MISSING;STAGE3_TOOLCHAIN_NOT_REPLAYABLE,false
DEBY_LOD2_108247349,DEBYvAAAAAB7jlcf,LOD2_REFERENCE_690_5336,"690778.390,5336051.520,690793.360,5336063.540",true,937_INCLUDED_25_EXCLUDED_AGGREGATE_ONLY,UNKNOWN,false,UNKNOWN,UNKNOWN,true,UNKNOWN,UNKNOWN,UNKNOWN,UNKNOWN,true,UNKNOWN,UNKNOWN,MISSING,false,UNKNOWN,UNKNOWN,IMAGE_BUILDING_COVERAGE_JOIN_MISSING;C1_REGISTERED_FULL_COVERAGE_UNKNOWN;C1_CLASS_2_6_DERIVATIVE_MISSING;C1_VERTICAL_DATUM_UNKNOWN;C2_REGISTERED_FULL_COVERAGE_UNKNOWN;C2_EXACT_937_BASE_MISMATCH;C2_CLASS_2_6_DERIVATIVE_MISSING;C3_SPARSE_CONVERSION_REPLAY_PARTIAL;C4_REGISTRATION_NOT_VERIFIED;C4_PRIOR_INTERFACE_NOT_FROZEN;C5_INDEPENDENT_LOD1_MISSING;GRAVITY_TERRAIN_MVS_ESTIMATE_MISSING;R_DERIVED_COMMON_REPLAY_MISSING;STAGE3_TOOLCHAIN_NOT_REPLAYABLE,false
DEBY_LOD2_108247350,DEBYvAAAAAB7jlch,LOD2_REFERENCE_690_5336,"690793.400,5336069.080,690798.340,5336073.250",true,937_INCLUDED_25_EXCLUDED_AGGREGATE_ONLY,UNKNOWN,true,UNKNOWN,UNKNOWN,true,UNKNOWN,UNKNOWN,UNKNOWN,UNKNOWN,true,UNKNOWN,UNKNOWN,MISSING,false,UNKNOWN,UNKNOWN,IMAGE_BUILDING_COVERAGE_JOIN_MISSING;C1_REGISTERED_FULL_COVERAGE_UNKNOWN;C1_CLASS_2_6_DERIVATIVE_MISSING;C1_VERTICAL_DATUM_UNKNOWN;C2_REGISTERED_FULL_COVERAGE_UNKNOWN;C2_EXACT_937_BASE_MISMATCH;C2_CLASS_2_6_DERIVATIVE_MISSING;C3_SPARSE_CONVERSION_REPLAY_PARTIAL;C4_REGISTRATION_NOT_VERIFIED;C4_PRIOR_INTERFACE_NOT_FROZEN;C5_INDEPENDENT_LOD1_MISSING;GRAVITY_TERRAIN_MVS_ESTIMATE_MISSING;R_DERIVED_COMMON_REPLAY_MISSING;STAGE3_TOOLCHAIN_NOT_REPLAYABLE,false
DEBY_LOD2_108247351,DEBYvAAAAAB7jlck,LOD2_REFERENCE_690_5336,"690787.710,5336058.990,690797.190,5336071.220",true,937_INCLUDED_25_EXCLUDED_AGGREGATE_ONLY,UNKNOWN,true,UNKNOWN,UNKNOWN,true,UNKNOWN,UNKNOWN,UNKNOWN,UNKNOWN,true,UNKNOWN,UNKNOWN,MISSING,false,UNKNOWN,UNKNOWN,IMAGE_BUILDING_COVERAGE_JOIN_MISSING;C1_REGISTERED_FULL_COVERAGE_UNKNOWN;C1_CLASS_2_6_DERIVATIVE_MISSING;C1_VERTICAL_DATUM_UNKNOWN;C2_REGISTERED_FULL_COVERAGE_UNKNOWN;C2_EXACT_937_BASE_MISMATCH;C2_CLASS_2_6_DERIVATIVE_MISSING;C3_SPARSE_CONVERSION_REPLAY_PARTIAL;C4_REGISTRATION_NOT_VERIFIED;C4_PRIOR_INTERFACE_NOT_FROZEN;C5_INDEPENDENT_LOD1_MISSING;GRAVITY_TERRAIN_MVS_ESTIMATE_MISSING;R_DERIVED_COMMON_REPLAY_MISSING;STAGE3_TOOLCHAIN_NOT_REPLAYABLE,false
DEBY_LOD2_108247714,DEBYvAAAAACCqy53,LOD2_REFERENCE_690_5334,"690848.410,5335907.180,690855.290,5335916.980",true,937_INCLUDED_25_EXCLUDED_AGGREGATE_ONLY,UNKNOWN,true,UNKNOWN,UNKNOWN,true,UNKNOWN,UNKNOWN,UNKNOWN,UNKNOWN,true,UNKNOWN,UNKNOWN,MISSING,false,UNKNOWN,UNKNOWN,IMAGE_BUILDING_COVERAGE_JOIN_MISSING;C1_REGISTERED_FULL_COVERAGE_UNKNOWN;C1_CLASS_2_6_DERIVATIVE_MISSING;C1_VERTICAL_DATUM_UNKNOWN;C2_REGISTERED_FULL_COVERAGE_UNKNOWN;C2_EXACT_937_BASE_MISMATCH;C2_CLASS_2_6_DERIVATIVE_MISSING;C3_SPARSE_CONVERSION_REPLAY_PARTIAL;C4_REGISTRATION_NOT_VERIFIED;C4_PRIOR_INTERFACE_NOT_FROZEN;C5_INDEPENDENT_LOD1_MISSING;GRAVITY_TERRAIN_MVS_ESTIMATE_MISSING;R_DERIVED_COMMON_REPLAY_MISSING;STAGE3_TOOLCHAIN_NOT_REPLAYABLE,false
DEBY_LOD2_108250120,DEBYvAAAAABTMJhj,LOD2_REFERENCE_690_5336,"690992.700,5336341.360,691003.470,5336349.350",true,937_INCLUDED_25_EXCLUDED_AGGREGATE_ONLY,UNKNOWN,true,UNKNOWN,UNKNOWN,true,UNKNOWN,UNKNOWN,UNKNOWN,UNKNOWN,true,UNKNOWN,UNKNOWN,MISSING,false,UNKNOWN,UNKNOWN,IMAGE_BUILDING_COVERAGE_JOIN_MISSING;C1_REGISTERED_FULL_COVERAGE_UNKNOWN;C1_CLASS_2_6_DERIVATIVE_MISSING;C1_VERTICAL_DATUM_UNKNOWN;C2_REGISTERED_FULL_COVERAGE_UNKNOWN;C2_EXACT_937_BASE_MISMATCH;C2_CLASS_2_6_DERIVATIVE_MISSING;C3_SPARSE_CONVERSION_REPLAY_PARTIAL;C4_REGISTRATION_NOT_VERIFIED;C4_PRIOR_INTERFACE_NOT_FROZEN;C5_INDEPENDENT_LOD1_MISSING;GRAVITY_TERRAIN_MVS_ESTIMATE_MISSING;R_DERIVED_COMMON_REPLAY_MISSING;STAGE3_TOOLCHAIN_NOT_REPLAYABLE,false
DEBY_LOD2_108580335,DEBYvAAAAACJHOcA,LOD2_REFERENCE_690_5336,"691093.740,5336211.380,691132.510,5336257.760",true,937_INCLUDED_25_EXCLUDED_AGGREGATE_ONLY,UNKNOWN,true,UNKNOWN,UNKNOWN,true,UNKNOWN,UNKNOWN,UNKNOWN,UNKNOWN,true,UNKNOWN,UNKNOWN,MISSING,false,UNKNOWN,UNKNOWN,IMAGE_BUILDING_COVERAGE_JOIN_MISSING;C1_REGISTERED_FULL_COVERAGE_UNKNOWN;C1_CLASS_2_6_DERIVATIVE_MISSING;C1_VERTICAL_DATUM_UNKNOWN;C2_REGISTERED_FULL_COVERAGE_UNKNOWN;C2_EXACT_937_BASE_MISMATCH;C2_CLASS_2_6_DERIVATIVE_MISSING;C3_SPARSE_CONVERSION_REPLAY_PARTIAL;C4_REGISTRATION_NOT_VERIFIED;C4_PRIOR_INTERFACE_NOT_FROZEN;C5_INDEPENDENT_LOD1_MISSING;GRAVITY_TERRAIN_MVS_ESTIMATE_MISSING;R_DERIVED_COMMON_REPLAY_MISSING;STAGE3_TOOLCHAIN_NOT_REPLAYABLE,false
DEBY_LOD2_108580336,DEBYvAAAAACJHOoK,LOD2_REFERENCE_690_5336,"690953.020,5335962.630,691047.630,5336105.590",true,937_INCLUDED_25_EXCLUDED_AGGREGATE_ONLY,UNKNOWN,true,UNKNOWN,UNKNOWN,true,UNKNOWN,UNKNOWN,UNKNOWN,UNKNOWN,true,UNKNOWN,UNKNOWN,MISSING,false,UNKNOWN,UNKNOWN,IMAGE_BUILDING_COVERAGE_JOIN_MISSING;C1_REGISTERED_FULL_COVERAGE_UNKNOWN;C1_CLASS_2_6_DERIVATIVE_MISSING;C1_VERTICAL_DATUM_UNKNOWN;C2_REGISTERED_FULL_COVERAGE_UNKNOWN;C2_EXACT_937_BASE_MISMATCH;C2_CLASS_2_6_DERIVATIVE_MISSING;C3_SPARSE_CONVERSION_REPLAY_PARTIAL;C4_REGISTRATION_NOT_VERIFIED;C4_PRIOR_INTERFACE_NOT_FROZEN;C5_INDEPENDENT_LOD1_MISSING;GRAVITY_TERRAIN_MVS_ESTIMATE_MISSING;R_DERIVED_COMMON_REPLAY_MISSING;STAGE3_TOOLCHAIN_NOT_REPLAYABLE,false
DEBY_LOD2_42364607,DEBYvAAAAABRT6zD,LOD2_REFERENCE_690_5336,"690829.870,5336167.630,690840.940,5336184.660",true,937_INCLUDED_25_EXCLUDED_AGGREGATE_ONLY,UNKNOWN,true,UNKNOWN,UNKNOWN,true,UNKNOWN,UNKNOWN,UNKNOWN,UNKNOWN,true,UNKNOWN,UNKNOWN,MISSING,false,UNKNOWN,UNKNOWN,IMAGE_BUILDING_COVERAGE_JOIN_MISSING;C1_REGISTERED_FULL_COVERAGE_UNKNOWN;C1_CLASS_2_6_DERIVATIVE_MISSING;C1_VERTICAL_DATUM_UNKNOWN;C2_REGISTERED_FULL_COVERAGE_UNKNOWN;C2_EXACT_937_BASE_MISMATCH;C2_CLASS_2_6_DERIVATIVE_MISSING;C3_SPARSE_CONVERSION_REPLAY_PARTIAL;C4_REGISTRATION_NOT_VERIFIED;C4_PRIOR_INTERFACE_NOT_FROZEN;C5_INDEPENDENT_LOD1_MISSING;GRAVITY_TERRAIN_MVS_ESTIMATE_MISSING;R_DERIVED_COMMON_REPLAY_MISSING;STAGE3_TOOLCHAIN_NOT_REPLAYABLE,false
DEBY_LOD2_42364609,DEBYvAAAAABRT6x0,LOD2_REFERENCE_690_5336,"690860.387,5336180.751,690866.126,5336185.691",true,937_INCLUDED_25_EXCLUDED_AGGREGATE_ONLY,UNKNOWN,true,UNKNOWN,UNKNOWN,true,UNKNOWN,UNKNOWN,UNKNOWN,UNKNOWN,true,UNKNOWN,UNKNOWN,MISSING,false,UNKNOWN,UNKNOWN,IMAGE_BUILDING_COVERAGE_JOIN_MISSING;C1_REGISTERED_FULL_COVERAGE_UNKNOWN;C1_CLASS_2_6_DERIVATIVE_MISSING;C1_VERTICAL_DATUM_UNKNOWN;C2_REGISTERED_FULL_COVERAGE_UNKNOWN;C2_EXACT_937_BASE_MISMATCH;C2_CLASS_2_6_DERIVATIVE_MISSING;C3_SPARSE_CONVERSION_REPLAY_PARTIAL;C4_REGISTRATION_NOT_VERIFIED;C4_PRIOR_INTERFACE_NOT_FROZEN;C5_INDEPENDENT_LOD1_MISSING;GRAVITY_TERRAIN_MVS_ESTIMATE_MISSING;R_DERIVED_COMMON_REPLAY_MISSING;STAGE3_TOOLCHAIN_NOT_REPLAYABLE,false
DEBY_LOD2_42364657,DEBYvAAAAABRTww2,LOD2_REFERENCE_690_5336,"691120.332,5336342.959,691141.893,5336355.188",true,937_INCLUDED_25_EXCLUDED_AGGREGATE_ONLY,UNKNOWN,true,UNKNOWN,UNKNOWN,true,UNKNOWN,UNKNOWN,UNKNOWN,UNKNOWN,true,UNKNOWN,UNKNOWN,MISSING,false,UNKNOWN,UNKNOWN,IMAGE_BUILDING_COVERAGE_JOIN_MISSING;C1_REGISTERED_FULL_COVERAGE_UNKNOWN;C1_CLASS_2_6_DERIVATIVE_MISSING;C1_VERTICAL_DATUM_UNKNOWN;C2_REGISTERED_FULL_COVERAGE_UNKNOWN;C2_EXACT_937_BASE_MISMATCH;C2_CLASS_2_6_DERIVATIVE_MISSING;C3_SPARSE_CONVERSION_REPLAY_PARTIAL;C4_REGISTRATION_NOT_VERIFIED;C4_PRIOR_INTERFACE_NOT_FROZEN;C5_INDEPENDENT_LOD1_MISSING;GRAVITY_TERRAIN_MVS_ESTIMATE_MISSING;R_DERIVED_COMMON_REPLAY_MISSING;STAGE3_TOOLCHAIN_NOT_REPLAYABLE,false
DEBY_LOD2_42364659,DEBYvAAAAABRTwwr,LOD2_REFERENCE_690_5336,"691087.347,5336287.938,691096.696,5336301.268",true,937_INCLUDED_25_EXCLUDED_AGGREGATE_ONLY,UNKNOWN,true,UNKNOWN,UNKNOWN,true,UNKNOWN,UNKNOWN,UNKNOWN,UNKNOWN,true,UNKNOWN,UNKNOWN,MISSING,false,UNKNOWN,UNKNOWN,IMAGE_BUILDING_COVERAGE_JOIN_MISSING;C1_REGISTERED_FULL_COVERAGE_UNKNOWN;C1_CLASS_2_6_DERIVATIVE_MISSING;C1_VERTICAL_DATUM_UNKNOWN;C2_REGISTERED_FULL_COVERAGE_UNKNOWN;C2_EXACT_937_BASE_MISMATCH;C2_CLASS_2_6_DERIVATIVE_MISSING;C3_SPARSE_CONVERSION_REPLAY_PARTIAL;C4_REGISTRATION_NOT_VERIFIED;C4_PRIOR_INTERFACE_NOT_FROZEN;C5_INDEPENDENT_LOD1_MISSING;GRAVITY_TERRAIN_MVS_ESTIMATE_MISSING;R_DERIVED_COMMON_REPLAY_MISSING;STAGE3_TOOLCHAIN_NOT_REPLAYABLE,false
DEBY_LOD2_42364661,DEBYvAAAAABRTw0L,LOD2_REFERENCE_690_5336,"691082.728,5336353.129,691093.350,5336362.490",true,937_INCLUDED_25_EXCLUDED_AGGREGATE_ONLY,UNKNOWN,true,UNKNOWN,UNKNOWN,true,UNKNOWN,UNKNOWN,UNKNOWN,UNKNOWN,true,UNKNOWN,UNKNOWN,MISSING,false,UNKNOWN,UNKNOWN,IMAGE_BUILDING_COVERAGE_JOIN_MISSING;C1_REGISTERED_FULL_COVERAGE_UNKNOWN;C1_CLASS_2_6_DERIVATIVE_MISSING;C1_VERTICAL_DATUM_UNKNOWN;C2_REGISTERED_FULL_COVERAGE_UNKNOWN;C2_EXACT_937_BASE_MISMATCH;C2_CLASS_2_6_DERIVATIVE_MISSING;C3_SPARSE_CONVERSION_REPLAY_PARTIAL;C4_REGISTRATION_NOT_VERIFIED;C4_PRIOR_INTERFACE_NOT_FROZEN;C5_INDEPENDENT_LOD1_MISSING;GRAVITY_TERRAIN_MVS_ESTIMATE_MISSING;R_DERIVED_COMMON_REPLAY_MISSING;STAGE3_TOOLCHAIN_NOT_REPLAYABLE,false
DEBY_LOD2_42364663,DEBYvAAAAABRTww7,LOD2_REFERENCE_690_5336,"690916.959,5336090.729,690928.798,5336117.968",true,937_INCLUDED_25_EXCLUDED_AGGREGATE_ONLY,UNKNOWN,true,UNKNOWN,UNKNOWN,true,UNKNOWN,UNKNOWN,UNKNOWN,UNKNOWN,true,UNKNOWN,UNKNOWN,MISSING,false,UNKNOWN,UNKNOWN,IMAGE_BUILDING_COVERAGE_JOIN_MISSING;C1_REGISTERED_FULL_COVERAGE_UNKNOWN;C1_CLASS_2_6_DERIVATIVE_MISSING;C1_VERTICAL_DATUM_UNKNOWN;C2_REGISTERED_FULL_COVERAGE_UNKNOWN;C2_EXACT_937_BASE_MISMATCH;C2_CLASS_2_6_DERIVATIVE_MISSING;C3_SPARSE_CONVERSION_REPLAY_PARTIAL;C4_REGISTRATION_NOT_VERIFIED;C4_PRIOR_INTERFACE_NOT_FROZEN;C5_INDEPENDENT_LOD1_MISSING;GRAVITY_TERRAIN_MVS_ESTIMATE_MISSING;R_DERIVED_COMMON_REPLAY_MISSING;STAGE3_TOOLCHAIN_NOT_REPLAYABLE,false
DEBY_LOD2_42364665,DEBYvAAAAABRTwxd,LOD2_REFERENCE_690_5336,"690878.019,5336057.014,690905.793,5336062.468",true,937_INCLUDED_25_EXCLUDED_AGGREGATE_ONLY,UNKNOWN,true,UNKNOWN,UNKNOWN,true,UNKNOWN,UNKNOWN,UNKNOWN,UNKNOWN,true,UNKNOWN,UNKNOWN,MISSING,false,UNKNOWN,UNKNOWN,IMAGE_BUILDING_COVERAGE_JOIN_MISSING;C1_REGISTERED_FULL_COVERAGE_UNKNOWN;C1_CLASS_2_6_DERIVATIVE_MISSING;C1_VERTICAL_DATUM_UNKNOWN;C2_REGISTERED_FULL_COVERAGE_UNKNOWN;C2_EXACT_937_BASE_MISMATCH;C2_CLASS_2_6_DERIVATIVE_MISSING;C3_SPARSE_CONVERSION_REPLAY_PARTIAL;C4_REGISTRATION_NOT_VERIFIED;C4_PRIOR_INTERFACE_NOT_FROZEN;C5_INDEPENDENT_LOD1_MISSING;GRAVITY_TERRAIN_MVS_ESTIMATE_MISSING;R_DERIVED_COMMON_REPLAY_MISSING;STAGE3_TOOLCHAIN_NOT_REPLAYABLE,false
DEBY_LOD2_42364667,DEBYvAAAAABRTwzz,LOD2_REFERENCE_690_5336,"690891.702,5336091.347,690917.651,5336095.022",true,937_INCLUDED_25_EXCLUDED_AGGREGATE_ONLY,UNKNOWN,true,UNKNOWN,UNKNOWN,true,UNKNOWN,UNKNOWN,UNKNOWN,UNKNOWN,true,UNKNOWN,UNKNOWN,MISSING,false,UNKNOWN,UNKNOWN,IMAGE_BUILDING_COVERAGE_JOIN_MISSING;C1_REGISTERED_FULL_COVERAGE_UNKNOWN;C1_CLASS_2_6_DERIVATIVE_MISSING;C1_VERTICAL_DATUM_UNKNOWN;C2_REGISTERED_FULL_COVERAGE_UNKNOWN;C2_EXACT_937_BASE_MISMATCH;C2_CLASS_2_6_DERIVATIVE_MISSING;C3_SPARSE_CONVERSION_REPLAY_PARTIAL;C4_REGISTRATION_NOT_VERIFIED;C4_PRIOR_INTERFACE_NOT_FROZEN;C5_INDEPENDENT_LOD1_MISSING;GRAVITY_TERRAIN_MVS_ESTIMATE_MISSING;R_DERIVED_COMMON_REPLAY_MISSING;STAGE3_TOOLCHAIN_NOT_REPLAYABLE,false
DEBY_LOD2_4906965,DEBYvAAAAABTMJfe,LOD2_REFERENCE_690_5334,"690825.810,5335938.400,690928.630,5336024.430",true,937_INCLUDED_25_EXCLUDED_AGGREGATE_ONLY,UNKNOWN,true,UNKNOWN,UNKNOWN,true,UNKNOWN,UNKNOWN,UNKNOWN,UNKNOWN,true,UNKNOWN,UNKNOWN,MISSING,false,UNKNOWN,UNKNOWN,IMAGE_BUILDING_COVERAGE_JOIN_MISSING;C1_REGISTERED_FULL_COVERAGE_UNKNOWN;C1_CLASS_2_6_DERIVATIVE_MISSING;C1_VERTICAL_DATUM_UNKNOWN;C2_REGISTERED_FULL_COVERAGE_UNKNOWN;C2_EXACT_937_BASE_MISMATCH;C2_CLASS_2_6_DERIVATIVE_MISSING;C3_SPARSE_CONVERSION_REPLAY_PARTIAL;C4_REGISTRATION_NOT_VERIFIED;C4_PRIOR_INTERFACE_NOT_FROZEN;C5_INDEPENDENT_LOD1_MISSING;GRAVITY_TERRAIN_MVS_ESTIMATE_MISSING;R_DERIVED_COMMON_REPLAY_MISSING;STAGE3_TOOLCHAIN_NOT_REPLAYABLE,false
DEBY_LOD2_4906966,DEBYvAAAAABTMJRG,LOD2_REFERENCE_690_5336,"690845.610,5336017.780,690892.670,5336102.170",true,937_INCLUDED_25_EXCLUDED_AGGREGATE_ONLY,UNKNOWN,true,UNKNOWN,UNKNOWN,true,UNKNOWN,UNKNOWN,UNKNOWN,UNKNOWN,true,UNKNOWN,UNKNOWN,MISSING,false,UNKNOWN,UNKNOWN,IMAGE_BUILDING_COVERAGE_JOIN_MISSING;C1_REGISTERED_FULL_COVERAGE_UNKNOWN;C1_CLASS_2_6_DERIVATIVE_MISSING;C1_VERTICAL_DATUM_UNKNOWN;C2_REGISTERED_FULL_COVERAGE_UNKNOWN;C2_EXACT_937_BASE_MISMATCH;C2_CLASS_2_6_DERIVATIVE_MISSING;C3_SPARSE_CONVERSION_REPLAY_PARTIAL;C4_REGISTRATION_NOT_VERIFIED;C4_PRIOR_INTERFACE_NOT_FROZEN;C5_INDEPENDENT_LOD1_MISSING;GRAVITY_TERRAIN_MVS_ESTIMATE_MISSING;R_DERIVED_COMMON_REPLAY_MISSING;STAGE3_TOOLCHAIN_NOT_REPLAYABLE,false
DEBY_LOD2_4906967,DEBYvAAAAABTMJRg,LOD2_REFERENCE_690_5334,"690870.030,5335963.820,690944.530,5336024.550",true,937_INCLUDED_25_EXCLUDED_AGGREGATE_ONLY,UNKNOWN,true,UNKNOWN,UNKNOWN,true,UNKNOWN,UNKNOWN,UNKNOWN,UNKNOWN,true,UNKNOWN,UNKNOWN,MISSING,false,UNKNOWN,UNKNOWN,IMAGE_BUILDING_COVERAGE_JOIN_MISSING;C1_REGISTERED_FULL_COVERAGE_UNKNOWN;C1_CLASS_2_6_DERIVATIVE_MISSING;C1_VERTICAL_DATUM_UNKNOWN;C2_REGISTERED_FULL_COVERAGE_UNKNOWN;C2_EXACT_937_BASE_MISMATCH;C2_CLASS_2_6_DERIVATIVE_MISSING;C3_SPARSE_CONVERSION_REPLAY_PARTIAL;C4_REGISTRATION_NOT_VERIFIED;C4_PRIOR_INTERFACE_NOT_FROZEN;C5_INDEPENDENT_LOD1_MISSING;GRAVITY_TERRAIN_MVS_ESTIMATE_MISSING;R_DERIVED_COMMON_REPLAY_MISSING;STAGE3_TOOLCHAIN_NOT_REPLAYABLE,false
DEBY_LOD2_4906968,DEBYvAAAAABTMJAR,LOD2_REFERENCE_690_5336,"690891.410,5336021.120,690949.090,5336138.380",true,937_INCLUDED_25_EXCLUDED_AGGREGATE_ONLY,UNKNOWN,true,UNKNOWN,UNKNOWN,true,UNKNOWN,UNKNOWN,UNKNOWN,UNKNOWN,true,UNKNOWN,UNKNOWN,MISSING,false,UNKNOWN,UNKNOWN,IMAGE_BUILDING_COVERAGE_JOIN_MISSING;C1_REGISTERED_FULL_COVERAGE_UNKNOWN;C1_CLASS_2_6_DERIVATIVE_MISSING;C1_VERTICAL_DATUM_UNKNOWN;C2_REGISTERED_FULL_COVERAGE_UNKNOWN;C2_EXACT_937_BASE_MISMATCH;C2_CLASS_2_6_DERIVATIVE_MISSING;C3_SPARSE_CONVERSION_REPLAY_PARTIAL;C4_REGISTRATION_NOT_VERIFIED;C4_PRIOR_INTERFACE_NOT_FROZEN;C5_INDEPENDENT_LOD1_MISSING;GRAVITY_TERRAIN_MVS_ESTIMATE_MISSING;R_DERIVED_COMMON_REPLAY_MISSING;STAGE3_TOOLCHAIN_NOT_REPLAYABLE,false
DEBY_LOD2_4906969,DEBYvAAAAABTMI8W,LOD2_REFERENCE_690_5336,"690916.690,5336008.570,690935.670,5336025.350",true,937_INCLUDED_25_EXCLUDED_AGGREGATE_ONLY,UNKNOWN,true,UNKNOWN,UNKNOWN,true,UNKNOWN,UNKNOWN,UNKNOWN,UNKNOWN,true,UNKNOWN,UNKNOWN,MISSING,false,UNKNOWN,UNKNOWN,IMAGE_BUILDING_COVERAGE_JOIN_MISSING;C1_REGISTERED_FULL_COVERAGE_UNKNOWN;C1_CLASS_2_6_DERIVATIVE_MISSING;C1_VERTICAL_DATUM_UNKNOWN;C2_REGISTERED_FULL_COVERAGE_UNKNOWN;C2_EXACT_937_BASE_MISMATCH;C2_CLASS_2_6_DERIVATIVE_MISSING;C3_SPARSE_CONVERSION_REPLAY_PARTIAL;C4_REGISTRATION_NOT_VERIFIED;C4_PRIOR_INTERFACE_NOT_FROZEN;C5_INDEPENDENT_LOD1_MISSING;GRAVITY_TERRAIN_MVS_ESTIMATE_MISSING;R_DERIVED_COMMON_REPLAY_MISSING;STAGE3_TOOLCHAIN_NOT_REPLAYABLE,false
DEBY_LOD2_4906970,DEBYvAAAAABTMJG3,LOD2_REFERENCE_690_5334,"690921.810,5335934.310,690938.280,5335950.210",true,937_INCLUDED_25_EXCLUDED_AGGREGATE_ONLY,UNKNOWN,true,UNKNOWN,UNKNOWN,true,UNKNOWN,UNKNOWN,UNKNOWN,UNKNOWN,true,UNKNOWN,UNKNOWN,MISSING,false,UNKNOWN,UNKNOWN,IMAGE_BUILDING_COVERAGE_JOIN_MISSING;C1_REGISTERED_FULL_COVERAGE_UNKNOWN;C1_CLASS_2_6_DERIVATIVE_MISSING;C1_VERTICAL_DATUM_UNKNOWN;C2_REGISTERED_FULL_COVERAGE_UNKNOWN;C2_EXACT_937_BASE_MISMATCH;C2_CLASS_2_6_DERIVATIVE_MISSING;C3_SPARSE_CONVERSION_REPLAY_PARTIAL;C4_REGISTRATION_NOT_VERIFIED;C4_PRIOR_INTERFACE_NOT_FROZEN;C5_INDEPENDENT_LOD1_MISSING;GRAVITY_TERRAIN_MVS_ESTIMATE_MISSING;R_DERIVED_COMMON_REPLAY_MISSING;STAGE3_TOOLCHAIN_NOT_REPLAYABLE,false
DEBY_LOD2_4906972,DEBYvAAAAABTMI9U,LOD2_REFERENCE_690_5334,"690933.230,5335923.580,690964.540,5335948.060",true,937_INCLUDED_25_EXCLUDED_AGGREGATE_ONLY,UNKNOWN,true,UNKNOWN,UNKNOWN,true,UNKNOWN,UNKNOWN,UNKNOWN,UNKNOWN,true,UNKNOWN,UNKNOWN,MISSING,false,UNKNOWN,UNKNOWN,IMAGE_BUILDING_COVERAGE_JOIN_MISSING;C1_REGISTERED_FULL_COVERAGE_UNKNOWN;C1_CLASS_2_6_DERIVATIVE_MISSING;C1_VERTICAL_DATUM_UNKNOWN;C2_REGISTERED_FULL_COVERAGE_UNKNOWN;C2_EXACT_937_BASE_MISMATCH;C2_CLASS_2_6_DERIVATIVE_MISSING;C3_SPARSE_CONVERSION_REPLAY_PARTIAL;C4_REGISTRATION_NOT_VERIFIED;C4_PRIOR_INTERFACE_NOT_FROZEN;C5_INDEPENDENT_LOD1_MISSING;GRAVITY_TERRAIN_MVS_ESTIMATE_MISSING;R_DERIVED_COMMON_REPLAY_MISSING;STAGE3_TOOLCHAIN_NOT_REPLAYABLE,false
DEBY_LOD2_4906973,DEBYvAAAAABTMJEU,LOD2_REFERENCE_690_5334,"690945.440,5335938.350,690957.250,5335947.120",true,937_INCLUDED_25_EXCLUDED_AGGREGATE_ONLY,UNKNOWN,true,UNKNOWN,UNKNOWN,true,UNKNOWN,UNKNOWN,UNKNOWN,UNKNOWN,true,UNKNOWN,UNKNOWN,MISSING,false,UNKNOWN,UNKNOWN,IMAGE_BUILDING_COVERAGE_JOIN_MISSING;C1_REGISTERED_FULL_COVERAGE_UNKNOWN;C1_CLASS_2_6_DERIVATIVE_MISSING;C1_VERTICAL_DATUM_UNKNOWN;C2_REGISTERED_FULL_COVERAGE_UNKNOWN;C2_EXACT_937_BASE_MISMATCH;C2_CLASS_2_6_DERIVATIVE_MISSING;C3_SPARSE_CONVERSION_REPLAY_PARTIAL;C4_REGISTRATION_NOT_VERIFIED;C4_PRIOR_INTERFACE_NOT_FROZEN;C5_INDEPENDENT_LOD1_MISSING;GRAVITY_TERRAIN_MVS_ESTIMATE_MISSING;R_DERIVED_COMMON_REPLAY_MISSING;STAGE3_TOOLCHAIN_NOT_REPLAYABLE,false
DEBY_LOD2_4906974,DEBYvAAAAABTMJD6,LOD2_REFERENCE_690_5334,"690955.350,5335934.730,690976.130,5335968.040",true,937_INCLUDED_25_EXCLUDED_AGGREGATE_ONLY,UNKNOWN,true,UNKNOWN,UNKNOWN,true,UNKNOWN,UNKNOWN,UNKNOWN,UNKNOWN,true,UNKNOWN,UNKNOWN,MISSING,false,UNKNOWN,UNKNOWN,IMAGE_BUILDING_COVERAGE_JOIN_MISSING;C1_REGISTERED_FULL_COVERAGE_UNKNOWN;C1_CLASS_2_6_DERIVATIVE_MISSING;C1_VERTICAL_DATUM_UNKNOWN;C2_REGISTERED_FULL_COVERAGE_UNKNOWN;C2_EXACT_937_BASE_MISMATCH;C2_CLASS_2_6_DERIVATIVE_MISSING;C3_SPARSE_CONVERSION_REPLAY_PARTIAL;C4_REGISTRATION_NOT_VERIFIED;C4_PRIOR_INTERFACE_NOT_FROZEN;C5_INDEPENDENT_LOD1_MISSING;GRAVITY_TERRAIN_MVS_ESTIMATE_MISSING;R_DERIVED_COMMON_REPLAY_MISSING;STAGE3_TOOLCHAIN_NOT_REPLAYABLE,false
DEBY_LOD2_4906975,DEBYvAAAAABTMJCi,LOD2_REFERENCE_690_5336,"690932.400,5336076.700,690990.560,5336124.070",true,937_INCLUDED_25_EXCLUDED_AGGREGATE_ONLY,UNKNOWN,true,UNKNOWN,UNKNOWN,true,UNKNOWN,UNKNOWN,UNKNOWN,UNKNOWN,true,UNKNOWN,UNKNOWN,MISSING,false,UNKNOWN,UNKNOWN,IMAGE_BUILDING_COVERAGE_JOIN_MISSING;C1_REGISTERED_FULL_COVERAGE_UNKNOWN;C1_CLASS_2_6_DERIVATIVE_MISSING;C1_VERTICAL_DATUM_UNKNOWN;C2_REGISTERED_FULL_COVERAGE_UNKNOWN;C2_EXACT_937_BASE_MISMATCH;C2_CLASS_2_6_DERIVATIVE_MISSING;C3_SPARSE_CONVERSION_REPLAY_PARTIAL;C4_REGISTRATION_NOT_VERIFIED;C4_PRIOR_INTERFACE_NOT_FROZEN;C5_INDEPENDENT_LOD1_MISSING;GRAVITY_TERRAIN_MVS_ESTIMATE_MISSING;R_DERIVED_COMMON_REPLAY_MISSING;STAGE3_TOOLCHAIN_NOT_REPLAYABLE,false
DEBY_LOD2_4906976,DEBYvAAAAABTMJI4,LOD2_REFERENCE_690_5334,"690960.680,5335914.810,690989.300,5335934.250",true,937_INCLUDED_25_EXCLUDED_AGGREGATE_ONLY,UNKNOWN,true,UNKNOWN,UNKNOWN,true,UNKNOWN,UNKNOWN,UNKNOWN,UNKNOWN,true,UNKNOWN,UNKNOWN,MISSING,false,UNKNOWN,UNKNOWN,IMAGE_BUILDING_COVERAGE_JOIN_MISSING;C1_REGISTERED_FULL_COVERAGE_UNKNOWN;C1_CLASS_2_6_DERIVATIVE_MISSING;C1_VERTICAL_DATUM_UNKNOWN;C2_REGISTERED_FULL_COVERAGE_UNKNOWN;C2_EXACT_937_BASE_MISMATCH;C2_CLASS_2_6_DERIVATIVE_MISSING;C3_SPARSE_CONVERSION_REPLAY_PARTIAL;C4_REGISTRATION_NOT_VERIFIED;C4_PRIOR_INTERFACE_NOT_FROZEN;C5_INDEPENDENT_LOD1_MISSING;GRAVITY_TERRAIN_MVS_ESTIMATE_MISSING;R_DERIVED_COMMON_REPLAY_MISSING;STAGE3_TOOLCHAIN_NOT_REPLAYABLE,false
DEBY_LOD2_4906977,DEBYvAAAAABTMIx7,LOD2_REFERENCE_690_5334,"690976.810,5335924.440,691002.690,5335963.330",true,937_INCLUDED_25_EXCLUDED_AGGREGATE_ONLY,UNKNOWN,true,UNKNOWN,UNKNOWN,true,UNKNOWN,UNKNOWN,UNKNOWN,UNKNOWN,true,UNKNOWN,UNKNOWN,MISSING,false,UNKNOWN,UNKNOWN,IMAGE_BUILDING_COVERAGE_JOIN_MISSING;C1_REGISTERED_FULL_COVERAGE_UNKNOWN;C1_CLASS_2_6_DERIVATIVE_MISSING;C1_VERTICAL_DATUM_UNKNOWN;C2_REGISTERED_FULL_COVERAGE_UNKNOWN;C2_EXACT_937_BASE_MISMATCH;C2_CLASS_2_6_DERIVATIVE_MISSING;C3_SPARSE_CONVERSION_REPLAY_PARTIAL;C4_REGISTRATION_NOT_VERIFIED;C4_PRIOR_INTERFACE_NOT_FROZEN;C5_INDEPENDENT_LOD1_MISSING;GRAVITY_TERRAIN_MVS_ESTIMATE_MISSING;R_DERIVED_COMMON_REPLAY_MISSING;STAGE3_TOOLCHAIN_NOT_REPLAYABLE,false
DEBY_LOD2_4906980,DEBYvAAAAABTMIxt,LOD2_REFERENCE_690_5334,"690997.140,5335971.160,691009.140,5335978.990",true,937_INCLUDED_25_EXCLUDED_AGGREGATE_ONLY,UNKNOWN,true,UNKNOWN,UNKNOWN,true,UNKNOWN,UNKNOWN,UNKNOWN,UNKNOWN,true,UNKNOWN,UNKNOWN,MISSING,false,UNKNOWN,UNKNOWN,IMAGE_BUILDING_COVERAGE_JOIN_MISSING;C1_REGISTERED_FULL_COVERAGE_UNKNOWN;C1_CLASS_2_6_DERIVATIVE_MISSING;C1_VERTICAL_DATUM_UNKNOWN;C2_REGISTERED_FULL_COVERAGE_UNKNOWN;C2_EXACT_937_BASE_MISMATCH;C2_CLASS_2_6_DERIVATIVE_MISSING;C3_SPARSE_CONVERSION_REPLAY_PARTIAL;C4_REGISTRATION_NOT_VERIFIED;C4_PRIOR_INTERFACE_NOT_FROZEN;C5_INDEPENDENT_LOD1_MISSING;GRAVITY_TERRAIN_MVS_ESTIMATE_MISSING;R_DERIVED_COMMON_REPLAY_MISSING;STAGE3_TOOLCHAIN_NOT_REPLAYABLE,false
DEBY_LOD2_4906981,DEBYvAAAAABTMJ0o,LOD2_REFERENCE_690_5334,"690985.320,5335907.260,691027.290,5335975.310",true,937_INCLUDED_25_EXCLUDED_AGGREGATE_ONLY,UNKNOWN,true,UNKNOWN,UNKNOWN,true,UNKNOWN,UNKNOWN,UNKNOWN,UNKNOWN,true,UNKNOWN,UNKNOWN,MISSING,false,UNKNOWN,UNKNOWN,IMAGE_BUILDING_COVERAGE_JOIN_MISSING;C1_REGISTERED_FULL_COVERAGE_UNKNOWN;C1_CLASS_2_6_DERIVATIVE_MISSING;C1_VERTICAL_DATUM_UNKNOWN;C2_REGISTERED_FULL_COVERAGE_UNKNOWN;C2_EXACT_937_BASE_MISMATCH;C2_CLASS_2_6_DERIVATIVE_MISSING;C3_SPARSE_CONVERSION_REPLAY_PARTIAL;C4_REGISTRATION_NOT_VERIFIED;C4_PRIOR_INTERFACE_NOT_FROZEN;C5_INDEPENDENT_LOD1_MISSING;GRAVITY_TERRAIN_MVS_ESTIMATE_MISSING;R_DERIVED_COMMON_REPLAY_MISSING;STAGE3_TOOLCHAIN_NOT_REPLAYABLE,false
DEBY_LOD2_4906982,DEBYvAAAAABTMJzn,LOD2_REFERENCE_690_5336,"690927.190,5336198.110,690976.690,5336245.030",true,937_INCLUDED_25_EXCLUDED_AGGREGATE_ONLY,UNKNOWN,true,UNKNOWN,UNKNOWN,true,UNKNOWN,UNKNOWN,UNKNOWN,UNKNOWN,true,UNKNOWN,UNKNOWN,MISSING,false,UNKNOWN,UNKNOWN,IMAGE_BUILDING_COVERAGE_JOIN_MISSING;C1_REGISTERED_FULL_COVERAGE_UNKNOWN;C1_CLASS_2_6_DERIVATIVE_MISSING;C1_VERTICAL_DATUM_UNKNOWN;C2_REGISTERED_FULL_COVERAGE_UNKNOWN;C2_EXACT_937_BASE_MISMATCH;C2_CLASS_2_6_DERIVATIVE_MISSING;C3_SPARSE_CONVERSION_REPLAY_PARTIAL;C4_REGISTRATION_NOT_VERIFIED;C4_PRIOR_INTERFACE_NOT_FROZEN;C5_INDEPENDENT_LOD1_MISSING;GRAVITY_TERRAIN_MVS_ESTIMATE_MISSING;R_DERIVED_COMMON_REPLAY_MISSING;STAGE3_TOOLCHAIN_NOT_REPLAYABLE,false
DEBY_LOD2_4906983,DEBYvAAAAABTMJ6n,LOD2_REFERENCE_690_5336,"690938.550,5336252.080,690974.560,5336314.200",true,937_INCLUDED_25_EXCLUDED_AGGREGATE_ONLY,UNKNOWN,true,UNKNOWN,UNKNOWN,true,UNKNOWN,UNKNOWN,UNKNOWN,UNKNOWN,true,UNKNOWN,UNKNOWN,MISSING,false,UNKNOWN,UNKNOWN,IMAGE_BUILDING_COVERAGE_JOIN_MISSING;C1_REGISTERED_FULL_COVERAGE_UNKNOWN;C1_CLASS_2_6_DERIVATIVE_MISSING;C1_VERTICAL_DATUM_UNKNOWN;C2_REGISTERED_FULL_COVERAGE_UNKNOWN;C2_EXACT_937_BASE_MISMATCH;C2_CLASS_2_6_DERIVATIVE_MISSING;C3_SPARSE_CONVERSION_REPLAY_PARTIAL;C4_REGISTRATION_NOT_VERIFIED;C4_PRIOR_INTERFACE_NOT_FROZEN;C5_INDEPENDENT_LOD1_MISSING;GRAVITY_TERRAIN_MVS_ESTIMATE_MISSING;R_DERIVED_COMMON_REPLAY_MISSING;STAGE3_TOOLCHAIN_NOT_REPLAYABLE,false
DEBY_LOD2_4906984,DEBYvAAAAABTMJ7N,LOD2_REFERENCE_690_5336,"690963.750,5336276.000,690982.390,5336299.110",true,937_INCLUDED_25_EXCLUDED_AGGREGATE_ONLY,UNKNOWN,true,UNKNOWN,UNKNOWN,true,UNKNOWN,UNKNOWN,UNKNOWN,UNKNOWN,true,UNKNOWN,UNKNOWN,MISSING,false,UNKNOWN,UNKNOWN,IMAGE_BUILDING_COVERAGE_JOIN_MISSING;C1_REGISTERED_FULL_COVERAGE_UNKNOWN;C1_CLASS_2_6_DERIVATIVE_MISSING;C1_VERTICAL_DATUM_UNKNOWN;C2_REGISTERED_FULL_COVERAGE_UNKNOWN;C2_EXACT_937_BASE_MISMATCH;C2_CLASS_2_6_DERIVATIVE_MISSING;C3_SPARSE_CONVERSION_REPLAY_PARTIAL;C4_REGISTRATION_NOT_VERIFIED;C4_PRIOR_INTERFACE_NOT_FROZEN;C5_INDEPENDENT_LOD1_MISSING;GRAVITY_TERRAIN_MVS_ESTIMATE_MISSING;R_DERIVED_COMMON_REPLAY_MISSING;STAGE3_TOOLCHAIN_NOT_REPLAYABLE,false
DEBY_LOD2_4906985,DEBYvAAAAABTMJx1,LOD2_REFERENCE_690_5336,"690973.730,5336261.050,691012.380,5336298.850",true,937_INCLUDED_25_EXCLUDED_AGGREGATE_ONLY,UNKNOWN,true,UNKNOWN,UNKNOWN,true,UNKNOWN,UNKNOWN,UNKNOWN,UNKNOWN,true,UNKNOWN,UNKNOWN,MISSING,false,UNKNOWN,UNKNOWN,IMAGE_BUILDING_COVERAGE_JOIN_MISSING;C1_REGISTERED_FULL_COVERAGE_UNKNOWN;C1_CLASS_2_6_DERIVATIVE_MISSING;C1_VERTICAL_DATUM_UNKNOWN;C2_REGISTERED_FULL_COVERAGE_UNKNOWN;C2_EXACT_937_BASE_MISMATCH;C2_CLASS_2_6_DERIVATIVE_MISSING;C3_SPARSE_CONVERSION_REPLAY_PARTIAL;C4_REGISTRATION_NOT_VERIFIED;C4_PRIOR_INTERFACE_NOT_FROZEN;C5_INDEPENDENT_LOD1_MISSING;GRAVITY_TERRAIN_MVS_ESTIMATE_MISSING;R_DERIVED_COMMON_REPLAY_MISSING;STAGE3_TOOLCHAIN_NOT_REPLAYABLE,false
DEBY_LOD2_4906986,DEBYvAAAAABTMJkN,LOD2_REFERENCE_690_5336,"690991.419,5336317.302,691010.140,5336341.621",true,937_INCLUDED_25_EXCLUDED_AGGREGATE_ONLY,UNKNOWN,true,UNKNOWN,UNKNOWN,true,UNKNOWN,UNKNOWN,UNKNOWN,UNKNOWN,true,UNKNOWN,UNKNOWN,MISSING,false,UNKNOWN,UNKNOWN,IMAGE_BUILDING_COVERAGE_JOIN_MISSING;C1_REGISTERED_FULL_COVERAGE_UNKNOWN;C1_CLASS_2_6_DERIVATIVE_MISSING;C1_VERTICAL_DATUM_UNKNOWN;C2_REGISTERED_FULL_COVERAGE_UNKNOWN;C2_EXACT_937_BASE_MISMATCH;C2_CLASS_2_6_DERIVATIVE_MISSING;C3_SPARSE_CONVERSION_REPLAY_PARTIAL;C4_REGISTRATION_NOT_VERIFIED;C4_PRIOR_INTERFACE_NOT_FROZEN;C5_INDEPENDENT_LOD1_MISSING;GRAVITY_TERRAIN_MVS_ESTIMATE_MISSING;R_DERIVED_COMMON_REPLAY_MISSING;STAGE3_TOOLCHAIN_NOT_REPLAYABLE,false
DEBY_LOD2_4906987,DEBYvAAAAABTMJeO,LOD2_REFERENCE_690_5336,"691002.110,5336313.100,691018.610,5336338.140",true,937_INCLUDED_25_EXCLUDED_AGGREGATE_ONLY,UNKNOWN,true,UNKNOWN,UNKNOWN,true,UNKNOWN,UNKNOWN,UNKNOWN,UNKNOWN,true,UNKNOWN,UNKNOWN,MISSING,false,UNKNOWN,UNKNOWN,IMAGE_BUILDING_COVERAGE_JOIN_MISSING;C1_REGISTERED_FULL_COVERAGE_UNKNOWN;C1_CLASS_2_6_DERIVATIVE_MISSING;C1_VERTICAL_DATUM_UNKNOWN;C2_REGISTERED_FULL_COVERAGE_UNKNOWN;C2_EXACT_937_BASE_MISMATCH;C2_CLASS_2_6_DERIVATIVE_MISSING;C3_SPARSE_CONVERSION_REPLAY_PARTIAL;C4_REGISTRATION_NOT_VERIFIED;C4_PRIOR_INTERFACE_NOT_FROZEN;C5_INDEPENDENT_LOD1_MISSING;GRAVITY_TERRAIN_MVS_ESTIMATE_MISSING;R_DERIVED_COMMON_REPLAY_MISSING;STAGE3_TOOLCHAIN_NOT_REPLAYABLE,false
DEBY_LOD2_4906988,DEBYvAAAAABTMJkY,LOD2_REFERENCE_690_5336,"691010.140,5336335.610,691023.550,5336355.390",true,937_INCLUDED_25_EXCLUDED_AGGREGATE_ONLY,UNKNOWN,true,UNKNOWN,UNKNOWN,true,UNKNOWN,UNKNOWN,UNKNOWN,UNKNOWN,true,UNKNOWN,UNKNOWN,MISSING,false,UNKNOWN,UNKNOWN,IMAGE_BUILDING_COVERAGE_JOIN_MISSING;C1_REGISTERED_FULL_COVERAGE_UNKNOWN;C1_CLASS_2_6_DERIVATIVE_MISSING;C1_VERTICAL_DATUM_UNKNOWN;C2_REGISTERED_FULL_COVERAGE_UNKNOWN;C2_EXACT_937_BASE_MISMATCH;C2_CLASS_2_6_DERIVATIVE_MISSING;C3_SPARSE_CONVERSION_REPLAY_PARTIAL;C4_REGISTRATION_NOT_VERIFIED;C4_PRIOR_INTERFACE_NOT_FROZEN;C5_INDEPENDENT_LOD1_MISSING;GRAVITY_TERRAIN_MVS_ESTIMATE_MISSING;R_DERIVED_COMMON_REPLAY_MISSING;STAGE3_TOOLCHAIN_NOT_REPLAYABLE,false
DEBY_LOD2_4906989,DEBYvAAAAABTMJe9,LOD2_REFERENCE_690_5336,"690966.772,5336325.722,690988.240,5336351.652",true,937_INCLUDED_25_EXCLUDED_AGGREGATE_ONLY,UNKNOWN,true,UNKNOWN,UNKNOWN,true,UNKNOWN,UNKNOWN,UNKNOWN,UNKNOWN,true,UNKNOWN,UNKNOWN,MISSING,false,UNKNOWN,UNKNOWN,IMAGE_BUILDING_COVERAGE_JOIN_MISSING;C1_REGISTERED_FULL_COVERAGE_UNKNOWN;C1_CLASS_2_6_DERIVATIVE_MISSING;C1_VERTICAL_DATUM_UNKNOWN;C2_REGISTERED_FULL_COVERAGE_UNKNOWN;C2_EXACT_937_BASE_MISMATCH;C2_CLASS_2_6_DERIVATIVE_MISSING;C3_SPARSE_CONVERSION_REPLAY_PARTIAL;C4_REGISTRATION_NOT_VERIFIED;C4_PRIOR_INTERFACE_NOT_FROZEN;C5_INDEPENDENT_LOD1_MISSING;GRAVITY_TERRAIN_MVS_ESTIMATE_MISSING;R_DERIVED_COMMON_REPLAY_MISSING;STAGE3_TOOLCHAIN_NOT_REPLAYABLE,false
DEBY_LOD2_4906990,DEBYvAAAAABTMJgi,LOD2_REFERENCE_690_5336,"690974.910,5336346.100,690996.420,5336369.250",true,937_INCLUDED_25_EXCLUDED_AGGREGATE_ONLY,UNKNOWN,true,UNKNOWN,UNKNOWN,true,UNKNOWN,UNKNOWN,UNKNOWN,UNKNOWN,true,UNKNOWN,UNKNOWN,MISSING,false,UNKNOWN,UNKNOWN,IMAGE_BUILDING_COVERAGE_JOIN_MISSING;C1_REGISTERED_FULL_COVERAGE_UNKNOWN;C1_CLASS_2_6_DERIVATIVE_MISSING;C1_VERTICAL_DATUM_UNKNOWN;C2_REGISTERED_FULL_COVERAGE_UNKNOWN;C2_EXACT_937_BASE_MISMATCH;C2_CLASS_2_6_DERIVATIVE_MISSING;C3_SPARSE_CONVERSION_REPLAY_PARTIAL;C4_REGISTRATION_NOT_VERIFIED;C4_PRIOR_INTERFACE_NOT_FROZEN;C5_INDEPENDENT_LOD1_MISSING;GRAVITY_TERRAIN_MVS_ESTIMATE_MISSING;R_DERIVED_COMMON_REPLAY_MISSING;STAGE3_TOOLCHAIN_NOT_REPLAYABLE,false
DEBY_LOD2_4906991,DEBYvAAAAABTMJgn,LOD2_REFERENCE_690_5336,"691001.700,5336338.140,691016.940,5336358.640",true,937_INCLUDED_25_EXCLUDED_AGGREGATE_ONLY,UNKNOWN,true,UNKNOWN,UNKNOWN,true,UNKNOWN,UNKNOWN,UNKNOWN,UNKNOWN,true,UNKNOWN,UNKNOWN,MISSING,false,UNKNOWN,UNKNOWN,IMAGE_BUILDING_COVERAGE_JOIN_MISSING;C1_REGISTERED_FULL_COVERAGE_UNKNOWN;C1_CLASS_2_6_DERIVATIVE_MISSING;C1_VERTICAL_DATUM_UNKNOWN;C2_REGISTERED_FULL_COVERAGE_UNKNOWN;C2_EXACT_937_BASE_MISMATCH;C2_CLASS_2_6_DERIVATIVE_MISSING;C3_SPARSE_CONVERSION_REPLAY_PARTIAL;C4_REGISTRATION_NOT_VERIFIED;C4_PRIOR_INTERFACE_NOT_FROZEN;C5_INDEPENDENT_LOD1_MISSING;GRAVITY_TERRAIN_MVS_ESTIMATE_MISSING;R_DERIVED_COMMON_REPLAY_MISSING;STAGE3_TOOLCHAIN_NOT_REPLAYABLE,false
DEBY_LOD2_4906997,DEBYvAAAAABTMfd5,LOD2_REFERENCE_690_5336,"690946.557,5336353.498,690963.169,5336374.162",true,937_INCLUDED_25_EXCLUDED_AGGREGATE_ONLY,UNKNOWN,true,UNKNOWN,UNKNOWN,true,UNKNOWN,UNKNOWN,UNKNOWN,UNKNOWN,true,UNKNOWN,UNKNOWN,MISSING,false,UNKNOWN,UNKNOWN,IMAGE_BUILDING_COVERAGE_JOIN_MISSING;C1_REGISTERED_FULL_COVERAGE_UNKNOWN;C1_CLASS_2_6_DERIVATIVE_MISSING;C1_VERTICAL_DATUM_UNKNOWN;C2_REGISTERED_FULL_COVERAGE_UNKNOWN;C2_EXACT_937_BASE_MISMATCH;C2_CLASS_2_6_DERIVATIVE_MISSING;C3_SPARSE_CONVERSION_REPLAY_PARTIAL;C4_REGISTRATION_NOT_VERIFIED;C4_PRIOR_INTERFACE_NOT_FROZEN;C5_INDEPENDENT_LOD1_MISSING;GRAVITY_TERRAIN_MVS_ESTIMATE_MISSING;R_DERIVED_COMMON_REPLAY_MISSING;STAGE3_TOOLCHAIN_NOT_REPLAYABLE,false
DEBY_LOD2_4906998,DEBYvAAAAABTMfbq,LOD2_REFERENCE_690_5336,"690929.600,5336337.440,690956.570,5336357.590",true,937_INCLUDED_25_EXCLUDED_AGGREGATE_ONLY,UNKNOWN,true,UNKNOWN,UNKNOWN,true,UNKNOWN,UNKNOWN,UNKNOWN,UNKNOWN,true,UNKNOWN,UNKNOWN,MISSING,false,UNKNOWN,UNKNOWN,IMAGE_BUILDING_COVERAGE_JOIN_MISSING;C1_REGISTERED_FULL_COVERAGE_UNKNOWN;C1_CLASS_2_6_DERIVATIVE_MISSING;C1_VERTICAL_DATUM_UNKNOWN;C2_REGISTERED_FULL_COVERAGE_UNKNOWN;C2_EXACT_937_BASE_MISMATCH;C2_CLASS_2_6_DERIVATIVE_MISSING;C3_SPARSE_CONVERSION_REPLAY_PARTIAL;C4_REGISTRATION_NOT_VERIFIED;C4_PRIOR_INTERFACE_NOT_FROZEN;C5_INDEPENDENT_LOD1_MISSING;GRAVITY_TERRAIN_MVS_ESTIMATE_MISSING;R_DERIVED_COMMON_REPLAY_MISSING;STAGE3_TOOLCHAIN_NOT_REPLAYABLE,false
DEBY_LOD2_4906999,DEBYvAAAAABTMfaz,LOD2_REFERENCE_690_5336,"690911.470,5336344.810,690933.840,5336362.850",true,937_INCLUDED_25_EXCLUDED_AGGREGATE_ONLY,UNKNOWN,true,UNKNOWN,UNKNOWN,true,UNKNOWN,UNKNOWN,UNKNOWN,UNKNOWN,true,UNKNOWN,UNKNOWN,MISSING,false,UNKNOWN,UNKNOWN,IMAGE_BUILDING_COVERAGE_JOIN_MISSING;C1_REGISTERED_FULL_COVERAGE_UNKNOWN;C1_CLASS_2_6_DERIVATIVE_MISSING;C1_VERTICAL_DATUM_UNKNOWN;C2_REGISTERED_FULL_COVERAGE_UNKNOWN;C2_EXACT_937_BASE_MISMATCH;C2_CLASS_2_6_DERIVATIVE_MISSING;C3_SPARSE_CONVERSION_REPLAY_PARTIAL;C4_REGISTRATION_NOT_VERIFIED;C4_PRIOR_INTERFACE_NOT_FROZEN;C5_INDEPENDENT_LOD1_MISSING;GRAVITY_TERRAIN_MVS_ESTIMATE_MISSING;R_DERIVED_COMMON_REPLAY_MISSING;STAGE3_TOOLCHAIN_NOT_REPLAYABLE,false
DEBY_LOD2_4907000,DEBYvAAAAABTMfW6,LOD2_REFERENCE_690_5336,"690895.340,5336351.800,690915.600,5336368.830",true,937_INCLUDED_25_EXCLUDED_AGGREGATE_ONLY,UNKNOWN,true,UNKNOWN,UNKNOWN,true,UNKNOWN,UNKNOWN,UNKNOWN,UNKNOWN,true,UNKNOWN,UNKNOWN,MISSING,false,UNKNOWN,UNKNOWN,IMAGE_BUILDING_COVERAGE_JOIN_MISSING;C1_REGISTERED_FULL_COVERAGE_UNKNOWN;C1_CLASS_2_6_DERIVATIVE_MISSING;C1_VERTICAL_DATUM_UNKNOWN;C2_REGISTERED_FULL_COVERAGE_UNKNOWN;C2_EXACT_937_BASE_MISMATCH;C2_CLASS_2_6_DERIVATIVE_MISSING;C3_SPARSE_CONVERSION_REPLAY_PARTIAL;C4_REGISTRATION_NOT_VERIFIED;C4_PRIOR_INTERFACE_NOT_FROZEN;C5_INDEPENDENT_LOD1_MISSING;GRAVITY_TERRAIN_MVS_ESTIMATE_MISSING;R_DERIVED_COMMON_REPLAY_MISSING;STAGE3_TOOLCHAIN_NOT_REPLAYABLE,false
DEBY_LOD2_4907011,DEBYvAAAAABTMfC8,LOD2_REFERENCE_690_5336,"690828.452,5336348.984,690847.668,5336366.304",true,937_INCLUDED_25_EXCLUDED_AGGREGATE_ONLY,UNKNOWN,true,UNKNOWN,UNKNOWN,true,UNKNOWN,UNKNOWN,UNKNOWN,UNKNOWN,true,UNKNOWN,UNKNOWN,MISSING,false,UNKNOWN,UNKNOWN,IMAGE_BUILDING_COVERAGE_JOIN_MISSING;C1_REGISTERED_FULL_COVERAGE_UNKNOWN;C1_CLASS_2_6_DERIVATIVE_MISSING;C1_VERTICAL_DATUM_UNKNOWN;C2_REGISTERED_FULL_COVERAGE_UNKNOWN;C2_EXACT_937_BASE_MISMATCH;C2_CLASS_2_6_DERIVATIVE_MISSING;C3_SPARSE_CONVERSION_REPLAY_PARTIAL;C4_REGISTRATION_NOT_VERIFIED;C4_PRIOR_INTERFACE_NOT_FROZEN;C5_INDEPENDENT_LOD1_MISSING;GRAVITY_TERRAIN_MVS_ESTIMATE_MISSING;R_DERIVED_COMMON_REPLAY_MISSING;STAGE3_TOOLCHAIN_NOT_REPLAYABLE,false
DEBY_LOD2_4907012,DEBYvAAAAABTMfJH,LOD2_REFERENCE_690_5336,"690851.934,5336344.180,690860.205,5336357.295",true,937_INCLUDED_25_EXCLUDED_AGGREGATE_ONLY,UNKNOWN,true,UNKNOWN,UNKNOWN,true,UNKNOWN,UNKNOWN,UNKNOWN,UNKNOWN,true,UNKNOWN,UNKNOWN,MISSING,false,UNKNOWN,UNKNOWN,IMAGE_BUILDING_COVERAGE_JOIN_MISSING;C1_REGISTERED_FULL_COVERAGE_UNKNOWN;C1_CLASS_2_6_DERIVATIVE_MISSING;C1_VERTICAL_DATUM_UNKNOWN;C2_REGISTERED_FULL_COVERAGE_UNKNOWN;C2_EXACT_937_BASE_MISMATCH;C2_CLASS_2_6_DERIVATIVE_MISSING;C3_SPARSE_CONVERSION_REPLAY_PARTIAL;C4_REGISTRATION_NOT_VERIFIED;C4_PRIOR_INTERFACE_NOT_FROZEN;C5_INDEPENDENT_LOD1_MISSING;GRAVITY_TERRAIN_MVS_ESTIMATE_MISSING;R_DERIVED_COMMON_REPLAY_MISSING;STAGE3_TOOLCHAIN_NOT_REPLAYABLE,false
DEBY_LOD2_4907013,DEBYvAAAAABTMfLI,LOD2_REFERENCE_690_5336,"690843.209,5336345.651,690856.384,5336360.618",true,937_INCLUDED_25_EXCLUDED_AGGREGATE_ONLY,UNKNOWN,true,UNKNOWN,UNKNOWN,true,UNKNOWN,UNKNOWN,UNKNOWN,UNKNOWN,true,UNKNOWN,UNKNOWN,MISSING,false,UNKNOWN,UNKNOWN,IMAGE_BUILDING_COVERAGE_JOIN_MISSING;C1_REGISTERED_FULL_COVERAGE_UNKNOWN;C1_CLASS_2_6_DERIVATIVE_MISSING;C1_VERTICAL_DATUM_UNKNOWN;C2_REGISTERED_FULL_COVERAGE_UNKNOWN;C2_EXACT_937_BASE_MISMATCH;C2_CLASS_2_6_DERIVATIVE_MISSING;C3_SPARSE_CONVERSION_REPLAY_PARTIAL;C4_REGISTRATION_NOT_VERIFIED;C4_PRIOR_INTERFACE_NOT_FROZEN;C5_INDEPENDENT_LOD1_MISSING;GRAVITY_TERRAIN_MVS_ESTIMATE_MISSING;R_DERIVED_COMMON_REPLAY_MISSING;STAGE3_TOOLCHAIN_NOT_REPLAYABLE,false
DEBY_LOD2_4907014,DEBYvAAAAABTMdhz,LOD2_REFERENCE_690_5336,"690856.256,5336340.647,690872.815,5336355.833",true,937_INCLUDED_25_EXCLUDED_AGGREGATE_ONLY,UNKNOWN,true,UNKNOWN,UNKNOWN,true,UNKNOWN,UNKNOWN,UNKNOWN,UNKNOWN,true,UNKNOWN,UNKNOWN,MISSING,false,UNKNOWN,UNKNOWN,IMAGE_BUILDING_COVERAGE_JOIN_MISSING;C1_REGISTERED_FULL_COVERAGE_UNKNOWN;C1_CLASS_2_6_DERIVATIVE_MISSING;C1_VERTICAL_DATUM_UNKNOWN;C2_REGISTERED_FULL_COVERAGE_UNKNOWN;C2_EXACT_937_BASE_MISMATCH;C2_CLASS_2_6_DERIVATIVE_MISSING;C3_SPARSE_CONVERSION_REPLAY_PARTIAL;C4_REGISTRATION_NOT_VERIFIED;C4_PRIOR_INTERFACE_NOT_FROZEN;C5_INDEPENDENT_LOD1_MISSING;GRAVITY_TERRAIN_MVS_ESTIMATE_MISSING;R_DERIVED_COMMON_REPLAY_MISSING;STAGE3_TOOLCHAIN_NOT_REPLAYABLE,false
DEBY_LOD2_4907015,DEBYvAAAAABTMdhp,LOD2_REFERENCE_690_5336,"690868.866,5336335.275,690886.972,5336351.040",true,937_INCLUDED_25_EXCLUDED_AGGREGATE_ONLY,UNKNOWN,true,UNKNOWN,UNKNOWN,true,UNKNOWN,UNKNOWN,UNKNOWN,UNKNOWN,true,UNKNOWN,UNKNOWN,MISSING,false,UNKNOWN,UNKNOWN,IMAGE_BUILDING_COVERAGE_JOIN_MISSING;C1_REGISTERED_FULL_COVERAGE_UNKNOWN;C1_CLASS_2_6_DERIVATIVE_MISSING;C1_VERTICAL_DATUM_UNKNOWN;C2_REGISTERED_FULL_COVERAGE_UNKNOWN;C2_EXACT_937_BASE_MISMATCH;C2_CLASS_2_6_DERIVATIVE_MISSING;C3_SPARSE_CONVERSION_REPLAY_PARTIAL;C4_REGISTRATION_NOT_VERIFIED;C4_PRIOR_INTERFACE_NOT_FROZEN;C5_INDEPENDENT_LOD1_MISSING;GRAVITY_TERRAIN_MVS_ESTIMATE_MISSING;R_DERIVED_COMMON_REPLAY_MISSING;STAGE3_TOOLCHAIN_NOT_REPLAYABLE,false
DEBY_LOD2_4907016,DEBYvAAAAABTMdkC,LOD2_REFERENCE_690_5336,"690882.709,5336326.106,690908.836,5336345.678",true,937_INCLUDED_25_EXCLUDED_AGGREGATE_ONLY,UNKNOWN,true,UNKNOWN,UNKNOWN,true,UNKNOWN,UNKNOWN,UNKNOWN,UNKNOWN,true,UNKNOWN,UNKNOWN,MISSING,false,UNKNOWN,UNKNOWN,IMAGE_BUILDING_COVERAGE_JOIN_MISSING;C1_REGISTERED_FULL_COVERAGE_UNKNOWN;C1_CLASS_2_6_DERIVATIVE_MISSING;C1_VERTICAL_DATUM_UNKNOWN;C2_REGISTERED_FULL_COVERAGE_UNKNOWN;C2_EXACT_937_BASE_MISMATCH;C2_CLASS_2_6_DERIVATIVE_MISSING;C3_SPARSE_CONVERSION_REPLAY_PARTIAL;C4_REGISTRATION_NOT_VERIFIED;C4_PRIOR_INTERFACE_NOT_FROZEN;C5_INDEPENDENT_LOD1_MISSING;GRAVITY_TERRAIN_MVS_ESTIMATE_MISSING;R_DERIVED_COMMON_REPLAY_MISSING;STAGE3_TOOLCHAIN_NOT_REPLAYABLE,false
DEBY_LOD2_4907017,DEBYvAAAAABTMdvj,LOD2_REFERENCE_690_5336,"690904.534,5336317.651,690931.007,5336337.423",true,937_INCLUDED_25_EXCLUDED_AGGREGATE_ONLY,UNKNOWN,true,UNKNOWN,UNKNOWN,true,UNKNOWN,UNKNOWN,UNKNOWN,UNKNOWN,true,UNKNOWN,UNKNOWN,MISSING,false,UNKNOWN,UNKNOWN,IMAGE_BUILDING_COVERAGE_JOIN_MISSING;C1_REGISTERED_FULL_COVERAGE_UNKNOWN;C1_CLASS_2_6_DERIVATIVE_MISSING;C1_VERTICAL_DATUM_UNKNOWN;C2_REGISTERED_FULL_COVERAGE_UNKNOWN;C2_EXACT_937_BASE_MISMATCH;C2_CLASS_2_6_DERIVATIVE_MISSING;C3_SPARSE_CONVERSION_REPLAY_PARTIAL;C4_REGISTRATION_NOT_VERIFIED;C4_PRIOR_INTERFACE_NOT_FROZEN;C5_INDEPENDENT_LOD1_MISSING;GRAVITY_TERRAIN_MVS_ESTIMATE_MISSING;R_DERIVED_COMMON_REPLAY_MISSING;STAGE3_TOOLCHAIN_NOT_REPLAYABLE,false
DEBY_LOD2_4907018,DEBYvAAAAABTMdkN,LOD2_REFERENCE_690_5336,"690926.659,5336306.415,690945.030,5336329.021",true,937_INCLUDED_25_EXCLUDED_AGGREGATE_ONLY,UNKNOWN,true,UNKNOWN,UNKNOWN,true,UNKNOWN,UNKNOWN,UNKNOWN,UNKNOWN,true,UNKNOWN,UNKNOWN,MISSING,false,UNKNOWN,UNKNOWN,IMAGE_BUILDING_COVERAGE_JOIN_MISSING;C1_REGISTERED_FULL_COVERAGE_UNKNOWN;C1_CLASS_2_6_DERIVATIVE_MISSING;C1_VERTICAL_DATUM_UNKNOWN;C2_REGISTERED_FULL_COVERAGE_UNKNOWN;C2_EXACT_937_BASE_MISMATCH;C2_CLASS_2_6_DERIVATIVE_MISSING;C3_SPARSE_CONVERSION_REPLAY_PARTIAL;C4_REGISTRATION_NOT_VERIFIED;C4_PRIOR_INTERFACE_NOT_FROZEN;C5_INDEPENDENT_LOD1_MISSING;GRAVITY_TERRAIN_MVS_ESTIMATE_MISSING;R_DERIVED_COMMON_REPLAY_MISSING;STAGE3_TOOLCHAIN_NOT_REPLAYABLE,false
DEBY_LOD2_4907019,DEBYvAAAAABTMd2G,LOD2_REFERENCE_690_5336,"690880.783,5336296.026,690897.991,5336317.390",true,937_INCLUDED_25_EXCLUDED_AGGREGATE_ONLY,UNKNOWN,true,UNKNOWN,UNKNOWN,true,UNKNOWN,UNKNOWN,UNKNOWN,UNKNOWN,true,UNKNOWN,UNKNOWN,MISSING,false,UNKNOWN,UNKNOWN,IMAGE_BUILDING_COVERAGE_JOIN_MISSING;C1_REGISTERED_FULL_COVERAGE_UNKNOWN;C1_CLASS_2_6_DERIVATIVE_MISSING;C1_VERTICAL_DATUM_UNKNOWN;C2_REGISTERED_FULL_COVERAGE_UNKNOWN;C2_EXACT_937_BASE_MISMATCH;C2_CLASS_2_6_DERIVATIVE_MISSING;C3_SPARSE_CONVERSION_REPLAY_PARTIAL;C4_REGISTRATION_NOT_VERIFIED;C4_PRIOR_INTERFACE_NOT_FROZEN;C5_INDEPENDENT_LOD1_MISSING;GRAVITY_TERRAIN_MVS_ESTIMATE_MISSING;R_DERIVED_COMMON_REPLAY_MISSING;STAGE3_TOOLCHAIN_NOT_REPLAYABLE,false
DEBY_LOD2_4907020,DEBYvAAAAABTMdxp,LOD2_REFERENCE_690_5336,"690917.060,5336280.890,690938.300,5336310.860",true,937_INCLUDED_25_EXCLUDED_AGGREGATE_ONLY,UNKNOWN,true,UNKNOWN,UNKNOWN,true,UNKNOWN,UNKNOWN,UNKNOWN,UNKNOWN,true,UNKNOWN,UNKNOWN,MISSING,false,UNKNOWN,UNKNOWN,IMAGE_BUILDING_COVERAGE_JOIN_MISSING;C1_REGISTERED_FULL_COVERAGE_UNKNOWN;C1_CLASS_2_6_DERIVATIVE_MISSING;C1_VERTICAL_DATUM_UNKNOWN;C2_REGISTERED_FULL_COVERAGE_UNKNOWN;C2_EXACT_937_BASE_MISMATCH;C2_CLASS_2_6_DERIVATIVE_MISSING;C3_SPARSE_CONVERSION_REPLAY_PARTIAL;C4_REGISTRATION_NOT_VERIFIED;C4_PRIOR_INTERFACE_NOT_FROZEN;C5_INDEPENDENT_LOD1_MISSING;GRAVITY_TERRAIN_MVS_ESTIMATE_MISSING;R_DERIVED_COMMON_REPLAY_MISSING;STAGE3_TOOLCHAIN_NOT_REPLAYABLE,false
DEBY_LOD2_4907021,DEBYvAAAAABTMeAz,LOD2_REFERENCE_690_5336,"690864.735,5336255.747,690883.395,5336280.280",true,937_INCLUDED_25_EXCLUDED_AGGREGATE_ONLY,UNKNOWN,true,UNKNOWN,UNKNOWN,true,UNKNOWN,UNKNOWN,UNKNOWN,UNKNOWN,true,UNKNOWN,UNKNOWN,MISSING,false,UNKNOWN,UNKNOWN,IMAGE_BUILDING_COVERAGE_JOIN_MISSING;C1_REGISTERED_FULL_COVERAGE_UNKNOWN;C1_CLASS_2_6_DERIVATIVE_MISSING;C1_VERTICAL_DATUM_UNKNOWN;C2_REGISTERED_FULL_COVERAGE_UNKNOWN;C2_EXACT_937_BASE_MISMATCH;C2_CLASS_2_6_DERIVATIVE_MISSING;C3_SPARSE_CONVERSION_REPLAY_PARTIAL;C4_REGISTRATION_NOT_VERIFIED;C4_PRIOR_INTERFACE_NOT_FROZEN;C5_INDEPENDENT_LOD1_MISSING;GRAVITY_TERRAIN_MVS_ESTIMATE_MISSING;R_DERIVED_COMMON_REPLAY_MISSING;STAGE3_TOOLCHAIN_NOT_REPLAYABLE,false
DEBY_LOD2_4907022,DEBYvAAAAABTMeBT,LOD2_REFERENCE_690_5336,"690872.852,5336276.008,690891.109,5336300.147",true,937_INCLUDED_25_EXCLUDED_AGGREGATE_ONLY,UNKNOWN,true,UNKNOWN,UNKNOWN,true,UNKNOWN,UNKNOWN,UNKNOWN,UNKNOWN,true,UNKNOWN,UNKNOWN,MISSING,false,UNKNOWN,UNKNOWN,IMAGE_BUILDING_COVERAGE_JOIN_MISSING;C1_REGISTERED_FULL_COVERAGE_UNKNOWN;C1_CLASS_2_6_DERIVATIVE_MISSING;C1_VERTICAL_DATUM_UNKNOWN;C2_REGISTERED_FULL_COVERAGE_UNKNOWN;C2_EXACT_937_BASE_MISMATCH;C2_CLASS_2_6_DERIVATIVE_MISSING;C3_SPARSE_CONVERSION_REPLAY_PARTIAL;C4_REGISTRATION_NOT_VERIFIED;C4_PRIOR_INTERFACE_NOT_FROZEN;C5_INDEPENDENT_LOD1_MISSING;GRAVITY_TERRAIN_MVS_ESTIMATE_MISSING;R_DERIVED_COMMON_REPLAY_MISSING;STAGE3_TOOLCHAIN_NOT_REPLAYABLE,false
DEBY_LOD2_4907023,DEBYvAAAAABTMeBc,LOD2_REFERENCE_690_5336,"690902.649,5336244.884,690919.458,5336263.254",true,937_INCLUDED_25_EXCLUDED_AGGREGATE_ONLY,UNKNOWN,true,UNKNOWN,UNKNOWN,true,UNKNOWN,UNKNOWN,UNKNOWN,UNKNOWN,true,UNKNOWN,UNKNOWN,MISSING,false,UNKNOWN,UNKNOWN,IMAGE_BUILDING_COVERAGE_JOIN_MISSING;C1_REGISTERED_FULL_COVERAGE_UNKNOWN;C1_CLASS_2_6_DERIVATIVE_MISSING;C1_VERTICAL_DATUM_UNKNOWN;C2_REGISTERED_FULL_COVERAGE_UNKNOWN;C2_EXACT_937_BASE_MISMATCH;C2_CLASS_2_6_DERIVATIVE_MISSING;C3_SPARSE_CONVERSION_REPLAY_PARTIAL;C4_REGISTRATION_NOT_VERIFIED;C4_PRIOR_INTERFACE_NOT_FROZEN;C5_INDEPENDENT_LOD1_MISSING;GRAVITY_TERRAIN_MVS_ESTIMATE_MISSING;R_DERIVED_COMMON_REPLAY_MISSING;STAGE3_TOOLCHAIN_NOT_REPLAYABLE,false
DEBY_LOD2_4907024,DEBYvAAAAABTMd6z,LOD2_REFERENCE_690_5336,"690908.202,5336258.709,690928.238,5336285.449",true,937_INCLUDED_25_EXCLUDED_AGGREGATE_ONLY,UNKNOWN,true,UNKNOWN,UNKNOWN,true,UNKNOWN,UNKNOWN,UNKNOWN,UNKNOWN,true,UNKNOWN,UNKNOWN,MISSING,false,UNKNOWN,UNKNOWN,IMAGE_BUILDING_COVERAGE_JOIN_MISSING;C1_REGISTERED_FULL_COVERAGE_UNKNOWN;C1_CLASS_2_6_DERIVATIVE_MISSING;C1_VERTICAL_DATUM_UNKNOWN;C2_REGISTERED_FULL_COVERAGE_UNKNOWN;C2_EXACT_937_BASE_MISMATCH;C2_CLASS_2_6_DERIVATIVE_MISSING;C3_SPARSE_CONVERSION_REPLAY_PARTIAL;C4_REGISTRATION_NOT_VERIFIED;C4_PRIOR_INTERFACE_NOT_FROZEN;C5_INDEPENDENT_LOD1_MISSING;GRAVITY_TERRAIN_MVS_ESTIMATE_MISSING;R_DERIVED_COMMON_REPLAY_MISSING;STAGE3_TOOLCHAIN_NOT_REPLAYABLE,false
DEBY_LOD2_4907025,DEBYvAAAAABTMd9A,LOD2_REFERENCE_690_5336,"690885.614,5336214.569,690913.984,5336249.426",true,937_INCLUDED_25_EXCLUDED_AGGREGATE_ONLY,UNKNOWN,true,UNKNOWN,UNKNOWN,true,UNKNOWN,UNKNOWN,UNKNOWN,UNKNOWN,true,UNKNOWN,UNKNOWN,MISSING,false,UNKNOWN,UNKNOWN,IMAGE_BUILDING_COVERAGE_JOIN_MISSING;C1_REGISTERED_FULL_COVERAGE_UNKNOWN;C1_CLASS_2_6_DERIVATIVE_MISSING;C1_VERTICAL_DATUM_UNKNOWN;C2_REGISTERED_FULL_COVERAGE_UNKNOWN;C2_EXACT_937_BASE_MISMATCH;C2_CLASS_2_6_DERIVATIVE_MISSING;C3_SPARSE_CONVERSION_REPLAY_PARTIAL;C4_REGISTRATION_NOT_VERIFIED;C4_PRIOR_INTERFACE_NOT_FROZEN;C5_INDEPENDENT_LOD1_MISSING;GRAVITY_TERRAIN_MVS_ESTIMATE_MISSING;R_DERIVED_COMMON_REPLAY_MISSING;STAGE3_TOOLCHAIN_NOT_REPLAYABLE,false
DEBY_LOD2_4907026,DEBYvAAAAABTMd8B,LOD2_REFERENCE_690_5336,"690876.499,5336220.659,690890.539,5336236.856",true,937_INCLUDED_25_EXCLUDED_AGGREGATE_ONLY,UNKNOWN,true,UNKNOWN,UNKNOWN,true,UNKNOWN,UNKNOWN,UNKNOWN,UNKNOWN,true,UNKNOWN,UNKNOWN,MISSING,false,UNKNOWN,UNKNOWN,IMAGE_BUILDING_COVERAGE_JOIN_MISSING;C1_REGISTERED_FULL_COVERAGE_UNKNOWN;C1_CLASS_2_6_DERIVATIVE_MISSING;C1_VERTICAL_DATUM_UNKNOWN;C2_REGISTERED_FULL_COVERAGE_UNKNOWN;C2_EXACT_937_BASE_MISMATCH;C2_CLASS_2_6_DERIVATIVE_MISSING;C3_SPARSE_CONVERSION_REPLAY_PARTIAL;C4_REGISTRATION_NOT_VERIFIED;C4_PRIOR_INTERFACE_NOT_FROZEN;C5_INDEPENDENT_LOD1_MISSING;GRAVITY_TERRAIN_MVS_ESTIMATE_MISSING;R_DERIVED_COMMON_REPLAY_MISSING;STAGE3_TOOLCHAIN_NOT_REPLAYABLE,false
DEBY_LOD2_4907027,DEBYvAAAAABTMeHu,LOD2_REFERENCE_690_5336,"690840.870,5336230.204,690865.574,5336249.398",true,937_INCLUDED_25_EXCLUDED_AGGREGATE_ONLY,UNKNOWN,true,UNKNOWN,UNKNOWN,true,UNKNOWN,UNKNOWN,UNKNOWN,UNKNOWN,true,UNKNOWN,UNKNOWN,MISSING,false,UNKNOWN,UNKNOWN,IMAGE_BUILDING_COVERAGE_JOIN_MISSING;C1_REGISTERED_FULL_COVERAGE_UNKNOWN;C1_CLASS_2_6_DERIVATIVE_MISSING;C1_VERTICAL_DATUM_UNKNOWN;C2_REGISTERED_FULL_COVERAGE_UNKNOWN;C2_EXACT_937_BASE_MISMATCH;C2_CLASS_2_6_DERIVATIVE_MISSING;C3_SPARSE_CONVERSION_REPLAY_PARTIAL;C4_REGISTRATION_NOT_VERIFIED;C4_PRIOR_INTERFACE_NOT_FROZEN;C5_INDEPENDENT_LOD1_MISSING;GRAVITY_TERRAIN_MVS_ESTIMATE_MISSING;R_DERIVED_COMMON_REPLAY_MISSING;STAGE3_TOOLCHAIN_NOT_REPLAYABLE,false
DEBY_LOD2_4907028,DEBYvAAAAABTMeGL,LOD2_REFERENCE_690_5336,"690861.173,5336224.224,690880.913,5336241.513",true,937_INCLUDED_25_EXCLUDED_AGGREGATE_ONLY,UNKNOWN,true,UNKNOWN,UNKNOWN,true,UNKNOWN,UNKNOWN,UNKNOWN,UNKNOWN,true,UNKNOWN,UNKNOWN,MISSING,false,UNKNOWN,UNKNOWN,IMAGE_BUILDING_COVERAGE_JOIN_MISSING;C1_REGISTERED_FULL_COVERAGE_UNKNOWN;C1_CLASS_2_6_DERIVATIVE_MISSING;C1_VERTICAL_DATUM_UNKNOWN;C2_REGISTERED_FULL_COVERAGE_UNKNOWN;C2_EXACT_937_BASE_MISMATCH;C2_CLASS_2_6_DERIVATIVE_MISSING;C3_SPARSE_CONVERSION_REPLAY_PARTIAL;C4_REGISTRATION_NOT_VERIFIED;C4_PRIOR_INTERFACE_NOT_FROZEN;C5_INDEPENDENT_LOD1_MISSING;GRAVITY_TERRAIN_MVS_ESTIMATE_MISSING;R_DERIVED_COMMON_REPLAY_MISSING;STAGE3_TOOLCHAIN_NOT_REPLAYABLE,false
DEBY_LOD2_4907029,DEBYvAAAAABTMeCW,LOD2_REFERENCE_690_5336,"690836.227,5336289.981,690860.238,5336330.360",true,937_INCLUDED_25_EXCLUDED_AGGREGATE_ONLY,UNKNOWN,true,UNKNOWN,UNKNOWN,true,UNKNOWN,UNKNOWN,UNKNOWN,UNKNOWN,true,UNKNOWN,UNKNOWN,MISSING,false,UNKNOWN,UNKNOWN,IMAGE_BUILDING_COVERAGE_JOIN_MISSING;C1_REGISTERED_FULL_COVERAGE_UNKNOWN;C1_CLASS_2_6_DERIVATIVE_MISSING;C1_VERTICAL_DATUM_UNKNOWN;C2_REGISTERED_FULL_COVERAGE_UNKNOWN;C2_EXACT_937_BASE_MISMATCH;C2_CLASS_2_6_DERIVATIVE_MISSING;C3_SPARSE_CONVERSION_REPLAY_PARTIAL;C4_REGISTRATION_NOT_VERIFIED;C4_PRIOR_INTERFACE_NOT_FROZEN;C5_INDEPENDENT_LOD1_MISSING;GRAVITY_TERRAIN_MVS_ESTIMATE_MISSING;R_DERIVED_COMMON_REPLAY_MISSING;STAGE3_TOOLCHAIN_NOT_REPLAYABLE,false
DEBY_LOD2_4907030,DEBYvAAAAABTMeEy,LOD2_REFERENCE_690_5336,"690828.098,5336238.087,690845.634,5336254.434",true,937_INCLUDED_25_EXCLUDED_AGGREGATE_ONLY,UNKNOWN,true,UNKNOWN,UNKNOWN,true,UNKNOWN,UNKNOWN,UNKNOWN,UNKNOWN,true,UNKNOWN,UNKNOWN,MISSING,false,UNKNOWN,UNKNOWN,IMAGE_BUILDING_COVERAGE_JOIN_MISSING;C1_REGISTERED_FULL_COVERAGE_UNKNOWN;C1_CLASS_2_6_DERIVATIVE_MISSING;C1_VERTICAL_DATUM_UNKNOWN;C2_REGISTERED_FULL_COVERAGE_UNKNOWN;C2_EXACT_937_BASE_MISMATCH;C2_CLASS_2_6_DERIVATIVE_MISSING;C3_SPARSE_CONVERSION_REPLAY_PARTIAL;C4_REGISTRATION_NOT_VERIFIED;C4_PRIOR_INTERFACE_NOT_FROZEN;C5_INDEPENDENT_LOD1_MISSING;GRAVITY_TERRAIN_MVS_ESTIMATE_MISSING;R_DERIVED_COMMON_REPLAY_MISSING;STAGE3_TOOLCHAIN_NOT_REPLAYABLE,false
DEBY_LOD2_4907031,DEBYvAAAAABTMeEd,LOD2_REFERENCE_690_5336,"690815.232,5336243.012,690832.361,5336259.030",true,937_INCLUDED_25_EXCLUDED_AGGREGATE_ONLY,UNKNOWN,true,UNKNOWN,UNKNOWN,true,UNKNOWN,UNKNOWN,UNKNOWN,UNKNOWN,true,UNKNOWN,UNKNOWN,MISSING,false,UNKNOWN,UNKNOWN,IMAGE_BUILDING_COVERAGE_JOIN_MISSING;C1_REGISTERED_FULL_COVERAGE_UNKNOWN;C1_CLASS_2_6_DERIVATIVE_MISSING;C1_VERTICAL_DATUM_UNKNOWN;C2_REGISTERED_FULL_COVERAGE_UNKNOWN;C2_EXACT_937_BASE_MISMATCH;C2_CLASS_2_6_DERIVATIVE_MISSING;C3_SPARSE_CONVERSION_REPLAY_PARTIAL;C4_REGISTRATION_NOT_VERIFIED;C4_PRIOR_INTERFACE_NOT_FROZEN;C5_INDEPENDENT_LOD1_MISSING;GRAVITY_TERRAIN_MVS_ESTIMATE_MISSING;R_DERIVED_COMMON_REPLAY_MISSING;STAGE3_TOOLCHAIN_NOT_REPLAYABLE,false
DEBY_LOD2_4907032,DEBYvAAAAABTMeJ8,LOD2_REFERENCE_690_5336,"690781.320,5336282.930,690817.220,5336305.570",true,937_INCLUDED_25_EXCLUDED_AGGREGATE_ONLY,UNKNOWN,false,UNKNOWN,UNKNOWN,true,UNKNOWN,UNKNOWN,UNKNOWN,UNKNOWN,true,UNKNOWN,UNKNOWN,MISSING,false,UNKNOWN,UNKNOWN,IMAGE_BUILDING_COVERAGE_JOIN_MISSING;C1_REGISTERED_FULL_COVERAGE_UNKNOWN;C1_CLASS_2_6_DERIVATIVE_MISSING;C1_VERTICAL_DATUM_UNKNOWN;C2_REGISTERED_FULL_COVERAGE_UNKNOWN;C2_EXACT_937_BASE_MISMATCH;C2_CLASS_2_6_DERIVATIVE_MISSING;C3_SPARSE_CONVERSION_REPLAY_PARTIAL;C4_REGISTRATION_NOT_VERIFIED;C4_PRIOR_INTERFACE_NOT_FROZEN;C5_INDEPENDENT_LOD1_MISSING;GRAVITY_TERRAIN_MVS_ESTIMATE_MISSING;R_DERIVED_COMMON_REPLAY_MISSING;STAGE3_TOOLCHAIN_NOT_REPLAYABLE,false
DEBY_LOD2_4907033,DEBYvAAAAABTMeW3,LOD2_REFERENCE_690_5336,"690805.075,5336247.955,690819.465,5336262.896",true,937_INCLUDED_25_EXCLUDED_AGGREGATE_ONLY,UNKNOWN,true,UNKNOWN,UNKNOWN,true,UNKNOWN,UNKNOWN,UNKNOWN,UNKNOWN,true,UNKNOWN,UNKNOWN,MISSING,false,UNKNOWN,UNKNOWN,IMAGE_BUILDING_COVERAGE_JOIN_MISSING;C1_REGISTERED_FULL_COVERAGE_UNKNOWN;C1_CLASS_2_6_DERIVATIVE_MISSING;C1_VERTICAL_DATUM_UNKNOWN;C2_REGISTERED_FULL_COVERAGE_UNKNOWN;C2_EXACT_937_BASE_MISMATCH;C2_CLASS_2_6_DERIVATIVE_MISSING;C3_SPARSE_CONVERSION_REPLAY_PARTIAL;C4_REGISTRATION_NOT_VERIFIED;C4_PRIOR_INTERFACE_NOT_FROZEN;C5_INDEPENDENT_LOD1_MISSING;GRAVITY_TERRAIN_MVS_ESTIMATE_MISSING;R_DERIVED_COMMON_REPLAY_MISSING;STAGE3_TOOLCHAIN_NOT_REPLAYABLE,false
DEBY_LOD2_4907034,DEBYvAAAAABTMeTi,LOD2_REFERENCE_690_5336,"690780.440,5336321.630,690832.710,5336350.180",true,937_INCLUDED_25_EXCLUDED_AGGREGATE_ONLY,UNKNOWN,false,UNKNOWN,UNKNOWN,true,UNKNOWN,UNKNOWN,UNKNOWN,UNKNOWN,true,UNKNOWN,UNKNOWN,MISSING,false,UNKNOWN,UNKNOWN,IMAGE_BUILDING_COVERAGE_JOIN_MISSING;C1_REGISTERED_FULL_COVERAGE_UNKNOWN;C1_CLASS_2_6_DERIVATIVE_MISSING;C1_VERTICAL_DATUM_UNKNOWN;C2_REGISTERED_FULL_COVERAGE_UNKNOWN;C2_EXACT_937_BASE_MISMATCH;C2_CLASS_2_6_DERIVATIVE_MISSING;C3_SPARSE_CONVERSION_REPLAY_PARTIAL;C4_REGISTRATION_NOT_VERIFIED;C4_PRIOR_INTERFACE_NOT_FROZEN;C5_INDEPENDENT_LOD1_MISSING;GRAVITY_TERRAIN_MVS_ESTIMATE_MISSING;R_DERIVED_COMMON_REPLAY_MISSING;STAGE3_TOOLCHAIN_NOT_REPLAYABLE,false
DEBY_LOD2_4907035,DEBYvAAAAABTMePV,LOD2_REFERENCE_690_5336,"690764.617,5336257.499,690794.487,5336278.362",true,937_INCLUDED_25_EXCLUDED_AGGREGATE_ONLY,UNKNOWN,false,UNKNOWN,UNKNOWN,true,UNKNOWN,UNKNOWN,UNKNOWN,UNKNOWN,true,UNKNOWN,UNKNOWN,MISSING,false,UNKNOWN,UNKNOWN,IMAGE_BUILDING_COVERAGE_JOIN_MISSING;C1_REGISTERED_FULL_COVERAGE_UNKNOWN;C1_CLASS_2_6_DERIVATIVE_MISSING;C1_VERTICAL_DATUM_UNKNOWN;C2_REGISTERED_FULL_COVERAGE_UNKNOWN;C2_EXACT_937_BASE_MISMATCH;C2_CLASS_2_6_DERIVATIVE_MISSING;C3_SPARSE_CONVERSION_REPLAY_PARTIAL;C4_REGISTRATION_NOT_VERIFIED;C4_PRIOR_INTERFACE_NOT_FROZEN;C5_INDEPENDENT_LOD1_MISSING;GRAVITY_TERRAIN_MVS_ESTIMATE_MISSING;R_DERIVED_COMMON_REPLAY_MISSING;STAGE3_TOOLCHAIN_NOT_REPLAYABLE,false
DEBY_LOD2_4907036,DEBYvAAAAABTMeSF,LOD2_REFERENCE_690_5336,"690790.256,5336251.832,690809.296,5336268.563",true,937_INCLUDED_25_EXCLUDED_AGGREGATE_ONLY,UNKNOWN,true,UNKNOWN,UNKNOWN,true,UNKNOWN,UNKNOWN,UNKNOWN,UNKNOWN,true,UNKNOWN,UNKNOWN,MISSING,false,UNKNOWN,UNKNOWN,IMAGE_BUILDING_COVERAGE_JOIN_MISSING;C1_REGISTERED_FULL_COVERAGE_UNKNOWN;C1_CLASS_2_6_DERIVATIVE_MISSING;C1_VERTICAL_DATUM_UNKNOWN;C2_REGISTERED_FULL_COVERAGE_UNKNOWN;C2_EXACT_937_BASE_MISMATCH;C2_CLASS_2_6_DERIVATIVE_MISSING;C3_SPARSE_CONVERSION_REPLAY_PARTIAL;C4_REGISTRATION_NOT_VERIFIED;C4_PRIOR_INTERFACE_NOT_FROZEN;C5_INDEPENDENT_LOD1_MISSING;GRAVITY_TERRAIN_MVS_ESTIMATE_MISSING;R_DERIVED_COMMON_REPLAY_MISSING;STAGE3_TOOLCHAIN_NOT_REPLAYABLE,false
DEBY_LOD2_4907156,DEBYvAAAAABTMYfo,LOD2_REFERENCE_690_5336,"690773.948,5336218.085,690793.578,5336243.459",true,937_INCLUDED_25_EXCLUDED_AGGREGATE_ONLY,UNKNOWN,false,UNKNOWN,UNKNOWN,true,UNKNOWN,UNKNOWN,UNKNOWN,UNKNOWN,true,UNKNOWN,UNKNOWN,MISSING,false,UNKNOWN,UNKNOWN,IMAGE_BUILDING_COVERAGE_JOIN_MISSING;C1_REGISTERED_FULL_COVERAGE_UNKNOWN;C1_CLASS_2_6_DERIVATIVE_MISSING;C1_VERTICAL_DATUM_UNKNOWN;C2_REGISTERED_FULL_COVERAGE_UNKNOWN;C2_EXACT_937_BASE_MISMATCH;C2_CLASS_2_6_DERIVATIVE_MISSING;C3_SPARSE_CONVERSION_REPLAY_PARTIAL;C4_REGISTRATION_NOT_VERIFIED;C4_PRIOR_INTERFACE_NOT_FROZEN;C5_INDEPENDENT_LOD1_MISSING;GRAVITY_TERRAIN_MVS_ESTIMATE_MISSING;R_DERIVED_COMMON_REPLAY_MISSING;STAGE3_TOOLCHAIN_NOT_REPLAYABLE,false
DEBY_LOD2_4907164,DEBYvAAAAABTMZRo,LOD2_REFERENCE_690_5336,"690771.170,5336137.667,690792.382,5336166.519",true,937_INCLUDED_25_EXCLUDED_AGGREGATE_ONLY,UNKNOWN,false,UNKNOWN,UNKNOWN,true,UNKNOWN,UNKNOWN,UNKNOWN,UNKNOWN,true,UNKNOWN,UNKNOWN,MISSING,false,UNKNOWN,UNKNOWN,IMAGE_BUILDING_COVERAGE_JOIN_MISSING;C1_REGISTERED_FULL_COVERAGE_UNKNOWN;C1_CLASS_2_6_DERIVATIVE_MISSING;C1_VERTICAL_DATUM_UNKNOWN;C2_REGISTERED_FULL_COVERAGE_UNKNOWN;C2_EXACT_937_BASE_MISMATCH;C2_CLASS_2_6_DERIVATIVE_MISSING;C3_SPARSE_CONVERSION_REPLAY_PARTIAL;C4_REGISTRATION_NOT_VERIFIED;C4_PRIOR_INTERFACE_NOT_FROZEN;C5_INDEPENDENT_LOD1_MISSING;GRAVITY_TERRAIN_MVS_ESTIMATE_MISSING;R_DERIVED_COMMON_REPLAY_MISSING;STAGE3_TOOLCHAIN_NOT_REPLAYABLE,false
DEBY_LOD2_4907165,DEBYvAAAAABTMZQp,LOD2_REFERENCE_690_5336,"690786.190,5336137.110,690813.100,5336156.260",true,937_INCLUDED_25_EXCLUDED_AGGREGATE_ONLY,UNKNOWN,true,UNKNOWN,UNKNOWN,true,UNKNOWN,UNKNOWN,UNKNOWN,UNKNOWN,true,UNKNOWN,UNKNOWN,MISSING,false,UNKNOWN,UNKNOWN,IMAGE_BUILDING_COVERAGE_JOIN_MISSING;C1_REGISTERED_FULL_COVERAGE_UNKNOWN;C1_CLASS_2_6_DERIVATIVE_MISSING;C1_VERTICAL_DATUM_UNKNOWN;C2_REGISTERED_FULL_COVERAGE_UNKNOWN;C2_EXACT_937_BASE_MISMATCH;C2_CLASS_2_6_DERIVATIVE_MISSING;C3_SPARSE_CONVERSION_REPLAY_PARTIAL;C4_REGISTRATION_NOT_VERIFIED;C4_PRIOR_INTERFACE_NOT_FROZEN;C5_INDEPENDENT_LOD1_MISSING;GRAVITY_TERRAIN_MVS_ESTIMATE_MISSING;R_DERIVED_COMMON_REPLAY_MISSING;STAGE3_TOOLCHAIN_NOT_REPLAYABLE,false
DEBY_LOD2_4907166,DEBYvAAAAABTMZUv,LOD2_REFERENCE_690_5336,"690780.929,5336162.063,690797.260,5336178.584",true,937_INCLUDED_25_EXCLUDED_AGGREGATE_ONLY,UNKNOWN,false,UNKNOWN,UNKNOWN,true,UNKNOWN,UNKNOWN,UNKNOWN,UNKNOWN,true,UNKNOWN,UNKNOWN,MISSING,false,UNKNOWN,UNKNOWN,IMAGE_BUILDING_COVERAGE_JOIN_MISSING;C1_REGISTERED_FULL_COVERAGE_UNKNOWN;C1_CLASS_2_6_DERIVATIVE_MISSING;C1_VERTICAL_DATUM_UNKNOWN;C2_REGISTERED_FULL_COVERAGE_UNKNOWN;C2_EXACT_937_BASE_MISMATCH;C2_CLASS_2_6_DERIVATIVE_MISSING;C3_SPARSE_CONVERSION_REPLAY_PARTIAL;C4_REGISTRATION_NOT_VERIFIED;C4_PRIOR_INTERFACE_NOT_FROZEN;C5_INDEPENDENT_LOD1_MISSING;GRAVITY_TERRAIN_MVS_ESTIMATE_MISSING;R_DERIVED_COMMON_REPLAY_MISSING;STAGE3_TOOLCHAIN_NOT_REPLAYABLE,false
DEBY_LOD2_4907167,DEBYvAAAAABTMZVQ,LOD2_REFERENCE_690_5336,"690785.740,5336174.424,690803.080,5336194.892",true,937_INCLUDED_25_EXCLUDED_AGGREGATE_ONLY,UNKNOWN,true,UNKNOWN,UNKNOWN,true,UNKNOWN,UNKNOWN,UNKNOWN,UNKNOWN,true,UNKNOWN,UNKNOWN,MISSING,false,UNKNOWN,UNKNOWN,IMAGE_BUILDING_COVERAGE_JOIN_MISSING;C1_REGISTERED_FULL_COVERAGE_UNKNOWN;C1_CLASS_2_6_DERIVATIVE_MISSING;C1_VERTICAL_DATUM_UNKNOWN;C2_REGISTERED_FULL_COVERAGE_UNKNOWN;C2_EXACT_937_BASE_MISMATCH;C2_CLASS_2_6_DERIVATIVE_MISSING;C3_SPARSE_CONVERSION_REPLAY_PARTIAL;C4_REGISTRATION_NOT_VERIFIED;C4_PRIOR_INTERFACE_NOT_FROZEN;C5_INDEPENDENT_LOD1_MISSING;GRAVITY_TERRAIN_MVS_ESTIMATE_MISSING;R_DERIVED_COMMON_REPLAY_MISSING;STAGE3_TOOLCHAIN_NOT_REPLAYABLE,false
DEBY_LOD2_4907168,DEBYvAAAAABTMZT1,LOD2_REFERENCE_690_5336,"690792.237,5336190.463,690809.649,5336211.256",true,937_INCLUDED_25_EXCLUDED_AGGREGATE_ONLY,UNKNOWN,true,UNKNOWN,UNKNOWN,true,UNKNOWN,UNKNOWN,UNKNOWN,UNKNOWN,true,UNKNOWN,UNKNOWN,MISSING,false,UNKNOWN,UNKNOWN,IMAGE_BUILDING_COVERAGE_JOIN_MISSING;C1_REGISTERED_FULL_COVERAGE_UNKNOWN;C1_CLASS_2_6_DERIVATIVE_MISSING;C1_VERTICAL_DATUM_UNKNOWN;C2_REGISTERED_FULL_COVERAGE_UNKNOWN;C2_EXACT_937_BASE_MISMATCH;C2_CLASS_2_6_DERIVATIVE_MISSING;C3_SPARSE_CONVERSION_REPLAY_PARTIAL;C4_REGISTRATION_NOT_VERIFIED;C4_PRIOR_INTERFACE_NOT_FROZEN;C5_INDEPENDENT_LOD1_MISSING;GRAVITY_TERRAIN_MVS_ESTIMATE_MISSING;R_DERIVED_COMMON_REPLAY_MISSING;STAGE3_TOOLCHAIN_NOT_REPLAYABLE,false
DEBY_LOD2_4907169,DEBYvAAAAABTMZVu,LOD2_REFERENCE_690_5336,"690798.655,5336207.277,690823.527,5336232.403",true,937_INCLUDED_25_EXCLUDED_AGGREGATE_ONLY,UNKNOWN,true,UNKNOWN,UNKNOWN,true,UNKNOWN,UNKNOWN,UNKNOWN,UNKNOWN,true,UNKNOWN,UNKNOWN,MISSING,false,UNKNOWN,UNKNOWN,IMAGE_BUILDING_COVERAGE_JOIN_MISSING;C1_REGISTERED_FULL_COVERAGE_UNKNOWN;C1_CLASS_2_6_DERIVATIVE_MISSING;C1_VERTICAL_DATUM_UNKNOWN;C2_REGISTERED_FULL_COVERAGE_UNKNOWN;C2_EXACT_937_BASE_MISMATCH;C2_CLASS_2_6_DERIVATIVE_MISSING;C3_SPARSE_CONVERSION_REPLAY_PARTIAL;C4_REGISTRATION_NOT_VERIFIED;C4_PRIOR_INTERFACE_NOT_FROZEN;C5_INDEPENDENT_LOD1_MISSING;GRAVITY_TERRAIN_MVS_ESTIMATE_MISSING;R_DERIVED_COMMON_REPLAY_MISSING;STAGE3_TOOLCHAIN_NOT_REPLAYABLE,false
DEBY_LOD2_4907170,DEBYvAAAAABTMZAd,LOD2_REFERENCE_690_5336,"690818.772,5336207.255,690840.750,5336226.029",true,937_INCLUDED_25_EXCLUDED_AGGREGATE_ONLY,UNKNOWN,true,UNKNOWN,UNKNOWN,true,UNKNOWN,UNKNOWN,UNKNOWN,UNKNOWN,true,UNKNOWN,UNKNOWN,MISSING,false,UNKNOWN,UNKNOWN,IMAGE_BUILDING_COVERAGE_JOIN_MISSING;C1_REGISTERED_FULL_COVERAGE_UNKNOWN;C1_CLASS_2_6_DERIVATIVE_MISSING;C1_VERTICAL_DATUM_UNKNOWN;C2_REGISTERED_FULL_COVERAGE_UNKNOWN;C2_EXACT_937_BASE_MISMATCH;C2_CLASS_2_6_DERIVATIVE_MISSING;C3_SPARSE_CONVERSION_REPLAY_PARTIAL;C4_REGISTRATION_NOT_VERIFIED;C4_PRIOR_INTERFACE_NOT_FROZEN;C5_INDEPENDENT_LOD1_MISSING;GRAVITY_TERRAIN_MVS_ESTIMATE_MISSING;R_DERIVED_COMMON_REPLAY_MISSING;STAGE3_TOOLCHAIN_NOT_REPLAYABLE,false
DEBY_LOD2_4907171,DEBYvAAAAABTMZC5,LOD2_REFERENCE_690_5336,"690835.701,5336201.306,690853.340,5336219.275",true,937_INCLUDED_25_EXCLUDED_AGGREGATE_ONLY,UNKNOWN,true,UNKNOWN,UNKNOWN,true,UNKNOWN,UNKNOWN,UNKNOWN,UNKNOWN,true,UNKNOWN,UNKNOWN,MISSING,false,UNKNOWN,UNKNOWN,IMAGE_BUILDING_COVERAGE_JOIN_MISSING;C1_REGISTERED_FULL_COVERAGE_UNKNOWN;C1_CLASS_2_6_DERIVATIVE_MISSING;C1_VERTICAL_DATUM_UNKNOWN;C2_REGISTERED_FULL_COVERAGE_UNKNOWN;C2_EXACT_937_BASE_MISMATCH;C2_CLASS_2_6_DERIVATIVE_MISSING;C3_SPARSE_CONVERSION_REPLAY_PARTIAL;C4_REGISTRATION_NOT_VERIFIED;C4_PRIOR_INTERFACE_NOT_FROZEN;C5_INDEPENDENT_LOD1_MISSING;GRAVITY_TERRAIN_MVS_ESTIMATE_MISSING;R_DERIVED_COMMON_REPLAY_MISSING;STAGE3_TOOLCHAIN_NOT_REPLAYABLE,false
DEBY_LOD2_4907172,DEBYvAAAAABTMZEK,LOD2_REFERENCE_690_5336,"690848.829,5336198.213,690865.704,5336214.579",true,937_INCLUDED_25_EXCLUDED_AGGREGATE_ONLY,UNKNOWN,true,UNKNOWN,UNKNOWN,true,UNKNOWN,UNKNOWN,UNKNOWN,UNKNOWN,true,UNKNOWN,UNKNOWN,MISSING,false,UNKNOWN,UNKNOWN,IMAGE_BUILDING_COVERAGE_JOIN_MISSING;C1_REGISTERED_FULL_COVERAGE_UNKNOWN;C1_CLASS_2_6_DERIVATIVE_MISSING;C1_VERTICAL_DATUM_UNKNOWN;C2_REGISTERED_FULL_COVERAGE_UNKNOWN;C2_EXACT_937_BASE_MISMATCH;C2_CLASS_2_6_DERIVATIVE_MISSING;C3_SPARSE_CONVERSION_REPLAY_PARTIAL;C4_REGISTRATION_NOT_VERIFIED;C4_PRIOR_INTERFACE_NOT_FROZEN;C5_INDEPENDENT_LOD1_MISSING;GRAVITY_TERRAIN_MVS_ESTIMATE_MISSING;R_DERIVED_COMMON_REPLAY_MISSING;STAGE3_TOOLCHAIN_NOT_REPLAYABLE,false
DEBY_LOD2_4907173,DEBYvAAAAABTMZFS,LOD2_REFERENCE_690_5336,"690873.808,5336175.864,690895.781,5336205.091",true,937_INCLUDED_25_EXCLUDED_AGGREGATE_ONLY,UNKNOWN,true,UNKNOWN,UNKNOWN,true,UNKNOWN,UNKNOWN,UNKNOWN,UNKNOWN,true,UNKNOWN,UNKNOWN,MISSING,false,UNKNOWN,UNKNOWN,IMAGE_BUILDING_COVERAGE_JOIN_MISSING;C1_REGISTERED_FULL_COVERAGE_UNKNOWN;C1_CLASS_2_6_DERIVATIVE_MISSING;C1_VERTICAL_DATUM_UNKNOWN;C2_REGISTERED_FULL_COVERAGE_UNKNOWN;C2_EXACT_937_BASE_MISMATCH;C2_CLASS_2_6_DERIVATIVE_MISSING;C3_SPARSE_CONVERSION_REPLAY_PARTIAL;C4_REGISTRATION_NOT_VERIFIED;C4_PRIOR_INTERFACE_NOT_FROZEN;C5_INDEPENDENT_LOD1_MISSING;GRAVITY_TERRAIN_MVS_ESTIMATE_MISSING;R_DERIVED_COMMON_REPLAY_MISSING;STAGE3_TOOLCHAIN_NOT_REPLAYABLE,false
DEBY_LOD2_4907174,DEBYvAAAAABTMZHs,LOD2_REFERENCE_690_5336,"690819.510,5336159.218,690838.473,5336187.715",true,937_INCLUDED_25_EXCLUDED_AGGREGATE_ONLY,UNKNOWN,true,UNKNOWN,UNKNOWN,true,UNKNOWN,UNKNOWN,UNKNOWN,UNKNOWN,true,UNKNOWN,UNKNOWN,MISSING,false,UNKNOWN,UNKNOWN,IMAGE_BUILDING_COVERAGE_JOIN_MISSING;C1_REGISTERED_FULL_COVERAGE_UNKNOWN;C1_CLASS_2_6_DERIVATIVE_MISSING;C1_VERTICAL_DATUM_UNKNOWN;C2_REGISTERED_FULL_COVERAGE_UNKNOWN;C2_EXACT_937_BASE_MISMATCH;C2_CLASS_2_6_DERIVATIVE_MISSING;C3_SPARSE_CONVERSION_REPLAY_PARTIAL;C4_REGISTRATION_NOT_VERIFIED;C4_PRIOR_INTERFACE_NOT_FROZEN;C5_INDEPENDENT_LOD1_MISSING;GRAVITY_TERRAIN_MVS_ESTIMATE_MISSING;R_DERIVED_COMMON_REPLAY_MISSING;STAGE3_TOOLCHAIN_NOT_REPLAYABLE,false
DEBY_LOD2_4907175,DEBYvAAAAABTMZI1,LOD2_REFERENCE_690_5336,"690823.901,5336131.019,690851.456,5336160.247",true,937_INCLUDED_25_EXCLUDED_AGGREGATE_ONLY,UNKNOWN,true,UNKNOWN,UNKNOWN,true,UNKNOWN,UNKNOWN,UNKNOWN,UNKNOWN,true,UNKNOWN,UNKNOWN,MISSING,false,UNKNOWN,UNKNOWN,IMAGE_BUILDING_COVERAGE_JOIN_MISSING;C1_REGISTERED_FULL_COVERAGE_UNKNOWN;C1_CLASS_2_6_DERIVATIVE_MISSING;C1_VERTICAL_DATUM_UNKNOWN;C2_REGISTERED_FULL_COVERAGE_UNKNOWN;C2_EXACT_937_BASE_MISMATCH;C2_CLASS_2_6_DERIVATIVE_MISSING;C3_SPARSE_CONVERSION_REPLAY_PARTIAL;C4_REGISTRATION_NOT_VERIFIED;C4_PRIOR_INTERFACE_NOT_FROZEN;C5_INDEPENDENT_LOD1_MISSING;GRAVITY_TERRAIN_MVS_ESTIMATE_MISSING;R_DERIVED_COMMON_REPLAY_MISSING;STAGE3_TOOLCHAIN_NOT_REPLAYABLE,false
DEBY_LOD2_4907176,DEBYvAAAAABTMZJy,LOD2_REFERENCE_690_5336,"690835.490,5336151.500,690864.200,5336182.000",true,937_INCLUDED_25_EXCLUDED_AGGREGATE_ONLY,UNKNOWN,true,UNKNOWN,UNKNOWN,true,UNKNOWN,UNKNOWN,UNKNOWN,UNKNOWN,true,UNKNOWN,UNKNOWN,MISSING,false,UNKNOWN,UNKNOWN,IMAGE_BUILDING_COVERAGE_JOIN_MISSING;C1_REGISTERED_FULL_COVERAGE_UNKNOWN;C1_CLASS_2_6_DERIVATIVE_MISSING;C1_VERTICAL_DATUM_UNKNOWN;C2_REGISTERED_FULL_COVERAGE_UNKNOWN;C2_EXACT_937_BASE_MISMATCH;C2_CLASS_2_6_DERIVATIVE_MISSING;C3_SPARSE_CONVERSION_REPLAY_PARTIAL;C4_REGISTRATION_NOT_VERIFIED;C4_PRIOR_INTERFACE_NOT_FROZEN;C5_INDEPENDENT_LOD1_MISSING;GRAVITY_TERRAIN_MVS_ESTIMATE_MISSING;R_DERIVED_COMMON_REPLAY_MISSING;STAGE3_TOOLCHAIN_NOT_REPLAYABLE,false
DEBY_LOD2_4907177,DEBYvAAAAABTMZMe,LOD2_REFERENCE_690_5336,"690844.491,5336144.454,690861.615,5336154.794",true,937_INCLUDED_25_EXCLUDED_AGGREGATE_ONLY,UNKNOWN,true,UNKNOWN,UNKNOWN,true,UNKNOWN,UNKNOWN,UNKNOWN,UNKNOWN,true,UNKNOWN,UNKNOWN,MISSING,false,UNKNOWN,UNKNOWN,IMAGE_BUILDING_COVERAGE_JOIN_MISSING;C1_REGISTERED_FULL_COVERAGE_UNKNOWN;C1_CLASS_2_6_DERIVATIVE_MISSING;C1_VERTICAL_DATUM_UNKNOWN;C2_REGISTERED_FULL_COVERAGE_UNKNOWN;C2_EXACT_937_BASE_MISMATCH;C2_CLASS_2_6_DERIVATIVE_MISSING;C3_SPARSE_CONVERSION_REPLAY_PARTIAL;C4_REGISTRATION_NOT_VERIFIED;C4_PRIOR_INTERFACE_NOT_FROZEN;C5_INDEPENDENT_LOD1_MISSING;GRAVITY_TERRAIN_MVS_ESTIMATE_MISSING;R_DERIVED_COMMON_REPLAY_MISSING;STAGE3_TOOLCHAIN_NOT_REPLAYABLE,false
DEBY_LOD2_4907178,DEBYvAAAAABTMZLd,LOD2_REFERENCE_690_5336,"690856.670,5336131.070,690874.280,5336148.980",true,937_INCLUDED_25_EXCLUDED_AGGREGATE_ONLY,UNKNOWN,true,UNKNOWN,UNKNOWN,true,UNKNOWN,UNKNOWN,UNKNOWN,UNKNOWN,true,UNKNOWN,UNKNOWN,MISSING,false,UNKNOWN,UNKNOWN,IMAGE_BUILDING_COVERAGE_JOIN_MISSING;C1_REGISTERED_FULL_COVERAGE_UNKNOWN;C1_CLASS_2_6_DERIVATIVE_MISSING;C1_VERTICAL_DATUM_UNKNOWN;C2_REGISTERED_FULL_COVERAGE_UNKNOWN;C2_EXACT_937_BASE_MISMATCH;C2_CLASS_2_6_DERIVATIVE_MISSING;C3_SPARSE_CONVERSION_REPLAY_PARTIAL;C4_REGISTRATION_NOT_VERIFIED;C4_PRIOR_INTERFACE_NOT_FROZEN;C5_INDEPENDENT_LOD1_MISSING;GRAVITY_TERRAIN_MVS_ESTIMATE_MISSING;R_DERIVED_COMMON_REPLAY_MISSING;STAGE3_TOOLCHAIN_NOT_REPLAYABLE,false
DEBY_LOD2_4907179,DEBYvAAAAABTMZLK,LOD2_REFERENCE_690_5336,"690860.920,5336144.030,690878.560,5336159.470",true,937_INCLUDED_25_EXCLUDED_AGGREGATE_ONLY,UNKNOWN,true,UNKNOWN,UNKNOWN,true,UNKNOWN,UNKNOWN,UNKNOWN,UNKNOWN,true,UNKNOWN,UNKNOWN,MISSING,false,UNKNOWN,UNKNOWN,IMAGE_BUILDING_COVERAGE_JOIN_MISSING;C1_REGISTERED_FULL_COVERAGE_UNKNOWN;C1_CLASS_2_6_DERIVATIVE_MISSING;C1_VERTICAL_DATUM_UNKNOWN;C2_REGISTERED_FULL_COVERAGE_UNKNOWN;C2_EXACT_937_BASE_MISMATCH;C2_CLASS_2_6_DERIVATIVE_MISSING;C3_SPARSE_CONVERSION_REPLAY_PARTIAL;C4_REGISTRATION_NOT_VERIFIED;C4_PRIOR_INTERFACE_NOT_FROZEN;C5_INDEPENDENT_LOD1_MISSING;GRAVITY_TERRAIN_MVS_ESTIMATE_MISSING;R_DERIVED_COMMON_REPLAY_MISSING;STAGE3_TOOLCHAIN_NOT_REPLAYABLE,false
DEBY_LOD2_4907180,DEBYvAAAAABTMZiN,LOD2_REFERENCE_690_5336,"690859.480,5336154.860,690886.900,5336180.260",true,937_INCLUDED_25_EXCLUDED_AGGREGATE_ONLY,UNKNOWN,true,UNKNOWN,UNKNOWN,true,UNKNOWN,UNKNOWN,UNKNOWN,UNKNOWN,true,UNKNOWN,UNKNOWN,MISSING,false,UNKNOWN,UNKNOWN,IMAGE_BUILDING_COVERAGE_JOIN_MISSING;C1_REGISTERED_FULL_COVERAGE_UNKNOWN;C1_CLASS_2_6_DERIVATIVE_MISSING;C1_VERTICAL_DATUM_UNKNOWN;C2_REGISTERED_FULL_COVERAGE_UNKNOWN;C2_EXACT_937_BASE_MISMATCH;C2_CLASS_2_6_DERIVATIVE_MISSING;C3_SPARSE_CONVERSION_REPLAY_PARTIAL;C4_REGISTRATION_NOT_VERIFIED;C4_PRIOR_INTERFACE_NOT_FROZEN;C5_INDEPENDENT_LOD1_MISSING;GRAVITY_TERRAIN_MVS_ESTIMATE_MISSING;R_DERIVED_COMMON_REPLAY_MISSING;STAGE3_TOOLCHAIN_NOT_REPLAYABLE,false
DEBY_LOD2_4907181,DEBYvAAAAABTMZgK,LOD2_REFERENCE_690_5336,"690820.660,5336120.226,690842.434,5336135.392",true,937_INCLUDED_25_EXCLUDED_AGGREGATE_ONLY,UNKNOWN,true,UNKNOWN,UNKNOWN,true,UNKNOWN,UNKNOWN,UNKNOWN,UNKNOWN,true,UNKNOWN,UNKNOWN,MISSING,false,UNKNOWN,UNKNOWN,IMAGE_BUILDING_COVERAGE_JOIN_MISSING;C1_REGISTERED_FULL_COVERAGE_UNKNOWN;C1_CLASS_2_6_DERIVATIVE_MISSING;C1_VERTICAL_DATUM_UNKNOWN;C2_REGISTERED_FULL_COVERAGE_UNKNOWN;C2_EXACT_937_BASE_MISMATCH;C2_CLASS_2_6_DERIVATIVE_MISSING;C3_SPARSE_CONVERSION_REPLAY_PARTIAL;C4_REGISTRATION_NOT_VERIFIED;C4_PRIOR_INTERFACE_NOT_FROZEN;C5_INDEPENDENT_LOD1_MISSING;GRAVITY_TERRAIN_MVS_ESTIMATE_MISSING;R_DERIVED_COMMON_REPLAY_MISSING;STAGE3_TOOLCHAIN_NOT_REPLAYABLE,false
DEBY_LOD2_4907182,DEBYvAAAAABTMZeu,LOD2_REFERENCE_690_5336,"690836.070,5336129.230,690849.280,5336143.140",true,937_INCLUDED_25_EXCLUDED_AGGREGATE_ONLY,UNKNOWN,true,UNKNOWN,UNKNOWN,true,UNKNOWN,UNKNOWN,UNKNOWN,UNKNOWN,true,UNKNOWN,UNKNOWN,MISSING,false,UNKNOWN,UNKNOWN,IMAGE_BUILDING_COVERAGE_JOIN_MISSING;C1_REGISTERED_FULL_COVERAGE_UNKNOWN;C1_CLASS_2_6_DERIVATIVE_MISSING;C1_VERTICAL_DATUM_UNKNOWN;C2_REGISTERED_FULL_COVERAGE_UNKNOWN;C2_EXACT_937_BASE_MISMATCH;C2_CLASS_2_6_DERIVATIVE_MISSING;C3_SPARSE_CONVERSION_REPLAY_PARTIAL;C4_REGISTRATION_NOT_VERIFIED;C4_PRIOR_INTERFACE_NOT_FROZEN;C5_INDEPENDENT_LOD1_MISSING;GRAVITY_TERRAIN_MVS_ESTIMATE_MISSING;R_DERIVED_COMMON_REPLAY_MISSING;STAGE3_TOOLCHAIN_NOT_REPLAYABLE,false
DEBY_LOD2_4907183,DEBYvAAAAABTMZnW,LOD2_REFERENCE_690_5336,"690847.560,5336106.450,690869.160,5336135.870",true,937_INCLUDED_25_EXCLUDED_AGGREGATE_ONLY,UNKNOWN,true,UNKNOWN,UNKNOWN,true,UNKNOWN,UNKNOWN,UNKNOWN,UNKNOWN,true,UNKNOWN,UNKNOWN,MISSING,false,UNKNOWN,UNKNOWN,IMAGE_BUILDING_COVERAGE_JOIN_MISSING;C1_REGISTERED_FULL_COVERAGE_UNKNOWN;C1_CLASS_2_6_DERIVATIVE_MISSING;C1_VERTICAL_DATUM_UNKNOWN;C2_REGISTERED_FULL_COVERAGE_UNKNOWN;C2_EXACT_937_BASE_MISMATCH;C2_CLASS_2_6_DERIVATIVE_MISSING;C3_SPARSE_CONVERSION_REPLAY_PARTIAL;C4_REGISTRATION_NOT_VERIFIED;C4_PRIOR_INTERFACE_NOT_FROZEN;C5_INDEPENDENT_LOD1_MISSING;GRAVITY_TERRAIN_MVS_ESTIMATE_MISSING;R_DERIVED_COMMON_REPLAY_MISSING;STAGE3_TOOLCHAIN_NOT_REPLAYABLE,false
DEBY_LOD2_4907184,DEBYvAAAAABTMZkw,LOD2_REFERENCE_690_5336,"690836.639,5336083.195,690859.713,5336111.925",true,937_INCLUDED_25_EXCLUDED_AGGREGATE_ONLY,UNKNOWN,true,UNKNOWN,UNKNOWN,true,UNKNOWN,UNKNOWN,UNKNOWN,UNKNOWN,true,UNKNOWN,UNKNOWN,MISSING,false,UNKNOWN,UNKNOWN,IMAGE_BUILDING_COVERAGE_JOIN_MISSING;C1_REGISTERED_FULL_COVERAGE_UNKNOWN;C1_CLASS_2_6_DERIVATIVE_MISSING;C1_VERTICAL_DATUM_UNKNOWN;C2_REGISTERED_FULL_COVERAGE_UNKNOWN;C2_EXACT_937_BASE_MISMATCH;C2_CLASS_2_6_DERIVATIVE_MISSING;C3_SPARSE_CONVERSION_REPLAY_PARTIAL;C4_REGISTRATION_NOT_VERIFIED;C4_PRIOR_INTERFACE_NOT_FROZEN;C5_INDEPENDENT_LOD1_MISSING;GRAVITY_TERRAIN_MVS_ESTIMATE_MISSING;R_DERIVED_COMMON_REPLAY_MISSING;STAGE3_TOOLCHAIN_NOT_REPLAYABLE,false
DEBY_LOD2_4907185,DEBYvAAAAABTMZrx,LOD2_REFERENCE_690_5336,"690823.749,5336088.726,690840.839,5336104.576",true,937_INCLUDED_25_EXCLUDED_AGGREGATE_ONLY,UNKNOWN,true,UNKNOWN,UNKNOWN,true,UNKNOWN,UNKNOWN,UNKNOWN,UNKNOWN,true,UNKNOWN,UNKNOWN,MISSING,false,UNKNOWN,UNKNOWN,IMAGE_BUILDING_COVERAGE_JOIN_MISSING;C1_REGISTERED_FULL_COVERAGE_UNKNOWN;C1_CLASS_2_6_DERIVATIVE_MISSING;C1_VERTICAL_DATUM_UNKNOWN;C2_REGISTERED_FULL_COVERAGE_UNKNOWN;C2_EXACT_937_BASE_MISMATCH;C2_CLASS_2_6_DERIVATIVE_MISSING;C3_SPARSE_CONVERSION_REPLAY_PARTIAL;C4_REGISTRATION_NOT_VERIFIED;C4_PRIOR_INTERFACE_NOT_FROZEN;C5_INDEPENDENT_LOD1_MISSING;GRAVITY_TERRAIN_MVS_ESTIMATE_MISSING;R_DERIVED_COMMON_REPLAY_MISSING;STAGE3_TOOLCHAIN_NOT_REPLAYABLE,false
DEBY_LOD2_4907186,DEBYvAAAAABTMZpn,LOD2_REFERENCE_690_5336,"690797.374,5336099.254,690814.266,5336115.932",true,937_INCLUDED_25_EXCLUDED_AGGREGATE_ONLY,UNKNOWN,true,UNKNOWN,UNKNOWN,true,UNKNOWN,UNKNOWN,UNKNOWN,UNKNOWN,true,UNKNOWN,UNKNOWN,MISSING,false,UNKNOWN,UNKNOWN,IMAGE_BUILDING_COVERAGE_JOIN_MISSING;C1_REGISTERED_FULL_COVERAGE_UNKNOWN;C1_CLASS_2_6_DERIVATIVE_MISSING;C1_VERTICAL_DATUM_UNKNOWN;C2_REGISTERED_FULL_COVERAGE_UNKNOWN;C2_EXACT_937_BASE_MISMATCH;C2_CLASS_2_6_DERIVATIVE_MISSING;C3_SPARSE_CONVERSION_REPLAY_PARTIAL;C4_REGISTRATION_NOT_VERIFIED;C4_PRIOR_INTERFACE_NOT_FROZEN;C5_INDEPENDENT_LOD1_MISSING;GRAVITY_TERRAIN_MVS_ESTIMATE_MISSING;R_DERIVED_COMMON_REPLAY_MISSING;STAGE3_TOOLCHAIN_NOT_REPLAYABLE,false
DEBY_LOD2_4907187,DEBYvAAAAABTMZxi,LOD2_REFERENCE_690_5336,"690809.860,5336126.241,690824.327,5336140.538",true,937_INCLUDED_25_EXCLUDED_AGGREGATE_ONLY,UNKNOWN,true,UNKNOWN,UNKNOWN,true,UNKNOWN,UNKNOWN,UNKNOWN,UNKNOWN,true,UNKNOWN,UNKNOWN,MISSING,false,UNKNOWN,UNKNOWN,IMAGE_BUILDING_COVERAGE_JOIN_MISSING;C1_REGISTERED_FULL_COVERAGE_UNKNOWN;C1_CLASS_2_6_DERIVATIVE_MISSING;C1_VERTICAL_DATUM_UNKNOWN;C2_REGISTERED_FULL_COVERAGE_UNKNOWN;C2_EXACT_937_BASE_MISMATCH;C2_CLASS_2_6_DERIVATIVE_MISSING;C3_SPARSE_CONVERSION_REPLAY_PARTIAL;C4_REGISTRATION_NOT_VERIFIED;C4_PRIOR_INTERFACE_NOT_FROZEN;C5_INDEPENDENT_LOD1_MISSING;GRAVITY_TERRAIN_MVS_ESTIMATE_MISSING;R_DERIVED_COMMON_REPLAY_MISSING;STAGE3_TOOLCHAIN_NOT_REPLAYABLE,false
DEBY_LOD2_4907188,DEBYvAAAAABTMZu0,LOD2_REFERENCE_690_5336,"690784.890,5336103.990,690801.800,5336120.410",true,937_INCLUDED_25_EXCLUDED_AGGREGATE_ONLY,UNKNOWN,true,UNKNOWN,UNKNOWN,true,UNKNOWN,UNKNOWN,UNKNOWN,UNKNOWN,true,UNKNOWN,UNKNOWN,MISSING,false,UNKNOWN,UNKNOWN,IMAGE_BUILDING_COVERAGE_JOIN_MISSING;C1_REGISTERED_FULL_COVERAGE_UNKNOWN;C1_CLASS_2_6_DERIVATIVE_MISSING;C1_VERTICAL_DATUM_UNKNOWN;C2_REGISTERED_FULL_COVERAGE_UNKNOWN;C2_EXACT_937_BASE_MISMATCH;C2_CLASS_2_6_DERIVATIVE_MISSING;C3_SPARSE_CONVERSION_REPLAY_PARTIAL;C4_REGISTRATION_NOT_VERIFIED;C4_PRIOR_INTERFACE_NOT_FROZEN;C5_INDEPENDENT_LOD1_MISSING;GRAVITY_TERRAIN_MVS_ESTIMATE_MISSING;R_DERIVED_COMMON_REPLAY_MISSING;STAGE3_TOOLCHAIN_NOT_REPLAYABLE,false
DEBY_LOD2_4907194,DEBYvAAAAABTMaC5,LOD2_REFERENCE_690_5336,"690774.550,5336076.450,690792.810,5336096.540",true,937_INCLUDED_25_EXCLUDED_AGGREGATE_ONLY,UNKNOWN,false,UNKNOWN,UNKNOWN,true,UNKNOWN,UNKNOWN,UNKNOWN,UNKNOWN,true,UNKNOWN,UNKNOWN,MISSING,false,UNKNOWN,UNKNOWN,IMAGE_BUILDING_COVERAGE_JOIN_MISSING;C1_REGISTERED_FULL_COVERAGE_UNKNOWN;C1_CLASS_2_6_DERIVATIVE_MISSING;C1_VERTICAL_DATUM_UNKNOWN;C2_REGISTERED_FULL_COVERAGE_UNKNOWN;C2_EXACT_937_BASE_MISMATCH;C2_CLASS_2_6_DERIVATIVE_MISSING;C3_SPARSE_CONVERSION_REPLAY_PARTIAL;C4_REGISTRATION_NOT_VERIFIED;C4_PRIOR_INTERFACE_NOT_FROZEN;C5_INDEPENDENT_LOD1_MISSING;GRAVITY_TERRAIN_MVS_ESTIMATE_MISSING;R_DERIVED_COMMON_REPLAY_MISSING;STAGE3_TOOLCHAIN_NOT_REPLAYABLE,false
DEBY_LOD2_4907195,DEBYvAAAAABTMaA7,LOD2_REFERENCE_690_5336,"690786.440,5336074.700,690805.030,5336091.970",true,937_INCLUDED_25_EXCLUDED_AGGREGATE_ONLY,UNKNOWN,true,UNKNOWN,UNKNOWN,true,UNKNOWN,UNKNOWN,UNKNOWN,UNKNOWN,true,UNKNOWN,UNKNOWN,MISSING,false,UNKNOWN,UNKNOWN,IMAGE_BUILDING_COVERAGE_JOIN_MISSING;C1_REGISTERED_FULL_COVERAGE_UNKNOWN;C1_CLASS_2_6_DERIVATIVE_MISSING;C1_VERTICAL_DATUM_UNKNOWN;C2_REGISTERED_FULL_COVERAGE_UNKNOWN;C2_EXACT_937_BASE_MISMATCH;C2_CLASS_2_6_DERIVATIVE_MISSING;C3_SPARSE_CONVERSION_REPLAY_PARTIAL;C4_REGISTRATION_NOT_VERIFIED;C4_PRIOR_INTERFACE_NOT_FROZEN;C5_INDEPENDENT_LOD1_MISSING;GRAVITY_TERRAIN_MVS_ESTIMATE_MISSING;R_DERIVED_COMMON_REPLAY_MISSING;STAGE3_TOOLCHAIN_NOT_REPLAYABLE,false
DEBY_LOD2_4907196,DEBYvAAAAABTMZ9e,LOD2_REFERENCE_690_5336,"690821.060,5336047.490,690845.770,5336079.520",true,937_INCLUDED_25_EXCLUDED_AGGREGATE_ONLY,UNKNOWN,true,UNKNOWN,UNKNOWN,true,UNKNOWN,UNKNOWN,UNKNOWN,UNKNOWN,true,UNKNOWN,UNKNOWN,MISSING,false,UNKNOWN,UNKNOWN,IMAGE_BUILDING_COVERAGE_JOIN_MISSING;C1_REGISTERED_FULL_COVERAGE_UNKNOWN;C1_CLASS_2_6_DERIVATIVE_MISSING;C1_VERTICAL_DATUM_UNKNOWN;C2_REGISTERED_FULL_COVERAGE_UNKNOWN;C2_EXACT_937_BASE_MISMATCH;C2_CLASS_2_6_DERIVATIVE_MISSING;C3_SPARSE_CONVERSION_REPLAY_PARTIAL;C4_REGISTRATION_NOT_VERIFIED;C4_PRIOR_INTERFACE_NOT_FROZEN;C5_INDEPENDENT_LOD1_MISSING;GRAVITY_TERRAIN_MVS_ESTIMATE_MISSING;R_DERIVED_COMMON_REPLAY_MISSING;STAGE3_TOOLCHAIN_NOT_REPLAYABLE,false
DEBY_LOD2_4907198,DEBYvAAAAABTMZ9H,LOD2_REFERENCE_690_5336,"690794.980,5336060.480,690824.860,5336087.310",true,937_INCLUDED_25_EXCLUDED_AGGREGATE_ONLY,UNKNOWN,true,UNKNOWN,UNKNOWN,true,UNKNOWN,UNKNOWN,UNKNOWN,UNKNOWN,true,UNKNOWN,UNKNOWN,MISSING,false,UNKNOWN,UNKNOWN,IMAGE_BUILDING_COVERAGE_JOIN_MISSING;C1_REGISTERED_FULL_COVERAGE_UNKNOWN;C1_CLASS_2_6_DERIVATIVE_MISSING;C1_VERTICAL_DATUM_UNKNOWN;C2_REGISTERED_FULL_COVERAGE_UNKNOWN;C2_EXACT_937_BASE_MISMATCH;C2_CLASS_2_6_DERIVATIVE_MISSING;C3_SPARSE_CONVERSION_REPLAY_PARTIAL;C4_REGISTRATION_NOT_VERIFIED;C4_PRIOR_INTERFACE_NOT_FROZEN;C5_INDEPENDENT_LOD1_MISSING;GRAVITY_TERRAIN_MVS_ESTIMATE_MISSING;R_DERIVED_COMMON_REPLAY_MISSING;STAGE3_TOOLCHAIN_NOT_REPLAYABLE,false
DEBY_LOD2_4907199,DEBYvAAAAABTMaAB,LOD2_REFERENCE_690_5336,"690790.430,5336048.400,690802.100,5336063.250",true,937_INCLUDED_25_EXCLUDED_AGGREGATE_ONLY,UNKNOWN,true,UNKNOWN,UNKNOWN,true,UNKNOWN,UNKNOWN,UNKNOWN,UNKNOWN,true,UNKNOWN,UNKNOWN,MISSING,false,UNKNOWN,UNKNOWN,IMAGE_BUILDING_COVERAGE_JOIN_MISSING;C1_REGISTERED_FULL_COVERAGE_UNKNOWN;C1_CLASS_2_6_DERIVATIVE_MISSING;C1_VERTICAL_DATUM_UNKNOWN;C2_REGISTERED_FULL_COVERAGE_UNKNOWN;C2_EXACT_937_BASE_MISMATCH;C2_CLASS_2_6_DERIVATIVE_MISSING;C3_SPARSE_CONVERSION_REPLAY_PARTIAL;C4_REGISTRATION_NOT_VERIFIED;C4_PRIOR_INTERFACE_NOT_FROZEN;C5_INDEPENDENT_LOD1_MISSING;GRAVITY_TERRAIN_MVS_ESTIMATE_MISSING;R_DERIVED_COMMON_REPLAY_MISSING;STAGE3_TOOLCHAIN_NOT_REPLAYABLE,false
DEBY_LOD2_4907201,DEBYvAAAAABTMZ7N,LOD2_REFERENCE_690_5336,"690816.020,5336036.010,690835.390,5336053.690",true,937_INCLUDED_25_EXCLUDED_AGGREGATE_ONLY,UNKNOWN,true,UNKNOWN,UNKNOWN,true,UNKNOWN,UNKNOWN,UNKNOWN,UNKNOWN,true,UNKNOWN,UNKNOWN,MISSING,false,UNKNOWN,UNKNOWN,IMAGE_BUILDING_COVERAGE_JOIN_MISSING;C1_REGISTERED_FULL_COVERAGE_UNKNOWN;C1_CLASS_2_6_DERIVATIVE_MISSING;C1_VERTICAL_DATUM_UNKNOWN;C2_REGISTERED_FULL_COVERAGE_UNKNOWN;C2_EXACT_937_BASE_MISMATCH;C2_CLASS_2_6_DERIVATIVE_MISSING;C3_SPARSE_CONVERSION_REPLAY_PARTIAL;C4_REGISTRATION_NOT_VERIFIED;C4_PRIOR_INTERFACE_NOT_FROZEN;C5_INDEPENDENT_LOD1_MISSING;GRAVITY_TERRAIN_MVS_ESTIMATE_MISSING;R_DERIVED_COMMON_REPLAY_MISSING;STAGE3_TOOLCHAIN_NOT_REPLAYABLE,false
DEBY_LOD2_4907202,DEBYvAAAAABTMZ8a,LOD2_REFERENCE_690_5336,"690788.390,5336023.060,690811.100,5336037.480",true,937_INCLUDED_25_EXCLUDED_AGGREGATE_ONLY,UNKNOWN,true,UNKNOWN,UNKNOWN,true,UNKNOWN,UNKNOWN,UNKNOWN,UNKNOWN,true,UNKNOWN,UNKNOWN,MISSING,false,UNKNOWN,UNKNOWN,IMAGE_BUILDING_COVERAGE_JOIN_MISSING;C1_REGISTERED_FULL_COVERAGE_UNKNOWN;C1_CLASS_2_6_DERIVATIVE_MISSING;C1_VERTICAL_DATUM_UNKNOWN;C2_REGISTERED_FULL_COVERAGE_UNKNOWN;C2_EXACT_937_BASE_MISMATCH;C2_CLASS_2_6_DERIVATIVE_MISSING;C3_SPARSE_CONVERSION_REPLAY_PARTIAL;C4_REGISTRATION_NOT_VERIFIED;C4_PRIOR_INTERFACE_NOT_FROZEN;C5_INDEPENDENT_LOD1_MISSING;GRAVITY_TERRAIN_MVS_ESTIMATE_MISSING;R_DERIVED_COMMON_REPLAY_MISSING;STAGE3_TOOLCHAIN_NOT_REPLAYABLE,false
DEBY_LOD2_4907204,DEBYvAAAAABTMZ8Z,LOD2_REFERENCE_690_5336,"690813.390,5336017.250,690831.050,5336039.940",true,937_INCLUDED_25_EXCLUDED_AGGREGATE_ONLY,UNKNOWN,true,UNKNOWN,UNKNOWN,true,UNKNOWN,UNKNOWN,UNKNOWN,UNKNOWN,true,UNKNOWN,UNKNOWN,MISSING,false,UNKNOWN,UNKNOWN,IMAGE_BUILDING_COVERAGE_JOIN_MISSING;C1_REGISTERED_FULL_COVERAGE_UNKNOWN;C1_CLASS_2_6_DERIVATIVE_MISSING;C1_VERTICAL_DATUM_UNKNOWN;C2_REGISTERED_FULL_COVERAGE_UNKNOWN;C2_EXACT_937_BASE_MISMATCH;C2_CLASS_2_6_DERIVATIVE_MISSING;C3_SPARSE_CONVERSION_REPLAY_PARTIAL;C4_REGISTRATION_NOT_VERIFIED;C4_PRIOR_INTERFACE_NOT_FROZEN;C5_INDEPENDENT_LOD1_MISSING;GRAVITY_TERRAIN_MVS_ESTIMATE_MISSING;R_DERIVED_COMMON_REPLAY_MISSING;STAGE3_TOOLCHAIN_NOT_REPLAYABLE,false
DEBY_LOD2_4907205,DEBYvAAAAABTMZ41,LOD2_REFERENCE_690_5336,"690792.583,5336009.794,690804.228,5336027.123",true,937_INCLUDED_25_EXCLUDED_AGGREGATE_ONLY,UNKNOWN,true,UNKNOWN,UNKNOWN,true,UNKNOWN,UNKNOWN,UNKNOWN,UNKNOWN,true,UNKNOWN,UNKNOWN,MISSING,false,UNKNOWN,UNKNOWN,IMAGE_BUILDING_COVERAGE_JOIN_MISSING;C1_REGISTERED_FULL_COVERAGE_UNKNOWN;C1_CLASS_2_6_DERIVATIVE_MISSING;C1_VERTICAL_DATUM_UNKNOWN;C2_REGISTERED_FULL_COVERAGE_UNKNOWN;C2_EXACT_937_BASE_MISMATCH;C2_CLASS_2_6_DERIVATIVE_MISSING;C3_SPARSE_CONVERSION_REPLAY_PARTIAL;C4_REGISTRATION_NOT_VERIFIED;C4_PRIOR_INTERFACE_NOT_FROZEN;C5_INDEPENDENT_LOD1_MISSING;GRAVITY_TERRAIN_MVS_ESTIMATE_MISSING;R_DERIVED_COMMON_REPLAY_MISSING;STAGE3_TOOLCHAIN_NOT_REPLAYABLE,false
DEBY_LOD2_4907206,DEBYvAAAAABTMZ5i,LOD2_REFERENCE_690_5336,"690806.425,5336001.916,690823.630,5336021.659",true,937_INCLUDED_25_EXCLUDED_AGGREGATE_ONLY,UNKNOWN,true,UNKNOWN,UNKNOWN,true,UNKNOWN,UNKNOWN,UNKNOWN,UNKNOWN,true,UNKNOWN,UNKNOWN,MISSING,false,UNKNOWN,UNKNOWN,IMAGE_BUILDING_COVERAGE_JOIN_MISSING;C1_REGISTERED_FULL_COVERAGE_UNKNOWN;C1_CLASS_2_6_DERIVATIVE_MISSING;C1_VERTICAL_DATUM_UNKNOWN;C2_REGISTERED_FULL_COVERAGE_UNKNOWN;C2_EXACT_937_BASE_MISMATCH;C2_CLASS_2_6_DERIVATIVE_MISSING;C3_SPARSE_CONVERSION_REPLAY_PARTIAL;C4_REGISTRATION_NOT_VERIFIED;C4_PRIOR_INTERFACE_NOT_FROZEN;C5_INDEPENDENT_LOD1_MISSING;GRAVITY_TERRAIN_MVS_ESTIMATE_MISSING;R_DERIVED_COMMON_REPLAY_MISSING;STAGE3_TOOLCHAIN_NOT_REPLAYABLE,false
DEBY_LOD2_4907207,DEBYvAAAAABTMZ6R,LOD2_REFERENCE_690_5334,"690788.830,5335983.620,690818.040,5336007.760",true,937_INCLUDED_25_EXCLUDED_AGGREGATE_ONLY,UNKNOWN,true,UNKNOWN,UNKNOWN,true,UNKNOWN,UNKNOWN,UNKNOWN,UNKNOWN,true,UNKNOWN,UNKNOWN,MISSING,false,UNKNOWN,UNKNOWN,IMAGE_BUILDING_COVERAGE_JOIN_MISSING;C1_REGISTERED_FULL_COVERAGE_UNKNOWN;C1_CLASS_2_6_DERIVATIVE_MISSING;C1_VERTICAL_DATUM_UNKNOWN;C2_REGISTERED_FULL_COVERAGE_UNKNOWN;C2_EXACT_937_BASE_MISMATCH;C2_CLASS_2_6_DERIVATIVE_MISSING;C3_SPARSE_CONVERSION_REPLAY_PARTIAL;C4_REGISTRATION_NOT_VERIFIED;C4_PRIOR_INTERFACE_NOT_FROZEN;C5_INDEPENDENT_LOD1_MISSING;GRAVITY_TERRAIN_MVS_ESTIMATE_MISSING;R_DERIVED_COMMON_REPLAY_MISSING;STAGE3_TOOLCHAIN_NOT_REPLAYABLE,false
DEBY_LOD2_4907208,DEBYvAAAAABTMZ2r,LOD2_REFERENCE_690_5336,"690774.410,5335988.900,690794.220,5336011.890",true,937_INCLUDED_25_EXCLUDED_AGGREGATE_ONLY,UNKNOWN,false,UNKNOWN,UNKNOWN,true,UNKNOWN,UNKNOWN,UNKNOWN,UNKNOWN,true,UNKNOWN,UNKNOWN,MISSING,false,UNKNOWN,UNKNOWN,IMAGE_BUILDING_COVERAGE_JOIN_MISSING;C1_REGISTERED_FULL_COVERAGE_UNKNOWN;C1_CLASS_2_6_DERIVATIVE_MISSING;C1_VERTICAL_DATUM_UNKNOWN;C2_REGISTERED_FULL_COVERAGE_UNKNOWN;C2_EXACT_937_BASE_MISMATCH;C2_CLASS_2_6_DERIVATIVE_MISSING;C3_SPARSE_CONVERSION_REPLAY_PARTIAL;C4_REGISTRATION_NOT_VERIFIED;C4_PRIOR_INTERFACE_NOT_FROZEN;C5_INDEPENDENT_LOD1_MISSING;GRAVITY_TERRAIN_MVS_ESTIMATE_MISSING;R_DERIVED_COMMON_REPLAY_MISSING;STAGE3_TOOLCHAIN_NOT_REPLAYABLE,false
DEBY_LOD2_4907505,DEBYvAAAAABTMLJh,LOD2_REFERENCE_690_5334,"690808.993,5335926.234,690827.231,5335946.563",true,937_INCLUDED_25_EXCLUDED_AGGREGATE_ONLY,UNKNOWN,true,UNKNOWN,UNKNOWN,true,UNKNOWN,UNKNOWN,UNKNOWN,UNKNOWN,true,UNKNOWN,UNKNOWN,MISSING,false,UNKNOWN,UNKNOWN,IMAGE_BUILDING_COVERAGE_JOIN_MISSING;C1_REGISTERED_FULL_COVERAGE_UNKNOWN;C1_CLASS_2_6_DERIVATIVE_MISSING;C1_VERTICAL_DATUM_UNKNOWN;C2_REGISTERED_FULL_COVERAGE_UNKNOWN;C2_EXACT_937_BASE_MISMATCH;C2_CLASS_2_6_DERIVATIVE_MISSING;C3_SPARSE_CONVERSION_REPLAY_PARTIAL;C4_REGISTRATION_NOT_VERIFIED;C4_PRIOR_INTERFACE_NOT_FROZEN;C5_INDEPENDENT_LOD1_MISSING;GRAVITY_TERRAIN_MVS_ESTIMATE_MISSING;R_DERIVED_COMMON_REPLAY_MISSING;STAGE3_TOOLCHAIN_NOT_REPLAYABLE,false
DEBY_LOD2_4907506,DEBYvAAAAABTMLFm,LOD2_REFERENCE_690_5334,"690815.103,5335938.588,690840.087,5335958.626",true,937_INCLUDED_25_EXCLUDED_AGGREGATE_ONLY,UNKNOWN,true,UNKNOWN,UNKNOWN,true,UNKNOWN,UNKNOWN,UNKNOWN,UNKNOWN,true,UNKNOWN,UNKNOWN,MISSING,false,UNKNOWN,UNKNOWN,IMAGE_BUILDING_COVERAGE_JOIN_MISSING;C1_REGISTERED_FULL_COVERAGE_UNKNOWN;C1_CLASS_2_6_DERIVATIVE_MISSING;C1_VERTICAL_DATUM_UNKNOWN;C2_REGISTERED_FULL_COVERAGE_UNKNOWN;C2_EXACT_937_BASE_MISMATCH;C2_CLASS_2_6_DERIVATIVE_MISSING;C3_SPARSE_CONVERSION_REPLAY_PARTIAL;C4_REGISTRATION_NOT_VERIFIED;C4_PRIOR_INTERFACE_NOT_FROZEN;C5_INDEPENDENT_LOD1_MISSING;GRAVITY_TERRAIN_MVS_ESTIMATE_MISSING;R_DERIVED_COMMON_REPLAY_MISSING;STAGE3_TOOLCHAIN_NOT_REPLAYABLE,false
DEBY_LOD2_4907507,DEBYvAAAAABTMLCk,LOD2_REFERENCE_690_5334,"690835.377,5335931.107,690860.812,5335950.845",true,937_INCLUDED_25_EXCLUDED_AGGREGATE_ONLY,UNKNOWN,true,UNKNOWN,UNKNOWN,true,UNKNOWN,UNKNOWN,UNKNOWN,UNKNOWN,true,UNKNOWN,UNKNOWN,MISSING,false,UNKNOWN,UNKNOWN,IMAGE_BUILDING_COVERAGE_JOIN_MISSING;C1_REGISTERED_FULL_COVERAGE_UNKNOWN;C1_CLASS_2_6_DERIVATIVE_MISSING;C1_VERTICAL_DATUM_UNKNOWN;C2_REGISTERED_FULL_COVERAGE_UNKNOWN;C2_EXACT_937_BASE_MISMATCH;C2_CLASS_2_6_DERIVATIVE_MISSING;C3_SPARSE_CONVERSION_REPLAY_PARTIAL;C4_REGISTRATION_NOT_VERIFIED;C4_PRIOR_INTERFACE_NOT_FROZEN;C5_INDEPENDENT_LOD1_MISSING;GRAVITY_TERRAIN_MVS_ESTIMATE_MISSING;R_DERIVED_COMMON_REPLAY_MISSING;STAGE3_TOOLCHAIN_NOT_REPLAYABLE,false
DEBY_LOD2_4907508,DEBYvAAAAABTMLCl,LOD2_REFERENCE_690_5334,"690804.080,5335911.220,690829.380,5335924.130",true,937_INCLUDED_25_EXCLUDED_AGGREGATE_ONLY,UNKNOWN,true,UNKNOWN,UNKNOWN,true,UNKNOWN,UNKNOWN,UNKNOWN,UNKNOWN,true,UNKNOWN,UNKNOWN,MISSING,false,UNKNOWN,UNKNOWN,IMAGE_BUILDING_COVERAGE_JOIN_MISSING;C1_REGISTERED_FULL_COVERAGE_UNKNOWN;C1_CLASS_2_6_DERIVATIVE_MISSING;C1_VERTICAL_DATUM_UNKNOWN;C2_REGISTERED_FULL_COVERAGE_UNKNOWN;C2_EXACT_937_BASE_MISMATCH;C2_CLASS_2_6_DERIVATIVE_MISSING;C3_SPARSE_CONVERSION_REPLAY_PARTIAL;C4_REGISTRATION_NOT_VERIFIED;C4_PRIOR_INTERFACE_NOT_FROZEN;C5_INDEPENDENT_LOD1_MISSING;GRAVITY_TERRAIN_MVS_ESTIMATE_MISSING;R_DERIVED_COMMON_REPLAY_MISSING;STAGE3_TOOLCHAIN_NOT_REPLAYABLE,false
DEBY_LOD2_4907509,DEBYvAAAAABTMK8p,LOD2_REFERENCE_690_5334,"690819.610,5335885.760,690841.300,5335915.580",true,937_INCLUDED_25_EXCLUDED_AGGREGATE_ONLY,UNKNOWN,true,UNKNOWN,UNKNOWN,true,UNKNOWN,UNKNOWN,UNKNOWN,UNKNOWN,true,UNKNOWN,UNKNOWN,MISSING,false,UNKNOWN,UNKNOWN,IMAGE_BUILDING_COVERAGE_JOIN_MISSING;C1_REGISTERED_FULL_COVERAGE_UNKNOWN;C1_CLASS_2_6_DERIVATIVE_MISSING;C1_VERTICAL_DATUM_UNKNOWN;C2_REGISTERED_FULL_COVERAGE_UNKNOWN;C2_EXACT_937_BASE_MISMATCH;C2_CLASS_2_6_DERIVATIVE_MISSING;C3_SPARSE_CONVERSION_REPLAY_PARTIAL;C4_REGISTRATION_NOT_VERIFIED;C4_PRIOR_INTERFACE_NOT_FROZEN;C5_INDEPENDENT_LOD1_MISSING;GRAVITY_TERRAIN_MVS_ESTIMATE_MISSING;R_DERIVED_COMMON_REPLAY_MISSING;STAGE3_TOOLCHAIN_NOT_REPLAYABLE,false
DEBY_LOD2_4907510,DEBYvAAAAABTMK8o,LOD2_REFERENCE_690_5334,"690833.800,5335893.300,690847.430,5335910.840",true,937_INCLUDED_25_EXCLUDED_AGGREGATE_ONLY,UNKNOWN,true,UNKNOWN,UNKNOWN,true,UNKNOWN,UNKNOWN,UNKNOWN,UNKNOWN,true,UNKNOWN,UNKNOWN,MISSING,false,UNKNOWN,UNKNOWN,IMAGE_BUILDING_COVERAGE_JOIN_MISSING;C1_REGISTERED_FULL_COVERAGE_UNKNOWN;C1_CLASS_2_6_DERIVATIVE_MISSING;C1_VERTICAL_DATUM_UNKNOWN;C2_REGISTERED_FULL_COVERAGE_UNKNOWN;C2_EXACT_937_BASE_MISMATCH;C2_CLASS_2_6_DERIVATIVE_MISSING;C3_SPARSE_CONVERSION_REPLAY_PARTIAL;C4_REGISTRATION_NOT_VERIFIED;C4_PRIOR_INTERFACE_NOT_FROZEN;C5_INDEPENDENT_LOD1_MISSING;GRAVITY_TERRAIN_MVS_ESTIMATE_MISSING;R_DERIVED_COMMON_REPLAY_MISSING;STAGE3_TOOLCHAIN_NOT_REPLAYABLE,false
DEBY_LOD2_4907514,DEBYvAAAAABTMMzN,LOD2_REFERENCE_690_5334,"690851.990,5335916.930,690873.800,5335942.960",true,937_INCLUDED_25_EXCLUDED_AGGREGATE_ONLY,UNKNOWN,true,UNKNOWN,UNKNOWN,true,UNKNOWN,UNKNOWN,UNKNOWN,UNKNOWN,true,UNKNOWN,UNKNOWN,MISSING,false,UNKNOWN,UNKNOWN,IMAGE_BUILDING_COVERAGE_JOIN_MISSING;C1_REGISTERED_FULL_COVERAGE_UNKNOWN;C1_CLASS_2_6_DERIVATIVE_MISSING;C1_VERTICAL_DATUM_UNKNOWN;C2_REGISTERED_FULL_COVERAGE_UNKNOWN;C2_EXACT_937_BASE_MISMATCH;C2_CLASS_2_6_DERIVATIVE_MISSING;C3_SPARSE_CONVERSION_REPLAY_PARTIAL;C4_REGISTRATION_NOT_VERIFIED;C4_PRIOR_INTERFACE_NOT_FROZEN;C5_INDEPENDENT_LOD1_MISSING;GRAVITY_TERRAIN_MVS_ESTIMATE_MISSING;R_DERIVED_COMMON_REPLAY_MISSING;STAGE3_TOOLCHAIN_NOT_REPLAYABLE,false
DEBY_LOD2_4907515,DEBYvAAAAABTMMzd,LOD2_REFERENCE_690_5334,"690865.680,5335911.860,690887.160,5335938.040",true,937_INCLUDED_25_EXCLUDED_AGGREGATE_ONLY,UNKNOWN,true,UNKNOWN,UNKNOWN,true,UNKNOWN,UNKNOWN,UNKNOWN,UNKNOWN,true,UNKNOWN,UNKNOWN,MISSING,false,UNKNOWN,UNKNOWN,IMAGE_BUILDING_COVERAGE_JOIN_MISSING;C1_REGISTERED_FULL_COVERAGE_UNKNOWN;C1_CLASS_2_6_DERIVATIVE_MISSING;C1_VERTICAL_DATUM_UNKNOWN;C2_REGISTERED_FULL_COVERAGE_UNKNOWN;C2_EXACT_937_BASE_MISMATCH;C2_CLASS_2_6_DERIVATIVE_MISSING;C3_SPARSE_CONVERSION_REPLAY_PARTIAL;C4_REGISTRATION_NOT_VERIFIED;C4_PRIOR_INTERFACE_NOT_FROZEN;C5_INDEPENDENT_LOD1_MISSING;GRAVITY_TERRAIN_MVS_ESTIMATE_MISSING;R_DERIVED_COMMON_REPLAY_MISSING;STAGE3_TOOLCHAIN_NOT_REPLAYABLE,false
DEBY_LOD2_4907516,DEBYvAAAAABTMpO3,LOD2_REFERENCE_690_5334,"690887.950,5335913.060,690904.810,5335930.760",true,937_INCLUDED_25_EXCLUDED_AGGREGATE_ONLY,UNKNOWN,true,UNKNOWN,UNKNOWN,true,UNKNOWN,UNKNOWN,UNKNOWN,UNKNOWN,true,UNKNOWN,UNKNOWN,MISSING,false,UNKNOWN,UNKNOWN,IMAGE_BUILDING_COVERAGE_JOIN_MISSING;C1_REGISTERED_FULL_COVERAGE_UNKNOWN;C1_CLASS_2_6_DERIVATIVE_MISSING;C1_VERTICAL_DATUM_UNKNOWN;C2_REGISTERED_FULL_COVERAGE_UNKNOWN;C2_EXACT_937_BASE_MISMATCH;C2_CLASS_2_6_DERIVATIVE_MISSING;C3_SPARSE_CONVERSION_REPLAY_PARTIAL;C4_REGISTRATION_NOT_VERIFIED;C4_PRIOR_INTERFACE_NOT_FROZEN;C5_INDEPENDENT_LOD1_MISSING;GRAVITY_TERRAIN_MVS_ESTIMATE_MISSING;R_DERIVED_COMMON_REPLAY_MISSING;STAGE3_TOOLCHAIN_NOT_REPLAYABLE,false
DEBY_LOD2_4907517,DEBYvAAAAABTMpIt,LOD2_REFERENCE_690_5334,"690899.730,5335906.980,690917.390,5335926.180",true,937_INCLUDED_25_EXCLUDED_AGGREGATE_ONLY,UNKNOWN,true,UNKNOWN,UNKNOWN,true,UNKNOWN,UNKNOWN,UNKNOWN,UNKNOWN,true,UNKNOWN,UNKNOWN,MISSING,false,UNKNOWN,UNKNOWN,IMAGE_BUILDING_COVERAGE_JOIN_MISSING;C1_REGISTERED_FULL_COVERAGE_UNKNOWN;C1_CLASS_2_6_DERIVATIVE_MISSING;C1_VERTICAL_DATUM_UNKNOWN;C2_REGISTERED_FULL_COVERAGE_UNKNOWN;C2_EXACT_937_BASE_MISMATCH;C2_CLASS_2_6_DERIVATIVE_MISSING;C3_SPARSE_CONVERSION_REPLAY_PARTIAL;C4_REGISTRATION_NOT_VERIFIED;C4_PRIOR_INTERFACE_NOT_FROZEN;C5_INDEPENDENT_LOD1_MISSING;GRAVITY_TERRAIN_MVS_ESTIMATE_MISSING;R_DERIVED_COMMON_REPLAY_MISSING;STAGE3_TOOLCHAIN_NOT_REPLAYABLE,false
DEBY_LOD2_4907518,DEBYvAAAAABTMpAc,LOD2_REFERENCE_690_5334,"690917.420,5335898.420,690937.120,5335919.180",true,937_INCLUDED_25_EXCLUDED_AGGREGATE_ONLY,UNKNOWN,true,UNKNOWN,UNKNOWN,true,UNKNOWN,UNKNOWN,UNKNOWN,UNKNOWN,true,UNKNOWN,UNKNOWN,MISSING,false,UNKNOWN,UNKNOWN,IMAGE_BUILDING_COVERAGE_JOIN_MISSING;C1_REGISTERED_FULL_COVERAGE_UNKNOWN;C1_CLASS_2_6_DERIVATIVE_MISSING;C1_VERTICAL_DATUM_UNKNOWN;C2_REGISTERED_FULL_COVERAGE_UNKNOWN;C2_EXACT_937_BASE_MISMATCH;C2_CLASS_2_6_DERIVATIVE_MISSING;C3_SPARSE_CONVERSION_REPLAY_PARTIAL;C4_REGISTRATION_NOT_VERIFIED;C4_PRIOR_INTERFACE_NOT_FROZEN;C5_INDEPENDENT_LOD1_MISSING;GRAVITY_TERRAIN_MVS_ESTIMATE_MISSING;R_DERIVED_COMMON_REPLAY_MISSING;STAGE3_TOOLCHAIN_NOT_REPLAYABLE,false
DEBY_LOD2_4907519,DEBYvAAAAABTMpLf,LOD2_REFERENCE_690_5334,"690884.270,5335833.300,690986.280,5335900.640",true,937_INCLUDED_25_EXCLUDED_AGGREGATE_ONLY,UNKNOWN,true,UNKNOWN,UNKNOWN,true,UNKNOWN,UNKNOWN,UNKNOWN,UNKNOWN,true,UNKNOWN,UNKNOWN,MISSING,false,UNKNOWN,UNKNOWN,IMAGE_BUILDING_COVERAGE_JOIN_MISSING;C1_REGISTERED_FULL_COVERAGE_UNKNOWN;C1_CLASS_2_6_DERIVATIVE_MISSING;C1_VERTICAL_DATUM_UNKNOWN;C2_REGISTERED_FULL_COVERAGE_UNKNOWN;C2_EXACT_937_BASE_MISMATCH;C2_CLASS_2_6_DERIVATIVE_MISSING;C3_SPARSE_CONVERSION_REPLAY_PARTIAL;C4_REGISTRATION_NOT_VERIFIED;C4_PRIOR_INTERFACE_NOT_FROZEN;C5_INDEPENDENT_LOD1_MISSING;GRAVITY_TERRAIN_MVS_ESTIMATE_MISSING;R_DERIVED_COMMON_REPLAY_MISSING;STAGE3_TOOLCHAIN_NOT_REPLAYABLE,false
DEBY_LOD2_4907520,DEBYvAAAAABTMo4c,LOD2_REFERENCE_690_5334,"690955.560,5335883.810,690975.600,5335904.690",true,937_INCLUDED_25_EXCLUDED_AGGREGATE_ONLY,UNKNOWN,true,UNKNOWN,UNKNOWN,true,UNKNOWN,UNKNOWN,UNKNOWN,UNKNOWN,true,UNKNOWN,UNKNOWN,MISSING,false,UNKNOWN,UNKNOWN,IMAGE_BUILDING_COVERAGE_JOIN_MISSING;C1_REGISTERED_FULL_COVERAGE_UNKNOWN;C1_CLASS_2_6_DERIVATIVE_MISSING;C1_VERTICAL_DATUM_UNKNOWN;C2_REGISTERED_FULL_COVERAGE_UNKNOWN;C2_EXACT_937_BASE_MISMATCH;C2_CLASS_2_6_DERIVATIVE_MISSING;C3_SPARSE_CONVERSION_REPLAY_PARTIAL;C4_REGISTRATION_NOT_VERIFIED;C4_PRIOR_INTERFACE_NOT_FROZEN;C5_INDEPENDENT_LOD1_MISSING;GRAVITY_TERRAIN_MVS_ESTIMATE_MISSING;R_DERIVED_COMMON_REPLAY_MISSING;STAGE3_TOOLCHAIN_NOT_REPLAYABLE,false
DEBY_LOD2_4907521,DEBYvAAAAABTMpDt,LOD2_REFERENCE_690_5334,"690974.470,5335874.970,690997.090,5335897.340",true,937_INCLUDED_25_EXCLUDED_AGGREGATE_ONLY,UNKNOWN,true,UNKNOWN,UNKNOWN,true,UNKNOWN,UNKNOWN,UNKNOWN,UNKNOWN,true,UNKNOWN,UNKNOWN,MISSING,false,UNKNOWN,UNKNOWN,IMAGE_BUILDING_COVERAGE_JOIN_MISSING;C1_REGISTERED_FULL_COVERAGE_UNKNOWN;C1_CLASS_2_6_DERIVATIVE_MISSING;C1_VERTICAL_DATUM_UNKNOWN;C2_REGISTERED_FULL_COVERAGE_UNKNOWN;C2_EXACT_937_BASE_MISMATCH;C2_CLASS_2_6_DERIVATIVE_MISSING;C3_SPARSE_CONVERSION_REPLAY_PARTIAL;C4_REGISTRATION_NOT_VERIFIED;C4_PRIOR_INTERFACE_NOT_FROZEN;C5_INDEPENDENT_LOD1_MISSING;GRAVITY_TERRAIN_MVS_ESTIMATE_MISSING;R_DERIVED_COMMON_REPLAY_MISSING;STAGE3_TOOLCHAIN_NOT_REPLAYABLE,false
DEBY_LOD2_4908023,DEBYvAAAAABTMI2z,LOD2_REFERENCE_690_5336,"690906.287,5336108.243,690911.891,5336115.248",true,937_INCLUDED_25_EXCLUDED_AGGREGATE_ONLY,UNKNOWN,true,UNKNOWN,UNKNOWN,true,UNKNOWN,UNKNOWN,UNKNOWN,UNKNOWN,true,UNKNOWN,UNKNOWN,MISSING,false,UNKNOWN,UNKNOWN,IMAGE_BUILDING_COVERAGE_JOIN_MISSING;C1_REGISTERED_FULL_COVERAGE_UNKNOWN;C1_CLASS_2_6_DERIVATIVE_MISSING;C1_VERTICAL_DATUM_UNKNOWN;C2_REGISTERED_FULL_COVERAGE_UNKNOWN;C2_EXACT_937_BASE_MISMATCH;C2_CLASS_2_6_DERIVATIVE_MISSING;C3_SPARSE_CONVERSION_REPLAY_PARTIAL;C4_REGISTRATION_NOT_VERIFIED;C4_PRIOR_INTERFACE_NOT_FROZEN;C5_INDEPENDENT_LOD1_MISSING;GRAVITY_TERRAIN_MVS_ESTIMATE_MISSING;R_DERIVED_COMMON_REPLAY_MISSING;STAGE3_TOOLCHAIN_NOT_REPLAYABLE,false
DEBY_LOD2_4908024,DEBYvAAAAABTMI39,LOD2_REFERENCE_690_5336,"690908.460,5336097.503,690915.476,5336103.016",true,937_INCLUDED_25_EXCLUDED_AGGREGATE_ONLY,UNKNOWN,true,UNKNOWN,UNKNOWN,true,UNKNOWN,UNKNOWN,UNKNOWN,UNKNOWN,true,UNKNOWN,UNKNOWN,MISSING,false,UNKNOWN,UNKNOWN,IMAGE_BUILDING_COVERAGE_JOIN_MISSING;C1_REGISTERED_FULL_COVERAGE_UNKNOWN;C1_CLASS_2_6_DERIVATIVE_MISSING;C1_VERTICAL_DATUM_UNKNOWN;C2_REGISTERED_FULL_COVERAGE_UNKNOWN;C2_EXACT_937_BASE_MISMATCH;C2_CLASS_2_6_DERIVATIVE_MISSING;C3_SPARSE_CONVERSION_REPLAY_PARTIAL;C4_REGISTRATION_NOT_VERIFIED;C4_PRIOR_INTERFACE_NOT_FROZEN;C5_INDEPENDENT_LOD1_MISSING;GRAVITY_TERRAIN_MVS_ESTIMATE_MISSING;R_DERIVED_COMMON_REPLAY_MISSING;STAGE3_TOOLCHAIN_NOT_REPLAYABLE,false
DEBY_LOD2_4908025,DEBYvAAAAABTMJAm,LOD2_REFERENCE_690_5336,"690909.935,5336101.243,690916.943,5336106.756",true,937_INCLUDED_25_EXCLUDED_AGGREGATE_ONLY,UNKNOWN,true,UNKNOWN,UNKNOWN,true,UNKNOWN,UNKNOWN,UNKNOWN,UNKNOWN,true,UNKNOWN,UNKNOWN,MISSING,false,UNKNOWN,UNKNOWN,IMAGE_BUILDING_COVERAGE_JOIN_MISSING;C1_REGISTERED_FULL_COVERAGE_UNKNOWN;C1_CLASS_2_6_DERIVATIVE_MISSING;C1_VERTICAL_DATUM_UNKNOWN;C2_REGISTERED_FULL_COVERAGE_UNKNOWN;C2_EXACT_937_BASE_MISMATCH;C2_CLASS_2_6_DERIVATIVE_MISSING;C3_SPARSE_CONVERSION_REPLAY_PARTIAL;C4_REGISTRATION_NOT_VERIFIED;C4_PRIOR_INTERFACE_NOT_FROZEN;C5_INDEPENDENT_LOD1_MISSING;GRAVITY_TERRAIN_MVS_ESTIMATE_MISSING;R_DERIVED_COMMON_REPLAY_MISSING;STAGE3_TOOLCHAIN_NOT_REPLAYABLE,false
DEBY_LOD2_4908026,DEBYvAAAAABTMJBs,LOD2_REFERENCE_690_5336,"690911.411,5336105.005,690918.407,5336110.526",true,937_INCLUDED_25_EXCLUDED_AGGREGATE_ONLY,UNKNOWN,true,UNKNOWN,UNKNOWN,true,UNKNOWN,UNKNOWN,UNKNOWN,UNKNOWN,true,UNKNOWN,UNKNOWN,MISSING,false,UNKNOWN,UNKNOWN,IMAGE_BUILDING_COVERAGE_JOIN_MISSING;C1_REGISTERED_FULL_COVERAGE_UNKNOWN;C1_CLASS_2_6_DERIVATIVE_MISSING;C1_VERTICAL_DATUM_UNKNOWN;C2_REGISTERED_FULL_COVERAGE_UNKNOWN;C2_EXACT_937_BASE_MISMATCH;C2_CLASS_2_6_DERIVATIVE_MISSING;C3_SPARSE_CONVERSION_REPLAY_PARTIAL;C4_REGISTRATION_NOT_VERIFIED;C4_PRIOR_INTERFACE_NOT_FROZEN;C5_INDEPENDENT_LOD1_MISSING;GRAVITY_TERRAIN_MVS_ESTIMATE_MISSING;R_DERIVED_COMMON_REPLAY_MISSING;STAGE3_TOOLCHAIN_NOT_REPLAYABLE,false
DEBY_LOD2_4908027,DEBYvAAAAABTMJBw,LOD2_REFERENCE_690_5336,"690912.866,5336108.765,690919.863,5336114.276",true,937_INCLUDED_25_EXCLUDED_AGGREGATE_ONLY,UNKNOWN,true,UNKNOWN,UNKNOWN,true,UNKNOWN,UNKNOWN,UNKNOWN,UNKNOWN,true,UNKNOWN,UNKNOWN,MISSING,false,UNKNOWN,UNKNOWN,IMAGE_BUILDING_COVERAGE_JOIN_MISSING;C1_REGISTERED_FULL_COVERAGE_UNKNOWN;C1_CLASS_2_6_DERIVATIVE_MISSING;C1_VERTICAL_DATUM_UNKNOWN;C2_REGISTERED_FULL_COVERAGE_UNKNOWN;C2_EXACT_937_BASE_MISMATCH;C2_CLASS_2_6_DERIVATIVE_MISSING;C3_SPARSE_CONVERSION_REPLAY_PARTIAL;C4_REGISTRATION_NOT_VERIFIED;C4_PRIOR_INTERFACE_NOT_FROZEN;C5_INDEPENDENT_LOD1_MISSING;GRAVITY_TERRAIN_MVS_ESTIMATE_MISSING;R_DERIVED_COMMON_REPLAY_MISSING;STAGE3_TOOLCHAIN_NOT_REPLAYABLE,false
DEBY_LOD2_4908028,DEBYvAAAAABTMI4Q,LOD2_REFERENCE_690_5336,"690914.313,5336112.485,690921.329,5336117.976",true,937_INCLUDED_25_EXCLUDED_AGGREGATE_ONLY,UNKNOWN,true,UNKNOWN,UNKNOWN,true,UNKNOWN,UNKNOWN,UNKNOWN,UNKNOWN,true,UNKNOWN,UNKNOWN,MISSING,false,UNKNOWN,UNKNOWN,IMAGE_BUILDING_COVERAGE_JOIN_MISSING;C1_REGISTERED_FULL_COVERAGE_UNKNOWN;C1_CLASS_2_6_DERIVATIVE_MISSING;C1_VERTICAL_DATUM_UNKNOWN;C2_REGISTERED_FULL_COVERAGE_UNKNOWN;C2_EXACT_937_BASE_MISMATCH;C2_CLASS_2_6_DERIVATIVE_MISSING;C3_SPARSE_CONVERSION_REPLAY_PARTIAL;C4_REGISTRATION_NOT_VERIFIED;C4_PRIOR_INTERFACE_NOT_FROZEN;C5_INDEPENDENT_LOD1_MISSING;GRAVITY_TERRAIN_MVS_ESTIMATE_MISSING;R_DERIVED_COMMON_REPLAY_MISSING;STAGE3_TOOLCHAIN_NOT_REPLAYABLE,false
DEBY_LOD2_4908044,DEBYvAAAAABTMdnI,LOD2_REFERENCE_690_5336,"690864.498,5336320.695,690874.524,5336328.759",true,937_INCLUDED_25_EXCLUDED_AGGREGATE_ONLY,UNKNOWN,true,UNKNOWN,UNKNOWN,true,UNKNOWN,UNKNOWN,UNKNOWN,UNKNOWN,true,UNKNOWN,UNKNOWN,MISSING,false,UNKNOWN,UNKNOWN,IMAGE_BUILDING_COVERAGE_JOIN_MISSING;C1_REGISTERED_FULL_COVERAGE_UNKNOWN;C1_CLASS_2_6_DERIVATIVE_MISSING;C1_VERTICAL_DATUM_UNKNOWN;C2_REGISTERED_FULL_COVERAGE_UNKNOWN;C2_EXACT_937_BASE_MISMATCH;C2_CLASS_2_6_DERIVATIVE_MISSING;C3_SPARSE_CONVERSION_REPLAY_PARTIAL;C4_REGISTRATION_NOT_VERIFIED;C4_PRIOR_INTERFACE_NOT_FROZEN;C5_INDEPENDENT_LOD1_MISSING;GRAVITY_TERRAIN_MVS_ESTIMATE_MISSING;R_DERIVED_COMMON_REPLAY_MISSING;STAGE3_TOOLCHAIN_NOT_REPLAYABLE,false
DEBY_LOD2_4908045,DEBYvAAAAABTMdqY,LOD2_REFERENCE_690_5336,"690872.577,5336316.978,690884.212,5336325.685",true,937_INCLUDED_25_EXCLUDED_AGGREGATE_ONLY,UNKNOWN,true,UNKNOWN,UNKNOWN,true,UNKNOWN,UNKNOWN,UNKNOWN,UNKNOWN,true,UNKNOWN,UNKNOWN,MISSING,false,UNKNOWN,UNKNOWN,IMAGE_BUILDING_COVERAGE_JOIN_MISSING;C1_REGISTERED_FULL_COVERAGE_UNKNOWN;C1_CLASS_2_6_DERIVATIVE_MISSING;C1_VERTICAL_DATUM_UNKNOWN;C2_REGISTERED_FULL_COVERAGE_UNKNOWN;C2_EXACT_937_BASE_MISMATCH;C2_CLASS_2_6_DERIVATIVE_MISSING;C3_SPARSE_CONVERSION_REPLAY_PARTIAL;C4_REGISTRATION_NOT_VERIFIED;C4_PRIOR_INTERFACE_NOT_FROZEN;C5_INDEPENDENT_LOD1_MISSING;GRAVITY_TERRAIN_MVS_ESTIMATE_MISSING;R_DERIVED_COMMON_REPLAY_MISSING;STAGE3_TOOLCHAIN_NOT_REPLAYABLE,false
DEBY_LOD2_4908046,DEBYvAAAAABTMd3z,LOD2_REFERENCE_690_5336,"690904.478,5336288.343,690919.042,5336313.529",true,937_INCLUDED_25_EXCLUDED_AGGREGATE_ONLY,UNKNOWN,true,UNKNOWN,UNKNOWN,true,UNKNOWN,UNKNOWN,UNKNOWN,UNKNOWN,true,UNKNOWN,UNKNOWN,MISSING,false,UNKNOWN,UNKNOWN,IMAGE_BUILDING_COVERAGE_JOIN_MISSING;C1_REGISTERED_FULL_COVERAGE_UNKNOWN;C1_CLASS_2_6_DERIVATIVE_MISSING;C1_VERTICAL_DATUM_UNKNOWN;C2_REGISTERED_FULL_COVERAGE_UNKNOWN;C2_EXACT_937_BASE_MISMATCH;C2_CLASS_2_6_DERIVATIVE_MISSING;C3_SPARSE_CONVERSION_REPLAY_PARTIAL;C4_REGISTRATION_NOT_VERIFIED;C4_PRIOR_INTERFACE_NOT_FROZEN;C5_INDEPENDENT_LOD1_MISSING;GRAVITY_TERRAIN_MVS_ESTIMATE_MISSING;R_DERIVED_COMMON_REPLAY_MISSING;STAGE3_TOOLCHAIN_NOT_REPLAYABLE,false
DEBY_LOD2_4908048,DEBYvAAAAABTMdzR,LOD2_REFERENCE_690_5336,"690895.529,5336266.093,690904.937,5336279.910",true,937_INCLUDED_25_EXCLUDED_AGGREGATE_ONLY,UNKNOWN,true,UNKNOWN,UNKNOWN,true,UNKNOWN,UNKNOWN,UNKNOWN,UNKNOWN,true,UNKNOWN,UNKNOWN,MISSING,false,UNKNOWN,UNKNOWN,IMAGE_BUILDING_COVERAGE_JOIN_MISSING;C1_REGISTERED_FULL_COVERAGE_UNKNOWN;C1_CLASS_2_6_DERIVATIVE_MISSING;C1_VERTICAL_DATUM_UNKNOWN;C2_REGISTERED_FULL_COVERAGE_UNKNOWN;C2_EXACT_937_BASE_MISMATCH;C2_CLASS_2_6_DERIVATIVE_MISSING;C3_SPARSE_CONVERSION_REPLAY_PARTIAL;C4_REGISTRATION_NOT_VERIFIED;C4_PRIOR_INTERFACE_NOT_FROZEN;C5_INDEPENDENT_LOD1_MISSING;GRAVITY_TERRAIN_MVS_ESTIMATE_MISSING;R_DERIVED_COMMON_REPLAY_MISSING;STAGE3_TOOLCHAIN_NOT_REPLAYABLE,false
DEBY_LOD2_4908049,DEBYvAAAAABTMeCI,LOD2_REFERENCE_690_5336,"690901.219,5336280.116,690909.662,5336290.373",true,937_INCLUDED_25_EXCLUDED_AGGREGATE_ONLY,UNKNOWN,true,UNKNOWN,UNKNOWN,true,UNKNOWN,UNKNOWN,UNKNOWN,UNKNOWN,true,UNKNOWN,UNKNOWN,MISSING,false,UNKNOWN,UNKNOWN,IMAGE_BUILDING_COVERAGE_JOIN_MISSING;C1_REGISTERED_FULL_COVERAGE_UNKNOWN;C1_CLASS_2_6_DERIVATIVE_MISSING;C1_VERTICAL_DATUM_UNKNOWN;C2_REGISTERED_FULL_COVERAGE_UNKNOWN;C2_EXACT_937_BASE_MISMATCH;C2_CLASS_2_6_DERIVATIVE_MISSING;C3_SPARSE_CONVERSION_REPLAY_PARTIAL;C4_REGISTRATION_NOT_VERIFIED;C4_PRIOR_INTERFACE_NOT_FROZEN;C5_INDEPENDENT_LOD1_MISSING;GRAVITY_TERRAIN_MVS_ESTIMATE_MISSING;R_DERIVED_COMMON_REPLAY_MISSING;STAGE3_TOOLCHAIN_NOT_REPLAYABLE,false
DEBY_LOD2_4908050,DEBYvAAAAABTMeB1,LOD2_REFERENCE_690_5336,"690886.646,5336244.099,690900.674,5336268.144",true,937_INCLUDED_25_EXCLUDED_AGGREGATE_ONLY,UNKNOWN,true,UNKNOWN,UNKNOWN,true,UNKNOWN,UNKNOWN,UNKNOWN,UNKNOWN,true,UNKNOWN,UNKNOWN,MISSING,false,UNKNOWN,UNKNOWN,IMAGE_BUILDING_COVERAGE_JOIN_MISSING;C1_REGISTERED_FULL_COVERAGE_UNKNOWN;C1_CLASS_2_6_DERIVATIVE_MISSING;C1_VERTICAL_DATUM_UNKNOWN;C2_REGISTERED_FULL_COVERAGE_UNKNOWN;C2_EXACT_937_BASE_MISMATCH;C2_CLASS_2_6_DERIVATIVE_MISSING;C3_SPARSE_CONVERSION_REPLAY_PARTIAL;C4_REGISTRATION_NOT_VERIFIED;C4_PRIOR_INTERFACE_NOT_FROZEN;C5_INDEPENDENT_LOD1_MISSING;GRAVITY_TERRAIN_MVS_ESTIMATE_MISSING;R_DERIVED_COMMON_REPLAY_MISSING;STAGE3_TOOLCHAIN_NOT_REPLAYABLE,false
DEBY_LOD2_4908051,DEBYvAAAAABTMeNc,LOD2_REFERENCE_690_5336,"690844.222,5336262.888,690858.208,5336287.058",true,937_INCLUDED_25_EXCLUDED_AGGREGATE_ONLY,UNKNOWN,true,UNKNOWN,UNKNOWN,true,UNKNOWN,UNKNOWN,UNKNOWN,UNKNOWN,true,UNKNOWN,UNKNOWN,MISSING,false,UNKNOWN,UNKNOWN,IMAGE_BUILDING_COVERAGE_JOIN_MISSING;C1_REGISTERED_FULL_COVERAGE_UNKNOWN;C1_CLASS_2_6_DERIVATIVE_MISSING;C1_VERTICAL_DATUM_UNKNOWN;C2_REGISTERED_FULL_COVERAGE_UNKNOWN;C2_EXACT_937_BASE_MISMATCH;C2_CLASS_2_6_DERIVATIVE_MISSING;C3_SPARSE_CONVERSION_REPLAY_PARTIAL;C4_REGISTRATION_NOT_VERIFIED;C4_PRIOR_INTERFACE_NOT_FROZEN;C5_INDEPENDENT_LOD1_MISSING;GRAVITY_TERRAIN_MVS_ESTIMATE_MISSING;R_DERIVED_COMMON_REPLAY_MISSING;STAGE3_TOOLCHAIN_NOT_REPLAYABLE,false
DEBY_LOD2_4908052,DEBYvAAAAABTMeNz,LOD2_REFERENCE_690_5336,"690827.218,5336254.088,690841.700,5336280.344",true,937_INCLUDED_25_EXCLUDED_AGGREGATE_ONLY,UNKNOWN,true,UNKNOWN,UNKNOWN,true,UNKNOWN,UNKNOWN,UNKNOWN,UNKNOWN,true,UNKNOWN,UNKNOWN,MISSING,false,UNKNOWN,UNKNOWN,IMAGE_BUILDING_COVERAGE_JOIN_MISSING;C1_REGISTERED_FULL_COVERAGE_UNKNOWN;C1_CLASS_2_6_DERIVATIVE_MISSING;C1_VERTICAL_DATUM_UNKNOWN;C2_REGISTERED_FULL_COVERAGE_UNKNOWN;C2_EXACT_937_BASE_MISMATCH;C2_CLASS_2_6_DERIVATIVE_MISSING;C3_SPARSE_CONVERSION_REPLAY_PARTIAL;C4_REGISTRATION_NOT_VERIFIED;C4_PRIOR_INTERFACE_NOT_FROZEN;C5_INDEPENDENT_LOD1_MISSING;GRAVITY_TERRAIN_MVS_ESTIMATE_MISSING;R_DERIVED_COMMON_REPLAY_MISSING;STAGE3_TOOLCHAIN_NOT_REPLAYABLE,false
DEBY_LOD2_4908053,DEBYvAAAAABTMeNB,LOD2_REFERENCE_690_5336,"690836.540,5336278.364,690844.053,5336286.482",true,937_INCLUDED_25_EXCLUDED_AGGREGATE_ONLY,UNKNOWN,true,UNKNOWN,UNKNOWN,true,UNKNOWN,UNKNOWN,UNKNOWN,UNKNOWN,true,UNKNOWN,UNKNOWN,MISSING,false,UNKNOWN,UNKNOWN,IMAGE_BUILDING_COVERAGE_JOIN_MISSING;C1_REGISTERED_FULL_COVERAGE_UNKNOWN;C1_CLASS_2_6_DERIVATIVE_MISSING;C1_VERTICAL_DATUM_UNKNOWN;C2_REGISTERED_FULL_COVERAGE_UNKNOWN;C2_EXACT_937_BASE_MISMATCH;C2_CLASS_2_6_DERIVATIVE_MISSING;C3_SPARSE_CONVERSION_REPLAY_PARTIAL;C4_REGISTRATION_NOT_VERIFIED;C4_PRIOR_INTERFACE_NOT_FROZEN;C5_INDEPENDENT_LOD1_MISSING;GRAVITY_TERRAIN_MVS_ESTIMATE_MISSING;R_DERIVED_COMMON_REPLAY_MISSING;STAGE3_TOOLCHAIN_NOT_REPLAYABLE,false
DEBY_LOD2_4908054,DEBYvAAAAABTMeLy,LOD2_REFERENCE_690_5336,"690838.903,5336284.501,690846.242,5336292.162",true,937_INCLUDED_25_EXCLUDED_AGGREGATE_ONLY,UNKNOWN,true,UNKNOWN,UNKNOWN,true,UNKNOWN,UNKNOWN,UNKNOWN,UNKNOWN,true,UNKNOWN,UNKNOWN,MISSING,false,UNKNOWN,UNKNOWN,IMAGE_BUILDING_COVERAGE_JOIN_MISSING;C1_REGISTERED_FULL_COVERAGE_UNKNOWN;C1_CLASS_2_6_DERIVATIVE_MISSING;C1_VERTICAL_DATUM_UNKNOWN;C2_REGISTERED_FULL_COVERAGE_UNKNOWN;C2_EXACT_937_BASE_MISMATCH;C2_CLASS_2_6_DERIVATIVE_MISSING;C3_SPARSE_CONVERSION_REPLAY_PARTIAL;C4_REGISTRATION_NOT_VERIFIED;C4_PRIOR_INTERFACE_NOT_FROZEN;C5_INDEPENDENT_LOD1_MISSING;GRAVITY_TERRAIN_MVS_ESTIMATE_MISSING;R_DERIVED_COMMON_REPLAY_MISSING;STAGE3_TOOLCHAIN_NOT_REPLAYABLE,false
DEBY_LOD2_4908059,DEBYvAAAAABTMeQk,LOD2_REFERENCE_690_5336,"690778.010,5336329.410,690792.410,5336340.360",true,937_INCLUDED_25_EXCLUDED_AGGREGATE_ONLY,UNKNOWN,false,UNKNOWN,UNKNOWN,true,UNKNOWN,UNKNOWN,UNKNOWN,UNKNOWN,true,UNKNOWN,UNKNOWN,MISSING,false,UNKNOWN,UNKNOWN,IMAGE_BUILDING_COVERAGE_JOIN_MISSING;C1_REGISTERED_FULL_COVERAGE_UNKNOWN;C1_CLASS_2_6_DERIVATIVE_MISSING;C1_VERTICAL_DATUM_UNKNOWN;C2_REGISTERED_FULL_COVERAGE_UNKNOWN;C2_EXACT_937_BASE_MISMATCH;C2_CLASS_2_6_DERIVATIVE_MISSING;C3_SPARSE_CONVERSION_REPLAY_PARTIAL;C4_REGISTRATION_NOT_VERIFIED;C4_PRIOR_INTERFACE_NOT_FROZEN;C5_INDEPENDENT_LOD1_MISSING;GRAVITY_TERRAIN_MVS_ESTIMATE_MISSING;R_DERIVED_COMMON_REPLAY_MISSING;STAGE3_TOOLCHAIN_NOT_REPLAYABLE,false
DEBY_LOD2_4908157,DEBYvAAAAABTMZSF,LOD2_REFERENCE_690_5336,"690810.697,5336135.545,690828.420,5336150.745",true,937_INCLUDED_25_EXCLUDED_AGGREGATE_ONLY,UNKNOWN,true,UNKNOWN,UNKNOWN,true,UNKNOWN,UNKNOWN,UNKNOWN,UNKNOWN,true,UNKNOWN,UNKNOWN,MISSING,false,UNKNOWN,UNKNOWN,IMAGE_BUILDING_COVERAGE_JOIN_MISSING;C1_REGISTERED_FULL_COVERAGE_UNKNOWN;C1_CLASS_2_6_DERIVATIVE_MISSING;C1_VERTICAL_DATUM_UNKNOWN;C2_REGISTERED_FULL_COVERAGE_UNKNOWN;C2_EXACT_937_BASE_MISMATCH;C2_CLASS_2_6_DERIVATIVE_MISSING;C3_SPARSE_CONVERSION_REPLAY_PARTIAL;C4_REGISTRATION_NOT_VERIFIED;C4_PRIOR_INTERFACE_NOT_FROZEN;C5_INDEPENDENT_LOD1_MISSING;GRAVITY_TERRAIN_MVS_ESTIMATE_MISSING;R_DERIVED_COMMON_REPLAY_MISSING;STAGE3_TOOLCHAIN_NOT_REPLAYABLE,false
DEBY_LOD2_4908158,DEBYvAAAAABTMZTU,LOD2_REFERENCE_690_5336,"690804.482,5336154.126,690832.884,5336170.379",true,937_INCLUDED_25_EXCLUDED_AGGREGATE_ONLY,UNKNOWN,true,UNKNOWN,UNKNOWN,true,UNKNOWN,UNKNOWN,UNKNOWN,UNKNOWN,true,UNKNOWN,UNKNOWN,MISSING,false,UNKNOWN,UNKNOWN,IMAGE_BUILDING_COVERAGE_JOIN_MISSING;C1_REGISTERED_FULL_COVERAGE_UNKNOWN;C1_CLASS_2_6_DERIVATIVE_MISSING;C1_VERTICAL_DATUM_UNKNOWN;C2_REGISTERED_FULL_COVERAGE_UNKNOWN;C2_EXACT_937_BASE_MISMATCH;C2_CLASS_2_6_DERIVATIVE_MISSING;C3_SPARSE_CONVERSION_REPLAY_PARTIAL;C4_REGISTRATION_NOT_VERIFIED;C4_PRIOR_INTERFACE_NOT_FROZEN;C5_INDEPENDENT_LOD1_MISSING;GRAVITY_TERRAIN_MVS_ESTIMATE_MISSING;R_DERIVED_COMMON_REPLAY_MISSING;STAGE3_TOOLCHAIN_NOT_REPLAYABLE,false
DEBY_LOD2_4908159,DEBYvAAAAABTMZUk,LOD2_REFERENCE_690_5336,"690822.895,5336147.992,690830.672,5336156.124",true,937_INCLUDED_25_EXCLUDED_AGGREGATE_ONLY,UNKNOWN,true,UNKNOWN,UNKNOWN,true,UNKNOWN,UNKNOWN,UNKNOWN,UNKNOWN,true,UNKNOWN,UNKNOWN,MISSING,false,UNKNOWN,UNKNOWN,IMAGE_BUILDING_COVERAGE_JOIN_MISSING;C1_REGISTERED_FULL_COVERAGE_UNKNOWN;C1_CLASS_2_6_DERIVATIVE_MISSING;C1_VERTICAL_DATUM_UNKNOWN;C2_REGISTERED_FULL_COVERAGE_UNKNOWN;C2_EXACT_937_BASE_MISMATCH;C2_CLASS_2_6_DERIVATIVE_MISSING;C3_SPARSE_CONVERSION_REPLAY_PARTIAL;C4_REGISTRATION_NOT_VERIFIED;C4_PRIOR_INTERFACE_NOT_FROZEN;C5_INDEPENDENT_LOD1_MISSING;GRAVITY_TERRAIN_MVS_ESTIMATE_MISSING;R_DERIVED_COMMON_REPLAY_MISSING;STAGE3_TOOLCHAIN_NOT_REPLAYABLE,false
DEBY_LOD2_4908160,DEBYvAAAAABTMY7o,LOD2_REFERENCE_690_5336,"690813.077,5336204.630,690816.532,5336209.218",true,937_INCLUDED_25_EXCLUDED_AGGREGATE_ONLY,UNKNOWN,true,UNKNOWN,UNKNOWN,true,UNKNOWN,UNKNOWN,UNKNOWN,UNKNOWN,true,UNKNOWN,UNKNOWN,MISSING,false,UNKNOWN,UNKNOWN,IMAGE_BUILDING_COVERAGE_JOIN_MISSING;C1_REGISTERED_FULL_COVERAGE_UNKNOWN;C1_CLASS_2_6_DERIVATIVE_MISSING;C1_VERTICAL_DATUM_UNKNOWN;C2_REGISTERED_FULL_COVERAGE_UNKNOWN;C2_EXACT_937_BASE_MISMATCH;C2_CLASS_2_6_DERIVATIVE_MISSING;C3_SPARSE_CONVERSION_REPLAY_PARTIAL;C4_REGISTRATION_NOT_VERIFIED;C4_PRIOR_INTERFACE_NOT_FROZEN;C5_INDEPENDENT_LOD1_MISSING;GRAVITY_TERRAIN_MVS_ESTIMATE_MISSING;R_DERIVED_COMMON_REPLAY_MISSING;STAGE3_TOOLCHAIN_NOT_REPLAYABLE,false
DEBY_LOD2_4908161,DEBYvAAAAABTMY8S,LOD2_REFERENCE_690_5336,"690802.171,5336165.470,690833.095,5336206.510",true,937_INCLUDED_25_EXCLUDED_AGGREGATE_ONLY,UNKNOWN,true,UNKNOWN,UNKNOWN,true,UNKNOWN,UNKNOWN,UNKNOWN,UNKNOWN,true,UNKNOWN,UNKNOWN,MISSING,false,UNKNOWN,UNKNOWN,IMAGE_BUILDING_COVERAGE_JOIN_MISSING;C1_REGISTERED_FULL_COVERAGE_UNKNOWN;C1_CLASS_2_6_DERIVATIVE_MISSING;C1_VERTICAL_DATUM_UNKNOWN;C2_REGISTERED_FULL_COVERAGE_UNKNOWN;C2_EXACT_937_BASE_MISMATCH;C2_CLASS_2_6_DERIVATIVE_MISSING;C3_SPARSE_CONVERSION_REPLAY_PARTIAL;C4_REGISTRATION_NOT_VERIFIED;C4_PRIOR_INTERFACE_NOT_FROZEN;C5_INDEPENDENT_LOD1_MISSING;GRAVITY_TERRAIN_MVS_ESTIMATE_MISSING;R_DERIVED_COMMON_REPLAY_MISSING;STAGE3_TOOLCHAIN_NOT_REPLAYABLE,false
DEBY_LOD2_4908162,DEBYvAAAAABTMZCe,LOD2_REFERENCE_690_5336,"690828.447,5336182.700,690843.070,5336197.194",true,937_INCLUDED_25_EXCLUDED_AGGREGATE_ONLY,UNKNOWN,true,UNKNOWN,UNKNOWN,true,UNKNOWN,UNKNOWN,UNKNOWN,UNKNOWN,true,UNKNOWN,UNKNOWN,MISSING,false,UNKNOWN,UNKNOWN,IMAGE_BUILDING_COVERAGE_JOIN_MISSING;C1_REGISTERED_FULL_COVERAGE_UNKNOWN;C1_CLASS_2_6_DERIVATIVE_MISSING;C1_VERTICAL_DATUM_UNKNOWN;C2_REGISTERED_FULL_COVERAGE_UNKNOWN;C2_EXACT_937_BASE_MISMATCH;C2_CLASS_2_6_DERIVATIVE_MISSING;C3_SPARSE_CONVERSION_REPLAY_PARTIAL;C4_REGISTRATION_NOT_VERIFIED;C4_PRIOR_INTERFACE_NOT_FROZEN;C5_INDEPENDENT_LOD1_MISSING;GRAVITY_TERRAIN_MVS_ESTIMATE_MISSING;R_DERIVED_COMMON_REPLAY_MISSING;STAGE3_TOOLCHAIN_NOT_REPLAYABLE,false
DEBY_LOD2_4908163,DEBYvAAAAABTMZAr,LOD2_REFERENCE_690_5336,"690832.149,5336195.064,690841.130,5336206.178",true,937_INCLUDED_25_EXCLUDED_AGGREGATE_ONLY,UNKNOWN,true,UNKNOWN,UNKNOWN,true,UNKNOWN,UNKNOWN,UNKNOWN,UNKNOWN,true,UNKNOWN,UNKNOWN,MISSING,false,UNKNOWN,UNKNOWN,IMAGE_BUILDING_COVERAGE_JOIN_MISSING;C1_REGISTERED_FULL_COVERAGE_UNKNOWN;C1_CLASS_2_6_DERIVATIVE_MISSING;C1_VERTICAL_DATUM_UNKNOWN;C2_REGISTERED_FULL_COVERAGE_UNKNOWN;C2_EXACT_937_BASE_MISMATCH;C2_CLASS_2_6_DERIVATIVE_MISSING;C3_SPARSE_CONVERSION_REPLAY_PARTIAL;C4_REGISTRATION_NOT_VERIFIED;C4_PRIOR_INTERFACE_NOT_FROZEN;C5_INDEPENDENT_LOD1_MISSING;GRAVITY_TERRAIN_MVS_ESTIMATE_MISSING;R_DERIVED_COMMON_REPLAY_MISSING;STAGE3_TOOLCHAIN_NOT_REPLAYABLE,false
DEBY_LOD2_4908164,DEBYvAAAAABTMY93,LOD2_REFERENCE_690_5336,"690835.915,5336188.177,690844.606,5336195.064",true,937_INCLUDED_25_EXCLUDED_AGGREGATE_ONLY,UNKNOWN,true,UNKNOWN,UNKNOWN,true,UNKNOWN,UNKNOWN,UNKNOWN,UNKNOWN,true,UNKNOWN,UNKNOWN,MISSING,false,UNKNOWN,UNKNOWN,IMAGE_BUILDING_COVERAGE_JOIN_MISSING;C1_REGISTERED_FULL_COVERAGE_UNKNOWN;C1_CLASS_2_6_DERIVATIVE_MISSING;C1_VERTICAL_DATUM_UNKNOWN;C2_REGISTERED_FULL_COVERAGE_UNKNOWN;C2_EXACT_937_BASE_MISMATCH;C2_CLASS_2_6_DERIVATIVE_MISSING;C3_SPARSE_CONVERSION_REPLAY_PARTIAL;C4_REGISTRATION_NOT_VERIFIED;C4_PRIOR_INTERFACE_NOT_FROZEN;C5_INDEPENDENT_LOD1_MISSING;GRAVITY_TERRAIN_MVS_ESTIMATE_MISSING;R_DERIVED_COMMON_REPLAY_MISSING;STAGE3_TOOLCHAIN_NOT_REPLAYABLE,false
DEBY_LOD2_4908165,DEBYvAAAAABTMZEg,LOD2_REFERENCE_690_5336,"690854.695,5336196.992,690859.591,5336200.440",true,937_INCLUDED_25_EXCLUDED_AGGREGATE_ONLY,UNKNOWN,true,UNKNOWN,UNKNOWN,true,UNKNOWN,UNKNOWN,UNKNOWN,UNKNOWN,true,UNKNOWN,UNKNOWN,MISSING,false,UNKNOWN,UNKNOWN,IMAGE_BUILDING_COVERAGE_JOIN_MISSING;C1_REGISTERED_FULL_COVERAGE_UNKNOWN;C1_CLASS_2_6_DERIVATIVE_MISSING;C1_VERTICAL_DATUM_UNKNOWN;C2_REGISTERED_FULL_COVERAGE_UNKNOWN;C2_EXACT_937_BASE_MISMATCH;C2_CLASS_2_6_DERIVATIVE_MISSING;C3_SPARSE_CONVERSION_REPLAY_PARTIAL;C4_REGISTRATION_NOT_VERIFIED;C4_PRIOR_INTERFACE_NOT_FROZEN;C5_INDEPENDENT_LOD1_MISSING;GRAVITY_TERRAIN_MVS_ESTIMATE_MISSING;R_DERIVED_COMMON_REPLAY_MISSING;STAGE3_TOOLCHAIN_NOT_REPLAYABLE,false
DEBY_LOD2_4908166,DEBYvAAAAABTMZDn,LOD2_REFERENCE_690_5336,"690861.513,5336183.828,690868.595,5336190.859",true,937_INCLUDED_25_EXCLUDED_AGGREGATE_ONLY,UNKNOWN,true,UNKNOWN,UNKNOWN,true,UNKNOWN,UNKNOWN,UNKNOWN,UNKNOWN,true,UNKNOWN,UNKNOWN,MISSING,false,UNKNOWN,UNKNOWN,IMAGE_BUILDING_COVERAGE_JOIN_MISSING;C1_REGISTERED_FULL_COVERAGE_UNKNOWN;C1_CLASS_2_6_DERIVATIVE_MISSING;C1_VERTICAL_DATUM_UNKNOWN;C2_REGISTERED_FULL_COVERAGE_UNKNOWN;C2_EXACT_937_BASE_MISMATCH;C2_CLASS_2_6_DERIVATIVE_MISSING;C3_SPARSE_CONVERSION_REPLAY_PARTIAL;C4_REGISTRATION_NOT_VERIFIED;C4_PRIOR_INTERFACE_NOT_FROZEN;C5_INDEPENDENT_LOD1_MISSING;GRAVITY_TERRAIN_MVS_ESTIMATE_MISSING;R_DERIVED_COMMON_REPLAY_MISSING;STAGE3_TOOLCHAIN_NOT_REPLAYABLE,false
DEBY_LOD2_4908167,DEBYvAAAAABTMZGg,LOD2_REFERENCE_690_5336,"690866.492,5336181.846,690873.897,5336189.434",true,937_INCLUDED_25_EXCLUDED_AGGREGATE_ONLY,UNKNOWN,true,UNKNOWN,UNKNOWN,true,UNKNOWN,UNKNOWN,UNKNOWN,UNKNOWN,true,UNKNOWN,UNKNOWN,MISSING,false,UNKNOWN,UNKNOWN,IMAGE_BUILDING_COVERAGE_JOIN_MISSING;C1_REGISTERED_FULL_COVERAGE_UNKNOWN;C1_CLASS_2_6_DERIVATIVE_MISSING;C1_VERTICAL_DATUM_UNKNOWN;C2_REGISTERED_FULL_COVERAGE_UNKNOWN;C2_EXACT_937_BASE_MISMATCH;C2_CLASS_2_6_DERIVATIVE_MISSING;C3_SPARSE_CONVERSION_REPLAY_PARTIAL;C4_REGISTRATION_NOT_VERIFIED;C4_PRIOR_INTERFACE_NOT_FROZEN;C5_INDEPENDENT_LOD1_MISSING;GRAVITY_TERRAIN_MVS_ESTIMATE_MISSING;R_DERIVED_COMMON_REPLAY_MISSING;STAGE3_TOOLCHAIN_NOT_REPLAYABLE,false
DEBY_LOD2_4908168,DEBYvAAAAABTMZlF,LOD2_REFERENCE_690_5336,"690836.720,5336108.870,690843.770,5336116.120",true,937_INCLUDED_25_EXCLUDED_AGGREGATE_ONLY,UNKNOWN,true,UNKNOWN,UNKNOWN,true,UNKNOWN,UNKNOWN,UNKNOWN,UNKNOWN,true,UNKNOWN,UNKNOWN,MISSING,false,UNKNOWN,UNKNOWN,IMAGE_BUILDING_COVERAGE_JOIN_MISSING;C1_REGISTERED_FULL_COVERAGE_UNKNOWN;C1_CLASS_2_6_DERIVATIVE_MISSING;C1_VERTICAL_DATUM_UNKNOWN;C2_REGISTERED_FULL_COVERAGE_UNKNOWN;C2_EXACT_937_BASE_MISMATCH;C2_CLASS_2_6_DERIVATIVE_MISSING;C3_SPARSE_CONVERSION_REPLAY_PARTIAL;C4_REGISTRATION_NOT_VERIFIED;C4_PRIOR_INTERFACE_NOT_FROZEN;C5_INDEPENDENT_LOD1_MISSING;GRAVITY_TERRAIN_MVS_ESTIMATE_MISSING;R_DERIVED_COMMON_REPLAY_MISSING;STAGE3_TOOLCHAIN_NOT_REPLAYABLE,false
DEBY_LOD2_4908169,DEBYvAAAAABTMZug,LOD2_REFERENCE_690_5336,"690834.556,5336104.800,690839.773,5336110.634",true,937_INCLUDED_25_EXCLUDED_AGGREGATE_ONLY,UNKNOWN,true,UNKNOWN,UNKNOWN,true,UNKNOWN,UNKNOWN,UNKNOWN,UNKNOWN,true,UNKNOWN,UNKNOWN,MISSING,false,UNKNOWN,UNKNOWN,IMAGE_BUILDING_COVERAGE_JOIN_MISSING;C1_REGISTERED_FULL_COVERAGE_UNKNOWN;C1_CLASS_2_6_DERIVATIVE_MISSING;C1_VERTICAL_DATUM_UNKNOWN;C2_REGISTERED_FULL_COVERAGE_UNKNOWN;C2_EXACT_937_BASE_MISMATCH;C2_CLASS_2_6_DERIVATIVE_MISSING;C3_SPARSE_CONVERSION_REPLAY_PARTIAL;C4_REGISTRATION_NOT_VERIFIED;C4_PRIOR_INTERFACE_NOT_FROZEN;C5_INDEPENDENT_LOD1_MISSING;GRAVITY_TERRAIN_MVS_ESTIMATE_MISSING;R_DERIVED_COMMON_REPLAY_MISSING;STAGE3_TOOLCHAIN_NOT_REPLAYABLE,false
DEBY_LOD2_4908170,DEBYvAAAAABTMZYx,LOD2_REFERENCE_690_5336,"690792.124,5336123.262,690806.646,5336133.141",true,937_INCLUDED_25_EXCLUDED_AGGREGATE_ONLY,UNKNOWN,true,UNKNOWN,UNKNOWN,true,UNKNOWN,UNKNOWN,UNKNOWN,UNKNOWN,true,UNKNOWN,UNKNOWN,MISSING,false,UNKNOWN,UNKNOWN,IMAGE_BUILDING_COVERAGE_JOIN_MISSING;C1_REGISTERED_FULL_COVERAGE_UNKNOWN;C1_CLASS_2_6_DERIVATIVE_MISSING;C1_VERTICAL_DATUM_UNKNOWN;C2_REGISTERED_FULL_COVERAGE_UNKNOWN;C2_EXACT_937_BASE_MISMATCH;C2_CLASS_2_6_DERIVATIVE_MISSING;C3_SPARSE_CONVERSION_REPLAY_PARTIAL;C4_REGISTRATION_NOT_VERIFIED;C4_PRIOR_INTERFACE_NOT_FROZEN;C5_INDEPENDENT_LOD1_MISSING;GRAVITY_TERRAIN_MVS_ESTIMATE_MISSING;R_DERIVED_COMMON_REPLAY_MISSING;STAGE3_TOOLCHAIN_NOT_REPLAYABLE,false
DEBY_LOD2_4908172,DEBYvAAAAABTMZZD,LOD2_REFERENCE_690_5336,"690786.482,5336120.418,690794.105,5336134.225",true,937_INCLUDED_25_EXCLUDED_AGGREGATE_ONLY,UNKNOWN,true,UNKNOWN,UNKNOWN,true,UNKNOWN,UNKNOWN,UNKNOWN,UNKNOWN,true,UNKNOWN,UNKNOWN,MISSING,false,UNKNOWN,UNKNOWN,IMAGE_BUILDING_COVERAGE_JOIN_MISSING;C1_REGISTERED_FULL_COVERAGE_UNKNOWN;C1_CLASS_2_6_DERIVATIVE_MISSING;C1_VERTICAL_DATUM_UNKNOWN;C2_REGISTERED_FULL_COVERAGE_UNKNOWN;C2_EXACT_937_BASE_MISMATCH;C2_CLASS_2_6_DERIVATIVE_MISSING;C3_SPARSE_CONVERSION_REPLAY_PARTIAL;C4_REGISTRATION_NOT_VERIFIED;C4_PRIOR_INTERFACE_NOT_FROZEN;C5_INDEPENDENT_LOD1_MISSING;GRAVITY_TERRAIN_MVS_ESTIMATE_MISSING;R_DERIVED_COMMON_REPLAY_MISSING;STAGE3_TOOLCHAIN_NOT_REPLAYABLE,false
DEBY_LOD2_4908176,DEBYvAAAAABTMZ9X,LOD2_REFERENCE_690_5336,"690806.100,5336056.420,690814.180,5336063.860",true,937_INCLUDED_25_EXCLUDED_AGGREGATE_ONLY,UNKNOWN,true,UNKNOWN,UNKNOWN,true,UNKNOWN,UNKNOWN,UNKNOWN,UNKNOWN,true,UNKNOWN,UNKNOWN,MISSING,false,UNKNOWN,UNKNOWN,IMAGE_BUILDING_COVERAGE_JOIN_MISSING;C1_REGISTERED_FULL_COVERAGE_UNKNOWN;C1_CLASS_2_6_DERIVATIVE_MISSING;C1_VERTICAL_DATUM_UNKNOWN;C2_REGISTERED_FULL_COVERAGE_UNKNOWN;C2_EXACT_937_BASE_MISMATCH;C2_CLASS_2_6_DERIVATIVE_MISSING;C3_SPARSE_CONVERSION_REPLAY_PARTIAL;C4_REGISTRATION_NOT_VERIFIED;C4_PRIOR_INTERFACE_NOT_FROZEN;C5_INDEPENDENT_LOD1_MISSING;GRAVITY_TERRAIN_MVS_ESTIMATE_MISSING;R_DERIVED_COMMON_REPLAY_MISSING;STAGE3_TOOLCHAIN_NOT_REPLAYABLE,false
DEBY_LOD2_4908178,DEBYvAAAAABTMZ75,LOD2_REFERENCE_690_5336,"690794.760,5336032.930,690807.650,5336048.060",true,937_INCLUDED_25_EXCLUDED_AGGREGATE_ONLY,UNKNOWN,true,UNKNOWN,UNKNOWN,true,UNKNOWN,UNKNOWN,UNKNOWN,UNKNOWN,true,UNKNOWN,UNKNOWN,MISSING,false,UNKNOWN,UNKNOWN,IMAGE_BUILDING_COVERAGE_JOIN_MISSING;C1_REGISTERED_FULL_COVERAGE_UNKNOWN;C1_CLASS_2_6_DERIVATIVE_MISSING;C1_VERTICAL_DATUM_UNKNOWN;C2_REGISTERED_FULL_COVERAGE_UNKNOWN;C2_EXACT_937_BASE_MISMATCH;C2_CLASS_2_6_DERIVATIVE_MISSING;C3_SPARSE_CONVERSION_REPLAY_PARTIAL;C4_REGISTRATION_NOT_VERIFIED;C4_PRIOR_INTERFACE_NOT_FROZEN;C5_INDEPENDENT_LOD1_MISSING;GRAVITY_TERRAIN_MVS_ESTIMATE_MISSING;R_DERIVED_COMMON_REPLAY_MISSING;STAGE3_TOOLCHAIN_NOT_REPLAYABLE,false
DEBY_LOD2_4908179,DEBYvAAAAABTMZ1f,LOD2_REFERENCE_690_5336,"690774.840,5336044.130,690795.840,5336057.150",true,937_INCLUDED_25_EXCLUDED_AGGREGATE_ONLY,UNKNOWN,false,UNKNOWN,UNKNOWN,true,UNKNOWN,UNKNOWN,UNKNOWN,UNKNOWN,true,UNKNOWN,UNKNOWN,MISSING,false,UNKNOWN,UNKNOWN,IMAGE_BUILDING_COVERAGE_JOIN_MISSING;C1_REGISTERED_FULL_COVERAGE_UNKNOWN;C1_CLASS_2_6_DERIVATIVE_MISSING;C1_VERTICAL_DATUM_UNKNOWN;C2_REGISTERED_FULL_COVERAGE_UNKNOWN;C2_EXACT_937_BASE_MISMATCH;C2_CLASS_2_6_DERIVATIVE_MISSING;C3_SPARSE_CONVERSION_REPLAY_PARTIAL;C4_REGISTRATION_NOT_VERIFIED;C4_PRIOR_INTERFACE_NOT_FROZEN;C5_INDEPENDENT_LOD1_MISSING;GRAVITY_TERRAIN_MVS_ESTIMATE_MISSING;R_DERIVED_COMMON_REPLAY_MISSING;STAGE3_TOOLCHAIN_NOT_REPLAYABLE,false
DEBY_LOD2_4908351,DEBYvAAAAABRUphg,LOD2_REFERENCE_690_5334,"690806.282,5335919.796,690819.980,5335928.351",true,937_INCLUDED_25_EXCLUDED_AGGREGATE_ONLY,UNKNOWN,true,UNKNOWN,UNKNOWN,true,UNKNOWN,UNKNOWN,UNKNOWN,UNKNOWN,true,UNKNOWN,UNKNOWN,MISSING,false,UNKNOWN,UNKNOWN,IMAGE_BUILDING_COVERAGE_JOIN_MISSING;C1_REGISTERED_FULL_COVERAGE_UNKNOWN;C1_CLASS_2_6_DERIVATIVE_MISSING;C1_VERTICAL_DATUM_UNKNOWN;C2_REGISTERED_FULL_COVERAGE_UNKNOWN;C2_EXACT_937_BASE_MISMATCH;C2_CLASS_2_6_DERIVATIVE_MISSING;C3_SPARSE_CONVERSION_REPLAY_PARTIAL;C4_REGISTRATION_NOT_VERIFIED;C4_PRIOR_INTERFACE_NOT_FROZEN;C5_INDEPENDENT_LOD1_MISSING;GRAVITY_TERRAIN_MVS_ESTIMATE_MISSING;R_DERIVED_COMMON_REPLAY_MISSING;STAGE3_TOOLCHAIN_NOT_REPLAYABLE,false
DEBY_LOD2_4908352,DEBYvAAAAABRUphM,LOD2_REFERENCE_690_5334,"690818.484,5335917.197,690827.097,5335923.528",true,937_INCLUDED_25_EXCLUDED_AGGREGATE_ONLY,UNKNOWN,true,UNKNOWN,UNKNOWN,true,UNKNOWN,UNKNOWN,UNKNOWN,UNKNOWN,true,UNKNOWN,UNKNOWN,MISSING,false,UNKNOWN,UNKNOWN,IMAGE_BUILDING_COVERAGE_JOIN_MISSING;C1_REGISTERED_FULL_COVERAGE_UNKNOWN;C1_CLASS_2_6_DERIVATIVE_MISSING;C1_VERTICAL_DATUM_UNKNOWN;C2_REGISTERED_FULL_COVERAGE_UNKNOWN;C2_EXACT_937_BASE_MISMATCH;C2_CLASS_2_6_DERIVATIVE_MISSING;C3_SPARSE_CONVERSION_REPLAY_PARTIAL;C4_REGISTRATION_NOT_VERIFIED;C4_PRIOR_INTERFACE_NOT_FROZEN;C5_INDEPENDENT_LOD1_MISSING;GRAVITY_TERRAIN_MVS_ESTIMATE_MISSING;R_DERIVED_COMMON_REPLAY_MISSING;STAGE3_TOOLCHAIN_NOT_REPLAYABLE,false
DEBY_LOD2_4908353,DEBYvAAAAABTMLE3,LOD2_REFERENCE_690_5334,"690835.060,5335910.130,690849.360,5335928.810",true,937_INCLUDED_25_EXCLUDED_AGGREGATE_ONLY,UNKNOWN,true,UNKNOWN,UNKNOWN,true,UNKNOWN,UNKNOWN,UNKNOWN,UNKNOWN,true,UNKNOWN,UNKNOWN,MISSING,false,UNKNOWN,UNKNOWN,IMAGE_BUILDING_COVERAGE_JOIN_MISSING;C1_REGISTERED_FULL_COVERAGE_UNKNOWN;C1_CLASS_2_6_DERIVATIVE_MISSING;C1_VERTICAL_DATUM_UNKNOWN;C2_REGISTERED_FULL_COVERAGE_UNKNOWN;C2_EXACT_937_BASE_MISMATCH;C2_CLASS_2_6_DERIVATIVE_MISSING;C3_SPARSE_CONVERSION_REPLAY_PARTIAL;C4_REGISTRATION_NOT_VERIFIED;C4_PRIOR_INTERFACE_NOT_FROZEN;C5_INDEPENDENT_LOD1_MISSING;GRAVITY_TERRAIN_MVS_ESTIMATE_MISSING;R_DERIVED_COMMON_REPLAY_MISSING;STAGE3_TOOLCHAIN_NOT_REPLAYABLE,false
DEBY_LOD2_4908354,DEBYvAAAAABTMLG7,LOD2_REFERENCE_690_5334,"690843.210,5335908.550,690849.770,5335916.290",true,937_INCLUDED_25_EXCLUDED_AGGREGATE_ONLY,UNKNOWN,true,UNKNOWN,UNKNOWN,true,UNKNOWN,UNKNOWN,UNKNOWN,UNKNOWN,true,UNKNOWN,UNKNOWN,MISSING,false,UNKNOWN,UNKNOWN,IMAGE_BUILDING_COVERAGE_JOIN_MISSING;C1_REGISTERED_FULL_COVERAGE_UNKNOWN;C1_CLASS_2_6_DERIVATIVE_MISSING;C1_VERTICAL_DATUM_UNKNOWN;C2_REGISTERED_FULL_COVERAGE_UNKNOWN;C2_EXACT_937_BASE_MISMATCH;C2_CLASS_2_6_DERIVATIVE_MISSING;C3_SPARSE_CONVERSION_REPLAY_PARTIAL;C4_REGISTRATION_NOT_VERIFIED;C4_PRIOR_INTERFACE_NOT_FROZEN;C5_INDEPENDENT_LOD1_MISSING;GRAVITY_TERRAIN_MVS_ESTIMATE_MISSING;R_DERIVED_COMMON_REPLAY_MISSING;STAGE3_TOOLCHAIN_NOT_REPLAYABLE,false
DEBY_LOD2_4959314,DEBYvAAAAABTMrJ8,LOD2_REFERENCE_690_5336,"691140.040,5336148.660,691188.310,5336197.720",true,937_INCLUDED_25_EXCLUDED_AGGREGATE_ONLY,UNKNOWN,true,UNKNOWN,UNKNOWN,true,UNKNOWN,UNKNOWN,UNKNOWN,UNKNOWN,true,UNKNOWN,UNKNOWN,MISSING,false,UNKNOWN,UNKNOWN,IMAGE_BUILDING_COVERAGE_JOIN_MISSING;C1_REGISTERED_FULL_COVERAGE_UNKNOWN;C1_CLASS_2_6_DERIVATIVE_MISSING;C1_VERTICAL_DATUM_UNKNOWN;C2_REGISTERED_FULL_COVERAGE_UNKNOWN;C2_EXACT_937_BASE_MISMATCH;C2_CLASS_2_6_DERIVATIVE_MISSING;C3_SPARSE_CONVERSION_REPLAY_PARTIAL;C4_REGISTRATION_NOT_VERIFIED;C4_PRIOR_INTERFACE_NOT_FROZEN;C5_INDEPENDENT_LOD1_MISSING;GRAVITY_TERRAIN_MVS_ESTIMATE_MISSING;R_DERIVED_COMMON_REPLAY_MISSING;STAGE3_TOOLCHAIN_NOT_REPLAYABLE,false
DEBY_LOD2_4959320,DEBYvAAAAABTMJ22,LOD2_REFERENCE_690_5334,"691071.570,5335924.800,691230.160,5336026.090",true,937_INCLUDED_25_EXCLUDED_AGGREGATE_ONLY,UNKNOWN,true,UNKNOWN,UNKNOWN,false,UNKNOWN,UNKNOWN,UNKNOWN,UNKNOWN,true,UNKNOWN,UNKNOWN,MISSING,false,UNKNOWN,UNKNOWN,IMAGE_BUILDING_COVERAGE_JOIN_MISSING;C1_REGISTERED_FULL_COVERAGE_UNKNOWN;C1_CLASS_2_6_DERIVATIVE_MISSING;C1_VERTICAL_DATUM_UNKNOWN;C2_REGISTERED_FULL_COVERAGE_UNKNOWN;C2_EXACT_937_BASE_MISMATCH;C2_CLASS_2_6_DERIVATIVE_MISSING;C3_SPARSE_CONVERSION_REPLAY_PARTIAL;C4_REGISTRATION_NOT_VERIFIED;C4_PRIOR_INTERFACE_NOT_FROZEN;C5_INDEPENDENT_LOD1_MISSING;GRAVITY_TERRAIN_MVS_ESTIMATE_MISSING;R_DERIVED_COMMON_REPLAY_MISSING;STAGE3_TOOLCHAIN_NOT_REPLAYABLE,false
DEBY_LOD2_4959322,DEBYvAAAAABTMJzM,LOD2_REFERENCE_690_5336,"691040.130,5336116.990,691070.480,5336140.510",true,937_INCLUDED_25_EXCLUDED_AGGREGATE_ONLY,UNKNOWN,true,UNKNOWN,UNKNOWN,true,UNKNOWN,UNKNOWN,UNKNOWN,UNKNOWN,true,UNKNOWN,UNKNOWN,MISSING,false,UNKNOWN,UNKNOWN,IMAGE_BUILDING_COVERAGE_JOIN_MISSING;C1_REGISTERED_FULL_COVERAGE_UNKNOWN;C1_CLASS_2_6_DERIVATIVE_MISSING;C1_VERTICAL_DATUM_UNKNOWN;C2_REGISTERED_FULL_COVERAGE_UNKNOWN;C2_EXACT_937_BASE_MISMATCH;C2_CLASS_2_6_DERIVATIVE_MISSING;C3_SPARSE_CONVERSION_REPLAY_PARTIAL;C4_REGISTRATION_NOT_VERIFIED;C4_PRIOR_INTERFACE_NOT_FROZEN;C5_INDEPENDENT_LOD1_MISSING;GRAVITY_TERRAIN_MVS_ESTIMATE_MISSING;R_DERIVED_COMMON_REPLAY_MISSING;STAGE3_TOOLCHAIN_NOT_REPLAYABLE,false
DEBY_LOD2_4959323,DEBYvAAAAABTMJ0C,LOD2_REFERENCE_690_5336,"691042.680,5336062.490,691088.730,5336131.180",true,937_INCLUDED_25_EXCLUDED_AGGREGATE_ONLY,UNKNOWN,true,UNKNOWN,UNKNOWN,true,UNKNOWN,UNKNOWN,UNKNOWN,UNKNOWN,true,UNKNOWN,UNKNOWN,MISSING,false,UNKNOWN,UNKNOWN,IMAGE_BUILDING_COVERAGE_JOIN_MISSING;C1_REGISTERED_FULL_COVERAGE_UNKNOWN;C1_CLASS_2_6_DERIVATIVE_MISSING;C1_VERTICAL_DATUM_UNKNOWN;C2_REGISTERED_FULL_COVERAGE_UNKNOWN;C2_EXACT_937_BASE_MISMATCH;C2_CLASS_2_6_DERIVATIVE_MISSING;C3_SPARSE_CONVERSION_REPLAY_PARTIAL;C4_REGISTRATION_NOT_VERIFIED;C4_PRIOR_INTERFACE_NOT_FROZEN;C5_INDEPENDENT_LOD1_MISSING;GRAVITY_TERRAIN_MVS_ESTIMATE_MISSING;R_DERIVED_COMMON_REPLAY_MISSING;STAGE3_TOOLCHAIN_NOT_REPLAYABLE,false
DEBY_LOD2_4959324,DEBYvAAAAABTMJ0n,LOD2_REFERENCE_690_5336,"691036.120,5336070.110,691048.080,5336077.870",true,937_INCLUDED_25_EXCLUDED_AGGREGATE_ONLY,UNKNOWN,true,UNKNOWN,UNKNOWN,true,UNKNOWN,UNKNOWN,UNKNOWN,UNKNOWN,true,UNKNOWN,UNKNOWN,MISSING,false,UNKNOWN,UNKNOWN,IMAGE_BUILDING_COVERAGE_JOIN_MISSING;C1_REGISTERED_FULL_COVERAGE_UNKNOWN;C1_CLASS_2_6_DERIVATIVE_MISSING;C1_VERTICAL_DATUM_UNKNOWN;C2_REGISTERED_FULL_COVERAGE_UNKNOWN;C2_EXACT_937_BASE_MISMATCH;C2_CLASS_2_6_DERIVATIVE_MISSING;C3_SPARSE_CONVERSION_REPLAY_PARTIAL;C4_REGISTRATION_NOT_VERIFIED;C4_PRIOR_INTERFACE_NOT_FROZEN;C5_INDEPENDENT_LOD1_MISSING;GRAVITY_TERRAIN_MVS_ESTIMATE_MISSING;R_DERIVED_COMMON_REPLAY_MISSING;STAGE3_TOOLCHAIN_NOT_REPLAYABLE,false
DEBY_LOD2_4959325,DEBYvAAAAABTMJ4R,LOD2_REFERENCE_690_5336,"691060.290,5336228.550,691097.420,5336265.730",true,937_INCLUDED_25_EXCLUDED_AGGREGATE_ONLY,UNKNOWN,true,UNKNOWN,UNKNOWN,true,UNKNOWN,UNKNOWN,UNKNOWN,UNKNOWN,true,UNKNOWN,UNKNOWN,MISSING,false,UNKNOWN,UNKNOWN,IMAGE_BUILDING_COVERAGE_JOIN_MISSING;C1_REGISTERED_FULL_COVERAGE_UNKNOWN;C1_CLASS_2_6_DERIVATIVE_MISSING;C1_VERTICAL_DATUM_UNKNOWN;C2_REGISTERED_FULL_COVERAGE_UNKNOWN;C2_EXACT_937_BASE_MISMATCH;C2_CLASS_2_6_DERIVATIVE_MISSING;C3_SPARSE_CONVERSION_REPLAY_PARTIAL;C4_REGISTRATION_NOT_VERIFIED;C4_PRIOR_INTERFACE_NOT_FROZEN;C5_INDEPENDENT_LOD1_MISSING;GRAVITY_TERRAIN_MVS_ESTIMATE_MISSING;R_DERIVED_COMMON_REPLAY_MISSING;STAGE3_TOOLCHAIN_NOT_REPLAYABLE,false
DEBY_LOD2_4959326,DEBYvAAAAABTMJ4B,LOD2_REFERENCE_690_5336,"691067.690,5336145.250,691118.080,5336220.920",true,937_INCLUDED_25_EXCLUDED_AGGREGATE_ONLY,UNKNOWN,true,UNKNOWN,UNKNOWN,true,UNKNOWN,UNKNOWN,UNKNOWN,UNKNOWN,true,UNKNOWN,UNKNOWN,MISSING,false,UNKNOWN,UNKNOWN,IMAGE_BUILDING_COVERAGE_JOIN_MISSING;C1_REGISTERED_FULL_COVERAGE_UNKNOWN;C1_CLASS_2_6_DERIVATIVE_MISSING;C1_VERTICAL_DATUM_UNKNOWN;C2_REGISTERED_FULL_COVERAGE_UNKNOWN;C2_EXACT_937_BASE_MISMATCH;C2_CLASS_2_6_DERIVATIVE_MISSING;C3_SPARSE_CONVERSION_REPLAY_PARTIAL;C4_REGISTRATION_NOT_VERIFIED;C4_PRIOR_INTERFACE_NOT_FROZEN;C5_INDEPENDENT_LOD1_MISSING;GRAVITY_TERRAIN_MVS_ESTIMATE_MISSING;R_DERIVED_COMMON_REPLAY_MISSING;STAGE3_TOOLCHAIN_NOT_REPLAYABLE,false
DEBY_LOD2_4959327,DEBYvAAAAABTMJv8,LOD2_REFERENCE_690_5336,"691055.130,5336286.780,691086.740,5336318.210",true,937_INCLUDED_25_EXCLUDED_AGGREGATE_ONLY,UNKNOWN,true,UNKNOWN,UNKNOWN,true,UNKNOWN,UNKNOWN,UNKNOWN,UNKNOWN,true,UNKNOWN,UNKNOWN,MISSING,false,UNKNOWN,UNKNOWN,IMAGE_BUILDING_COVERAGE_JOIN_MISSING;C1_REGISTERED_FULL_COVERAGE_UNKNOWN;C1_CLASS_2_6_DERIVATIVE_MISSING;C1_VERTICAL_DATUM_UNKNOWN;C2_REGISTERED_FULL_COVERAGE_UNKNOWN;C2_EXACT_937_BASE_MISMATCH;C2_CLASS_2_6_DERIVATIVE_MISSING;C3_SPARSE_CONVERSION_REPLAY_PARTIAL;C4_REGISTRATION_NOT_VERIFIED;C4_PRIOR_INTERFACE_NOT_FROZEN;C5_INDEPENDENT_LOD1_MISSING;GRAVITY_TERRAIN_MVS_ESTIMATE_MISSING;R_DERIVED_COMMON_REPLAY_MISSING;STAGE3_TOOLCHAIN_NOT_REPLAYABLE,false
DEBY_LOD2_4959336,DEBYvAAAAABTMJXv,LOD2_REFERENCE_690_5336,"691106.620,5336309.350,691147.850,5336336.170",true,937_INCLUDED_25_EXCLUDED_AGGREGATE_ONLY,UNKNOWN,true,UNKNOWN,UNKNOWN,true,UNKNOWN,UNKNOWN,UNKNOWN,UNKNOWN,true,UNKNOWN,UNKNOWN,MISSING,false,UNKNOWN,UNKNOWN,IMAGE_BUILDING_COVERAGE_JOIN_MISSING;C1_REGISTERED_FULL_COVERAGE_UNKNOWN;C1_CLASS_2_6_DERIVATIVE_MISSING;C1_VERTICAL_DATUM_UNKNOWN;C2_REGISTERED_FULL_COVERAGE_UNKNOWN;C2_EXACT_937_BASE_MISMATCH;C2_CLASS_2_6_DERIVATIVE_MISSING;C3_SPARSE_CONVERSION_REPLAY_PARTIAL;C4_REGISTRATION_NOT_VERIFIED;C4_PRIOR_INTERFACE_NOT_FROZEN;C5_INDEPENDENT_LOD1_MISSING;GRAVITY_TERRAIN_MVS_ESTIMATE_MISSING;R_DERIVED_COMMON_REPLAY_MISSING;STAGE3_TOOLCHAIN_NOT_REPLAYABLE,false
DEBY_LOD2_4959340,DEBYvAAAAABTMI3q,LOD2_REFERENCE_690_5336,"691134.233,5336267.125,691157.169,5336302.108",true,937_INCLUDED_25_EXCLUDED_AGGREGATE_ONLY,UNKNOWN,true,UNKNOWN,UNKNOWN,true,UNKNOWN,UNKNOWN,UNKNOWN,UNKNOWN,true,UNKNOWN,UNKNOWN,MISSING,false,UNKNOWN,UNKNOWN,IMAGE_BUILDING_COVERAGE_JOIN_MISSING;C1_REGISTERED_FULL_COVERAGE_UNKNOWN;C1_CLASS_2_6_DERIVATIVE_MISSING;C1_VERTICAL_DATUM_UNKNOWN;C2_REGISTERED_FULL_COVERAGE_UNKNOWN;C2_EXACT_937_BASE_MISMATCH;C2_CLASS_2_6_DERIVATIVE_MISSING;C3_SPARSE_CONVERSION_REPLAY_PARTIAL;C4_REGISTRATION_NOT_VERIFIED;C4_PRIOR_INTERFACE_NOT_FROZEN;C5_INDEPENDENT_LOD1_MISSING;GRAVITY_TERRAIN_MVS_ESTIMATE_MISSING;R_DERIVED_COMMON_REPLAY_MISSING;STAGE3_TOOLCHAIN_NOT_REPLAYABLE,false
DEBY_LOD2_4959457,DEBYvAAAAABTMIyA,LOD2_REFERENCE_690_5336,"691009.160,5335994.570,691054.070,5336047.410",true,937_INCLUDED_25_EXCLUDED_AGGREGATE_ONLY,UNKNOWN,true,UNKNOWN,UNKNOWN,true,UNKNOWN,UNKNOWN,UNKNOWN,UNKNOWN,true,UNKNOWN,UNKNOWN,MISSING,false,UNKNOWN,UNKNOWN,IMAGE_BUILDING_COVERAGE_JOIN_MISSING;C1_REGISTERED_FULL_COVERAGE_UNKNOWN;C1_CLASS_2_6_DERIVATIVE_MISSING;C1_VERTICAL_DATUM_UNKNOWN;C2_REGISTERED_FULL_COVERAGE_UNKNOWN;C2_EXACT_937_BASE_MISMATCH;C2_CLASS_2_6_DERIVATIVE_MISSING;C3_SPARSE_CONVERSION_REPLAY_PARTIAL;C4_REGISTRATION_NOT_VERIFIED;C4_PRIOR_INTERFACE_NOT_FROZEN;C5_INDEPENDENT_LOD1_MISSING;GRAVITY_TERRAIN_MVS_ESTIMATE_MISSING;R_DERIVED_COMMON_REPLAY_MISSING;STAGE3_TOOLCHAIN_NOT_REPLAYABLE,false
DEBY_LOD2_4959458,DEBYvAAAAABTMJ0e,LOD2_REFERENCE_690_5336,"691000.960,5336127.140,691045.400,5336155.890",true,937_INCLUDED_25_EXCLUDED_AGGREGATE_ONLY,UNKNOWN,true,UNKNOWN,UNKNOWN,true,UNKNOWN,UNKNOWN,UNKNOWN,UNKNOWN,true,UNKNOWN,UNKNOWN,MISSING,false,UNKNOWN,UNKNOWN,IMAGE_BUILDING_COVERAGE_JOIN_MISSING;C1_REGISTERED_FULL_COVERAGE_UNKNOWN;C1_CLASS_2_6_DERIVATIVE_MISSING;C1_VERTICAL_DATUM_UNKNOWN;C2_REGISTERED_FULL_COVERAGE_UNKNOWN;C2_EXACT_937_BASE_MISMATCH;C2_CLASS_2_6_DERIVATIVE_MISSING;C3_SPARSE_CONVERSION_REPLAY_PARTIAL;C4_REGISTRATION_NOT_VERIFIED;C4_PRIOR_INTERFACE_NOT_FROZEN;C5_INDEPENDENT_LOD1_MISSING;GRAVITY_TERRAIN_MVS_ESTIMATE_MISSING;R_DERIVED_COMMON_REPLAY_MISSING;STAGE3_TOOLCHAIN_NOT_REPLAYABLE,false
DEBY_LOD2_4959459,DEBYvAAAAABTMJ0L,LOD2_REFERENCE_690_5336,"691017.450,5336096.020,691040.130,5336131.240",true,937_INCLUDED_25_EXCLUDED_AGGREGATE_ONLY,UNKNOWN,true,UNKNOWN,UNKNOWN,true,UNKNOWN,UNKNOWN,UNKNOWN,UNKNOWN,true,UNKNOWN,UNKNOWN,MISSING,false,UNKNOWN,UNKNOWN,IMAGE_BUILDING_COVERAGE_JOIN_MISSING;C1_REGISTERED_FULL_COVERAGE_UNKNOWN;C1_CLASS_2_6_DERIVATIVE_MISSING;C1_VERTICAL_DATUM_UNKNOWN;C2_REGISTERED_FULL_COVERAGE_UNKNOWN;C2_EXACT_937_BASE_MISMATCH;C2_CLASS_2_6_DERIVATIVE_MISSING;C3_SPARSE_CONVERSION_REPLAY_PARTIAL;C4_REGISTRATION_NOT_VERIFIED;C4_PRIOR_INTERFACE_NOT_FROZEN;C5_INDEPENDENT_LOD1_MISSING;GRAVITY_TERRAIN_MVS_ESTIMATE_MISSING;R_DERIVED_COMMON_REPLAY_MISSING;STAGE3_TOOLCHAIN_NOT_REPLAYABLE,false
DEBY_LOD2_4959460,DEBYvAAAAABTMJ7w,LOD2_REFERENCE_690_5336,"690963.520,5336140.510,691075.030,5336248.470",true,937_INCLUDED_25_EXCLUDED_AGGREGATE_ONLY,UNKNOWN,true,UNKNOWN,UNKNOWN,true,UNKNOWN,UNKNOWN,UNKNOWN,UNKNOWN,true,UNKNOWN,UNKNOWN,MISSING,false,UNKNOWN,UNKNOWN,IMAGE_BUILDING_COVERAGE_JOIN_MISSING;C1_REGISTERED_FULL_COVERAGE_UNKNOWN;C1_CLASS_2_6_DERIVATIVE_MISSING;C1_VERTICAL_DATUM_UNKNOWN;C2_REGISTERED_FULL_COVERAGE_UNKNOWN;C2_EXACT_937_BASE_MISMATCH;C2_CLASS_2_6_DERIVATIVE_MISSING;C3_SPARSE_CONVERSION_REPLAY_PARTIAL;C4_REGISTRATION_NOT_VERIFIED;C4_PRIOR_INTERFACE_NOT_FROZEN;C5_INDEPENDENT_LOD1_MISSING;GRAVITY_TERRAIN_MVS_ESTIMATE_MISSING;R_DERIVED_COMMON_REPLAY_MISSING;STAGE3_TOOLCHAIN_NOT_REPLAYABLE,false
DEBY_LOD2_4959461,DEBYvAAAAABTMJ7X,LOD2_REFERENCE_690_5336,"691016.050,5336244.330,691055.870,5336282.570",true,937_INCLUDED_25_EXCLUDED_AGGREGATE_ONLY,UNKNOWN,true,UNKNOWN,UNKNOWN,true,UNKNOWN,UNKNOWN,UNKNOWN,UNKNOWN,true,UNKNOWN,UNKNOWN,MISSING,false,UNKNOWN,UNKNOWN,IMAGE_BUILDING_COVERAGE_JOIN_MISSING;C1_REGISTERED_FULL_COVERAGE_UNKNOWN;C1_CLASS_2_6_DERIVATIVE_MISSING;C1_VERTICAL_DATUM_UNKNOWN;C2_REGISTERED_FULL_COVERAGE_UNKNOWN;C2_EXACT_937_BASE_MISMATCH;C2_CLASS_2_6_DERIVATIVE_MISSING;C3_SPARSE_CONVERSION_REPLAY_PARTIAL;C4_REGISTRATION_NOT_VERIFIED;C4_PRIOR_INTERFACE_NOT_FROZEN;C5_INDEPENDENT_LOD1_MISSING;GRAVITY_TERRAIN_MVS_ESTIMATE_MISSING;R_DERIVED_COMMON_REPLAY_MISSING;STAGE3_TOOLCHAIN_NOT_REPLAYABLE,false
DEBY_LOD2_4959463,DEBYvAAAAABTMJwu,LOD2_REFERENCE_690_5336,"691027.763,5336316.353,691037.039,5336328.794",true,937_INCLUDED_25_EXCLUDED_AGGREGATE_ONLY,UNKNOWN,true,UNKNOWN,UNKNOWN,true,UNKNOWN,UNKNOWN,UNKNOWN,UNKNOWN,true,UNKNOWN,UNKNOWN,MISSING,false,UNKNOWN,UNKNOWN,IMAGE_BUILDING_COVERAGE_JOIN_MISSING;C1_REGISTERED_FULL_COVERAGE_UNKNOWN;C1_CLASS_2_6_DERIVATIVE_MISSING;C1_VERTICAL_DATUM_UNKNOWN;C2_REGISTERED_FULL_COVERAGE_UNKNOWN;C2_EXACT_937_BASE_MISMATCH;C2_CLASS_2_6_DERIVATIVE_MISSING;C3_SPARSE_CONVERSION_REPLAY_PARTIAL;C4_REGISTRATION_NOT_VERIFIED;C4_PRIOR_INTERFACE_NOT_FROZEN;C5_INDEPENDENT_LOD1_MISSING;GRAVITY_TERRAIN_MVS_ESTIMATE_MISSING;R_DERIVED_COMMON_REPLAY_MISSING;STAGE3_TOOLCHAIN_NOT_REPLAYABLE,false
DEBY_LOD2_4959464,DEBYvAAAAABTMJiV,LOD2_REFERENCE_690_5336,"691024.289,5336301.362,691047.660,5336318.104",true,937_INCLUDED_25_EXCLUDED_AGGREGATE_ONLY,UNKNOWN,true,UNKNOWN,UNKNOWN,true,UNKNOWN,UNKNOWN,UNKNOWN,UNKNOWN,true,UNKNOWN,UNKNOWN,MISSING,false,UNKNOWN,UNKNOWN,IMAGE_BUILDING_COVERAGE_JOIN_MISSING;C1_REGISTERED_FULL_COVERAGE_UNKNOWN;C1_CLASS_2_6_DERIVATIVE_MISSING;C1_VERTICAL_DATUM_UNKNOWN;C2_REGISTERED_FULL_COVERAGE_UNKNOWN;C2_EXACT_937_BASE_MISMATCH;C2_CLASS_2_6_DERIVATIVE_MISSING;C3_SPARSE_CONVERSION_REPLAY_PARTIAL;C4_REGISTRATION_NOT_VERIFIED;C4_PRIOR_INTERFACE_NOT_FROZEN;C5_INDEPENDENT_LOD1_MISSING;GRAVITY_TERRAIN_MVS_ESTIMATE_MISSING;R_DERIVED_COMMON_REPLAY_MISSING;STAGE3_TOOLCHAIN_NOT_REPLAYABLE,false
DEBY_LOD2_4959465,DEBYvAAAAABTMJkq,LOD2_REFERENCE_690_5336,"691015.940,5336348.570,691041.530,5336368.680",true,937_INCLUDED_25_EXCLUDED_AGGREGATE_ONLY,UNKNOWN,true,UNKNOWN,UNKNOWN,true,UNKNOWN,UNKNOWN,UNKNOWN,UNKNOWN,true,UNKNOWN,UNKNOWN,MISSING,false,UNKNOWN,UNKNOWN,IMAGE_BUILDING_COVERAGE_JOIN_MISSING;C1_REGISTERED_FULL_COVERAGE_UNKNOWN;C1_CLASS_2_6_DERIVATIVE_MISSING;C1_VERTICAL_DATUM_UNKNOWN;C2_REGISTERED_FULL_COVERAGE_UNKNOWN;C2_EXACT_937_BASE_MISMATCH;C2_CLASS_2_6_DERIVATIVE_MISSING;C3_SPARSE_CONVERSION_REPLAY_PARTIAL;C4_REGISTRATION_NOT_VERIFIED;C4_PRIOR_INTERFACE_NOT_FROZEN;C5_INDEPENDENT_LOD1_MISSING;GRAVITY_TERRAIN_MVS_ESTIMATE_MISSING;R_DERIVED_COMMON_REPLAY_MISSING;STAGE3_TOOLCHAIN_NOT_REPLAYABLE,false
DEBY_LOD2_4959753,DEBYvAAAAABTMJjC,LOD2_REFERENCE_690_5336,"691047.181,5336314.743,691056.915,5336323.262",true,937_INCLUDED_25_EXCLUDED_AGGREGATE_ONLY,UNKNOWN,true,UNKNOWN,UNKNOWN,true,UNKNOWN,UNKNOWN,UNKNOWN,UNKNOWN,true,UNKNOWN,UNKNOWN,MISSING,false,UNKNOWN,UNKNOWN,IMAGE_BUILDING_COVERAGE_JOIN_MISSING;C1_REGISTERED_FULL_COVERAGE_UNKNOWN;C1_CLASS_2_6_DERIVATIVE_MISSING;C1_VERTICAL_DATUM_UNKNOWN;C2_REGISTERED_FULL_COVERAGE_UNKNOWN;C2_EXACT_937_BASE_MISMATCH;C2_CLASS_2_6_DERIVATIVE_MISSING;C3_SPARSE_CONVERSION_REPLAY_PARTIAL;C4_REGISTRATION_NOT_VERIFIED;C4_PRIOR_INTERFACE_NOT_FROZEN;C5_INDEPENDENT_LOD1_MISSING;GRAVITY_TERRAIN_MVS_ESTIMATE_MISSING;R_DERIVED_COMMON_REPLAY_MISSING;STAGE3_TOOLCHAIN_NOT_REPLAYABLE,false
DEBY_LOD2_4959758,DEBYvAAAAABTMI2J,LOD2_REFERENCE_690_5336,"691131.359,5336344.532,691151.963,5336358.602",true,937_INCLUDED_25_EXCLUDED_AGGREGATE_ONLY,UNKNOWN,true,UNKNOWN,UNKNOWN,true,UNKNOWN,UNKNOWN,UNKNOWN,UNKNOWN,true,UNKNOWN,UNKNOWN,MISSING,false,UNKNOWN,UNKNOWN,IMAGE_BUILDING_COVERAGE_JOIN_MISSING;C1_REGISTERED_FULL_COVERAGE_UNKNOWN;C1_CLASS_2_6_DERIVATIVE_MISSING;C1_VERTICAL_DATUM_UNKNOWN;C2_REGISTERED_FULL_COVERAGE_UNKNOWN;C2_EXACT_937_BASE_MISMATCH;C2_CLASS_2_6_DERIVATIVE_MISSING;C3_SPARSE_CONVERSION_REPLAY_PARTIAL;C4_REGISTRATION_NOT_VERIFIED;C4_PRIOR_INTERFACE_NOT_FROZEN;C5_INDEPENDENT_LOD1_MISSING;GRAVITY_TERRAIN_MVS_ESTIMATE_MISSING;R_DERIVED_COMMON_REPLAY_MISSING;STAGE3_TOOLCHAIN_NOT_REPLAYABLE,false
DEBY_LOD2_4959759,DEBYvAAAAABTMI99,LOD2_REFERENCE_690_5336,"691150.102,5336340.460,691163.196,5336349.033",true,937_INCLUDED_25_EXCLUDED_AGGREGATE_ONLY,UNKNOWN,true,UNKNOWN,UNKNOWN,true,UNKNOWN,UNKNOWN,UNKNOWN,UNKNOWN,true,UNKNOWN,UNKNOWN,MISSING,false,UNKNOWN,UNKNOWN,IMAGE_BUILDING_COVERAGE_JOIN_MISSING;C1_REGISTERED_FULL_COVERAGE_UNKNOWN;C1_CLASS_2_6_DERIVATIVE_MISSING;C1_VERTICAL_DATUM_UNKNOWN;C2_REGISTERED_FULL_COVERAGE_UNKNOWN;C2_EXACT_937_BASE_MISMATCH;C2_CLASS_2_6_DERIVATIVE_MISSING;C3_SPARSE_CONVERSION_REPLAY_PARTIAL;C4_REGISTRATION_NOT_VERIFIED;C4_PRIOR_INTERFACE_NOT_FROZEN;C5_INDEPENDENT_LOD1_MISSING;GRAVITY_TERRAIN_MVS_ESTIMATE_MISSING;R_DERIVED_COMMON_REPLAY_MISSING;STAGE3_TOOLCHAIN_NOT_REPLAYABLE,false
DEBY_LOD2_4959793,DEBYvAAAAABTMJ0k,LOD2_REFERENCE_690_5336,"691038.570,5336097.420,691055.410,5336117.320",true,937_INCLUDED_25_EXCLUDED_AGGREGATE_ONLY,UNKNOWN,true,UNKNOWN,UNKNOWN,true,UNKNOWN,UNKNOWN,UNKNOWN,UNKNOWN,true,UNKNOWN,UNKNOWN,MISSING,false,UNKNOWN,UNKNOWN,IMAGE_BUILDING_COVERAGE_JOIN_MISSING;C1_REGISTERED_FULL_COVERAGE_UNKNOWN;C1_CLASS_2_6_DERIVATIVE_MISSING;C1_VERTICAL_DATUM_UNKNOWN;C2_REGISTERED_FULL_COVERAGE_UNKNOWN;C2_EXACT_937_BASE_MISMATCH;C2_CLASS_2_6_DERIVATIVE_MISSING;C3_SPARSE_CONVERSION_REPLAY_PARTIAL;C4_REGISTRATION_NOT_VERIFIED;C4_PRIOR_INTERFACE_NOT_FROZEN;C5_INDEPENDENT_LOD1_MISSING;GRAVITY_TERRAIN_MVS_ESTIMATE_MISSING;R_DERIVED_COMMON_REPLAY_MISSING;STAGE3_TOOLCHAIN_NOT_REPLAYABLE,false
DEBY_LOD2_60042,DEBYvAAAAABTMJMK,LOD2_REFERENCE_690_5336,"690876.700,5336096.010,691006.100,5336191.760",true,937_INCLUDED_25_EXCLUDED_AGGREGATE_ONLY,UNKNOWN,true,UNKNOWN,UNKNOWN,true,UNKNOWN,UNKNOWN,UNKNOWN,UNKNOWN,true,UNKNOWN,UNKNOWN,MISSING,false,UNKNOWN,UNKNOWN,IMAGE_BUILDING_COVERAGE_JOIN_MISSING;C1_REGISTERED_FULL_COVERAGE_UNKNOWN;C1_CLASS_2_6_DERIVATIVE_MISSING;C1_VERTICAL_DATUM_UNKNOWN;C2_REGISTERED_FULL_COVERAGE_UNKNOWN;C2_EXACT_937_BASE_MISMATCH;C2_CLASS_2_6_DERIVATIVE_MISSING;C3_SPARSE_CONVERSION_REPLAY_PARTIAL;C4_REGISTRATION_NOT_VERIFIED;C4_PRIOR_INTERFACE_NOT_FROZEN;C5_INDEPENDENT_LOD1_MISSING;GRAVITY_TERRAIN_MVS_ESTIMATE_MISSING;R_DERIVED_COMMON_REPLAY_MISSING;STAGE3_TOOLCHAIN_NOT_REPLAYABLE,false
DEBY_LOD2_60097,DEBYvAAAAABTMZF3,LOD2_REFERENCE_690_5336,"690861.331,5336193.799,690878.077,5336209.836",true,937_INCLUDED_25_EXCLUDED_AGGREGATE_ONLY,UNKNOWN,true,UNKNOWN,UNKNOWN,true,UNKNOWN,UNKNOWN,UNKNOWN,UNKNOWN,true,UNKNOWN,UNKNOWN,MISSING,false,UNKNOWN,UNKNOWN,IMAGE_BUILDING_COVERAGE_JOIN_MISSING;C1_REGISTERED_FULL_COVERAGE_UNKNOWN;C1_CLASS_2_6_DERIVATIVE_MISSING;C1_VERTICAL_DATUM_UNKNOWN;C2_REGISTERED_FULL_COVERAGE_UNKNOWN;C2_EXACT_937_BASE_MISMATCH;C2_CLASS_2_6_DERIVATIVE_MISSING;C3_SPARSE_CONVERSION_REPLAY_PARTIAL;C4_REGISTRATION_NOT_VERIFIED;C4_PRIOR_INTERFACE_NOT_FROZEN;C5_INDEPENDENT_LOD1_MISSING;GRAVITY_TERRAIN_MVS_ESTIMATE_MISSING;R_DERIVED_COMMON_REPLAY_MISSING;STAGE3_TOOLCHAIN_NOT_REPLAYABLE,false
DEBY_LOD2_60098,DEBYvAAAAABTMZqs,LOD2_REFERENCE_690_5336,"690809.546,5336093.763,690828.159,5336111.098",true,937_INCLUDED_25_EXCLUDED_AGGREGATE_ONLY,UNKNOWN,true,UNKNOWN,UNKNOWN,true,UNKNOWN,UNKNOWN,UNKNOWN,UNKNOWN,true,UNKNOWN,UNKNOWN,MISSING,false,UNKNOWN,UNKNOWN,IMAGE_BUILDING_COVERAGE_JOIN_MISSING;C1_REGISTERED_FULL_COVERAGE_UNKNOWN;C1_CLASS_2_6_DERIVATIVE_MISSING;C1_VERTICAL_DATUM_UNKNOWN;C2_REGISTERED_FULL_COVERAGE_UNKNOWN;C2_EXACT_937_BASE_MISMATCH;C2_CLASS_2_6_DERIVATIVE_MISSING;C3_SPARSE_CONVERSION_REPLAY_PARTIAL;C4_REGISTRATION_NOT_VERIFIED;C4_PRIOR_INTERFACE_NOT_FROZEN;C5_INDEPENDENT_LOD1_MISSING;GRAVITY_TERRAIN_MVS_ESTIMATE_MISSING;R_DERIVED_COMMON_REPLAY_MISSING;STAGE3_TOOLCHAIN_NOT_REPLAYABLE,false
DEBY_LOD2_60109,DEBYvAAAAABTMpFU,LOD2_REFERENCE_690_5334,"690729.070,5335934.090,690796.680,5335984.000",true,937_INCLUDED_25_EXCLUDED_AGGREGATE_ONLY,UNKNOWN,false,UNKNOWN,UNKNOWN,false,UNKNOWN,UNKNOWN,UNKNOWN,UNKNOWN,true,UNKNOWN,UNKNOWN,MISSING,false,UNKNOWN,UNKNOWN,IMAGE_BUILDING_COVERAGE_JOIN_MISSING;C1_REGISTERED_FULL_COVERAGE_UNKNOWN;C1_CLASS_2_6_DERIVATIVE_MISSING;C1_VERTICAL_DATUM_UNKNOWN;C2_REGISTERED_FULL_COVERAGE_UNKNOWN;C2_EXACT_937_BASE_MISMATCH;C2_CLASS_2_6_DERIVATIVE_MISSING;C3_SPARSE_CONVERSION_REPLAY_PARTIAL;C4_REGISTRATION_NOT_VERIFIED;C4_PRIOR_INTERFACE_NOT_FROZEN;C5_INDEPENDENT_LOD1_MISSING;GRAVITY_TERRAIN_MVS_ESTIMATE_MISSING;R_DERIVED_COMMON_REPLAY_MISSING;STAGE3_TOOLCHAIN_NOT_REPLAYABLE,false
DEBY_LOD2_8568391,DEBYvAAAAABTMZ4j,LOD2_REFERENCE_690_5336,"690786.390,5336021.420,690797.850,5336030.050",true,937_INCLUDED_25_EXCLUDED_AGGREGATE_ONLY,UNKNOWN,true,UNKNOWN,UNKNOWN,true,UNKNOWN,UNKNOWN,UNKNOWN,UNKNOWN,true,UNKNOWN,UNKNOWN,MISSING,false,UNKNOWN,UNKNOWN,IMAGE_BUILDING_COVERAGE_JOIN_MISSING;C1_REGISTERED_FULL_COVERAGE_UNKNOWN;C1_CLASS_2_6_DERIVATIVE_MISSING;C1_VERTICAL_DATUM_UNKNOWN;C2_REGISTERED_FULL_COVERAGE_UNKNOWN;C2_EXACT_937_BASE_MISMATCH;C2_CLASS_2_6_DERIVATIVE_MISSING;C3_SPARSE_CONVERSION_REPLAY_PARTIAL;C4_REGISTRATION_NOT_VERIFIED;C4_PRIOR_INTERFACE_NOT_FROZEN;C5_INDEPENDENT_LOD1_MISSING;GRAVITY_TERRAIN_MVS_ESTIMATE_MISSING;R_DERIVED_COMMON_REPLAY_MISSING;STAGE3_TOOLCHAIN_NOT_REPLAYABLE,false
DEBY_LOD2_8568392,DEBYvAAAAABTMZ3T,LOD2_REFERENCE_690_5336,"690792.831,5336019.202,690795.951,5336022.267",true,937_INCLUDED_25_EXCLUDED_AGGREGATE_ONLY,UNKNOWN,true,UNKNOWN,UNKNOWN,true,UNKNOWN,UNKNOWN,UNKNOWN,UNKNOWN,true,UNKNOWN,UNKNOWN,MISSING,false,UNKNOWN,UNKNOWN,IMAGE_BUILDING_COVERAGE_JOIN_MISSING;C1_REGISTERED_FULL_COVERAGE_UNKNOWN;C1_CLASS_2_6_DERIVATIVE_MISSING;C1_VERTICAL_DATUM_UNKNOWN;C2_REGISTERED_FULL_COVERAGE_UNKNOWN;C2_EXACT_937_BASE_MISMATCH;C2_CLASS_2_6_DERIVATIVE_MISSING;C3_SPARSE_CONVERSION_REPLAY_PARTIAL;C4_REGISTRATION_NOT_VERIFIED;C4_PRIOR_INTERFACE_NOT_FROZEN;C5_INDEPENDENT_LOD1_MISSING;GRAVITY_TERRAIN_MVS_ESTIMATE_MISSING;R_DERIVED_COMMON_REPLAY_MISSING;STAGE3_TOOLCHAIN_NOT_REPLAYABLE,false
DEBY_LOD2_8568403,DEBYvAAAAABTMLIY,LOD2_REFERENCE_690_5334,"690834.527,5335920.207,690840.783,5335929.722",true,937_INCLUDED_25_EXCLUDED_AGGREGATE_ONLY,UNKNOWN,true,UNKNOWN,UNKNOWN,true,UNKNOWN,UNKNOWN,UNKNOWN,UNKNOWN,true,UNKNOWN,UNKNOWN,MISSING,false,UNKNOWN,UNKNOWN,IMAGE_BUILDING_COVERAGE_JOIN_MISSING;C1_REGISTERED_FULL_COVERAGE_UNKNOWN;C1_CLASS_2_6_DERIVATIVE_MISSING;C1_VERTICAL_DATUM_UNKNOWN;C2_REGISTERED_FULL_COVERAGE_UNKNOWN;C2_EXACT_937_BASE_MISMATCH;C2_CLASS_2_6_DERIVATIVE_MISSING;C3_SPARSE_CONVERSION_REPLAY_PARTIAL;C4_REGISTRATION_NOT_VERIFIED;C4_PRIOR_INTERFACE_NOT_FROZEN;C5_INDEPENDENT_LOD1_MISSING;GRAVITY_TERRAIN_MVS_ESTIMATE_MISSING;R_DERIVED_COMMON_REPLAY_MISSING;STAGE3_TOOLCHAIN_NOT_REPLAYABLE,false
DEBY_LOD2_8573617,DEBYvAAAAABTMeU8,LOD2_REFERENCE_690_5336,"690796.393,5336345.022,690803.307,5336354.053",true,937_INCLUDED_25_EXCLUDED_AGGREGATE_ONLY,UNKNOWN,true,UNKNOWN,UNKNOWN,true,UNKNOWN,UNKNOWN,UNKNOWN,UNKNOWN,true,UNKNOWN,UNKNOWN,MISSING,false,UNKNOWN,UNKNOWN,IMAGE_BUILDING_COVERAGE_JOIN_MISSING;C1_REGISTERED_FULL_COVERAGE_UNKNOWN;C1_CLASS_2_6_DERIVATIVE_MISSING;C1_VERTICAL_DATUM_UNKNOWN;C2_REGISTERED_FULL_COVERAGE_UNKNOWN;C2_EXACT_937_BASE_MISMATCH;C2_CLASS_2_6_DERIVATIVE_MISSING;C3_SPARSE_CONVERSION_REPLAY_PARTIAL;C4_REGISTRATION_NOT_VERIFIED;C4_PRIOR_INTERFACE_NOT_FROZEN;C5_INDEPENDENT_LOD1_MISSING;GRAVITY_TERRAIN_MVS_ESTIMATE_MISSING;R_DERIVED_COMMON_REPLAY_MISSING;STAGE3_TOOLCHAIN_NOT_REPLAYABLE,false
DEBY_LOD2_8573847,DEBYvAAAAABTMJOx,LOD2_REFERENCE_690_5336,"691141.300,5336297.870,691172.350,5336340.460",true,937_INCLUDED_25_EXCLUDED_AGGREGATE_ONLY,UNKNOWN,true,UNKNOWN,UNKNOWN,true,UNKNOWN,UNKNOWN,UNKNOWN,UNKNOWN,true,UNKNOWN,UNKNOWN,MISSING,false,UNKNOWN,UNKNOWN,IMAGE_BUILDING_COVERAGE_JOIN_MISSING;C1_REGISTERED_FULL_COVERAGE_UNKNOWN;C1_CLASS_2_6_DERIVATIVE_MISSING;C1_VERTICAL_DATUM_UNKNOWN;C2_REGISTERED_FULL_COVERAGE_UNKNOWN;C2_EXACT_937_BASE_MISMATCH;C2_CLASS_2_6_DERIVATIVE_MISSING;C3_SPARSE_CONVERSION_REPLAY_PARTIAL;C4_REGISTRATION_NOT_VERIFIED;C4_PRIOR_INTERFACE_NOT_FROZEN;C5_INDEPENDENT_LOD1_MISSING;GRAVITY_TERRAIN_MVS_ESTIMATE_MISSING;R_DERIVED_COMMON_REPLAY_MISSING;STAGE3_TOOLCHAIN_NOT_REPLAYABLE,false
DEBY_LOD2_8573848,DEBYvAAAAABTMJdG,LOD2_REFERENCE_690_5336,"691034.660,5336320.730,691115.520,5336367.170",true,937_INCLUDED_25_EXCLUDED_AGGREGATE_ONLY,UNKNOWN,true,UNKNOWN,UNKNOWN,true,UNKNOWN,UNKNOWN,UNKNOWN,UNKNOWN,true,UNKNOWN,UNKNOWN,MISSING,false,UNKNOWN,UNKNOWN,IMAGE_BUILDING_COVERAGE_JOIN_MISSING;C1_REGISTERED_FULL_COVERAGE_UNKNOWN;C1_CLASS_2_6_DERIVATIVE_MISSING;C1_VERTICAL_DATUM_UNKNOWN;C2_REGISTERED_FULL_COVERAGE_UNKNOWN;C2_EXACT_937_BASE_MISMATCH;C2_CLASS_2_6_DERIVATIVE_MISSING;C3_SPARSE_CONVERSION_REPLAY_PARTIAL;C4_REGISTRATION_NOT_VERIFIED;C4_PRIOR_INTERFACE_NOT_FROZEN;C5_INDEPENDENT_LOD1_MISSING;GRAVITY_TERRAIN_MVS_ESTIMATE_MISSING;R_DERIVED_COMMON_REPLAY_MISSING;STAGE3_TOOLCHAIN_NOT_REPLAYABLE,false
DEBY_LOD2_8573849,DEBYvAAAAABTMJcD,LOD2_REFERENCE_690_5336,"691090.770,5336267.960,691137.180,5336322.610",true,937_INCLUDED_25_EXCLUDED_AGGREGATE_ONLY,UNKNOWN,true,UNKNOWN,UNKNOWN,true,UNKNOWN,UNKNOWN,UNKNOWN,UNKNOWN,true,UNKNOWN,UNKNOWN,MISSING,false,UNKNOWN,UNKNOWN,IMAGE_BUILDING_COVERAGE_JOIN_MISSING;C1_REGISTERED_FULL_COVERAGE_UNKNOWN;C1_CLASS_2_6_DERIVATIVE_MISSING;C1_VERTICAL_DATUM_UNKNOWN;C2_REGISTERED_FULL_COVERAGE_UNKNOWN;C2_EXACT_937_BASE_MISMATCH;C2_CLASS_2_6_DERIVATIVE_MISSING;C3_SPARSE_CONVERSION_REPLAY_PARTIAL;C4_REGISTRATION_NOT_VERIFIED;C4_PRIOR_INTERFACE_NOT_FROZEN;C5_INDEPENDENT_LOD1_MISSING;GRAVITY_TERRAIN_MVS_ESTIMATE_MISSING;R_DERIVED_COMMON_REPLAY_MISSING;STAGE3_TOOLCHAIN_NOT_REPLAYABLE,false
