building_id,target_order,pair_rank,view_a,view_b,source_scope,source_pair_table,source_pair_table_sha256,source_pair_row_sha256,source_cache_path,source_cache_sha256,cache_metadata_schema,cache_metadata_created_utc,crop_source,camera_branch,world_frame,acquisition_block_a,acquisition_block_b,pair_relation,same_block_only,pair_independence,known_colmap_baseline_m,baseline_rule,baseline_rule_passed,reprojection_threshold_px,eligible_supplement_pair,status,failure_reason,reciprocal_match_count,border_match_count,dlt_finite_count,positive_depth_count,reprojection_2px_count,footprint_inside_count,inside_z_median_m,inside_z_mad_m,source_pair_metrics_reproduced,source_inference_elapsed_seconds,repool_elapsed_seconds,cache_reuse_runs,new_mast3r_inference_runs,inference_execution,origin_new_inference_type,pair_fingerprint,input_fingerprint,model_id,model_revision,model_sha256,docker_image_id,reference_lod2_role,crs,learning_runs_started,new_inference_type,new_inference_allowlist
DEBY_LOD2_42364609,1,1,DJI_20241217084827_0177_D,DJI_20241217084835_0181_D,census,phases/p2-gsjso/runs/20260720_anchor_census/anchor_census_pairs.csv,96f172b5e72e80586a4f24520407282724993ffca2d9de623e49927b500eef42,24e17a9a3019e0955f3c300b0d6b8489ba6fcc8405f06466db4780b0a47a978d,phases/p2-gsjso/runs/20260720_anchor_census/anchor_census_raw/42364609_rank01_raw_cheirality.npz,0b51430b6f63d6cb6c5de519e53326061be4e3b49e28834968f3bf2d7ac13135,jointbuildgs.boundary_map_v3.fm_dense.raw_pair.v2,2026-07-20T07:33:46.460817+00:00,projected_footprint,p0_full_opencv_text,canonical_local_xyz,202412170848,202412170848,same_acquisition_minute_block,true,low_same_block,40.513600,fixed camera-centre baseline >0.06m,true,2.000000,true,success,,2128,2090,2090,2090,2041,1092,-40.813441,0.104727,true,0.651446,0.013091,1,0,cache_reuse,census_FM_dense_dial_2px_only,70d465c8a9b3433ccd9a36dd3ad22c7637a3082a77387dfe88be07a5bb0ca23e,8d7a4d7cf77f0e01eaeff3207cb9e35375657852cd33e62060b91934eb822df8,naver/MASt3R_ViTLarge_BaseDecoder_512_catmlpdpt_metric,06e7259f34c3060f322df5cb0c7b9094f57e41fc,0a615eb05fa9db654050aa655945ee5696e7c6c1b7f93f1ee8c37249010f6feb,sha256:89d64b4c7112cc55db0d42d562e2a0208858658c0c67ab1bd48424175c50f501,projection and classification only,EPSG:25832,0,none; locked raw-cache re-pooling only,supplement_FM_dense_dial_2px_same_block
DEBY_LOD2_42364609,1,2,DJI_20241217084833_0180_D,DJI_20241217084827_0177_D,census,phases/p2-gsjso/runs/20260720_anchor_census/anchor_census_pairs.csv,96f172b5e72e80586a4f24520407282724993ffca2d9de623e49927b500eef42,4cb45c050cbb3cdc5509a81d467063e89e01545405eab91588b6661514bbd24c,phases/p2-gsjso/runs/20260720_anchor_census/anchor_census_raw/42364609_rank02_raw_cheirality.npz,c1fabb00bd5dd89e1ad862e0050ea331dc2267595de6e32a9fb1aca5fe05084a,jointbuildgs.boundary_map_v3.fm_dense.raw_pair.v2,2026-07-20T07:33:47.139955+00:00,projected_footprint,p0_full_opencv_text,canonical_local_xyz,202412170848,202412170848,same_acquisition_minute_block,true,low_same_block,30.612602,fixed camera-centre baseline >0.06m,true,2.000000,true,success,,2327,2211,2211,2211,2185,1090,-40.854368,0.107215,true,0.589347,0.002759,1,0,cache_reuse,census_FM_dense_dial_2px_only,7df3f4127eff11001f304d942862b0a57737f4222925534eecc87eeba4392ad2,8d7a4d7cf77f0e01eaeff3207cb9e35375657852cd33e62060b91934eb822df8,naver/MASt3R_ViTLarge_BaseDecoder_512_catmlpdpt_metric,06e7259f34c3060f322df5cb0c7b9094f57e41fc,0a615eb05fa9db654050aa655945ee5696e7c6c1b7f93f1ee8c37249010f6feb,sha256:89d64b4c7112cc55db0d42d562e2a0208858658c0c67ab1bd48424175c50f501,projection and classification only,EPSG:25832,0,none; locked raw-cache re-pooling only,supplement_FM_dense_dial_2px_same_block
DEBY_LOD2_42364609,1,3,DJI_20241217084829_0178_D,DJI_20241217084835_0181_D,census,phases/p2-gsjso/runs/20260720_anchor_census/anchor_census_pairs.csv,96f172b5e72e80586a4f24520407282724993ffca2d9de623e49927b500eef42,07b76850808332d6edc4e7832c1e4af7261157909dcd5139c0fdf4a20a212db2,phases/p2-gsjso/runs/20260720_anchor_census/anchor_census_raw/42364609_rank03_raw_cheirality.npz,6a37481924f726e19f87a12f7f84cb4c303334426c8899b68b43e7714c1bb990,jointbuildgs.boundary_map_v3.fm_dense.raw_pair.v2,2026-07-20T07:33:47.865854+00:00,projected_footprint,p0_full_opencv_text,canonical_local_xyz,202412170848,202412170848,same_acquisition_minute_block,true,low_same_block,30.108235,fixed camera-centre baseline >0.06m,true,2.000000,true,success,,2171,2132,2132,2132,2074,1083,-40.799540,0.104984,true,0.633879,0.002640,1,0,cache_reuse,census_FM_dense_dial_2px_only,c2905856824d94e22899f92927ab39ca31db1286a7eabe71c6f699ee4844d8c6,8d7a4d7cf77f0e01eaeff3207cb9e35375657852cd33e62060b91934eb822df8,naver/MASt3R_ViTLarge_BaseDecoder_512_catmlpdpt_metric,06e7259f34c3060f322df5cb0c7b9094f57e41fc,0a615eb05fa9db654050aa655945ee5696e7c6c1b7f93f1ee8c37249010f6feb,sha256:89d64b4c7112cc55db0d42d562e2a0208858658c0c67ab1bd48424175c50f501,projection and classification only,EPSG:25832,0,none; locked raw-cache re-pooling only,supplement_FM_dense_dial_2px_same_block
DEBY_LOD2_42364609,1,4,DJI_20241217084831_0179_D,DJI_20241217084827_0177_D,census,phases/p2-gsjso/runs/20260720_anchor_census/anchor_census_pairs.csv,96f172b5e72e80586a4f24520407282724993ffca2d9de623e49927b500eef42,122bc22663c94ef0d6d52488920f650a594e7f82f0f1060fe42ebc32548ca903,phases/p2-gsjso/runs/20260720_anchor_census/anchor_census_raw/42364609_rank04_raw_cheirality.npz,700fdc7dfb5a39e0dc6923c700bc45b43965eb671f216fa6cccc768ad1bc5c7d,jointbuildgs.boundary_map_v3.fm_dense.raw_pair.v2,2026-07-20T07:33:48.555602+00:00,projected_footprint,p0_full_opencv_text,canonical_local_xyz,202412170848,202412170848,same_acquisition_minute_block,true,low_same_block,20.603997,fixed camera-centre baseline >0.06m,true,2.000000,true,success,,2456,2331,2331,2331,2294,1107,-40.876843,0.108253,true,0.608094,0.002788,1,0,cache_reuse,census_FM_dense_dial_2px_only,134854a72639191b4ab91d1c7c740627e529c81a35c9f7882abb7861529b8ceb,8d7a4d7cf77f0e01eaeff3207cb9e35375657852cd33e62060b91934eb822df8,naver/MASt3R_ViTLarge_BaseDecoder_512_catmlpdpt_metric,06e7259f34c3060f322df5cb0c7b9094f57e41fc,0a615eb05fa9db654050aa655945ee5696e7c6c1b7f93f1ee8c37249010f6feb,sha256:89d64b4c7112cc55db0d42d562e2a0208858658c0c67ab1bd48424175c50f501,projection and classification only,EPSG:25832,0,none; locked raw-cache re-pooling only,supplement_FM_dense_dial_2px_same_block
DEBY_LOD2_42364609,1,5,DJI_20241217084829_0178_D,DJI_20241217084833_0180_D,census,phases/p2-gsjso/runs/20260720_anchor_census/anchor_census_pairs.csv,96f172b5e72e80586a4f24520407282724993ffca2d9de623e49927b500eef42,54874f1643e0f37873e9e60c0de749b90276e2f77be042f5fec4e4e316a74f84,phases/p2-gsjso/runs/20260720_anchor_census/anchor_census_raw/42364609_rank05_raw_cheirality.npz,59527df2702dddab878c377bdf48aaa67f7b52fa4ef5a7caa86145baa18e118b,jointbuildgs.boundary_map_v3.fm_dense.raw_pair.v2,2026-07-20T07:33:49.242837+00:00,projected_footprint,p0_full_opencv_text,canonical_local_xyz,202412170848,202412170848,same_acquisition_minute_block,true,low_same_block,20.207129,fixed camera-centre baseline >0.06m,true,2.000000,true,success,,2398,2341,2341,2341,2235,1096,-40.817016,0.109688,true,0.605448,0.002701,1,0,cache_reuse,census_FM_dense_dial_2px_only,814c6c200952782701e8def5b815a867a7ebc0b601c58925db54b5b8755aad54,8d7a4d7cf77f0e01eaeff3207cb9e35375657852cd33e62060b91934eb822df8,naver/MASt3R_ViTLarge_BaseDecoder_512_catmlpdpt_metric,06e7259f34c3060f322df5cb0c7b9094f57e41fc,0a615eb05fa9db654050aa655945ee5696e7c6c1b7f93f1ee8c37249010f6feb,sha256:89d64b4c7112cc55db0d42d562e2a0208858658c0c67ab1bd48424175c50f501,projection and classification only,EPSG:25832,0,none; locked raw-cache re-pooling only,supplement_FM_dense_dial_2px_same_block
DEBY_LOD2_42364609,1,6,DJI_20241217084831_0179_D,DJI_20241217084835_0181_D,census,phases/p2-gsjso/runs/20260720_anchor_census/anchor_census_pairs.csv,96f172b5e72e80586a4f24520407282724993ffca2d9de623e49927b500eef42,362355241b62d71783b02b083fa380ee1fc5dbb3e8645a5f3e35627918d78800,phases/p2-gsjso/runs/20260720_anchor_census/anchor_census_raw/42364609_rank06_raw_cheirality.npz,e624a0a3add529938bfe44474468ab12212dcff3af66d95306ab1569d19b4c44,jointbuildgs.boundary_map_v3.fm_dense.raw_pair.v2,2026-07-20T07:33:49.963129+00:00,projected_footprint,p0_full_opencv_text,canonical_local_xyz,202412170848,202412170848,same_acquisition_minute_block,true,low_same_block,19.909612,fixed camera-centre baseline >0.06m,true,2.000000,true,success,,2393,2263,2263,2263,2056,1049,-40.787793,0.100035,true,0.633613,0.002595,1,0,cache_reuse,census_FM_dense_dial_2px_only,ff5c500770435fd43d601cb6ed536073b93863741dfe3916a3f777b07e07014c,8d7a4d7cf77f0e01eaeff3207cb9e35375657852cd33e62060b91934eb822df8,naver/MASt3R_ViTLarge_BaseDecoder_512_catmlpdpt_metric,06e7259f34c3060f322df5cb0c7b9094f57e41fc,0a615eb05fa9db654050aa655945ee5696e7c6c1b7f93f1ee8c37249010f6feb,sha256:89d64b4c7112cc55db0d42d562e2a0208858658c0c67ab1bd48424175c50f501,projection and classification only,EPSG:25832,0,none; locked raw-cache re-pooling only,supplement_FM_dense_dial_2px_same_block
DEBY_LOD2_42364609,1,7,DJI_20241217084829_0178_D,DJI_20241217084827_0177_D,census,phases/p2-gsjso/runs/20260720_anchor_census/anchor_census_pairs.csv,96f172b5e72e80586a4f24520407282724993ffca2d9de623e49927b500eef42,16781378846e0e07d97f436a95ab722ef073971d75241c725dc56a8977ec3568,phases/p2-gsjso/runs/20260720_anchor_census/anchor_census_raw/42364609_rank07_raw_cheirality.npz,f2dc8c5d879dbf49e565bcb8b50469c84899f243d80c144ebbec32d798335446,jointbuildgs.boundary_map_v3.fm_dense.raw_pair.v2,2026-07-20T07:33:50.682261+00:00,projected_footprint,p0_full_opencv_text,canonical_local_xyz,202412170848,202412170848,same_acquisition_minute_block,true,low_same_block,10.405644,fixed camera-centre baseline >0.06m,true,2.000000,true,success,,2564,2403,2403,2403,2302,1070,-40.945450,0.124440,true,0.612225,0.002739,1,0,cache_reuse,census_FM_dense_dial_2px_only,20c3fa901e26ebf5fbf28dd71696858c1a110c36c14d2661ad53eb5f6fa2b251,8d7a4d7cf77f0e01eaeff3207cb9e35375657852cd33e62060b91934eb822df8,naver/MASt3R_ViTLarge_BaseDecoder_512_catmlpdpt_metric,06e7259f34c3060f322df5cb0c7b9094f57e41fc,0a615eb05fa9db654050aa655945ee5696e7c6c1b7f93f1ee8c37249010f6feb,sha256:89d64b4c7112cc55db0d42d562e2a0208858658c0c67ab1bd48424175c50f501,projection and classification only,EPSG:25832,0,none; locked raw-cache re-pooling only,supplement_FM_dense_dial_2px_same_block
DEBY_LOD2_42364609,1,8,DJI_20241217084831_0179_D,DJI_20241217084829_0178_D,census,phases/p2-gsjso/runs/20260720_anchor_census/anchor_census_pairs.csv,96f172b5e72e80586a4f24520407282724993ffca2d9de623e49927b500eef42,953870ddaa11a6e0cc3d4f09c0983b7bfd8fd5438953030a6ea22fcaa7b1f2d4,phases/p2-gsjso/runs/20260720_anchor_census/anchor_census_raw/42364609_rank08_raw_cheirality.npz,fee2d55003bbeae40ab045406b95bc3a8789f69829ab1535cd549d8cf03086f2,jointbuildgs.boundary_map_v3.fm_dense.raw_pair.v2,2026-07-20T07:33:51.385553+00:00,projected_footprint,p0_full_opencv_text,canonical_local_xyz,202412170848,202412170848,same_acquisition_minute_block,true,low_same_block,10.198688,fixed camera-centre baseline >0.06m,true,2.000000,true,success,,2717,2611,2611,2611,2489,1094,-40.875860,0.088545,true,0.628870,0.002836,1,0,cache_reuse,census_FM_dense_dial_2px_only,84169e9937dedd8323f4b90bdeda26efaccab74723b0fb8af025b8b2709d5bee,8d7a4d7cf77f0e01eaeff3207cb9e35375657852cd33e62060b91934eb822df8,naver/MASt3R_ViTLarge_BaseDecoder_512_catmlpdpt_metric,06e7259f34c3060f322df5cb0c7b9094f57e41fc,0a615eb05fa9db654050aa655945ee5696e7c6c1b7f93f1ee8c37249010f6feb,sha256:89d64b4c7112cc55db0d42d562e2a0208858658c0c67ab1bd48424175c50f501,projection and classification only,EPSG:25832,0,none; locked raw-cache re-pooling only,supplement_FM_dense_dial_2px_same_block
DEBY_LOD2_42364609,1,9,DJI_20241217084831_0179_D,DJI_20241217084833_0180_D,census,phases/p2-gsjso/runs/20260720_anchor_census/anchor_census_pairs.csv,96f172b5e72e80586a4f24520407282724993ffca2d9de623e49927b500eef42,5d149fc5b1724f012a559c1628d0bbc7e89983d3235d454c370a88f67cab5ca2,phases/p2-gsjso/runs/20260720_anchor_census/anchor_census_raw/42364609_rank09_raw_cheirality.npz,22938067f8a956dede845f165117923957dd92ee6c5e5ddd984c5d29e56e9ce0,jointbuildgs.boundary_map_v3.fm_dense.raw_pair.v2,2026-07-20T07:33:52.086194+00:00,projected_footprint,p0_full_opencv_text,canonical_local_xyz,202412170848,202412170848,same_acquisition_minute_block,true,low_same_block,10.008646,fixed camera-centre baseline >0.06m,true,2.000000,true,success,,2566,2424,2424,2424,2412,1076,-40.822089,0.117474,true,0.611568,0.002763,1,0,cache_reuse,census_FM_dense_dial_2px_only,9c2d41f5d3afc95b36b1f6011309f0931defbedf1acac2b07c0e96955eeeb492,8d7a4d7cf77f0e01eaeff3207cb9e35375657852cd33e62060b91934eb822df8,naver/MASt3R_ViTLarge_BaseDecoder_512_catmlpdpt_metric,06e7259f34c3060f322df5cb0c7b9094f57e41fc,0a615eb05fa9db654050aa655945ee5696e7c6c1b7f93f1ee8c37249010f6feb,sha256:89d64b4c7112cc55db0d42d562e2a0208858658c0c67ab1bd48424175c50f501,projection and classification only,EPSG:25832,0,none; locked raw-cache re-pooling only,supplement_FM_dense_dial_2px_same_block
DEBY_LOD2_42364609,1,10,DJI_20241217084833_0180_D,DJI_20241217084835_0181_D,census,phases/p2-gsjso/runs/20260720_anchor_census/anchor_census_pairs.csv,96f172b5e72e80586a4f24520407282724993ffca2d9de623e49927b500eef42,73fc6b8cc52257b834a81149efae853b1dce008bd7da81d4fba8fd6e0bd9d435,phases/p2-gsjso/runs/20260720_anchor_census/anchor_census_raw/42364609_rank10_raw_cheirality.npz,9958621d0ae04e8526aafad6234cf6e571c3c652f4de5f51d046747343d8d294,jointbuildgs.boundary_map_v3.fm_dense.raw_pair.v2,2026-07-20T07:33:52.787838+00:00,projected_footprint,p0_full_opencv_text,canonical_local_xyz,202412170848,202412170848,same_acquisition_minute_block,true,low_same_block,9.901194,fixed camera-centre baseline >0.06m,true,2.000000,true,success,,2763,2648,2648,2648,2648,1054,-40.811503,0.111478,true,0.606203,0.002772,1,0,cache_reuse,census_FM_dense_dial_2px_only,a0822974f8679674ff9c2266eb60c223c8ca8d25f3b04c5b27e2f5faf9c35654,8d7a4d7cf77f0e01eaeff3207cb9e35375657852cd33e62060b91934eb822df8,naver/MASt3R_ViTLarge_BaseDecoder_512_catmlpdpt_metric,06e7259f34c3060f322df5cb0c7b9094f57e41fc,0a615eb05fa9db654050aa655945ee5696e7c6c1b7f93f1ee8c37249010f6feb,sha256:89d64b4c7112cc55db0d42d562e2a0208858658c0c67ab1bd48424175c50f501,projection and classification only,EPSG:25832,0,none; locked raw-cache re-pooling only,supplement_FM_dense_dial_2px_same_block
DEBY_LOD2_4907031,2,1,DJI_20241217084819_0173_D,DJI_20241217084809_0168_D,census,phases/p2-gsjso/runs/20260720_anchor_census/anchor_census_pairs.csv,96f172b5e72e80586a4f24520407282724993ffca2d9de623e49927b500eef42,03e5cb853bc79199b2c38b0be806d7fbf15677c9474b6d0b6b94a729925a8e6b,phases/p2-gsjso/runs/20260720_anchor_census/anchor_census_raw/4907031_rank01_raw_cheirality.npz,e364c08fcff0bf8889dbbd94eefd6c72c912ab06dbd0756542535fbbaf01c6a0,jointbuildgs.boundary_map_v3.fm_dense.raw_pair.v2,2026-07-20T07:28:40.719661+00:00,projected_footprint,p0_full_opencv_text,canonical_local_xyz,202412170848,202412170848,same_acquisition_minute_block,true,low_same_block,30.117933,fixed camera-centre baseline >0.06m,true,2.000000,true,success,,1816,1676,1676,1676,988,0,,,true,0.966713,0.001388,1,0,cache_reuse,census_FM_dense_dial_2px_only,f60ed2489aa877332df5af2efe87cee8729a7cafd99788933f857748a48ec088,8d7a4d7cf77f0e01eaeff3207cb9e35375657852cd33e62060b91934eb822df8,naver/MASt3R_ViTLarge_BaseDecoder_512_catmlpdpt_metric,06e7259f34c3060f322df5cb0c7b9094f57e41fc,0a615eb05fa9db654050aa655945ee5696e7c6c1b7f93f1ee8c37249010f6feb,sha256:89d64b4c7112cc55db0d42d562e2a0208858658c0c67ab1bd48424175c50f501,projection and classification only,EPSG:25832,0,none; locked raw-cache re-pooling only,supplement_FM_dense_dial_2px_same_block
DEBY_LOD2_4907031,2,2,DJI_20241217084819_0173_D,DJI_20241217084813_0170_D,census,phases/p2-gsjso/runs/20260720_anchor_census/anchor_census_pairs.csv,96f172b5e72e80586a4f24520407282724993ffca2d9de623e49927b500eef42,96abf60ee2ac9cdf3d1b4ab2926f2de40bfbfdf945b0eb884fe6839998869daf,phases/p2-gsjso/runs/20260720_anchor_census/anchor_census_raw/4907031_rank02_raw_cheirality.npz,8f00300dccd4004c90f9ad70dc7c02b0b66e8bb2c8e6d2f6efe0f9299c8a77e2,jointbuildgs.boundary_map_v3.fm_dense.raw_pair.v2,2026-07-20T07:28:41.619654+00:00,projected_footprint,p0_full_opencv_text,canonical_local_xyz,202412170848,202412170848,same_acquisition_minute_block,true,low_same_block,27.568255,fixed camera-centre baseline >0.06m,true,2.000000,true,success,,1307,1163,1163,1163,723,0,,,true,0.835316,0.001162,1,0,cache_reuse,census_FM_dense_dial_2px_only,fad9a5851590c2b90de9a47dfe1099563b81b3a6332e0fe12b936a228e7e2b64,8d7a4d7cf77f0e01eaeff3207cb9e35375657852cd33e62060b91934eb822df8,naver/MASt3R_ViTLarge_BaseDecoder_512_catmlpdpt_metric,06e7259f34c3060f322df5cb0c7b9094f57e41fc,0a615eb05fa9db654050aa655945ee5696e7c6c1b7f93f1ee8c37249010f6feb,sha256:89d64b4c7112cc55db0d42d562e2a0208858658c0c67ab1bd48424175c50f501,projection and classification only,EPSG:25832,0,none; locked raw-cache re-pooling only,supplement_FM_dense_dial_2px_same_block
DEBY_LOD2_4907031,2,3,DJI_20241217084817_0172_D,DJI_20241217084809_0168_D,census,phases/p2-gsjso/runs/20260720_anchor_census/anchor_census_pairs.csv,96f172b5e72e80586a4f24520407282724993ffca2d9de623e49927b500eef42,cd86e0161e2f41cb4153d94b9167e3ef41f386968ba0c68b557ec3541b372e6a,phases/p2-gsjso/runs/20260720_anchor_census/anchor_census_raw/4907031_rank03_raw_cheirality.npz,76091e0ef8e22b21e5d6e174a23c38c4a2832dfcddbee72e4c3a04dde5ae5eff,jointbuildgs.boundary_map_v3.fm_dense.raw_pair.v2,2026-07-20T07:28:42.589063+00:00,projected_footprint,p0_full_opencv_text,canonical_local_xyz,202412170848,202412170848,same_acquisition_minute_block,true,low_same_block,20.274030,fixed camera-centre baseline >0.06m,true,2.000000,true,success,,2653,2507,2507,2507,1572,0,,,true,0.909657,0.001656,1,0,cache_reuse,census_FM_dense_dial_2px_only,ae4525d99348d1d90829205fd6700f9af15e90201173cb71b1b458722ce7fc92,8d7a4d7cf77f0e01eaeff3207cb9e35375657852cd33e62060b91934eb822df8,naver/MASt3R_ViTLarge_BaseDecoder_512_catmlpdpt_metric,06e7259f34c3060f322df5cb0c7b9094f57e41fc,0a615eb05fa9db654050aa655945ee5696e7c6c1b7f93f1ee8c37249010f6feb,sha256:89d64b4c7112cc55db0d42d562e2a0208858658c0c67ab1bd48424175c50f501,projection and classification only,EPSG:25832,0,none; locked raw-cache re-pooling only,supplement_FM_dense_dial_2px_same_block
DEBY_LOD2_4907031,2,4,DJI_20241217084815_0171_D,DJI_20241217084819_0173_D,census,phases/p2-gsjso/runs/20260720_anchor_census/anchor_census_pairs.csv,96f172b5e72e80586a4f24520407282724993ffca2d9de623e49927b500eef42,b05b522a6287582a6220bd3d413ef7eeb3a958531714ea4f5fba3d8cf690a09c,phases/p2-gsjso/runs/20260720_anchor_census/anchor_census_raw/4907031_rank04_raw_cheirality.npz,03910266756805a2a59fa9e3930dab7d99223d25ce317eb265c4f3ac9744a149,jointbuildgs.boundary_map_v3.fm_dense.raw_pair.v2,2026-07-20T07:28:43.496814+00:00,projected_footprint,p0_full_opencv_text,canonical_local_xyz,202412170848,202412170848,same_acquisition_minute_block,true,low_same_block,20.050905,fixed camera-centre baseline >0.06m,true,2.000000,true,success,,2115,1947,1947,1947,1362,0,,,true,0.850745,0.001457,1,0,cache_reuse,census_FM_dense_dial_2px_only,3498beaf7d08321b413acaf433422b3317c1c6ce465160fba4b6818ddd04b7af,8d7a4d7cf77f0e01eaeff3207cb9e35375657852cd33e62060b91934eb822df8,naver/MASt3R_ViTLarge_BaseDecoder_512_catmlpdpt_metric,06e7259f34c3060f322df5cb0c7b9094f57e41fc,0a615eb05fa9db654050aa655945ee5696e7c6c1b7f93f1ee8c37249010f6feb,sha256:89d64b4c7112cc55db0d42d562e2a0208858658c0c67ab1bd48424175c50f501,projection and classification only,EPSG:25832,0,none; locked raw-cache re-pooling only,supplement_FM_dense_dial_2px_same_block
DEBY_LOD2_4907031,2,5,DJI_20241217084817_0172_D,DJI_20241217084813_0170_D,census,phases/p2-gsjso/runs/20260720_anchor_census/anchor_census_pairs.csv,96f172b5e72e80586a4f24520407282724993ffca2d9de623e49927b500eef42,52ca616c9b4f14f8c99d6e723c6caa5ba185de0c21b4d0f2fc37b5f7185a9fa0,phases/p2-gsjso/runs/20260720_anchor_census/anchor_census_raw/4907031_rank05_raw_cheirality.npz,aa2fdb46843c828782a67f2b419ecc5e957dae18e2e1eb5153199f0b2a5ff29b,jointbuildgs.boundary_map_v3.fm_dense.raw_pair.v2,2026-07-20T07:28:44.343858+00:00,projected_footprint,p0_full_opencv_text,canonical_local_xyz,202412170848,202412170848,same_acquisition_minute_block,true,low_same_block,17.723250,fixed camera-centre baseline >0.06m,true,2.000000,true,success,,1826,1715,1715,1715,1455,0,,,true,0.781407,0.001418,1,0,cache_reuse,census_FM_dense_dial_2px_only,96f228309e333d5dc38d4c2fe618258f3afd43d583c6dd787d96477570d2ebc9,8d7a4d7cf77f0e01eaeff3207cb9e35375657852cd33e62060b91934eb822df8,naver/MASt3R_ViTLarge_BaseDecoder_512_catmlpdpt_metric,06e7259f34c3060f322df5cb0c7b9094f57e41fc,0a615eb05fa9db654050aa655945ee5696e7c6c1b7f93f1ee8c37249010f6feb,sha256:89d64b4c7112cc55db0d42d562e2a0208858658c0c67ab1bd48424175c50f501,projection and classification only,EPSG:25832,0,none; locked raw-cache re-pooling only,supplement_FM_dense_dial_2px_same_block
DEBY_LOD2_4907031,2,6,DJI_20241217084817_0172_D,DJI_20241217084815_0171_D,census,phases/p2-gsjso/runs/20260720_anchor_census/anchor_census_pairs.csv,96f172b5e72e80586a4f24520407282724993ffca2d9de623e49927b500eef42,0a4ee9db83032d892ec91b63fe6afa2cf151d999fe30937a54f9465ccf4642c6,phases/p2-gsjso/runs/20260720_anchor_census/anchor_census_raw/4907031_rank06_raw_cheirality.npz,edf1ac1db62aec2a2c78aad32ecaf70c893594917cc92c4ac48ce1a2f260393f,jointbuildgs.boundary_map_v3.fm_dense.raw_pair.v2,2026-07-20T07:28:45.272671+00:00,projected_footprint,p0_full_opencv_text,canonical_local_xyz,202412170848,202412170848,same_acquisition_minute_block,true,low_same_block,10.206476,fixed camera-centre baseline >0.06m,true,2.000000,true,success,,2343,2249,2249,2249,1803,0,,,true,0.881863,0.001622,1,0,cache_reuse,census_FM_dense_dial_2px_only,2d5e4babd32769160bf8e186a30910e60dbc2592b20d80780d27b6a6e38bc55d,8d7a4d7cf77f0e01eaeff3207cb9e35375657852cd33e62060b91934eb822df8,naver/MASt3R_ViTLarge_BaseDecoder_512_catmlpdpt_metric,06e7259f34c3060f322df5cb0c7b9094f57e41fc,0a615eb05fa9db654050aa655945ee5696e7c6c1b7f93f1ee8c37249010f6feb,sha256:89d64b4c7112cc55db0d42d562e2a0208858658c0c67ab1bd48424175c50f501,projection and classification only,EPSG:25832,0,none; locked raw-cache re-pooling only,supplement_FM_dense_dial_2px_same_block
DEBY_LOD2_4907031,2,7,DJI_20241217084815_0171_D,DJI_20241217084809_0168_D,census,phases/p2-gsjso/runs/20260720_anchor_census/anchor_census_pairs.csv,96f172b5e72e80586a4f24520407282724993ffca2d9de623e49927b500eef42,9451d274dd66146f2a5c7c381be1c56185f6b2a29a358aff905a142640b00262,phases/p2-gsjso/runs/20260720_anchor_census/anchor_census_raw/4907031_rank07_raw_cheirality.npz,1aa080706112b83eb162988c3cd27592d161058afeb7abea5b9630114b6304ed,jointbuildgs.boundary_map_v3.fm_dense.raw_pair.v2,2026-07-20T07:28:46.213636+00:00,projected_footprint,p0_full_opencv_text,canonical_local_xyz,202412170848,202412170848,same_acquisition_minute_block,true,low_same_block,10.080655,fixed camera-centre baseline >0.06m,true,2.000000,true,success,,3022,2948,2948,2948,1688,0,,,true,0.895805,0.001782,1,0,cache_reuse,census_FM_dense_dial_2px_only,b31c426e5130ef54bee030a33d71a9139623ea8b4fa093e502eb4befce7de5ff,8d7a4d7cf77f0e01eaeff3207cb9e35375657852cd33e62060b91934eb822df8,naver/MASt3R_ViTLarge_BaseDecoder_512_catmlpdpt_metric,06e7259f34c3060f322df5cb0c7b9094f57e41fc,0a615eb05fa9db654050aa655945ee5696e7c6c1b7f93f1ee8c37249010f6feb,sha256:89d64b4c7112cc55db0d42d562e2a0208858658c0c67ab1bd48424175c50f501,projection and classification only,EPSG:25832,0,none; locked raw-cache re-pooling only,supplement_FM_dense_dial_2px_same_block
DEBY_LOD2_4907031,2,8,DJI_20241217084817_0172_D,DJI_20241217084819_0173_D,census,phases/p2-gsjso/runs/20260720_anchor_census/anchor_census_pairs.csv,96f172b5e72e80586a4f24520407282724993ffca2d9de623e49927b500eef42,e09cc2914afe6faf7c84950289b32a46ac8d221edf3f74233b2501307a8a5983,phases/p2-gsjso/runs/20260720_anchor_census/anchor_census_raw/4907031_rank08_raw_cheirality.npz,06a14128a5371693a6317014dacab3f1b17aacd96cebf29c190cc6ed46e8e720,jointbuildgs.boundary_map_v3.fm_dense.raw_pair.v2,2026-07-20T07:28:47.123915+00:00,projected_footprint,p0_full_opencv_text,canonical_local_xyz,202412170848,202412170848,same_acquisition_minute_block,true,low_same_block,9.845120,fixed camera-centre baseline >0.06m,true,2.000000,true,success,,2763,2624,2624,2624,1937,0,,,true,0.838393,0.001728,1,0,cache_reuse,census_FM_dense_dial_2px_only,dfefc0fb37651d63ba8e18cdfd0bd9a67d8c490c5bd2515d68e157f756288654,8d7a4d7cf77f0e01eaeff3207cb9e35375657852cd33e62060b91934eb822df8,naver/MASt3R_ViTLarge_BaseDecoder_512_catmlpdpt_metric,06e7259f34c3060f322df5cb0c7b9094f57e41fc,0a615eb05fa9db654050aa655945ee5696e7c6c1b7f93f1ee8c37249010f6feb,sha256:89d64b4c7112cc55db0d42d562e2a0208858658c0c67ab1bd48424175c50f501,projection and classification only,EPSG:25832,0,none; locked raw-cache re-pooling only,supplement_FM_dense_dial_2px_same_block
DEBY_LOD2_4907031,2,9,DJI_20241217084815_0171_D,DJI_20241217084813_0170_D,census,phases/p2-gsjso/runs/20260720_anchor_census/anchor_census_pairs.csv,96f172b5e72e80586a4f24520407282724993ffca2d9de623e49927b500eef42,370fefd7ee5c265375c167a35e66f31238d44acfc70ee487ad2e3aafe7dfe902,phases/p2-gsjso/runs/20260720_anchor_census/anchor_census_raw/4907031_rank09_raw_cheirality.npz,dbce16564d89977047efe519c40788d618689c3ca0f4a56b174d44260baa95f3,jointbuildgs.boundary_map_v3.fm_dense.raw_pair.v2,2026-07-20T07:28:47.985272+00:00,projected_footprint,p0_full_opencv_text,canonical_local_xyz,202412170848,202412170848,same_acquisition_minute_block,true,low_same_block,7.522516,fixed camera-centre baseline >0.06m,true,2.000000,true,success,,2580,2483,2483,2483,2366,0,,,true,0.805510,0.001761,1,0,cache_reuse,census_FM_dense_dial_2px_only,b75774f0c759e9422b2af783c3c7dd7705c5c5f80cfa3745a193d3f7efd819c6,8d7a4d7cf77f0e01eaeff3207cb9e35375657852cd33e62060b91934eb822df8,naver/MASt3R_ViTLarge_BaseDecoder_512_catmlpdpt_metric,06e7259f34c3060f322df5cb0c7b9094f57e41fc,0a615eb05fa9db654050aa655945ee5696e7c6c1b7f93f1ee8c37249010f6feb,sha256:89d64b4c7112cc55db0d42d562e2a0208858658c0c67ab1bd48424175c50f501,projection and classification only,EPSG:25832,0,none; locked raw-cache re-pooling only,supplement_FM_dense_dial_2px_same_block
DEBY_LOD2_4907031,2,10,DJI_20241217084813_0170_D,DJI_20241217084809_0168_D,census,phases/p2-gsjso/runs/20260720_anchor_census/anchor_census_pairs.csv,96f172b5e72e80586a4f24520407282724993ffca2d9de623e49927b500eef42,52a89fbebd03a11dd3ed618bd55bd917c5a18773474998cd9df98dc6db6b2245,phases/p2-gsjso/runs/20260720_anchor_census/anchor_census_raw/4907031_rank10_raw_cheirality.npz,c5d5b265eaa6a39155cde62c4457987217323427b31f92f4c0a05a9b5bd307bf,jointbuildgs.boundary_map_v3.fm_dense.raw_pair.v2,2026-07-20T07:28:48.937856+00:00,projected_footprint,p0_full_opencv_text,canonical_local_xyz,202412170848,202412170848,same_acquisition_minute_block,true,low_same_block,2.564827,fixed camera-centre baseline >0.06m,true,2.000000,true,success,,3071,3016,3016,3016,2014,0,,,true,0.898180,0.001821,1,0,cache_reuse,census_FM_dense_dial_2px_only,46500e8697aa93be8c692c810451808dbc58661119e7a88a3527a86906286209,8d7a4d7cf77f0e01eaeff3207cb9e35375657852cd33e62060b91934eb822df8,naver/MASt3R_ViTLarge_BaseDecoder_512_catmlpdpt_metric,06e7259f34c3060f322df5cb0c7b9094f57e41fc,0a615eb05fa9db654050aa655945ee5696e7c6c1b7f93f1ee8c37249010f6feb,sha256:89d64b4c7112cc55db0d42d562e2a0208858658c0c67ab1bd48424175c50f501,projection and classification only,EPSG:25832,0,none; locked raw-cache re-pooling only,supplement_FM_dense_dial_2px_same_block
DEBY_LOD2_4907510,3,1,DJI_20241217084643_0125_D,DJI_20241217084637_0122_D,census,phases/p2-gsjso/runs/20260720_anchor_census/anchor_census_pairs.csv,96f172b5e72e80586a4f24520407282724993ffca2d9de623e49927b500eef42,553bc7008fa8ddd49ffe397082453f9809a3470a11e729e79f9563e4287bdbf6,phases/p2-gsjso/runs/20260720_anchor_census/anchor_census_raw/4907510_rank01_raw_cheirality.npz,15c11595153fc0b750c948195538da7dc778f6ea16a83439a6bb16bcf7d04590,jointbuildgs.boundary_map_v3.fm_dense.raw_pair.v2,2026-07-20T07:31:42.446644+00:00,projected_footprint,p0_full_opencv_text,canonical_local_xyz,202412170846,202412170846,same_acquisition_minute_block,true,low_same_block,22.152320,fixed camera-centre baseline >0.06m,true,2.000000,true,success,,2615,2415,2415,2415,2388,1276,-43.584895,0.106433,true,0.647212,0.003109,1,0,cache_reuse,census_FM_dense_dial_2px_only,8b904fc279f19e11aaca2f0924cf07938a35ef90ac7a0f4bd2493c7875534eee,8d7a4d7cf77f0e01eaeff3207cb9e35375657852cd33e62060b91934eb822df8,naver/MASt3R_ViTLarge_BaseDecoder_512_catmlpdpt_metric,06e7259f34c3060f322df5cb0c7b9094f57e41fc,0a615eb05fa9db654050aa655945ee5696e7c6c1b7f93f1ee8c37249010f6feb,sha256:89d64b4c7112cc55db0d42d562e2a0208858658c0c67ab1bd48424175c50f501,projection and classification only,EPSG:25832,0,none; locked raw-cache re-pooling only,supplement_FM_dense_dial_2px_same_block
DEBY_LOD2_4907510,3,2,DJI_20241217084645_0126_D,DJI_20241217084637_0122_D,census,phases/p2-gsjso/runs/20260720_anchor_census/anchor_census_pairs.csv,96f172b5e72e80586a4f24520407282724993ffca2d9de623e49927b500eef42,503ca508c6708537ae8895368eddffacad18d6ef5baf953b32acada78bd89899,phases/p2-gsjso/runs/20260720_anchor_census/anchor_census_raw/4907510_rank02_raw_cheirality.npz,a4198683e8fb23db3e799c00b79651430482709f160dba7de94701194dd2bcc7,jointbuildgs.boundary_map_v3.fm_dense.raw_pair.v2,2026-07-20T07:31:43.081850+00:00,projected_footprint,p0_full_opencv_text,canonical_local_xyz,202412170846,202412170846,same_acquisition_minute_block,true,low_same_block,20.435432,fixed camera-centre baseline >0.06m,true,2.000000,true,success,,1594,1426,1426,1426,1385,764,-43.509884,0.159531,true,0.561668,0.002172,1,0,cache_reuse,census_FM_dense_dial_2px_only,49fc3fbc8ee7a5d832e1f0bbd6e64470c244dbf6907c8aaedfd2c198896ea40b,8d7a4d7cf77f0e01eaeff3207cb9e35375657852cd33e62060b91934eb822df8,naver/MASt3R_ViTLarge_BaseDecoder_512_catmlpdpt_metric,06e7259f34c3060f322df5cb0c7b9094f57e41fc,0a615eb05fa9db654050aa655945ee5696e7c6c1b7f93f1ee8c37249010f6feb,sha256:89d64b4c7112cc55db0d42d562e2a0208858658c0c67ab1bd48424175c50f501,projection and classification only,EPSG:25832,0,none; locked raw-cache re-pooling only,supplement_FM_dense_dial_2px_same_block
DEBY_LOD2_4907510,3,3,DJI_20241217084641_0124_D,DJI_20241217084637_0122_D,census,phases/p2-gsjso/runs/20260720_anchor_census/anchor_census_pairs.csv,96f172b5e72e80586a4f24520407282724993ffca2d9de623e49927b500eef42,600c136241b3020c7f64e3356b075781548fc8528b7184cd906d9d74167d6863,phases/p2-gsjso/runs/20260720_anchor_census/anchor_census_raw/4907510_rank03_raw_cheirality.npz,7f4af9073b9476027c99860acfb57ecd3362118cc689bc9fdffcdcc4e3324370,jointbuildgs.boundary_map_v3.fm_dense.raw_pair.v2,2026-07-20T07:31:43.762297+00:00,projected_footprint,p0_full_opencv_text,canonical_local_xyz,202412170846,202412170846,same_acquisition_minute_block,true,low_same_block,20.275162,fixed camera-centre baseline >0.06m,true,2.000000,true,success,,2732,2519,2519,2519,2505,1342,-43.570784,0.116389,true,0.620517,0.003223,1,0,cache_reuse,census_FM_dense_dial_2px_only,5104db5af9ee0f1ed30f1936d0c50e868df67a3b0b8d9054ab5b07886fc668a3,8d7a4d7cf77f0e01eaeff3207cb9e35375657852cd33e62060b91934eb822df8,naver/MASt3R_ViTLarge_BaseDecoder_512_catmlpdpt_metric,06e7259f34c3060f322df5cb0c7b9094f57e41fc,0a615eb05fa9db654050aa655945ee5696e7c6c1b7f93f1ee8c37249010f6feb,sha256:89d64b4c7112cc55db0d42d562e2a0208858658c0c67ab1bd48424175c50f501,projection and classification only,EPSG:25832,0,none; locked raw-cache re-pooling only,supplement_FM_dense_dial_2px_same_block
DEBY_LOD2_4907510,3,4,DJI_20241217084643_0125_D,DJI_20241217084639_0123_D,census,phases/p2-gsjso/runs/20260720_anchor_census/anchor_census_pairs.csv,96f172b5e72e80586a4f24520407282724993ffca2d9de623e49927b500eef42,2d7f9ea9b810ac6c81247d7d6676296eb158eec0cb55c00c8c140eff2d6b1778,phases/p2-gsjso/runs/20260720_anchor_census/anchor_census_raw/4907510_rank04_raw_cheirality.npz,bedac804bbcfe0dec5a9db96afbe45cf98c8be4fafa8e8a97f2651f173c5b3da,jointbuildgs.boundary_map_v3.fm_dense.raw_pair.v2,2026-07-20T07:31:44.443250+00:00,projected_footprint,p0_full_opencv_text,canonical_local_xyz,202412170846,202412170846,same_acquisition_minute_block,true,low_same_block,11.488166,fixed camera-centre baseline >0.06m,true,2.000000,true,success,,2892,2746,2746,2746,2745,1342,-43.504191,0.130760,true,0.603113,0.003357,1,0,cache_reuse,census_FM_dense_dial_2px_only,c2d36cb4fa96059dc85638cb713fdfe901f3b44d04b5352d074b9ea94aa2f26d,8d7a4d7cf77f0e01eaeff3207cb9e35375657852cd33e62060b91934eb822df8,naver/MASt3R_ViTLarge_BaseDecoder_512_catmlpdpt_metric,06e7259f34c3060f322df5cb0c7b9094f57e41fc,0a615eb05fa9db654050aa655945ee5696e7c6c1b7f93f1ee8c37249010f6feb,sha256:89d64b4c7112cc55db0d42d562e2a0208858658c0c67ab1bd48424175c50f501,projection and classification only,EPSG:25832,0,none; locked raw-cache re-pooling only,supplement_FM_dense_dial_2px_same_block
DEBY_LOD2_4907510,3,5,DJI_20241217084639_0123_D,DJI_20241217084637_0122_D,census,phases/p2-gsjso/runs/20260720_anchor_census/anchor_census_pairs.csv,96f172b5e72e80586a4f24520407282724993ffca2d9de623e49927b500eef42,2ce93ae69dde497c6c2c42830328887451464900d73084516f7ca7b5c9b310de,phases/p2-gsjso/runs/20260720_anchor_census/anchor_census_raw/4907510_rank05_raw_cheirality.npz,c4e3000a66bee630a76a51f17b560e1a576560fca909627a6d26aca0916e7544,jointbuildgs.boundary_map_v3.fm_dense.raw_pair.v2,2026-07-20T07:31:45.095501+00:00,projected_footprint,p0_full_opencv_text,canonical_local_xyz,202412170846,202412170846,same_acquisition_minute_block,true,low_same_block,10.664264,fixed camera-centre baseline >0.06m,true,2.000000,true,success,,2903,2704,2704,2704,2703,1321,-43.580550,0.195314,true,0.578859,0.003392,1,0,cache_reuse,census_FM_dense_dial_2px_only,9be7a6da195c55f5c5d52d94fdc62e2c2c6d093ca5a14afb9ac12f8088458d32,8d7a4d7cf77f0e01eaeff3207cb9e35375657852cd33e62060b91934eb822df8,naver/MASt3R_ViTLarge_BaseDecoder_512_catmlpdpt_metric,06e7259f34c3060f322df5cb0c7b9094f57e41fc,0a615eb05fa9db654050aa655945ee5696e7c6c1b7f93f1ee8c37249010f6feb,sha256:89d64b4c7112cc55db0d42d562e2a0208858658c0c67ab1bd48424175c50f501,projection and classification only,EPSG:25832,0,none; locked raw-cache re-pooling only,supplement_FM_dense_dial_2px_same_block
DEBY_LOD2_4907510,3,6,DJI_20241217084645_0126_D,DJI_20241217084639_0123_D,census,phases/p2-gsjso/runs/20260720_anchor_census/anchor_census_pairs.csv,96f172b5e72e80586a4f24520407282724993ffca2d9de623e49927b500eef42,b0e940de3ecfb01606dc5dffaed1f7a2b709481a49dadd229a175b1651421426,phases/p2-gsjso/runs/20260720_anchor_census/anchor_census_raw/4907510_rank06_raw_cheirality.npz,3ebff8c23152207eba078dc775678eac5d660752b429255b591ab7b1ac5c695c,jointbuildgs.boundary_map_v3.fm_dense.raw_pair.v2,2026-07-20T07:31:45.771138+00:00,projected_footprint,p0_full_opencv_text,canonical_local_xyz,202412170846,202412170846,same_acquisition_minute_block,true,low_same_block,9.927774,fixed camera-centre baseline >0.06m,true,2.000000,true,success,,1730,1570,1570,1570,1560,763,-43.423684,0.210522,true,0.591414,0.002263,1,0,cache_reuse,census_FM_dense_dial_2px_only,920c935d2dee6f2a755b04985d29e46f40ea32595d297a689c2f14a7b527a308,8d7a4d7cf77f0e01eaeff3207cb9e35375657852cd33e62060b91934eb822df8,naver/MASt3R_ViTLarge_BaseDecoder_512_catmlpdpt_metric,06e7259f34c3060f322df5cb0c7b9094f57e41fc,0a615eb05fa9db654050aa655945ee5696e7c6c1b7f93f1ee8c37249010f6feb,sha256:89d64b4c7112cc55db0d42d562e2a0208858658c0c67ab1bd48424175c50f501,projection and classification only,EPSG:25832,0,none; locked raw-cache re-pooling only,supplement_FM_dense_dial_2px_same_block
DEBY_LOD2_4907510,3,7,DJI_20241217084641_0124_D,DJI_20241217084639_0123_D,census,phases/p2-gsjso/runs/20260720_anchor_census/anchor_census_pairs.csv,96f172b5e72e80586a4f24520407282724993ffca2d9de623e49927b500eef42,2b1ea029aed21a5f2d35fd3bd604d27e529499669cbd176bb7358d2b2588e2d5,phases/p2-gsjso/runs/20260720_anchor_census/anchor_census_raw/4907510_rank07_raw_cheirality.npz,ab40edfe4b0c07d69876ed39a1000779ca825c144c2df15180b63d81ce8862a2,jointbuildgs.boundary_map_v3.fm_dense.raw_pair.v2,2026-07-20T07:31:46.430427+00:00,projected_footprint,p0_full_opencv_text,canonical_local_xyz,202412170846,202412170846,same_acquisition_minute_block,true,low_same_block,9.610971,fixed camera-centre baseline >0.06m,true,2.000000,true,success,,2984,2857,2857,2857,2857,1391,-43.479958,0.149930,true,0.584005,0.003488,1,0,cache_reuse,census_FM_dense_dial_2px_only,f145e13fdbce409d696d25c87ebaef1d32a426e36d4ecdb9590c69f467dc8f46,8d7a4d7cf77f0e01eaeff3207cb9e35375657852cd33e62060b91934eb822df8,naver/MASt3R_ViTLarge_BaseDecoder_512_catmlpdpt_metric,06e7259f34c3060f322df5cb0c7b9094f57e41fc,0a615eb05fa9db654050aa655945ee5696e7c6c1b7f93f1ee8c37249010f6feb,sha256:89d64b4c7112cc55db0d42d562e2a0208858658c0c67ab1bd48424175c50f501,projection and classification only,EPSG:25832,0,none; locked raw-cache re-pooling only,supplement_FM_dense_dial_2px_same_block
DEBY_LOD2_4907510,3,8,DJI_20241217084643_0125_D,DJI_20241217084645_0126_D,census,phases/p2-gsjso/runs/20260720_anchor_census/anchor_census_pairs.csv,96f172b5e72e80586a4f24520407282724993ffca2d9de623e49927b500eef42,34388c413f38dcd51efa047d9ae3079df521164153e2db52000aaccca33671c3,phases/p2-gsjso/runs/20260720_anchor_census/anchor_census_raw/4907510_rank08_raw_cheirality.npz,2be6dcd0f3aa2c0bb4428824deb092677aa6441f35fa0bdbb4aab8b29c46ec94,jointbuildgs.boundary_map_v3.fm_dense.raw_pair.v2,2026-07-20T07:31:47.100250+00:00,projected_footprint,p0_full_opencv_text,canonical_local_xyz,202412170846,202412170846,same_acquisition_minute_block,true,low_same_block,3.008828,fixed camera-centre baseline >0.06m,true,2.000000,true,success,,3068,3018,3018,3018,3018,1342,-42.794987,0.683255,true,0.590665,0.003541,1,0,cache_reuse,census_FM_dense_dial_2px_only,5894c52e7dbaece142a0b39d3af3cfb9a481a72b08153f80d32ab2a896b1e458,8d7a4d7cf77f0e01eaeff3207cb9e35375657852cd33e62060b91934eb822df8,naver/MASt3R_ViTLarge_BaseDecoder_512_catmlpdpt_metric,06e7259f34c3060f322df5cb0c7b9094f57e41fc,0a615eb05fa9db654050aa655945ee5696e7c6c1b7f93f1ee8c37249010f6feb,sha256:89d64b4c7112cc55db0d42d562e2a0208858658c0c67ab1bd48424175c50f501,projection and classification only,EPSG:25832,0,none; locked raw-cache re-pooling only,supplement_FM_dense_dial_2px_same_block
DEBY_LOD2_4907510,3,9,DJI_20241217084641_0124_D,DJI_20241217084645_0126_D,census,phases/p2-gsjso/runs/20260720_anchor_census/anchor_census_pairs.csv,96f172b5e72e80586a4f24520407282724993ffca2d9de623e49927b500eef42,40cea1d2ea80fec5c61c63478b1ddc18680c392be7ed55b9fbf72c969d15ccda,phases/p2-gsjso/runs/20260720_anchor_census/anchor_census_raw/4907510_rank09_raw_cheirality.npz,8c56533f7be9ec4f9a8cdbaa228f73082f9c57b114268dfe8ad9d05b1cae1063,jointbuildgs.boundary_map_v3.fm_dense.raw_pair.v2,2026-07-20T07:31:47.790974+00:00,projected_footprint,p0_full_opencv_text,canonical_local_xyz,202412170846,202412170846,same_acquisition_minute_block,true,low_same_block,2.405196,fixed camera-centre baseline >0.06m,true,2.000000,true,success,,3071,3034,3034,3034,3032,1392,-42.327704,0.674125,true,0.603972,0.003553,1,0,cache_reuse,census_FM_dense_dial_2px_only,40e3ccf800ce0f96d8838f196f729b5ee30c27e43ad66c2df50f2077ad9c75e2,8d7a4d7cf77f0e01eaeff3207cb9e35375657852cd33e62060b91934eb822df8,naver/MASt3R_ViTLarge_BaseDecoder_512_catmlpdpt_metric,06e7259f34c3060f322df5cb0c7b9094f57e41fc,0a615eb05fa9db654050aa655945ee5696e7c6c1b7f93f1ee8c37249010f6feb,sha256:89d64b4c7112cc55db0d42d562e2a0208858658c0c67ab1bd48424175c50f501,projection and classification only,EPSG:25832,0,none; locked raw-cache re-pooling only,supplement_FM_dense_dial_2px_same_block
DEBY_LOD2_4907510,3,10,DJI_20241217084643_0125_D,DJI_20241217084641_0124_D,census,phases/p2-gsjso/runs/20260720_anchor_census/anchor_census_pairs.csv,96f172b5e72e80586a4f24520407282724993ffca2d9de623e49927b500eef42,e2c31f47cabcff1094ca487917b77e78f6de3925b5474774922424f4c4171d48,phases/p2-gsjso/runs/20260720_anchor_census/anchor_census_raw/4907510_rank10_raw_cheirality.npz,1de8343b47f36e990fc79d8008af3ab588aa73da4411e13f54d39dd7fca26e4e,jointbuildgs.boundary_map_v3.fm_dense.raw_pair.v2,2026-07-20T07:31:48.449194+00:00,projected_footprint,p0_full_opencv_text,canonical_local_xyz,202412170846,202412170846,same_acquisition_minute_block,true,low_same_block,1.879285,fixed camera-centre baseline >0.06m,true,2.000000,true,success,,3059,2869,2869,2869,2869,1379,-43.395605,0.694919,true,0.578953,0.003419,1,0,cache_reuse,census_FM_dense_dial_2px_only,bdcf157f0c39ed5e64c45a044982c05cd5ce8831a431f8f9de9cc1350d283296,8d7a4d7cf77f0e01eaeff3207cb9e35375657852cd33e62060b91934eb822df8,naver/MASt3R_ViTLarge_BaseDecoder_512_catmlpdpt_metric,06e7259f34c3060f322df5cb0c7b9094f57e41fc,0a615eb05fa9db654050aa655945ee5696e7c6c1b7f93f1ee8c37249010f6feb,sha256:89d64b4c7112cc55db0d42d562e2a0208858658c0c67ab1bd48424175c50f501,projection and classification only,EPSG:25832,0,none; locked raw-cache re-pooling only,supplement_FM_dense_dial_2px_same_block
DEBY_LOD2_4908051,4,1,DJI_20241217090807_0006_D,DJI_20241217090847_0026_D,census,phases/p2-gsjso/runs/20260720_anchor_census/anchor_census_pairs.csv,96f172b5e72e80586a4f24520407282724993ffca2d9de623e49927b500eef42,8a981812134e06ea03a0d534b04058256dda1e2cdc6e88bfee26bf688e3e0341,phases/p2-gsjso/runs/20260720_anchor_census/anchor_census_raw/4908051_rank01_raw_cheirality.npz,7f8bfa97ae932b2d9587019b0c1254c1f6cd21704da46c0e8a991e4bd480d8af,jointbuildgs.boundary_map_v3.fm_dense.raw_pair.v2,2026-07-20T07:29:52.224188+00:00,projected_footprint,p0_full_opencv_text,canonical_local_xyz,202412170908,202412170908,same_acquisition_minute_block,true,low_same_block,159.709184,fixed camera-centre baseline >0.06m,true,2.000000,true,success,,44,33,33,0,0,0,,,true,0.773990,0.000576,1,0,cache_reuse,census_FM_dense_dial_2px_only,fabfb6f9064b7fa322e22b53753d0ae6a5ed574072c22f1e16fa7e85c180f805,8d7a4d7cf77f0e01eaeff3207cb9e35375657852cd33e62060b91934eb822df8,naver/MASt3R_ViTLarge_BaseDecoder_512_catmlpdpt_metric,06e7259f34c3060f322df5cb0c7b9094f57e41fc,0a615eb05fa9db654050aa655945ee5696e7c6c1b7f93f1ee8c37249010f6feb,sha256:89d64b4c7112cc55db0d42d562e2a0208858658c0c67ab1bd48424175c50f501,projection and classification only,EPSG:25832,0,none; locked raw-cache re-pooling only,supplement_FM_dense_dial_2px_same_block
DEBY_LOD2_4908051,4,2,DJI_20241217090809_0007_D,DJI_20241217090847_0026_D,census,phases/p2-gsjso/runs/20260720_anchor_census/anchor_census_pairs.csv,96f172b5e72e80586a4f24520407282724993ffca2d9de623e49927b500eef42,787d561cc7a6c1843765642ccc1c56182c00ad50e3fb2a8a5e25308760c3a643,phases/p2-gsjso/runs/20260720_anchor_census/anchor_census_raw/4908051_rank02_raw_cheirality.npz,01cd429f186e4e5702922ddc368f0c8eb3bd70f469d8fc5a00535a6be82e57b3,jointbuildgs.boundary_map_v3.fm_dense.raw_pair.v2,2026-07-20T07:29:53.005690+00:00,projected_footprint,p0_full_opencv_text,canonical_local_xyz,202412170908,202412170908,same_acquisition_minute_block,true,low_same_block,156.365471,fixed camera-centre baseline >0.06m,true,2.000000,true,success,,4,1,1,0,0,0,,,true,0.708370,0.000558,1,0,cache_reuse,census_FM_dense_dial_2px_only,649f812af804cc9b6420922cb84ab50e4220f1d43b4daee72068caa6a83d55ed,8d7a4d7cf77f0e01eaeff3207cb9e35375657852cd33e62060b91934eb822df8,naver/MASt3R_ViTLarge_BaseDecoder_512_catmlpdpt_metric,06e7259f34c3060f322df5cb0c7b9094f57e41fc,0a615eb05fa9db654050aa655945ee5696e7c6c1b7f93f1ee8c37249010f6feb,sha256:89d64b4c7112cc55db0d42d562e2a0208858658c0c67ab1bd48424175c50f501,projection and classification only,EPSG:25832,0,none; locked raw-cache re-pooling only,supplement_FM_dense_dial_2px_same_block
DEBY_LOD2_4908051,4,3,DJI_20241217090811_0008_D,DJI_20241217090847_0026_D,census,phases/p2-gsjso/runs/20260720_anchor_census/anchor_census_pairs.csv,96f172b5e72e80586a4f24520407282724993ffca2d9de623e49927b500eef42,5c896f9eda37c3cd6888b830fa66dc55e0161d149ce05e192aaf751eaca7ec8e,phases/p2-gsjso/runs/20260720_anchor_census/anchor_census_raw/4908051_rank03_raw_cheirality.npz,e7b0c878b87ae2c133148192230cba2beef2b8b878b30da2a16339660e3dbb08,jointbuildgs.boundary_map_v3.fm_dense.raw_pair.v2,2026-07-20T07:29:53.772551+00:00,projected_footprint,p0_full_opencv_text,canonical_local_xyz,202412170908,202412170908,same_acquisition_minute_block,true,low_same_block,151.243907,fixed camera-centre baseline >0.06m,true,2.000000,true,success,,101,55,55,0,0,0,,,true,0.696227,0.000564,1,0,cache_reuse,census_FM_dense_dial_2px_only,4da0babbb87a11fc0e1bd26cb6c174875eabd2edd789e147c71debbbeaac80b8,8d7a4d7cf77f0e01eaeff3207cb9e35375657852cd33e62060b91934eb822df8,naver/MASt3R_ViTLarge_BaseDecoder_512_catmlpdpt_metric,06e7259f34c3060f322df5cb0c7b9094f57e41fc,0a615eb05fa9db654050aa655945ee5696e7c6c1b7f93f1ee8c37249010f6feb,sha256:89d64b4c7112cc55db0d42d562e2a0208858658c0c67ab1bd48424175c50f501,projection and classification only,EPSG:25832,0,none; locked raw-cache re-pooling only,supplement_FM_dense_dial_2px_same_block
DEBY_LOD2_4908051,4,4,DJI_20241217090845_0025_D,DJI_20241217090807_0006_D,census,phases/p2-gsjso/runs/20260720_anchor_census/anchor_census_pairs.csv,96f172b5e72e80586a4f24520407282724993ffca2d9de623e49927b500eef42,e6f12866546fa93170c7d6bf38e0e46a5a530216107aabf36b2cd96257af09bb,phases/p2-gsjso/runs/20260720_anchor_census/anchor_census_raw/4908051_rank04_raw_cheirality.npz,9e6ba6bcebca4c5264b1787a762255525e8403de73682826dc8a56b9eed9777e,jointbuildgs.boundary_map_v3.fm_dense.raw_pair.v2,2026-07-20T07:29:54.531366+00:00,projected_footprint,p0_full_opencv_text,canonical_local_xyz,202412170908,202412170908,same_acquisition_minute_block,true,low_same_block,149.714388,fixed camera-centre baseline >0.06m,true,2.000000,true,success,,258,230,230,227,0,0,,,true,0.683420,0.000746,1,0,cache_reuse,census_FM_dense_dial_2px_only,236d2a027f64e350542a0305fc5a79881fc2b37bb0970cc7df3549b6287401cb,8d7a4d7cf77f0e01eaeff3207cb9e35375657852cd33e62060b91934eb822df8,naver/MASt3R_ViTLarge_BaseDecoder_512_catmlpdpt_metric,06e7259f34c3060f322df5cb0c7b9094f57e41fc,0a615eb05fa9db654050aa655945ee5696e7c6c1b7f93f1ee8c37249010f6feb,sha256:89d64b4c7112cc55db0d42d562e2a0208858658c0c67ab1bd48424175c50f501,projection and classification only,EPSG:25832,0,none; locked raw-cache re-pooling only,supplement_FM_dense_dial_2px_same_block
DEBY_LOD2_4908051,4,5,DJI_20241217090845_0025_D,DJI_20241217090809_0007_D,census,phases/p2-gsjso/runs/20260720_anchor_census/anchor_census_pairs.csv,96f172b5e72e80586a4f24520407282724993ffca2d9de623e49927b500eef42,97b9e5c891ea7fa24d5c5d9414849ef0b397db4ce86bb729a02d2abcdaf84842,phases/p2-gsjso/runs/20260720_anchor_census/anchor_census_raw/4908051_rank05_raw_cheirality.npz,42b85e6b234653239e4afcf6c626b47bb46e35ab287442cfdd35ca1f06f1544c,jointbuildgs.boundary_map_v3.fm_dense.raw_pair.v2,2026-07-20T07:29:55.278433+00:00,projected_footprint,p0_full_opencv_text,canonical_local_xyz,202412170908,202412170908,same_acquisition_minute_block,true,low_same_block,146.370650,fixed camera-centre baseline >0.06m,true,2.000000,true,success,,72,47,47,10,0,0,,,true,0.681440,0.000593,1,0,cache_reuse,census_FM_dense_dial_2px_only,12699d7cf57a968b93ac8d7f2dd8e59bd7025a02a624d5a188e7094e17a668d1,8d7a4d7cf77f0e01eaeff3207cb9e35375657852cd33e62060b91934eb822df8,naver/MASt3R_ViTLarge_BaseDecoder_512_catmlpdpt_metric,06e7259f34c3060f322df5cb0c7b9094f57e41fc,0a615eb05fa9db654050aa655945ee5696e7c6c1b7f93f1ee8c37249010f6feb,sha256:89d64b4c7112cc55db0d42d562e2a0208858658c0c67ab1bd48424175c50f501,projection and classification only,EPSG:25832,0,none; locked raw-cache re-pooling only,supplement_FM_dense_dial_2px_same_block
DEBY_LOD2_4908051,4,6,DJI_20241217090845_0025_D,DJI_20241217090811_0008_D,census,phases/p2-gsjso/runs/20260720_anchor_census/anchor_census_pairs.csv,96f172b5e72e80586a4f24520407282724993ffca2d9de623e49927b500eef42,3d5ac47dacceac9d4b2029ebe18926e4f9cd0bdeeae58337781fa553865e9dc0,phases/p2-gsjso/runs/20260720_anchor_census/anchor_census_raw/4908051_rank06_raw_cheirality.npz,a924f5f9d1ba13ddd3d3fc9580b5e9eecb435c45f44b1d0b6976c21b94590908,jointbuildgs.boundary_map_v3.fm_dense.raw_pair.v2,2026-07-20T07:29:55.998990+00:00,projected_footprint,p0_full_opencv_text,canonical_local_xyz,202412170908,202412170908,same_acquisition_minute_block,true,low_same_block,141.249063,fixed camera-centre baseline >0.06m,true,2.000000,true,success,,249,192,192,178,0,0,,,true,0.656407,0.000712,1,0,cache_reuse,census_FM_dense_dial_2px_only,f83e097ab367b9a6eba51e8acd282c592b830fa0397d0711eab52a438545fc08,8d7a4d7cf77f0e01eaeff3207cb9e35375657852cd33e62060b91934eb822df8,naver/MASt3R_ViTLarge_BaseDecoder_512_catmlpdpt_metric,06e7259f34c3060f322df5cb0c7b9094f57e41fc,0a615eb05fa9db654050aa655945ee5696e7c6c1b7f93f1ee8c37249010f6feb,sha256:89d64b4c7112cc55db0d42d562e2a0208858658c0c67ab1bd48424175c50f501,projection and classification only,EPSG:25832,0,none; locked raw-cache re-pooling only,supplement_FM_dense_dial_2px_same_block
DEBY_LOD2_4908051,4,7,DJI_20241217090845_0025_D,DJI_20241217090847_0026_D,census,phases/p2-gsjso/runs/20260720_anchor_census/anchor_census_pairs.csv,96f172b5e72e80586a4f24520407282724993ffca2d9de623e49927b500eef42,410e303fbd5f099484fa12c01fcbbb7d2ab31dbeb58685167f2387eefd401e9c,phases/p2-gsjso/runs/20260720_anchor_census/anchor_census_raw/4908051_rank07_raw_cheirality.npz,3dc68985c5e1956b1f01e025072402fafeb28e4fc3259c9dadecd01aef0683f9,jointbuildgs.boundary_map_v3.fm_dense.raw_pair.v2,2026-07-20T07:29:56.825298+00:00,projected_footprint,p0_full_opencv_text,canonical_local_xyz,202412170908,202412170908,same_acquisition_minute_block,true,low_same_block,9.995141,fixed camera-centre baseline >0.06m,true,2.000000,true,success,,1351,1175,1175,1175,272,0,,,true,0.752190,0.001073,1,0,cache_reuse,census_FM_dense_dial_2px_only,30857227e56d55c26c54b193b93d7f867872adc25e648702f86405b9a4c3e8f4,8d7a4d7cf77f0e01eaeff3207cb9e35375657852cd33e62060b91934eb822df8,naver/MASt3R_ViTLarge_BaseDecoder_512_catmlpdpt_metric,06e7259f34c3060f322df5cb0c7b9094f57e41fc,0a615eb05fa9db654050aa655945ee5696e7c6c1b7f93f1ee8c37249010f6feb,sha256:89d64b4c7112cc55db0d42d562e2a0208858658c0c67ab1bd48424175c50f501,projection and classification only,EPSG:25832,0,none; locked raw-cache re-pooling only,supplement_FM_dense_dial_2px_same_block
DEBY_LOD2_4908051,4,8,DJI_20241217090811_0008_D,DJI_20241217090807_0006_D,census,phases/p2-gsjso/runs/20260720_anchor_census/anchor_census_pairs.csv,96f172b5e72e80586a4f24520407282724993ffca2d9de623e49927b500eef42,9783a66cc70c1f76bfc99d1d06b27e2c951bbdf004070798c1322f983c390632,phases/p2-gsjso/runs/20260720_anchor_census/anchor_census_raw/4908051_rank08_raw_cheirality.npz,23b46d65da3d8e2e03cff4cfa935744da75bb61249d798f89a816790ec8a6050,jointbuildgs.boundary_map_v3.fm_dense.raw_pair.v2,2026-07-20T07:29:57.583055+00:00,projected_footprint,p0_full_opencv_text,canonical_local_xyz,202412170908,202412170908,same_acquisition_minute_block,true,low_same_block,8.466689,fixed camera-centre baseline >0.06m,true,2.000000,true,success,,1773,1613,1613,1613,1505,0,,,true,0.684752,0.001464,1,0,cache_reuse,census_FM_dense_dial_2px_only,829c62ccd2193deee37c695c9b404899658ab444f568fbac5aba25229e9b5467,8d7a4d7cf77f0e01eaeff3207cb9e35375657852cd33e62060b91934eb822df8,naver/MASt3R_ViTLarge_BaseDecoder_512_catmlpdpt_metric,06e7259f34c3060f322df5cb0c7b9094f57e41fc,0a615eb05fa9db654050aa655945ee5696e7c6c1b7f93f1ee8c37249010f6feb,sha256:89d64b4c7112cc55db0d42d562e2a0208858658c0c67ab1bd48424175c50f501,projection and classification only,EPSG:25832,0,none; locked raw-cache re-pooling only,supplement_FM_dense_dial_2px_same_block
DEBY_LOD2_4908051,4,9,DJI_20241217090811_0008_D,DJI_20241217090809_0007_D,census,phases/p2-gsjso/runs/20260720_anchor_census/anchor_census_pairs.csv,96f172b5e72e80586a4f24520407282724993ffca2d9de623e49927b500eef42,7db21fac27f178f87096c45725c3d990211e9bd8ace646ce08107a34f732b0a7,phases/p2-gsjso/runs/20260720_anchor_census/anchor_census_raw/4908051_rank09_raw_cheirality.npz,939c8751aeafe8a4b79022d4b05941c436213ac99129d86d01135f8a241ab96c,jointbuildgs.boundary_map_v3.fm_dense.raw_pair.v2,2026-07-20T07:29:58.340160+00:00,projected_footprint,p0_full_opencv_text,canonical_local_xyz,202412170908,202412170908,same_acquisition_minute_block,true,low_same_block,5.122165,fixed camera-centre baseline >0.06m,true,2.000000,true,success,,2261,2144,2144,2144,2030,0,,,true,0.689198,0.001632,1,0,cache_reuse,census_FM_dense_dial_2px_only,91039902b02b9d677401952112318dfb98d5bb39311c077ca2ea3bbe3f80bac5,8d7a4d7cf77f0e01eaeff3207cb9e35375657852cd33e62060b91934eb822df8,naver/MASt3R_ViTLarge_BaseDecoder_512_catmlpdpt_metric,06e7259f34c3060f322df5cb0c7b9094f57e41fc,0a615eb05fa9db654050aa655945ee5696e7c6c1b7f93f1ee8c37249010f6feb,sha256:89d64b4c7112cc55db0d42d562e2a0208858658c0c67ab1bd48424175c50f501,projection and classification only,EPSG:25832,0,none; locked raw-cache re-pooling only,supplement_FM_dense_dial_2px_same_block
DEBY_LOD2_4908051,4,10,DJI_20241217090809_0007_D,DJI_20241217090807_0006_D,census,phases/p2-gsjso/runs/20260720_anchor_census/anchor_census_pairs.csv,96f172b5e72e80586a4f24520407282724993ffca2d9de623e49927b500eef42,730087777c5d7f50c4074f7d5a10264f99ab9089ad3fedb29a076fdf7a9e3836,phases/p2-gsjso/runs/20260720_anchor_census/anchor_census_raw/4908051_rank10_raw_cheirality.npz,c9dd23a2bc5b83e620125d7cde0a02f4c130f9f38adfb47b64a3557f3d3d6c78,jointbuildgs.boundary_map_v3.fm_dense.raw_pair.v2,2026-07-20T07:29:59.112311+00:00,projected_footprint,p0_full_opencv_text,canonical_local_xyz,202412170908,202412170908,same_acquisition_minute_block,true,low_same_block,3.344590,fixed camera-centre baseline >0.06m,true,2.000000,true,success,,2669,2548,2548,2548,2346,0,,,true,0.673230,0.001771,1,0,cache_reuse,census_FM_dense_dial_2px_only,668baf4238a61d8fe035b64e49893c226795088a16b0aa1e01d49445cc558757,8d7a4d7cf77f0e01eaeff3207cb9e35375657852cd33e62060b91934eb822df8,naver/MASt3R_ViTLarge_BaseDecoder_512_catmlpdpt_metric,06e7259f34c3060f322df5cb0c7b9094f57e41fc,0a615eb05fa9db654050aa655945ee5696e7c6c1b7f93f1ee8c37249010f6feb,sha256:89d64b4c7112cc55db0d42d562e2a0208858658c0c67ab1bd48424175c50f501,projection and classification only,EPSG:25832,0,none; locked raw-cache re-pooling only,supplement_FM_dense_dial_2px_same_block
DEBY_LOD2_4908052,5,1,DJI_20241217090825_0015_D,DJI_20241217090833_0019_D,census,phases/p2-gsjso/runs/20260720_anchor_census/anchor_census_pairs.csv,96f172b5e72e80586a4f24520407282724993ffca2d9de623e49927b500eef42,79c3ad9890374692c83a45da2327762eb009a5a2fc506fdba5b71446ec95e7a2,phases/p2-gsjso/runs/20260720_anchor_census/anchor_census_raw/4908052_rank01_raw_cheirality.npz,5b659bbfd99d170afe54f566bd5483c5b0c5a66a0c561af81c73bf5aa036db49,jointbuildgs.boundary_map_v3.fm_dense.raw_pair.v2,2026-07-20T07:30:00.003395+00:00,projected_footprint,p0_full_opencv_text,canonical_local_xyz,202412170908,202412170908,same_acquisition_minute_block,true,low_same_block,39.985238,fixed camera-centre baseline >0.06m,true,2.000000,true,success,,1029,897,897,888,8,0,,,true,0.658399,0.000974,1,0,cache_reuse,census_FM_dense_dial_2px_only,c75c50f9c461eb36b8b966829013c6a49f39dac34f2e6bb3946406641d8e9d90,8d7a4d7cf77f0e01eaeff3207cb9e35375657852cd33e62060b91934eb822df8,naver/MASt3R_ViTLarge_BaseDecoder_512_catmlpdpt_metric,06e7259f34c3060f322df5cb0c7b9094f57e41fc,0a615eb05fa9db654050aa655945ee5696e7c6c1b7f93f1ee8c37249010f6feb,sha256:89d64b4c7112cc55db0d42d562e2a0208858658c0c67ab1bd48424175c50f501,projection and classification only,EPSG:25832,0,none; locked raw-cache re-pooling only,supplement_FM_dense_dial_2px_same_block
DEBY_LOD2_4908052,5,2,DJI_20241217090831_0018_D,DJI_20241217090825_0015_D,census,phases/p2-gsjso/runs/20260720_anchor_census/anchor_census_pairs.csv,96f172b5e72e80586a4f24520407282724993ffca2d9de623e49927b500eef42,33df68ea719cf4517a15fca94bbb85e227bb5742493afc3793b34cb28346cb1c,phases/p2-gsjso/runs/20260720_anchor_census/anchor_census_raw/4908052_rank02_raw_cheirality.npz,3ec56563c46f7ee6299470765aae26bbafea9cf3e6837e250b50b7afde3506d3,jointbuildgs.boundary_map_v3.fm_dense.raw_pair.v2,2026-07-20T07:30:00.700198+00:00,projected_footprint,p0_full_opencv_text,canonical_local_xyz,202412170908,202412170908,same_acquisition_minute_block,true,low_same_block,30.166216,fixed camera-centre baseline >0.06m,true,2.000000,true,success,,868,519,519,519,252,0,,,true,0.623586,0.000909,1,0,cache_reuse,census_FM_dense_dial_2px_only,2a0abfb2ac04ccba285a653300d92d4fadfdfa83ff21fd68aa701d81f9cdd86d,8d7a4d7cf77f0e01eaeff3207cb9e35375657852cd33e62060b91934eb822df8,naver/MASt3R_ViTLarge_BaseDecoder_512_catmlpdpt_metric,06e7259f34c3060f322df5cb0c7b9094f57e41fc,0a615eb05fa9db654050aa655945ee5696e7c6c1b7f93f1ee8c37249010f6feb,sha256:89d64b4c7112cc55db0d42d562e2a0208858658c0c67ab1bd48424175c50f501,projection and classification only,EPSG:25832,0,none; locked raw-cache re-pooling only,supplement_FM_dense_dial_2px_same_block
DEBY_LOD2_4908052,5,3,DJI_20241217090827_0016_D,DJI_20241217090833_0019_D,census,phases/p2-gsjso/runs/20260720_anchor_census/anchor_census_pairs.csv,96f172b5e72e80586a4f24520407282724993ffca2d9de623e49927b500eef42,f466f4b9373c8d366759b8037e0d51f9962d8cbfcd4f5775b4293c84be1d7652,phases/p2-gsjso/runs/20260720_anchor_census/anchor_census_raw/4908052_rank03_raw_cheirality.npz,e2183ea972f2c80482a687d8b3eb9f66e7610a73d6e97be080a86a99fc089152,jointbuildgs.boundary_map_v3.fm_dense.raw_pair.v2,2026-07-20T07:30:01.394962+00:00,projected_footprint,p0_full_opencv_text,canonical_local_xyz,202412170908,202412170908,same_acquisition_minute_block,true,low_same_block,30.074403,fixed camera-centre baseline >0.06m,true,2.000000,true,success,,771,554,554,553,176,0,,,true,0.629621,0.000910,1,0,cache_reuse,census_FM_dense_dial_2px_only,665c6355300b0201729b2d6b04ab923b3f2f43e108a4424e6f060c7cc19df3de,8d7a4d7cf77f0e01eaeff3207cb9e35375657852cd33e62060b91934eb822df8,naver/MASt3R_ViTLarge_BaseDecoder_512_catmlpdpt_metric,06e7259f34c3060f322df5cb0c7b9094f57e41fc,0a615eb05fa9db654050aa655945ee5696e7c6c1b7f93f1ee8c37249010f6feb,sha256:89d64b4c7112cc55db0d42d562e2a0208858658c0c67ab1bd48424175c50f501,projection and classification only,EPSG:25832,0,none; locked raw-cache re-pooling only,supplement_FM_dense_dial_2px_same_block
DEBY_LOD2_4908052,5,4,DJI_20241217090827_0016_D,DJI_20241217090831_0018_D,census,phases/p2-gsjso/runs/20260720_anchor_census/anchor_census_pairs.csv,96f172b5e72e80586a4f24520407282724993ffca2d9de623e49927b500eef42,7caf11b01ca1e4ddcf20030d4d99e36c24b8746d6e98576597c5d007e9fdb7cc,phases/p2-gsjso/runs/20260720_anchor_census/anchor_census_raw/4908052_rank04_raw_cheirality.npz,66d920d9953ad96314a0ce5a9aa5ba0e5607c45b977ac179ac26e94c903f4609,jointbuildgs.boundary_map_v3.fm_dense.raw_pair.v2,2026-07-20T07:30:02.042154+00:00,projected_footprint,p0_full_opencv_text,canonical_local_xyz,202412170908,202412170908,same_acquisition_minute_block,true,low_same_block,20.255337,fixed camera-centre baseline >0.06m,true,2.000000,true,success,,1145,963,963,960,526,0,,,true,0.582505,0.001058,1,0,cache_reuse,census_FM_dense_dial_2px_only,f76ccfc2c691308199b50b71e065aa66ee2b0de3fe14311caf33b3119650dd3b,8d7a4d7cf77f0e01eaeff3207cb9e35375657852cd33e62060b91934eb822df8,naver/MASt3R_ViTLarge_BaseDecoder_512_catmlpdpt_metric,06e7259f34c3060f322df5cb0c7b9094f57e41fc,0a615eb05fa9db654050aa655945ee5696e7c6c1b7f93f1ee8c37249010f6feb,sha256:89d64b4c7112cc55db0d42d562e2a0208858658c0c67ab1bd48424175c50f501,projection and classification only,EPSG:25832,0,none; locked raw-cache re-pooling only,supplement_FM_dense_dial_2px_same_block
DEBY_LOD2_4908052,5,5,DJI_20241217090829_0017_D,DJI_20241217090833_0019_D,census,phases/p2-gsjso/runs/20260720_anchor_census/anchor_census_pairs.csv,96f172b5e72e80586a4f24520407282724993ffca2d9de623e49927b500eef42,dca345d7be719dc837d874f5633da445fb7cf7d71b17e6b07082dae92bb66fed,phases/p2-gsjso/runs/20260720_anchor_census/anchor_census_raw/4908052_rank05_raw_cheirality.npz,de31fc69b82ae6f163ffb5ba3125fe09b086b23f4d1bdd040f59fb5820239343,jointbuildgs.boundary_map_v3.fm_dense.raw_pair.v2,2026-07-20T07:30:02.757153+00:00,projected_footprint,p0_full_opencv_text,canonical_local_xyz,202412170908,202412170908,same_acquisition_minute_block,true,low_same_block,20.060368,fixed camera-centre baseline >0.06m,true,2.000000,true,success,,1092,913,913,913,24,0,,,true,0.651931,0.000951,1,0,cache_reuse,census_FM_dense_dial_2px_only,1fa0fb7ce4d1b8e7152ca744ca11bf73952d5e6427614c2d169d9db969876ca1,8d7a4d7cf77f0e01eaeff3207cb9e35375657852cd33e62060b91934eb822df8,naver/MASt3R_ViTLarge_BaseDecoder_512_catmlpdpt_metric,06e7259f34c3060f322df5cb0c7b9094f57e41fc,0a615eb05fa9db654050aa655945ee5696e7c6c1b7f93f1ee8c37249010f6feb,sha256:89d64b4c7112cc55db0d42d562e2a0208858658c0c67ab1bd48424175c50f501,projection and classification only,EPSG:25832,0,none; locked raw-cache re-pooling only,supplement_FM_dense_dial_2px_same_block
DEBY_LOD2_4908052,5,6,DJI_20241217090829_0017_D,DJI_20241217090825_0015_D,census,phases/p2-gsjso/runs/20260720_anchor_census/anchor_census_pairs.csv,96f172b5e72e80586a4f24520407282724993ffca2d9de623e49927b500eef42,9bd9466b13bd86461da02c2f8fe7e33bf795c77a8e9fdafeda057048f4821d01,phases/p2-gsjso/runs/20260720_anchor_census/anchor_census_raw/4908052_rank06_raw_cheirality.npz,8a14b5f1ecf67763b7a024fc8e5e33f888e722de3cabb9ce833317d416fbbf28,jointbuildgs.boundary_map_v3.fm_dense.raw_pair.v2,2026-07-20T07:30:03.432620+00:00,projected_footprint,p0_full_opencv_text,canonical_local_xyz,202412170908,202412170908,same_acquisition_minute_block,true,low_same_block,19.924872,fixed camera-centre baseline >0.06m,true,2.000000,true,success,,1111,869,869,869,854,0,,,true,0.589144,0.001112,1,0,cache_reuse,census_FM_dense_dial_2px_only,428739b2a7c9417167e8ce9114fac548c24c08e76dde662600e0c75fee6bb6a7,8d7a4d7cf77f0e01eaeff3207cb9e35375657852cd33e62060b91934eb822df8,naver/MASt3R_ViTLarge_BaseDecoder_512_catmlpdpt_metric,06e7259f34c3060f322df5cb0c7b9094f57e41fc,0a615eb05fa9db654050aa655945ee5696e7c6c1b7f93f1ee8c37249010f6feb,sha256:89d64b4c7112cc55db0d42d562e2a0208858658c0c67ab1bd48424175c50f501,projection and classification only,EPSG:25832,0,none; locked raw-cache re-pooling only,supplement_FM_dense_dial_2px_same_block
DEBY_LOD2_4908052,5,7,DJI_20241217090829_0017_D,DJI_20241217090831_0018_D,census,phases/p2-gsjso/runs/20260720_anchor_census/anchor_census_pairs.csv,96f172b5e72e80586a4f24520407282724993ffca2d9de623e49927b500eef42,aa81ba8407435a7b02858cd9ecc26cb0a67db9900c690c538030e093ed5f1ad1,phases/p2-gsjso/runs/20260720_anchor_census/anchor_census_raw/4908052_rank07_raw_cheirality.npz,4e678aa19c3d147cee0d3d01a28441a03006971cd0abc6ed30eaf847c6a13e88,jointbuildgs.boundary_map_v3.fm_dense.raw_pair.v2,2026-07-20T07:30:04.078741+00:00,projected_footprint,p0_full_opencv_text,canonical_local_xyz,202412170908,202412170908,same_acquisition_minute_block,true,low_same_block,10.241360,fixed camera-centre baseline >0.06m,true,2.000000,true,success,,2047,1866,1866,1866,1781,0,,,true,0.578928,0.001520,1,0,cache_reuse,census_FM_dense_dial_2px_only,da18144a8bcd2094f0ec0c3a80ac87c2dacd848907ba723a9d7ac76a94105157,8d7a4d7cf77f0e01eaeff3207cb9e35375657852cd33e62060b91934eb822df8,naver/MASt3R_ViTLarge_BaseDecoder_512_catmlpdpt_metric,06e7259f34c3060f322df5cb0c7b9094f57e41fc,0a615eb05fa9db654050aa655945ee5696e7c6c1b7f93f1ee8c37249010f6feb,sha256:89d64b4c7112cc55db0d42d562e2a0208858658c0c67ab1bd48424175c50f501,projection and classification only,EPSG:25832,0,none; locked raw-cache re-pooling only,supplement_FM_dense_dial_2px_same_block
DEBY_LOD2_4908052,5,8,DJI_20241217090829_0017_D,DJI_20241217090827_0016_D,census,phases/p2-gsjso/runs/20260720_anchor_census/anchor_census_pairs.csv,96f172b5e72e80586a4f24520407282724993ffca2d9de623e49927b500eef42,0823cb7253c2aaf85a553be1f1871a05ac94a02d366b9ad2dd879b610cafcf5b,phases/p2-gsjso/runs/20260720_anchor_census/anchor_census_raw/4908052_rank08_raw_cheirality.npz,8c6973ce17685b2162855aca69cef68fcfbcb683cf4ecc0f70cda64844daf67f,jointbuildgs.boundary_map_v3.fm_dense.raw_pair.v2,2026-07-20T07:30:04.756399+00:00,projected_footprint,p0_full_opencv_text,canonical_local_xyz,202412170908,202412170908,same_acquisition_minute_block,true,low_same_block,10.014086,fixed camera-centre baseline >0.06m,true,2.000000,true,success,,2235,2098,2098,2098,2098,0,,,true,0.594705,0.001640,1,0,cache_reuse,census_FM_dense_dial_2px_only,e14cbb5c849619692305d3696fda9d1cc8648218e58e2bb2bce7e213ada4b61b,8d7a4d7cf77f0e01eaeff3207cb9e35375657852cd33e62060b91934eb822df8,naver/MASt3R_ViTLarge_BaseDecoder_512_catmlpdpt_metric,06e7259f34c3060f322df5cb0c7b9094f57e41fc,0a615eb05fa9db654050aa655945ee5696e7c6c1b7f93f1ee8c37249010f6feb,sha256:89d64b4c7112cc55db0d42d562e2a0208858658c0c67ab1bd48424175c50f501,projection and classification only,EPSG:25832,0,none; locked raw-cache re-pooling only,supplement_FM_dense_dial_2px_same_block
DEBY_LOD2_4908052,5,9,DJI_20241217090827_0016_D,DJI_20241217090825_0015_D,census,phases/p2-gsjso/runs/20260720_anchor_census/anchor_census_pairs.csv,96f172b5e72e80586a4f24520407282724993ffca2d9de623e49927b500eef42,158fdb1453a75f5c3d09eac15259cda20098f1ab1150e7c769451a049f6666a2,phases/p2-gsjso/runs/20260720_anchor_census/anchor_census_raw/4908052_rank09_raw_cheirality.npz,90353311219610d9ff0a6851311ae802ad16078b7dc4d15499a7ea4c083bc32f,jointbuildgs.boundary_map_v3.fm_dense.raw_pair.v2,2026-07-20T07:30:05.435531+00:00,projected_footprint,p0_full_opencv_text,canonical_local_xyz,202412170908,202412170908,same_acquisition_minute_block,true,low_same_block,9.910981,fixed camera-centre baseline >0.06m,true,2.000000,true,success,,2273,2181,2181,2181,2181,0,,,true,0.604767,0.001675,1,0,cache_reuse,census_FM_dense_dial_2px_only,984650fa305cab5c911f7908f1f8cd3289fdb59a18a05ee11d595a7fe0fa0459,8d7a4d7cf77f0e01eaeff3207cb9e35375657852cd33e62060b91934eb822df8,naver/MASt3R_ViTLarge_BaseDecoder_512_catmlpdpt_metric,06e7259f34c3060f322df5cb0c7b9094f57e41fc,0a615eb05fa9db654050aa655945ee5696e7c6c1b7f93f1ee8c37249010f6feb,sha256:89d64b4c7112cc55db0d42d562e2a0208858658c0c67ab1bd48424175c50f501,projection and classification only,EPSG:25832,0,none; locked raw-cache re-pooling only,supplement_FM_dense_dial_2px_same_block
DEBY_LOD2_4908052,5,10,DJI_20241217090831_0018_D,DJI_20241217090833_0019_D,census,phases/p2-gsjso/runs/20260720_anchor_census/anchor_census_pairs.csv,96f172b5e72e80586a4f24520407282724993ffca2d9de623e49927b500eef42,572a154a1ae25dd9afe73955c53b6e544673595fba5727b7c77be1060fc23fe6,phases/p2-gsjso/runs/20260720_anchor_census/anchor_census_raw/4908052_rank10_raw_cheirality.npz,c86da89f0f761a0e198d44d5b044a0f33713d402e2dea5e7f9c10181930a1f91,jointbuildgs.boundary_map_v3.fm_dense.raw_pair.v2,2026-07-20T07:30:06.141251+00:00,projected_footprint,p0_full_opencv_text,canonical_local_xyz,202412170908,202412170908,same_acquisition_minute_block,true,low_same_block,9.819081,fixed camera-centre baseline >0.06m,true,2.000000,true,success,,2385,2230,2230,2230,2078,0,,,true,0.618287,0.001648,1,0,cache_reuse,census_FM_dense_dial_2px_only,25f9808b134b8ef4bd1f1c96b63a494eab2c829c5b6d89fa1818fb9770d06cf1,8d7a4d7cf77f0e01eaeff3207cb9e35375657852cd33e62060b91934eb822df8,naver/MASt3R_ViTLarge_BaseDecoder_512_catmlpdpt_metric,06e7259f34c3060f322df5cb0c7b9094f57e41fc,0a615eb05fa9db654050aa655945ee5696e7c6c1b7f93f1ee8c37249010f6feb,sha256:89d64b4c7112cc55db0d42d562e2a0208858658c0c67ab1bd48424175c50f501,projection and classification only,EPSG:25832,0,none; locked raw-cache re-pooling only,supplement_FM_dense_dial_2px_same_block
DEBY_LOD2_4908054,6,1,DJI_20241217090821_0013_D,DJI_20241217090829_0017_D,census,phases/p2-gsjso/runs/20260720_anchor_census/anchor_census_pairs.csv,96f172b5e72e80586a4f24520407282724993ffca2d9de623e49927b500eef42,5c91d18da82703baddf8cddc58fbf773b9c74d153d45495dc47f9781da9b81e4,phases/p2-gsjso/runs/20260720_anchor_census/anchor_census_raw/4908054_rank01_raw_cheirality.npz,446d20ba2906be0277ea0bba0d7aec42be74b091d43cc5bc51882402f9dbcd5d,jointbuildgs.boundary_map_v3.fm_dense.raw_pair.v2,2026-07-20T07:32:45.379014+00:00,projected_footprint,p0_full_opencv_text,canonical_local_xyz,202412170908,202412170908,same_acquisition_minute_block,true,low_same_block,40.189802,fixed camera-centre baseline >0.06m,true,2.000000,true,success,,444,348,348,348,48,0,,,true,0.586243,0.000833,1,0,cache_reuse,census_FM_dense_dial_2px_only,fb7dcc9c903e826e3a2ef4180274afe6a5eb1200f9940b0487442d1ce9d78257,8d7a4d7cf77f0e01eaeff3207cb9e35375657852cd33e62060b91934eb822df8,naver/MASt3R_ViTLarge_BaseDecoder_512_catmlpdpt_metric,06e7259f34c3060f322df5cb0c7b9094f57e41fc,0a615eb05fa9db654050aa655945ee5696e7c6c1b7f93f1ee8c37249010f6feb,sha256:89d64b4c7112cc55db0d42d562e2a0208858658c0c67ab1bd48424175c50f501,projection and classification only,EPSG:25832,0,none; locked raw-cache re-pooling only,supplement_FM_dense_dial_2px_same_block
DEBY_LOD2_4908054,6,2,DJI_20241217090827_0016_D,DJI_20241217090821_0013_D,census,phases/p2-gsjso/runs/20260720_anchor_census/anchor_census_pairs.csv,96f172b5e72e80586a4f24520407282724993ffca2d9de623e49927b500eef42,9bffacd769dbc5fde7bfc87dfd190997c04fba693388e9ded4e3ddae3a85626c,phases/p2-gsjso/runs/20260720_anchor_census/anchor_census_raw/4908054_rank02_raw_cheirality.npz,f7ba7919dabfc68ccb85b749358c89d324a9d56a25e80ed0028d7551f6cced25,jointbuildgs.boundary_map_v3.fm_dense.raw_pair.v2,2026-07-20T07:32:46.102470+00:00,projected_footprint,p0_full_opencv_text,canonical_local_xyz,202412170908,202412170908,same_acquisition_minute_block,true,low_same_block,30.175877,fixed camera-centre baseline >0.06m,true,2.000000,true,success,,1396,1320,1320,1320,0,0,,,true,0.629174,0.001063,1,0,cache_reuse,census_FM_dense_dial_2px_only,9569564e8ce6bd7f74d389d23aa2cb87412aa1daa84f9359e0f0b20f37168e14,8d7a4d7cf77f0e01eaeff3207cb9e35375657852cd33e62060b91934eb822df8,naver/MASt3R_ViTLarge_BaseDecoder_512_catmlpdpt_metric,06e7259f34c3060f322df5cb0c7b9094f57e41fc,0a615eb05fa9db654050aa655945ee5696e7c6c1b7f93f1ee8c37249010f6feb,sha256:89d64b4c7112cc55db0d42d562e2a0208858658c0c67ab1bd48424175c50f501,projection and classification only,EPSG:25832,0,none; locked raw-cache re-pooling only,supplement_FM_dense_dial_2px_same_block
DEBY_LOD2_4908054,6,3,DJI_20241217090823_0014_D,DJI_20241217090829_0017_D,census,phases/p2-gsjso/runs/20260720_anchor_census/anchor_census_pairs.csv,96f172b5e72e80586a4f24520407282724993ffca2d9de623e49927b500eef42,c8d87dace41f18c20d1a699b73aebbe7e6832ee55406204be8559272b7a65c62,phases/p2-gsjso/runs/20260720_anchor_census/anchor_census_raw/4908054_rank03_raw_cheirality.npz,b8acc7a1f82083d8a9f35ecaefe8c6442b78c288d0b88917f903aece4fe688f2,jointbuildgs.boundary_map_v3.fm_dense.raw_pair.v2,2026-07-20T07:32:46.785075+00:00,projected_footprint,p0_full_opencv_text,canonical_local_xyz,202412170908,202412170908,same_acquisition_minute_block,true,low_same_block,30.052620,fixed camera-centre baseline >0.06m,true,2.000000,true,success,,902,794,794,794,0,0,,,true,0.607718,0.000964,1,0,cache_reuse,census_FM_dense_dial_2px_only,a7df09a8e173a4c9dd43ffa1d97dc9e3fe471da63d0bf433f1167e1c47bbe27a,8d7a4d7cf77f0e01eaeff3207cb9e35375657852cd33e62060b91934eb822df8,naver/MASt3R_ViTLarge_BaseDecoder_512_catmlpdpt_metric,06e7259f34c3060f322df5cb0c7b9094f57e41fc,0a615eb05fa9db654050aa655945ee5696e7c6c1b7f93f1ee8c37249010f6feb,sha256:89d64b4c7112cc55db0d42d562e2a0208858658c0c67ab1bd48424175c50f501,projection and classification only,EPSG:25832,0,none; locked raw-cache re-pooling only,supplement_FM_dense_dial_2px_same_block
DEBY_LOD2_4908054,6,4,DJI_20241217090825_0015_D,DJI_20241217090821_0013_D,census,phases/p2-gsjso/runs/20260720_anchor_census/anchor_census_pairs.csv,96f172b5e72e80586a4f24520407282724993ffca2d9de623e49927b500eef42,3589b63867cd28cdaab8c91786bb3b2c70cdd95a5ec57e96666d663ef38221ca,phases/p2-gsjso/runs/20260720_anchor_census/anchor_census_raw/4908054_rank04_raw_cheirality.npz,2187ac34f0f04e0a6f0012bcfcdead334e862ce0c3ad701703d0a47bd16df4c8,jointbuildgs.boundary_map_v3.fm_dense.raw_pair.v2,2026-07-20T07:32:47.478130+00:00,projected_footprint,p0_full_opencv_text,canonical_local_xyz,202412170908,202412170908,same_acquisition_minute_block,true,low_same_block,20.264965,fixed camera-centre baseline >0.06m,true,2.000000,true,success,,795,633,633,629,30,0,,,true,0.600527,0.000914,1,0,cache_reuse,census_FM_dense_dial_2px_only,15fa5ffa26923499870294e2c48cfada720c0eff1972794926d044cb36ed59b1,8d7a4d7cf77f0e01eaeff3207cb9e35375657852cd33e62060b91934eb822df8,naver/MASt3R_ViTLarge_BaseDecoder_512_catmlpdpt_metric,06e7259f34c3060f322df5cb0c7b9094f57e41fc,0a615eb05fa9db654050aa655945ee5696e7c6c1b7f93f1ee8c37249010f6feb,sha256:89d64b4c7112cc55db0d42d562e2a0208858658c0c67ab1bd48424175c50f501,projection and classification only,EPSG:25832,0,none; locked raw-cache re-pooling only,supplement_FM_dense_dial_2px_same_block
DEBY_LOD2_4908054,6,5,DJI_20241217090823_0014_D,DJI_20241217090827_0016_D,census,phases/p2-gsjso/runs/20260720_anchor_census/anchor_census_pairs.csv,96f172b5e72e80586a4f24520407282724993ffca2d9de623e49927b500eef42,54e9a27baa1d42ea9d67082953137e7de401db3d0b46f64644429ce5235defe1,phases/p2-gsjso/runs/20260720_anchor_census/anchor_census_raw/4908054_rank05_raw_cheirality.npz,9ae41e17f05212d8036de735b7c48994b7250ab7c69566faafd940812bf6c4b7,jointbuildgs.boundary_map_v3.fm_dense.raw_pair.v2,2026-07-20T07:32:48.124871+00:00,projected_footprint,p0_full_opencv_text,canonical_local_xyz,202412170908,202412170908,same_acquisition_minute_block,true,low_same_block,20.038679,fixed camera-centre baseline >0.06m,true,2.000000,true,success,,914,760,760,437,0,0,,,true,0.584372,0.000804,1,0,cache_reuse,census_FM_dense_dial_2px_only,3f41a054d3abed87389d48d2455dc58f1d9b8591d0bbb69fb8f06fd313342aa1,8d7a4d7cf77f0e01eaeff3207cb9e35375657852cd33e62060b91934eb822df8,naver/MASt3R_ViTLarge_BaseDecoder_512_catmlpdpt_metric,06e7259f34c3060f322df5cb0c7b9094f57e41fc,0a615eb05fa9db654050aa655945ee5696e7c6c1b7f93f1ee8c37249010f6feb,sha256:89d64b4c7112cc55db0d42d562e2a0208858658c0c67ab1bd48424175c50f501,projection and classification only,EPSG:25832,0,none; locked raw-cache re-pooling only,supplement_FM_dense_dial_2px_same_block
DEBY_LOD2_4908054,6,6,DJI_20241217090825_0015_D,DJI_20241217090829_0017_D,census,phases/p2-gsjso/runs/20260720_anchor_census/anchor_census_pairs.csv,96f172b5e72e80586a4f24520407282724993ffca2d9de623e49927b500eef42,5bcb6db3f2176f60b1b2765acb04bb8e578120fbc9c2e4e01f5570c11ec0f1d8,phases/p2-gsjso/runs/20260720_anchor_census/anchor_census_raw/4908054_rank06_raw_cheirality.npz,9ff211abbb038cb3be48c45c3447b602992f959a84d36223a67bbda8c5a3a69b,jointbuildgs.boundary_map_v3.fm_dense.raw_pair.v2,2026-07-20T07:32:48.812831+00:00,projected_footprint,p0_full_opencv_text,canonical_local_xyz,202412170908,202412170908,same_acquisition_minute_block,true,low_same_block,19.924872,fixed camera-centre baseline >0.06m,true,2.000000,true,success,,1075,999,999,999,0,0,,,true,0.612086,0.000961,1,0,cache_reuse,census_FM_dense_dial_2px_only,a72f4157a1ec8db4c074aa9a9cd7bace339396a5dbeba9df280e70f6097cb022,8d7a4d7cf77f0e01eaeff3207cb9e35375657852cd33e62060b91934eb822df8,naver/MASt3R_ViTLarge_BaseDecoder_512_catmlpdpt_metric,06e7259f34c3060f322df5cb0c7b9094f57e41fc,0a615eb05fa9db654050aa655945ee5696e7c6c1b7f93f1ee8c37249010f6feb,sha256:89d64b4c7112cc55db0d42d562e2a0208858658c0c67ab1bd48424175c50f501,projection and classification only,EPSG:25832,0,none; locked raw-cache re-pooling only,supplement_FM_dense_dial_2px_same_block
DEBY_LOD2_4908054,6,7,DJI_20241217090823_0014_D,DJI_20241217090821_0013_D,census,phases/p2-gsjso/runs/20260720_anchor_census/anchor_census_pairs.csv,96f172b5e72e80586a4f24520407282724993ffca2d9de623e49927b500eef42,8421e2f3a6845c51b1362abd1dc2cc71dddc1f95a6995aeaeda6e3f63cd5cbd5,phases/p2-gsjso/runs/20260720_anchor_census/anchor_census_raw/4908054_rank07_raw_cheirality.npz,6a6822d373917a247ff7db6fd577d55563aea8621f02f690043563a2030b8fff,jointbuildgs.boundary_map_v3.fm_dense.raw_pair.v2,2026-07-20T07:32:49.485851+00:00,projected_footprint,p0_full_opencv_text,canonical_local_xyz,202412170908,202412170908,same_acquisition_minute_block,true,low_same_block,10.137281,fixed camera-centre baseline >0.06m,true,2.000000,true,success,,1291,1073,1073,1073,1048,0,,,true,0.603233,0.001205,1,0,cache_reuse,census_FM_dense_dial_2px_only,f8cd7a96e12d8781d25cce5943be2cf9e8703ffed4bd4704118d32de03a74100,8d7a4d7cf77f0e01eaeff3207cb9e35375657852cd33e62060b91934eb822df8,naver/MASt3R_ViTLarge_BaseDecoder_512_catmlpdpt_metric,06e7259f34c3060f322df5cb0c7b9094f57e41fc,0a615eb05fa9db654050aa655945ee5696e7c6c1b7f93f1ee8c37249010f6feb,sha256:89d64b4c7112cc55db0d42d562e2a0208858658c0c67ab1bd48424175c50f501,projection and classification only,EPSG:25832,0,none; locked raw-cache re-pooling only,supplement_FM_dense_dial_2px_same_block
DEBY_LOD2_4908054,6,8,DJI_20241217090825_0015_D,DJI_20241217090823_0014_D,census,phases/p2-gsjso/runs/20260720_anchor_census/anchor_census_pairs.csv,96f172b5e72e80586a4f24520407282724993ffca2d9de623e49927b500eef42,6a6d35cce557d2b43718fc6ffdb1c21b560f56407a2c892f3bb872b98d9139de,phases/p2-gsjso/runs/20260720_anchor_census/anchor_census_raw/4908054_rank08_raw_cheirality.npz,51a240ce098f7cabbd128dd1d909c649564e14771cde31d782c44aaf22be929d,jointbuildgs.boundary_map_v3.fm_dense.raw_pair.v2,2026-07-20T07:32:50.120614+00:00,projected_footprint,p0_full_opencv_text,canonical_local_xyz,202412170908,202412170908,same_acquisition_minute_block,true,low_same_block,10.127749,fixed camera-centre baseline >0.06m,true,2.000000,true,success,,1224,991,991,991,991,0,,,true,0.556878,0.001166,1,0,cache_reuse,census_FM_dense_dial_2px_only,c6b3ca59026840a61ed6a01c40c1fa15025b35b9cba79c57e8d36ea7226f690e,8d7a4d7cf77f0e01eaeff3207cb9e35375657852cd33e62060b91934eb822df8,naver/MASt3R_ViTLarge_BaseDecoder_512_catmlpdpt_metric,06e7259f34c3060f322df5cb0c7b9094f57e41fc,0a615eb05fa9db654050aa655945ee5696e7c6c1b7f93f1ee8c37249010f6feb,sha256:89d64b4c7112cc55db0d42d562e2a0208858658c0c67ab1bd48424175c50f501,projection and classification only,EPSG:25832,0,none; locked raw-cache re-pooling only,supplement_FM_dense_dial_2px_same_block
DEBY_LOD2_4908054,6,9,DJI_20241217090827_0016_D,DJI_20241217090829_0017_D,census,phases/p2-gsjso/runs/20260720_anchor_census/anchor_census_pairs.csv,96f172b5e72e80586a4f24520407282724993ffca2d9de623e49927b500eef42,4c11255da2939394002eb54a6b50836a400b96a6bd53d2e3c98bf79a97235e5b,phases/p2-gsjso/runs/20260720_anchor_census/anchor_census_raw/4908054_rank09_raw_cheirality.npz,066d4daa8d2428b0ee33d2ed047ea1be608d6fd384e167cb5af6e180948895b7,jointbuildgs.boundary_map_v3.fm_dense.raw_pair.v2,2026-07-20T07:32:50.748319+00:00,projected_footprint,p0_full_opencv_text,canonical_local_xyz,202412170908,202412170908,same_acquisition_minute_block,true,low_same_block,10.014086,fixed camera-centre baseline >0.06m,true,2.000000,true,success,,1184,994,994,994,611,0,,,true,0.544859,0.001087,1,0,cache_reuse,census_FM_dense_dial_2px_only,6a4087847e0bed05d3dec61e3649e904391a03e09073bfd0107426f766353771,8d7a4d7cf77f0e01eaeff3207cb9e35375657852cd33e62060b91934eb822df8,naver/MASt3R_ViTLarge_BaseDecoder_512_catmlpdpt_metric,06e7259f34c3060f322df5cb0c7b9094f57e41fc,0a615eb05fa9db654050aa655945ee5696e7c6c1b7f93f1ee8c37249010f6feb,sha256:89d64b4c7112cc55db0d42d562e2a0208858658c0c67ab1bd48424175c50f501,projection and classification only,EPSG:25832,0,none; locked raw-cache re-pooling only,supplement_FM_dense_dial_2px_same_block
DEBY_LOD2_4908054,6,10,DJI_20241217090825_0015_D,DJI_20241217090827_0016_D,census,phases/p2-gsjso/runs/20260720_anchor_census/anchor_census_pairs.csv,96f172b5e72e80586a4f24520407282724993ffca2d9de623e49927b500eef42,2810b2e58c2880221a3c8bc3987162c49bbaa0fe36202f8159802e91d360bec0,phases/p2-gsjso/runs/20260720_anchor_census/anchor_census_raw/4908054_rank10_raw_cheirality.npz,4b3c4577e2ec02ae2cd46e8eed0c3eae90f456151d6b3a436a6a3a930c329dda,jointbuildgs.boundary_map_v3.fm_dense.raw_pair.v2,2026-07-20T07:32:51.453720+00:00,projected_footprint,p0_full_opencv_text,canonical_local_xyz,202412170908,202412170908,same_acquisition_minute_block,true,low_same_block,9.910981,fixed camera-centre baseline >0.06m,true,2.000000,true,success,,1268,1099,1099,1092,1016,0,,,true,0.618557,0.001209,1,0,cache_reuse,census_FM_dense_dial_2px_only,af05d8c930d8579e70bfe6d8d06976e2b33f4a05ce84fe856ca68e1358228924,8d7a4d7cf77f0e01eaeff3207cb9e35375657852cd33e62060b91934eb822df8,naver/MASt3R_ViTLarge_BaseDecoder_512_catmlpdpt_metric,06e7259f34c3060f322df5cb0c7b9094f57e41fc,0a615eb05fa9db654050aa655945ee5696e7c6c1b7f93f1ee8c37249010f6feb,sha256:89d64b4c7112cc55db0d42d562e2a0208858658c0c67ab1bd48424175c50f501,projection and classification only,EPSG:25832,0,none; locked raw-cache re-pooling only,supplement_FM_dense_dial_2px_same_block
DEBY_LOD2_4908166,7,1,DJI_20241217084833_0180_D,DJI_20241217084825_0176_D,census,phases/p2-gsjso/runs/20260720_anchor_census/anchor_census_pairs.csv,96f172b5e72e80586a4f24520407282724993ffca2d9de623e49927b500eef42,594c6ce8bdf0d401ab7f712d60a64178d5930fa0fed0f24c75dd6373fae91318,phases/p2-gsjso/runs/20260720_anchor_census/anchor_census_raw/4908166_rank01_raw_cheirality.npz,e03e84bf4e0a92cbcc274486445bcd9866c632a7fd050bd5b2a540b4c65100c0,jointbuildgs.boundary_map_v3.fm_dense.raw_pair.v2,2026-07-20T07:33:39.351174+00:00,projected_footprint,p0_full_opencv_text,canonical_local_xyz,202412170848,202412170848,same_acquisition_minute_block,true,low_same_block,39.583178,fixed camera-centre baseline >0.06m,true,2.000000,true,success,,1475,1324,1324,1324,1246,664,-41.237953,0.061296,true,0.595137,0.001889,1,0,cache_reuse,census_FM_dense_dial_2px_only,08310bc1a15004050a867b6761915d6cc2ea14a1499fb5fb324e97158a694787,8d7a4d7cf77f0e01eaeff3207cb9e35375657852cd33e62060b91934eb822df8,naver/MASt3R_ViTLarge_BaseDecoder_512_catmlpdpt_metric,06e7259f34c3060f322df5cb0c7b9094f57e41fc,0a615eb05fa9db654050aa655945ee5696e7c6c1b7f93f1ee8c37249010f6feb,sha256:89d64b4c7112cc55db0d42d562e2a0208858658c0c67ab1bd48424175c50f501,projection and classification only,EPSG:25832,0,none; locked raw-cache re-pooling only,supplement_FM_dense_dial_2px_same_block
DEBY_LOD2_4908166,7,2,DJI_20241217084827_0177_D,DJI_20241217084833_0180_D,census,phases/p2-gsjso/runs/20260720_anchor_census/anchor_census_pairs.csv,96f172b5e72e80586a4f24520407282724993ffca2d9de623e49927b500eef42,7a3e52f220d30983fa205cfebe0793300c29752d46b9fbd01816cef18a3c4051,phases/p2-gsjso/runs/20260720_anchor_census/anchor_census_raw/4908166_rank02_raw_cheirality.npz,eaada9b971b1014ca193afd2e2e6c73a3bd14e0fb7e923f4327a8903467cc1c6,jointbuildgs.boundary_map_v3.fm_dense.raw_pair.v2,2026-07-20T07:33:40.070258+00:00,projected_footprint,p0_full_opencv_text,canonical_local_xyz,202412170848,202412170848,same_acquisition_minute_block,true,low_same_block,30.612602,fixed camera-centre baseline >0.06m,true,2.000000,true,success,,1763,1709,1709,1709,1659,749,-41.297559,0.076691,true,0.623038,0.002090,1,0,cache_reuse,census_FM_dense_dial_2px_only,268401db60c7dd9376f7e4edf45a37cd680501ce25f777addac5a44b4b79a46c,8d7a4d7cf77f0e01eaeff3207cb9e35375657852cd33e62060b91934eb822df8,naver/MASt3R_ViTLarge_BaseDecoder_512_catmlpdpt_metric,06e7259f34c3060f322df5cb0c7b9094f57e41fc,0a615eb05fa9db654050aa655945ee5696e7c6c1b7f93f1ee8c37249010f6feb,sha256:89d64b4c7112cc55db0d42d562e2a0208858658c0c67ab1bd48424175c50f501,projection and classification only,EPSG:25832,0,none; locked raw-cache re-pooling only,supplement_FM_dense_dial_2px_same_block
DEBY_LOD2_4908166,7,3,DJI_20241217084831_0179_D,DJI_20241217084825_0176_D,census,phases/p2-gsjso/runs/20260720_anchor_census/anchor_census_pairs.csv,96f172b5e72e80586a4f24520407282724993ffca2d9de623e49927b500eef42,3ba0cb1e66a77fe1e913c813c76191c1bc46f3ebec074f51c81ce0503b8e2586,phases/p2-gsjso/runs/20260720_anchor_census/anchor_census_raw/4908166_rank03_raw_cheirality.npz,a012694211d6a4dcd475dd56706c58a607f539e00a6694d71e474f34ef785daf,jointbuildgs.boundary_map_v3.fm_dense.raw_pair.v2,2026-07-20T07:33:40.722286+00:00,projected_footprint,p0_full_opencv_text,canonical_local_xyz,202412170848,202412170848,same_acquisition_minute_block,true,low_same_block,29.574568,fixed camera-centre baseline >0.06m,true,2.000000,true,success,,1632,1456,1456,1456,1381,676,-41.226984,0.059324,true,0.572182,0.001938,1,0,cache_reuse,census_FM_dense_dial_2px_only,dd024035b4cba2061757445ccebc407a2f6c256bda11d540f3eafe68880defaa,8d7a4d7cf77f0e01eaeff3207cb9e35375657852cd33e62060b91934eb822df8,naver/MASt3R_ViTLarge_BaseDecoder_512_catmlpdpt_metric,06e7259f34c3060f322df5cb0c7b9094f57e41fc,0a615eb05fa9db654050aa655945ee5696e7c6c1b7f93f1ee8c37249010f6feb,sha256:89d64b4c7112cc55db0d42d562e2a0208858658c0c67ab1bd48424175c50f501,projection and classification only,EPSG:25832,0,none; locked raw-cache re-pooling only,supplement_FM_dense_dial_2px_same_block
DEBY_LOD2_4908166,7,4,DJI_20241217084831_0179_D,DJI_20241217084827_0177_D,census,phases/p2-gsjso/runs/20260720_anchor_census/anchor_census_pairs.csv,96f172b5e72e80586a4f24520407282724993ffca2d9de623e49927b500eef42,bcf014c2dbe387db46fadc4c8184b2a8d7143c19f2378d3d09a63d242bedb96d,phases/p2-gsjso/runs/20260720_anchor_census/anchor_census_raw/4908166_rank04_raw_cheirality.npz,7dc7c0d15cdba5e6446dc740617397a782d2a295885f751114cf974936bcaf96,jointbuildgs.boundary_map_v3.fm_dense.raw_pair.v2,2026-07-20T07:33:41.373624+00:00,projected_footprint,p0_full_opencv_text,canonical_local_xyz,202412170848,202412170848,same_acquisition_minute_block,true,low_same_block,20.603997,fixed camera-centre baseline >0.06m,true,2.000000,true,success,,1839,1633,1633,1633,1576,688,-41.246193,0.055152,true,0.580339,0.001996,1,0,cache_reuse,census_FM_dense_dial_2px_only,31819e00710a85c0e97552339e4f920021c44d82c19f60fefa47f24566c5cfda,8d7a4d7cf77f0e01eaeff3207cb9e35375657852cd33e62060b91934eb822df8,naver/MASt3R_ViTLarge_BaseDecoder_512_catmlpdpt_metric,06e7259f34c3060f322df5cb0c7b9094f57e41fc,0a615eb05fa9db654050aa655945ee5696e7c6c1b7f93f1ee8c37249010f6feb,sha256:89d64b4c7112cc55db0d42d562e2a0208858658c0c67ab1bd48424175c50f501,projection and classification only,EPSG:25832,0,none; locked raw-cache re-pooling only,supplement_FM_dense_dial_2px_same_block
DEBY_LOD2_4908166,7,5,DJI_20241217084829_0178_D,DJI_20241217084833_0180_D,census,phases/p2-gsjso/runs/20260720_anchor_census/anchor_census_pairs.csv,96f172b5e72e80586a4f24520407282724993ffca2d9de623e49927b500eef42,f0d356ef3848461ba88539cf4efdb07f566428e77430a1b958ffc8d03198fff3,phases/p2-gsjso/runs/20260720_anchor_census/anchor_census_raw/4908166_rank05_raw_cheirality.npz,b12bd31b29a711ec08ce01d1fb6c8e05bebf657d574ab213db9d66542237eb22,jointbuildgs.boundary_map_v3.fm_dense.raw_pair.v2,2026-07-20T07:33:42.022592+00:00,projected_footprint,p0_full_opencv_text,canonical_local_xyz,202412170848,202412170848,same_acquisition_minute_block,true,low_same_block,20.207129,fixed camera-centre baseline >0.06m,true,2.000000,true,success,,2002,1927,1927,1927,1912,842,-41.228731,0.052056,true,0.584676,0.002248,1,0,cache_reuse,census_FM_dense_dial_2px_only,d8576064d4dc50c990e0cc57cd65258100bb47bb668f75c32202f1fc5ff72b7e,8d7a4d7cf77f0e01eaeff3207cb9e35375657852cd33e62060b91934eb822df8,naver/MASt3R_ViTLarge_BaseDecoder_512_catmlpdpt_metric,06e7259f34c3060f322df5cb0c7b9094f57e41fc,0a615eb05fa9db654050aa655945ee5696e7c6c1b7f93f1ee8c37249010f6feb,sha256:89d64b4c7112cc55db0d42d562e2a0208858658c0c67ab1bd48424175c50f501,projection and classification only,EPSG:25832,0,none; locked raw-cache re-pooling only,supplement_FM_dense_dial_2px_same_block
DEBY_LOD2_4908166,7,6,DJI_20241217084829_0178_D,DJI_20241217084825_0176_D,census,phases/p2-gsjso/runs/20260720_anchor_census/anchor_census_pairs.csv,96f172b5e72e80586a4f24520407282724993ffca2d9de623e49927b500eef42,118bd83a1a9c9330ac08b623d71344df510113d6dcca8d69df062bd126bcab23,phases/p2-gsjso/runs/20260720_anchor_census/anchor_census_raw/4908166_rank06_raw_cheirality.npz,1ddcbc66b08ed36f5da46e94c6821a518979d332a70d32636863f89e753c990c,jointbuildgs.boundary_map_v3.fm_dense.raw_pair.v2,2026-07-20T07:33:42.683302+00:00,projected_footprint,p0_full_opencv_text,canonical_local_xyz,202412170848,202412170848,same_acquisition_minute_block,true,low_same_block,19.376230,fixed camera-centre baseline >0.06m,true,2.000000,true,success,,1835,1656,1656,1656,1635,670,-41.199200,0.062065,true,0.581429,0.002029,1,0,cache_reuse,census_FM_dense_dial_2px_only,07fdfa64d215fbaa3ca8d364457cad2902f749fb51887cd12a24533fcf89b8c5,8d7a4d7cf77f0e01eaeff3207cb9e35375657852cd33e62060b91934eb822df8,naver/MASt3R_ViTLarge_BaseDecoder_512_catmlpdpt_metric,06e7259f34c3060f322df5cb0c7b9094f57e41fc,0a615eb05fa9db654050aa655945ee5696e7c6c1b7f93f1ee8c37249010f6feb,sha256:89d64b4c7112cc55db0d42d562e2a0208858658c0c67ab1bd48424175c50f501,projection and classification only,EPSG:25832,0,none; locked raw-cache re-pooling only,supplement_FM_dense_dial_2px_same_block
DEBY_LOD2_4908166,7,7,DJI_20241217084829_0178_D,DJI_20241217084827_0177_D,census,phases/p2-gsjso/runs/20260720_anchor_census/anchor_census_pairs.csv,96f172b5e72e80586a4f24520407282724993ffca2d9de623e49927b500eef42,8fdd2538eec054dffbbc3ff028e7ef056a9a79e0f83bbaf50e0d143c5ea5325f,phases/p2-gsjso/runs/20260720_anchor_census/anchor_census_raw/4908166_rank07_raw_cheirality.npz,f400d3fda90310e5bfca200a60d1b7c867367f03a8ddaaf44331a78322c70731,jointbuildgs.boundary_map_v3.fm_dense.raw_pair.v2,2026-07-20T07:33:43.325321+00:00,projected_footprint,p0_full_opencv_text,canonical_local_xyz,202412170848,202412170848,same_acquisition_minute_block,true,low_same_block,10.405644,fixed camera-centre baseline >0.06m,true,2.000000,true,success,,2669,2415,2415,2415,2412,733,-41.250749,0.076821,true,0.577842,0.002387,1,0,cache_reuse,census_FM_dense_dial_2px_only,6e278771d2e586c5635df250034861474aeeb58f5c72dd59d78466946ed01c1b,8d7a4d7cf77f0e01eaeff3207cb9e35375657852cd33e62060b91934eb822df8,naver/MASt3R_ViTLarge_BaseDecoder_512_catmlpdpt_metric,06e7259f34c3060f322df5cb0c7b9094f57e41fc,0a615eb05fa9db654050aa655945ee5696e7c6c1b7f93f1ee8c37249010f6feb,sha256:89d64b4c7112cc55db0d42d562e2a0208858658c0c67ab1bd48424175c50f501,projection and classification only,EPSG:25832,0,none; locked raw-cache re-pooling only,supplement_FM_dense_dial_2px_same_block
DEBY_LOD2_4908166,7,8,DJI_20241217084829_0178_D,DJI_20241217084831_0179_D,census,phases/p2-gsjso/runs/20260720_anchor_census/anchor_census_pairs.csv,96f172b5e72e80586a4f24520407282724993ffca2d9de623e49927b500eef42,b3ff7e1223b676e278d401804200b6c134c8a5f120dc4036cb213ba31e1b3410,phases/p2-gsjso/runs/20260720_anchor_census/anchor_census_raw/4908166_rank08_raw_cheirality.npz,94a931abae8dd4e5089e0fce033849748567a996c1d1bfc310b252188725fa59,jointbuildgs.boundary_map_v3.fm_dense.raw_pair.v2,2026-07-20T07:33:44.040809+00:00,projected_footprint,p0_full_opencv_text,canonical_local_xyz,202412170848,202412170848,same_acquisition_minute_block,true,low_same_block,10.198688,fixed camera-centre baseline >0.06m,true,2.000000,true,success,,2617,2538,2538,2538,2533,815,-41.256697,0.066633,true,0.602920,0.002569,1,0,cache_reuse,census_FM_dense_dial_2px_only,a4acf7cc163f8e52267583b5a349afa99f0eed32aac209be846aed995819da10,8d7a4d7cf77f0e01eaeff3207cb9e35375657852cd33e62060b91934eb822df8,naver/MASt3R_ViTLarge_BaseDecoder_512_catmlpdpt_metric,06e7259f34c3060f322df5cb0c7b9094f57e41fc,0a615eb05fa9db654050aa655945ee5696e7c6c1b7f93f1ee8c37249010f6feb,sha256:89d64b4c7112cc55db0d42d562e2a0208858658c0c67ab1bd48424175c50f501,projection and classification only,EPSG:25832,0,none; locked raw-cache re-pooling only,supplement_FM_dense_dial_2px_same_block
DEBY_LOD2_4908166,7,9,DJI_20241217084831_0179_D,DJI_20241217084833_0180_D,census,phases/p2-gsjso/runs/20260720_anchor_census/anchor_census_pairs.csv,96f172b5e72e80586a4f24520407282724993ffca2d9de623e49927b500eef42,f8d2f365545d3914c07b0cd5b9c856b77a06d3502f4805d01400bf64109816cb,phases/p2-gsjso/runs/20260720_anchor_census/anchor_census_raw/4908166_rank09_raw_cheirality.npz,3cad3bf00d947abfdad1058c0b3c901a8748c536fc1e0912f5b41b410e957328,jointbuildgs.boundary_map_v3.fm_dense.raw_pair.v2,2026-07-20T07:33:44.895613+00:00,projected_footprint,p0_full_opencv_text,canonical_local_xyz,202412170848,202412170848,same_acquisition_minute_block,true,low_same_block,10.008646,fixed camera-centre baseline >0.06m,true,2.000000,true,success,,2666,2547,2547,2547,2544,775,-41.176492,0.065325,true,0.607713,0.002493,1,0,cache_reuse,census_FM_dense_dial_2px_only,3d6859ce1a483f85661020ce42236de651f5e0a6f5a30bbee97cd7684b607c04,8d7a4d7cf77f0e01eaeff3207cb9e35375657852cd33e62060b91934eb822df8,naver/MASt3R_ViTLarge_BaseDecoder_512_catmlpdpt_metric,06e7259f34c3060f322df5cb0c7b9094f57e41fc,0a615eb05fa9db654050aa655945ee5696e7c6c1b7f93f1ee8c37249010f6feb,sha256:89d64b4c7112cc55db0d42d562e2a0208858658c0c67ab1bd48424175c50f501,projection and classification only,EPSG:25832,0,none; locked raw-cache re-pooling only,supplement_FM_dense_dial_2px_same_block
DEBY_LOD2_4908166,7,10,DJI_20241217084827_0177_D,DJI_20241217084825_0176_D,census,phases/p2-gsjso/runs/20260720_anchor_census/anchor_census_pairs.csv,96f172b5e72e80586a4f24520407282724993ffca2d9de623e49927b500eef42,21bd81e99ff30b16a425bba935e388e98d1b147880e177785450423a7ea22224,phases/p2-gsjso/runs/20260720_anchor_census/anchor_census_raw/4908166_rank10_raw_cheirality.npz,96eba119ad69441eae7dd7f9d3a8687c740cfc3e1d1f077175d6b5c0f6d788ce,jointbuildgs.boundary_map_v3.fm_dense.raw_pair.v2,2026-07-20T07:33:45.585453+00:00,projected_footprint,p0_full_opencv_text,canonical_local_xyz,202412170848,202412170848,same_acquisition_minute_block,true,low_same_block,8.970615,fixed camera-centre baseline >0.06m,true,2.000000,true,success,,2544,2351,2351,2351,2342,661,-41.127687,0.090526,true,0.611975,0.002284,1,0,cache_reuse,census_FM_dense_dial_2px_only,3f1f9fb00214765055072a03986db725ca4c17894c7df1a73c0985621bf678da,8d7a4d7cf77f0e01eaeff3207cb9e35375657852cd33e62060b91934eb822df8,naver/MASt3R_ViTLarge_BaseDecoder_512_catmlpdpt_metric,06e7259f34c3060f322df5cb0c7b9094f57e41fc,0a615eb05fa9db654050aa655945ee5696e7c6c1b7f93f1ee8c37249010f6feb,sha256:89d64b4c7112cc55db0d42d562e2a0208858658c0c67ab1bd48424175c50f501,projection and classification only,EPSG:25832,0,none; locked raw-cache re-pooling only,supplement_FM_dense_dial_2px_same_block
DEBY_LOD2_4908167,8,1,DJI_20241217084833_0180_D,DJI_20241217084825_0176_D,census,phases/p2-gsjso/runs/20260720_anchor_census/anchor_census_pairs.csv,96f172b5e72e80586a4f24520407282724993ffca2d9de623e49927b500eef42,a0a95c66bc0c7a31be9b742d32b49069c09bb4367529a3cac159b890d54fa3e6,phases/p2-gsjso/runs/20260720_anchor_census/anchor_census_raw/4908167_rank01_raw_cheirality.npz,5f481bc989c84eedb32168236bf7e1e01ff09830e137a09255a7159ea7757d42,jointbuildgs.boundary_map_v3.fm_dense.raw_pair.v2,2026-07-20T07:33:19.238694+00:00,projected_footprint,p0_full_opencv_text,canonical_local_xyz,202412170848,202412170848,same_acquisition_minute_block,true,low_same_block,39.583178,fixed camera-centre baseline >0.06m,true,2.000000,true,success,,776,624,624,624,350,8,-37.113171,0.707817,true,0.567955,0.001044,1,0,cache_reuse,census_FM_dense_dial_2px_only,464b6ea22f5576e280a6c2c14d24f6c3c9597a7a728e54360a32223d8afed195,8d7a4d7cf77f0e01eaeff3207cb9e35375657852cd33e62060b91934eb822df8,naver/MASt3R_ViTLarge_BaseDecoder_512_catmlpdpt_metric,06e7259f34c3060f322df5cb0c7b9094f57e41fc,0a615eb05fa9db654050aa655945ee5696e7c6c1b7f93f1ee8c37249010f6feb,sha256:89d64b4c7112cc55db0d42d562e2a0208858658c0c67ab1bd48424175c50f501,projection and classification only,EPSG:25832,0,none; locked raw-cache re-pooling only,supplement_FM_dense_dial_2px_same_block
DEBY_LOD2_4908167,8,2,DJI_20241217084827_0177_D,DJI_20241217084833_0180_D,census,phases/p2-gsjso/runs/20260720_anchor_census/anchor_census_pairs.csv,96f172b5e72e80586a4f24520407282724993ffca2d9de623e49927b500eef42,63f13470b5203493b4ab162f8171e46d9e04164227129a26b03ae130daa1a641,phases/p2-gsjso/runs/20260720_anchor_census/anchor_census_raw/4908167_rank02_raw_cheirality.npz,e9eb319a444e7473d320a2c2bb7df8690073018ba39973b4a6198de8d18db121,jointbuildgs.boundary_map_v3.fm_dense.raw_pair.v2,2026-07-20T07:33:19.922878+00:00,projected_footprint,p0_full_opencv_text,canonical_local_xyz,202412170848,202412170848,same_acquisition_minute_block,true,low_same_block,30.612602,fixed camera-centre baseline >0.06m,true,2.000000,true,success,,821,722,722,722,532,1,-33.213066,0.000000,true,0.597867,0.001094,1,0,cache_reuse,census_FM_dense_dial_2px_only,23f51fbbf1b89af01cdc151e8803f1eed18b82844b479f9999db5e10b9000f6e,8d7a4d7cf77f0e01eaeff3207cb9e35375657852cd33e62060b91934eb822df8,naver/MASt3R_ViTLarge_BaseDecoder_512_catmlpdpt_metric,06e7259f34c3060f322df5cb0c7b9094f57e41fc,0a615eb05fa9db654050aa655945ee5696e7c6c1b7f93f1ee8c37249010f6feb,sha256:89d64b4c7112cc55db0d42d562e2a0208858658c0c67ab1bd48424175c50f501,projection and classification only,EPSG:25832,0,none; locked raw-cache re-pooling only,supplement_FM_dense_dial_2px_same_block
DEBY_LOD2_4908167,8,3,DJI_20241217084831_0179_D,DJI_20241217084825_0176_D,census,phases/p2-gsjso/runs/20260720_anchor_census/anchor_census_pairs.csv,96f172b5e72e80586a4f24520407282724993ffca2d9de623e49927b500eef42,5dfc04790212954862e6999fd62e4ab0294e856178de5169da7ff549717518c2,phases/p2-gsjso/runs/20260720_anchor_census/anchor_census_raw/4908167_rank03_raw_cheirality.npz,3333f9e969a5262e69a68308479d7079c290cdcfba36f44625aae547098c1779,jointbuildgs.boundary_map_v3.fm_dense.raw_pair.v2,2026-07-20T07:33:20.601033+00:00,projected_footprint,p0_full_opencv_text,canonical_local_xyz,202412170848,202412170848,same_acquisition_minute_block,true,low_same_block,29.574568,fixed camera-centre baseline >0.06m,true,2.000000,true,success,,761,595,595,595,347,0,,,true,0.594675,0.000959,1,0,cache_reuse,census_FM_dense_dial_2px_only,d15fb815d9f3a09ee052c533878fea44919b9c3dd190c645edce40d9535798f4,8d7a4d7cf77f0e01eaeff3207cb9e35375657852cd33e62060b91934eb822df8,naver/MASt3R_ViTLarge_BaseDecoder_512_catmlpdpt_metric,06e7259f34c3060f322df5cb0c7b9094f57e41fc,0a615eb05fa9db654050aa655945ee5696e7c6c1b7f93f1ee8c37249010f6feb,sha256:89d64b4c7112cc55db0d42d562e2a0208858658c0c67ab1bd48424175c50f501,projection and classification only,EPSG:25832,0,none; locked raw-cache re-pooling only,supplement_FM_dense_dial_2px_same_block
DEBY_LOD2_4908167,8,4,DJI_20241217084831_0179_D,DJI_20241217084827_0177_D,census,phases/p2-gsjso/runs/20260720_anchor_census/anchor_census_pairs.csv,96f172b5e72e80586a4f24520407282724993ffca2d9de623e49927b500eef42,3c5fd5e016440eb7070d0b4592a6744dc7fe5155dfdb98cbc7c27b315851322f,phases/p2-gsjso/runs/20260720_anchor_census/anchor_census_raw/4908167_rank04_raw_cheirality.npz,dc79429fcf4ae5dc5a776da6f788e71f8f647a4860c30f1b39df1133d71f8e17,jointbuildgs.boundary_map_v3.fm_dense.raw_pair.v2,2026-07-20T07:33:21.255484+00:00,projected_footprint,p0_full_opencv_text,canonical_local_xyz,202412170848,202412170848,same_acquisition_minute_block,true,low_same_block,20.603997,fixed camera-centre baseline >0.06m,true,2.000000,true,success,,1433,1150,1150,1150,1143,0,,,true,0.567754,0.001258,1,0,cache_reuse,census_FM_dense_dial_2px_only,b3697fa46ad31952c58d7b509de9d527201b62669d5c2730e419078506b1cfba,8d7a4d7cf77f0e01eaeff3207cb9e35375657852cd33e62060b91934eb822df8,naver/MASt3R_ViTLarge_BaseDecoder_512_catmlpdpt_metric,06e7259f34c3060f322df5cb0c7b9094f57e41fc,0a615eb05fa9db654050aa655945ee5696e7c6c1b7f93f1ee8c37249010f6feb,sha256:89d64b4c7112cc55db0d42d562e2a0208858658c0c67ab1bd48424175c50f501,projection and classification only,EPSG:25832,0,none; locked raw-cache re-pooling only,supplement_FM_dense_dial_2px_same_block
DEBY_LOD2_4908167,8,5,DJI_20241217084829_0178_D,DJI_20241217084833_0180_D,census,phases/p2-gsjso/runs/20260720_anchor_census/anchor_census_pairs.csv,96f172b5e72e80586a4f24520407282724993ffca2d9de623e49927b500eef42,c47cb1b61672ab4ba20763ce9376ef1e46e6266f146aae3b030784a387c1ad70,phases/p2-gsjso/runs/20260720_anchor_census/anchor_census_raw/4908167_rank05_raw_cheirality.npz,a35224506e4119e8b2295874480e12c1e6bb115d7dac3cc59bc539f4f91cff15,jointbuildgs.boundary_map_v3.fm_dense.raw_pair.v2,2026-07-20T07:33:21.934336+00:00,projected_footprint,p0_full_opencv_text,canonical_local_xyz,202412170848,202412170848,same_acquisition_minute_block,true,low_same_block,20.207129,fixed camera-centre baseline >0.06m,true,2.000000,true,success,,1378,1172,1172,1172,1166,2,-33.236529,0.005565,true,0.588150,0.001348,1,0,cache_reuse,census_FM_dense_dial_2px_only,cd2abc5cd9e59d019d78dd6407af3cd31da9e875919a7989e434991ee84cbf08,8d7a4d7cf77f0e01eaeff3207cb9e35375657852cd33e62060b91934eb822df8,naver/MASt3R_ViTLarge_BaseDecoder_512_catmlpdpt_metric,06e7259f34c3060f322df5cb0c7b9094f57e41fc,0a615eb05fa9db654050aa655945ee5696e7c6c1b7f93f1ee8c37249010f6feb,sha256:89d64b4c7112cc55db0d42d562e2a0208858658c0c67ab1bd48424175c50f501,projection and classification only,EPSG:25832,0,none; locked raw-cache re-pooling only,supplement_FM_dense_dial_2px_same_block
DEBY_LOD2_4908167,8,6,DJI_20241217084829_0178_D,DJI_20241217084825_0176_D,census,phases/p2-gsjso/runs/20260720_anchor_census/anchor_census_pairs.csv,96f172b5e72e80586a4f24520407282724993ffca2d9de623e49927b500eef42,9298c429440e975cb019931f73a433911c1c7b1b8ca3e0789b9f67035721f504,phases/p2-gsjso/runs/20260720_anchor_census/anchor_census_raw/4908167_rank06_raw_cheirality.npz,ac23706e4952b7d0c1b0afb48a8374bbba85f8b9ddd4ca1e7b3931d09e76cbb0,jointbuildgs.boundary_map_v3.fm_dense.raw_pair.v2,2026-07-20T07:33:22.595607+00:00,projected_footprint,p0_full_opencv_text,canonical_local_xyz,202412170848,202412170848,same_acquisition_minute_block,true,low_same_block,19.376230,fixed camera-centre baseline >0.06m,true,2.000000,true,success,,1300,1026,1026,1026,1025,0,,,true,0.576872,0.001197,1,0,cache_reuse,census_FM_dense_dial_2px_only,229f9a48133a711984e0e5d774b9dc96c704b7ac0086d3c2181552875f488b69,8d7a4d7cf77f0e01eaeff3207cb9e35375657852cd33e62060b91934eb822df8,naver/MASt3R_ViTLarge_BaseDecoder_512_catmlpdpt_metric,06e7259f34c3060f322df5cb0c7b9094f57e41fc,0a615eb05fa9db654050aa655945ee5696e7c6c1b7f93f1ee8c37249010f6feb,sha256:89d64b4c7112cc55db0d42d562e2a0208858658c0c67ab1bd48424175c50f501,projection and classification only,EPSG:25832,0,none; locked raw-cache re-pooling only,supplement_FM_dense_dial_2px_same_block
DEBY_LOD2_4908167,8,7,DJI_20241217084829_0178_D,DJI_20241217084827_0177_D,census,phases/p2-gsjso/runs/20260720_anchor_census/anchor_census_pairs.csv,96f172b5e72e80586a4f24520407282724993ffca2d9de623e49927b500eef42,6b962cfd8a082d8ee50812146045d92be1f2e689c3761bd77855fe606442b261,phases/p2-gsjso/runs/20260720_anchor_census/anchor_census_raw/4908167_rank07_raw_cheirality.npz,817518cc0558b7f6c6d3115951cfe02dd8896e307055cb296da930dc384e04f1,jointbuildgs.boundary_map_v3.fm_dense.raw_pair.v2,2026-07-20T07:33:23.253434+00:00,projected_footprint,p0_full_opencv_text,canonical_local_xyz,202412170848,202412170848,same_acquisition_minute_block,true,low_same_block,10.405644,fixed camera-centre baseline >0.06m,true,2.000000,true,success,,2077,1924,1924,1924,1911,3,-38.902096,0.025195,true,0.574381,0.001622,1,0,cache_reuse,census_FM_dense_dial_2px_only,5cf7a63b4782998110b7150ee5c3a80326d20eae1d08a5692ba4806a08384330,8d7a4d7cf77f0e01eaeff3207cb9e35375657852cd33e62060b91934eb822df8,naver/MASt3R_ViTLarge_BaseDecoder_512_catmlpdpt_metric,06e7259f34c3060f322df5cb0c7b9094f57e41fc,0a615eb05fa9db654050aa655945ee5696e7c6c1b7f93f1ee8c37249010f6feb,sha256:89d64b4c7112cc55db0d42d562e2a0208858658c0c67ab1bd48424175c50f501,projection and classification only,EPSG:25832,0,none; locked raw-cache re-pooling only,supplement_FM_dense_dial_2px_same_block
DEBY_LOD2_4908167,8,8,DJI_20241217084829_0178_D,DJI_20241217084831_0179_D,census,phases/p2-gsjso/runs/20260720_anchor_census/anchor_census_pairs.csv,96f172b5e72e80586a4f24520407282724993ffca2d9de623e49927b500eef42,d07564e062600b4a3debafec2a822d7d69391b8937248b3b2e5b7f4d1d6a3941,phases/p2-gsjso/runs/20260720_anchor_census/anchor_census_raw/4908167_rank08_raw_cheirality.npz,065c2983576824ec9b0d5190182271b745d4c5e23af530110bc99dea7835b7f8,jointbuildgs.boundary_map_v3.fm_dense.raw_pair.v2,2026-07-20T07:33:23.895662+00:00,projected_footprint,p0_full_opencv_text,canonical_local_xyz,202412170848,202412170848,same_acquisition_minute_block,true,low_same_block,10.198688,fixed camera-centre baseline >0.06m,true,2.000000,true,success,,2242,2133,2133,2133,2132,3,-34.341548,0.041289,true,0.577779,0.001735,1,0,cache_reuse,census_FM_dense_dial_2px_only,055cd0c72fcdec81d7600a3cc1a0ef12e4a053d9ce811e62cea4b3e458170aed,8d7a4d7cf77f0e01eaeff3207cb9e35375657852cd33e62060b91934eb822df8,naver/MASt3R_ViTLarge_BaseDecoder_512_catmlpdpt_metric,06e7259f34c3060f322df5cb0c7b9094f57e41fc,0a615eb05fa9db654050aa655945ee5696e7c6c1b7f93f1ee8c37249010f6feb,sha256:89d64b4c7112cc55db0d42d562e2a0208858658c0c67ab1bd48424175c50f501,projection and classification only,EPSG:25832,0,none; locked raw-cache re-pooling only,supplement_FM_dense_dial_2px_same_block
DEBY_LOD2_4908167,8,9,DJI_20241217084831_0179_D,DJI_20241217084833_0180_D,census,phases/p2-gsjso/runs/20260720_anchor_census/anchor_census_pairs.csv,96f172b5e72e80586a4f24520407282724993ffca2d9de623e49927b500eef42,3349dc2ffda87d97bfa83c6436a8bcb97bc0a5ab34b0f576efb240409b49a40e,phases/p2-gsjso/runs/20260720_anchor_census/anchor_census_raw/4908167_rank09_raw_cheirality.npz,4e1b298f3b761bcd275f36093427b29177a3341fc84741a811079d48203064e7,jointbuildgs.boundary_map_v3.fm_dense.raw_pair.v2,2026-07-20T07:33:24.556191+00:00,projected_footprint,p0_full_opencv_text,canonical_local_xyz,202412170848,202412170848,same_acquisition_minute_block,true,low_same_block,10.008646,fixed camera-centre baseline >0.06m,true,2.000000,true,success,,2392,2258,2258,2258,2250,2,-36.539570,1.845580,true,0.582335,0.001844,1,0,cache_reuse,census_FM_dense_dial_2px_only,8d5eb6b135ecd9832fc784ee1525e2829084bbb2e8baa4e989977f9893633336,8d7a4d7cf77f0e01eaeff3207cb9e35375657852cd33e62060b91934eb822df8,naver/MASt3R_ViTLarge_BaseDecoder_512_catmlpdpt_metric,06e7259f34c3060f322df5cb0c7b9094f57e41fc,0a615eb05fa9db654050aa655945ee5696e7c6c1b7f93f1ee8c37249010f6feb,sha256:89d64b4c7112cc55db0d42d562e2a0208858658c0c67ab1bd48424175c50f501,projection and classification only,EPSG:25832,0,none; locked raw-cache re-pooling only,supplement_FM_dense_dial_2px_same_block
DEBY_LOD2_4908167,8,10,DJI_20241217084827_0177_D,DJI_20241217084825_0176_D,census,phases/p2-gsjso/runs/20260720_anchor_census/anchor_census_pairs.csv,96f172b5e72e80586a4f24520407282724993ffca2d9de623e49927b500eef42,29f470681968a81905915030fc105f902db7a763b556e9562c170c8a5bc3b46f,phases/p2-gsjso/runs/20260720_anchor_census/anchor_census_raw/4908167_rank10_raw_cheirality.npz,ad5f1ad46343b5c9da7c7cf1daef4045793aebadbcb953a9f64ed944641d6ad0,jointbuildgs.boundary_map_v3.fm_dense.raw_pair.v2,2026-07-20T07:33:25.238993+00:00,projected_footprint,p0_full_opencv_text,canonical_local_xyz,202412170848,202412170848,same_acquisition_minute_block,true,low_same_block,8.970615,fixed camera-centre baseline >0.06m,true,2.000000,true,success,,2107,1963,1963,1963,1959,0,,,true,0.600763,0.001590,1,0,cache_reuse,census_FM_dense_dial_2px_only,e5e29e2e10f74eae2fb1f16b129b0e14966eaf4d761b0c557d77f9d8f297121a,8d7a4d7cf77f0e01eaeff3207cb9e35375657852cd33e62060b91934eb822df8,naver/MASt3R_ViTLarge_BaseDecoder_512_catmlpdpt_metric,06e7259f34c3060f322df5cb0c7b9094f57e41fc,0a615eb05fa9db654050aa655945ee5696e7c6c1b7f93f1ee8c37249010f6feb,sha256:89d64b4c7112cc55db0d42d562e2a0208858658c0c67ab1bd48424175c50f501,projection and classification only,EPSG:25832,0,none; locked raw-cache re-pooling only,supplement_FM_dense_dial_2px_same_block
DEBY_LOD2_4908169,9,1,DJI_20241217084843_0185_D,DJI_20241217084851_0189_D,R1prime,phases/p2-gsjso/runs/20260719_boundary_map_v3/fm_dense_pairs.csv,f99de9a9141a134a9ce582387f3f1648659eaa4598f8117dd874cc5964f889d1,8e1cd91ef0e315109f65265338b053d11ba44ba5838f73e7a85bc7badc09ee75,phases/p2-gsjso/runs/20260719_boundary_map_v3/fm_dense_raw/4908169_rank01_raw_cheirality.npz,22ba336acbf21403bf6f35aa9d594a83c0592f48d40d15a5edf9046db70c9bdc,jointbuildgs.boundary_map_v3.fm_dense.raw_pair.v2,2026-07-19T16:09:46.459218+00:00,projected_footprint,p0_full_opencv_text,canonical_local_xyz,202412170848,202412170848,same_acquisition_minute_block,true,low_same_block,39.865419,fixed camera-centre baseline >0.06m,true,2.000000,true,success,,916,835,835,835,333,148,-36.702022,0.162015,true,0.675679,0.001250,1,0,cache_reuse,R1prime-3_FM_dense_dial_2px,0e7a6b52a3fca672f8effcb19e7b867fc588bc19ef2da0ec6c3440dec25c3782,3af60747ffde1a12a1edd7f17bcca152bbb7b557b06b04233f2f70b8014c0fe0,naver/MASt3R_ViTLarge_BaseDecoder_512_catmlpdpt_metric,06e7259f34c3060f322df5cb0c7b9094f57e41fc,0a615eb05fa9db654050aa655945ee5696e7c6c1b7f93f1ee8c37249010f6feb,sha256:89d64b4c7112cc55db0d42d562e2a0208858658c0c67ab1bd48424175c50f501,projection and classification only,EPSG:25832,0,none; locked raw-cache re-pooling only,supplement_FM_dense_dial_2px_same_block
DEBY_LOD2_4908169,9,2,DJI_20241217084845_0186_D,DJI_20241217084851_0189_D,R1prime,phases/p2-gsjso/runs/20260719_boundary_map_v3/fm_dense_pairs.csv,f99de9a9141a134a9ce582387f3f1648659eaa4598f8117dd874cc5964f889d1,9db0f08b7335da42407d6f0c33c8a3b7d0e4737bce06cd4934434a8691760330,phases/p2-gsjso/runs/20260719_boundary_map_v3/fm_dense_raw/4908169_rank02_raw_cheirality.npz,e4b9d7fc56420cfcfc4a9bc88c151de50558f9fbdd7e3e01fe38763d73f023aa,jointbuildgs.boundary_map_v3.fm_dense.raw_pair.v2,2026-07-19T16:09:47.226690+00:00,projected_footprint,p0_full_opencv_text,canonical_local_xyz,202412170848,202412170848,same_acquisition_minute_block,true,low_same_block,30.036255,fixed camera-centre baseline >0.06m,true,2.000000,true,success,,1921,1816,1816,1816,484,247,-36.519883,0.247045,true,0.686705,0.001567,1,0,cache_reuse,R1prime-3_FM_dense_dial_2px,bd665ad8a530a29bd8b470c28a574456a52057de1e2213d41f3ed70b89d3db0b,3af60747ffde1a12a1edd7f17bcca152bbb7b557b06b04233f2f70b8014c0fe0,naver/MASt3R_ViTLarge_BaseDecoder_512_catmlpdpt_metric,06e7259f34c3060f322df5cb0c7b9094f57e41fc,0a615eb05fa9db654050aa655945ee5696e7c6c1b7f93f1ee8c37249010f6feb,sha256:89d64b4c7112cc55db0d42d562e2a0208858658c0c67ab1bd48424175c50f501,projection and classification only,EPSG:25832,0,none; locked raw-cache re-pooling only,supplement_FM_dense_dial_2px_same_block
DEBY_LOD2_4908169,9,3,DJI_20241217084849_0188_D,DJI_20241217084843_0185_D,R1prime,phases/p2-gsjso/runs/20260719_boundary_map_v3/fm_dense_pairs.csv,f99de9a9141a134a9ce582387f3f1648659eaa4598f8117dd874cc5964f889d1,6a4e80a2e7615c6de346d2eb376e769e72d634d12533793c273f91f6fc1b5ca7,phases/p2-gsjso/runs/20260719_boundary_map_v3/fm_dense_raw/4908169_rank03_raw_cheirality.npz,8c97f707809d405b239724560506c2c2a9ebeb95695d127c2642373edf3867df,jointbuildgs.boundary_map_v3.fm_dense.raw_pair.v2,2026-07-19T16:09:47.989954+00:00,projected_footprint,p0_full_opencv_text,canonical_local_xyz,202412170848,202412170848,same_acquisition_minute_block,true,low_same_block,29.939871,fixed camera-centre baseline >0.06m,true,2.000000,true,success,,1334,1172,1172,1172,298,102,-36.727300,0.174015,true,0.673241,0.001371,1,0,cache_reuse,R1prime-3_FM_dense_dial_2px,126b343594e4d074fb7c7ae281dc371502196a1a588e4e5814624ada0b7873d6,3af60747ffde1a12a1edd7f17bcca152bbb7b557b06b04233f2f70b8014c0fe0,naver/MASt3R_ViTLarge_BaseDecoder_512_catmlpdpt_metric,06e7259f34c3060f322df5cb0c7b9094f57e41fc,0a615eb05fa9db654050aa655945ee5696e7c6c1b7f93f1ee8c37249010f6feb,sha256:89d64b4c7112cc55db0d42d562e2a0208858658c0c67ab1bd48424175c50f501,projection and classification only,EPSG:25832,0,none; locked raw-cache re-pooling only,supplement_FM_dense_dial_2px_same_block
DEBY_LOD2_4908169,9,4,DJI_20241217084845_0186_D,DJI_20241217084849_0188_D,R1prime,phases/p2-gsjso/runs/20260719_boundary_map_v3/fm_dense_pairs.csv,f99de9a9141a134a9ce582387f3f1648659eaa4598f8117dd874cc5964f889d1,ebc3206c896a27af21dcf6ac30fbd47769eb49e0745d677c0f2c74a83dfec06e,phases/p2-gsjso/runs/20260719_boundary_map_v3/fm_dense_raw/4908169_rank04_raw_cheirality.npz,680d242fa747a1303c1a94f7e92da7b8fe1820e65690db826f723b5486e29bfc,jointbuildgs.boundary_map_v3.fm_dense.raw_pair.v2,2026-07-19T16:09:48.746827+00:00,projected_footprint,p0_full_opencv_text,canonical_local_xyz,202412170848,202412170848,same_acquisition_minute_block,true,low_same_block,20.110581,fixed camera-centre baseline >0.06m,true,2.000000,true,success,,2071,1957,1957,1957,850,132,-36.728009,0.476960,true,0.696129,0.001596,1,0,cache_reuse,R1prime-3_FM_dense_dial_2px,d2fcd607291f5aaa01193d108d8821c9d3cb450b8fd94427212f1054dda64660,3af60747ffde1a12a1edd7f17bcca152bbb7b557b06b04233f2f70b8014c0fe0,naver/MASt3R_ViTLarge_BaseDecoder_512_catmlpdpt_metric,06e7259f34c3060f322df5cb0c7b9094f57e41fc,0a615eb05fa9db654050aa655945ee5696e7c6c1b7f93f1ee8c37249010f6feb,sha256:89d64b4c7112cc55db0d42d562e2a0208858658c0c67ab1bd48424175c50f501,projection and classification only,EPSG:25832,0,none; locked raw-cache re-pooling only,supplement_FM_dense_dial_2px_same_block
DEBY_LOD2_4908169,9,5,DJI_20241217084847_0187_D,DJI_20241217084843_0185_D,R1prime,phases/p2-gsjso/runs/20260719_boundary_map_v3/fm_dense_pairs.csv,f99de9a9141a134a9ce582387f3f1648659eaa4598f8117dd874cc5964f889d1,4a670d78285d86cd288c7b4d28ba007b69ec036a48518c7fd3f84a62c4fe7778,phases/p2-gsjso/runs/20260719_boundary_map_v3/fm_dense_raw/4908169_rank05_raw_cheirality.npz,623fdbe68b499ccb00a9d9dc333a17fb330713dfc4e65058f3c0661c1568f5d3,jointbuildgs.boundary_map_v3.fm_dense.raw_pair.v2,2026-07-19T16:09:49.460167+00:00,projected_footprint,p0_full_opencv_text,canonical_local_xyz,202412170848,202412170848,same_acquisition_minute_block,true,low_same_block,19.975980,fixed camera-centre baseline >0.06m,true,2.000000,true,success,,1552,1216,1216,1216,796,36,-36.667899,0.095453,true,0.652639,0.001295,1,0,cache_reuse,R1prime-3_FM_dense_dial_2px,064bd9fcd251b9a98f93f0b911f7451af561b8d3bffbe2e245ff917f866e5cb7,3af60747ffde1a12a1edd7f17bcca152bbb7b557b06b04233f2f70b8014c0fe0,naver/MASt3R_ViTLarge_BaseDecoder_512_catmlpdpt_metric,06e7259f34c3060f322df5cb0c7b9094f57e41fc,0a615eb05fa9db654050aa655945ee5696e7c6c1b7f93f1ee8c37249010f6feb,sha256:89d64b4c7112cc55db0d42d562e2a0208858658c0c67ab1bd48424175c50f501,projection and classification only,EPSG:25832,0,none; locked raw-cache re-pooling only,supplement_FM_dense_dial_2px_same_block
DEBY_LOD2_4908169,9,6,DJI_20241217084847_0187_D,DJI_20241217084851_0189_D,R1prime,phases/p2-gsjso/runs/20260719_boundary_map_v3/fm_dense_pairs.csv,f99de9a9141a134a9ce582387f3f1648659eaa4598f8117dd874cc5964f889d1,17a09ba885dceea9310cf337cda269cc23e2e762b79676b88e5b252367842e95,phases/p2-gsjso/runs/20260719_boundary_map_v3/fm_dense_raw/4908169_rank06_raw_cheirality.npz,c7572c9408c908fcc1c6ba458c6531467fd4b14274a7d57ce4c4d4d26526b908,jointbuildgs.boundary_map_v3.fm_dense.raw_pair.v2,2026-07-19T16:09:50.188451+00:00,projected_footprint,p0_full_opencv_text,canonical_local_xyz,202412170848,202412170848,same_acquisition_minute_block,true,low_same_block,19.890141,fixed camera-centre baseline >0.06m,true,2.000000,true,success,,1576,1439,1439,1439,622,203,-37.859848,1.002883,true,0.677897,0.001482,1,0,cache_reuse,R1prime-3_FM_dense_dial_2px,7827230ae3a16401a46a102fd8e6dff6a5fc929fcb42efa2f84596b829439ba2,3af60747ffde1a12a1edd7f17bcca152bbb7b557b06b04233f2f70b8014c0fe0,naver/MASt3R_ViTLarge_BaseDecoder_512_catmlpdpt_metric,06e7259f34c3060f322df5cb0c7b9094f57e41fc,0a615eb05fa9db654050aa655945ee5696e7c6c1b7f93f1ee8c37249010f6feb,sha256:89d64b4c7112cc55db0d42d562e2a0208858658c0c67ab1bd48424175c50f501,projection and classification only,EPSG:25832,0,none; locked raw-cache re-pooling only,supplement_FM_dense_dial_2px_same_block
DEBY_LOD2_4908169,9,7,DJI_20241217084847_0187_D,DJI_20241217084845_0186_D,R1prime,phases/p2-gsjso/runs/20260719_boundary_map_v3/fm_dense_pairs.csv,f99de9a9141a134a9ce582387f3f1648659eaa4598f8117dd874cc5964f889d1,f346a3a2e7047783f9e6d9d337a63ebdb2ce6d77b1129634c857189fb66d83bd,phases/p2-gsjso/runs/20260719_boundary_map_v3/fm_dense_raw/4908169_rank07_raw_cheirality.npz,ebdff9a9b945365040670196b007bc9a60c88998af021c3af5c8902e9538ef48,jointbuildgs.boundary_map_v3.fm_dense.raw_pair.v2,2026-07-19T16:09:50.895309+00:00,projected_footprint,p0_full_opencv_text,canonical_local_xyz,202412170848,202412170848,same_acquisition_minute_block,true,low_same_block,10.146534,fixed camera-centre baseline >0.06m,true,2.000000,true,success,,1991,1840,1840,1840,1649,67,-36.879331,0.164613,true,0.651464,0.001646,1,0,cache_reuse,R1prime-3_FM_dense_dial_2px,c14fff3bbb6c376022f81874bbbc1d7d161070d874ac53462d16fb50c468e9db,3af60747ffde1a12a1edd7f17bcca152bbb7b557b06b04233f2f70b8014c0fe0,naver/MASt3R_ViTLarge_BaseDecoder_512_catmlpdpt_metric,06e7259f34c3060f322df5cb0c7b9094f57e41fc,0a615eb05fa9db654050aa655945ee5696e7c6c1b7f93f1ee8c37249010f6feb,sha256:89d64b4c7112cc55db0d42d562e2a0208858658c0c67ab1bd48424175c50f501,projection and classification only,EPSG:25832,0,none; locked raw-cache re-pooling only,supplement_FM_dense_dial_2px_same_block
DEBY_LOD2_4908169,9,8,DJI_20241217084847_0187_D,DJI_20241217084849_0188_D,R1prime,phases/p2-gsjso/runs/20260719_boundary_map_v3/fm_dense_pairs.csv,f99de9a9141a134a9ce582387f3f1648659eaa4598f8117dd874cc5964f889d1,457557d03397fc67b09ecb000b70ad2f2abaaecb909e4320c53daeacc81869a5,phases/p2-gsjso/runs/20260719_boundary_map_v3/fm_dense_raw/4908169_rank08_raw_cheirality.npz,858fda1670f751f0e920fec6f71cb66cf41fa03dec28008191dab016b56084ae,jointbuildgs.boundary_map_v3.fm_dense.raw_pair.v2,2026-07-19T16:09:51.611847+00:00,projected_footprint,p0_full_opencv_text,canonical_local_xyz,202412170848,202412170848,same_acquisition_minute_block,true,low_same_block,9.964343,fixed camera-centre baseline >0.06m,true,2.000000,true,success,,2548,2397,2397,2397,2344,68,-36.734553,0.210916,true,0.654753,0.001908,1,0,cache_reuse,R1prime-3_FM_dense_dial_2px,ad7c68d64497d27fa609fdc53bfe9638b1c645604fa3cb2b76352025688affc6,3af60747ffde1a12a1edd7f17bcca152bbb7b557b06b04233f2f70b8014c0fe0,naver/MASt3R_ViTLarge_BaseDecoder_512_catmlpdpt_metric,06e7259f34c3060f322df5cb0c7b9094f57e41fc,0a615eb05fa9db654050aa655945ee5696e7c6c1b7f93f1ee8c37249010f6feb,sha256:89d64b4c7112cc55db0d42d562e2a0208858658c0c67ab1bd48424175c50f501,projection and classification only,EPSG:25832,0,none; locked raw-cache re-pooling only,supplement_FM_dense_dial_2px_same_block
DEBY_LOD2_4908169,9,9,DJI_20241217084849_0188_D,DJI_20241217084851_0189_D,R1prime,phases/p2-gsjso/runs/20260719_boundary_map_v3/fm_dense_pairs.csv,f99de9a9141a134a9ce582387f3f1648659eaa4598f8117dd874cc5964f889d1,fa519779b1dd9bb7c6942f47dc665473a62f58795f5c443aaacaf9390efe5ddb,phases/p2-gsjso/runs/20260719_boundary_map_v3/fm_dense_raw/4908169_rank09_raw_cheirality.npz,787c794ea3c7dde602a22da0ce1af130d186577d5a16ea1a7e99f59e38672b12,jointbuildgs.boundary_map_v3.fm_dense.raw_pair.v2,2026-07-19T16:09:52.333793+00:00,projected_footprint,p0_full_opencv_text,canonical_local_xyz,202412170848,202412170848,same_acquisition_minute_block,true,low_same_block,9.926005,fixed camera-centre baseline >0.06m,true,2.000000,true,success,,2003,1873,1873,1873,1868,89,-36.748429,0.114984,true,0.664585,0.001678,1,0,cache_reuse,R1prime-3_FM_dense_dial_2px,2fb9d893c3ab896ed7b6f076d302caab1f585c1429819cee59dd5c009da297bf,3af60747ffde1a12a1edd7f17bcca152bbb7b557b06b04233f2f70b8014c0fe0,naver/MASt3R_ViTLarge_BaseDecoder_512_catmlpdpt_metric,06e7259f34c3060f322df5cb0c7b9094f57e41fc,0a615eb05fa9db654050aa655945ee5696e7c6c1b7f93f1ee8c37249010f6feb,sha256:89d64b4c7112cc55db0d42d562e2a0208858658c0c67ab1bd48424175c50f501,projection and classification only,EPSG:25832,0,none; locked raw-cache re-pooling only,supplement_FM_dense_dial_2px_same_block
DEBY_LOD2_4908169,9,10,DJI_20241217084845_0186_D,DJI_20241217084843_0185_D,R1prime,phases/p2-gsjso/runs/20260719_boundary_map_v3/fm_dense_pairs.csv,f99de9a9141a134a9ce582387f3f1648659eaa4598f8117dd874cc5964f889d1,a2910662af7c39d922e15cb5d63c6d12058514e8106c83473a265f4480367d25,phases/p2-gsjso/runs/20260719_boundary_map_v3/fm_dense_raw/4908169_rank10_raw_cheirality.npz,e55b193c62ed0af2fee2d1192f43c709f650ed44fc21fbd0ab01e603289f1ad6,jointbuildgs.boundary_map_v3.fm_dense.raw_pair.v2,2026-07-19T16:09:53.049190+00:00,projected_footprint,p0_full_opencv_text,canonical_local_xyz,202412170848,202412170848,same_acquisition_minute_block,true,low_same_block,9.829453,fixed camera-centre baseline >0.06m,true,2.000000,true,success,,2150,1959,1959,1959,1854,53,-36.547478,0.093622,true,0.638928,0.001674,1,0,cache_reuse,R1prime-3_FM_dense_dial_2px,5ece01c6cdec23404449a131fe902930923f742559c44ef3430b56bc686e02de,3af60747ffde1a12a1edd7f17bcca152bbb7b557b06b04233f2f70b8014c0fe0,naver/MASt3R_ViTLarge_BaseDecoder_512_catmlpdpt_metric,06e7259f34c3060f322df5cb0c7b9094f57e41fc,0a615eb05fa9db654050aa655945ee5696e7c6c1b7f93f1ee8c37249010f6feb,sha256:89d64b4c7112cc55db0d42d562e2a0208858658c0c67ab1bd48424175c50f501,projection and classification only,EPSG:25832,0,none; locked raw-cache re-pooling only,supplement_FM_dense_dial_2px_same_block
