2026-07-14T14:48:10+0000	stage=inventory status=started
2026-07-14T14:48:10+0000	archive_size_bytes=16016774527
2026-07-14T14:48:11+0000	sha256_progress_bytes=1073741824/16016774527
2026-07-14T14:48:12+0000	sha256_progress_bytes=2147483648/16016774527
2026-07-14T14:48:12+0000	sha256_progress_bytes=3221225472/16016774527
2026-07-14T14:48:13+0000	sha256_progress_bytes=4294967296/16016774527
2026-07-14T14:48:14+0000	sha256_progress_bytes=5368709120/16016774527
2026-07-14T14:48:14+0000	sha256_progress_bytes=6442450944/16016774527
2026-07-14T14:48:15+0000	sha256_progress_bytes=7516192768/16016774527
2026-07-14T14:48:16+0000	sha256_progress_bytes=8589934592/16016774527
2026-07-14T14:48:17+0000	sha256_progress_bytes=9663676416/16016774527
2026-07-14T14:48:17+0000	sha256_progress_bytes=10737418240/16016774527
2026-07-14T14:48:18+0000	sha256_progress_bytes=11811160064/16016774527
2026-07-14T14:48:19+0000	sha256_progress_bytes=12884901888/16016774527
2026-07-14T14:48:19+0000	sha256_progress_bytes=13958643712/16016774527
2026-07-14T14:48:20+0000	sha256_progress_bytes=15032385536/16016774527
2026-07-14T14:50:00+0000	stage=inventory status=complete sha256=ddde00345439f0a778a8fb4cf325c7791d9c66da4378fbcea44ca3ff7678fa0f
2026-07-14T14:52:28+0000	stage=selective_staging status=started
2026-07-14T14:52:28+0000	raw_symlink=fair-pilot/staging/raw/Vaihingen.zip target=../../../phases/p0-audit/data/raw/isprs/Vaihingen.zip
2026-07-14T14:52:29+0000	stage=selective_staging item=1/33 status=extracted member=Vaihingen/ALS/Vaihingen_Strip_03.LAS
2026-07-14T14:52:30+0000	stage=selective_staging item=2/33 status=extracted member=Vaihingen/ALS/Vaihingen_Strip_05.LAS
2026-07-14T14:52:30+0000	stage=selective_staging item=3/33 status=extracted member=Vaihingen/DSM/DSM_09cm_matching.tfw
2026-07-14T14:52:31+0000	extract_progress member=Vaihingen/DSM/DSM_09cm_matching.tif bytes=268435456/1761635093
2026-07-14T14:52:33+0000	extract_progress member=Vaihingen/DSM/DSM_09cm_matching.tif bytes=536870912/1761635093
2026-07-14T14:52:34+0000	extract_progress member=Vaihingen/DSM/DSM_09cm_matching.tif bytes=805306368/1761635093
2026-07-14T14:52:36+0000	extract_progress member=Vaihingen/DSM/DSM_09cm_matching.tif bytes=1073741824/1761635093
2026-07-14T14:52:37+0000	extract_progress member=Vaihingen/DSM/DSM_09cm_matching.tif bytes=1342177280/1761635093
2026-07-14T14:52:39+0000	extract_progress member=Vaihingen/DSM/DSM_09cm_matching.tif bytes=1610612736/1761635093
2026-07-14T14:52:49+0000	stage=selective_staging item=4/33 status=extracted member=Vaihingen/DSM/DSM_09cm_matching.tif
2026-07-14T14:52:49+0000	stage=selective_staging item=5/33 status=extracted member=Vaihingen/DSM/DSM_25cm_ALS.tfw
2026-07-14T14:52:51+0000	stage=selective_staging item=6/33 status=extracted member=Vaihingen/DSM/DSM_25cm_ALS.tif
2026-07-14T14:52:53+0000	extract_progress member=Vaihingen/Images/10040082.tif bytes=268435456/856964678
2026-07-14T14:52:55+0000	extract_progress member=Vaihingen/Images/10040082.tif bytes=536870912/856964678
2026-07-14T14:52:56+0000	extract_progress member=Vaihingen/Images/10040082.tif bytes=805306368/856964678
2026-07-14T14:53:01+0000	stage=selective_staging item=7/33 status=extracted member=Vaihingen/Images/10040082.tif
2026-07-14T14:53:03+0000	extract_progress member=Vaihingen/Images/10040083.tif bytes=268435456/856964678
2026-07-14T14:53:05+0000	extract_progress member=Vaihingen/Images/10040083.tif bytes=536870912/856964678
2026-07-14T14:53:06+0000	extract_progress member=Vaihingen/Images/10040083.tif bytes=805306368/856964678
2026-07-14T14:53:11+0000	stage=selective_staging item=8/33 status=extracted member=Vaihingen/Images/10040083.tif
2026-07-14T14:53:13+0000	extract_progress member=Vaihingen/Images/10040084.tif bytes=268435456/856964678
2026-07-14T14:53:14+0000	extract_progress member=Vaihingen/Images/10040084.tif bytes=536870912/856964678
2026-07-14T14:53:16+0000	extract_progress member=Vaihingen/Images/10040084.tif bytes=805306368/856964678
2026-07-14T14:53:21+0000	stage=selective_staging item=9/33 status=extracted member=Vaihingen/Images/10040084.tif
2026-07-14T14:53:23+0000	extract_progress member=Vaihingen/Images/10050104.tif bytes=268435456/856964678
2026-07-14T14:53:24+0000	extract_progress member=Vaihingen/Images/10050104.tif bytes=536870912/856964678
2026-07-14T14:53:26+0000	extract_progress member=Vaihingen/Images/10050104.tif bytes=805306368/856964678
2026-07-14T14:53:31+0000	stage=selective_staging item=10/33 status=extracted member=Vaihingen/Images/10050104.tif
2026-07-14T14:53:32+0000	extract_progress member=Vaihingen/Images/10050105.tif bytes=268435456/856964678
2026-07-14T14:53:34+0000	extract_progress member=Vaihingen/Images/10050105.tif bytes=536870912/856964678
2026-07-14T14:53:36+0000	extract_progress member=Vaihingen/Images/10050105.tif bytes=805306368/856964678
2026-07-14T14:53:41+0000	stage=selective_staging item=11/33 status=extracted member=Vaihingen/Images/10050105.tif
2026-07-14T14:53:43+0000	extract_progress member=Vaihingen/Images/10050106.tif bytes=268435456/856964678
2026-07-14T14:53:44+0000	extract_progress member=Vaihingen/Images/10050106.tif bytes=536870912/856964678
2026-07-14T14:53:46+0000	extract_progress member=Vaihingen/Images/10050106.tif bytes=805306368/856964678
2026-07-14T14:53:51+0000	stage=selective_staging item=12/33 status=extracted member=Vaihingen/Images/10050106.tif
2026-07-14T14:53:52+0000	extract_progress member=Vaihingen/Images/10250132.tif bytes=268435456/856964678
2026-07-14T14:53:54+0000	extract_progress member=Vaihingen/Images/10250132.tif bytes=536870912/856964678
2026-07-14T14:53:56+0000	extract_progress member=Vaihingen/Images/10250132.tif bytes=805306368/856964678
2026-07-14T14:54:00+0000	stage=selective_staging item=13/33 status=extracted member=Vaihingen/Images/10250132.tif
2026-07-14T14:54:02+0000	extract_progress member=Vaihingen/Images/10250133.tif bytes=268435456/856964678
2026-07-14T14:54:04+0000	extract_progress member=Vaihingen/Images/10250133.tif bytes=536870912/856964678
2026-07-14T14:54:05+0000	extract_progress member=Vaihingen/Images/10250133.tif bytes=805306368/856964678
2026-07-14T14:54:10+0000	stage=selective_staging item=14/33 status=extracted member=Vaihingen/Images/10250133.tif
2026-07-14T14:54:12+0000	extract_progress member=Vaihingen/Images/10250134.tif bytes=268435456/856964678
2026-07-14T14:54:14+0000	extract_progress member=Vaihingen/Images/10250134.tif bytes=536870912/856964678
2026-07-14T14:54:15+0000	extract_progress member=Vaihingen/Images/10250134.tif bytes=805306368/856964678
2026-07-14T14:54:20+0000	stage=selective_staging item=15/33 status=extracted member=Vaihingen/Images/10250134.tif
2026-07-14T14:54:22+0000	extract_progress member=Vaihingen/Images/10250135.tif bytes=268435456/856964678
2026-07-14T14:54:23+0000	extract_progress member=Vaihingen/Images/10250135.tif bytes=536870912/856964678
2026-07-14T14:54:25+0000	extract_progress member=Vaihingen/Images/10250135.tif bytes=805306368/856964678
2026-07-14T14:54:30+0000	stage=selective_staging item=16/33 status=extracted member=Vaihingen/Images/10250135.tif
2026-07-14T14:54:30+0000	stage=selective_staging item=17/33 status=extracted member=Vaihingen/Images/Vaihingen_Date_UTC.txt
2026-07-14T14:54:30+0000	stage=selective_staging item=18/33 status=extracted member=Vaihingen/Images/daporo.dat
2026-07-14T14:54:30+0000	stage=selective_staging item=19/33 status=extracted member=Vaihingen/Images/daporp.dat
2026-07-14T14:54:30+0000	stage=selective_staging item=20/33 status=extracted member=Vaihingen/Ortho/TOP_Mosaic_09cm.tfw
2026-07-14T14:54:31+0000	extract_progress member=Vaihingen/Ortho/TOP_Mosaic_09cm.tif bytes=268435456/1321219370
2026-07-14T14:54:33+0000	extract_progress member=Vaihingen/Ortho/TOP_Mosaic_09cm.tif bytes=536870912/1321219370
2026-07-14T14:54:35+0000	extract_progress member=Vaihingen/Ortho/TOP_Mosaic_09cm.tif bytes=805306368/1321219370
2026-07-14T14:54:36+0000	extract_progress member=Vaihingen/Ortho/TOP_Mosaic_09cm.tif bytes=1073741824/1321219370
2026-07-14T14:54:45+0000	stage=selective_staging item=21/33 status=extracted member=Vaihingen/Ortho/TOP_Mosaic_09cm.tif
2026-07-14T14:54:45+0000	stage=selective_staging item=22/33 status=extracted member=Vaihingen/Overview_Vaihingen_DMC.pdf
2026-07-14T14:54:45+0000	stage=selective_staging item=23/33 status=extracted member=Vaihingen/Reference_3d_reconstruction/Reference_Area/borderline_area_3.DXF
2026-07-14T14:54:45+0000	stage=selective_staging item=24/33 status=extracted member=Vaihingen/Reference_3d_reconstruction/Reference_Area/borderline_area_3.tfw
2026-07-14T14:54:45+0000	stage=selective_staging item=25/33 status=extracted member=Vaihingen/Reference_3d_reconstruction/Reference_Area/borderline_area_3.tif
2026-07-14T14:54:45+0000	stage=selective_staging item=26/33 status=extracted member=Vaihingen/Reference_3d_reconstruction/Reference_Buildings/building_outline_area_3.DXF
2026-07-14T14:54:45+0000	stage=selective_staging item=27/33 status=extracted member=Vaihingen/Reference_3d_reconstruction/Reference_Buildings/building_outline_area_3.dbf
2026-07-14T14:54:46+0000	stage=selective_staging item=28/33 status=extracted member=Vaihingen/Reference_3d_reconstruction/Reference_Buildings/building_outline_area_3.prj
2026-07-14T14:54:46+0000	stage=selective_staging item=29/33 status=extracted member=Vaihingen/Reference_3d_reconstruction/Reference_Buildings/building_outline_area_3.sbn
2026-07-14T14:54:46+0000	stage=selective_staging item=30/33 status=extracted member=Vaihingen/Reference_3d_reconstruction/Reference_Buildings/building_outline_area_3.sbx
2026-07-14T14:54:46+0000	stage=selective_staging item=31/33 status=extracted member=Vaihingen/Reference_3d_reconstruction/Reference_Buildings/building_outline_area_3.shp
2026-07-14T14:54:46+0000	stage=selective_staging item=32/33 status=extracted member=Vaihingen/Reference_3d_reconstruction/Reference_Buildings/building_outline_area_3.shx
2026-07-14T14:54:46+0000	stage=selective_staging item=33/33 status=extracted member=Vaihingen/Reference_3d_reconstruction/Reference_Roofs/gebaeude_area_3_3D_dachflaechen.dxf
2026-07-14T14:54:46+0000	stage=selective_staging status=complete members=33 bytes=12023313542
2026-07-14T14:59:30+0000	stage=prepare status=started
2026-07-14T14:59:30+0000	command=ogr2ogr -f GeoJSON /workspace/JointBuildGS/fair-pilot/staging/area3_work_epsg25832/footprints_area3_source_epsg32632.geojson /workspace/JointBuildGS/fair-pilot/staging/area3_source_epsg32632/Reference_3d_reconstruction/Reference_Buildings/building_outline_area_3.shp
2026-07-14T14:59:30+0000	command=ogr2ogr -f GPKG -t_srs EPSG:25832 /workspace/JointBuildGS/fair-pilot/staging/area3_work_epsg25832/footprints_area3_epsg25832.gpkg /workspace/JointBuildGS/fair-pilot/staging/area3_source_epsg32632/Reference_3d_reconstruction/Reference_Buildings/building_outline_area_3.shp -nln footprints_area3
2026-07-14T14:59:30+0000	command=ogr2ogr -f GeoJSON -t_srs EPSG:25832 /workspace/JointBuildGS/fair-pilot/staging/area3_work_epsg25832/footprints_area3_epsg25832.geojson /workspace/JointBuildGS/fair-pilot/staging/area3_source_epsg32632/Reference_3d_reconstruction/Reference_Buildings/building_outline_area_3.shp
2026-07-14T14:59:30+0000	command=ogr2ogr -f GeoJSON -a_srs EPSG:32632 /workspace/JointBuildGS/fair-pilot/staging/area3_work_epsg25832/roofs_area3_source_epsg32632.geojson /workspace/JointBuildGS/fair-pilot/staging/area3_source_epsg32632/Reference_3d_reconstruction/Reference_Roofs/gebaeude_area_3_3D_dachflaechen.dxf
Warning 1: Attempt to write Z geometries to layer entities that does not support them. Z component will be discarded
2026-07-14T14:59:30+0000	command=ogr2ogr -f GeoJSON -a_srs EPSG:32632 -t_srs EPSG:25832 /workspace/JointBuildGS/fair-pilot/staging/area3_work_epsg25832/roofs_area3_epsg25832.geojson /workspace/JointBuildGS/fair-pilot/staging/area3_source_epsg32632/Reference_3d_reconstruction/Reference_Roofs/gebaeude_area_3_3D_dachflaechen.dxf
ERROR 1: Argument '-t_srs <srs_def>' not allowed with '-a_srs <srs_def>'
Usage: ogr2ogr [--help] [--long-usage] [--help-general]
               [-of <output_format>] [-dsco <NAME>=<VALUE>]...
               [-lco <NAME>=<VALUE>]...
               [[-append]|[-upsert]|[-overwrite]]
               [-update] [-sql <statement>|@<filename>] [-dialect <dialect>]
               [-spat <xmin> <ymin> <xmax> <ymax>]
               [-where <restricted_where>|@<filename>] [-select <field_list>]
               [-nln <name>] [-nlt <type>]... [-s_srs <srs_def>]
               [[-a_srs <srs_def>]|[-t_srs <srs_def>]]
               <dst_dataset_name> <src_dataset_name> [<layer_name>]...

Field related options:
               [-addfields] [-relaxedFieldNameMatch]
               [-fieldTypeToString All|<type1>[,<type2>]...]
               [-mapFieldType <srctype>|All=<dsttype>[,<srctype2>=<dsttype2>]...]
               [-fieldmap <field_1>[,<field_2>]...] [-splitlistfields]
               [-maxsubfields <n>] [-emptyStrAsNull] [-forceNullable]
               [-unsetFieldWidth] [-unsetDefault] [-resolveDomains]
               [-dateTimeTo UTC|UTC(+|-)<HH>|UTC(+|-)<HH>:<MM>] [-noNativeData]

Advanced geometry and SRS related options:
               [-dim layer_dim|2|XY|3|XYZ|XYM|XYZM] [-s_coord_epoch <epoch>]
               [-a_coord_epoch <epoch>] [-t_coord_epoch <epoch>]
               [-ct <pipeline_def>] [-ct_opt <NAME>=<VALUE>]...
               [-spat_srs <srs_def>] [-geomfield <name>]
               [-segmentize <max_dist>] [-simplify <tolerance>] [-makevalid]
               [-skipinvalid] [-wrapdateline] [-datelineoffset <val_in_degree>]
               [-clipsrc [<xmin> <ymin> <xmax> <ymax>]|<WKT>|<datasource>|spat_extent]
               [-clipsrcsql <sql_statement>] [-clipsrclayer <layername>]
               [-clipsrcwhere <expression>]
               [-clipdst [<xmin> <ymin> <xmax> <ymax>]|<WKT>|<datasource>]
               [-clipdstsql <sql_statement>] [-clipdstlayer <layername>]
               [-clipdstwhere <expression>] [-explodecollections]
               [-zfield <name>]
               [-gcp <ungeoref_x> <ungeoref_y> <georef_x> <georef_y> [<elevation>]]...
               [-tps] [-order 1|2|3] [-xyRes <val>[ m|mm|deg]]
               [-zRes <val>[ m|mm]] [-mRes <val>] [-unsetCoordPrecision]

Other options:
               [--quiet] [-progress] [-if <format>]... [-oo <NAME>=<VALUE>]...
               [-doo <NAME>=<VALUE>]...
               [-fid <FID>] [-preserve_fid] [-unsetFid]
               [[-skipfailures]|[-gt <n>|unlimited]]
               [-limit <nb_features>] [-ds_transaction] [-mo <NAME>=<VALUE>]...
               [-nomd]
2026-07-14T15:00:07+0000	stage=prepare status=started
2026-07-14T15:00:07+0000	command=ogr2ogr -f GeoJSON /workspace/JointBuildGS/fair-pilot/staging/area3_work_epsg25832/footprints_area3_source_epsg32632.geojson /workspace/JointBuildGS/fair-pilot/staging/area3_source_epsg32632/Reference_3d_reconstruction/Reference_Buildings/building_outline_area_3.shp
2026-07-14T15:00:07+0000	command=ogr2ogr -f GPKG -t_srs EPSG:25832 /workspace/JointBuildGS/fair-pilot/staging/area3_work_epsg25832/footprints_area3_epsg25832.gpkg /workspace/JointBuildGS/fair-pilot/staging/area3_source_epsg32632/Reference_3d_reconstruction/Reference_Buildings/building_outline_area_3.shp -nln footprints_area3
2026-07-14T15:00:07+0000	command=ogr2ogr -f GeoJSON -t_srs EPSG:25832 /workspace/JointBuildGS/fair-pilot/staging/area3_work_epsg25832/footprints_area3_epsg25832.geojson /workspace/JointBuildGS/fair-pilot/staging/area3_source_epsg32632/Reference_3d_reconstruction/Reference_Buildings/building_outline_area_3.shp
2026-07-14T15:00:07+0000	command=ogr2ogr -f GeoJSON -dim XYZ -nlt PROMOTE_TO_MULTI -a_srs EPSG:32632 /workspace/JointBuildGS/fair-pilot/staging/area3_work_epsg25832/roofs_area3_source_epsg32632.geojson /workspace/JointBuildGS/fair-pilot/staging/area3_source_epsg32632/Reference_3d_reconstruction/Reference_Roofs/gebaeude_area_3_3D_dachflaechen.dxf
Warning 1: Attempt to write Z geometries to layer entities that does not support them. Z component will be discarded
2026-07-14T15:00:07+0000	command=ogr2ogr -f GeoJSON -dim XYZ -nlt PROMOTE_TO_MULTI -s_srs EPSG:32632 -t_srs EPSG:25832 /workspace/JointBuildGS/fair-pilot/staging/area3_work_epsg25832/roofs_area3_epsg25832.geojson /workspace/JointBuildGS/fair-pilot/staging/area3_source_epsg32632/Reference_3d_reconstruction/Reference_Roofs/gebaeude_area_3_3D_dachflaechen.dxf
Warning 1: Attempt to write Z geometries to layer entities that does not support them. Z component will be discarded
2026-07-14T15:00:07+0000	command=gdalwarp -overwrite -s_srs EPSG:32632 -t_srs EPSG:25832 -te 497060.648 5419200.511 497210.512 5419425.295 -tr 0.09 0.09 -r bilinear -dstnodata -9999 -co TILED=YES -co COMPRESS=DEFLATE /workspace/JointBuildGS/fair-pilot/staging/area3_source_epsg32632/DSM/DSM_09cm_matching.tif /workspace/JointBuildGS/fair-pilot/staging/area3_work_epsg25832/dim_official_09cm_area3_epsg25832.tif
Creating output file that is 1665P x 2498L.
Processing DSM_09cm_matching.tif [1/1] : 0...10...20...30...40...50...60...70...80...90...100 - done.
2026-07-14T15:00:08+0000	command=gdalwarp -overwrite -s_srs EPSG:32632 -t_srs EPSG:25832 -te 497060.648 5419200.511 497210.512 5419425.295 -tr 0.25 0.25 -r bilinear -dstnodata -9999 -co TILED=YES -co COMPRESS=DEFLATE /workspace/JointBuildGS/fair-pilot/staging/area3_source_epsg32632/DSM/DSM_25cm_ALS.tif /workspace/JointBuildGS/fair-pilot/staging/area3_work_epsg25832/als_dsm_25cm_area3_epsg25832.tif
Creating output file that is 599P x 899L.
Processing DSM_25cm_ALS.tif [1/1] : 0...10...20...30...40...50...60...70...80...90...100 - done.
2026-07-14T15:00:08+0000	command=gdalwarp -overwrite -s_srs EPSG:32632 -t_srs EPSG:25832 -te 497060.648 5419200.511 497210.512 5419425.295 -tr 0.09 0.09 -r bilinear -dstnodata 0 -co TILED=YES -co COMPRESS=DEFLATE /workspace/JointBuildGS/fair-pilot/staging/area3_source_epsg32632/Ortho/TOP_Mosaic_09cm.tif /workspace/JointBuildGS/fair-pilot/staging/area3_work_epsg25832/ortho_09cm_area3_epsg25832.tif
Creating output file that is 1665P x 2498L.
Processing TOP_Mosaic_09cm.tif [1/1] : 0...10...20...30...40...50...60...70...80...90...100 - done.
Warning 1: Value 0 in the source dataset has been changed to 1 in the destination dataset to avoid being treated as NoData. To avoid this, select a different NoData value for the destination dataset.
2026-07-14T15:00:09+0000	command=pdal pipeline /workspace/JointBuildGS/fair-pilot/runs/20260714_vaihingen_area3/workspace/als_stage_pipeline.json
proj_uom_get_info_from_database: unit of measure not found
proj_uom_get_info_from_database: unit of measure not found
proj_uom_get_info_from_database: unit of measure not found
proj_uom_get_info_from_database: unit of measure not found
proj_uom_get_info_from_database: unit of measure not found
proj_uom_get_info_from_database: unit of measure not found
proj_uom_get_info_from_database: unit of measure not found
proj_uom_get_info_from_database: unit of measure not found
2026-07-14T15:00:12+0000	command=gdal_translate -of PNG -ot Byte -scale 0 2047 0 255 -outsize 25% 25% /workspace/JointBuildGS/fair-pilot/staging/area3_source_epsg32632/Images/10040082.tif /workspace/JointBuildGS/fair-pilot/runs/20260714_vaihingen_area3/workspace/images/10040082.png
Input file size is 7680, 13824
0...10...20...30...40...50...60...70...80...90...100 - done.
2026-07-14T15:00:13+0000	stage=prepare image=1/10 path=fair-pilot/runs/20260714_vaihingen_area3/workspace/images/10040082.png
2026-07-14T15:00:13+0000	command=gdal_translate -of PNG -ot Byte -scale 0 2047 0 255 -outsize 25% 25% /workspace/JointBuildGS/fair-pilot/staging/area3_source_epsg32632/Images/10040083.tif /workspace/JointBuildGS/fair-pilot/runs/20260714_vaihingen_area3/workspace/images/10040083.png
Input file size is 7680, 13824
0...10...20...30...40...50...60...70...80...90...100 - done.
2026-07-14T15:00:15+0000	stage=prepare image=2/10 path=fair-pilot/runs/20260714_vaihingen_area3/workspace/images/10040083.png
2026-07-14T15:00:15+0000	command=gdal_translate -of PNG -ot Byte -scale 0 2047 0 255 -outsize 25% 25% /workspace/JointBuildGS/fair-pilot/staging/area3_source_epsg32632/Images/10040084.tif /workspace/JointBuildGS/fair-pilot/runs/20260714_vaihingen_area3/workspace/images/10040084.png
Input file size is 7680, 13824
0...10...20...30...40...50...60...70...80...90...100 - done.
2026-07-14T15:00:16+0000	stage=prepare image=3/10 path=fair-pilot/runs/20260714_vaihingen_area3/workspace/images/10040084.png
2026-07-14T15:00:17+0000	command=gdal_translate -of PNG -ot Byte -scale 0 2047 0 255 -outsize 25% 25% /workspace/JointBuildGS/fair-pilot/staging/area3_source_epsg32632/Images/10050104.tif /workspace/JointBuildGS/fair-pilot/runs/20260714_vaihingen_area3/workspace/images/10050104.png
Input file size is 7680, 13824
0...10...20...30...40...50...60...70...80...90...100 - done.
2026-07-14T15:00:18+0000	stage=prepare image=4/10 path=fair-pilot/runs/20260714_vaihingen_area3/workspace/images/10050104.png
2026-07-14T15:00:18+0000	command=gdal_translate -of PNG -ot Byte -scale 0 2047 0 255 -outsize 25% 25% /workspace/JointBuildGS/fair-pilot/staging/area3_source_epsg32632/Images/10050105.tif /workspace/JointBuildGS/fair-pilot/runs/20260714_vaihingen_area3/workspace/images/10050105.png
Input file size is 7680, 13824
0...10...20...30...40...50...60...70...80...90...100 - done.
2026-07-14T15:00:20+0000	stage=prepare image=5/10 path=fair-pilot/runs/20260714_vaihingen_area3/workspace/images/10050105.png
2026-07-14T15:00:20+0000	command=gdal_translate -of PNG -ot Byte -scale 0 2047 0 255 -outsize 25% 25% /workspace/JointBuildGS/fair-pilot/staging/area3_source_epsg32632/Images/10050106.tif /workspace/JointBuildGS/fair-pilot/runs/20260714_vaihingen_area3/workspace/images/10050106.png
Input file size is 7680, 13824
0...10...20...30...40...50...60...70...80...90...100 - done.
2026-07-14T15:00:21+0000	stage=prepare image=6/10 path=fair-pilot/runs/20260714_vaihingen_area3/workspace/images/10050106.png
2026-07-14T15:00:21+0000	command=gdal_translate -of PNG -ot Byte -scale 0 2047 0 255 -outsize 25% 25% /workspace/JointBuildGS/fair-pilot/staging/area3_source_epsg32632/Images/10250132.tif /workspace/JointBuildGS/fair-pilot/runs/20260714_vaihingen_area3/workspace/images/10250132.png
Input file size is 7680, 13824
0...10...20...30...40...50...60...70...80...90...100 - done.
2026-07-14T15:00:23+0000	stage=prepare image=7/10 path=fair-pilot/runs/20260714_vaihingen_area3/workspace/images/10250132.png
2026-07-14T15:00:23+0000	command=gdal_translate -of PNG -ot Byte -scale 0 2047 0 255 -outsize 25% 25% /workspace/JointBuildGS/fair-pilot/staging/area3_source_epsg32632/Images/10250133.tif /workspace/JointBuildGS/fair-pilot/runs/20260714_vaihingen_area3/workspace/images/10250133.png
Input file size is 7680, 13824
0...10...20...30...40...50...60...70...80...90...100 - done.
2026-07-14T15:00:25+0000	stage=prepare image=8/10 path=fair-pilot/runs/20260714_vaihingen_area3/workspace/images/10250133.png
2026-07-14T15:00:25+0000	command=gdal_translate -of PNG -ot Byte -scale 0 2047 0 255 -outsize 25% 25% /workspace/JointBuildGS/fair-pilot/staging/area3_source_epsg32632/Images/10250134.tif /workspace/JointBuildGS/fair-pilot/runs/20260714_vaihingen_area3/workspace/images/10250134.png
Input file size is 7680, 13824
0...10...20...30...40...50...60...70...80...90...100 - done.
2026-07-14T15:00:26+0000	stage=prepare image=9/10 path=fair-pilot/runs/20260714_vaihingen_area3/workspace/images/10250134.png
2026-07-14T15:00:26+0000	command=gdal_translate -of PNG -ot Byte -scale 0 2047 0 255 -outsize 25% 25% /workspace/JointBuildGS/fair-pilot/staging/area3_source_epsg32632/Images/10250135.tif /workspace/JointBuildGS/fair-pilot/runs/20260714_vaihingen_area3/workspace/images/10250135.png
Input file size is 7680, 13824
0...10...20...30...40...50...60...70...80...90...100 - done.
2026-07-14T15:00:28+0000	stage=prepare image=10/10 path=fair-pilot/runs/20260714_vaihingen_area3/workspace/images/10250135.png
2026-07-14T15:00:28+0000	stage=prepare status=complete images=10 centroid_visible=9
2026-07-14T15:00:59+00:00	stage=colmap_mvs status=started gpu=host1_container0
I20260714 15:01:00.033872   302 patch_match.cc:210] Reading workspace...
I20260714 15:01:00.039451   302 patch_match.cc:240] Reading configuration...
I20260714 15:01:00.039827   302 patch_match.cc:371] Configuration has 10 problems...
I20260714 15:01:00.055665   434 patch_match.cc:416] === Processing view 1 / 10 for 10040082.png ===
I20260714 15:01:00.056022   434 patch_match.cc:466] Reading inputs...
I20260714 15:01:00.256178   434 patch_match.cc:56] --- PatchMatch::Problem ---
I20260714 15:01:00.256243   434 patch_match.cc:57] ref_image_idx: 0
I20260714 15:01:00.256259   434 patch_match.cc:64] src_image_idxs: 9 8 7 6 5 2 4 3 1
I20260714 15:01:00.256270   434 patch_match_options.cc:46] --- PatchMatchOptions ---
I20260714 15:01:00.256280   434 patch_match_options.cc:47] max_image_size: -1
I20260714 15:01:00.256289   434 patch_match_options.cc:48] gpu_index: 0
I20260714 15:01:00.256299   434 patch_match_options.cc:49] depth_min: 700
I20260714 15:01:00.256335   434 patch_match_options.cc:50] depth_max: 1100
I20260714 15:01:00.256345   434 patch_match_options.cc:51] window_radius: 5
I20260714 15:01:00.256356   434 patch_match_options.cc:52] window_step: 1
I20260714 15:01:00.256366   434 patch_match_options.cc:53] sigma_spatial: 5
I20260714 15:01:00.256376   434 patch_match_options.cc:54] sigma_color: 0.2
I20260714 15:01:00.256387   434 patch_match_options.cc:55] num_samples: 10
I20260714 15:01:00.256398   434 patch_match_options.cc:56] ncc_sigma: 0.6
I20260714 15:01:00.256409   434 patch_match_options.cc:57] min_triangulation_angle: 1
I20260714 15:01:00.256420   434 patch_match_options.cc:58] incident_angle_sigma: 0.9
I20260714 15:01:00.256431   434 patch_match_options.cc:59] num_iterations: 3
I20260714 15:01:00.256441   434 patch_match_options.cc:60] geom_consistency: 0
I20260714 15:01:00.256451   434 patch_match_options.cc:61] geom_consistency_regularizer: 0.3
I20260714 15:01:00.256462   434 patch_match_options.cc:62] geom_consistency_max_cost: 3
I20260714 15:01:00.256474   434 patch_match_options.cc:63] filter: 0
I20260714 15:01:00.256484   434 patch_match_options.cc:64] filter_min_ncc: 0.1
I20260714 15:01:00.256494   434 patch_match_options.cc:65] filter_min_triangulation_angle: 3
I20260714 15:01:00.256505   434 patch_match_options.cc:66] filter_min_num_consistent: 2
I20260714 15:01:00.256515   434 patch_match_options.cc:67] filter_geom_consistency_max_cost: 1
I20260714 15:01:00.256525   434 patch_match_options.cc:68] write_consistency_graph: 0
I20260714 15:01:00.256536   434 patch_match_options.cc:69] allow_missing_files: 0
I20260714 15:01:00.256546   434 patch_match_options.cc:70] num_threads: -1
I20260714 15:01:00.256556   434 patch_match.cc:129] --- PatchMatch::Run ---
I20260714 15:01:45.540848   434 cudacc.cc:51] Initialization: 0.2302s
I20260714 15:01:46.774420   434 cudacc.cc:51]  Sweep 1: 1.2335s
I20260714 15:01:47.454339   434 cudacc.cc:51]  Sweep 2: 0.6799s
I20260714 15:01:48.607137   434 cudacc.cc:51]  Sweep 3: 1.1528s
I20260714 15:01:49.292974   434 cudacc.cc:51]  Sweep 4: 0.6858s
I20260714 15:01:49.293001   434 cudacc.cc:51] Iteration 1: 3.7520s
I20260714 15:01:50.419916   434 cudacc.cc:51]  Sweep 1: 1.1269s
I20260714 15:01:51.086196   434 cudacc.cc:51]  Sweep 2: 0.6662s
I20260714 15:01:52.163651   434 cudacc.cc:51]  Sweep 3: 1.0774s
I20260714 15:01:52.820859   434 cudacc.cc:51]  Sweep 4: 0.6572s
I20260714 15:01:52.820885   434 cudacc.cc:51] Iteration 2: 3.5278s
I20260714 15:01:53.868927   434 cudacc.cc:51]  Sweep 1: 1.0480s
I20260714 15:01:54.513188   434 cudacc.cc:51]  Sweep 2: 0.6442s
I20260714 15:01:55.535470   434 cudacc.cc:51]  Sweep 3: 1.0222s
I20260714 15:01:56.169891   434 cudacc.cc:51]  Sweep 4: 0.6344s
I20260714 15:01:56.169917   434 cudacc.cc:51] Iteration 3: 3.3490s
I20260714 15:01:56.169930   434 cudacc.cc:51] Total: 10.8592s
I20260714 15:01:56.169937   434 patch_match.cc:525]
Writing photometric output for 10040082.png
E20260714 15:01:56.177203   434 mat.cc:61] Check failed: (file).is_open() Could not open "/workspace/JointBuildGS/fair-pilot/runs/20260714_vaihingen_area3/workspace/stereo/depth_maps/10040082.png.photometric.bin". Is the path a directory or does the parent dir not exist?
I20260714 15:01:56.214221   434 patch_match.cc:416] === Processing view 2 / 10 for 10040083.png ===
I20260714 15:01:56.214246   434 patch_match.cc:466] Reading inputs...
I20260714 15:01:56.220825   434 patch_match.cc:56] --- PatchMatch::Problem ---
I20260714 15:01:56.220844   434 patch_match.cc:57] ref_image_idx: 1
I20260714 15:01:56.220852   434 patch_match.cc:64] src_image_idxs: 9 8 7 6 5 3 4 2 0
I20260714 15:01:56.220857   434 patch_match_options.cc:46] --- PatchMatchOptions ---
I20260714 15:01:56.220862   434 patch_match_options.cc:47] max_image_size: -1
I20260714 15:01:56.220867   434 patch_match_options.cc:48] gpu_index: 0
I20260714 15:01:56.220871   434 patch_match_options.cc:49] depth_min: 700
I20260714 15:01:56.220882   434 patch_match_options.cc:50] depth_max: 1100
I20260714 15:01:56.220887   434 patch_match_options.cc:51] window_radius: 5
I20260714 15:01:56.220891   434 patch_match_options.cc:52] window_step: 1
I20260714 15:01:56.220896   434 patch_match_options.cc:53] sigma_spatial: 5
I20260714 15:01:56.220901   434 patch_match_options.cc:54] sigma_color: 0.2
I20260714 15:01:56.220906   434 patch_match_options.cc:55] num_samples: 10
I20260714 15:01:56.220911   434 patch_match_options.cc:56] ncc_sigma: 0.6
I20260714 15:01:56.220916   434 patch_match_options.cc:57] min_triangulation_angle: 1
I20260714 15:01:56.220920   434 patch_match_options.cc:58] incident_angle_sigma: 0.9
I20260714 15:01:56.220925   434 patch_match_options.cc:59] num_iterations: 3
I20260714 15:01:56.220929   434 patch_match_options.cc:60] geom_consistency: 0
I20260714 15:01:56.220934   434 patch_match_options.cc:61] geom_consistency_regularizer: 0.3
I20260714 15:01:56.220939   434 patch_match_options.cc:62] geom_consistency_max_cost: 3
I20260714 15:01:56.220944   434 patch_match_options.cc:63] filter: 0
I20260714 15:01:56.220948   434 patch_match_options.cc:64] filter_min_ncc: 0.1
I20260714 15:01:56.220953   434 patch_match_options.cc:65] filter_min_triangulation_angle: 3
I20260714 15:01:56.220958   434 patch_match_options.cc:66] filter_min_num_consistent: 2
I20260714 15:01:56.220963   434 patch_match_options.cc:67] filter_geom_consistency_max_cost: 1
I20260714 15:01:56.220968   434 patch_match_options.cc:68] write_consistency_graph: 0
I20260714 15:01:56.220973   434 patch_match_options.cc:69] allow_missing_files: 0
I20260714 15:01:56.220976   434 patch_match_options.cc:70] num_threads: -1
I20260714 15:01:56.220981   434 patch_match.cc:129] --- PatchMatch::Run ---
I20260714 15:01:56.462101   434 cudacc.cc:51] Initialization: 0.2115s
I20260714 15:01:57.667922   434 cudacc.cc:51]  Sweep 1: 1.2058s
I20260714 15:01:58.400621   434 cudacc.cc:51]  Sweep 2: 0.7326s
I20260714 15:01:59.522034   434 cudacc.cc:51]  Sweep 3: 1.1214s
I20260714 15:02:00.251574   434 cudacc.cc:51]  Sweep 4: 0.7295s
I20260714 15:02:00.251610   434 cudacc.cc:51] Iteration 1: 3.7894s
I20260714 15:02:01.330904   434 cudacc.cc:51]  Sweep 1: 1.0793s
I20260714 15:02:02.056685   434 cudacc.cc:51]  Sweep 2: 0.7257s
I20260714 15:02:03.106063   434 cudacc.cc:51]  Sweep 3: 1.0493s
I20260714 15:02:03.808900   434 cudacc.cc:51]  Sweep 4: 0.7028s
I20260714 15:02:03.808948   434 cudacc.cc:51] Iteration 2: 3.5573s
I20260714 15:02:04.833340   434 cudacc.cc:51]  Sweep 1: 1.0244s
I20260714 15:02:05.527984   434 cudacc.cc:51]  Sweep 2: 0.6946s
I20260714 15:02:06.523645   434 cudacc.cc:51]  Sweep 3: 0.9956s
I20260714 15:02:07.193209   434 cudacc.cc:51]  Sweep 4: 0.6695s
I20260714 15:02:07.193233   434 cudacc.cc:51] Iteration 3: 3.3842s
I20260714 15:02:07.193246   434 cudacc.cc:51] Total: 10.9426s
I20260714 15:02:07.193253   434 patch_match.cc:525]
Writing photometric output for 10040083.png
E20260714 15:02:07.200543   434 mat.cc:61] Check failed: (file).is_open() Could not open "/workspace/JointBuildGS/fair-pilot/runs/20260714_vaihingen_area3/workspace/stereo/depth_maps/10040083.png.photometric.bin". Is the path a directory or does the parent dir not exist?
I20260714 15:02:07.220813   434 patch_match.cc:416] === Processing view 3 / 10 for 10040084.png ===
I20260714 15:02:07.220841   434 patch_match.cc:466] Reading inputs...
I20260714 15:02:07.227262   434 patch_match.cc:56] --- PatchMatch::Problem ---
I20260714 15:02:07.227277   434 patch_match.cc:57] ref_image_idx: 2
I20260714 15:02:07.227285   434 patch_match.cc:64] src_image_idxs: 9 8 3 7 0 4 5 6 1
I20260714 15:02:07.227291   434 patch_match_options.cc:46] --- PatchMatchOptions ---
I20260714 15:02:07.227296   434 patch_match_options.cc:47] max_image_size: -1
I20260714 15:02:07.227300   434 patch_match_options.cc:48] gpu_index: 0
I20260714 15:02:07.227305   434 patch_match_options.cc:49] depth_min: 700
I20260714 15:02:07.227317   434 patch_match_options.cc:50] depth_max: 1100
I20260714 15:02:07.227322   434 patch_match_options.cc:51] window_radius: 5
I20260714 15:02:07.227326   434 patch_match_options.cc:52] window_step: 1
I20260714 15:02:07.227331   434 patch_match_options.cc:53] sigma_spatial: 5
I20260714 15:02:07.227336   434 patch_match_options.cc:54] sigma_color: 0.2
I20260714 15:02:07.227341   434 patch_match_options.cc:55] num_samples: 10
I20260714 15:02:07.227346   434 patch_match_options.cc:56] ncc_sigma: 0.6
I20260714 15:02:07.227351   434 patch_match_options.cc:57] min_triangulation_angle: 1
I20260714 15:02:07.227356   434 patch_match_options.cc:58] incident_angle_sigma: 0.9
I20260714 15:02:07.227361   434 patch_match_options.cc:59] num_iterations: 3
I20260714 15:02:07.227366   434 patch_match_options.cc:60] geom_consistency: 0
I20260714 15:02:07.227371   434 patch_match_options.cc:61] geom_consistency_regularizer: 0.3
I20260714 15:02:07.227375   434 patch_match_options.cc:62] geom_consistency_max_cost: 3
I20260714 15:02:07.227380   434 patch_match_options.cc:63] filter: 0
I20260714 15:02:07.227385   434 patch_match_options.cc:64] filter_min_ncc: 0.1
I20260714 15:02:07.227391   434 patch_match_options.cc:65] filter_min_triangulation_angle: 3
I20260714 15:02:07.227396   434 patch_match_options.cc:66] filter_min_num_consistent: 2
I20260714 15:02:07.227399   434 patch_match_options.cc:67] filter_geom_consistency_max_cost: 1
I20260714 15:02:07.227404   434 patch_match_options.cc:68] write_consistency_graph: 0
I20260714 15:02:07.227409   434 patch_match_options.cc:69] allow_missing_files: 0
I20260714 15:02:07.227413   434 patch_match_options.cc:70] num_threads: -1
I20260714 15:02:07.227419   434 patch_match.cc:129] --- PatchMatch::Run ---
I20260714 15:02:07.474615   434 cudacc.cc:51] Initialization: 0.2180s
I20260714 15:02:08.696369   434 cudacc.cc:51]  Sweep 1: 1.2217s
I20260714 15:02:09.421393   434 cudacc.cc:51]  Sweep 2: 0.7250s
I20260714 15:02:10.612947   434 cudacc.cc:51]  Sweep 3: 1.1915s
I20260714 15:02:11.363376   434 cudacc.cc:51]  Sweep 4: 0.7504s
I20260714 15:02:11.363423   434 cudacc.cc:51] Iteration 1: 3.8887s
I20260714 15:02:12.524195   434 cudacc.cc:51]  Sweep 1: 1.1607s
I20260714 15:02:13.277777   434 cudacc.cc:51]  Sweep 2: 0.7535s
I20260714 15:02:14.411041   434 cudacc.cc:51]  Sweep 3: 1.1332s
I20260714 15:02:15.152236   434 cudacc.cc:51]  Sweep 4: 0.7412s
I20260714 15:02:15.152263   434 cudacc.cc:51] Iteration 2: 3.7888s
I20260714 15:02:16.254562   434 cudacc.cc:51]  Sweep 1: 1.1023s
I20260714 15:02:16.977924   434 cudacc.cc:51]  Sweep 2: 0.7233s
I20260714 15:02:18.039439   434 cudacc.cc:51]  Sweep 3: 1.0615s
I20260714 15:02:18.755103   434 cudacc.cc:51]  Sweep 4: 0.7156s
I20260714 15:02:18.755141   434 cudacc.cc:51] Iteration 3: 3.6028s
I20260714 15:02:18.755153   434 cudacc.cc:51] Total: 11.4984s
I20260714 15:02:18.755160   434 patch_match.cc:525]
Writing photometric output for 10040084.png
E20260714 15:02:18.762384   434 mat.cc:61] Check failed: (file).is_open() Could not open "/workspace/JointBuildGS/fair-pilot/runs/20260714_vaihingen_area3/workspace/stereo/depth_maps/10040084.png.photometric.bin". Is the path a directory or does the parent dir not exist?
I20260714 15:02:18.782519   434 patch_match.cc:416] === Processing view 4 / 10 for 10050104.png ===
I20260714 15:02:18.782543   434 patch_match.cc:466] Reading inputs...
I20260714 15:02:18.789882   434 patch_match.cc:56] --- PatchMatch::Problem ---
I20260714 15:02:18.789892   434 patch_match.cc:57] ref_image_idx: 3
I20260714 15:02:18.789898   434 patch_match.cc:64] src_image_idxs: 9 8 6 7 2 5 1 0 4
I20260714 15:02:18.789904   434 patch_match_options.cc:46] --- PatchMatchOptions ---
I20260714 15:02:18.789909   434 patch_match_options.cc:47] max_image_size: -1
I20260714 15:02:18.789913   434 patch_match_options.cc:48] gpu_index: 0
I20260714 15:02:18.789918   434 patch_match_options.cc:49] depth_min: 700
I20260714 15:02:18.789928   434 patch_match_options.cc:50] depth_max: 1100
I20260714 15:02:18.789933   434 patch_match_options.cc:51] window_radius: 5
I20260714 15:02:18.789937   434 patch_match_options.cc:52] window_step: 1
I20260714 15:02:18.789942   434 patch_match_options.cc:53] sigma_spatial: 5
I20260714 15:02:18.789947   434 patch_match_options.cc:54] sigma_color: 0.2
I20260714 15:02:18.789952   434 patch_match_options.cc:55] num_samples: 10
I20260714 15:02:18.789956   434 patch_match_options.cc:56] ncc_sigma: 0.6
I20260714 15:02:18.789961   434 patch_match_options.cc:57] min_triangulation_angle: 1
I20260714 15:02:18.789966   434 patch_match_options.cc:58] incident_angle_sigma: 0.9
I20260714 15:02:18.789971   434 patch_match_options.cc:59] num_iterations: 3
I20260714 15:02:18.789976   434 patch_match_options.cc:60] geom_consistency: 0
I20260714 15:02:18.789980   434 patch_match_options.cc:61] geom_consistency_regularizer: 0.3
I20260714 15:02:18.789985   434 patch_match_options.cc:62] geom_consistency_max_cost: 3
I20260714 15:02:18.789990   434 patch_match_options.cc:63] filter: 0
I20260714 15:02:18.789994   434 patch_match_options.cc:64] filter_min_ncc: 0.1
I20260714 15:02:18.789999   434 patch_match_options.cc:65] filter_min_triangulation_angle: 3
I20260714 15:02:18.790004   434 patch_match_options.cc:66] filter_min_num_consistent: 2
I20260714 15:02:18.790009   434 patch_match_options.cc:67] filter_geom_consistency_max_cost: 1
I20260714 15:02:18.790014   434 patch_match_options.cc:68] write_consistency_graph: 0
I20260714 15:02:18.790019   434 patch_match_options.cc:69] allow_missing_files: 0
I20260714 15:02:18.790023   434 patch_match_options.cc:70] num_threads: -1
I20260714 15:02:18.790028   434 patch_match.cc:129] --- PatchMatch::Run ---
I20260714 15:02:19.027268   434 cudacc.cc:51] Initialization: 0.2093s
2026-07-14T15:02:54+00:00	stage=colmap_mvs status=started gpu=host1_container0
I20260714 15:02:54.639037   305 patch_match.cc:210] Reading workspace...
I20260714 15:02:54.656883   305 patch_match.cc:240] Reading configuration...
I20260714 15:02:54.656940   305 patch_match.cc:371] Configuration has 10 problems...
I20260714 15:02:54.672228   437 patch_match.cc:416] === Processing view 1 / 10 for 10040082.png ===
I20260714 15:02:54.672266   437 patch_match.cc:466] Reading inputs...
I20260714 15:02:54.868628   437 patch_match.cc:56] --- PatchMatch::Problem ---
I20260714 15:02:54.868664   437 patch_match.cc:57] ref_image_idx: 0
I20260714 15:02:54.868677   437 patch_match.cc:64] src_image_idxs: 9 8 7 6 5 2 4 3 1
I20260714 15:02:54.868687   437 patch_match_options.cc:46] --- PatchMatchOptions ---
I20260714 15:02:54.868696   437 patch_match_options.cc:47] max_image_size: -1
I20260714 15:02:54.868713   437 patch_match_options.cc:48] gpu_index: 0
I20260714 15:02:54.868722   437 patch_match_options.cc:49] depth_min: 700
I20260714 15:02:54.868748   437 patch_match_options.cc:50] depth_max: 1100
I20260714 15:02:54.868758   437 patch_match_options.cc:51] window_radius: 5
I20260714 15:02:54.868767   437 patch_match_options.cc:52] window_step: 1
I20260714 15:02:54.868775   437 patch_match_options.cc:53] sigma_spatial: 5
I20260714 15:02:54.868785   437 patch_match_options.cc:54] sigma_color: 0.2
I20260714 15:02:54.868798   437 patch_match_options.cc:55] num_samples: 10
I20260714 15:02:54.868808   437 patch_match_options.cc:56] ncc_sigma: 0.6
I20260714 15:02:54.868818   437 patch_match_options.cc:57] min_triangulation_angle: 1
I20260714 15:02:54.868829   437 patch_match_options.cc:58] incident_angle_sigma: 0.9
I20260714 15:02:54.868840   437 patch_match_options.cc:59] num_iterations: 3
I20260714 15:02:54.868850   437 patch_match_options.cc:60] geom_consistency: 0
I20260714 15:02:54.868863   437 patch_match_options.cc:61] geom_consistency_regularizer: 0.3
I20260714 15:02:54.868875   437 patch_match_options.cc:62] geom_consistency_max_cost: 3
I20260714 15:02:54.868886   437 patch_match_options.cc:63] filter: 0
I20260714 15:02:54.868897   437 patch_match_options.cc:64] filter_min_ncc: 0.1
I20260714 15:02:54.868909   437 patch_match_options.cc:65] filter_min_triangulation_angle: 3
I20260714 15:02:54.868920   437 patch_match_options.cc:66] filter_min_num_consistent: 2
I20260714 15:02:54.868932   437 patch_match_options.cc:67] filter_geom_consistency_max_cost: 1
I20260714 15:02:54.868945   437 patch_match_options.cc:68] write_consistency_graph: 0
I20260714 15:02:54.868957   437 patch_match_options.cc:69] allow_missing_files: 0
I20260714 15:02:54.868973   437 patch_match_options.cc:70] num_threads: -1
I20260714 15:02:54.868983   437 patch_match.cc:129] --- PatchMatch::Run ---
I20260714 15:03:40.074771   437 cudacc.cc:51] Initialization: 0.2361s
I20260714 15:03:41.323675   437 cudacc.cc:51]  Sweep 1: 1.2488s
I20260714 15:03:42.008215   437 cudacc.cc:51]  Sweep 2: 0.6845s
I20260714 15:03:43.161633   437 cudacc.cc:51]  Sweep 3: 1.1534s
I20260714 15:03:43.844321   437 cudacc.cc:51]  Sweep 4: 0.6826s
I20260714 15:03:43.844362   437 cudacc.cc:51] Iteration 1: 3.7695s
I20260714 15:03:44.970446   437 cudacc.cc:51]  Sweep 1: 1.1261s
I20260714 15:03:45.638450   437 cudacc.cc:51]  Sweep 2: 0.6680s
I20260714 15:03:46.722685   437 cudacc.cc:51]  Sweep 3: 1.0842s
I20260714 15:03:47.383373   437 cudacc.cc:51]  Sweep 4: 0.6606s
I20260714 15:03:47.383412   437 cudacc.cc:51] Iteration 2: 3.5390s
I20260714 15:03:48.435240   437 cudacc.cc:51]  Sweep 1: 1.0518s
I20260714 15:03:49.081430   437 cudacc.cc:51]  Sweep 2: 0.6461s
I20260714 15:03:50.102905   437 cudacc.cc:51]  Sweep 3: 1.0214s
I20260714 15:03:50.735257   437 cudacc.cc:51]  Sweep 4: 0.6323s
I20260714 15:03:50.735299   437 cudacc.cc:51] Iteration 3: 3.3518s
I20260714 15:03:50.735312   437 cudacc.cc:51] Total: 10.8966s
I20260714 15:03:50.735320   437 patch_match.cc:525]
Writing photometric output for 10040082.png
I20260714 15:03:51.482681   437 patch_match.cc:416] === Processing view 2 / 10 for 10040083.png ===
I20260714 15:03:51.482724   437 patch_match.cc:466] Reading inputs...
I20260714 15:03:51.489688   437 patch_match.cc:56] --- PatchMatch::Problem ---
I20260714 15:03:51.489702   437 patch_match.cc:57] ref_image_idx: 1
I20260714 15:03:51.489717   437 patch_match.cc:64] src_image_idxs: 9 8 7 6 5 3 4 2 0
I20260714 15:03:51.489723   437 patch_match_options.cc:46] --- PatchMatchOptions ---
I20260714 15:03:51.489727   437 patch_match_options.cc:47] max_image_size: -1
I20260714 15:03:51.489732   437 patch_match_options.cc:48] gpu_index: 0
I20260714 15:03:51.489737   437 patch_match_options.cc:49] depth_min: 700
I20260714 15:03:51.489748   437 patch_match_options.cc:50] depth_max: 1100
I20260714 15:03:51.489753   437 patch_match_options.cc:51] window_radius: 5
I20260714 15:03:51.489758   437 patch_match_options.cc:52] window_step: 1
I20260714 15:03:51.489763   437 patch_match_options.cc:53] sigma_spatial: 5
I20260714 15:03:51.489768   437 patch_match_options.cc:54] sigma_color: 0.2
I20260714 15:03:51.489773   437 patch_match_options.cc:55] num_samples: 10
I20260714 15:03:51.489777   437 patch_match_options.cc:56] ncc_sigma: 0.6
I20260714 15:03:51.489782   437 patch_match_options.cc:57] min_triangulation_angle: 1
I20260714 15:03:51.489787   437 patch_match_options.cc:58] incident_angle_sigma: 0.9
I20260714 15:03:51.489792   437 patch_match_options.cc:59] num_iterations: 3
I20260714 15:03:51.489797   437 patch_match_options.cc:60] geom_consistency: 0
I20260714 15:03:51.489804   437 patch_match_options.cc:61] geom_consistency_regularizer: 0.3
I20260714 15:03:51.489809   437 patch_match_options.cc:62] geom_consistency_max_cost: 3
I20260714 15:03:51.489815   437 patch_match_options.cc:63] filter: 0
I20260714 15:03:51.489820   437 patch_match_options.cc:64] filter_min_ncc: 0.1
I20260714 15:03:51.489826   437 patch_match_options.cc:65] filter_min_triangulation_angle: 3
I20260714 15:03:51.489832   437 patch_match_options.cc:66] filter_min_num_consistent: 2
I20260714 15:03:51.489838   437 patch_match_options.cc:67] filter_geom_consistency_max_cost: 1
I20260714 15:03:51.489843   437 patch_match_options.cc:68] write_consistency_graph: 0
I20260714 15:03:51.489848   437 patch_match_options.cc:69] allow_missing_files: 0
I20260714 15:03:51.489854   437 patch_match_options.cc:70] num_threads: -1
I20260714 15:03:51.489861   437 patch_match.cc:129] --- PatchMatch::Run ---
I20260714 15:03:51.759512   437 cudacc.cc:51] Initialization: 0.2125s
I20260714 15:03:52.962404   437 cudacc.cc:51]  Sweep 1: 1.2028s
I20260714 15:03:53.698016   437 cudacc.cc:51]  Sweep 2: 0.7356s
I20260714 15:03:54.811383   437 cudacc.cc:51]  Sweep 3: 1.1133s
I20260714 15:03:55.536974   437 cudacc.cc:51]  Sweep 4: 0.7255s
I20260714 15:03:55.537010   437 cudacc.cc:51] Iteration 1: 3.7774s
I20260714 15:03:56.608578   437 cudacc.cc:51]  Sweep 1: 1.0715s
I20260714 15:03:57.330897   437 cudacc.cc:51]  Sweep 2: 0.7223s
I20260714 15:03:58.374646   437 cudacc.cc:51]  Sweep 3: 1.0437s
I20260714 15:03:59.075626   437 cudacc.cc:51]  Sweep 4: 0.7009s
I20260714 15:03:59.075673   437 cudacc.cc:51] Iteration 2: 3.5386s
I20260714 15:04:00.091558   437 cudacc.cc:51]  Sweep 1: 1.0159s
I20260714 15:04:00.777794   437 cudacc.cc:51]  Sweep 2: 0.6862s
I20260714 15:04:01.768807   437 cudacc.cc:51]  Sweep 3: 0.9909s
I20260714 15:04:02.433956   437 cudacc.cc:51]  Sweep 4: 0.6651s
I20260714 15:04:02.434005   437 cudacc.cc:51] Iteration 3: 3.3583s
I20260714 15:04:02.434018   437 cudacc.cc:51] Total: 10.8870s
I20260714 15:04:02.434026   437 patch_match.cc:525]
Writing photometric output for 10040083.png
I20260714 15:04:03.163164   437 patch_match.cc:416] === Processing view 3 / 10 for 10040084.png ===
I20260714 15:04:03.163209   437 patch_match.cc:466] Reading inputs...
I20260714 15:04:03.169610   437 patch_match.cc:56] --- PatchMatch::Problem ---
I20260714 15:04:03.169631   437 patch_match.cc:57] ref_image_idx: 2
I20260714 15:04:03.169639   437 patch_match.cc:64] src_image_idxs: 9 8 3 7 0 4 5 6 1
I20260714 15:04:03.169646   437 patch_match_options.cc:46] --- PatchMatchOptions ---
I20260714 15:04:03.169651   437 patch_match_options.cc:47] max_image_size: -1
I20260714 15:04:03.169656   437 patch_match_options.cc:48] gpu_index: 0
I20260714 15:04:03.169660   437 patch_match_options.cc:49] depth_min: 700
I20260714 15:04:03.169672   437 patch_match_options.cc:50] depth_max: 1100
I20260714 15:04:03.169677   437 patch_match_options.cc:51] window_radius: 5
I20260714 15:04:03.169682   437 patch_match_options.cc:52] window_step: 1
I20260714 15:04:03.169687   437 patch_match_options.cc:53] sigma_spatial: 5
I20260714 15:04:03.169691   437 patch_match_options.cc:54] sigma_color: 0.2
I20260714 15:04:03.169696   437 patch_match_options.cc:55] num_samples: 10
I20260714 15:04:03.169701   437 patch_match_options.cc:56] ncc_sigma: 0.6
I20260714 15:04:03.169711   437 patch_match_options.cc:57] min_triangulation_angle: 1
I20260714 15:04:03.169716   437 patch_match_options.cc:58] incident_angle_sigma: 0.9
I20260714 15:04:03.169721   437 patch_match_options.cc:59] num_iterations: 3
I20260714 15:04:03.169725   437 patch_match_options.cc:60] geom_consistency: 0
I20260714 15:04:03.169730   437 patch_match_options.cc:61] geom_consistency_regularizer: 0.3
I20260714 15:04:03.169735   437 patch_match_options.cc:62] geom_consistency_max_cost: 3
I20260714 15:04:03.169740   437 patch_match_options.cc:63] filter: 0
I20260714 15:04:03.169744   437 patch_match_options.cc:64] filter_min_ncc: 0.1
I20260714 15:04:03.169749   437 patch_match_options.cc:65] filter_min_triangulation_angle: 3
I20260714 15:04:03.169754   437 patch_match_options.cc:66] filter_min_num_consistent: 2
I20260714 15:04:03.169759   437 patch_match_options.cc:67] filter_geom_consistency_max_cost: 1
I20260714 15:04:03.169763   437 patch_match_options.cc:68] write_consistency_graph: 0
I20260714 15:04:03.169768   437 patch_match_options.cc:69] allow_missing_files: 0
I20260714 15:04:03.169772   437 patch_match_options.cc:70] num_threads: -1
I20260714 15:04:03.169777   437 patch_match.cc:129] --- PatchMatch::Run ---
I20260714 15:04:03.438953   437 cudacc.cc:51] Initialization: 0.2146s
I20260714 15:04:04.655505   437 cudacc.cc:51]  Sweep 1: 1.2165s
I20260714 15:04:05.379770   437 cudacc.cc:51]  Sweep 2: 0.7242s
I20260714 15:04:06.562851   437 cudacc.cc:51]  Sweep 3: 1.1830s
I20260714 15:04:07.313266   437 cudacc.cc:51]  Sweep 4: 0.7504s
I20260714 15:04:07.313297   437 cudacc.cc:51] Iteration 1: 3.8742s
I20260714 15:04:08.460784   437 cudacc.cc:51]  Sweep 1: 1.1475s
I20260714 15:04:09.210630   437 cudacc.cc:51]  Sweep 2: 0.7498s
I20260714 15:04:10.337267   437 cudacc.cc:51]  Sweep 3: 1.1266s
I20260714 15:04:11.079406   437 cudacc.cc:51]  Sweep 4: 0.7420s
I20260714 15:04:11.079450   437 cudacc.cc:51] Iteration 2: 3.7661s
I20260714 15:04:12.173636   437 cudacc.cc:51]  Sweep 1: 1.0941s
I20260714 15:04:12.892839   437 cudacc.cc:51]  Sweep 2: 0.7191s
I20260714 15:04:13.949021   437 cudacc.cc:51]  Sweep 3: 1.0561s
I20260714 15:04:14.659390   437 cudacc.cc:51]  Sweep 4: 0.7103s
I20260714 15:04:14.659427   437 cudacc.cc:51] Iteration 3: 3.5799s
I20260714 15:04:14.659442   437 cudacc.cc:51] Total: 11.4350s
I20260714 15:04:14.659449   437 patch_match.cc:525]
Writing photometric output for 10040084.png
I20260714 15:04:15.385663   437 patch_match.cc:416] === Processing view 4 / 10 for 10050104.png ===
I20260714 15:04:15.385700   437 patch_match.cc:466] Reading inputs...
I20260714 15:04:15.391988   437 patch_match.cc:56] --- PatchMatch::Problem ---
I20260714 15:04:15.392002   437 patch_match.cc:57] ref_image_idx: 3
I20260714 15:04:15.392010   437 patch_match.cc:64] src_image_idxs: 9 8 6 7 2 5 1 0 4
I20260714 15:04:15.392016   437 patch_match_options.cc:46] --- PatchMatchOptions ---
I20260714 15:04:15.392021   437 patch_match_options.cc:47] max_image_size: -1
I20260714 15:04:15.392026   437 patch_match_options.cc:48] gpu_index: 0
I20260714 15:04:15.392030   437 patch_match_options.cc:49] depth_min: 700
I20260714 15:04:15.392045   437 patch_match_options.cc:50] depth_max: 1100
I20260714 15:04:15.392050   437 patch_match_options.cc:51] window_radius: 5
I20260714 15:04:15.392055   437 patch_match_options.cc:52] window_step: 1
I20260714 15:04:15.392059   437 patch_match_options.cc:53] sigma_spatial: 5
I20260714 15:04:15.392064   437 patch_match_options.cc:54] sigma_color: 0.2
I20260714 15:04:15.392069   437 patch_match_options.cc:55] num_samples: 10
I20260714 15:04:15.392074   437 patch_match_options.cc:56] ncc_sigma: 0.6
I20260714 15:04:15.392079   437 patch_match_options.cc:57] min_triangulation_angle: 1
I20260714 15:04:15.392084   437 patch_match_options.cc:58] incident_angle_sigma: 0.9
I20260714 15:04:15.392089   437 patch_match_options.cc:59] num_iterations: 3
I20260714 15:04:15.392093   437 patch_match_options.cc:60] geom_consistency: 0
I20260714 15:04:15.392098   437 patch_match_options.cc:61] geom_consistency_regularizer: 0.3
I20260714 15:04:15.392103   437 patch_match_options.cc:62] geom_consistency_max_cost: 3
I20260714 15:04:15.392108   437 patch_match_options.cc:63] filter: 0
I20260714 15:04:15.392112   437 patch_match_options.cc:64] filter_min_ncc: 0.1
I20260714 15:04:15.392117   437 patch_match_options.cc:65] filter_min_triangulation_angle: 3
I20260714 15:04:15.392122   437 patch_match_options.cc:66] filter_min_num_consistent: 2
I20260714 15:04:15.392127   437 patch_match_options.cc:67] filter_geom_consistency_max_cost: 1
I20260714 15:04:15.392131   437 patch_match_options.cc:68] write_consistency_graph: 0
I20260714 15:04:15.392136   437 patch_match_options.cc:69] allow_missing_files: 0
I20260714 15:04:15.392141   437 patch_match_options.cc:70] num_threads: -1
I20260714 15:04:15.392145   437 patch_match.cc:129] --- PatchMatch::Run ---
I20260714 15:04:15.654208   437 cudacc.cc:51] Initialization: 0.2084s
I20260714 15:04:16.838294   437 cudacc.cc:51]  Sweep 1: 1.1840s
I20260714 15:04:17.536863   437 cudacc.cc:51]  Sweep 2: 0.6985s
I20260714 15:04:18.779201   437 cudacc.cc:51]  Sweep 3: 1.2423s
I20260714 15:04:19.473680   437 cudacc.cc:51]  Sweep 4: 0.6944s
I20260714 15:04:19.473709   437 cudacc.cc:51] Iteration 1: 3.8194s
I20260714 15:04:20.633874   437 cudacc.cc:51]  Sweep 1: 1.1601s
I20260714 15:04:21.310868   437 cudacc.cc:51]  Sweep 2: 0.6769s
I20260714 15:04:22.516599   437 cudacc.cc:51]  Sweep 3: 1.2057s
I20260714 15:04:23.185238   437 cudacc.cc:51]  Sweep 4: 0.6686s
I20260714 15:04:23.185277   437 cudacc.cc:51] Iteration 2: 3.7115s
I20260714 15:04:24.288642   437 cudacc.cc:51]  Sweep 1: 1.1033s
I20260714 15:04:24.939453   437 cudacc.cc:51]  Sweep 2: 0.6508s
I20260714 15:04:26.097131   437 cudacc.cc:51]  Sweep 3: 1.1576s
I20260714 15:04:26.739249   437 cudacc.cc:51]  Sweep 4: 0.6421s
I20260714 15:04:26.739280   437 cudacc.cc:51] Iteration 3: 3.5540s
I20260714 15:04:26.739326   437 cudacc.cc:51] Total: 11.2935s
I20260714 15:04:26.739336   437 patch_match.cc:525]
Writing photometric output for 10050104.png
I20260714 15:04:27.457466   437 patch_match.cc:416] === Processing view 5 / 10 for 10050105.png ===
I20260714 15:04:27.457506   437 patch_match.cc:466] Reading inputs...
I20260714 15:04:27.463939   437 patch_match.cc:56] --- PatchMatch::Problem ---
I20260714 15:04:27.463949   437 patch_match.cc:57] ref_image_idx: 4
I20260714 15:04:27.463956   437 patch_match.cc:64] src_image_idxs: 9 8 6 7 0 2 1 5 3
I20260714 15:04:27.463961   437 patch_match_options.cc:46] --- PatchMatchOptions ---
I20260714 15:04:27.463966   437 patch_match_options.cc:47] max_image_size: -1
I20260714 15:04:27.463970   437 patch_match_options.cc:48] gpu_index: 0
I20260714 15:04:27.463975   437 patch_match_options.cc:49] depth_min: 700
I20260714 15:04:27.463984   437 patch_match_options.cc:50] depth_max: 1100
I20260714 15:04:27.463990   437 patch_match_options.cc:51] window_radius: 5
I20260714 15:04:27.463994   437 patch_match_options.cc:52] window_step: 1
I20260714 15:04:27.463999   437 patch_match_options.cc:53] sigma_spatial: 5
I20260714 15:04:27.464004   437 patch_match_options.cc:54] sigma_color: 0.2
I20260714 15:04:27.464010   437 patch_match_options.cc:55] num_samples: 10
I20260714 15:04:27.464013   437 patch_match_options.cc:56] ncc_sigma: 0.6
I20260714 15:04:27.464018   437 patch_match_options.cc:57] min_triangulation_angle: 1
I20260714 15:04:27.464023   437 patch_match_options.cc:58] incident_angle_sigma: 0.9
I20260714 15:04:27.464028   437 patch_match_options.cc:59] num_iterations: 3
I20260714 15:04:27.464033   437 patch_match_options.cc:60] geom_consistency: 0
I20260714 15:04:27.464037   437 patch_match_options.cc:61] geom_consistency_regularizer: 0.3
I20260714 15:04:27.464042   437 patch_match_options.cc:62] geom_consistency_max_cost: 3
I20260714 15:04:27.464047   437 patch_match_options.cc:63] filter: 0
I20260714 15:04:27.464052   437 patch_match_options.cc:64] filter_min_ncc: 0.1
I20260714 15:04:27.464056   437 patch_match_options.cc:65] filter_min_triangulation_angle: 3
I20260714 15:04:27.464061   437 patch_match_options.cc:66] filter_min_num_consistent: 2
I20260714 15:04:27.464066   437 patch_match_options.cc:67] filter_geom_consistency_max_cost: 1
I20260714 15:04:27.464071   437 patch_match_options.cc:68] write_consistency_graph: 0
I20260714 15:04:27.464075   437 patch_match_options.cc:69] allow_missing_files: 0
I20260714 15:04:27.464080   437 patch_match_options.cc:70] num_threads: -1
I20260714 15:04:27.464085   437 patch_match.cc:129] --- PatchMatch::Run ---
I20260714 15:04:27.723026   437 cudacc.cc:51] Initialization: 0.2034s
I20260714 15:04:28.944026   437 cudacc.cc:51]  Sweep 1: 1.2209s
I20260714 15:04:29.671350   437 cudacc.cc:51]  Sweep 2: 0.7273s
I20260714 15:04:30.843483   437 cudacc.cc:51]  Sweep 3: 1.1721s
I20260714 15:04:31.582429   437 cudacc.cc:51]  Sweep 4: 0.7389s
I20260714 15:04:31.582474   437 cudacc.cc:51] Iteration 1: 3.8594s
I20260714 15:04:32.731408   437 cudacc.cc:51]  Sweep 1: 1.1489s
I20260714 15:04:33.459008   437 cudacc.cc:51]  Sweep 2: 0.7276s
I20260714 15:04:34.602051   437 cudacc.cc:51]  Sweep 3: 1.1430s
I20260714 15:04:35.314194   437 cudacc.cc:51]  Sweep 4: 0.7121s
I20260714 15:04:35.314218   437 cudacc.cc:51] Iteration 2: 3.7317s
I20260714 15:04:36.405418   437 cudacc.cc:51]  Sweep 1: 1.0912s
I20260714 15:04:37.086570   437 cudacc.cc:51]  Sweep 2: 0.6811s
I20260714 15:04:38.179888   437 cudacc.cc:51]  Sweep 3: 1.0933s
I20260714 15:04:38.855445   437 cudacc.cc:51]  Sweep 4: 0.6755s
I20260714 15:04:38.855468   437 cudacc.cc:51] Iteration 3: 3.5412s
I20260714 15:04:38.855481   437 cudacc.cc:51] Total: 11.3358s
I20260714 15:04:38.855489   437 patch_match.cc:525]
Writing photometric output for 10050105.png
I20260714 15:04:39.587070   437 patch_match.cc:416] === Processing view 6 / 10 for 10050106.png ===
I20260714 15:04:39.587110   437 patch_match.cc:466] Reading inputs...
I20260714 15:04:39.593391   437 patch_match.cc:56] --- PatchMatch::Problem ---
I20260714 15:04:39.593427   437 patch_match.cc:57] ref_image_idx: 5
I20260714 15:04:39.593434   437 patch_match.cc:64] src_image_idxs: 0 9 3 1 8 2 6 7 4
I20260714 15:04:39.593441   437 patch_match_options.cc:46] --- PatchMatchOptions ---
I20260714 15:04:39.593446   437 patch_match_options.cc:47] max_image_size: -1
I20260714 15:04:39.593449   437 patch_match_options.cc:48] gpu_index: 0
I20260714 15:04:39.593454   437 patch_match_options.cc:49] depth_min: 700
I20260714 15:04:39.593464   437 patch_match_options.cc:50] depth_max: 1100
I20260714 15:04:39.593470   437 patch_match_options.cc:51] window_radius: 5
I20260714 15:04:39.593474   437 patch_match_options.cc:52] window_step: 1
I20260714 15:04:39.593479   437 patch_match_options.cc:53] sigma_spatial: 5
I20260714 15:04:39.593484   437 patch_match_options.cc:54] sigma_color: 0.2
I20260714 15:04:39.593489   437 patch_match_options.cc:55] num_samples: 10
I20260714 15:04:39.593494   437 patch_match_options.cc:56] ncc_sigma: 0.6
I20260714 15:04:39.593499   437 patch_match_options.cc:57] min_triangulation_angle: 1
I20260714 15:04:39.593504   437 patch_match_options.cc:58] incident_angle_sigma: 0.9
I20260714 15:04:39.593509   437 patch_match_options.cc:59] num_iterations: 3
I20260714 15:04:39.593514   437 patch_match_options.cc:60] geom_consistency: 0
I20260714 15:04:39.593518   437 patch_match_options.cc:61] geom_consistency_regularizer: 0.3
I20260714 15:04:39.593523   437 patch_match_options.cc:62] geom_consistency_max_cost: 3
I20260714 15:04:39.593528   437 patch_match_options.cc:63] filter: 0
I20260714 15:04:39.593533   437 patch_match_options.cc:64] filter_min_ncc: 0.1
I20260714 15:04:39.593538   437 patch_match_options.cc:65] filter_min_triangulation_angle: 3
I20260714 15:04:39.593542   437 patch_match_options.cc:66] filter_min_num_consistent: 2
I20260714 15:04:39.593547   437 patch_match_options.cc:67] filter_geom_consistency_max_cost: 1
I20260714 15:04:39.593552   437 patch_match_options.cc:68] write_consistency_graph: 0
I20260714 15:04:39.593556   437 patch_match_options.cc:69] allow_missing_files: 0
I20260714 15:04:39.593561   437 patch_match_options.cc:70] num_threads: -1
I20260714 15:04:39.593566   437 patch_match.cc:129] --- PatchMatch::Run ---
I20260714 15:04:39.849135   437 cudacc.cc:51] Initialization: 0.2024s
I20260714 15:04:41.098577   437 cudacc.cc:51]  Sweep 1: 1.2494s
I20260714 15:04:41.838835   437 cudacc.cc:51]  Sweep 2: 0.7402s
I20260714 15:04:43.032186   437 cudacc.cc:51]  Sweep 3: 1.1933s
I20260714 15:04:43.776104   437 cudacc.cc:51]  Sweep 4: 0.7439s
I20260714 15:04:43.776129   437 cudacc.cc:51] Iteration 1: 3.9269s
I20260714 15:04:44.945811   437 cudacc.cc:51]  Sweep 1: 1.1697s
I20260714 15:04:45.681138   437 cudacc.cc:51]  Sweep 2: 0.7353s
I20260714 15:04:46.820636   437 cudacc.cc:51]  Sweep 3: 1.1395s
I20260714 15:04:47.540804   437 cudacc.cc:51]  Sweep 4: 0.7201s
I20260714 15:04:47.540836   437 cudacc.cc:51] Iteration 2: 3.7647s
I20260714 15:04:48.650574   437 cudacc.cc:51]  Sweep 1: 1.1097s
I20260714 15:04:49.334637   437 cudacc.cc:51]  Sweep 2: 0.6840s
I20260714 15:04:50.417418   437 cudacc.cc:51]  Sweep 3: 1.0827s
I20260714 15:04:51.093350   437 cudacc.cc:51]  Sweep 4: 0.6759s
I20260714 15:04:51.093374   437 cudacc.cc:51] Iteration 3: 3.5525s
I20260714 15:04:51.093387   437 cudacc.cc:51] Total: 11.4465s
I20260714 15:04:51.093394   437 patch_match.cc:525]
Writing photometric output for 10050106.png
I20260714 15:04:51.814555   437 patch_match.cc:416] === Processing view 7 / 10 for 10250132.png ===
I20260714 15:04:51.814591   437 patch_match.cc:466] Reading inputs...
I20260714 15:04:51.821050   437 patch_match.cc:56] --- PatchMatch::Problem ---
I20260714 15:04:51.821059   437 patch_match.cc:57] ref_image_idx: 6
I20260714 15:04:51.821066   437 patch_match.cc:64] src_image_idxs: 0 3 9 1 4 8 5 2 7
I20260714 15:04:51.821072   437 patch_match_options.cc:46] --- PatchMatchOptions ---
I20260714 15:04:51.821076   437 patch_match_options.cc:47] max_image_size: -1
I20260714 15:04:51.821081   437 patch_match_options.cc:48] gpu_index: 0
I20260714 15:04:51.821085   437 patch_match_options.cc:49] depth_min: 700
I20260714 15:04:51.821098   437 patch_match_options.cc:50] depth_max: 1100
I20260714 15:04:51.821103   437 patch_match_options.cc:51] window_radius: 5
I20260714 15:04:51.821108   437 patch_match_options.cc:52] window_step: 1
I20260714 15:04:51.821112   437 patch_match_options.cc:53] sigma_spatial: 5
I20260714 15:04:51.821117   437 patch_match_options.cc:54] sigma_color: 0.2
I20260714 15:04:51.821122   437 patch_match_options.cc:55] num_samples: 10
I20260714 15:04:51.821127   437 patch_match_options.cc:56] ncc_sigma: 0.6
I20260714 15:04:51.821132   437 patch_match_options.cc:57] min_triangulation_angle: 1
I20260714 15:04:51.821137   437 patch_match_options.cc:58] incident_angle_sigma: 0.9
I20260714 15:04:51.821142   437 patch_match_options.cc:59] num_iterations: 3
I20260714 15:04:51.821146   437 patch_match_options.cc:60] geom_consistency: 0
I20260714 15:04:51.821151   437 patch_match_options.cc:61] geom_consistency_regularizer: 0.3
I20260714 15:04:51.821156   437 patch_match_options.cc:62] geom_consistency_max_cost: 3
I20260714 15:04:51.821161   437 patch_match_options.cc:63] filter: 0
I20260714 15:04:51.821165   437 patch_match_options.cc:64] filter_min_ncc: 0.1
I20260714 15:04:51.821170   437 patch_match_options.cc:65] filter_min_triangulation_angle: 3
I20260714 15:04:51.821175   437 patch_match_options.cc:66] filter_min_num_consistent: 2
I20260714 15:04:51.821180   437 patch_match_options.cc:67] filter_geom_consistency_max_cost: 1
I20260714 15:04:51.821185   437 patch_match_options.cc:68] write_consistency_graph: 0
I20260714 15:04:51.821190   437 patch_match_options.cc:69] allow_missing_files: 0
I20260714 15:04:51.821194   437 patch_match_options.cc:70] num_threads: -1
I20260714 15:04:51.821199   437 patch_match.cc:129] --- PatchMatch::Run ---
I20260714 15:04:52.080669   437 cudacc.cc:51] Initialization: 0.2062s
I20260714 15:04:53.293674   437 cudacc.cc:51]  Sweep 1: 1.2129s
I20260714 15:04:54.015906   437 cudacc.cc:51]  Sweep 2: 0.7222s
I20260714 15:04:55.188725   437 cudacc.cc:51]  Sweep 3: 1.1728s
I20260714 15:04:55.920902   437 cudacc.cc:51]  Sweep 4: 0.7321s
I20260714 15:04:55.920931   437 cudacc.cc:51] Iteration 1: 3.8402s
I20260714 15:04:57.097314   437 cudacc.cc:51]  Sweep 1: 1.1764s
I20260714 15:04:57.801445   437 cudacc.cc:51]  Sweep 2: 0.7041s
I20260714 15:04:58.908269   437 cudacc.cc:51]  Sweep 3: 1.1068s
I20260714 15:04:59.618129   437 cudacc.cc:51]  Sweep 4: 0.7098s
I20260714 15:04:59.618155   437 cudacc.cc:51] Iteration 2: 3.6972s
I20260714 15:05:00.734512   437 cudacc.cc:51]  Sweep 1: 1.1163s
I20260714 15:05:01.412801   437 cudacc.cc:51]  Sweep 2: 0.6783s
I20260714 15:05:02.475139   437 cudacc.cc:51]  Sweep 3: 1.0623s
I20260714 15:05:03.163642   437 cudacc.cc:51]  Sweep 4: 0.6884s
I20260714 15:05:03.163669   437 cudacc.cc:51] Iteration 3: 3.5455s
I20260714 15:05:03.163683   437 cudacc.cc:51] Total: 11.2891s
I20260714 15:05:03.163691   437 patch_match.cc:525]
Writing photometric output for 10250132.png
I20260714 15:05:03.880973   437 patch_match.cc:416] === Processing view 8 / 10 for 10250133.png ===
I20260714 15:05:03.881011   437 patch_match.cc:466] Reading inputs...
I20260714 15:05:03.888499   437 patch_match.cc:56] --- PatchMatch::Problem ---
I20260714 15:05:03.888507   437 patch_match.cc:57] ref_image_idx: 7
I20260714 15:05:03.888513   437 patch_match.cc:64] src_image_idxs: 0 3 1 4 2 9 5 6 8
I20260714 15:05:03.888520   437 patch_match_options.cc:46] --- PatchMatchOptions ---
I20260714 15:05:03.888525   437 patch_match_options.cc:47] max_image_size: -1
I20260714 15:05:03.888528   437 patch_match_options.cc:48] gpu_index: 0
I20260714 15:05:03.888533   437 patch_match_options.cc:49] depth_min: 700
I20260714 15:05:03.888543   437 patch_match_options.cc:50] depth_max: 1100
I20260714 15:05:03.888548   437 patch_match_options.cc:51] window_radius: 5
I20260714 15:05:03.888552   437 patch_match_options.cc:52] window_step: 1
I20260714 15:05:03.888557   437 patch_match_options.cc:53] sigma_spatial: 5
I20260714 15:05:03.888562   437 patch_match_options.cc:54] sigma_color: 0.2
I20260714 15:05:03.888567   437 patch_match_options.cc:55] num_samples: 10
I20260714 15:05:03.888572   437 patch_match_options.cc:56] ncc_sigma: 0.6
I20260714 15:05:03.888576   437 patch_match_options.cc:57] min_triangulation_angle: 1
I20260714 15:05:03.888581   437 patch_match_options.cc:58] incident_angle_sigma: 0.9
I20260714 15:05:03.888586   437 patch_match_options.cc:59] num_iterations: 3
I20260714 15:05:03.888592   437 patch_match_options.cc:60] geom_consistency: 0
I20260714 15:05:03.888597   437 patch_match_options.cc:61] geom_consistency_regularizer: 0.3
I20260714 15:05:03.888602   437 patch_match_options.cc:62] geom_consistency_max_cost: 3
I20260714 15:05:03.888607   437 patch_match_options.cc:63] filter: 0
I20260714 15:05:03.888610   437 patch_match_options.cc:64] filter_min_ncc: 0.1
I20260714 15:05:03.888615   437 patch_match_options.cc:65] filter_min_triangulation_angle: 3
I20260714 15:05:03.888620   437 patch_match_options.cc:66] filter_min_num_consistent: 2
I20260714 15:05:03.888624   437 patch_match_options.cc:67] filter_geom_consistency_max_cost: 1
I20260714 15:05:03.888629   437 patch_match_options.cc:68] write_consistency_graph: 0
I20260714 15:05:03.888634   437 patch_match_options.cc:69] allow_missing_files: 0
I20260714 15:05:03.888639   437 patch_match_options.cc:70] num_threads: -1
I20260714 15:05:03.888644   437 patch_match.cc:129] --- PatchMatch::Run ---
I20260714 15:05:04.135036   437 cudacc.cc:51] Initialization: 0.1937s
I20260714 15:05:05.294199   437 cudacc.cc:51]  Sweep 1: 1.1591s
I20260714 15:05:05.992254   437 cudacc.cc:51]  Sweep 2: 0.6980s
I20260714 15:05:07.013204   437 cudacc.cc:51]  Sweep 3: 1.0209s
I20260714 15:05:07.710122   437 cudacc.cc:51]  Sweep 4: 0.6969s
I20260714 15:05:07.710147   437 cudacc.cc:51] Iteration 1: 3.5750s
I20260714 15:05:08.691972   437 cudacc.cc:51]  Sweep 1: 0.9818s
I20260714 15:05:09.393164   437 cudacc.cc:51]  Sweep 2: 0.7011s
I20260714 15:05:10.370962   437 cudacc.cc:51]  Sweep 3: 0.9778s
I20260714 15:05:11.065176   437 cudacc.cc:51]  Sweep 4: 0.6942s
I20260714 15:05:11.065200   437 cudacc.cc:51] Iteration 2: 3.3550s
I20260714 15:05:12.014034   437 cudacc.cc:51]  Sweep 1: 0.9488s
I20260714 15:05:12.688570   437 cudacc.cc:51]  Sweep 2: 0.6744s
I20260714 15:05:13.629027   437 cudacc.cc:51]  Sweep 3: 0.9404s
I20260714 15:05:14.287071   437 cudacc.cc:51]  Sweep 4: 0.6580s
I20260714 15:05:14.287098   437 cudacc.cc:51] Iteration 3: 3.2219s
I20260714 15:05:14.287111   437 cudacc.cc:51] Total: 10.3457s
I20260714 15:05:14.287119   437 patch_match.cc:525]
Writing photometric output for 10250133.png
I20260714 15:05:15.015338   437 patch_match.cc:416] === Processing view 9 / 10 for 10250134.png ===
I20260714 15:05:15.015378   437 patch_match.cc:466] Reading inputs...
I20260714 15:05:15.022729   437 patch_match.cc:56] --- PatchMatch::Problem ---
I20260714 15:05:15.022740   437 patch_match.cc:57] ref_image_idx: 8
I20260714 15:05:15.022747   437 patch_match.cc:64] src_image_idxs: 0 1 3 2 4 6 5 9 7
I20260714 15:05:15.022753   437 patch_match_options.cc:46] --- PatchMatchOptions ---
I20260714 15:05:15.022758   437 patch_match_options.cc:47] max_image_size: -1
I20260714 15:05:15.022763   437 patch_match_options.cc:48] gpu_index: 0
I20260714 15:05:15.022768   437 patch_match_options.cc:49] depth_min: 700
I20260714 15:05:15.022778   437 patch_match_options.cc:50] depth_max: 1100
I20260714 15:05:15.022782   437 patch_match_options.cc:51] window_radius: 5
I20260714 15:05:15.022787   437 patch_match_options.cc:52] window_step: 1
I20260714 15:05:15.022791   437 patch_match_options.cc:53] sigma_spatial: 5
I20260714 15:05:15.022796   437 patch_match_options.cc:54] sigma_color: 0.2
I20260714 15:05:15.022802   437 patch_match_options.cc:55] num_samples: 10
I20260714 15:05:15.022806   437 patch_match_options.cc:56] ncc_sigma: 0.6
I20260714 15:05:15.022811   437 patch_match_options.cc:57] min_triangulation_angle: 1
I20260714 15:05:15.022816   437 patch_match_options.cc:58] incident_angle_sigma: 0.9
I20260714 15:05:15.022821   437 patch_match_options.cc:59] num_iterations: 3
I20260714 15:05:15.022826   437 patch_match_options.cc:60] geom_consistency: 0
I20260714 15:05:15.022831   437 patch_match_options.cc:61] geom_consistency_regularizer: 0.3
I20260714 15:05:15.022835   437 patch_match_options.cc:62] geom_consistency_max_cost: 3
I20260714 15:05:15.022840   437 patch_match_options.cc:63] filter: 0
I20260714 15:05:15.022845   437 patch_match_options.cc:64] filter_min_ncc: 0.1
I20260714 15:05:15.022850   437 patch_match_options.cc:65] filter_min_triangulation_angle: 3
I20260714 15:05:15.022855   437 patch_match_options.cc:66] filter_min_num_consistent: 2
I20260714 15:05:15.022861   437 patch_match_options.cc:67] filter_geom_consistency_max_cost: 1
I20260714 15:05:15.022866   437 patch_match_options.cc:68] write_consistency_graph: 0
I20260714 15:05:15.022872   437 patch_match_options.cc:69] allow_missing_files: 0
I20260714 15:05:15.022877   437 patch_match_options.cc:70] num_threads: -1
I20260714 15:05:15.022883   437 patch_match.cc:129] --- PatchMatch::Run ---
I20260714 15:05:15.298396   437 cudacc.cc:51] Initialization: 0.2189s
I20260714 15:05:16.521633   437 cudacc.cc:51]  Sweep 1: 1.2232s
I20260714 15:05:17.255458   437 cudacc.cc:51]  Sweep 2: 0.7338s
I20260714 15:05:18.348152   437 cudacc.cc:51]  Sweep 3: 1.0927s
I20260714 15:05:19.074189   437 cudacc.cc:51]  Sweep 4: 0.7260s
I20260714 15:05:19.074219   437 cudacc.cc:51] Iteration 1: 3.7757s
I20260714 15:05:20.183575   437 cudacc.cc:51]  Sweep 1: 1.1093s
I20260714 15:05:20.901242   437 cudacc.cc:51]  Sweep 2: 0.7176s
I20260714 15:05:21.915155   437 cudacc.cc:51]  Sweep 3: 1.0138s
I20260714 15:05:22.619903   437 cudacc.cc:51]  Sweep 4: 0.7047s
I20260714 15:05:22.619951   437 cudacc.cc:51] Iteration 2: 3.5457s
I20260714 15:05:23.639565   437 cudacc.cc:51]  Sweep 1: 1.0196s
I20260714 15:05:24.326054   437 cudacc.cc:51]  Sweep 2: 0.6864s
I20260714 15:05:25.277293   437 cudacc.cc:51]  Sweep 3: 0.9512s
I20260714 15:05:25.954823   437 cudacc.cc:51]  Sweep 4: 0.6775s
I20260714 15:05:25.954869   437 cudacc.cc:51] Iteration 3: 3.3349s
I20260714 15:05:25.954882   437 cudacc.cc:51] Total: 10.8753s
I20260714 15:05:25.954890   437 patch_match.cc:525]
Writing photometric output for 10250134.png
I20260714 15:05:26.685207   437 patch_match.cc:416] === Processing view 10 / 10 for 10250135.png ===
I20260714 15:05:26.685247   437 patch_match.cc:466] Reading inputs...
I20260714 15:05:26.693032   437 patch_match.cc:56] --- PatchMatch::Problem ---
I20260714 15:05:26.693041   437 patch_match.cc:57] ref_image_idx: 9
I20260714 15:05:26.693048   437 patch_match.cc:64] src_image_idxs: 0 1 2 3 4 6 5 7 8
I20260714 15:05:26.693055   437 patch_match_options.cc:46] --- PatchMatchOptions ---
I20260714 15:05:26.693061   437 patch_match_options.cc:47] max_image_size: -1
I20260714 15:05:26.693066   437 patch_match_options.cc:48] gpu_index: 0
I20260714 15:05:26.693070   437 patch_match_options.cc:49] depth_min: 700
I20260714 15:05:26.693080   437 patch_match_options.cc:50] depth_max: 1100
I20260714 15:05:26.693086   437 patch_match_options.cc:51] window_radius: 5
I20260714 15:05:26.693090   437 patch_match_options.cc:52] window_step: 1
I20260714 15:05:26.693095   437 patch_match_options.cc:53] sigma_spatial: 5
I20260714 15:05:26.693100   437 patch_match_options.cc:54] sigma_color: 0.2
I20260714 15:05:26.693105   437 patch_match_options.cc:55] num_samples: 10
I20260714 15:05:26.693110   437 patch_match_options.cc:56] ncc_sigma: 0.6
I20260714 15:05:26.693115   437 patch_match_options.cc:57] min_triangulation_angle: 1
I20260714 15:05:26.693120   437 patch_match_options.cc:58] incident_angle_sigma: 0.9
I20260714 15:05:26.693125   437 patch_match_options.cc:59] num_iterations: 3
I20260714 15:05:26.693130   437 patch_match_options.cc:60] geom_consistency: 0
I20260714 15:05:26.693135   437 patch_match_options.cc:61] geom_consistency_regularizer: 0.3
I20260714 15:05:26.693140   437 patch_match_options.cc:62] geom_consistency_max_cost: 3
I20260714 15:05:26.693145   437 patch_match_options.cc:63] filter: 0
I20260714 15:05:26.693148   437 patch_match_options.cc:64] filter_min_ncc: 0.1
I20260714 15:05:26.693153   437 patch_match_options.cc:65] filter_min_triangulation_angle: 3
I20260714 15:05:26.693158   437 patch_match_options.cc:66] filter_min_num_consistent: 2
I20260714 15:05:26.693162   437 patch_match_options.cc:67] filter_geom_consistency_max_cost: 1
I20260714 15:05:26.693167   437 patch_match_options.cc:68] write_consistency_graph: 0
I20260714 15:05:26.693172   437 patch_match_options.cc:69] allow_missing_files: 0
I20260714 15:05:26.693176   437 patch_match_options.cc:70] num_threads: -1
I20260714 15:05:26.693182   437 patch_match.cc:129] --- PatchMatch::Run ---
I20260714 15:05:26.971514   437 cudacc.cc:51] Initialization: 0.2230s
I20260714 15:05:28.194366   437 cudacc.cc:51]  Sweep 1: 1.2228s
I20260714 15:05:28.956663   437 cudacc.cc:51]  Sweep 2: 0.7622s
I20260714 15:05:30.142827   437 cudacc.cc:51]  Sweep 3: 1.1861s
I20260714 15:05:30.883983   437 cudacc.cc:51]  Sweep 4: 0.7411s
I20260714 15:05:30.884027   437 cudacc.cc:51] Iteration 1: 3.9124s
I20260714 15:05:31.972574   437 cudacc.cc:51]  Sweep 1: 1.0885s
I20260714 15:05:32.704057   437 cudacc.cc:51]  Sweep 2: 0.7314s
I20260714 15:05:33.848454   437 cudacc.cc:51]  Sweep 3: 1.1443s
I20260714 15:05:34.561298   437 cudacc.cc:51]  Sweep 4: 0.7128s
I20260714 15:05:34.561342   437 cudacc.cc:51] Iteration 2: 3.6773s
I20260714 15:05:35.607471   437 cudacc.cc:51]  Sweep 1: 1.0461s
I20260714 15:05:36.308724   437 cudacc.cc:51]  Sweep 2: 0.7012s
I20260714 15:05:37.415545   437 cudacc.cc:51]  Sweep 3: 1.1068s
I20260714 15:05:38.102142   437 cudacc.cc:51]  Sweep 4: 0.6865s
I20260714 15:05:38.102185   437 cudacc.cc:51] Iteration 3: 3.5408s
I20260714 15:05:38.102198   437 cudacc.cc:51] Total: 11.3536s
I20260714 15:05:38.102206   437 patch_match.cc:525]
Writing photometric output for 10250135.png
I20260714 15:05:38.836310   437 patch_match.cc:416] === Processing view 1 / 10 for 10040082.png ===
I20260714 15:05:38.836352   437 patch_match.cc:466] Reading inputs...
I20260714 15:05:39.574714   437 patch_match.cc:56] --- PatchMatch::Problem ---
I20260714 15:05:39.574760   437 patch_match.cc:57] ref_image_idx: 0
I20260714 15:05:39.574771   437 patch_match.cc:64] src_image_idxs: 1 3 4 2 5 6 7 8 9
I20260714 15:05:39.574841   437 patch_match_options.cc:46] --- PatchMatchOptions ---
I20260714 15:05:39.574848   437 patch_match_options.cc:47] max_image_size: -1
I20260714 15:05:39.574855   437 patch_match_options.cc:48] gpu_index: 0
I20260714 15:05:39.574862   437 patch_match_options.cc:49] depth_min: 700
I20260714 15:05:39.574880   437 patch_match_options.cc:50] depth_max: 1100
I20260714 15:05:39.574888   437 patch_match_options.cc:51] window_radius: 5
I20260714 15:05:39.574895   437 patch_match_options.cc:52] window_step: 1
I20260714 15:05:39.574903   437 patch_match_options.cc:53] sigma_spatial: 5
I20260714 15:05:39.574909   437 patch_match_options.cc:54] sigma_color: 0.2
I20260714 15:05:39.574918   437 patch_match_options.cc:55] num_samples: 10
I20260714 15:05:39.574924   437 patch_match_options.cc:56] ncc_sigma: 0.6
I20260714 15:05:39.574932   437 patch_match_options.cc:57] min_triangulation_angle: 1
I20260714 15:05:39.574939   437 patch_match_options.cc:58] incident_angle_sigma: 0.9
I20260714 15:05:39.574947   437 patch_match_options.cc:59] num_iterations: 3
I20260714 15:05:39.574954   437 patch_match_options.cc:60] geom_consistency: 1
I20260714 15:05:39.574961   437 patch_match_options.cc:61] geom_consistency_regularizer: 0.3
I20260714 15:05:39.574970   437 patch_match_options.cc:62] geom_consistency_max_cost: 3
I20260714 15:05:39.574977   437 patch_match_options.cc:63] filter: 1
I20260714 15:05:39.574985   437 patch_match_options.cc:64] filter_min_ncc: 0.1
I20260714 15:05:39.574993   437 patch_match_options.cc:65] filter_min_triangulation_angle: 3
I20260714 15:05:39.575001   437 patch_match_options.cc:66] filter_min_num_consistent: 2
I20260714 15:05:39.575008   437 patch_match_options.cc:67] filter_geom_consistency_max_cost: 1
I20260714 15:05:39.575016   437 patch_match_options.cc:68] write_consistency_graph: 0
I20260714 15:05:39.575024   437 patch_match_options.cc:69] allow_missing_files: 0
I20260714 15:05:39.575031   437 patch_match_options.cc:70] num_threads: -1
I20260714 15:05:39.575040   437 patch_match.cc:129] --- PatchMatch::Run ---
I20260714 15:05:39.986666   437 cudacc.cc:51] Initialization: 0.1724s
I20260714 15:05:41.445430   437 cudacc.cc:51]  Sweep 1: 1.4587s
I20260714 15:05:42.312233   437 cudacc.cc:51]  Sweep 2: 0.8667s
I20260714 15:05:43.715279   437 cudacc.cc:51]  Sweep 3: 1.4030s
I20260714 15:05:44.581607   437 cudacc.cc:51]  Sweep 4: 0.8663s
I20260714 15:05:44.581655   437 cudacc.cc:51] Iteration 1: 4.5949s
I20260714 15:05:45.987628   437 cudacc.cc:51]  Sweep 1: 1.4059s
I20260714 15:05:46.830170   437 cudacc.cc:51]  Sweep 2: 0.8425s
I20260714 15:05:48.141769   437 cudacc.cc:51]  Sweep 3: 1.3115s
I20260714 15:05:48.948992   437 cudacc.cc:51]  Sweep 4: 0.8072s
I20260714 15:05:48.949038   437 cudacc.cc:51] Iteration 2: 4.3673s
I20260714 15:05:50.245380   437 cudacc.cc:51]  Sweep 1: 1.2963s
I20260714 15:05:51.034621   437 cudacc.cc:51]  Sweep 2: 0.7892s
I20260714 15:05:52.298847   437 cudacc.cc:51]  Sweep 3: 1.2642s
I20260714 15:05:53.123776   437 cudacc.cc:51]  Sweep 4: 0.8249s
I20260714 15:05:53.123822   437 cudacc.cc:51] Iteration 3: 4.1747s
I20260714 15:05:53.123835   437 cudacc.cc:51] Total: 13.3094s
I20260714 15:05:53.123842   437 patch_match.cc:525]
Writing geometric output for 10040082.png
I20260714 15:05:53.933624   437 patch_match.cc:416] === Processing view 2 / 10 for 10040083.png ===
I20260714 15:05:53.933683   437 patch_match.cc:466] Reading inputs...
I20260714 15:05:54.041607   437 patch_match.cc:56] --- PatchMatch::Problem ---
I20260714 15:05:54.041646   437 patch_match.cc:57] ref_image_idx: 1
I20260714 15:05:54.041657   437 patch_match.cc:64] src_image_idxs: 0 2 4 3 5 6 7 8 9
I20260714 15:05:54.041663   437 patch_match_options.cc:46] --- PatchMatchOptions ---
I20260714 15:05:54.041669   437 patch_match_options.cc:47] max_image_size: -1
I20260714 15:05:54.041674   437 patch_match_options.cc:48] gpu_index: 0
I20260714 15:05:54.041679   437 patch_match_options.cc:49] depth_min: 700
I20260714 15:05:54.041692   437 patch_match_options.cc:50] depth_max: 1100
I20260714 15:05:54.041698   437 patch_match_options.cc:51] window_radius: 5
I20260714 15:05:54.041709   437 patch_match_options.cc:52] window_step: 1
I20260714 15:05:54.041715   437 patch_match_options.cc:53] sigma_spatial: 5
I20260714 15:05:54.041720   437 patch_match_options.cc:54] sigma_color: 0.2
I20260714 15:05:54.041726   437 patch_match_options.cc:55] num_samples: 10
I20260714 15:05:54.041731   437 patch_match_options.cc:56] ncc_sigma: 0.6
I20260714 15:05:54.041738   437 patch_match_options.cc:57] min_triangulation_angle: 1
I20260714 15:05:54.041742   437 patch_match_options.cc:58] incident_angle_sigma: 0.9
I20260714 15:05:54.041749   437 patch_match_options.cc:59] num_iterations: 3
I20260714 15:05:54.041754   437 patch_match_options.cc:60] geom_consistency: 1
I20260714 15:05:54.041759   437 patch_match_options.cc:61] geom_consistency_regularizer: 0.3
I20260714 15:05:54.041764   437 patch_match_options.cc:62] geom_consistency_max_cost: 3
I20260714 15:05:54.041770   437 patch_match_options.cc:63] filter: 1
I20260714 15:05:54.041775   437 patch_match_options.cc:64] filter_min_ncc: 0.1
I20260714 15:05:54.041781   437 patch_match_options.cc:65] filter_min_triangulation_angle: 3
I20260714 15:05:54.041786   437 patch_match_options.cc:66] filter_min_num_consistent: 2
I20260714 15:05:54.041791   437 patch_match_options.cc:67] filter_geom_consistency_max_cost: 1
I20260714 15:05:54.041797   437 patch_match_options.cc:68] write_consistency_graph: 0
I20260714 15:05:54.041802   437 patch_match_options.cc:69] allow_missing_files: 0
I20260714 15:05:54.041807   437 patch_match_options.cc:70] num_threads: -1
I20260714 15:05:54.041813   437 patch_match.cc:129] --- PatchMatch::Run ---
I20260714 15:05:54.401664   437 cudacc.cc:51] Initialization: 0.1362s
I20260714 15:05:55.837478   437 cudacc.cc:51]  Sweep 1: 1.4357s
I20260714 15:05:56.800863   437 cudacc.cc:51]  Sweep 2: 0.9633s
I20260714 15:05:58.191509   437 cudacc.cc:51]  Sweep 3: 1.3906s
I20260714 15:05:59.133101   437 cudacc.cc:51]  Sweep 4: 0.9415s
I20260714 15:05:59.133147   437 cudacc.cc:51] Iteration 1: 4.7314s
I20260714 15:06:00.500090   437 cudacc.cc:51]  Sweep 1: 1.3669s
I20260714 15:06:01.425843   437 cudacc.cc:51]  Sweep 2: 0.9257s
I20260714 15:06:02.753512   437 cudacc.cc:51]  Sweep 3: 1.3276s
I20260714 15:06:03.644906   437 cudacc.cc:51]  Sweep 4: 0.8913s
I20260714 15:06:03.644975   437 cudacc.cc:51] Iteration 2: 4.5118s
I20260714 15:06:04.938681   437 cudacc.cc:51]  Sweep 1: 1.2937s
I20260714 15:06:05.814558   437 cudacc.cc:51]  Sweep 2: 0.8758s
I20260714 15:06:07.055312   437 cudacc.cc:51]  Sweep 3: 1.2407s
I20260714 15:06:07.926193   437 cudacc.cc:51]  Sweep 4: 0.8708s
I20260714 15:06:07.926239   437 cudacc.cc:51] Iteration 3: 4.2812s
I20260714 15:06:07.926252   437 cudacc.cc:51] Total: 13.6607s
I20260714 15:06:07.926260   437 patch_match.cc:525]
Writing geometric output for 10040083.png
I20260714 15:06:08.717785   437 patch_match.cc:416] === Processing view 3 / 10 for 10040084.png ===
I20260714 15:06:08.717842   437 patch_match.cc:466] Reading inputs...
I20260714 15:06:08.825001   437 patch_match.cc:56] --- PatchMatch::Problem ---
I20260714 15:06:08.825013   437 patch_match.cc:57] ref_image_idx: 2
I20260714 15:06:08.825021   437 patch_match.cc:64] src_image_idxs: 1 6 5 4 0 7 3 8 9
I20260714 15:06:08.825026   437 patch_match_options.cc:46] --- PatchMatchOptions ---
I20260714 15:06:08.825032   437 patch_match_options.cc:47] max_image_size: -1
I20260714 15:06:08.825037   437 patch_match_options.cc:48] gpu_index: 0
I20260714 15:06:08.825042   437 patch_match_options.cc:49] depth_min: 700
I20260714 15:06:08.825052   437 patch_match_options.cc:50] depth_max: 1100
I20260714 15:06:08.825057   437 patch_match_options.cc:51] window_radius: 5
I20260714 15:06:08.825060   437 patch_match_options.cc:52] window_step: 1
I20260714 15:06:08.825065   437 patch_match_options.cc:53] sigma_spatial: 5
I20260714 15:06:08.825070   437 patch_match_options.cc:54] sigma_color: 0.2
I20260714 15:06:08.825075   437 patch_match_options.cc:55] num_samples: 10
I20260714 15:06:08.825080   437 patch_match_options.cc:56] ncc_sigma: 0.6
I20260714 15:06:08.825085   437 patch_match_options.cc:57] min_triangulation_angle: 1
I20260714 15:06:08.825090   437 patch_match_options.cc:58] incident_angle_sigma: 0.9
I20260714 15:06:08.825095   437 patch_match_options.cc:59] num_iterations: 3
I20260714 15:06:08.825101   437 patch_match_options.cc:60] geom_consistency: 1
I20260714 15:06:08.825106   437 patch_match_options.cc:61] geom_consistency_regularizer: 0.3
I20260714 15:06:08.825112   437 patch_match_options.cc:62] geom_consistency_max_cost: 3
I20260714 15:06:08.825119   437 patch_match_options.cc:63] filter: 1
I20260714 15:06:08.825124   437 patch_match_options.cc:64] filter_min_ncc: 0.1
I20260714 15:06:08.825130   437 patch_match_options.cc:65] filter_min_triangulation_angle: 3
I20260714 15:06:08.825136   437 patch_match_options.cc:66] filter_min_num_consistent: 2
I20260714 15:06:08.825141   437 patch_match_options.cc:67] filter_geom_consistency_max_cost: 1
I20260714 15:06:08.825147   437 patch_match_options.cc:68] write_consistency_graph: 0
I20260714 15:06:08.825152   437 patch_match_options.cc:69] allow_missing_files: 0
I20260714 15:06:08.825158   437 patch_match_options.cc:70] num_threads: -1
I20260714 15:06:08.825165   437 patch_match.cc:129] --- PatchMatch::Run ---
I20260714 15:06:09.223183   437 cudacc.cc:51] Initialization: 0.1639s
I20260714 15:06:10.714169   437 cudacc.cc:51]  Sweep 1: 1.4909s
I20260714 15:06:11.712966   437 cudacc.cc:51]  Sweep 2: 0.9987s
I20260714 15:06:13.181854   437 cudacc.cc:51]  Sweep 3: 1.4688s
I20260714 15:06:14.136070   437 cudacc.cc:51]  Sweep 4: 0.9541s
I20260714 15:06:14.136113   437 cudacc.cc:51] Iteration 1: 4.9128s
I20260714 15:06:15.563098   437 cudacc.cc:51]  Sweep 1: 1.4269s
I20260714 15:06:16.522096   437 cudacc.cc:51]  Sweep 2: 0.9589s
I20260714 15:06:17.918591   437 cudacc.cc:51]  Sweep 3: 1.3964s
I20260714 15:06:18.824584   437 cudacc.cc:51]  Sweep 4: 0.9059s
I20260714 15:06:18.824630   437 cudacc.cc:51] Iteration 2: 4.6885s
I20260714 15:06:20.179752   437 cudacc.cc:51]  Sweep 1: 1.3551s
I20260714 15:06:21.090087   437 cudacc.cc:51]  Sweep 2: 0.9103s
I20260714 15:06:22.403255   437 cudacc.cc:51]  Sweep 3: 1.3131s
I20260714 15:06:23.302548   437 cudacc.cc:51]  Sweep 4: 0.8992s
I20260714 15:06:23.302594   437 cudacc.cc:51] Iteration 3: 4.4779s
I20260714 15:06:23.302608   437 cudacc.cc:51] Total: 14.2432s
I20260714 15:06:23.302614   437 patch_match.cc:525]
Writing geometric output for 10040084.png
I20260714 15:06:24.097731   437 patch_match.cc:416] === Processing view 4 / 10 for 10050104.png ===
I20260714 15:06:24.097790   437 patch_match.cc:466] Reading inputs...
I20260714 15:06:24.189502   437 patch_match.cc:56] --- PatchMatch::Problem ---
I20260714 15:06:24.189544   437 patch_match.cc:57] ref_image_idx: 3
I20260714 15:06:24.189554   437 patch_match.cc:64] src_image_idxs: 4 0 1 5 2 7 6 8 9
I20260714 15:06:24.189561   437 patch_match_options.cc:46] --- PatchMatchOptions ---
I20260714 15:06:24.189566   437 patch_match_options.cc:47] max_image_size: -1
I20260714 15:06:24.189572   437 patch_match_options.cc:48] gpu_index: 0
I20260714 15:06:24.189579   437 patch_match_options.cc:49] depth_min: 700
I20260714 15:06:24.189591   437 patch_match_options.cc:50] depth_max: 1100
I20260714 15:06:24.189596   437 patch_match_options.cc:51] window_radius: 5
I20260714 15:06:24.189602   437 patch_match_options.cc:52] window_step: 1
I20260714 15:06:24.189607   437 patch_match_options.cc:53] sigma_spatial: 5
I20260714 15:06:24.189613   437 patch_match_options.cc:54] sigma_color: 0.2
I20260714 15:06:24.189618   437 patch_match_options.cc:55] num_samples: 10
I20260714 15:06:24.189625   437 patch_match_options.cc:56] ncc_sigma: 0.6
I20260714 15:06:24.189630   437 patch_match_options.cc:57] min_triangulation_angle: 1
I20260714 15:06:24.189635   437 patch_match_options.cc:58] incident_angle_sigma: 0.9
I20260714 15:06:24.189640   437 patch_match_options.cc:59] num_iterations: 3
I20260714 15:06:24.189646   437 patch_match_options.cc:60] geom_consistency: 1
I20260714 15:06:24.189652   437 patch_match_options.cc:61] geom_consistency_regularizer: 0.3
I20260714 15:06:24.189657   437 patch_match_options.cc:62] geom_consistency_max_cost: 3
I20260714 15:06:24.189663   437 patch_match_options.cc:63] filter: 1
I20260714 15:06:24.189668   437 patch_match_options.cc:64] filter_min_ncc: 0.1
I20260714 15:06:24.189674   437 patch_match_options.cc:65] filter_min_triangulation_angle: 3
I20260714 15:06:24.189679   437 patch_match_options.cc:66] filter_min_num_consistent: 2
I20260714 15:06:24.189685   437 patch_match_options.cc:67] filter_geom_consistency_max_cost: 1
I20260714 15:06:24.189690   437 patch_match_options.cc:68] write_consistency_graph: 0
I20260714 15:06:24.189695   437 patch_match_options.cc:69] allow_missing_files: 0
I20260714 15:06:24.189702   437 patch_match_options.cc:70] num_threads: -1
I20260714 15:06:24.189715   437 patch_match.cc:129] --- PatchMatch::Run ---
I20260714 15:06:24.562654   437 cudacc.cc:51] Initialization: 0.1459s
I20260714 15:06:26.055634   437 cudacc.cc:51]  Sweep 1: 1.4929s
I20260714 15:06:26.909828   437 cudacc.cc:51]  Sweep 2: 0.8541s
I20260714 15:06:28.452652   437 cudacc.cc:51]  Sweep 3: 1.5427s
I20260714 15:06:29.303611   437 cudacc.cc:51]  Sweep 4: 0.8509s
I20260714 15:06:29.303658   437 cudacc.cc:51] Iteration 1: 4.7409s
I20260714 15:06:30.747005   437 cudacc.cc:51]  Sweep 1: 1.4433s
I20260714 15:06:31.566411   437 cudacc.cc:51]  Sweep 2: 0.8193s
I20260714 15:06:33.050964   437 cudacc.cc:51]  Sweep 3: 1.4845s
I20260714 15:06:33.868328   437 cudacc.cc:51]  Sweep 4: 0.8173s
I20260714 15:06:33.868369   437 cudacc.cc:51] Iteration 2: 4.5647s
I20260714 15:06:35.237210   437 cudacc.cc:51]  Sweep 1: 1.3688s
I20260714 15:06:36.030370   437 cudacc.cc:51]  Sweep 2: 0.7931s
I20260714 15:06:37.466674   437 cudacc.cc:51]  Sweep 3: 1.4362s
I20260714 15:06:38.277179   437 cudacc.cc:51]  Sweep 4: 0.8104s
I20260714 15:06:38.277220   437 cudacc.cc:51] Iteration 3: 4.4088s
I20260714 15:06:38.277235   437 cudacc.cc:51] Total: 13.8603s
I20260714 15:06:38.277241   437 patch_match.cc:525]
Writing geometric output for 10050104.png
I20260714 15:06:39.056959   437 patch_match.cc:416] === Processing view 5 / 10 for 10050105.png ===
I20260714 15:06:39.057014   437 patch_match.cc:466] Reading inputs...
I20260714 15:06:39.151654   437 patch_match.cc:56] --- PatchMatch::Problem ---
I20260714 15:06:39.151692   437 patch_match.cc:57] ref_image_idx: 4
I20260714 15:06:39.151702   437 patch_match.cc:64] src_image_idxs: 3 5 1 2 0 7 6 8 9
I20260714 15:06:39.151713   437 patch_match_options.cc:46] --- PatchMatchOptions ---
I20260714 15:06:39.151718   437 patch_match_options.cc:47] max_image_size: -1
I20260714 15:06:39.151723   437 patch_match_options.cc:48] gpu_index: 0
I20260714 15:06:39.151728   437 patch_match_options.cc:49] depth_min: 700
I20260714 15:06:39.151741   437 patch_match_options.cc:50] depth_max: 1100
I20260714 15:06:39.151746   437 patch_match_options.cc:51] window_radius: 5
I20260714 15:06:39.151750   437 patch_match_options.cc:52] window_step: 1
I20260714 15:06:39.151754   437 patch_match_options.cc:53] sigma_spatial: 5
I20260714 15:06:39.151759   437 patch_match_options.cc:54] sigma_color: 0.2
I20260714 15:06:39.151765   437 patch_match_options.cc:55] num_samples: 10
I20260714 15:06:39.151769   437 patch_match_options.cc:56] ncc_sigma: 0.6
I20260714 15:06:39.151774   437 patch_match_options.cc:57] min_triangulation_angle: 1
I20260714 15:06:39.151779   437 patch_match_options.cc:58] incident_angle_sigma: 0.9
I20260714 15:06:39.151784   437 patch_match_options.cc:59] num_iterations: 3
I20260714 15:06:39.151788   437 patch_match_options.cc:60] geom_consistency: 1
I20260714 15:06:39.151793   437 patch_match_options.cc:61] geom_consistency_regularizer: 0.3
I20260714 15:06:39.151798   437 patch_match_options.cc:62] geom_consistency_max_cost: 3
I20260714 15:06:39.151803   437 patch_match_options.cc:63] filter: 1
I20260714 15:06:39.151808   437 patch_match_options.cc:64] filter_min_ncc: 0.1
I20260714 15:06:39.151813   437 patch_match_options.cc:65] filter_min_triangulation_angle: 3
I20260714 15:06:39.151818   437 patch_match_options.cc:66] filter_min_num_consistent: 2
I20260714 15:06:39.151822   437 patch_match_options.cc:67] filter_geom_consistency_max_cost: 1
I20260714 15:06:39.151827   437 patch_match_options.cc:68] write_consistency_graph: 0
I20260714 15:06:39.151831   437 patch_match_options.cc:69] allow_missing_files: 0
I20260714 15:06:39.151836   437 patch_match_options.cc:70] num_threads: -1
I20260714 15:06:39.151841   437 patch_match.cc:129] --- PatchMatch::Run ---
I20260714 15:06:39.542850   437 cudacc.cc:51] Initialization: 0.1534s
I20260714 15:06:41.037806   437 cudacc.cc:51]  Sweep 1: 1.4949s
I20260714 15:06:41.986989   437 cudacc.cc:51]  Sweep 2: 0.9491s
I20260714 15:06:43.506392   437 cudacc.cc:51]  Sweep 3: 1.5194s
I20260714 15:06:44.453218   437 cudacc.cc:51]  Sweep 4: 0.9467s
I20260714 15:06:44.453261   437 cudacc.cc:51] Iteration 1: 4.9103s
I20260714 15:06:45.914093   437 cudacc.cc:51]  Sweep 1: 1.4608s
I20260714 15:06:46.819299   437 cudacc.cc:51]  Sweep 2: 0.9051s
I20260714 15:06:48.281368   437 cudacc.cc:51]  Sweep 3: 1.4620s
I20260714 15:06:49.180723   437 cudacc.cc:51]  Sweep 4: 0.8993s
I20260714 15:06:49.180757   437 cudacc.cc:51] Iteration 2: 4.7274s
I20260714 15:06:50.575750   437 cudacc.cc:51]  Sweep 1: 1.3950s
I20260714 15:06:51.433914   437 cudacc.cc:51]  Sweep 2: 0.8581s
I20260714 15:06:52.805591   437 cudacc.cc:51]  Sweep 3: 1.3716s
I20260714 15:06:53.681532   437 cudacc.cc:51]  Sweep 4: 0.8759s
I20260714 15:06:53.681562   437 cudacc.cc:51] Iteration 3: 4.5008s
I20260714 15:06:53.681576   437 cudacc.cc:51] Total: 14.2920s
I20260714 15:06:53.681583   437 patch_match.cc:525]
Writing geometric output for 10050105.png
I20260714 15:06:54.498716   437 patch_match.cc:416] === Processing view 6 / 10 for 10050106.png ===
I20260714 15:06:54.498775   437 patch_match.cc:466] Reading inputs...
I20260714 15:06:54.598240   437 patch_match.cc:56] --- PatchMatch::Problem ---
I20260714 15:06:54.598253   437 patch_match.cc:57] ref_image_idx: 5
I20260714 15:06:54.598260   437 patch_match.cc:64] src_image_idxs: 4 7 6 2 8 1 3 9 0
I20260714 15:06:54.598268   437 patch_match_options.cc:46] --- PatchMatchOptions ---
I20260714 15:06:54.598271   437 patch_match_options.cc:47] max_image_size: -1
I20260714 15:06:54.598276   437 patch_match_options.cc:48] gpu_index: 0
I20260714 15:06:54.598281   437 patch_match_options.cc:49] depth_min: 700
I20260714 15:06:54.598291   437 patch_match_options.cc:50] depth_max: 1100
I20260714 15:06:54.598296   437 patch_match_options.cc:51] window_radius: 5
I20260714 15:06:54.598300   437 patch_match_options.cc:52] window_step: 1
I20260714 15:06:54.598305   437 patch_match_options.cc:53] sigma_spatial: 5
I20260714 15:06:54.598310   437 patch_match_options.cc:54] sigma_color: 0.2
I20260714 15:06:54.598316   437 patch_match_options.cc:55] num_samples: 10
I20260714 15:06:54.598322   437 patch_match_options.cc:56] ncc_sigma: 0.6
I20260714 15:06:54.598330   437 patch_match_options.cc:57] min_triangulation_angle: 1
I20260714 15:06:54.598335   437 patch_match_options.cc:58] incident_angle_sigma: 0.9
I20260714 15:06:54.598341   437 patch_match_options.cc:59] num_iterations: 3
I20260714 15:06:54.598347   437 patch_match_options.cc:60] geom_consistency: 1
I20260714 15:06:54.598353   437 patch_match_options.cc:61] geom_consistency_regularizer: 0.3
I20260714 15:06:54.598359   437 patch_match_options.cc:62] geom_consistency_max_cost: 3
I20260714 15:06:54.598366   437 patch_match_options.cc:63] filter: 1
I20260714 15:06:54.598372   437 patch_match_options.cc:64] filter_min_ncc: 0.1
I20260714 15:06:54.598378   437 patch_match_options.cc:65] filter_min_triangulation_angle: 3
I20260714 15:06:54.598383   437 patch_match_options.cc:66] filter_min_num_consistent: 2
I20260714 15:06:54.598388   437 patch_match_options.cc:67] filter_geom_consistency_max_cost: 1
I20260714 15:06:54.598394   437 patch_match_options.cc:68] write_consistency_graph: 0
I20260714 15:06:54.598399   437 patch_match_options.cc:69] allow_missing_files: 0
I20260714 15:06:54.598404   437 patch_match_options.cc:70] num_threads: -1
I20260714 15:06:54.598410   437 patch_match.cc:129] --- PatchMatch::Run ---
I20260714 15:06:54.960597   437 cudacc.cc:51] Initialization: 0.1352s
I20260714 15:06:56.480099   437 cudacc.cc:51]  Sweep 1: 1.5194s
I20260714 15:06:57.442878   437 cudacc.cc:51]  Sweep 2: 0.9627s
I20260714 15:06:58.919008   437 cudacc.cc:51]  Sweep 3: 1.4761s
I20260714 15:06:59.869863   437 cudacc.cc:51]  Sweep 4: 0.9508s
I20260714 15:06:59.869894   437 cudacc.cc:51] Iteration 1: 4.9092s
I20260714 15:07:01.338948   437 cudacc.cc:51]  Sweep 1: 1.4690s
I20260714 15:07:02.257684   437 cudacc.cc:51]  Sweep 2: 0.9187s
I20260714 15:07:03.676229   437 cudacc.cc:51]  Sweep 3: 1.4185s
I20260714 15:07:04.568599   437 cudacc.cc:51]  Sweep 4: 0.8923s
I20260714 15:07:04.568624   437 cudacc.cc:51] Iteration 2: 4.6987s
I20260714 15:07:05.964901   437 cudacc.cc:51]  Sweep 1: 1.3962s
I20260714 15:07:06.830160   437 cudacc.cc:51]  Sweep 2: 0.8652s
I20260714 15:07:08.177433   437 cudacc.cc:51]  Sweep 3: 1.3472s
I20260714 15:07:09.052803   437 cudacc.cc:51]  Sweep 4: 0.8753s
I20260714 15:07:09.052827   437 cudacc.cc:51] Iteration 3: 4.4841s
I20260714 15:07:09.052840   437 cudacc.cc:51] Total: 14.2273s
I20260714 15:07:09.052848   437 patch_match.cc:525]
Writing geometric output for 10050106.png
I20260714 15:07:09.848419   437 patch_match.cc:416] === Processing view 7 / 10 for 10250132.png ===
I20260714 15:07:09.848471   437 patch_match.cc:466] Reading inputs...
I20260714 15:07:09.942480   437 patch_match.cc:56] --- PatchMatch::Problem ---
I20260714 15:07:09.942517   437 patch_match.cc:57] ref_image_idx: 6
I20260714 15:07:09.942526   437 patch_match.cc:64] src_image_idxs: 7 2 5 8 4 1 9 3 0
I20260714 15:07:09.942533   437 patch_match_options.cc:46] --- PatchMatchOptions ---
I20260714 15:07:09.942538   437 patch_match_options.cc:47] max_image_size: -1
I20260714 15:07:09.942543   437 patch_match_options.cc:48] gpu_index: 0
I20260714 15:07:09.942548   437 patch_match_options.cc:49] depth_min: 700
I20260714 15:07:09.942559   437 patch_match_options.cc:50] depth_max: 1100
I20260714 15:07:09.942564   437 patch_match_options.cc:51] window_radius: 5
I20260714 15:07:09.942569   437 patch_match_options.cc:52] window_step: 1
I20260714 15:07:09.942574   437 patch_match_options.cc:53] sigma_spatial: 5
I20260714 15:07:09.942579   437 patch_match_options.cc:54] sigma_color: 0.2
I20260714 15:07:09.942584   437 patch_match_options.cc:55] num_samples: 10
I20260714 15:07:09.942588   437 patch_match_options.cc:56] ncc_sigma: 0.6
I20260714 15:07:09.942593   437 patch_match_options.cc:57] min_triangulation_angle: 1
I20260714 15:07:09.942598   437 patch_match_options.cc:58] incident_angle_sigma: 0.9
I20260714 15:07:09.942603   437 patch_match_options.cc:59] num_iterations: 3
I20260714 15:07:09.942608   437 patch_match_options.cc:60] geom_consistency: 1
I20260714 15:07:09.942613   437 patch_match_options.cc:61] geom_consistency_regularizer: 0.3
I20260714 15:07:09.942618   437 patch_match_options.cc:62] geom_consistency_max_cost: 3
I20260714 15:07:09.942623   437 patch_match_options.cc:63] filter: 1
I20260714 15:07:09.942627   437 patch_match_options.cc:64] filter_min_ncc: 0.1
I20260714 15:07:09.942632   437 patch_match_options.cc:65] filter_min_triangulation_angle: 3
I20260714 15:07:09.942637   437 patch_match_options.cc:66] filter_min_num_consistent: 2
I20260714 15:07:09.942642   437 patch_match_options.cc:67] filter_geom_consistency_max_cost: 1
I20260714 15:07:09.942647   437 patch_match_options.cc:68] write_consistency_graph: 0
I20260714 15:07:09.942651   437 patch_match_options.cc:69] allow_missing_files: 0
I20260714 15:07:09.942656   437 patch_match_options.cc:70] num_threads: -1
I20260714 15:07:09.942662   437 patch_match.cc:129] --- PatchMatch::Run ---
I20260714 15:07:10.352466   437 cudacc.cc:51] Initialization: 0.1835s
I20260714 15:07:11.757694   437 cudacc.cc:51]  Sweep 1: 1.4052s
I20260714 15:07:12.674762   437 cudacc.cc:51]  Sweep 2: 0.9170s
I20260714 15:07:14.061249   437 cudacc.cc:51]  Sweep 3: 1.3864s
I20260714 15:07:14.991780   437 cudacc.cc:51]  Sweep 4: 0.9304s
I20260714 15:07:14.991823   437 cudacc.cc:51] Iteration 1: 4.6393s
I20260714 15:07:16.389110   437 cudacc.cc:51]  Sweep 1: 1.3973s
I20260714 15:07:17.290726   437 cudacc.cc:51]  Sweep 2: 0.9016s
I20260714 15:07:18.613195   437 cudacc.cc:51]  Sweep 3: 1.3224s
I20260714 15:07:19.519603   437 cudacc.cc:51]  Sweep 4: 0.9064s
I20260714 15:07:19.519641   437 cudacc.cc:51] Iteration 2: 4.5278s
I20260714 15:07:20.887733   437 cudacc.cc:51]  Sweep 1: 1.3681s
I20260714 15:07:21.754778   437 cudacc.cc:51]  Sweep 2: 0.8670s
I20260714 15:07:23.033392   437 cudacc.cc:51]  Sweep 3: 1.2786s
I20260714 15:07:23.931237   437 cudacc.cc:51]  Sweep 4: 0.8978s
I20260714 15:07:23.931272   437 cudacc.cc:51] Iteration 3: 4.4116s
I20260714 15:07:23.931285   437 cudacc.cc:51] Total: 13.7622s
I20260714 15:07:23.931293   437 patch_match.cc:525]
Writing geometric output for 10250132.png
I20260714 15:07:24.742784   437 patch_match.cc:416] === Processing view 8 / 10 for 10250133.png ===
I20260714 15:07:24.742841   437 patch_match.cc:466] Reading inputs...
I20260714 15:07:24.848766   437 patch_match.cc:56] --- PatchMatch::Problem ---
I20260714 15:07:24.848778   437 patch_match.cc:57] ref_image_idx: 7
I20260714 15:07:24.848785   437 patch_match.cc:64] src_image_idxs: 8 6 5 9 2 4 1 3 0
I20260714 15:07:24.848791   437 patch_match_options.cc:46] --- PatchMatchOptions ---
I20260714 15:07:24.848798   437 patch_match_options.cc:47] max_image_size: -1
I20260714 15:07:24.848802   437 patch_match_options.cc:48] gpu_index: 0
I20260714 15:07:24.848807   437 patch_match_options.cc:49] depth_min: 700
I20260714 15:07:24.848819   437 patch_match_options.cc:50] depth_max: 1100
I20260714 15:07:24.848824   437 patch_match_options.cc:51] window_radius: 5
I20260714 15:07:24.848829   437 patch_match_options.cc:52] window_step: 1
I20260714 15:07:24.848834   437 patch_match_options.cc:53] sigma_spatial: 5
I20260714 15:07:24.848839   437 patch_match_options.cc:54] sigma_color: 0.2
I20260714 15:07:24.848845   437 patch_match_options.cc:55] num_samples: 10
I20260714 15:07:24.848851   437 patch_match_options.cc:56] ncc_sigma: 0.6
I20260714 15:07:24.848856   437 patch_match_options.cc:57] min_triangulation_angle: 1
I20260714 15:07:24.848862   437 patch_match_options.cc:58] incident_angle_sigma: 0.9
I20260714 15:07:24.848868   437 patch_match_options.cc:59] num_iterations: 3
I20260714 15:07:24.848874   437 patch_match_options.cc:60] geom_consistency: 1
I20260714 15:07:24.848881   437 patch_match_options.cc:61] geom_consistency_regularizer: 0.3
I20260714 15:07:24.848888   437 patch_match_options.cc:62] geom_consistency_max_cost: 3
I20260714 15:07:24.848894   437 patch_match_options.cc:63] filter: 1
I20260714 15:07:24.848901   437 patch_match_options.cc:64] filter_min_ncc: 0.1
I20260714 15:07:24.848907   437 patch_match_options.cc:65] filter_min_triangulation_angle: 3
I20260714 15:07:24.848914   437 patch_match_options.cc:66] filter_min_num_consistent: 2
I20260714 15:07:24.848920   437 patch_match_options.cc:67] filter_geom_consistency_max_cost: 1
I20260714 15:07:24.848927   437 patch_match_options.cc:68] write_consistency_graph: 0
I20260714 15:07:24.848934   437 patch_match_options.cc:69] allow_missing_files: 0
I20260714 15:07:24.848940   437 patch_match_options.cc:70] num_threads: -1
I20260714 15:07:24.848948   437 patch_match.cc:129] --- PatchMatch::Run ---
I20260714 15:07:25.212359   437 cudacc.cc:51] Initialization: 0.1273s
I20260714 15:07:26.565582   437 cudacc.cc:51]  Sweep 1: 1.3531s
I20260714 15:07:27.501421   437 cudacc.cc:51]  Sweep 2: 0.9358s
I20260714 15:07:28.797788   437 cudacc.cc:51]  Sweep 3: 1.2963s
I20260714 15:07:29.720542   437 cudacc.cc:51]  Sweep 4: 0.9227s
I20260714 15:07:29.720574   437 cudacc.cc:51] Iteration 1: 4.5081s
I20260714 15:07:30.990057   437 cudacc.cc:51]  Sweep 1: 1.2694s
I20260714 15:07:31.907297   437 cudacc.cc:51]  Sweep 2: 0.9172s
I20260714 15:07:33.168005   437 cudacc.cc:51]  Sweep 3: 1.2607s
I20260714 15:07:34.059341   437 cudacc.cc:51]  Sweep 4: 0.8913s
I20260714 15:07:34.059384   437 cudacc.cc:51] Iteration 2: 4.3388s
I20260714 15:07:35.251713   437 cudacc.cc:51]  Sweep 1: 1.1923s
I20260714 15:07:36.121502   437 cudacc.cc:51]  Sweep 2: 0.8697s
I20260714 15:07:37.301066   437 cudacc.cc:51]  Sweep 3: 1.1795s
I20260714 15:07:38.181315   437 cudacc.cc:51]  Sweep 4: 0.8802s
I20260714 15:07:38.181341   437 cudacc.cc:51] Iteration 3: 4.1219s
I20260714 15:07:38.181355   437 cudacc.cc:51] Total: 13.0962s
I20260714 15:07:38.181362   437 patch_match.cc:525]
Writing geometric output for 10250133.png
I20260714 15:07:38.963678   437 patch_match.cc:416] === Processing view 9 / 10 for 10250134.png ===
I20260714 15:07:38.963742   437 patch_match.cc:466] Reading inputs...
I20260714 15:07:39.057698   437 patch_match.cc:56] --- PatchMatch::Problem ---
I20260714 15:07:39.057714   437 patch_match.cc:57] ref_image_idx: 8
I20260714 15:07:39.057721   437 patch_match.cc:64] src_image_idxs: 7 9 5 6 4 2 3 1 0
I20260714 15:07:39.057726   437 patch_match_options.cc:46] --- PatchMatchOptions ---
I20260714 15:07:39.057731   437 patch_match_options.cc:47] max_image_size: -1
I20260714 15:07:39.057736   437 patch_match_options.cc:48] gpu_index: 0
I20260714 15:07:39.057741   437 patch_match_options.cc:49] depth_min: 700
I20260714 15:07:39.057751   437 patch_match_options.cc:50] depth_max: 1100
I20260714 15:07:39.057756   437 patch_match_options.cc:51] window_radius: 5
I20260714 15:07:39.057761   437 patch_match_options.cc:52] window_step: 1
I20260714 15:07:39.057766   437 patch_match_options.cc:53] sigma_spatial: 5
I20260714 15:07:39.057771   437 patch_match_options.cc:54] sigma_color: 0.2
I20260714 15:07:39.057777   437 patch_match_options.cc:55] num_samples: 10
I20260714 15:07:39.057781   437 patch_match_options.cc:56] ncc_sigma: 0.6
I20260714 15:07:39.057786   437 patch_match_options.cc:57] min_triangulation_angle: 1
I20260714 15:07:39.057791   437 patch_match_options.cc:58] incident_angle_sigma: 0.9
I20260714 15:07:39.057796   437 patch_match_options.cc:59] num_iterations: 3
I20260714 15:07:39.057801   437 patch_match_options.cc:60] geom_consistency: 1
I20260714 15:07:39.057806   437 patch_match_options.cc:61] geom_consistency_regularizer: 0.3
I20260714 15:07:39.057811   437 patch_match_options.cc:62] geom_consistency_max_cost: 3
I20260714 15:07:39.057816   437 patch_match_options.cc:63] filter: 1
I20260714 15:07:39.057821   437 patch_match_options.cc:64] filter_min_ncc: 0.1
I20260714 15:07:39.057825   437 patch_match_options.cc:65] filter_min_triangulation_angle: 3
I20260714 15:07:39.057830   437 patch_match_options.cc:66] filter_min_num_consistent: 2
I20260714 15:07:39.057834   437 patch_match_options.cc:67] filter_geom_consistency_max_cost: 1
I20260714 15:07:39.057839   437 patch_match_options.cc:68] write_consistency_graph: 0
I20260714 15:07:39.057844   437 patch_match_options.cc:69] allow_missing_files: 0
I20260714 15:07:39.057849   437 patch_match_options.cc:70] num_threads: -1
I20260714 15:07:39.057854   437 patch_match.cc:129] --- PatchMatch::Run ---
I20260714 15:07:39.417524   437 cudacc.cc:51] Initialization: 0.1292s
I20260714 15:07:40.858657   437 cudacc.cc:51]  Sweep 1: 1.4411s
I20260714 15:07:41.800400   437 cudacc.cc:51]  Sweep 2: 0.9417s
I20260714 15:07:43.177776   437 cudacc.cc:51]  Sweep 3: 1.3773s
I20260714 15:07:44.106314   437 cudacc.cc:51]  Sweep 4: 0.9285s
I20260714 15:07:44.106379   437 cudacc.cc:51] Iteration 1: 4.6888s
I20260714 15:07:45.494869   437 cudacc.cc:51]  Sweep 1: 1.3885s
I20260714 15:07:46.405514   437 cudacc.cc:51]  Sweep 2: 0.9106s
I20260714 15:07:47.703579   437 cudacc.cc:51]  Sweep 3: 1.2980s
I20260714 15:07:48.597029   437 cudacc.cc:51]  Sweep 4: 0.8934s
I20260714 15:07:48.597057   437 cudacc.cc:51] Iteration 2: 4.4906s
I20260714 15:07:49.904183   437 cudacc.cc:51]  Sweep 1: 1.3071s
I20260714 15:07:50.770448   437 cudacc.cc:51]  Sweep 2: 0.8662s
I20260714 15:07:51.975446   437 cudacc.cc:51]  Sweep 3: 1.2050s
I20260714 15:07:52.860880   437 cudacc.cc:51]  Sweep 4: 0.8854s
I20260714 15:07:52.860903   437 cudacc.cc:51] Iteration 3: 4.2638s
I20260714 15:07:52.860917   437 cudacc.cc:51] Total: 13.5725s
I20260714 15:07:52.860924   437 patch_match.cc:525]
Writing geometric output for 10250134.png
I20260714 15:07:53.662910   437 patch_match.cc:416] === Processing view 10 / 10 for 10250135.png ===
I20260714 15:07:53.662966   437 patch_match.cc:466] Reading inputs...
I20260714 15:07:53.758529   437 patch_match.cc:56] --- PatchMatch::Problem ---
I20260714 15:07:53.758569   437 patch_match.cc:57] ref_image_idx: 9
I20260714 15:07:53.758581   437 patch_match.cc:64] src_image_idxs: 8 7 5 6 4 3 2 1 0
I20260714 15:07:53.758589   437 patch_match_options.cc:46] --- PatchMatchOptions ---
I20260714 15:07:53.758594   437 patch_match_options.cc:47] max_image_size: -1
I20260714 15:07:53.758600   437 patch_match_options.cc:48] gpu_index: 0
I20260714 15:07:53.758606   437 patch_match_options.cc:49] depth_min: 700
I20260714 15:07:53.758620   437 patch_match_options.cc:50] depth_max: 1100
I20260714 15:07:53.758626   437 patch_match_options.cc:51] window_radius: 5
I20260714 15:07:53.758632   437 patch_match_options.cc:52] window_step: 1
I20260714 15:07:53.758638   437 patch_match_options.cc:53] sigma_spatial: 5
I20260714 15:07:53.758644   437 patch_match_options.cc:54] sigma_color: 0.2
I20260714 15:07:53.758651   437 patch_match_options.cc:55] num_samples: 10
I20260714 15:07:53.758657   437 patch_match_options.cc:56] ncc_sigma: 0.6
I20260714 15:07:53.758663   437 patch_match_options.cc:57] min_triangulation_angle: 1
I20260714 15:07:53.758669   437 patch_match_options.cc:58] incident_angle_sigma: 0.9
I20260714 15:07:53.758677   437 patch_match_options.cc:59] num_iterations: 3
I20260714 15:07:53.758682   437 patch_match_options.cc:60] geom_consistency: 1
I20260714 15:07:53.758688   437 patch_match_options.cc:61] geom_consistency_regularizer: 0.3
I20260714 15:07:53.758694   437 patch_match_options.cc:62] geom_consistency_max_cost: 3
I20260714 15:07:53.758700   437 patch_match_options.cc:63] filter: 1
I20260714 15:07:53.758711   437 patch_match_options.cc:64] filter_min_ncc: 0.1
I20260714 15:07:53.758718   437 patch_match_options.cc:65] filter_min_triangulation_angle: 3
I20260714 15:07:53.758724   437 patch_match_options.cc:66] filter_min_num_consistent: 2
I20260714 15:07:53.758729   437 patch_match_options.cc:67] filter_geom_consistency_max_cost: 1
I20260714 15:07:53.758736   437 patch_match_options.cc:68] write_consistency_graph: 0
I20260714 15:07:53.758741   437 patch_match_options.cc:69] allow_missing_files: 0
I20260714 15:07:53.758747   437 patch_match_options.cc:70] num_threads: -1
I20260714 15:07:53.758754   437 patch_match.cc:129] --- PatchMatch::Run ---
I20260714 15:07:54.160611   437 cudacc.cc:51] Initialization: 0.1741s
I20260714 15:07:55.537551   437 cudacc.cc:51]  Sweep 1: 1.3769s
I20260714 15:07:56.462862   437 cudacc.cc:51]  Sweep 2: 0.9253s
I20260714 15:07:57.868497   437 cudacc.cc:51]  Sweep 3: 1.4056s
I20260714 15:07:58.771392   437 cudacc.cc:51]  Sweep 4: 0.9029s
I20260714 15:07:58.771417   437 cudacc.cc:51] Iteration 1: 4.6107s
I20260714 15:08:00.105047   437 cudacc.cc:51]  Sweep 1: 1.3336s
I20260714 15:08:01.002182   437 cudacc.cc:51]  Sweep 2: 0.8971s
I20260714 15:08:02.394420   437 cudacc.cc:51]  Sweep 3: 1.3922s
I20260714 15:08:03.273200   437 cudacc.cc:51]  Sweep 4: 0.8787s
I20260714 15:08:03.273229   437 cudacc.cc:51] Iteration 2: 4.5018s
I20260714 15:08:04.571278   437 cudacc.cc:51]  Sweep 1: 1.2980s
I20260714 15:08:05.441854   437 cudacc.cc:51]  Sweep 2: 0.8705s
I20260714 15:08:06.817051   437 cudacc.cc:51]  Sweep 3: 1.3752s
I20260714 15:08:07.693236   437 cudacc.cc:51]  Sweep 4: 0.8761s
I20260714 15:08:07.693261   437 cudacc.cc:51] Iteration 3: 4.4200s
I20260714 15:08:07.693275   437 cudacc.cc:51] Total: 13.7067s
I20260714 15:08:07.693282   437 patch_match.cc:525]
Writing geometric output for 10250135.png
I20260714 15:08:08.498322   305 timer.cc:90] Elapsed time: 5.231 [minutes]
I20260714 15:08:09.222456   574 fusion.cc:79] --- StereoFusion::Options ---
I20260714 15:08:09.222854   574 fusion.cc:80] mask_path: ""
I20260714 15:08:09.222868   574 fusion.cc:81] max_image_size: -1
I20260714 15:08:09.222877   574 fusion.cc:82] min_num_pixels: 3
I20260714 15:08:09.222884   574 fusion.cc:83] max_num_pixels: 10000
I20260714 15:08:09.222891   574 fusion.cc:84] max_traversal_depth: 100
I20260714 15:08:09.222901   574 fusion.cc:85] max_reproj_error: 2
I20260714 15:08:09.222918   574 fusion.cc:86] max_depth_error: 0.02
I20260714 15:08:09.222927   574 fusion.cc:87] max_normal_error: 10
I20260714 15:08:09.222937   574 fusion.cc:88] check_num_images: 50
I20260714 15:08:09.222945   574 fusion.cc:89] use_cache: 0
I20260714 15:08:09.222952   574 fusion.cc:90] cache_size: 8
I20260714 15:08:09.222959   574 fusion.cc:93] bbox_min: -3.40282e+38 -3.40282e+38 -3.40282e+38
I20260714 15:08:09.222971   574 fusion.cc:94] bbox_max: 3.40282e+38 3.40282e+38 3.40282e+38
I20260714 15:08:09.222983   574 fusion.cc:144] Reading workspace...
E20260714 15:08:09.223043   574 file.cc:286] Check failed: (file).is_open() Could not open "/workspace/JointBuildGS/fair-pilot/runs/20260714_vaihingen_area3/workspace/stereo/fusion.cfg". Is the path a directory or does the parent dir not exist?
terminate called after throwing an instance of 'std::invalid_argument'
  what():  [file.cc:286] Check failed: (file).is_open() Could not open "/workspace/JointBuildGS/fair-pilot/runs/20260714_vaihingen_area3/workspace/stereo/fusion.cfg". Is the path a directory or does the parent dir not exist?
*** Aborted at 1784041689 (unix time) try "date -d @1784041689" if you are using GNU date ***
PC: @                0x0 (unknown)
*** SIGABRT (@0x3e80000023e) received by PID 574 (TID 0x7215ede07000) from PID 574; stack trace: ***
    @     0x721611345206 (unknown)
    @     0x721603821330 (unknown)
    @     0x72160387ab2c pthread_kill
    @     0x72160382127e gsignal
    @     0x7216038048ff abort
    @     0x721603a93ff5 (unknown)
    @     0x721603aa90da (unknown)
    @     0x721603a93a55 std::terminate()
    @     0x721603aa9391 __cxa_throw
    @     0x5ecb2e4e0559 _ZN6colmap17ReadTextFileLinesERKNSt10filesystem7__cxx114pathE.cold
    @     0x5ecb2f0e74e2 colmap::mvs::StereoFusion::Run()
    @     0x5ecb2e5ee6e5 colmap::RunStereoFuserImpl()
    @     0x5ecb2e5f3d19 colmap::RunStereoFuser()
    @     0x5ecb2e5a351b main
    @     0x7216038061ca (unknown)
    @     0x72160380628b __libc_start_main
    @     0x5ecb2e5ad7b5 _start
timeout: the monitored command dumped core
2026-07-14T15:08:09+00:00	stage=colmap_mvs container_finished returncode=134
2026-07-14T15:08:09+0000	stage=colmap_mvs status=partial vertices=None
2026-07-14T15:09:27+0000	stage=prepare status=started
2026-07-14T15:09:27+0000	command=ogr2ogr -f GeoJSON /workspace/JointBuildGS/fair-pilot/staging/area3_work_epsg25832/footprints_area3_source_epsg32632.geojson /workspace/JointBuildGS/fair-pilot/staging/area3_source_epsg32632/Reference_3d_reconstruction/Reference_Buildings/building_outline_area_3.shp
2026-07-14T15:09:27+0000	command=ogr2ogr -f GPKG -t_srs EPSG:25832 /workspace/JointBuildGS/fair-pilot/staging/area3_work_epsg25832/footprints_area3_epsg25832.gpkg /workspace/JointBuildGS/fair-pilot/staging/area3_source_epsg32632/Reference_3d_reconstruction/Reference_Buildings/building_outline_area_3.shp -nln footprints_area3
2026-07-14T15:09:27+0000	command=ogr2ogr -f GeoJSON -t_srs EPSG:25832 /workspace/JointBuildGS/fair-pilot/staging/area3_work_epsg25832/footprints_area3_epsg25832.geojson /workspace/JointBuildGS/fair-pilot/staging/area3_source_epsg32632/Reference_3d_reconstruction/Reference_Buildings/building_outline_area_3.shp
2026-07-14T15:09:27+0000	command=ogr2ogr -f GeoJSON -dim XYZ -nlt PROMOTE_TO_MULTI -a_srs EPSG:32632 /workspace/JointBuildGS/fair-pilot/staging/area3_work_epsg25832/roofs_area3_source_epsg32632.geojson /workspace/JointBuildGS/fair-pilot/staging/area3_source_epsg32632/Reference_3d_reconstruction/Reference_Roofs/gebaeude_area_3_3D_dachflaechen.dxf
Warning 1: Attempt to write Z geometries to layer entities that does not support them. Z component will be discarded
2026-07-14T15:09:27+0000	command=ogr2ogr -f GeoJSON -dim XYZ -nlt PROMOTE_TO_MULTI -s_srs EPSG:32632 -t_srs EPSG:25832 /workspace/JointBuildGS/fair-pilot/staging/area3_work_epsg25832/roofs_area3_epsg25832.geojson /workspace/JointBuildGS/fair-pilot/staging/area3_source_epsg32632/Reference_3d_reconstruction/Reference_Roofs/gebaeude_area_3_3D_dachflaechen.dxf
Warning 1: Attempt to write Z geometries to layer entities that does not support them. Z component will be discarded
2026-07-14T15:09:28+0000	command=gdalwarp -overwrite -s_srs EPSG:32632 -t_srs EPSG:25832 -te 497060.648 5419200.511 497210.512 5419425.295 -tr 0.09 0.09 -r bilinear -dstnodata -9999 -co TILED=YES -co COMPRESS=DEFLATE /workspace/JointBuildGS/fair-pilot/staging/area3_source_epsg32632/DSM/DSM_09cm_matching.tif /workspace/JointBuildGS/fair-pilot/staging/area3_work_epsg25832/dim_official_09cm_area3_epsg25832.tif
Creating output file that is 1665P x 2498L.
Processing DSM_09cm_matching.tif [1/1] : 0...10...20...30...40...50...60...70...80...90...100 - done.
2026-07-14T15:09:28+0000	command=gdalwarp -overwrite -s_srs EPSG:32632 -t_srs EPSG:25832 -te 497060.648 5419200.511 497210.512 5419425.295 -tr 0.25 0.25 -r bilinear -dstnodata -9999 -co TILED=YES -co COMPRESS=DEFLATE /workspace/JointBuildGS/fair-pilot/staging/area3_source_epsg32632/DSM/DSM_25cm_ALS.tif /workspace/JointBuildGS/fair-pilot/staging/area3_work_epsg25832/als_dsm_25cm_area3_epsg25832.tif
Creating output file that is 599P x 899L.
Processing DSM_25cm_ALS.tif [1/1] : 0...10...20...30...40...50...60...70...80...90...100 - done.
2026-07-14T15:09:29+0000	command=gdalwarp -overwrite -s_srs EPSG:32632 -t_srs EPSG:25832 -te 497060.648 5419200.511 497210.512 5419425.295 -tr 0.09 0.09 -r bilinear -dstnodata 0 -co TILED=YES -co COMPRESS=DEFLATE /workspace/JointBuildGS/fair-pilot/staging/area3_source_epsg32632/Ortho/TOP_Mosaic_09cm.tif /workspace/JointBuildGS/fair-pilot/staging/area3_work_epsg25832/ortho_09cm_area3_epsg25832.tif
Creating output file that is 1665P x 2498L.
Processing TOP_Mosaic_09cm.tif [1/1] : 0...10...20...30...40...50...60...70...80...90...100 - done.
Warning 1: Value 0 in the source dataset has been changed to 1 in the destination dataset to avoid being treated as NoData. To avoid this, select a different NoData value for the destination dataset.
2026-07-14T15:09:30+0000	command=pdal pipeline /workspace/JointBuildGS/fair-pilot/runs/20260714_vaihingen_area3/workspace/als_stage_pipeline.json
proj_uom_get_info_from_database: unit of measure not found
proj_uom_get_info_from_database: unit of measure not found
proj_uom_get_info_from_database: unit of measure not found
proj_uom_get_info_from_database: unit of measure not found
proj_uom_get_info_from_database: unit of measure not found
proj_uom_get_info_from_database: unit of measure not found
proj_uom_get_info_from_database: unit of measure not found
proj_uom_get_info_from_database: unit of measure not found
2026-07-14T15:09:32+0000	stage=prepare image=1/10 path=fair-pilot/runs/20260714_vaihingen_area3/workspace/images/10040082.png
2026-07-14T15:09:32+0000	stage=prepare image=2/10 path=fair-pilot/runs/20260714_vaihingen_area3/workspace/images/10040083.png
2026-07-14T15:09:32+0000	stage=prepare image=3/10 path=fair-pilot/runs/20260714_vaihingen_area3/workspace/images/10040084.png
2026-07-14T15:09:32+0000	stage=prepare image=4/10 path=fair-pilot/runs/20260714_vaihingen_area3/workspace/images/10050104.png
2026-07-14T15:09:32+0000	stage=prepare image=5/10 path=fair-pilot/runs/20260714_vaihingen_area3/workspace/images/10050105.png
2026-07-14T15:09:32+0000	stage=prepare image=6/10 path=fair-pilot/runs/20260714_vaihingen_area3/workspace/images/10050106.png
2026-07-14T15:09:33+0000	stage=prepare image=7/10 path=fair-pilot/runs/20260714_vaihingen_area3/workspace/images/10250132.png
2026-07-14T15:09:33+0000	stage=prepare image=8/10 path=fair-pilot/runs/20260714_vaihingen_area3/workspace/images/10250133.png
2026-07-14T15:09:33+0000	stage=prepare image=9/10 path=fair-pilot/runs/20260714_vaihingen_area3/workspace/images/10250134.png
2026-07-14T15:09:33+0000	stage=prepare image=10/10 path=fair-pilot/runs/20260714_vaihingen_area3/workspace/images/10250135.png
2026-07-14T15:09:33+0000	stage=prepare status=complete images=10 centroid_visible=9
2026-07-14T15:09:52+00:00	stage=colmap_mvs status=started gpu=host1_container0
2026-07-14T15:09:52+00:00	stage=colmap_mvs patch_match=reused geometric_maps=10
I20260714 15:09:52.908035   307 fusion.cc:79] --- StereoFusion::Options ---
I20260714 15:09:52.912772   307 fusion.cc:80] mask_path: ""
I20260714 15:09:52.912782   307 fusion.cc:81] max_image_size: -1
I20260714 15:09:52.912787   307 fusion.cc:82] min_num_pixels: 3
I20260714 15:09:52.912792   307 fusion.cc:83] max_num_pixels: 10000
I20260714 15:09:52.912796   307 fusion.cc:84] max_traversal_depth: 100
I20260714 15:09:52.912801   307 fusion.cc:85] max_reproj_error: 2
I20260714 15:09:52.912813   307 fusion.cc:86] max_depth_error: 0.02
I20260714 15:09:52.912819   307 fusion.cc:87] max_normal_error: 10
I20260714 15:09:52.912824   307 fusion.cc:88] check_num_images: 50
I20260714 15:09:52.912829   307 fusion.cc:89] use_cache: 0
I20260714 15:09:52.912833   307 fusion.cc:90] cache_size: 8
I20260714 15:09:52.912838   307 fusion.cc:93] bbox_min: -3.40282e+38 -3.40282e+38 -3.40282e+38
I20260714 15:09:52.912847   307 fusion.cc:94] bbox_max: 3.40282e+38 3.40282e+38 3.40282e+38
I20260714 15:09:52.912855   307 fusion.cc:144] Reading workspace...
I20260714 15:09:52.929311   307 workspace.cc:103] Loading workspace data with 128 threads...
I20260714 15:09:54.583849   307 timer.cc:90] Elapsed time: 0.028 [minutes]
I20260714 15:09:54.589560   307 fusion.cc:179] Reading configuration...
I20260714 15:09:54.642969   307 fusion.cc:247] Starting fusion with 128 threads
I20260714 15:09:54.656781   307 fusion.cc:283] Fusing image [1/10] with index 0
I20260714 15:09:56.849920   307 fusion.cc:310]  in 2.193s (0 points)
I20260714 15:09:56.849965   307 fusion.cc:283] Fusing image [2/10] with index 1
I20260714 15:09:58.904886   307 fusion.cc:310]  in 2.055s (0 points)
I20260714 15:09:58.904932   307 fusion.cc:283] Fusing image [3/10] with index 2
I20260714 15:10:00.918993   307 fusion.cc:310]  in 2.014s (0 points)
I20260714 15:10:00.919036   307 fusion.cc:283] Fusing image [4/10] with index 3
I20260714 15:10:02.932751   307 fusion.cc:310]  in 2.014s (0 points)
I20260714 15:10:02.932792   307 fusion.cc:283] Fusing image [5/10] with index 4
I20260714 15:10:04.991909   307 fusion.cc:310]  in 2.059s (0 points)
I20260714 15:10:04.991950   307 fusion.cc:283] Fusing image [6/10] with index 5
I20260714 15:10:07.040956   307 fusion.cc:310]  in 2.049s (0 points)
I20260714 15:10:07.040997   307 fusion.cc:283] Fusing image [7/10] with index 6
I20260714 15:10:09.096233   307 fusion.cc:310]  in 2.055s (0 points)
I20260714 15:10:09.096278   307 fusion.cc:283] Fusing image [8/10] with index 7
I20260714 15:10:11.122136   307 fusion.cc:310]  in 2.026s (0 points)
I20260714 15:10:11.122179   307 fusion.cc:283] Fusing image [9/10] with index 8
I20260714 15:10:13.135851   307 fusion.cc:310]  in 2.014s (0 points)
I20260714 15:10:13.135895   307 fusion.cc:283] Fusing image [10/10] with index 9
I20260714 15:10:15.139204   307 fusion.cc:310]  in 2.003s (0 points)
W20260714 15:10:15.139245   307 fusion.cc:331] Could not fuse any points. This is likely caused by incorrect settings - filtering must be enabled for the last call to patch match stereo.
I20260714 15:10:15.139422   307 fusion.cc:337] Number of fused points: 0
I20260714 15:10:15.139431   307 timer.cc:90] Elapsed time: 0.371 [minutes]
I20260714 15:10:15.152021   307 mvs.cc:341] Writing output: "/workspace/JointBuildGS/fair-pilot/runs/20260714_vaihingen_area3/mvs/fused_source_epsg32632.ply"
2026-07-14T15:10:15+00:00	stage=colmap_mvs container_finished returncode=0
2026-07-14T15:10:15+0000	stage=colmap_mvs status=complete vertices=0
2026-07-14T15:11:21+00:00	stage=colmap_mvs status=started gpu=host1_container0
2026-07-14T15:11:21+00:00	stage=colmap_mvs patch_match=reused geometric_maps=10
I20260714 15:11:22.142012   307 fusion.cc:79] --- StereoFusion::Options ---
I20260714 15:11:22.162482   307 fusion.cc:80] mask_path: ""
I20260714 15:11:22.162492   307 fusion.cc:81] max_image_size: -1
I20260714 15:11:22.162495   307 fusion.cc:82] min_num_pixels: 3
I20260714 15:11:22.162500   307 fusion.cc:83] max_num_pixels: 10000
I20260714 15:11:22.162504   307 fusion.cc:84] max_traversal_depth: 100
I20260714 15:11:22.162509   307 fusion.cc:85] max_reproj_error: 2
I20260714 15:11:22.162520   307 fusion.cc:86] max_depth_error: 0.02
I20260714 15:11:22.162526   307 fusion.cc:87] max_normal_error: 10
I20260714 15:11:22.162531   307 fusion.cc:88] check_num_images: 50
I20260714 15:11:22.162535   307 fusion.cc:89] use_cache: 0
I20260714 15:11:22.162540   307 fusion.cc:90] cache_size: 8
I20260714 15:11:22.162545   307 fusion.cc:93] bbox_min: -3.40282e+38 -3.40282e+38 -3.40282e+38
I20260714 15:11:22.162554   307 fusion.cc:94] bbox_max: 3.40282e+38 3.40282e+38 3.40282e+38
I20260714 15:11:22.162561   307 fusion.cc:144] Reading workspace...
I20260714 15:11:22.177464   307 workspace.cc:103] Loading workspace data with 128 threads...
I20260714 15:11:22.902237   307 timer.cc:90] Elapsed time: 0.012 [minutes]
I20260714 15:11:22.908100   307 fusion.cc:179] Reading configuration...
I20260714 15:11:22.959131   307 fusion.cc:247] Starting fusion with 128 threads
I20260714 15:11:22.973016   307 fusion.cc:283] Fusing image [1/10] with index 0
I20260714 15:11:25.222258   307 fusion.cc:310]  in 2.249s (0 points)
I20260714 15:11:25.222313   307 fusion.cc:283] Fusing image [2/10] with index 1
I20260714 15:11:27.330751   307 fusion.cc:310]  in 2.108s (0 points)
I20260714 15:11:27.330792   307 fusion.cc:283] Fusing image [3/10] with index 2
I20260714 15:11:29.419797   307 fusion.cc:310]  in 2.089s (0 points)
I20260714 15:11:29.419839   307 fusion.cc:283] Fusing image [4/10] with index 3
I20260714 15:11:31.496847   307 fusion.cc:310]  in 2.077s (0 points)
I20260714 15:11:31.496886   307 fusion.cc:283] Fusing image [5/10] with index 4
I20260714 15:11:33.628561   307 fusion.cc:310]  in 2.132s (0 points)
I20260714 15:11:33.628602   307 fusion.cc:283] Fusing image [6/10] with index 5
I20260714 15:11:35.776854   307 fusion.cc:310]  in 2.148s (0 points)
I20260714 15:11:35.776896   307 fusion.cc:283] Fusing image [7/10] with index 6
I20260714 15:11:37.832623   307 fusion.cc:310]  in 2.056s (0 points)
I20260714 15:11:37.832664   307 fusion.cc:283] Fusing image [8/10] with index 7
I20260714 15:11:39.935025   307 fusion.cc:310]  in 2.102s (0 points)
I20260714 15:11:39.935067   307 fusion.cc:283] Fusing image [9/10] with index 8
I20260714 15:11:41.994812   307 fusion.cc:310]  in 2.060s (0 points)
I20260714 15:11:41.994858   307 fusion.cc:283] Fusing image [10/10] with index 9
I20260714 15:11:44.039312   307 fusion.cc:310]  in 2.044s (0 points)
W20260714 15:11:44.039352   307 fusion.cc:331] Could not fuse any points. This is likely caused by incorrect settings - filtering must be enabled for the last call to patch match stereo.
I20260714 15:11:44.039515   307 fusion.cc:337] Number of fused points: 0
I20260714 15:11:44.039521   307 timer.cc:90] Elapsed time: 0.365 [minutes]
I20260714 15:11:44.069404   307 mvs.cc:341] Writing output: "/workspace/JointBuildGS/fair-pilot/runs/20260714_vaihingen_area3/mvs/fused_source_epsg32632.ply"
2026-07-14T15:11:44+00:00	stage=colmap_mvs geometric_fusion=zero_points recovery=photometric_fusion
I20260714 15:11:44.535362   703 fusion.cc:79] --- StereoFusion::Options ---
I20260714 15:11:44.535825   703 fusion.cc:80] mask_path: ""
I20260714 15:11:44.535836   703 fusion.cc:81] max_image_size: -1
I20260714 15:11:44.535841   703 fusion.cc:82] min_num_pixels: 3
I20260714 15:11:44.535846   703 fusion.cc:83] max_num_pixels: 10000
I20260714 15:11:44.535851   703 fusion.cc:84] max_traversal_depth: 100
I20260714 15:11:44.535856   703 fusion.cc:85] max_reproj_error: 2
I20260714 15:11:44.535869   703 fusion.cc:86] max_depth_error: 0.02
I20260714 15:11:44.535874   703 fusion.cc:87] max_normal_error: 10
I20260714 15:11:44.535880   703 fusion.cc:88] check_num_images: 50
I20260714 15:11:44.535888   703 fusion.cc:89] use_cache: 0
I20260714 15:11:44.535902   703 fusion.cc:90] cache_size: 8
I20260714 15:11:44.535909   703 fusion.cc:93] bbox_min: -3.40282e+38 -3.40282e+38 -3.40282e+38
I20260714 15:11:44.535926   703 fusion.cc:94] bbox_max: 3.40282e+38 3.40282e+38 3.40282e+38
I20260714 15:11:44.535940   703 fusion.cc:144] Reading workspace...
I20260714 15:11:44.552932   703 workspace.cc:103] Loading workspace data with 128 threads...
I20260714 15:11:45.286603   703 timer.cc:90] Elapsed time: 0.012 [minutes]
I20260714 15:11:45.292565   703 fusion.cc:179] Reading configuration...
I20260714 15:11:45.347760   703 fusion.cc:247] Starting fusion with 128 threads
I20260714 15:11:45.361568   703 fusion.cc:283] Fusing image [1/10] with index 0
I20260714 15:11:47.998718   703 fusion.cc:310]  in 2.637s (0 points)
I20260714 15:11:47.998764   703 fusion.cc:283] Fusing image [2/10] with index 1
I20260714 15:11:50.363173   703 fusion.cc:310]  in 2.364s (0 points)
I20260714 15:11:50.363219   703 fusion.cc:283] Fusing image [3/10] with index 2
I20260714 15:11:52.673470   703 fusion.cc:310]  in 2.310s (0 points)
I20260714 15:11:52.673512   703 fusion.cc:283] Fusing image [4/10] with index 3
I20260714 15:11:55.046818   703 fusion.cc:310]  in 2.373s (0 points)
I20260714 15:11:55.046865   703 fusion.cc:283] Fusing image [5/10] with index 4
I20260714 15:11:57.331266   703 fusion.cc:310]  in 2.284s (0 points)
I20260714 15:11:57.331307   703 fusion.cc:283] Fusing image [6/10] with index 5
I20260714 15:11:59.699805   703 fusion.cc:310]  in 2.369s (0 points)
I20260714 15:11:59.699847   703 fusion.cc:283] Fusing image [7/10] with index 6
I20260714 15:12:02.041443   703 fusion.cc:310]  in 2.342s (0 points)
I20260714 15:12:02.041486   703 fusion.cc:283] Fusing image [8/10] with index 7
I20260714 15:12:04.404219   703 fusion.cc:310]  in 2.363s (0 points)
I20260714 15:12:04.404260   703 fusion.cc:283] Fusing image [9/10] with index 8
I20260714 15:12:06.759158   703 fusion.cc:310]  in 2.355s (0 points)
I20260714 15:12:06.759202   703 fusion.cc:283] Fusing image [10/10] with index 9
I20260714 15:12:09.104754   703 fusion.cc:310]  in 2.346s (0 points)
W20260714 15:12:09.104799   703 fusion.cc:331] Could not fuse any points. This is likely caused by incorrect settings - filtering must be enabled for the last call to patch match stereo.
I20260714 15:12:09.104997   703 fusion.cc:337] Number of fused points: 0
I20260714 15:12:09.105005   703 timer.cc:90] Elapsed time: 0.409 [minutes]
I20260714 15:12:09.119837   703 mvs.cc:341] Writing output: "/workspace/JointBuildGS/fair-pilot/runs/20260714_vaihingen_area3/mvs/fused_photometric_source_epsg32632.ply"
2026-07-14T15:12:09+00:00	stage=colmap_mvs container_finished returncode=0
2026-07-14T15:12:10+0000	stage=colmap_mvs status=partial vertices=0
2026-07-14T15:12:25+0000	stage=stats_candidates status=started
2026-07-14T15:12:25+0000	command=gdalinfo -json /workspace/JointBuildGS/fair-pilot/staging/area3_work_epsg25832/dim_official_09cm_area3_epsg25832.tif
{
  "description":"/workspace/JointBuildGS/fair-pilot/staging/area3_work_epsg25832/dim_official_09cm_area3_epsg25832.tif",
  "driverShortName":"GTiff",
  "driverLongName":"GeoTIFF",
  "files":[
    "/workspace/JointBuildGS/fair-pilot/staging/area3_work_epsg25832/dim_official_09cm_area3_epsg25832.tif"
  ],
  "size":[
    1665,
    2498
  ],
  "coordinateSystem":{
    "wkt":"PROJCRS[\"ETRS89 / UTM zone 32N\",\n    BASEGEOGCRS[\"ETRS89\",\n        ENSEMBLE[\"European Terrestrial Reference System 1989 ensemble\",\n            MEMBER[\"European Terrestrial Reference Frame 1989\"],\n            MEMBER[\"European Terrestrial Reference Frame 1990\"],\n            MEMBER[\"European Terrestrial Reference Frame 1991\"],\n            MEMBER[\"European Terrestrial Reference Frame 1992\"],\n            MEMBER[\"European Terrestrial Reference Frame 1993\"],\n            MEMBER[\"European Terrestrial Reference Frame 1994\"],\n            MEMBER[\"European Terrestrial Reference Frame 1996\"],\n            MEMBER[\"European Terrestrial Reference Frame 1997\"],\n            MEMBER[\"European Terrestrial Reference Frame 2000\"],\n            MEMBER[\"European Terrestrial Reference Frame 2005\"],\n            MEMBER[\"European Terrestrial Reference Frame 2014\"],\n            MEMBER[\"European Terrestrial Reference Frame 2020\"],\n            ELLIPSOID[\"GRS 1980\",6378137,298.257222101,\n                LENGTHUNIT[\"metre\",1]],\n            ENSEMBLEACCURACY[0.1]],\n        PRIMEM[\"Greenwich\",0,\n            ANGLEUNIT[\"degree\",0.0174532925199433]],\n        ID[\"EPSG\",4258]],\n    CONVERSION[\"UTM zone 32N\",\n        METHOD[\"Transverse Mercator\",\n            ID[\"EPSG\",9807]],\n        PARAMETER[\"Latitude of natural origin\",0,\n            ANGLEUNIT[\"degree\",0.0174532925199433],\n            ID[\"EPSG\",8801]],\n        PARAMETER[\"Longitude of natural origin\",9,\n            ANGLEUNIT[\"degree\",0.0174532925199433],\n            ID[\"EPSG\",8802]],\n        PARAMETER[\"Scale factor at natural origin\",0.9996,\n            SCALEUNIT[\"unity\",1],\n            ID[\"EPSG\",8805]],\n        PARAMETER[\"False easting\",500000,\n            LENGTHUNIT[\"metre\",1],\n            ID[\"EPSG\",8806]],\n        PARAMETER[\"False northing\",0,\n            LENGTHUNIT[\"metre\",1],\n            ID[\"EPSG\",8807]]],\n    CS[Cartesian,2],\n        AXIS[\"(E)\",east,\n            ORDER[1],\n            LENGTHUNIT[\"metre\",1]],\n        AXIS[\"(N)\",north,\n            ORDER[2],\n            LENGTHUNIT[\"metre\",1]],\n    USAGE[\n        SCOPE[\"Engineering survey, topographic mapping.\"],\n        AREA[\"Europe between 6°E and 12°E: Austria; Denmark - onshore and offshore; Germany - onshore and offshore; Italy - onshore and offshore; Norway including Svalbard - onshore and offshore; Spain - offshore.\"],\n        BBOX[36.53,6,84.01,12.01]],\n    USAGE[\n        SCOPE[\"Pan-European conformal mapping at scales larger than 1:500,000.\"],\n        AREA[\"Europe between 6°E and 12°E and approximately 36°30'N to 84°N.\"],\n        BBOX[36.53,6,84.01,12.01]],\n    ID[\"EPSG\",25832]]",
    "dataAxisToSRSAxisMapping":[
      1,
      2
    ]
  },
  "geoTransform":[
    497060.6479999999864958,
    0.09,
    0.0,
    5419425.2949999999254942,
    0.0,
    -0.09
  ],
  "metadata":{
    "":{
      "AREA_OR_POINT":"Area"
    },
    "IMAGE_STRUCTURE":{
      "COMPRESSION":"DEFLATE",
      "INTERLEAVE":"BAND"
    }
  },
  "cornerCoordinates":{
    "upperLeft":[
      497060.648,
      5419425.295
    ],
    "lowerLeft":[
      497060.648,
      5419200.475
    ],
    "lowerRight":[
      497210.498,
      5419200.475
    ],
    "upperRight":[
      497210.498,
      5419425.295
    ],
    "center":[
      497135.573,
      5419312.885
    ]
  },
  "wgs84Extent":{
    "type":"Polygon",
    "coordinates":[
      [
        [
          8.9598714,
          48.9277534
        ],
        [
          8.959873,
          48.925731
        ],
        [
          8.9619187,
          48.9257317
        ],
        [
          8.9619172,
          48.9277541
        ],
        [
          8.9598714,
          48.9277534
        ]
      ]
    ]
  },
  "bands":[
    {
      "band":1,
      "block":[
        256,
        256
      ],
      "type":"Float32",
      "colorInterpretation":"Gray",
      "noDataValue":-9999.0,
      "metadata":{}
    }
  ],
  "stac":{
    "proj:shape":[
      2498,
      1665
    ],
    "proj:wkt2":"PROJCRS[\"ETRS89 / UTM zone 32N\",\n    BASEGEOGCRS[\"ETRS89\",\n        ENSEMBLE[\"European Terrestrial Reference System 1989 ensemble\",\n            MEMBER[\"European Terrestrial Reference Frame 1989\"],\n            MEMBER[\"European Terrestrial Reference Frame 1990\"],\n            MEMBER[\"European Terrestrial Reference Frame 1991\"],\n            MEMBER[\"European Terrestrial Reference Frame 1992\"],\n            MEMBER[\"European Terrestrial Reference Frame 1993\"],\n            MEMBER[\"European Terrestrial Reference Frame 1994\"],\n            MEMBER[\"European Terrestrial Reference Frame 1996\"],\n            MEMBER[\"European Terrestrial Reference Frame 1997\"],\n            MEMBER[\"European Terrestrial Reference Frame 2000\"],\n            MEMBER[\"European Terrestrial Reference Frame 2005\"],\n            MEMBER[\"European Terrestrial Reference Frame 2014\"],\n            MEMBER[\"European Terrestrial Reference Frame 2020\"],\n            ELLIPSOID[\"GRS 1980\",6378137,298.257222101,\n                LENGTHUNIT[\"metre\",1]],\n            ENSEMBLEACCURACY[0.1]],\n        PRIMEM[\"Greenwich\",0,\n            ANGLEUNIT[\"degree\",0.0174532925199433]],\n        ID[\"EPSG\",4258]],\n    CONVERSION[\"UTM zone 32N\",\n        METHOD[\"Transverse Mercator\",\n            ID[\"EPSG\",9807]],\n        PARAMETER[\"Latitude of natural origin\",0,\n            ANGLEUNIT[\"degree\",0.0174532925199433],\n            ID[\"EPSG\",8801]],\n        PARAMETER[\"Longitude of natural origin\",9,\n            ANGLEUNIT[\"degree\",0.0174532925199433],\n            ID[\"EPSG\",8802]],\n        PARAMETER[\"Scale factor at natural origin\",0.9996,\n            SCALEUNIT[\"unity\",1],\n            ID[\"EPSG\",8805]],\n        PARAMETER[\"False easting\",500000,\n            LENGTHUNIT[\"metre\",1],\n            ID[\"EPSG\",8806]],\n        PARAMETER[\"False northing\",0,\n            LENGTHUNIT[\"metre\",1],\n            ID[\"EPSG\",8807]]],\n    CS[Cartesian,2],\n        AXIS[\"(E)\",east,\n            ORDER[1],\n            LENGTHUNIT[\"metre\",1]],\n        AXIS[\"(N)\",north,\n            ORDER[2],\n            LENGTHUNIT[\"metre\",1]],\n    USAGE[\n        SCOPE[\"Engineering survey, topographic mapping.\"],\n        AREA[\"Europe between 6°E and 12°E: Austria; Denmark - onshore and offshore; Germany - onshore and offshore; Italy - onshore and offshore; Norway including Svalbard - onshore and offshore; Spain - offshore.\"],\n        BBOX[36.53,6,84.01,12.01]],\n    USAGE[\n        SCOPE[\"Pan-European conformal mapping at scales larger than 1:500,000.\"],\n        AREA[\"Europe between 6°E and 12°E and approximately 36°30'N to 84°N.\"],\n        BBOX[36.53,6,84.01,12.01]],\n    ID[\"EPSG\",25832]]",
    "proj:epsg":25832,
    "proj:projjson":{
      "$schema":"https://proj.org/schemas/v0.7/projjson.schema.json",
      "type":"ProjectedCRS",
      "name":"ETRS89 / UTM zone 32N",
      "base_crs":{
        "type":"GeographicCRS",
        "name":"ETRS89",
        "datum_ensemble":{
          "name":"European Terrestrial Reference System 1989 ensemble",
          "members":[
            {
              "name":"European Terrestrial Reference Frame 1989",
              "id":{
                "authority":"EPSG",
                "code":1178
              }
            },
            {
              "name":"European Terrestrial Reference Frame 1990",
              "id":{
                "authority":"EPSG",
                "code":1179
              }
            },
            {
              "name":"European Terrestrial Reference Frame 1991",
              "id":{
                "authority":"EPSG",
                "code":1180
              }
            },
            {
              "name":"European Terrestrial Reference Frame 1992",
              "id":{
                "authority":"EPSG",
                "code":1181
              }
            },
            {
              "name":"European Terrestrial Reference Frame 1993",
              "id":{
                "authority":"EPSG",
                "code":1182
              }
            },
            {
              "name":"European Terrestrial Reference Frame 1994",
              "id":{
                "authority":"EPSG",
                "code":1183
              }
            },
            {
              "name":"European Terrestrial Reference Frame 1996",
              "id":{
                "authority":"EPSG",
                "code":1184
              }
            },
            {
              "name":"European Terrestrial Reference Frame 1997",
              "id":{
                "authority":"EPSG",
                "code":1185
              }
            },
            {
              "name":"European Terrestrial Reference Frame 2000",
              "id":{
                "authority":"EPSG",
                "code":1186
              }
            },
            {
              "name":"European Terrestrial Reference Frame 2005",
              "id":{
                "authority":"EPSG",
                "code":1204
              }
            },
            {
              "name":"European Terrestrial Reference Frame 2014",
              "id":{
                "authority":"EPSG",
                "code":1206
              }
            },
            {
              "name":"European Terrestrial Reference Frame 2020",
              "id":{
                "authority":"EPSG",
                "code":1382
              }
            }
          ],
          "ellipsoid":{
            "name":"GRS 1980",
            "semi_major_axis":6378137,
            "inverse_flattening":298.257222101
          },
          "accuracy":"0.1",
          "id":{
            "authority":"EPSG",
            "code":6258
          }
        },
        "coordinate_system":{
          "subtype":"ellipsoidal",
          "axis":[
            {
              "name":"Geodetic latitude",
              "abbreviation":"Lat",
              "direction":"north",
              "unit":"degree"
            },
            {
              "name":"Geodetic longitude",
              "abbreviation":"Lon",
              "direction":"east",
              "unit":"degree"
            }
          ]
        },
        "id":{
          "authority":"EPSG",
          "code":4258
        },
        "remarks":"Has been realized through ETRF89, ETRF90, ETRF91, ETRF92, ETRF93, ETRF94, ETRF96, ETRF97, ETRF2000, ETRF2005 and ETRF2014. This 'ensemble' covers any or all of these realizations without distinction."
      },
      "conversion":{
        "name":"UTM zone 32N",
        "method":{
          "name":"Transverse Mercator",
          "id":{
            "authority":"EPSG",
            "code":9807
          }
        },
        "parameters":[
          {
            "name":"Latitude of natural origin",
            "value":0,
            "unit":"degree",
            "id":{
              "authority":"EPSG",
              "code":8801
            }
          },
          {
            "name":"Longitude of natural origin",
            "value":9,
            "unit":"degree",
            "id":{
              "authority":"EPSG",
              "code":8802
            }
          },
          {
            "name":"Scale factor at natural origin",
            "value":0.9996,
            "unit":"unity",
            "id":{
              "authority":"EPSG",
              "code":8805
            }
          },
          {
            "name":"False easting",
            "value":500000,
            "unit":"metre",
            "id":{
              "authority":"EPSG",
              "code":8806
            }
          },
          {
            "name":"False northing",
            "value":0,
            "unit":"metre",
            "id":{
              "authority":"EPSG",
              "code":8807
            }
          }
        ]
      },
      "coordinate_system":{
        "subtype":"Cartesian",
        "axis":[
          {
            "name":"Easting",
            "abbreviation":"E",
            "direction":"east",
            "unit":"metre"
          },
          {
            "name":"Northing",
            "abbreviation":"N",
            "direction":"north",
            "unit":"metre"
          }
        ]
      },
      "usages":[
        {
          "scope":"Engineering survey, topographic mapping.",
          "area":"Europe between 6°E and 12°E: Austria; Denmark - onshore and offshore; Germany - onshore and offshore; Italy - onshore and offshore; Norway including Svalbard - onshore and offshore; Spain - offshore.",
          "bbox":{
            "south_latitude":36.53,
            "west_longitude":6,
            "north_latitude":84.01,
            "east_longitude":12.01
          }
        },
        {
          "scope":"Pan-European conformal mapping at scales larger than 1:500,000.",
          "area":"Europe between 6°E and 12°E and approximately 36°30'N to 84°N.",
          "bbox":{
            "south_latitude":36.53,
            "west_longitude":6,
            "north_latitude":84.01,
            "east_longitude":12.01
          }
        }
      ],
      "id":{
        "authority":"EPSG",
        "code":25832
      }
    },
    "proj:transform":[
      0.09,
      0.0,
      497060.6479999999864958,
      0.0,
      -0.09,
      5419425.2949999999254942
    ],
    "raster:bands":[
      {
        "data_type":"float32",
        "nodata":-9999.0
      }
    ],
    "eo:bands":[
      {
        "name":"b1",
        "description":"Gray"
      }
    ]
  }
}
2026-07-14T15:12:25+0000	command=gdalinfo -json /workspace/JointBuildGS/fair-pilot/staging/area3_work_epsg25832/ortho_09cm_area3_epsg25832.tif
{
  "description":"/workspace/JointBuildGS/fair-pilot/staging/area3_work_epsg25832/ortho_09cm_area3_epsg25832.tif",
  "driverShortName":"GTiff",
  "driverLongName":"GeoTIFF",
  "files":[
    "/workspace/JointBuildGS/fair-pilot/staging/area3_work_epsg25832/ortho_09cm_area3_epsg25832.tif"
  ],
  "size":[
    1665,
    2498
  ],
  "coordinateSystem":{
    "wkt":"PROJCRS[\"ETRS89 / UTM zone 32N\",\n    BASEGEOGCRS[\"ETRS89\",\n        ENSEMBLE[\"European Terrestrial Reference System 1989 ensemble\",\n            MEMBER[\"European Terrestrial Reference Frame 1989\"],\n            MEMBER[\"European Terrestrial Reference Frame 1990\"],\n            MEMBER[\"European Terrestrial Reference Frame 1991\"],\n            MEMBER[\"European Terrestrial Reference Frame 1992\"],\n            MEMBER[\"European Terrestrial Reference Frame 1993\"],\n            MEMBER[\"European Terrestrial Reference Frame 1994\"],\n            MEMBER[\"European Terrestrial Reference Frame 1996\"],\n            MEMBER[\"European Terrestrial Reference Frame 1997\"],\n            MEMBER[\"European Terrestrial Reference Frame 2000\"],\n            MEMBER[\"European Terrestrial Reference Frame 2005\"],\n            MEMBER[\"European Terrestrial Reference Frame 2014\"],\n            MEMBER[\"European Terrestrial Reference Frame 2020\"],\n            ELLIPSOID[\"GRS 1980\",6378137,298.257222101,\n                LENGTHUNIT[\"metre\",1]],\n            ENSEMBLEACCURACY[0.1]],\n        PRIMEM[\"Greenwich\",0,\n            ANGLEUNIT[\"degree\",0.0174532925199433]],\n        ID[\"EPSG\",4258]],\n    CONVERSION[\"UTM zone 32N\",\n        METHOD[\"Transverse Mercator\",\n            ID[\"EPSG\",9807]],\n        PARAMETER[\"Latitude of natural origin\",0,\n            ANGLEUNIT[\"degree\",0.0174532925199433],\n            ID[\"EPSG\",8801]],\n        PARAMETER[\"Longitude of natural origin\",9,\n            ANGLEUNIT[\"degree\",0.0174532925199433],\n            ID[\"EPSG\",8802]],\n        PARAMETER[\"Scale factor at natural origin\",0.9996,\n            SCALEUNIT[\"unity\",1],\n            ID[\"EPSG\",8805]],\n        PARAMETER[\"False easting\",500000,\n            LENGTHUNIT[\"metre\",1],\n            ID[\"EPSG\",8806]],\n        PARAMETER[\"False northing\",0,\n            LENGTHUNIT[\"metre\",1],\n            ID[\"EPSG\",8807]]],\n    CS[Cartesian,2],\n        AXIS[\"(E)\",east,\n            ORDER[1],\n            LENGTHUNIT[\"metre\",1]],\n        AXIS[\"(N)\",north,\n            ORDER[2],\n            LENGTHUNIT[\"metre\",1]],\n    USAGE[\n        SCOPE[\"Engineering survey, topographic mapping.\"],\n        AREA[\"Europe between 6°E and 12°E: Austria; Denmark - onshore and offshore; Germany - onshore and offshore; Italy - onshore and offshore; Norway including Svalbard - onshore and offshore; Spain - offshore.\"],\n        BBOX[36.53,6,84.01,12.01]],\n    USAGE[\n        SCOPE[\"Pan-European conformal mapping at scales larger than 1:500,000.\"],\n        AREA[\"Europe between 6°E and 12°E and approximately 36°30'N to 84°N.\"],\n        BBOX[36.53,6,84.01,12.01]],\n    ID[\"EPSG\",25832]]",
    "dataAxisToSRSAxisMapping":[
      1,
      2
    ]
  },
  "geoTransform":[
    497060.6479999999864958,
    0.09,
    0.0,
    5419425.2949999999254942,
    0.0,
    -0.09
  ],
  "metadata":{
    "":{
      "AREA_OR_POINT":"Area"
    },
    "IMAGE_STRUCTURE":{
      "COMPRESSION":"DEFLATE",
      "INTERLEAVE":"PIXEL"
    }
  },
  "cornerCoordinates":{
    "upperLeft":[
      497060.648,
      5419425.295
    ],
    "lowerLeft":[
      497060.648,
      5419200.475
    ],
    "lowerRight":[
      497210.498,
      5419200.475
    ],
    "upperRight":[
      497210.498,
      5419425.295
    ],
    "center":[
      497135.573,
      5419312.885
    ]
  },
  "wgs84Extent":{
    "type":"Polygon",
    "coordinates":[
      [
        [
          8.9598714,
          48.9277534
        ],
        [
          8.959873,
          48.925731
        ],
        [
          8.9619187,
          48.9257317
        ],
        [
          8.9619172,
          48.9277541
        ],
        [
          8.9598714,
          48.9277534
        ]
      ]
    ]
  },
  "bands":[
    {
      "band":1,
      "block":[
        256,
        256
      ],
      "type":"Byte",
      "colorInterpretation":"Red",
      "noDataValue":0,
      "metadata":{}
    },
    {
      "band":2,
      "block":[
        256,
        256
      ],
      "type":"Byte",
      "colorInterpretation":"Green",
      "noDataValue":0,
      "metadata":{}
    },
    {
      "band":3,
      "block":[
        256,
        256
      ],
      "type":"Byte",
      "colorInterpretation":"Blue",
      "noDataValue":0,
      "metadata":{}
    }
  ],
  "stac":{
    "proj:shape":[
      2498,
      1665
    ],
    "proj:wkt2":"PROJCRS[\"ETRS89 / UTM zone 32N\",\n    BASEGEOGCRS[\"ETRS89\",\n        ENSEMBLE[\"European Terrestrial Reference System 1989 ensemble\",\n            MEMBER[\"European Terrestrial Reference Frame 1989\"],\n            MEMBER[\"European Terrestrial Reference Frame 1990\"],\n            MEMBER[\"European Terrestrial Reference Frame 1991\"],\n            MEMBER[\"European Terrestrial Reference Frame 1992\"],\n            MEMBER[\"European Terrestrial Reference Frame 1993\"],\n            MEMBER[\"European Terrestrial Reference Frame 1994\"],\n            MEMBER[\"European Terrestrial Reference Frame 1996\"],\n            MEMBER[\"European Terrestrial Reference Frame 1997\"],\n            MEMBER[\"European Terrestrial Reference Frame 2000\"],\n            MEMBER[\"European Terrestrial Reference Frame 2005\"],\n            MEMBER[\"European Terrestrial Reference Frame 2014\"],\n            MEMBER[\"European Terrestrial Reference Frame 2020\"],\n            ELLIPSOID[\"GRS 1980\",6378137,298.257222101,\n                LENGTHUNIT[\"metre\",1]],\n            ENSEMBLEACCURACY[0.1]],\n        PRIMEM[\"Greenwich\",0,\n            ANGLEUNIT[\"degree\",0.0174532925199433]],\n        ID[\"EPSG\",4258]],\n    CONVERSION[\"UTM zone 32N\",\n        METHOD[\"Transverse Mercator\",\n            ID[\"EPSG\",9807]],\n        PARAMETER[\"Latitude of natural origin\",0,\n            ANGLEUNIT[\"degree\",0.0174532925199433],\n            ID[\"EPSG\",8801]],\n        PARAMETER[\"Longitude of natural origin\",9,\n            ANGLEUNIT[\"degree\",0.0174532925199433],\n            ID[\"EPSG\",8802]],\n        PARAMETER[\"Scale factor at natural origin\",0.9996,\n            SCALEUNIT[\"unity\",1],\n            ID[\"EPSG\",8805]],\n        PARAMETER[\"False easting\",500000,\n            LENGTHUNIT[\"metre\",1],\n            ID[\"EPSG\",8806]],\n        PARAMETER[\"False northing\",0,\n            LENGTHUNIT[\"metre\",1],\n            ID[\"EPSG\",8807]]],\n    CS[Cartesian,2],\n        AXIS[\"(E)\",east,\n            ORDER[1],\n            LENGTHUNIT[\"metre\",1]],\n        AXIS[\"(N)\",north,\n            ORDER[2],\n            LENGTHUNIT[\"metre\",1]],\n    USAGE[\n        SCOPE[\"Engineering survey, topographic mapping.\"],\n        AREA[\"Europe between 6°E and 12°E: Austria; Denmark - onshore and offshore; Germany - onshore and offshore; Italy - onshore and offshore; Norway including Svalbard - onshore and offshore; Spain - offshore.\"],\n        BBOX[36.53,6,84.01,12.01]],\n    USAGE[\n        SCOPE[\"Pan-European conformal mapping at scales larger than 1:500,000.\"],\n        AREA[\"Europe between 6°E and 12°E and approximately 36°30'N to 84°N.\"],\n        BBOX[36.53,6,84.01,12.01]],\n    ID[\"EPSG\",25832]]",
    "proj:epsg":25832,
    "proj:projjson":{
      "$schema":"https://proj.org/schemas/v0.7/projjson.schema.json",
      "type":"ProjectedCRS",
      "name":"ETRS89 / UTM zone 32N",
      "base_crs":{
        "type":"GeographicCRS",
        "name":"ETRS89",
        "datum_ensemble":{
          "name":"European Terrestrial Reference System 1989 ensemble",
          "members":[
            {
              "name":"European Terrestrial Reference Frame 1989",
              "id":{
                "authority":"EPSG",
                "code":1178
              }
            },
            {
              "name":"European Terrestrial Reference Frame 1990",
              "id":{
                "authority":"EPSG",
                "code":1179
              }
            },
            {
              "name":"European Terrestrial Reference Frame 1991",
              "id":{
                "authority":"EPSG",
                "code":1180
              }
            },
            {
              "name":"European Terrestrial Reference Frame 1992",
              "id":{
                "authority":"EPSG",
                "code":1181
              }
            },
            {
              "name":"European Terrestrial Reference Frame 1993",
              "id":{
                "authority":"EPSG",
                "code":1182
              }
            },
            {
              "name":"European Terrestrial Reference Frame 1994",
              "id":{
                "authority":"EPSG",
                "code":1183
              }
            },
            {
              "name":"European Terrestrial Reference Frame 1996",
              "id":{
                "authority":"EPSG",
                "code":1184
              }
            },
            {
              "name":"European Terrestrial Reference Frame 1997",
              "id":{
                "authority":"EPSG",
                "code":1185
              }
            },
            {
              "name":"European Terrestrial Reference Frame 2000",
              "id":{
                "authority":"EPSG",
                "code":1186
              }
            },
            {
              "name":"European Terrestrial Reference Frame 2005",
              "id":{
                "authority":"EPSG",
                "code":1204
              }
            },
            {
              "name":"European Terrestrial Reference Frame 2014",
              "id":{
                "authority":"EPSG",
                "code":1206
              }
            },
            {
              "name":"European Terrestrial Reference Frame 2020",
              "id":{
                "authority":"EPSG",
                "code":1382
              }
            }
          ],
          "ellipsoid":{
            "name":"GRS 1980",
            "semi_major_axis":6378137,
            "inverse_flattening":298.257222101
          },
          "accuracy":"0.1",
          "id":{
            "authority":"EPSG",
            "code":6258
          }
        },
        "coordinate_system":{
          "subtype":"ellipsoidal",
          "axis":[
            {
              "name":"Geodetic latitude",
              "abbreviation":"Lat",
              "direction":"north",
              "unit":"degree"
            },
            {
              "name":"Geodetic longitude",
              "abbreviation":"Lon",
              "direction":"east",
              "unit":"degree"
            }
          ]
        },
        "id":{
          "authority":"EPSG",
          "code":4258
        },
        "remarks":"Has been realized through ETRF89, ETRF90, ETRF91, ETRF92, ETRF93, ETRF94, ETRF96, ETRF97, ETRF2000, ETRF2005 and ETRF2014. This 'ensemble' covers any or all of these realizations without distinction."
      },
      "conversion":{
        "name":"UTM zone 32N",
        "method":{
          "name":"Transverse Mercator",
          "id":{
            "authority":"EPSG",
            "code":9807
          }
        },
        "parameters":[
          {
            "name":"Latitude of natural origin",
            "value":0,
            "unit":"degree",
            "id":{
              "authority":"EPSG",
              "code":8801
            }
          },
          {
            "name":"Longitude of natural origin",
            "value":9,
            "unit":"degree",
            "id":{
              "authority":"EPSG",
              "code":8802
            }
          },
          {
            "name":"Scale factor at natural origin",
            "value":0.9996,
            "unit":"unity",
            "id":{
              "authority":"EPSG",
              "code":8805
            }
          },
          {
            "name":"False easting",
            "value":500000,
            "unit":"metre",
            "id":{
              "authority":"EPSG",
              "code":8806
            }
          },
          {
            "name":"False northing",
            "value":0,
            "unit":"metre",
            "id":{
              "authority":"EPSG",
              "code":8807
            }
          }
        ]
      },
      "coordinate_system":{
        "subtype":"Cartesian",
        "axis":[
          {
            "name":"Easting",
            "abbreviation":"E",
            "direction":"east",
            "unit":"metre"
          },
          {
            "name":"Northing",
            "abbreviation":"N",
            "direction":"north",
            "unit":"metre"
          }
        ]
      },
      "usages":[
        {
          "scope":"Engineering survey, topographic mapping.",
          "area":"Europe between 6°E and 12°E: Austria; Denmark - onshore and offshore; Germany - onshore and offshore; Italy - onshore and offshore; Norway including Svalbard - onshore and offshore; Spain - offshore.",
          "bbox":{
            "south_latitude":36.53,
            "west_longitude":6,
            "north_latitude":84.01,
            "east_longitude":12.01
          }
        },
        {
          "scope":"Pan-European conformal mapping at scales larger than 1:500,000.",
          "area":"Europe between 6°E and 12°E and approximately 36°30'N to 84°N.",
          "bbox":{
            "south_latitude":36.53,
            "west_longitude":6,
            "north_latitude":84.01,
            "east_longitude":12.01
          }
        }
      ],
      "id":{
        "authority":"EPSG",
        "code":25832
      }
    },
    "proj:transform":[
      0.09,
      0.0,
      497060.6479999999864958,
      0.0,
      -0.09,
      5419425.2949999999254942
    ],
    "raster:bands":[
      {
        "data_type":"uint8",
        "nodata":0
      },
      {
        "data_type":"uint8",
        "nodata":0
      },
      {
        "data_type":"uint8",
        "nodata":0
      }
    ],
    "eo:bands":[
      {
        "name":"b1",
        "description":"Red",
        "common_name":"red"
      },
      {
        "name":"b2",
        "description":"Green",
        "common_name":"green"
      },
      {
        "name":"b3",
        "description":"Blue",
        "common_name":"blue"
      }
    ]
  }
}
2026-07-14T15:12:25+0000	command=gdal_translate -of ENVI -ot Float32 /workspace/JointBuildGS/fair-pilot/staging/area3_work_epsg25832/dim_official_09cm_area3_epsg25832.tif /workspace/JointBuildGS/fair-pilot/runs/20260714_vaihingen_area3/tmp/dim_official.bin
Input file size is 1665, 2498
0...10...20...30...40...50...60...70...80...90...100 - done.
2026-07-14T15:12:25+0000	command=gdal_translate -of PNG /workspace/JointBuildGS/fair-pilot/staging/area3_work_epsg25832/ortho_09cm_area3_epsg25832.tif /workspace/JointBuildGS/fair-pilot/runs/20260714_vaihingen_area3/tmp/ortho.png
Input file size is 1665, 2498
0...10...20...30...40...50...60...70...80...90...100 - done.
2026-07-14T15:12:28+0000	stage=stats_candidates item=1/57 candidate_id=vaihingen_a3_000
2026-07-14T15:12:28+0000	stage=stats_candidates item=2/57 candidate_id=vaihingen_a3_001
2026-07-14T15:12:28+0000	stage=stats_candidates item=3/57 candidate_id=vaihingen_a3_002
2026-07-14T15:12:28+0000	stage=stats_candidates item=4/57 candidate_id=vaihingen_a3_003
2026-07-14T15:12:28+0000	stage=stats_candidates item=5/57 candidate_id=vaihingen_a3_004
2026-07-14T15:12:28+0000	stage=stats_candidates item=6/57 candidate_id=vaihingen_a3_005
2026-07-14T15:12:28+0000	stage=stats_candidates item=7/57 candidate_id=vaihingen_a3_006
2026-07-14T15:12:28+0000	stage=stats_candidates item=8/57 candidate_id=vaihingen_a3_007
2026-07-14T15:12:28+0000	stage=stats_candidates item=9/57 candidate_id=vaihingen_a3_008
2026-07-14T15:12:28+0000	stage=stats_candidates item=10/57 candidate_id=vaihingen_a3_009
2026-07-14T15:12:28+0000	stage=stats_candidates item=11/57 candidate_id=vaihingen_a3_010
2026-07-14T15:12:28+0000	stage=stats_candidates item=12/57 candidate_id=vaihingen_a3_011
2026-07-14T15:12:28+0000	stage=stats_candidates item=13/57 candidate_id=vaihingen_a3_012
2026-07-14T15:12:28+0000	stage=stats_candidates item=14/57 candidate_id=vaihingen_a3_013
2026-07-14T15:12:28+0000	stage=stats_candidates item=15/57 candidate_id=vaihingen_a3_014
2026-07-14T15:12:29+0000	stage=stats_candidates item=16/57 candidate_id=vaihingen_a3_015
2026-07-14T15:12:29+0000	stage=stats_candidates item=17/57 candidate_id=vaihingen_a3_016
2026-07-14T15:12:29+0000	stage=stats_candidates item=18/57 candidate_id=vaihingen_a3_017
2026-07-14T15:12:29+0000	stage=stats_candidates item=19/57 candidate_id=vaihingen_a3_018
2026-07-14T15:12:29+0000	stage=stats_candidates item=20/57 candidate_id=vaihingen_a3_019
2026-07-14T15:12:29+0000	stage=stats_candidates item=21/57 candidate_id=vaihingen_a3_020
2026-07-14T15:12:29+0000	stage=stats_candidates item=22/57 candidate_id=vaihingen_a3_021
2026-07-14T15:12:30+0000	stage=stats_candidates item=23/57 candidate_id=vaihingen_a3_022
2026-07-14T15:12:30+0000	stage=stats_candidates item=24/57 candidate_id=vaihingen_a3_023
2026-07-14T15:12:30+0000	stage=stats_candidates item=25/57 candidate_id=vaihingen_a3_024
2026-07-14T15:12:30+0000	stage=stats_candidates item=26/57 candidate_id=vaihingen_a3_025
2026-07-14T15:12:30+0000	stage=stats_candidates item=27/57 candidate_id=vaihingen_a3_026
2026-07-14T15:12:30+0000	stage=stats_candidates item=28/57 candidate_id=vaihingen_a3_027
2026-07-14T15:12:30+0000	stage=stats_candidates item=29/57 candidate_id=vaihingen_a3_028
2026-07-14T15:12:30+0000	stage=stats_candidates item=30/57 candidate_id=vaihingen_a3_029
2026-07-14T15:12:30+0000	stage=stats_candidates item=31/57 candidate_id=vaihingen_a3_030
2026-07-14T15:12:30+0000	stage=stats_candidates item=32/57 candidate_id=vaihingen_a3_031
2026-07-14T15:12:30+0000	stage=stats_candidates item=33/57 candidate_id=vaihingen_a3_032
2026-07-14T15:12:30+0000	stage=stats_candidates item=34/57 candidate_id=vaihingen_a3_033
2026-07-14T15:12:31+0000	stage=stats_candidates item=35/57 candidate_id=vaihingen_a3_034
2026-07-14T15:12:31+0000	stage=stats_candidates item=36/57 candidate_id=vaihingen_a3_035
2026-07-14T15:12:31+0000	stage=stats_candidates item=37/57 candidate_id=vaihingen_a3_036
2026-07-14T15:12:31+0000	stage=stats_candidates item=38/57 candidate_id=vaihingen_a3_037
2026-07-14T15:12:31+0000	stage=stats_candidates item=39/57 candidate_id=vaihingen_a3_038
2026-07-14T15:12:31+0000	stage=stats_candidates item=40/57 candidate_id=vaihingen_a3_039
2026-07-14T15:12:31+0000	stage=stats_candidates item=41/57 candidate_id=vaihingen_a3_040
2026-07-14T15:12:31+0000	stage=stats_candidates item=42/57 candidate_id=vaihingen_a3_041
2026-07-14T15:12:31+0000	stage=stats_candidates item=43/57 candidate_id=vaihingen_a3_042
2026-07-14T15:12:31+0000	stage=stats_candidates item=44/57 candidate_id=vaihingen_a3_043
2026-07-14T15:12:32+0000	stage=stats_candidates item=45/57 candidate_id=vaihingen_a3_044
2026-07-14T15:12:32+0000	stage=stats_candidates item=46/57 candidate_id=vaihingen_a3_045
2026-07-14T15:12:32+0000	stage=stats_candidates item=47/57 candidate_id=vaihingen_a3_046
2026-07-14T15:12:32+0000	stage=stats_candidates item=48/57 candidate_id=vaihingen_a3_047
2026-07-14T15:12:32+0000	stage=stats_candidates item=49/57 candidate_id=vaihingen_a3_048
2026-07-14T15:12:32+0000	stage=stats_candidates item=50/57 candidate_id=vaihingen_a3_049
2026-07-14T15:12:32+0000	stage=stats_candidates item=51/57 candidate_id=vaihingen_a3_050
2026-07-14T15:12:32+0000	stage=stats_candidates item=52/57 candidate_id=vaihingen_a3_051
2026-07-14T15:12:32+0000	stage=stats_candidates item=53/57 candidate_id=vaihingen_a3_052
2026-07-14T15:12:32+0000	stage=stats_candidates item=54/57 candidate_id=vaihingen_a3_053
2026-07-14T15:12:32+0000	stage=stats_candidates item=55/57 candidate_id=vaihingen_a3_054
2026-07-14T15:12:32+0000	stage=stats_candidates item=56/57 candidate_id=vaihingen_a3_055
2026-07-14T15:12:32+0000	stage=stats_candidates item=57/57 candidate_id=vaihingen_a3_056
2026-07-14T15:12:33+0000	stage=stats_candidates status=complete candidates=8 custom_mvs=partial
2026-07-14T15:13:32+0000	stage=stats_candidates status=started
2026-07-14T15:13:32+0000	command=gdalinfo -json /workspace/JointBuildGS/fair-pilot/staging/area3_work_epsg25832/dim_official_09cm_area3_epsg25832.tif
{
  "description":"/workspace/JointBuildGS/fair-pilot/staging/area3_work_epsg25832/dim_official_09cm_area3_epsg25832.tif",
  "driverShortName":"GTiff",
  "driverLongName":"GeoTIFF",
  "files":[
    "/workspace/JointBuildGS/fair-pilot/staging/area3_work_epsg25832/dim_official_09cm_area3_epsg25832.tif"
  ],
  "size":[
    1665,
    2498
  ],
  "coordinateSystem":{
    "wkt":"PROJCRS[\"ETRS89 / UTM zone 32N\",\n    BASEGEOGCRS[\"ETRS89\",\n        ENSEMBLE[\"European Terrestrial Reference System 1989 ensemble\",\n            MEMBER[\"European Terrestrial Reference Frame 1989\"],\n            MEMBER[\"European Terrestrial Reference Frame 1990\"],\n            MEMBER[\"European Terrestrial Reference Frame 1991\"],\n            MEMBER[\"European Terrestrial Reference Frame 1992\"],\n            MEMBER[\"European Terrestrial Reference Frame 1993\"],\n            MEMBER[\"European Terrestrial Reference Frame 1994\"],\n            MEMBER[\"European Terrestrial Reference Frame 1996\"],\n            MEMBER[\"European Terrestrial Reference Frame 1997\"],\n            MEMBER[\"European Terrestrial Reference Frame 2000\"],\n            MEMBER[\"European Terrestrial Reference Frame 2005\"],\n            MEMBER[\"European Terrestrial Reference Frame 2014\"],\n            MEMBER[\"European Terrestrial Reference Frame 2020\"],\n            ELLIPSOID[\"GRS 1980\",6378137,298.257222101,\n                LENGTHUNIT[\"metre\",1]],\n            ENSEMBLEACCURACY[0.1]],\n        PRIMEM[\"Greenwich\",0,\n            ANGLEUNIT[\"degree\",0.0174532925199433]],\n        ID[\"EPSG\",4258]],\n    CONVERSION[\"UTM zone 32N\",\n        METHOD[\"Transverse Mercator\",\n            ID[\"EPSG\",9807]],\n        PARAMETER[\"Latitude of natural origin\",0,\n            ANGLEUNIT[\"degree\",0.0174532925199433],\n            ID[\"EPSG\",8801]],\n        PARAMETER[\"Longitude of natural origin\",9,\n            ANGLEUNIT[\"degree\",0.0174532925199433],\n            ID[\"EPSG\",8802]],\n        PARAMETER[\"Scale factor at natural origin\",0.9996,\n            SCALEUNIT[\"unity\",1],\n            ID[\"EPSG\",8805]],\n        PARAMETER[\"False easting\",500000,\n            LENGTHUNIT[\"metre\",1],\n            ID[\"EPSG\",8806]],\n        PARAMETER[\"False northing\",0,\n            LENGTHUNIT[\"metre\",1],\n            ID[\"EPSG\",8807]]],\n    CS[Cartesian,2],\n        AXIS[\"(E)\",east,\n            ORDER[1],\n            LENGTHUNIT[\"metre\",1]],\n        AXIS[\"(N)\",north,\n            ORDER[2],\n            LENGTHUNIT[\"metre\",1]],\n    USAGE[\n        SCOPE[\"Engineering survey, topographic mapping.\"],\n        AREA[\"Europe between 6°E and 12°E: Austria; Denmark - onshore and offshore; Germany - onshore and offshore; Italy - onshore and offshore; Norway including Svalbard - onshore and offshore; Spain - offshore.\"],\n        BBOX[36.53,6,84.01,12.01]],\n    USAGE[\n        SCOPE[\"Pan-European conformal mapping at scales larger than 1:500,000.\"],\n        AREA[\"Europe between 6°E and 12°E and approximately 36°30'N to 84°N.\"],\n        BBOX[36.53,6,84.01,12.01]],\n    ID[\"EPSG\",25832]]",
    "dataAxisToSRSAxisMapping":[
      1,
      2
    ]
  },
  "geoTransform":[
    497060.6479999999864958,
    0.09,
    0.0,
    5419425.2949999999254942,
    0.0,
    -0.09
  ],
  "metadata":{
    "":{
      "AREA_OR_POINT":"Area"
    },
    "IMAGE_STRUCTURE":{
      "COMPRESSION":"DEFLATE",
      "INTERLEAVE":"BAND"
    }
  },
  "cornerCoordinates":{
    "upperLeft":[
      497060.648,
      5419425.295
    ],
    "lowerLeft":[
      497060.648,
      5419200.475
    ],
    "lowerRight":[
      497210.498,
      5419200.475
    ],
    "upperRight":[
      497210.498,
      5419425.295
    ],
    "center":[
      497135.573,
      5419312.885
    ]
  },
  "wgs84Extent":{
    "type":"Polygon",
    "coordinates":[
      [
        [
          8.9598714,
          48.9277534
        ],
        [
          8.959873,
          48.925731
        ],
        [
          8.9619187,
          48.9257317
        ],
        [
          8.9619172,
          48.9277541
        ],
        [
          8.9598714,
          48.9277534
        ]
      ]
    ]
  },
  "bands":[
    {
      "band":1,
      "block":[
        256,
        256
      ],
      "type":"Float32",
      "colorInterpretation":"Gray",
      "noDataValue":-9999.0,
      "metadata":{}
    }
  ],
  "stac":{
    "proj:shape":[
      2498,
      1665
    ],
    "proj:wkt2":"PROJCRS[\"ETRS89 / UTM zone 32N\",\n    BASEGEOGCRS[\"ETRS89\",\n        ENSEMBLE[\"European Terrestrial Reference System 1989 ensemble\",\n            MEMBER[\"European Terrestrial Reference Frame 1989\"],\n            MEMBER[\"European Terrestrial Reference Frame 1990\"],\n            MEMBER[\"European Terrestrial Reference Frame 1991\"],\n            MEMBER[\"European Terrestrial Reference Frame 1992\"],\n            MEMBER[\"European Terrestrial Reference Frame 1993\"],\n            MEMBER[\"European Terrestrial Reference Frame 1994\"],\n            MEMBER[\"European Terrestrial Reference Frame 1996\"],\n            MEMBER[\"European Terrestrial Reference Frame 1997\"],\n            MEMBER[\"European Terrestrial Reference Frame 2000\"],\n            MEMBER[\"European Terrestrial Reference Frame 2005\"],\n            MEMBER[\"European Terrestrial Reference Frame 2014\"],\n            MEMBER[\"European Terrestrial Reference Frame 2020\"],\n            ELLIPSOID[\"GRS 1980\",6378137,298.257222101,\n                LENGTHUNIT[\"metre\",1]],\n            ENSEMBLEACCURACY[0.1]],\n        PRIMEM[\"Greenwich\",0,\n            ANGLEUNIT[\"degree\",0.0174532925199433]],\n        ID[\"EPSG\",4258]],\n    CONVERSION[\"UTM zone 32N\",\n        METHOD[\"Transverse Mercator\",\n            ID[\"EPSG\",9807]],\n        PARAMETER[\"Latitude of natural origin\",0,\n            ANGLEUNIT[\"degree\",0.0174532925199433],\n            ID[\"EPSG\",8801]],\n        PARAMETER[\"Longitude of natural origin\",9,\n            ANGLEUNIT[\"degree\",0.0174532925199433],\n            ID[\"EPSG\",8802]],\n        PARAMETER[\"Scale factor at natural origin\",0.9996,\n            SCALEUNIT[\"unity\",1],\n            ID[\"EPSG\",8805]],\n        PARAMETER[\"False easting\",500000,\n            LENGTHUNIT[\"metre\",1],\n            ID[\"EPSG\",8806]],\n        PARAMETER[\"False northing\",0,\n            LENGTHUNIT[\"metre\",1],\n            ID[\"EPSG\",8807]]],\n    CS[Cartesian,2],\n        AXIS[\"(E)\",east,\n            ORDER[1],\n            LENGTHUNIT[\"metre\",1]],\n        AXIS[\"(N)\",north,\n            ORDER[2],\n            LENGTHUNIT[\"metre\",1]],\n    USAGE[\n        SCOPE[\"Engineering survey, topographic mapping.\"],\n        AREA[\"Europe between 6°E and 12°E: Austria; Denmark - onshore and offshore; Germany - onshore and offshore; Italy - onshore and offshore; Norway including Svalbard - onshore and offshore; Spain - offshore.\"],\n        BBOX[36.53,6,84.01,12.01]],\n    USAGE[\n        SCOPE[\"Pan-European conformal mapping at scales larger than 1:500,000.\"],\n        AREA[\"Europe between 6°E and 12°E and approximately 36°30'N to 84°N.\"],\n        BBOX[36.53,6,84.01,12.01]],\n    ID[\"EPSG\",25832]]",
    "proj:epsg":25832,
    "proj:projjson":{
      "$schema":"https://proj.org/schemas/v0.7/projjson.schema.json",
      "type":"ProjectedCRS",
      "name":"ETRS89 / UTM zone 32N",
      "base_crs":{
        "type":"GeographicCRS",
        "name":"ETRS89",
        "datum_ensemble":{
          "name":"European Terrestrial Reference System 1989 ensemble",
          "members":[
            {
              "name":"European Terrestrial Reference Frame 1989",
              "id":{
                "authority":"EPSG",
                "code":1178
              }
            },
            {
              "name":"European Terrestrial Reference Frame 1990",
              "id":{
                "authority":"EPSG",
                "code":1179
              }
            },
            {
              "name":"European Terrestrial Reference Frame 1991",
              "id":{
                "authority":"EPSG",
                "code":1180
              }
            },
            {
              "name":"European Terrestrial Reference Frame 1992",
              "id":{
                "authority":"EPSG",
                "code":1181
              }
            },
            {
              "name":"European Terrestrial Reference Frame 1993",
              "id":{
                "authority":"EPSG",
                "code":1182
              }
            },
            {
              "name":"European Terrestrial Reference Frame 1994",
              "id":{
                "authority":"EPSG",
                "code":1183
              }
            },
            {
              "name":"European Terrestrial Reference Frame 1996",
              "id":{
                "authority":"EPSG",
                "code":1184
              }
            },
            {
              "name":"European Terrestrial Reference Frame 1997",
              "id":{
                "authority":"EPSG",
                "code":1185
              }
            },
            {
              "name":"European Terrestrial Reference Frame 2000",
              "id":{
                "authority":"EPSG",
                "code":1186
              }
            },
            {
              "name":"European Terrestrial Reference Frame 2005",
              "id":{
                "authority":"EPSG",
                "code":1204
              }
            },
            {
              "name":"European Terrestrial Reference Frame 2014",
              "id":{
                "authority":"EPSG",
                "code":1206
              }
            },
            {
              "name":"European Terrestrial Reference Frame 2020",
              "id":{
                "authority":"EPSG",
                "code":1382
              }
            }
          ],
          "ellipsoid":{
            "name":"GRS 1980",
            "semi_major_axis":6378137,
            "inverse_flattening":298.257222101
          },
          "accuracy":"0.1",
          "id":{
            "authority":"EPSG",
            "code":6258
          }
        },
        "coordinate_system":{
          "subtype":"ellipsoidal",
          "axis":[
            {
              "name":"Geodetic latitude",
              "abbreviation":"Lat",
              "direction":"north",
              "unit":"degree"
            },
            {
              "name":"Geodetic longitude",
              "abbreviation":"Lon",
              "direction":"east",
              "unit":"degree"
            }
          ]
        },
        "id":{
          "authority":"EPSG",
          "code":4258
        },
        "remarks":"Has been realized through ETRF89, ETRF90, ETRF91, ETRF92, ETRF93, ETRF94, ETRF96, ETRF97, ETRF2000, ETRF2005 and ETRF2014. This 'ensemble' covers any or all of these realizations without distinction."
      },
      "conversion":{
        "name":"UTM zone 32N",
        "method":{
          "name":"Transverse Mercator",
          "id":{
            "authority":"EPSG",
            "code":9807
          }
        },
        "parameters":[
          {
            "name":"Latitude of natural origin",
            "value":0,
            "unit":"degree",
            "id":{
              "authority":"EPSG",
              "code":8801
            }
          },
          {
            "name":"Longitude of natural origin",
            "value":9,
            "unit":"degree",
            "id":{
              "authority":"EPSG",
              "code":8802
            }
          },
          {
            "name":"Scale factor at natural origin",
            "value":0.9996,
            "unit":"unity",
            "id":{
              "authority":"EPSG",
              "code":8805
            }
          },
          {
            "name":"False easting",
            "value":500000,
            "unit":"metre",
            "id":{
              "authority":"EPSG",
              "code":8806
            }
          },
          {
            "name":"False northing",
            "value":0,
            "unit":"metre",
            "id":{
              "authority":"EPSG",
              "code":8807
            }
          }
        ]
      },
      "coordinate_system":{
        "subtype":"Cartesian",
        "axis":[
          {
            "name":"Easting",
            "abbreviation":"E",
            "direction":"east",
            "unit":"metre"
          },
          {
            "name":"Northing",
            "abbreviation":"N",
            "direction":"north",
            "unit":"metre"
          }
        ]
      },
      "usages":[
        {
          "scope":"Engineering survey, topographic mapping.",
          "area":"Europe between 6°E and 12°E: Austria; Denmark - onshore and offshore; Germany - onshore and offshore; Italy - onshore and offshore; Norway including Svalbard - onshore and offshore; Spain - offshore.",
          "bbox":{
            "south_latitude":36.53,
            "west_longitude":6,
            "north_latitude":84.01,
            "east_longitude":12.01
          }
        },
        {
          "scope":"Pan-European conformal mapping at scales larger than 1:500,000.",
          "area":"Europe between 6°E and 12°E and approximately 36°30'N to 84°N.",
          "bbox":{
            "south_latitude":36.53,
            "west_longitude":6,
            "north_latitude":84.01,
            "east_longitude":12.01
          }
        }
      ],
      "id":{
        "authority":"EPSG",
        "code":25832
      }
    },
    "proj:transform":[
      0.09,
      0.0,
      497060.6479999999864958,
      0.0,
      -0.09,
      5419425.2949999999254942
    ],
    "raster:bands":[
      {
        "data_type":"float32",
        "nodata":-9999.0
      }
    ],
    "eo:bands":[
      {
        "name":"b1",
        "description":"Gray"
      }
    ]
  }
}
2026-07-14T15:13:32+0000	command=gdalinfo -json /workspace/JointBuildGS/fair-pilot/staging/area3_work_epsg25832/ortho_09cm_area3_epsg25832.tif
{
  "description":"/workspace/JointBuildGS/fair-pilot/staging/area3_work_epsg25832/ortho_09cm_area3_epsg25832.tif",
  "driverShortName":"GTiff",
  "driverLongName":"GeoTIFF",
  "files":[
    "/workspace/JointBuildGS/fair-pilot/staging/area3_work_epsg25832/ortho_09cm_area3_epsg25832.tif"
  ],
  "size":[
    1665,
    2498
  ],
  "coordinateSystem":{
    "wkt":"PROJCRS[\"ETRS89 / UTM zone 32N\",\n    BASEGEOGCRS[\"ETRS89\",\n        ENSEMBLE[\"European Terrestrial Reference System 1989 ensemble\",\n            MEMBER[\"European Terrestrial Reference Frame 1989\"],\n            MEMBER[\"European Terrestrial Reference Frame 1990\"],\n            MEMBER[\"European Terrestrial Reference Frame 1991\"],\n            MEMBER[\"European Terrestrial Reference Frame 1992\"],\n            MEMBER[\"European Terrestrial Reference Frame 1993\"],\n            MEMBER[\"European Terrestrial Reference Frame 1994\"],\n            MEMBER[\"European Terrestrial Reference Frame 1996\"],\n            MEMBER[\"European Terrestrial Reference Frame 1997\"],\n            MEMBER[\"European Terrestrial Reference Frame 2000\"],\n            MEMBER[\"European Terrestrial Reference Frame 2005\"],\n            MEMBER[\"European Terrestrial Reference Frame 2014\"],\n            MEMBER[\"European Terrestrial Reference Frame 2020\"],\n            ELLIPSOID[\"GRS 1980\",6378137,298.257222101,\n                LENGTHUNIT[\"metre\",1]],\n            ENSEMBLEACCURACY[0.1]],\n        PRIMEM[\"Greenwich\",0,\n            ANGLEUNIT[\"degree\",0.0174532925199433]],\n        ID[\"EPSG\",4258]],\n    CONVERSION[\"UTM zone 32N\",\n        METHOD[\"Transverse Mercator\",\n            ID[\"EPSG\",9807]],\n        PARAMETER[\"Latitude of natural origin\",0,\n            ANGLEUNIT[\"degree\",0.0174532925199433],\n            ID[\"EPSG\",8801]],\n        PARAMETER[\"Longitude of natural origin\",9,\n            ANGLEUNIT[\"degree\",0.0174532925199433],\n            ID[\"EPSG\",8802]],\n        PARAMETER[\"Scale factor at natural origin\",0.9996,\n            SCALEUNIT[\"unity\",1],\n            ID[\"EPSG\",8805]],\n        PARAMETER[\"False easting\",500000,\n            LENGTHUNIT[\"metre\",1],\n            ID[\"EPSG\",8806]],\n        PARAMETER[\"False northing\",0,\n            LENGTHUNIT[\"metre\",1],\n            ID[\"EPSG\",8807]]],\n    CS[Cartesian,2],\n        AXIS[\"(E)\",east,\n            ORDER[1],\n            LENGTHUNIT[\"metre\",1]],\n        AXIS[\"(N)\",north,\n            ORDER[2],\n            LENGTHUNIT[\"metre\",1]],\n    USAGE[\n        SCOPE[\"Engineering survey, topographic mapping.\"],\n        AREA[\"Europe between 6°E and 12°E: Austria; Denmark - onshore and offshore; Germany - onshore and offshore; Italy - onshore and offshore; Norway including Svalbard - onshore and offshore; Spain - offshore.\"],\n        BBOX[36.53,6,84.01,12.01]],\n    USAGE[\n        SCOPE[\"Pan-European conformal mapping at scales larger than 1:500,000.\"],\n        AREA[\"Europe between 6°E and 12°E and approximately 36°30'N to 84°N.\"],\n        BBOX[36.53,6,84.01,12.01]],\n    ID[\"EPSG\",25832]]",
    "dataAxisToSRSAxisMapping":[
      1,
      2
    ]
  },
  "geoTransform":[
    497060.6479999999864958,
    0.09,
    0.0,
    5419425.2949999999254942,
    0.0,
    -0.09
  ],
  "metadata":{
    "":{
      "AREA_OR_POINT":"Area"
    },
    "IMAGE_STRUCTURE":{
      "COMPRESSION":"DEFLATE",
      "INTERLEAVE":"PIXEL"
    }
  },
  "cornerCoordinates":{
    "upperLeft":[
      497060.648,
      5419425.295
    ],
    "lowerLeft":[
      497060.648,
      5419200.475
    ],
    "lowerRight":[
      497210.498,
      5419200.475
    ],
    "upperRight":[
      497210.498,
      5419425.295
    ],
    "center":[
      497135.573,
      5419312.885
    ]
  },
  "wgs84Extent":{
    "type":"Polygon",
    "coordinates":[
      [
        [
          8.9598714,
          48.9277534
        ],
        [
          8.959873,
          48.925731
        ],
        [
          8.9619187,
          48.9257317
        ],
        [
          8.9619172,
          48.9277541
        ],
        [
          8.9598714,
          48.9277534
        ]
      ]
    ]
  },
  "bands":[
    {
      "band":1,
      "block":[
        256,
        256
      ],
      "type":"Byte",
      "colorInterpretation":"Red",
      "noDataValue":0,
      "metadata":{}
    },
    {
      "band":2,
      "block":[
        256,
        256
      ],
      "type":"Byte",
      "colorInterpretation":"Green",
      "noDataValue":0,
      "metadata":{}
    },
    {
      "band":3,
      "block":[
        256,
        256
      ],
      "type":"Byte",
      "colorInterpretation":"Blue",
      "noDataValue":0,
      "metadata":{}
    }
  ],
  "stac":{
    "proj:shape":[
      2498,
      1665
    ],
    "proj:wkt2":"PROJCRS[\"ETRS89 / UTM zone 32N\",\n    BASEGEOGCRS[\"ETRS89\",\n        ENSEMBLE[\"European Terrestrial Reference System 1989 ensemble\",\n            MEMBER[\"European Terrestrial Reference Frame 1989\"],\n            MEMBER[\"European Terrestrial Reference Frame 1990\"],\n            MEMBER[\"European Terrestrial Reference Frame 1991\"],\n            MEMBER[\"European Terrestrial Reference Frame 1992\"],\n            MEMBER[\"European Terrestrial Reference Frame 1993\"],\n            MEMBER[\"European Terrestrial Reference Frame 1994\"],\n            MEMBER[\"European Terrestrial Reference Frame 1996\"],\n            MEMBER[\"European Terrestrial Reference Frame 1997\"],\n            MEMBER[\"European Terrestrial Reference Frame 2000\"],\n            MEMBER[\"European Terrestrial Reference Frame 2005\"],\n            MEMBER[\"European Terrestrial Reference Frame 2014\"],\n            MEMBER[\"European Terrestrial Reference Frame 2020\"],\n            ELLIPSOID[\"GRS 1980\",6378137,298.257222101,\n                LENGTHUNIT[\"metre\",1]],\n            ENSEMBLEACCURACY[0.1]],\n        PRIMEM[\"Greenwich\",0,\n            ANGLEUNIT[\"degree\",0.0174532925199433]],\n        ID[\"EPSG\",4258]],\n    CONVERSION[\"UTM zone 32N\",\n        METHOD[\"Transverse Mercator\",\n            ID[\"EPSG\",9807]],\n        PARAMETER[\"Latitude of natural origin\",0,\n            ANGLEUNIT[\"degree\",0.0174532925199433],\n            ID[\"EPSG\",8801]],\n        PARAMETER[\"Longitude of natural origin\",9,\n            ANGLEUNIT[\"degree\",0.0174532925199433],\n            ID[\"EPSG\",8802]],\n        PARAMETER[\"Scale factor at natural origin\",0.9996,\n            SCALEUNIT[\"unity\",1],\n            ID[\"EPSG\",8805]],\n        PARAMETER[\"False easting\",500000,\n            LENGTHUNIT[\"metre\",1],\n            ID[\"EPSG\",8806]],\n        PARAMETER[\"False northing\",0,\n            LENGTHUNIT[\"metre\",1],\n            ID[\"EPSG\",8807]]],\n    CS[Cartesian,2],\n        AXIS[\"(E)\",east,\n            ORDER[1],\n            LENGTHUNIT[\"metre\",1]],\n        AXIS[\"(N)\",north,\n            ORDER[2],\n            LENGTHUNIT[\"metre\",1]],\n    USAGE[\n        SCOPE[\"Engineering survey, topographic mapping.\"],\n        AREA[\"Europe between 6°E and 12°E: Austria; Denmark - onshore and offshore; Germany - onshore and offshore; Italy - onshore and offshore; Norway including Svalbard - onshore and offshore; Spain - offshore.\"],\n        BBOX[36.53,6,84.01,12.01]],\n    USAGE[\n        SCOPE[\"Pan-European conformal mapping at scales larger than 1:500,000.\"],\n        AREA[\"Europe between 6°E and 12°E and approximately 36°30'N to 84°N.\"],\n        BBOX[36.53,6,84.01,12.01]],\n    ID[\"EPSG\",25832]]",
    "proj:epsg":25832,
    "proj:projjson":{
      "$schema":"https://proj.org/schemas/v0.7/projjson.schema.json",
      "type":"ProjectedCRS",
      "name":"ETRS89 / UTM zone 32N",
      "base_crs":{
        "type":"GeographicCRS",
        "name":"ETRS89",
        "datum_ensemble":{
          "name":"European Terrestrial Reference System 1989 ensemble",
          "members":[
            {
              "name":"European Terrestrial Reference Frame 1989",
              "id":{
                "authority":"EPSG",
                "code":1178
              }
            },
            {
              "name":"European Terrestrial Reference Frame 1990",
              "id":{
                "authority":"EPSG",
                "code":1179
              }
            },
            {
              "name":"European Terrestrial Reference Frame 1991",
              "id":{
                "authority":"EPSG",
                "code":1180
              }
            },
            {
              "name":"European Terrestrial Reference Frame 1992",
              "id":{
                "authority":"EPSG",
                "code":1181
              }
            },
            {
              "name":"European Terrestrial Reference Frame 1993",
              "id":{
                "authority":"EPSG",
                "code":1182
              }
            },
            {
              "name":"European Terrestrial Reference Frame 1994",
              "id":{
                "authority":"EPSG",
                "code":1183
              }
            },
            {
              "name":"European Terrestrial Reference Frame 1996",
              "id":{
                "authority":"EPSG",
                "code":1184
              }
            },
            {
              "name":"European Terrestrial Reference Frame 1997",
              "id":{
                "authority":"EPSG",
                "code":1185
              }
            },
            {
              "name":"European Terrestrial Reference Frame 2000",
              "id":{
                "authority":"EPSG",
                "code":1186
              }
            },
            {
              "name":"European Terrestrial Reference Frame 2005",
              "id":{
                "authority":"EPSG",
                "code":1204
              }
            },
            {
              "name":"European Terrestrial Reference Frame 2014",
              "id":{
                "authority":"EPSG",
                "code":1206
              }
            },
            {
              "name":"European Terrestrial Reference Frame 2020",
              "id":{
                "authority":"EPSG",
                "code":1382
              }
            }
          ],
          "ellipsoid":{
            "name":"GRS 1980",
            "semi_major_axis":6378137,
            "inverse_flattening":298.257222101
          },
          "accuracy":"0.1",
          "id":{
            "authority":"EPSG",
            "code":6258
          }
        },
        "coordinate_system":{
          "subtype":"ellipsoidal",
          "axis":[
            {
              "name":"Geodetic latitude",
              "abbreviation":"Lat",
              "direction":"north",
              "unit":"degree"
            },
            {
              "name":"Geodetic longitude",
              "abbreviation":"Lon",
              "direction":"east",
              "unit":"degree"
            }
          ]
        },
        "id":{
          "authority":"EPSG",
          "code":4258
        },
        "remarks":"Has been realized through ETRF89, ETRF90, ETRF91, ETRF92, ETRF93, ETRF94, ETRF96, ETRF97, ETRF2000, ETRF2005 and ETRF2014. This 'ensemble' covers any or all of these realizations without distinction."
      },
      "conversion":{
        "name":"UTM zone 32N",
        "method":{
          "name":"Transverse Mercator",
          "id":{
            "authority":"EPSG",
            "code":9807
          }
        },
        "parameters":[
          {
            "name":"Latitude of natural origin",
            "value":0,
            "unit":"degree",
            "id":{
              "authority":"EPSG",
              "code":8801
            }
          },
          {
            "name":"Longitude of natural origin",
            "value":9,
            "unit":"degree",
            "id":{
              "authority":"EPSG",
              "code":8802
            }
          },
          {
            "name":"Scale factor at natural origin",
            "value":0.9996,
            "unit":"unity",
            "id":{
              "authority":"EPSG",
              "code":8805
            }
          },
          {
            "name":"False easting",
            "value":500000,
            "unit":"metre",
            "id":{
              "authority":"EPSG",
              "code":8806
            }
          },
          {
            "name":"False northing",
            "value":0,
            "unit":"metre",
            "id":{
              "authority":"EPSG",
              "code":8807
            }
          }
        ]
      },
      "coordinate_system":{
        "subtype":"Cartesian",
        "axis":[
          {
            "name":"Easting",
            "abbreviation":"E",
            "direction":"east",
            "unit":"metre"
          },
          {
            "name":"Northing",
            "abbreviation":"N",
            "direction":"north",
            "unit":"metre"
          }
        ]
      },
      "usages":[
        {
          "scope":"Engineering survey, topographic mapping.",
          "area":"Europe between 6°E and 12°E: Austria; Denmark - onshore and offshore; Germany - onshore and offshore; Italy - onshore and offshore; Norway including Svalbard - onshore and offshore; Spain - offshore.",
          "bbox":{
            "south_latitude":36.53,
            "west_longitude":6,
            "north_latitude":84.01,
            "east_longitude":12.01
          }
        },
        {
          "scope":"Pan-European conformal mapping at scales larger than 1:500,000.",
          "area":"Europe between 6°E and 12°E and approximately 36°30'N to 84°N.",
          "bbox":{
            "south_latitude":36.53,
            "west_longitude":6,
            "north_latitude":84.01,
            "east_longitude":12.01
          }
        }
      ],
      "id":{
        "authority":"EPSG",
        "code":25832
      }
    },
    "proj:transform":[
      0.09,
      0.0,
      497060.6479999999864958,
      0.0,
      -0.09,
      5419425.2949999999254942
    ],
    "raster:bands":[
      {
        "data_type":"uint8",
        "nodata":0
      },
      {
        "data_type":"uint8",
        "nodata":0
      },
      {
        "data_type":"uint8",
        "nodata":0
      }
    ],
    "eo:bands":[
      {
        "name":"b1",
        "description":"Red",
        "common_name":"red"
      },
      {
        "name":"b2",
        "description":"Green",
        "common_name":"green"
      },
      {
        "name":"b3",
        "description":"Blue",
        "common_name":"blue"
      }
    ]
  }
}
2026-07-14T15:13:32+0000	command=gdal_translate -of ENVI -ot Float32 /workspace/JointBuildGS/fair-pilot/staging/area3_work_epsg25832/dim_official_09cm_area3_epsg25832.tif /workspace/JointBuildGS/fair-pilot/runs/20260714_vaihingen_area3/tmp/dim_official.bin
Input file size is 1665, 2498
0...10...20...30...40...50...60...70...80...90...100 - done.
2026-07-14T15:13:32+0000	command=gdal_translate -of PNG /workspace/JointBuildGS/fair-pilot/staging/area3_work_epsg25832/ortho_09cm_area3_epsg25832.tif /workspace/JointBuildGS/fair-pilot/runs/20260714_vaihingen_area3/tmp/ortho.png
Input file size is 1665, 2498
0...10...20...30...40...50...60...70...80...90...100 - done.
2026-07-14T15:13:34+0000	stage=stats_candidates item=1/57 candidate_id=vaihingen_a3_000
2026-07-14T15:13:34+0000	stage=stats_candidates item=2/57 candidate_id=vaihingen_a3_001
2026-07-14T15:13:35+0000	stage=stats_candidates item=3/57 candidate_id=vaihingen_a3_002
2026-07-14T15:13:35+0000	stage=stats_candidates item=4/57 candidate_id=vaihingen_a3_003
2026-07-14T15:13:35+0000	stage=stats_candidates item=5/57 candidate_id=vaihingen_a3_004
2026-07-14T15:13:35+0000	stage=stats_candidates item=6/57 candidate_id=vaihingen_a3_005
2026-07-14T15:13:35+0000	stage=stats_candidates item=7/57 candidate_id=vaihingen_a3_006
2026-07-14T15:13:35+0000	stage=stats_candidates item=8/57 candidate_id=vaihingen_a3_007
2026-07-14T15:13:35+0000	stage=stats_candidates item=9/57 candidate_id=vaihingen_a3_008
2026-07-14T15:13:35+0000	stage=stats_candidates item=10/57 candidate_id=vaihingen_a3_009
2026-07-14T15:13:35+0000	stage=stats_candidates item=11/57 candidate_id=vaihingen_a3_010
2026-07-14T15:13:35+0000	stage=stats_candidates item=12/57 candidate_id=vaihingen_a3_011
2026-07-14T15:13:35+0000	stage=stats_candidates item=13/57 candidate_id=vaihingen_a3_012
2026-07-14T15:13:35+0000	stage=stats_candidates item=14/57 candidate_id=vaihingen_a3_013
2026-07-14T15:13:35+0000	stage=stats_candidates item=15/57 candidate_id=vaihingen_a3_014
2026-07-14T15:13:36+0000	stage=stats_candidates item=16/57 candidate_id=vaihingen_a3_015
2026-07-14T15:13:36+0000	stage=stats_candidates item=17/57 candidate_id=vaihingen_a3_016
2026-07-14T15:13:36+0000	stage=stats_candidates item=18/57 candidate_id=vaihingen_a3_017
2026-07-14T15:13:36+0000	stage=stats_candidates item=19/57 candidate_id=vaihingen_a3_018
2026-07-14T15:13:36+0000	stage=stats_candidates item=20/57 candidate_id=vaihingen_a3_019
2026-07-14T15:13:36+0000	stage=stats_candidates item=21/57 candidate_id=vaihingen_a3_020
2026-07-14T15:13:36+0000	stage=stats_candidates item=22/57 candidate_id=vaihingen_a3_021
2026-07-14T15:13:36+0000	stage=stats_candidates item=23/57 candidate_id=vaihingen_a3_022
2026-07-14T15:13:36+0000	stage=stats_candidates item=24/57 candidate_id=vaihingen_a3_023
2026-07-14T15:13:37+0000	stage=stats_candidates item=25/57 candidate_id=vaihingen_a3_024
2026-07-14T15:13:37+0000	stage=stats_candidates item=26/57 candidate_id=vaihingen_a3_025
2026-07-14T15:13:37+0000	stage=stats_candidates item=27/57 candidate_id=vaihingen_a3_026
2026-07-14T15:13:37+0000	stage=stats_candidates item=28/57 candidate_id=vaihingen_a3_027
2026-07-14T15:13:37+0000	stage=stats_candidates item=29/57 candidate_id=vaihingen_a3_028
2026-07-14T15:13:37+0000	stage=stats_candidates item=30/57 candidate_id=vaihingen_a3_029
2026-07-14T15:13:37+0000	stage=stats_candidates item=31/57 candidate_id=vaihingen_a3_030
2026-07-14T15:13:37+0000	stage=stats_candidates item=32/57 candidate_id=vaihingen_a3_031
2026-07-14T15:13:37+0000	stage=stats_candidates item=33/57 candidate_id=vaihingen_a3_032
2026-07-14T15:13:37+0000	stage=stats_candidates item=34/57 candidate_id=vaihingen_a3_033
2026-07-14T15:13:37+0000	stage=stats_candidates item=35/57 candidate_id=vaihingen_a3_034
2026-07-14T15:13:37+0000	stage=stats_candidates item=36/57 candidate_id=vaihingen_a3_035
2026-07-14T15:13:37+0000	stage=stats_candidates item=37/57 candidate_id=vaihingen_a3_036
2026-07-14T15:13:37+0000	stage=stats_candidates item=38/57 candidate_id=vaihingen_a3_037
2026-07-14T15:13:38+0000	stage=stats_candidates item=39/57 candidate_id=vaihingen_a3_038
2026-07-14T15:13:38+0000	stage=stats_candidates item=40/57 candidate_id=vaihingen_a3_039
2026-07-14T15:13:38+0000	stage=stats_candidates item=41/57 candidate_id=vaihingen_a3_040
2026-07-14T15:13:38+0000	stage=stats_candidates item=42/57 candidate_id=vaihingen_a3_041
2026-07-14T15:13:38+0000	stage=stats_candidates item=43/57 candidate_id=vaihingen_a3_042
2026-07-14T15:13:38+0000	stage=stats_candidates item=44/57 candidate_id=vaihingen_a3_043
2026-07-14T15:13:38+0000	stage=stats_candidates item=45/57 candidate_id=vaihingen_a3_044
2026-07-14T15:13:38+0000	stage=stats_candidates item=46/57 candidate_id=vaihingen_a3_045
2026-07-14T15:13:38+0000	stage=stats_candidates item=47/57 candidate_id=vaihingen_a3_046
2026-07-14T15:13:38+0000	stage=stats_candidates item=48/57 candidate_id=vaihingen_a3_047
2026-07-14T15:13:38+0000	stage=stats_candidates item=49/57 candidate_id=vaihingen_a3_048
2026-07-14T15:13:38+0000	stage=stats_candidates item=50/57 candidate_id=vaihingen_a3_049
2026-07-14T15:13:38+0000	stage=stats_candidates item=51/57 candidate_id=vaihingen_a3_050
2026-07-14T15:13:39+0000	stage=stats_candidates item=52/57 candidate_id=vaihingen_a3_051
2026-07-14T15:13:39+0000	stage=stats_candidates item=53/57 candidate_id=vaihingen_a3_052
2026-07-14T15:13:39+0000	stage=stats_candidates item=54/57 candidate_id=vaihingen_a3_053
2026-07-14T15:13:39+0000	stage=stats_candidates item=55/57 candidate_id=vaihingen_a3_054
2026-07-14T15:13:39+0000	stage=stats_candidates item=56/57 candidate_id=vaihingen_a3_055
2026-07-14T15:13:39+0000	stage=stats_candidates item=57/57 candidate_id=vaihingen_a3_056
2026-07-14T15:13:39+0000	stage=stats_candidates status=complete candidates=7 custom_mvs=partial
2026-07-14T15:32:08+0000	stage=stats_candidates status=started
2026-07-14T15:32:08+0000	command=gdalinfo -json /workspace/JointBuildGS/fair-pilot/staging/area3_work_epsg25832/dim_official_09cm_area3_epsg25832.tif
{
  "description":"/workspace/JointBuildGS/fair-pilot/staging/area3_work_epsg25832/dim_official_09cm_area3_epsg25832.tif",
  "driverShortName":"GTiff",
  "driverLongName":"GeoTIFF",
  "files":[
    "/workspace/JointBuildGS/fair-pilot/staging/area3_work_epsg25832/dim_official_09cm_area3_epsg25832.tif"
  ],
  "size":[
    1665,
    2498
  ],
  "coordinateSystem":{
    "wkt":"PROJCRS[\"ETRS89 / UTM zone 32N\",\n    BASEGEOGCRS[\"ETRS89\",\n        ENSEMBLE[\"European Terrestrial Reference System 1989 ensemble\",\n            MEMBER[\"European Terrestrial Reference Frame 1989\"],\n            MEMBER[\"European Terrestrial Reference Frame 1990\"],\n            MEMBER[\"European Terrestrial Reference Frame 1991\"],\n            MEMBER[\"European Terrestrial Reference Frame 1992\"],\n            MEMBER[\"European Terrestrial Reference Frame 1993\"],\n            MEMBER[\"European Terrestrial Reference Frame 1994\"],\n            MEMBER[\"European Terrestrial Reference Frame 1996\"],\n            MEMBER[\"European Terrestrial Reference Frame 1997\"],\n            MEMBER[\"European Terrestrial Reference Frame 2000\"],\n            MEMBER[\"European Terrestrial Reference Frame 2005\"],\n            MEMBER[\"European Terrestrial Reference Frame 2014\"],\n            MEMBER[\"European Terrestrial Reference Frame 2020\"],\n            ELLIPSOID[\"GRS 1980\",6378137,298.257222101,\n                LENGTHUNIT[\"metre\",1]],\n            ENSEMBLEACCURACY[0.1]],\n        PRIMEM[\"Greenwich\",0,\n            ANGLEUNIT[\"degree\",0.0174532925199433]],\n        ID[\"EPSG\",4258]],\n    CONVERSION[\"UTM zone 32N\",\n        METHOD[\"Transverse Mercator\",\n            ID[\"EPSG\",9807]],\n        PARAMETER[\"Latitude of natural origin\",0,\n            ANGLEUNIT[\"degree\",0.0174532925199433],\n            ID[\"EPSG\",8801]],\n        PARAMETER[\"Longitude of natural origin\",9,\n            ANGLEUNIT[\"degree\",0.0174532925199433],\n            ID[\"EPSG\",8802]],\n        PARAMETER[\"Scale factor at natural origin\",0.9996,\n            SCALEUNIT[\"unity\",1],\n            ID[\"EPSG\",8805]],\n        PARAMETER[\"False easting\",500000,\n            LENGTHUNIT[\"metre\",1],\n            ID[\"EPSG\",8806]],\n        PARAMETER[\"False northing\",0,\n            LENGTHUNIT[\"metre\",1],\n            ID[\"EPSG\",8807]]],\n    CS[Cartesian,2],\n        AXIS[\"(E)\",east,\n            ORDER[1],\n            LENGTHUNIT[\"metre\",1]],\n        AXIS[\"(N)\",north,\n            ORDER[2],\n            LENGTHUNIT[\"metre\",1]],\n    USAGE[\n        SCOPE[\"Engineering survey, topographic mapping.\"],\n        AREA[\"Europe between 6°E and 12°E: Austria; Denmark - onshore and offshore; Germany - onshore and offshore; Italy - onshore and offshore; Norway including Svalbard - onshore and offshore; Spain - offshore.\"],\n        BBOX[36.53,6,84.01,12.01]],\n    USAGE[\n        SCOPE[\"Pan-European conformal mapping at scales larger than 1:500,000.\"],\n        AREA[\"Europe between 6°E and 12°E and approximately 36°30'N to 84°N.\"],\n        BBOX[36.53,6,84.01,12.01]],\n    ID[\"EPSG\",25832]]",
    "dataAxisToSRSAxisMapping":[
      1,
      2
    ]
  },
  "geoTransform":[
    497060.6479999999864958,
    0.09,
    0.0,
    5419425.2949999999254942,
    0.0,
    -0.09
  ],
  "metadata":{
    "":{
      "AREA_OR_POINT":"Area"
    },
    "IMAGE_STRUCTURE":{
      "COMPRESSION":"DEFLATE",
      "INTERLEAVE":"BAND"
    }
  },
  "cornerCoordinates":{
    "upperLeft":[
      497060.648,
      5419425.295
    ],
    "lowerLeft":[
      497060.648,
      5419200.475
    ],
    "lowerRight":[
      497210.498,
      5419200.475
    ],
    "upperRight":[
      497210.498,
      5419425.295
    ],
    "center":[
      497135.573,
      5419312.885
    ]
  },
  "wgs84Extent":{
    "type":"Polygon",
    "coordinates":[
      [
        [
          8.9598714,
          48.9277534
        ],
        [
          8.959873,
          48.925731
        ],
        [
          8.9619187,
          48.9257317
        ],
        [
          8.9619172,
          48.9277541
        ],
        [
          8.9598714,
          48.9277534
        ]
      ]
    ]
  },
  "bands":[
    {
      "band":1,
      "block":[
        256,
        256
      ],
      "type":"Float32",
      "colorInterpretation":"Gray",
      "noDataValue":-9999.0,
      "metadata":{}
    }
  ],
  "stac":{
    "proj:shape":[
      2498,
      1665
    ],
    "proj:wkt2":"PROJCRS[\"ETRS89 / UTM zone 32N\",\n    BASEGEOGCRS[\"ETRS89\",\n        ENSEMBLE[\"European Terrestrial Reference System 1989 ensemble\",\n            MEMBER[\"European Terrestrial Reference Frame 1989\"],\n            MEMBER[\"European Terrestrial Reference Frame 1990\"],\n            MEMBER[\"European Terrestrial Reference Frame 1991\"],\n            MEMBER[\"European Terrestrial Reference Frame 1992\"],\n            MEMBER[\"European Terrestrial Reference Frame 1993\"],\n            MEMBER[\"European Terrestrial Reference Frame 1994\"],\n            MEMBER[\"European Terrestrial Reference Frame 1996\"],\n            MEMBER[\"European Terrestrial Reference Frame 1997\"],\n            MEMBER[\"European Terrestrial Reference Frame 2000\"],\n            MEMBER[\"European Terrestrial Reference Frame 2005\"],\n            MEMBER[\"European Terrestrial Reference Frame 2014\"],\n            MEMBER[\"European Terrestrial Reference Frame 2020\"],\n            ELLIPSOID[\"GRS 1980\",6378137,298.257222101,\n                LENGTHUNIT[\"metre\",1]],\n            ENSEMBLEACCURACY[0.1]],\n        PRIMEM[\"Greenwich\",0,\n            ANGLEUNIT[\"degree\",0.0174532925199433]],\n        ID[\"EPSG\",4258]],\n    CONVERSION[\"UTM zone 32N\",\n        METHOD[\"Transverse Mercator\",\n            ID[\"EPSG\",9807]],\n        PARAMETER[\"Latitude of natural origin\",0,\n            ANGLEUNIT[\"degree\",0.0174532925199433],\n            ID[\"EPSG\",8801]],\n        PARAMETER[\"Longitude of natural origin\",9,\n            ANGLEUNIT[\"degree\",0.0174532925199433],\n            ID[\"EPSG\",8802]],\n        PARAMETER[\"Scale factor at natural origin\",0.9996,\n            SCALEUNIT[\"unity\",1],\n            ID[\"EPSG\",8805]],\n        PARAMETER[\"False easting\",500000,\n            LENGTHUNIT[\"metre\",1],\n            ID[\"EPSG\",8806]],\n        PARAMETER[\"False northing\",0,\n            LENGTHUNIT[\"metre\",1],\n            ID[\"EPSG\",8807]]],\n    CS[Cartesian,2],\n        AXIS[\"(E)\",east,\n            ORDER[1],\n            LENGTHUNIT[\"metre\",1]],\n        AXIS[\"(N)\",north,\n            ORDER[2],\n            LENGTHUNIT[\"metre\",1]],\n    USAGE[\n        SCOPE[\"Engineering survey, topographic mapping.\"],\n        AREA[\"Europe between 6°E and 12°E: Austria; Denmark - onshore and offshore; Germany - onshore and offshore; Italy - onshore and offshore; Norway including Svalbard - onshore and offshore; Spain - offshore.\"],\n        BBOX[36.53,6,84.01,12.01]],\n    USAGE[\n        SCOPE[\"Pan-European conformal mapping at scales larger than 1:500,000.\"],\n        AREA[\"Europe between 6°E and 12°E and approximately 36°30'N to 84°N.\"],\n        BBOX[36.53,6,84.01,12.01]],\n    ID[\"EPSG\",25832]]",
    "proj:epsg":25832,
    "proj:projjson":{
      "$schema":"https://proj.org/schemas/v0.7/projjson.schema.json",
      "type":"ProjectedCRS",
      "name":"ETRS89 / UTM zone 32N",
      "base_crs":{
        "type":"GeographicCRS",
        "name":"ETRS89",
        "datum_ensemble":{
          "name":"European Terrestrial Reference System 1989 ensemble",
          "members":[
            {
              "name":"European Terrestrial Reference Frame 1989",
              "id":{
                "authority":"EPSG",
                "code":1178
              }
            },
            {
              "name":"European Terrestrial Reference Frame 1990",
              "id":{
                "authority":"EPSG",
                "code":1179
              }
            },
            {
              "name":"European Terrestrial Reference Frame 1991",
              "id":{
                "authority":"EPSG",
                "code":1180
              }
            },
            {
              "name":"European Terrestrial Reference Frame 1992",
              "id":{
                "authority":"EPSG",
                "code":1181
              }
            },
            {
              "name":"European Terrestrial Reference Frame 1993",
              "id":{
                "authority":"EPSG",
                "code":1182
              }
            },
            {
              "name":"European Terrestrial Reference Frame 1994",
              "id":{
                "authority":"EPSG",
                "code":1183
              }
            },
            {
              "name":"European Terrestrial Reference Frame 1996",
              "id":{
                "authority":"EPSG",
                "code":1184
              }
            },
            {
              "name":"European Terrestrial Reference Frame 1997",
              "id":{
                "authority":"EPSG",
                "code":1185
              }
            },
            {
              "name":"European Terrestrial Reference Frame 2000",
              "id":{
                "authority":"EPSG",
                "code":1186
              }
            },
            {
              "name":"European Terrestrial Reference Frame 2005",
              "id":{
                "authority":"EPSG",
                "code":1204
              }
            },
            {
              "name":"European Terrestrial Reference Frame 2014",
              "id":{
                "authority":"EPSG",
                "code":1206
              }
            },
            {
              "name":"European Terrestrial Reference Frame 2020",
              "id":{
                "authority":"EPSG",
                "code":1382
              }
            }
          ],
          "ellipsoid":{
            "name":"GRS 1980",
            "semi_major_axis":6378137,
            "inverse_flattening":298.257222101
          },
          "accuracy":"0.1",
          "id":{
            "authority":"EPSG",
            "code":6258
          }
        },
        "coordinate_system":{
          "subtype":"ellipsoidal",
          "axis":[
            {
              "name":"Geodetic latitude",
              "abbreviation":"Lat",
              "direction":"north",
              "unit":"degree"
            },
            {
              "name":"Geodetic longitude",
              "abbreviation":"Lon",
              "direction":"east",
              "unit":"degree"
            }
          ]
        },
        "id":{
          "authority":"EPSG",
          "code":4258
        },
        "remarks":"Has been realized through ETRF89, ETRF90, ETRF91, ETRF92, ETRF93, ETRF94, ETRF96, ETRF97, ETRF2000, ETRF2005 and ETRF2014. This 'ensemble' covers any or all of these realizations without distinction."
      },
      "conversion":{
        "name":"UTM zone 32N",
        "method":{
          "name":"Transverse Mercator",
          "id":{
            "authority":"EPSG",
            "code":9807
          }
        },
        "parameters":[
          {
            "name":"Latitude of natural origin",
            "value":0,
            "unit":"degree",
            "id":{
              "authority":"EPSG",
              "code":8801
            }
          },
          {
            "name":"Longitude of natural origin",
            "value":9,
            "unit":"degree",
            "id":{
              "authority":"EPSG",
              "code":8802
            }
          },
          {
            "name":"Scale factor at natural origin",
            "value":0.9996,
            "unit":"unity",
            "id":{
              "authority":"EPSG",
              "code":8805
            }
          },
          {
            "name":"False easting",
            "value":500000,
            "unit":"metre",
            "id":{
              "authority":"EPSG",
              "code":8806
            }
          },
          {
            "name":"False northing",
            "value":0,
            "unit":"metre",
            "id":{
              "authority":"EPSG",
              "code":8807
            }
          }
        ]
      },
      "coordinate_system":{
        "subtype":"Cartesian",
        "axis":[
          {
            "name":"Easting",
            "abbreviation":"E",
            "direction":"east",
            "unit":"metre"
          },
          {
            "name":"Northing",
            "abbreviation":"N",
            "direction":"north",
            "unit":"metre"
          }
        ]
      },
      "usages":[
        {
          "scope":"Engineering survey, topographic mapping.",
          "area":"Europe between 6°E and 12°E: Austria; Denmark - onshore and offshore; Germany - onshore and offshore; Italy - onshore and offshore; Norway including Svalbard - onshore and offshore; Spain - offshore.",
          "bbox":{
            "south_latitude":36.53,
            "west_longitude":6,
            "north_latitude":84.01,
            "east_longitude":12.01
          }
        },
        {
          "scope":"Pan-European conformal mapping at scales larger than 1:500,000.",
          "area":"Europe between 6°E and 12°E and approximately 36°30'N to 84°N.",
          "bbox":{
            "south_latitude":36.53,
            "west_longitude":6,
            "north_latitude":84.01,
            "east_longitude":12.01
          }
        }
      ],
      "id":{
        "authority":"EPSG",
        "code":25832
      }
    },
    "proj:transform":[
      0.09,
      0.0,
      497060.6479999999864958,
      0.0,
      -0.09,
      5419425.2949999999254942
    ],
    "raster:bands":[
      {
        "data_type":"float32",
        "nodata":-9999.0
      }
    ],
    "eo:bands":[
      {
        "name":"b1",
        "description":"Gray"
      }
    ]
  }
}
2026-07-14T15:32:08+0000	command=gdalinfo -json /workspace/JointBuildGS/fair-pilot/staging/area3_work_epsg25832/ortho_09cm_area3_epsg25832.tif
{
  "description":"/workspace/JointBuildGS/fair-pilot/staging/area3_work_epsg25832/ortho_09cm_area3_epsg25832.tif",
  "driverShortName":"GTiff",
  "driverLongName":"GeoTIFF",
  "files":[
    "/workspace/JointBuildGS/fair-pilot/staging/area3_work_epsg25832/ortho_09cm_area3_epsg25832.tif"
  ],
  "size":[
    1665,
    2498
  ],
  "coordinateSystem":{
    "wkt":"PROJCRS[\"ETRS89 / UTM zone 32N\",\n    BASEGEOGCRS[\"ETRS89\",\n        ENSEMBLE[\"European Terrestrial Reference System 1989 ensemble\",\n            MEMBER[\"European Terrestrial Reference Frame 1989\"],\n            MEMBER[\"European Terrestrial Reference Frame 1990\"],\n            MEMBER[\"European Terrestrial Reference Frame 1991\"],\n            MEMBER[\"European Terrestrial Reference Frame 1992\"],\n            MEMBER[\"European Terrestrial Reference Frame 1993\"],\n            MEMBER[\"European Terrestrial Reference Frame 1994\"],\n            MEMBER[\"European Terrestrial Reference Frame 1996\"],\n            MEMBER[\"European Terrestrial Reference Frame 1997\"],\n            MEMBER[\"European Terrestrial Reference Frame 2000\"],\n            MEMBER[\"European Terrestrial Reference Frame 2005\"],\n            MEMBER[\"European Terrestrial Reference Frame 2014\"],\n            MEMBER[\"European Terrestrial Reference Frame 2020\"],\n            ELLIPSOID[\"GRS 1980\",6378137,298.257222101,\n                LENGTHUNIT[\"metre\",1]],\n            ENSEMBLEACCURACY[0.1]],\n        PRIMEM[\"Greenwich\",0,\n            ANGLEUNIT[\"degree\",0.0174532925199433]],\n        ID[\"EPSG\",4258]],\n    CONVERSION[\"UTM zone 32N\",\n        METHOD[\"Transverse Mercator\",\n            ID[\"EPSG\",9807]],\n        PARAMETER[\"Latitude of natural origin\",0,\n            ANGLEUNIT[\"degree\",0.0174532925199433],\n            ID[\"EPSG\",8801]],\n        PARAMETER[\"Longitude of natural origin\",9,\n            ANGLEUNIT[\"degree\",0.0174532925199433],\n            ID[\"EPSG\",8802]],\n        PARAMETER[\"Scale factor at natural origin\",0.9996,\n            SCALEUNIT[\"unity\",1],\n            ID[\"EPSG\",8805]],\n        PARAMETER[\"False easting\",500000,\n            LENGTHUNIT[\"metre\",1],\n            ID[\"EPSG\",8806]],\n        PARAMETER[\"False northing\",0,\n            LENGTHUNIT[\"metre\",1],\n            ID[\"EPSG\",8807]]],\n    CS[Cartesian,2],\n        AXIS[\"(E)\",east,\n            ORDER[1],\n            LENGTHUNIT[\"metre\",1]],\n        AXIS[\"(N)\",north,\n            ORDER[2],\n            LENGTHUNIT[\"metre\",1]],\n    USAGE[\n        SCOPE[\"Engineering survey, topographic mapping.\"],\n        AREA[\"Europe between 6°E and 12°E: Austria; Denmark - onshore and offshore; Germany - onshore and offshore; Italy - onshore and offshore; Norway including Svalbard - onshore and offshore; Spain - offshore.\"],\n        BBOX[36.53,6,84.01,12.01]],\n    USAGE[\n        SCOPE[\"Pan-European conformal mapping at scales larger than 1:500,000.\"],\n        AREA[\"Europe between 6°E and 12°E and approximately 36°30'N to 84°N.\"],\n        BBOX[36.53,6,84.01,12.01]],\n    ID[\"EPSG\",25832]]",
    "dataAxisToSRSAxisMapping":[
      1,
      2
    ]
  },
  "geoTransform":[
    497060.6479999999864958,
    0.09,
    0.0,
    5419425.2949999999254942,
    0.0,
    -0.09
  ],
  "metadata":{
    "":{
      "AREA_OR_POINT":"Area"
    },
    "IMAGE_STRUCTURE":{
      "COMPRESSION":"DEFLATE",
      "INTERLEAVE":"PIXEL"
    }
  },
  "cornerCoordinates":{
    "upperLeft":[
      497060.648,
      5419425.295
    ],
    "lowerLeft":[
      497060.648,
      5419200.475
    ],
    "lowerRight":[
      497210.498,
      5419200.475
    ],
    "upperRight":[
      497210.498,
      5419425.295
    ],
    "center":[
      497135.573,
      5419312.885
    ]
  },
  "wgs84Extent":{
    "type":"Polygon",
    "coordinates":[
      [
        [
          8.9598714,
          48.9277534
        ],
        [
          8.959873,
          48.925731
        ],
        [
          8.9619187,
          48.9257317
        ],
        [
          8.9619172,
          48.9277541
        ],
        [
          8.9598714,
          48.9277534
        ]
      ]
    ]
  },
  "bands":[
    {
      "band":1,
      "block":[
        256,
        256
      ],
      "type":"Byte",
      "colorInterpretation":"Red",
      "noDataValue":0,
      "metadata":{}
    },
    {
      "band":2,
      "block":[
        256,
        256
      ],
      "type":"Byte",
      "colorInterpretation":"Green",
      "noDataValue":0,
      "metadata":{}
    },
    {
      "band":3,
      "block":[
        256,
        256
      ],
      "type":"Byte",
      "colorInterpretation":"Blue",
      "noDataValue":0,
      "metadata":{}
    }
  ],
  "stac":{
    "proj:shape":[
      2498,
      1665
    ],
    "proj:wkt2":"PROJCRS[\"ETRS89 / UTM zone 32N\",\n    BASEGEOGCRS[\"ETRS89\",\n        ENSEMBLE[\"European Terrestrial Reference System 1989 ensemble\",\n            MEMBER[\"European Terrestrial Reference Frame 1989\"],\n            MEMBER[\"European Terrestrial Reference Frame 1990\"],\n            MEMBER[\"European Terrestrial Reference Frame 1991\"],\n            MEMBER[\"European Terrestrial Reference Frame 1992\"],\n            MEMBER[\"European Terrestrial Reference Frame 1993\"],\n            MEMBER[\"European Terrestrial Reference Frame 1994\"],\n            MEMBER[\"European Terrestrial Reference Frame 1996\"],\n            MEMBER[\"European Terrestrial Reference Frame 1997\"],\n            MEMBER[\"European Terrestrial Reference Frame 2000\"],\n            MEMBER[\"European Terrestrial Reference Frame 2005\"],\n            MEMBER[\"European Terrestrial Reference Frame 2014\"],\n            MEMBER[\"European Terrestrial Reference Frame 2020\"],\n            ELLIPSOID[\"GRS 1980\",6378137,298.257222101,\n                LENGTHUNIT[\"metre\",1]],\n            ENSEMBLEACCURACY[0.1]],\n        PRIMEM[\"Greenwich\",0,\n            ANGLEUNIT[\"degree\",0.0174532925199433]],\n        ID[\"EPSG\",4258]],\n    CONVERSION[\"UTM zone 32N\",\n        METHOD[\"Transverse Mercator\",\n            ID[\"EPSG\",9807]],\n        PARAMETER[\"Latitude of natural origin\",0,\n            ANGLEUNIT[\"degree\",0.0174532925199433],\n            ID[\"EPSG\",8801]],\n        PARAMETER[\"Longitude of natural origin\",9,\n            ANGLEUNIT[\"degree\",0.0174532925199433],\n            ID[\"EPSG\",8802]],\n        PARAMETER[\"Scale factor at natural origin\",0.9996,\n            SCALEUNIT[\"unity\",1],\n            ID[\"EPSG\",8805]],\n        PARAMETER[\"False easting\",500000,\n            LENGTHUNIT[\"metre\",1],\n            ID[\"EPSG\",8806]],\n        PARAMETER[\"False northing\",0,\n            LENGTHUNIT[\"metre\",1],\n            ID[\"EPSG\",8807]]],\n    CS[Cartesian,2],\n        AXIS[\"(E)\",east,\n            ORDER[1],\n            LENGTHUNIT[\"metre\",1]],\n        AXIS[\"(N)\",north,\n            ORDER[2],\n            LENGTHUNIT[\"metre\",1]],\n    USAGE[\n        SCOPE[\"Engineering survey, topographic mapping.\"],\n        AREA[\"Europe between 6°E and 12°E: Austria; Denmark - onshore and offshore; Germany - onshore and offshore; Italy - onshore and offshore; Norway including Svalbard - onshore and offshore; Spain - offshore.\"],\n        BBOX[36.53,6,84.01,12.01]],\n    USAGE[\n        SCOPE[\"Pan-European conformal mapping at scales larger than 1:500,000.\"],\n        AREA[\"Europe between 6°E and 12°E and approximately 36°30'N to 84°N.\"],\n        BBOX[36.53,6,84.01,12.01]],\n    ID[\"EPSG\",25832]]",
    "proj:epsg":25832,
    "proj:projjson":{
      "$schema":"https://proj.org/schemas/v0.7/projjson.schema.json",
      "type":"ProjectedCRS",
      "name":"ETRS89 / UTM zone 32N",
      "base_crs":{
        "type":"GeographicCRS",
        "name":"ETRS89",
        "datum_ensemble":{
          "name":"European Terrestrial Reference System 1989 ensemble",
          "members":[
            {
              "name":"European Terrestrial Reference Frame 1989",
              "id":{
                "authority":"EPSG",
                "code":1178
              }
            },
            {
              "name":"European Terrestrial Reference Frame 1990",
              "id":{
                "authority":"EPSG",
                "code":1179
              }
            },
            {
              "name":"European Terrestrial Reference Frame 1991",
              "id":{
                "authority":"EPSG",
                "code":1180
              }
            },
            {
              "name":"European Terrestrial Reference Frame 1992",
              "id":{
                "authority":"EPSG",
                "code":1181
              }
            },
            {
              "name":"European Terrestrial Reference Frame 1993",
              "id":{
                "authority":"EPSG",
                "code":1182
              }
            },
            {
              "name":"European Terrestrial Reference Frame 1994",
              "id":{
                "authority":"EPSG",
                "code":1183
              }
            },
            {
              "name":"European Terrestrial Reference Frame 1996",
              "id":{
                "authority":"EPSG",
                "code":1184
              }
            },
            {
              "name":"European Terrestrial Reference Frame 1997",
              "id":{
                "authority":"EPSG",
                "code":1185
              }
            },
            {
              "name":"European Terrestrial Reference Frame 2000",
              "id":{
                "authority":"EPSG",
                "code":1186
              }
            },
            {
              "name":"European Terrestrial Reference Frame 2005",
              "id":{
                "authority":"EPSG",
                "code":1204
              }
            },
            {
              "name":"European Terrestrial Reference Frame 2014",
              "id":{
                "authority":"EPSG",
                "code":1206
              }
            },
            {
              "name":"European Terrestrial Reference Frame 2020",
              "id":{
                "authority":"EPSG",
                "code":1382
              }
            }
          ],
          "ellipsoid":{
            "name":"GRS 1980",
            "semi_major_axis":6378137,
            "inverse_flattening":298.257222101
          },
          "accuracy":"0.1",
          "id":{
            "authority":"EPSG",
            "code":6258
          }
        },
        "coordinate_system":{
          "subtype":"ellipsoidal",
          "axis":[
            {
              "name":"Geodetic latitude",
              "abbreviation":"Lat",
              "direction":"north",
              "unit":"degree"
            },
            {
              "name":"Geodetic longitude",
              "abbreviation":"Lon",
              "direction":"east",
              "unit":"degree"
            }
          ]
        },
        "id":{
          "authority":"EPSG",
          "code":4258
        },
        "remarks":"Has been realized through ETRF89, ETRF90, ETRF91, ETRF92, ETRF93, ETRF94, ETRF96, ETRF97, ETRF2000, ETRF2005 and ETRF2014. This 'ensemble' covers any or all of these realizations without distinction."
      },
      "conversion":{
        "name":"UTM zone 32N",
        "method":{
          "name":"Transverse Mercator",
          "id":{
            "authority":"EPSG",
            "code":9807
          }
        },
        "parameters":[
          {
            "name":"Latitude of natural origin",
            "value":0,
            "unit":"degree",
            "id":{
              "authority":"EPSG",
              "code":8801
            }
          },
          {
            "name":"Longitude of natural origin",
            "value":9,
            "unit":"degree",
            "id":{
              "authority":"EPSG",
              "code":8802
            }
          },
          {
            "name":"Scale factor at natural origin",
            "value":0.9996,
            "unit":"unity",
            "id":{
              "authority":"EPSG",
              "code":8805
            }
          },
          {
            "name":"False easting",
            "value":500000,
            "unit":"metre",
            "id":{
              "authority":"EPSG",
              "code":8806
            }
          },
          {
            "name":"False northing",
            "value":0,
            "unit":"metre",
            "id":{
              "authority":"EPSG",
              "code":8807
            }
          }
        ]
      },
      "coordinate_system":{
        "subtype":"Cartesian",
        "axis":[
          {
            "name":"Easting",
            "abbreviation":"E",
            "direction":"east",
            "unit":"metre"
          },
          {
            "name":"Northing",
            "abbreviation":"N",
            "direction":"north",
            "unit":"metre"
          }
        ]
      },
      "usages":[
        {
          "scope":"Engineering survey, topographic mapping.",
          "area":"Europe between 6°E and 12°E: Austria; Denmark - onshore and offshore; Germany - onshore and offshore; Italy - onshore and offshore; Norway including Svalbard - onshore and offshore; Spain - offshore.",
          "bbox":{
            "south_latitude":36.53,
            "west_longitude":6,
            "north_latitude":84.01,
            "east_longitude":12.01
          }
        },
        {
          "scope":"Pan-European conformal mapping at scales larger than 1:500,000.",
          "area":"Europe between 6°E and 12°E and approximately 36°30'N to 84°N.",
          "bbox":{
            "south_latitude":36.53,
            "west_longitude":6,
            "north_latitude":84.01,
            "east_longitude":12.01
          }
        }
      ],
      "id":{
        "authority":"EPSG",
        "code":25832
      }
    },
    "proj:transform":[
      0.09,
      0.0,
      497060.6479999999864958,
      0.0,
      -0.09,
      5419425.2949999999254942
    ],
    "raster:bands":[
      {
        "data_type":"uint8",
        "nodata":0
      },
      {
        "data_type":"uint8",
        "nodata":0
      },
      {
        "data_type":"uint8",
        "nodata":0
      }
    ],
    "eo:bands":[
      {
        "name":"b1",
        "description":"Red",
        "common_name":"red"
      },
      {
        "name":"b2",
        "description":"Green",
        "common_name":"green"
      },
      {
        "name":"b3",
        "description":"Blue",
        "common_name":"blue"
      }
    ]
  }
}
2026-07-14T15:32:08+0000	command=gdal_translate -of ENVI -ot Float32 /workspace/JointBuildGS/fair-pilot/staging/area3_work_epsg25832/dim_official_09cm_area3_epsg25832.tif /workspace/JointBuildGS/fair-pilot/runs/20260714_vaihingen_area3/tmp/dim_official.bin
Input file size is 1665, 2498
0...10...20...30...40...50...60...70...80...90...100 - done.
2026-07-14T15:32:08+0000	command=gdal_translate -of PNG /workspace/JointBuildGS/fair-pilot/staging/area3_work_epsg25832/ortho_09cm_area3_epsg25832.tif /workspace/JointBuildGS/fair-pilot/runs/20260714_vaihingen_area3/tmp/ortho.png
Input file size is 1665, 2498
0...10...20...30...40...50...60...70...80...90...100 - done.
2026-07-14T15:32:11+0000	stage=stats_candidates item=1/57 candidate_id=vaihingen_a3_000
2026-07-14T15:32:11+0000	stage=stats_candidates item=2/57 candidate_id=vaihingen_a3_001
2026-07-14T15:32:11+0000	stage=stats_candidates item=3/57 candidate_id=vaihingen_a3_002
2026-07-14T15:32:11+0000	stage=stats_candidates item=4/57 candidate_id=vaihingen_a3_003
2026-07-14T15:32:11+0000	stage=stats_candidates item=5/57 candidate_id=vaihingen_a3_004
2026-07-14T15:32:11+0000	stage=stats_candidates item=6/57 candidate_id=vaihingen_a3_005
2026-07-14T15:32:11+0000	stage=stats_candidates item=7/57 candidate_id=vaihingen_a3_006
2026-07-14T15:32:11+0000	stage=stats_candidates item=8/57 candidate_id=vaihingen_a3_007
2026-07-14T15:32:11+0000	stage=stats_candidates item=9/57 candidate_id=vaihingen_a3_008
2026-07-14T15:32:11+0000	stage=stats_candidates item=10/57 candidate_id=vaihingen_a3_009
2026-07-14T15:32:11+0000	stage=stats_candidates item=11/57 candidate_id=vaihingen_a3_010
2026-07-14T15:32:11+0000	stage=stats_candidates item=12/57 candidate_id=vaihingen_a3_011
2026-07-14T15:32:12+0000	stage=stats_candidates item=13/57 candidate_id=vaihingen_a3_012
2026-07-14T15:32:12+0000	stage=stats_candidates item=14/57 candidate_id=vaihingen_a3_013
2026-07-14T15:32:12+0000	stage=stats_candidates item=15/57 candidate_id=vaihingen_a3_014
2026-07-14T15:32:12+0000	stage=stats_candidates item=16/57 candidate_id=vaihingen_a3_015
2026-07-14T15:32:12+0000	stage=stats_candidates item=17/57 candidate_id=vaihingen_a3_016
2026-07-14T15:32:12+0000	stage=stats_candidates item=18/57 candidate_id=vaihingen_a3_017
2026-07-14T15:32:12+0000	stage=stats_candidates item=19/57 candidate_id=vaihingen_a3_018
2026-07-14T15:32:12+0000	stage=stats_candidates item=20/57 candidate_id=vaihingen_a3_019
2026-07-14T15:32:12+0000	stage=stats_candidates item=21/57 candidate_id=vaihingen_a3_020
2026-07-14T15:32:13+0000	stage=stats_candidates item=22/57 candidate_id=vaihingen_a3_021
2026-07-14T15:32:13+0000	stage=stats_candidates item=23/57 candidate_id=vaihingen_a3_022
2026-07-14T15:32:13+0000	stage=stats_candidates item=24/57 candidate_id=vaihingen_a3_023
2026-07-14T15:32:13+0000	stage=stats_candidates item=25/57 candidate_id=vaihingen_a3_024
2026-07-14T15:32:13+0000	stage=stats_candidates item=26/57 candidate_id=vaihingen_a3_025
2026-07-14T15:32:13+0000	stage=stats_candidates item=27/57 candidate_id=vaihingen_a3_026
2026-07-14T15:32:13+0000	stage=stats_candidates item=28/57 candidate_id=vaihingen_a3_027
2026-07-14T15:32:13+0000	stage=stats_candidates item=29/57 candidate_id=vaihingen_a3_028
2026-07-14T15:32:13+0000	stage=stats_candidates item=30/57 candidate_id=vaihingen_a3_029
2026-07-14T15:32:13+0000	stage=stats_candidates item=31/57 candidate_id=vaihingen_a3_030
2026-07-14T15:32:13+0000	stage=stats_candidates item=32/57 candidate_id=vaihingen_a3_031
2026-07-14T15:32:13+0000	stage=stats_candidates item=33/57 candidate_id=vaihingen_a3_032
2026-07-14T15:32:14+0000	stage=stats_candidates item=34/57 candidate_id=vaihingen_a3_033
2026-07-14T15:32:14+0000	stage=stats_candidates item=35/57 candidate_id=vaihingen_a3_034
2026-07-14T15:32:14+0000	stage=stats_candidates item=36/57 candidate_id=vaihingen_a3_035
2026-07-14T15:32:14+0000	stage=stats_candidates item=37/57 candidate_id=vaihingen_a3_036
2026-07-14T15:32:14+0000	stage=stats_candidates item=38/57 candidate_id=vaihingen_a3_037
2026-07-14T15:32:14+0000	stage=stats_candidates item=39/57 candidate_id=vaihingen_a3_038
2026-07-14T15:32:14+0000	stage=stats_candidates item=40/57 candidate_id=vaihingen_a3_039
2026-07-14T15:32:14+0000	stage=stats_candidates item=41/57 candidate_id=vaihingen_a3_040
2026-07-14T15:32:14+0000	stage=stats_candidates item=42/57 candidate_id=vaihingen_a3_041
2026-07-14T15:32:14+0000	stage=stats_candidates item=43/57 candidate_id=vaihingen_a3_042
2026-07-14T15:32:14+0000	stage=stats_candidates item=44/57 candidate_id=vaihingen_a3_043
2026-07-14T15:32:15+0000	stage=stats_candidates item=45/57 candidate_id=vaihingen_a3_044
2026-07-14T15:32:15+0000	stage=stats_candidates item=46/57 candidate_id=vaihingen_a3_045
2026-07-14T15:32:15+0000	stage=stats_candidates item=47/57 candidate_id=vaihingen_a3_046
2026-07-14T15:32:15+0000	stage=stats_candidates item=48/57 candidate_id=vaihingen_a3_047
2026-07-14T15:32:15+0000	stage=stats_candidates item=49/57 candidate_id=vaihingen_a3_048
2026-07-14T15:32:15+0000	stage=stats_candidates item=50/57 candidate_id=vaihingen_a3_049
2026-07-14T15:32:15+0000	stage=stats_candidates item=51/57 candidate_id=vaihingen_a3_050
2026-07-14T15:32:15+0000	stage=stats_candidates item=52/57 candidate_id=vaihingen_a3_051
2026-07-14T15:32:15+0000	stage=stats_candidates item=53/57 candidate_id=vaihingen_a3_052
2026-07-14T15:32:15+0000	stage=stats_candidates item=54/57 candidate_id=vaihingen_a3_053
2026-07-14T15:32:15+0000	stage=stats_candidates item=55/57 candidate_id=vaihingen_a3_054
2026-07-14T15:32:15+0000	stage=stats_candidates item=56/57 candidate_id=vaihingen_a3_055
2026-07-14T15:32:16+0000	stage=stats_candidates item=57/57 candidate_id=vaihingen_a3_056
2026-07-14T15:32:16+0000	stage=stats_candidates status=complete candidates=7 custom_mvs=partial
2026-07-14T15:34:26+0000	stage=stats_candidates status=started
2026-07-14T15:34:26+0000	command=gdalinfo -json /workspace/JointBuildGS/fair-pilot/staging/area3_work_epsg25832/dim_official_09cm_area3_epsg25832.tif
{
  "description":"/workspace/JointBuildGS/fair-pilot/staging/area3_work_epsg25832/dim_official_09cm_area3_epsg25832.tif",
  "driverShortName":"GTiff",
  "driverLongName":"GeoTIFF",
  "files":[
    "/workspace/JointBuildGS/fair-pilot/staging/area3_work_epsg25832/dim_official_09cm_area3_epsg25832.tif"
  ],
  "size":[
    1665,
    2498
  ],
  "coordinateSystem":{
    "wkt":"PROJCRS[\"ETRS89 / UTM zone 32N\",\n    BASEGEOGCRS[\"ETRS89\",\n        ENSEMBLE[\"European Terrestrial Reference System 1989 ensemble\",\n            MEMBER[\"European Terrestrial Reference Frame 1989\"],\n            MEMBER[\"European Terrestrial Reference Frame 1990\"],\n            MEMBER[\"European Terrestrial Reference Frame 1991\"],\n            MEMBER[\"European Terrestrial Reference Frame 1992\"],\n            MEMBER[\"European Terrestrial Reference Frame 1993\"],\n            MEMBER[\"European Terrestrial Reference Frame 1994\"],\n            MEMBER[\"European Terrestrial Reference Frame 1996\"],\n            MEMBER[\"European Terrestrial Reference Frame 1997\"],\n            MEMBER[\"European Terrestrial Reference Frame 2000\"],\n            MEMBER[\"European Terrestrial Reference Frame 2005\"],\n            MEMBER[\"European Terrestrial Reference Frame 2014\"],\n            MEMBER[\"European Terrestrial Reference Frame 2020\"],\n            ELLIPSOID[\"GRS 1980\",6378137,298.257222101,\n                LENGTHUNIT[\"metre\",1]],\n            ENSEMBLEACCURACY[0.1]],\n        PRIMEM[\"Greenwich\",0,\n            ANGLEUNIT[\"degree\",0.0174532925199433]],\n        ID[\"EPSG\",4258]],\n    CONVERSION[\"UTM zone 32N\",\n        METHOD[\"Transverse Mercator\",\n            ID[\"EPSG\",9807]],\n        PARAMETER[\"Latitude of natural origin\",0,\n            ANGLEUNIT[\"degree\",0.0174532925199433],\n            ID[\"EPSG\",8801]],\n        PARAMETER[\"Longitude of natural origin\",9,\n            ANGLEUNIT[\"degree\",0.0174532925199433],\n            ID[\"EPSG\",8802]],\n        PARAMETER[\"Scale factor at natural origin\",0.9996,\n            SCALEUNIT[\"unity\",1],\n            ID[\"EPSG\",8805]],\n        PARAMETER[\"False easting\",500000,\n            LENGTHUNIT[\"metre\",1],\n            ID[\"EPSG\",8806]],\n        PARAMETER[\"False northing\",0,\n            LENGTHUNIT[\"metre\",1],\n            ID[\"EPSG\",8807]]],\n    CS[Cartesian,2],\n        AXIS[\"(E)\",east,\n            ORDER[1],\n            LENGTHUNIT[\"metre\",1]],\n        AXIS[\"(N)\",north,\n            ORDER[2],\n            LENGTHUNIT[\"metre\",1]],\n    USAGE[\n        SCOPE[\"Engineering survey, topographic mapping.\"],\n        AREA[\"Europe between 6°E and 12°E: Austria; Denmark - onshore and offshore; Germany - onshore and offshore; Italy - onshore and offshore; Norway including Svalbard - onshore and offshore; Spain - offshore.\"],\n        BBOX[36.53,6,84.01,12.01]],\n    USAGE[\n        SCOPE[\"Pan-European conformal mapping at scales larger than 1:500,000.\"],\n        AREA[\"Europe between 6°E and 12°E and approximately 36°30'N to 84°N.\"],\n        BBOX[36.53,6,84.01,12.01]],\n    ID[\"EPSG\",25832]]",
    "dataAxisToSRSAxisMapping":[
      1,
      2
    ]
  },
  "geoTransform":[
    497060.6479999999864958,
    0.09,
    0.0,
    5419425.2949999999254942,
    0.0,
    -0.09
  ],
  "metadata":{
    "":{
      "AREA_OR_POINT":"Area"
    },
    "IMAGE_STRUCTURE":{
      "COMPRESSION":"DEFLATE",
      "INTERLEAVE":"BAND"
    }
  },
  "cornerCoordinates":{
    "upperLeft":[
      497060.648,
      5419425.295
    ],
    "lowerLeft":[
      497060.648,
      5419200.475
    ],
    "lowerRight":[
      497210.498,
      5419200.475
    ],
    "upperRight":[
      497210.498,
      5419425.295
    ],
    "center":[
      497135.573,
      5419312.885
    ]
  },
  "wgs84Extent":{
    "type":"Polygon",
    "coordinates":[
      [
        [
          8.9598714,
          48.9277534
        ],
        [
          8.959873,
          48.925731
        ],
        [
          8.9619187,
          48.9257317
        ],
        [
          8.9619172,
          48.9277541
        ],
        [
          8.9598714,
          48.9277534
        ]
      ]
    ]
  },
  "bands":[
    {
      "band":1,
      "block":[
        256,
        256
      ],
      "type":"Float32",
      "colorInterpretation":"Gray",
      "noDataValue":-9999.0,
      "metadata":{}
    }
  ],
  "stac":{
    "proj:shape":[
      2498,
      1665
    ],
    "proj:wkt2":"PROJCRS[\"ETRS89 / UTM zone 32N\",\n    BASEGEOGCRS[\"ETRS89\",\n        ENSEMBLE[\"European Terrestrial Reference System 1989 ensemble\",\n            MEMBER[\"European Terrestrial Reference Frame 1989\"],\n            MEMBER[\"European Terrestrial Reference Frame 1990\"],\n            MEMBER[\"European Terrestrial Reference Frame 1991\"],\n            MEMBER[\"European Terrestrial Reference Frame 1992\"],\n            MEMBER[\"European Terrestrial Reference Frame 1993\"],\n            MEMBER[\"European Terrestrial Reference Frame 1994\"],\n            MEMBER[\"European Terrestrial Reference Frame 1996\"],\n            MEMBER[\"European Terrestrial Reference Frame 1997\"],\n            MEMBER[\"European Terrestrial Reference Frame 2000\"],\n            MEMBER[\"European Terrestrial Reference Frame 2005\"],\n            MEMBER[\"European Terrestrial Reference Frame 2014\"],\n            MEMBER[\"European Terrestrial Reference Frame 2020\"],\n            ELLIPSOID[\"GRS 1980\",6378137,298.257222101,\n                LENGTHUNIT[\"metre\",1]],\n            ENSEMBLEACCURACY[0.1]],\n        PRIMEM[\"Greenwich\",0,\n            ANGLEUNIT[\"degree\",0.0174532925199433]],\n        ID[\"EPSG\",4258]],\n    CONVERSION[\"UTM zone 32N\",\n        METHOD[\"Transverse Mercator\",\n            ID[\"EPSG\",9807]],\n        PARAMETER[\"Latitude of natural origin\",0,\n            ANGLEUNIT[\"degree\",0.0174532925199433],\n            ID[\"EPSG\",8801]],\n        PARAMETER[\"Longitude of natural origin\",9,\n            ANGLEUNIT[\"degree\",0.0174532925199433],\n            ID[\"EPSG\",8802]],\n        PARAMETER[\"Scale factor at natural origin\",0.9996,\n            SCALEUNIT[\"unity\",1],\n            ID[\"EPSG\",8805]],\n        PARAMETER[\"False easting\",500000,\n            LENGTHUNIT[\"metre\",1],\n            ID[\"EPSG\",8806]],\n        PARAMETER[\"False northing\",0,\n            LENGTHUNIT[\"metre\",1],\n            ID[\"EPSG\",8807]]],\n    CS[Cartesian,2],\n        AXIS[\"(E)\",east,\n            ORDER[1],\n            LENGTHUNIT[\"metre\",1]],\n        AXIS[\"(N)\",north,\n            ORDER[2],\n            LENGTHUNIT[\"metre\",1]],\n    USAGE[\n        SCOPE[\"Engineering survey, topographic mapping.\"],\n        AREA[\"Europe between 6°E and 12°E: Austria; Denmark - onshore and offshore; Germany - onshore and offshore; Italy - onshore and offshore; Norway including Svalbard - onshore and offshore; Spain - offshore.\"],\n        BBOX[36.53,6,84.01,12.01]],\n    USAGE[\n        SCOPE[\"Pan-European conformal mapping at scales larger than 1:500,000.\"],\n        AREA[\"Europe between 6°E and 12°E and approximately 36°30'N to 84°N.\"],\n        BBOX[36.53,6,84.01,12.01]],\n    ID[\"EPSG\",25832]]",
    "proj:epsg":25832,
    "proj:projjson":{
      "$schema":"https://proj.org/schemas/v0.7/projjson.schema.json",
      "type":"ProjectedCRS",
      "name":"ETRS89 / UTM zone 32N",
      "base_crs":{
        "type":"GeographicCRS",
        "name":"ETRS89",
        "datum_ensemble":{
          "name":"European Terrestrial Reference System 1989 ensemble",
          "members":[
            {
              "name":"European Terrestrial Reference Frame 1989",
              "id":{
                "authority":"EPSG",
                "code":1178
              }
            },
            {
              "name":"European Terrestrial Reference Frame 1990",
              "id":{
                "authority":"EPSG",
                "code":1179
              }
            },
            {
              "name":"European Terrestrial Reference Frame 1991",
              "id":{
                "authority":"EPSG",
                "code":1180
              }
            },
            {
              "name":"European Terrestrial Reference Frame 1992",
              "id":{
                "authority":"EPSG",
                "code":1181
              }
            },
            {
              "name":"European Terrestrial Reference Frame 1993",
              "id":{
                "authority":"EPSG",
                "code":1182
              }
            },
            {
              "name":"European Terrestrial Reference Frame 1994",
              "id":{
                "authority":"EPSG",
                "code":1183
              }
            },
            {
              "name":"European Terrestrial Reference Frame 1996",
              "id":{
                "authority":"EPSG",
                "code":1184
              }
            },
            {
              "name":"European Terrestrial Reference Frame 1997",
              "id":{
                "authority":"EPSG",
                "code":1185
              }
            },
            {
              "name":"European Terrestrial Reference Frame 2000",
              "id":{
                "authority":"EPSG",
                "code":1186
              }
            },
            {
              "name":"European Terrestrial Reference Frame 2005",
              "id":{
                "authority":"EPSG",
                "code":1204
              }
            },
            {
              "name":"European Terrestrial Reference Frame 2014",
              "id":{
                "authority":"EPSG",
                "code":1206
              }
            },
            {
              "name":"European Terrestrial Reference Frame 2020",
              "id":{
                "authority":"EPSG",
                "code":1382
              }
            }
          ],
          "ellipsoid":{
            "name":"GRS 1980",
            "semi_major_axis":6378137,
            "inverse_flattening":298.257222101
          },
          "accuracy":"0.1",
          "id":{
            "authority":"EPSG",
            "code":6258
          }
        },
        "coordinate_system":{
          "subtype":"ellipsoidal",
          "axis":[
            {
              "name":"Geodetic latitude",
              "abbreviation":"Lat",
              "direction":"north",
              "unit":"degree"
            },
            {
              "name":"Geodetic longitude",
              "abbreviation":"Lon",
              "direction":"east",
              "unit":"degree"
            }
          ]
        },
        "id":{
          "authority":"EPSG",
          "code":4258
        },
        "remarks":"Has been realized through ETRF89, ETRF90, ETRF91, ETRF92, ETRF93, ETRF94, ETRF96, ETRF97, ETRF2000, ETRF2005 and ETRF2014. This 'ensemble' covers any or all of these realizations without distinction."
      },
      "conversion":{
        "name":"UTM zone 32N",
        "method":{
          "name":"Transverse Mercator",
          "id":{
            "authority":"EPSG",
            "code":9807
          }
        },
        "parameters":[
          {
            "name":"Latitude of natural origin",
            "value":0,
            "unit":"degree",
            "id":{
              "authority":"EPSG",
              "code":8801
            }
          },
          {
            "name":"Longitude of natural origin",
            "value":9,
            "unit":"degree",
            "id":{
              "authority":"EPSG",
              "code":8802
            }
          },
          {
            "name":"Scale factor at natural origin",
            "value":0.9996,
            "unit":"unity",
            "id":{
              "authority":"EPSG",
              "code":8805
            }
          },
          {
            "name":"False easting",
            "value":500000,
            "unit":"metre",
            "id":{
              "authority":"EPSG",
              "code":8806
            }
          },
          {
            "name":"False northing",
            "value":0,
            "unit":"metre",
            "id":{
              "authority":"EPSG",
              "code":8807
            }
          }
        ]
      },
      "coordinate_system":{
        "subtype":"Cartesian",
        "axis":[
          {
            "name":"Easting",
            "abbreviation":"E",
            "direction":"east",
            "unit":"metre"
          },
          {
            "name":"Northing",
            "abbreviation":"N",
            "direction":"north",
            "unit":"metre"
          }
        ]
      },
      "usages":[
        {
          "scope":"Engineering survey, topographic mapping.",
          "area":"Europe between 6°E and 12°E: Austria; Denmark - onshore and offshore; Germany - onshore and offshore; Italy - onshore and offshore; Norway including Svalbard - onshore and offshore; Spain - offshore.",
          "bbox":{
            "south_latitude":36.53,
            "west_longitude":6,
            "north_latitude":84.01,
            "east_longitude":12.01
          }
        },
        {
          "scope":"Pan-European conformal mapping at scales larger than 1:500,000.",
          "area":"Europe between 6°E and 12°E and approximately 36°30'N to 84°N.",
          "bbox":{
            "south_latitude":36.53,
            "west_longitude":6,
            "north_latitude":84.01,
            "east_longitude":12.01
          }
        }
      ],
      "id":{
        "authority":"EPSG",
        "code":25832
      }
    },
    "proj:transform":[
      0.09,
      0.0,
      497060.6479999999864958,
      0.0,
      -0.09,
      5419425.2949999999254942
    ],
    "raster:bands":[
      {
        "data_type":"float32",
        "nodata":-9999.0
      }
    ],
    "eo:bands":[
      {
        "name":"b1",
        "description":"Gray"
      }
    ]
  }
}
2026-07-14T15:34:26+0000	command=gdalinfo -json /workspace/JointBuildGS/fair-pilot/staging/area3_work_epsg25832/ortho_09cm_area3_epsg25832.tif
{
  "description":"/workspace/JointBuildGS/fair-pilot/staging/area3_work_epsg25832/ortho_09cm_area3_epsg25832.tif",
  "driverShortName":"GTiff",
  "driverLongName":"GeoTIFF",
  "files":[
    "/workspace/JointBuildGS/fair-pilot/staging/area3_work_epsg25832/ortho_09cm_area3_epsg25832.tif"
  ],
  "size":[
    1665,
    2498
  ],
  "coordinateSystem":{
    "wkt":"PROJCRS[\"ETRS89 / UTM zone 32N\",\n    BASEGEOGCRS[\"ETRS89\",\n        ENSEMBLE[\"European Terrestrial Reference System 1989 ensemble\",\n            MEMBER[\"European Terrestrial Reference Frame 1989\"],\n            MEMBER[\"European Terrestrial Reference Frame 1990\"],\n            MEMBER[\"European Terrestrial Reference Frame 1991\"],\n            MEMBER[\"European Terrestrial Reference Frame 1992\"],\n            MEMBER[\"European Terrestrial Reference Frame 1993\"],\n            MEMBER[\"European Terrestrial Reference Frame 1994\"],\n            MEMBER[\"European Terrestrial Reference Frame 1996\"],\n            MEMBER[\"European Terrestrial Reference Frame 1997\"],\n            MEMBER[\"European Terrestrial Reference Frame 2000\"],\n            MEMBER[\"European Terrestrial Reference Frame 2005\"],\n            MEMBER[\"European Terrestrial Reference Frame 2014\"],\n            MEMBER[\"European Terrestrial Reference Frame 2020\"],\n            ELLIPSOID[\"GRS 1980\",6378137,298.257222101,\n                LENGTHUNIT[\"metre\",1]],\n            ENSEMBLEACCURACY[0.1]],\n        PRIMEM[\"Greenwich\",0,\n            ANGLEUNIT[\"degree\",0.0174532925199433]],\n        ID[\"EPSG\",4258]],\n    CONVERSION[\"UTM zone 32N\",\n        METHOD[\"Transverse Mercator\",\n            ID[\"EPSG\",9807]],\n        PARAMETER[\"Latitude of natural origin\",0,\n            ANGLEUNIT[\"degree\",0.0174532925199433],\n            ID[\"EPSG\",8801]],\n        PARAMETER[\"Longitude of natural origin\",9,\n            ANGLEUNIT[\"degree\",0.0174532925199433],\n            ID[\"EPSG\",8802]],\n        PARAMETER[\"Scale factor at natural origin\",0.9996,\n            SCALEUNIT[\"unity\",1],\n            ID[\"EPSG\",8805]],\n        PARAMETER[\"False easting\",500000,\n            LENGTHUNIT[\"metre\",1],\n            ID[\"EPSG\",8806]],\n        PARAMETER[\"False northing\",0,\n            LENGTHUNIT[\"metre\",1],\n            ID[\"EPSG\",8807]]],\n    CS[Cartesian,2],\n        AXIS[\"(E)\",east,\n            ORDER[1],\n            LENGTHUNIT[\"metre\",1]],\n        AXIS[\"(N)\",north,\n            ORDER[2],\n            LENGTHUNIT[\"metre\",1]],\n    USAGE[\n        SCOPE[\"Engineering survey, topographic mapping.\"],\n        AREA[\"Europe between 6°E and 12°E: Austria; Denmark - onshore and offshore; Germany - onshore and offshore; Italy - onshore and offshore; Norway including Svalbard - onshore and offshore; Spain - offshore.\"],\n        BBOX[36.53,6,84.01,12.01]],\n    USAGE[\n        SCOPE[\"Pan-European conformal mapping at scales larger than 1:500,000.\"],\n        AREA[\"Europe between 6°E and 12°E and approximately 36°30'N to 84°N.\"],\n        BBOX[36.53,6,84.01,12.01]],\n    ID[\"EPSG\",25832]]",
    "dataAxisToSRSAxisMapping":[
      1,
      2
    ]
  },
  "geoTransform":[
    497060.6479999999864958,
    0.09,
    0.0,
    5419425.2949999999254942,
    0.0,
    -0.09
  ],
  "metadata":{
    "":{
      "AREA_OR_POINT":"Area"
    },
    "IMAGE_STRUCTURE":{
      "COMPRESSION":"DEFLATE",
      "INTERLEAVE":"PIXEL"
    }
  },
  "cornerCoordinates":{
    "upperLeft":[
      497060.648,
      5419425.295
    ],
    "lowerLeft":[
      497060.648,
      5419200.475
    ],
    "lowerRight":[
      497210.498,
      5419200.475
    ],
    "upperRight":[
      497210.498,
      5419425.295
    ],
    "center":[
      497135.573,
      5419312.885
    ]
  },
  "wgs84Extent":{
    "type":"Polygon",
    "coordinates":[
      [
        [
          8.9598714,
          48.9277534
        ],
        [
          8.959873,
          48.925731
        ],
        [
          8.9619187,
          48.9257317
        ],
        [
          8.9619172,
          48.9277541
        ],
        [
          8.9598714,
          48.9277534
        ]
      ]
    ]
  },
  "bands":[
    {
      "band":1,
      "block":[
        256,
        256
      ],
      "type":"Byte",
      "colorInterpretation":"Red",
      "noDataValue":0,
      "metadata":{}
    },
    {
      "band":2,
      "block":[
        256,
        256
      ],
      "type":"Byte",
      "colorInterpretation":"Green",
      "noDataValue":0,
      "metadata":{}
    },
    {
      "band":3,
      "block":[
        256,
        256
      ],
      "type":"Byte",
      "colorInterpretation":"Blue",
      "noDataValue":0,
      "metadata":{}
    }
  ],
  "stac":{
    "proj:shape":[
      2498,
      1665
    ],
    "proj:wkt2":"PROJCRS[\"ETRS89 / UTM zone 32N\",\n    BASEGEOGCRS[\"ETRS89\",\n        ENSEMBLE[\"European Terrestrial Reference System 1989 ensemble\",\n            MEMBER[\"European Terrestrial Reference Frame 1989\"],\n            MEMBER[\"European Terrestrial Reference Frame 1990\"],\n            MEMBER[\"European Terrestrial Reference Frame 1991\"],\n            MEMBER[\"European Terrestrial Reference Frame 1992\"],\n            MEMBER[\"European Terrestrial Reference Frame 1993\"],\n            MEMBER[\"European Terrestrial Reference Frame 1994\"],\n            MEMBER[\"European Terrestrial Reference Frame 1996\"],\n            MEMBER[\"European Terrestrial Reference Frame 1997\"],\n            MEMBER[\"European Terrestrial Reference Frame 2000\"],\n            MEMBER[\"European Terrestrial Reference Frame 2005\"],\n            MEMBER[\"European Terrestrial Reference Frame 2014\"],\n            MEMBER[\"European Terrestrial Reference Frame 2020\"],\n            ELLIPSOID[\"GRS 1980\",6378137,298.257222101,\n                LENGTHUNIT[\"metre\",1]],\n            ENSEMBLEACCURACY[0.1]],\n        PRIMEM[\"Greenwich\",0,\n            ANGLEUNIT[\"degree\",0.0174532925199433]],\n        ID[\"EPSG\",4258]],\n    CONVERSION[\"UTM zone 32N\",\n        METHOD[\"Transverse Mercator\",\n            ID[\"EPSG\",9807]],\n        PARAMETER[\"Latitude of natural origin\",0,\n            ANGLEUNIT[\"degree\",0.0174532925199433],\n            ID[\"EPSG\",8801]],\n        PARAMETER[\"Longitude of natural origin\",9,\n            ANGLEUNIT[\"degree\",0.0174532925199433],\n            ID[\"EPSG\",8802]],\n        PARAMETER[\"Scale factor at natural origin\",0.9996,\n            SCALEUNIT[\"unity\",1],\n            ID[\"EPSG\",8805]],\n        PARAMETER[\"False easting\",500000,\n            LENGTHUNIT[\"metre\",1],\n            ID[\"EPSG\",8806]],\n        PARAMETER[\"False northing\",0,\n            LENGTHUNIT[\"metre\",1],\n            ID[\"EPSG\",8807]]],\n    CS[Cartesian,2],\n        AXIS[\"(E)\",east,\n            ORDER[1],\n            LENGTHUNIT[\"metre\",1]],\n        AXIS[\"(N)\",north,\n            ORDER[2],\n            LENGTHUNIT[\"metre\",1]],\n    USAGE[\n        SCOPE[\"Engineering survey, topographic mapping.\"],\n        AREA[\"Europe between 6°E and 12°E: Austria; Denmark - onshore and offshore; Germany - onshore and offshore; Italy - onshore and offshore; Norway including Svalbard - onshore and offshore; Spain - offshore.\"],\n        BBOX[36.53,6,84.01,12.01]],\n    USAGE[\n        SCOPE[\"Pan-European conformal mapping at scales larger than 1:500,000.\"],\n        AREA[\"Europe between 6°E and 12°E and approximately 36°30'N to 84°N.\"],\n        BBOX[36.53,6,84.01,12.01]],\n    ID[\"EPSG\",25832]]",
    "proj:epsg":25832,
    "proj:projjson":{
      "$schema":"https://proj.org/schemas/v0.7/projjson.schema.json",
      "type":"ProjectedCRS",
      "name":"ETRS89 / UTM zone 32N",
      "base_crs":{
        "type":"GeographicCRS",
        "name":"ETRS89",
        "datum_ensemble":{
          "name":"European Terrestrial Reference System 1989 ensemble",
          "members":[
            {
              "name":"European Terrestrial Reference Frame 1989",
              "id":{
                "authority":"EPSG",
                "code":1178
              }
            },
            {
              "name":"European Terrestrial Reference Frame 1990",
              "id":{
                "authority":"EPSG",
                "code":1179
              }
            },
            {
              "name":"European Terrestrial Reference Frame 1991",
              "id":{
                "authority":"EPSG",
                "code":1180
              }
            },
            {
              "name":"European Terrestrial Reference Frame 1992",
              "id":{
                "authority":"EPSG",
                "code":1181
              }
            },
            {
              "name":"European Terrestrial Reference Frame 1993",
              "id":{
                "authority":"EPSG",
                "code":1182
              }
            },
            {
              "name":"European Terrestrial Reference Frame 1994",
              "id":{
                "authority":"EPSG",
                "code":1183
              }
            },
            {
              "name":"European Terrestrial Reference Frame 1996",
              "id":{
                "authority":"EPSG",
                "code":1184
              }
            },
            {
              "name":"European Terrestrial Reference Frame 1997",
              "id":{
                "authority":"EPSG",
                "code":1185
              }
            },
            {
              "name":"European Terrestrial Reference Frame 2000",
              "id":{
                "authority":"EPSG",
                "code":1186
              }
            },
            {
              "name":"European Terrestrial Reference Frame 2005",
              "id":{
                "authority":"EPSG",
                "code":1204
              }
            },
            {
              "name":"European Terrestrial Reference Frame 2014",
              "id":{
                "authority":"EPSG",
                "code":1206
              }
            },
            {
              "name":"European Terrestrial Reference Frame 2020",
              "id":{
                "authority":"EPSG",
                "code":1382
              }
            }
          ],
          "ellipsoid":{
            "name":"GRS 1980",
            "semi_major_axis":6378137,
            "inverse_flattening":298.257222101
          },
          "accuracy":"0.1",
          "id":{
            "authority":"EPSG",
            "code":6258
          }
        },
        "coordinate_system":{
          "subtype":"ellipsoidal",
          "axis":[
            {
              "name":"Geodetic latitude",
              "abbreviation":"Lat",
              "direction":"north",
              "unit":"degree"
            },
            {
              "name":"Geodetic longitude",
              "abbreviation":"Lon",
              "direction":"east",
              "unit":"degree"
            }
          ]
        },
        "id":{
          "authority":"EPSG",
          "code":4258
        },
        "remarks":"Has been realized through ETRF89, ETRF90, ETRF91, ETRF92, ETRF93, ETRF94, ETRF96, ETRF97, ETRF2000, ETRF2005 and ETRF2014. This 'ensemble' covers any or all of these realizations without distinction."
      },
      "conversion":{
        "name":"UTM zone 32N",
        "method":{
          "name":"Transverse Mercator",
          "id":{
            "authority":"EPSG",
            "code":9807
          }
        },
        "parameters":[
          {
            "name":"Latitude of natural origin",
            "value":0,
            "unit":"degree",
            "id":{
              "authority":"EPSG",
              "code":8801
            }
          },
          {
            "name":"Longitude of natural origin",
            "value":9,
            "unit":"degree",
            "id":{
              "authority":"EPSG",
              "code":8802
            }
          },
          {
            "name":"Scale factor at natural origin",
            "value":0.9996,
            "unit":"unity",
            "id":{
              "authority":"EPSG",
              "code":8805
            }
          },
          {
            "name":"False easting",
            "value":500000,
            "unit":"metre",
            "id":{
              "authority":"EPSG",
              "code":8806
            }
          },
          {
            "name":"False northing",
            "value":0,
            "unit":"metre",
            "id":{
              "authority":"EPSG",
              "code":8807
            }
          }
        ]
      },
      "coordinate_system":{
        "subtype":"Cartesian",
        "axis":[
          {
            "name":"Easting",
            "abbreviation":"E",
            "direction":"east",
            "unit":"metre"
          },
          {
            "name":"Northing",
            "abbreviation":"N",
            "direction":"north",
            "unit":"metre"
          }
        ]
      },
      "usages":[
        {
          "scope":"Engineering survey, topographic mapping.",
          "area":"Europe between 6°E and 12°E: Austria; Denmark - onshore and offshore; Germany - onshore and offshore; Italy - onshore and offshore; Norway including Svalbard - onshore and offshore; Spain - offshore.",
          "bbox":{
            "south_latitude":36.53,
            "west_longitude":6,
            "north_latitude":84.01,
            "east_longitude":12.01
          }
        },
        {
          "scope":"Pan-European conformal mapping at scales larger than 1:500,000.",
          "area":"Europe between 6°E and 12°E and approximately 36°30'N to 84°N.",
          "bbox":{
            "south_latitude":36.53,
            "west_longitude":6,
            "north_latitude":84.01,
            "east_longitude":12.01
          }
        }
      ],
      "id":{
        "authority":"EPSG",
        "code":25832
      }
    },
    "proj:transform":[
      0.09,
      0.0,
      497060.6479999999864958,
      0.0,
      -0.09,
      5419425.2949999999254942
    ],
    "raster:bands":[
      {
        "data_type":"uint8",
        "nodata":0
      },
      {
        "data_type":"uint8",
        "nodata":0
      },
      {
        "data_type":"uint8",
        "nodata":0
      }
    ],
    "eo:bands":[
      {
        "name":"b1",
        "description":"Red",
        "common_name":"red"
      },
      {
        "name":"b2",
        "description":"Green",
        "common_name":"green"
      },
      {
        "name":"b3",
        "description":"Blue",
        "common_name":"blue"
      }
    ]
  }
}
2026-07-14T15:34:26+0000	command=gdal_translate -of ENVI -ot Float32 /workspace/JointBuildGS/fair-pilot/staging/area3_work_epsg25832/dim_official_09cm_area3_epsg25832.tif /workspace/JointBuildGS/fair-pilot/runs/20260714_vaihingen_area3/tmp/dim_official.bin
Input file size is 1665, 2498
0...10...20...30...40...50...60...70...80...90...100 - done.
2026-07-14T15:34:26+0000	command=gdal_translate -of PNG /workspace/JointBuildGS/fair-pilot/staging/area3_work_epsg25832/ortho_09cm_area3_epsg25832.tif /workspace/JointBuildGS/fair-pilot/runs/20260714_vaihingen_area3/tmp/ortho.png
Input file size is 1665, 2498
0...10...20...30...40...50...60...70...80...90...100 - done.
2026-07-14T15:34:28+0000	stage=stats_candidates item=1/57 candidate_id=vaihingen_a3_000
2026-07-14T15:34:28+0000	stage=stats_candidates item=2/57 candidate_id=vaihingen_a3_001
2026-07-14T15:34:29+0000	stage=stats_candidates item=3/57 candidate_id=vaihingen_a3_002
2026-07-14T15:34:29+0000	stage=stats_candidates item=4/57 candidate_id=vaihingen_a3_003
2026-07-14T15:34:29+0000	stage=stats_candidates item=5/57 candidate_id=vaihingen_a3_004
2026-07-14T15:34:29+0000	stage=stats_candidates item=6/57 candidate_id=vaihingen_a3_005
2026-07-14T15:34:29+0000	stage=stats_candidates item=7/57 candidate_id=vaihingen_a3_006
2026-07-14T15:34:29+0000	stage=stats_candidates item=8/57 candidate_id=vaihingen_a3_007
2026-07-14T15:34:29+0000	stage=stats_candidates item=9/57 candidate_id=vaihingen_a3_008
2026-07-14T15:34:29+0000	stage=stats_candidates item=10/57 candidate_id=vaihingen_a3_009
2026-07-14T15:34:29+0000	stage=stats_candidates item=11/57 candidate_id=vaihingen_a3_010
2026-07-14T15:34:29+0000	stage=stats_candidates item=12/57 candidate_id=vaihingen_a3_011
2026-07-14T15:34:29+0000	stage=stats_candidates item=13/57 candidate_id=vaihingen_a3_012
2026-07-14T15:34:29+0000	stage=stats_candidates item=14/57 candidate_id=vaihingen_a3_013
2026-07-14T15:34:29+0000	stage=stats_candidates item=15/57 candidate_id=vaihingen_a3_014
2026-07-14T15:34:30+0000	stage=stats_candidates item=16/57 candidate_id=vaihingen_a3_015
2026-07-14T15:34:30+0000	stage=stats_candidates item=17/57 candidate_id=vaihingen_a3_016
2026-07-14T15:34:30+0000	stage=stats_candidates item=18/57 candidate_id=vaihingen_a3_017
2026-07-14T15:34:30+0000	stage=stats_candidates item=19/57 candidate_id=vaihingen_a3_018
2026-07-14T15:34:30+0000	stage=stats_candidates item=20/57 candidate_id=vaihingen_a3_019
2026-07-14T15:34:30+0000	stage=stats_candidates item=21/57 candidate_id=vaihingen_a3_020
2026-07-14T15:34:30+0000	stage=stats_candidates item=22/57 candidate_id=vaihingen_a3_021
2026-07-14T15:34:30+0000	stage=stats_candidates item=23/57 candidate_id=vaihingen_a3_022
2026-07-14T15:34:30+0000	stage=stats_candidates item=24/57 candidate_id=vaihingen_a3_023
2026-07-14T15:34:31+0000	stage=stats_candidates item=25/57 candidate_id=vaihingen_a3_024
2026-07-14T15:34:31+0000	stage=stats_candidates item=26/57 candidate_id=vaihingen_a3_025
2026-07-14T15:34:31+0000	stage=stats_candidates item=27/57 candidate_id=vaihingen_a3_026
2026-07-14T15:34:31+0000	stage=stats_candidates item=28/57 candidate_id=vaihingen_a3_027
2026-07-14T15:34:31+0000	stage=stats_candidates item=29/57 candidate_id=vaihingen_a3_028
2026-07-14T15:34:31+0000	stage=stats_candidates item=30/57 candidate_id=vaihingen_a3_029
2026-07-14T15:34:31+0000	stage=stats_candidates item=31/57 candidate_id=vaihingen_a3_030
2026-07-14T15:34:31+0000	stage=stats_candidates item=32/57 candidate_id=vaihingen_a3_031
2026-07-14T15:34:31+0000	stage=stats_candidates item=33/57 candidate_id=vaihingen_a3_032
2026-07-14T15:34:31+0000	stage=stats_candidates item=34/57 candidate_id=vaihingen_a3_033
2026-07-14T15:34:31+0000	stage=stats_candidates item=35/57 candidate_id=vaihingen_a3_034
2026-07-14T15:34:31+0000	stage=stats_candidates item=36/57 candidate_id=vaihingen_a3_035
2026-07-14T15:34:31+0000	stage=stats_candidates item=37/57 candidate_id=vaihingen_a3_036
2026-07-14T15:34:32+0000	stage=stats_candidates item=38/57 candidate_id=vaihingen_a3_037
2026-07-14T15:34:32+0000	stage=stats_candidates item=39/57 candidate_id=vaihingen_a3_038
2026-07-14T15:34:32+0000	stage=stats_candidates item=40/57 candidate_id=vaihingen_a3_039
2026-07-14T15:34:32+0000	stage=stats_candidates item=41/57 candidate_id=vaihingen_a3_040
2026-07-14T15:34:32+0000	stage=stats_candidates item=42/57 candidate_id=vaihingen_a3_041
2026-07-14T15:34:32+0000	stage=stats_candidates item=43/57 candidate_id=vaihingen_a3_042
2026-07-14T15:34:32+0000	stage=stats_candidates item=44/57 candidate_id=vaihingen_a3_043
2026-07-14T15:34:32+0000	stage=stats_candidates item=45/57 candidate_id=vaihingen_a3_044
2026-07-14T15:34:32+0000	stage=stats_candidates item=46/57 candidate_id=vaihingen_a3_045
2026-07-14T15:34:32+0000	stage=stats_candidates item=47/57 candidate_id=vaihingen_a3_046
2026-07-14T15:34:32+0000	stage=stats_candidates item=48/57 candidate_id=vaihingen_a3_047
2026-07-14T15:34:33+0000	stage=stats_candidates item=49/57 candidate_id=vaihingen_a3_048
2026-07-14T15:34:33+0000	stage=stats_candidates item=50/57 candidate_id=vaihingen_a3_049
2026-07-14T15:34:33+0000	stage=stats_candidates item=51/57 candidate_id=vaihingen_a3_050
2026-07-14T15:34:33+0000	stage=stats_candidates item=52/57 candidate_id=vaihingen_a3_051
2026-07-14T15:34:33+0000	stage=stats_candidates item=53/57 candidate_id=vaihingen_a3_052
2026-07-14T15:34:33+0000	stage=stats_candidates item=54/57 candidate_id=vaihingen_a3_053
2026-07-14T15:34:33+0000	stage=stats_candidates item=55/57 candidate_id=vaihingen_a3_054
2026-07-14T15:34:33+0000	stage=stats_candidates item=56/57 candidate_id=vaihingen_a3_055
2026-07-14T15:34:33+0000	stage=stats_candidates item=57/57 candidate_id=vaihingen_a3_056
2026-07-14T15:34:34+0000	stage=stats_candidates status=complete candidates=7 custom_mvs=partial
2026-07-14T15:37:04+0000	stage=colmap_mvs status=partial vertices=0
2026-07-14T15:37:04+0000	stage=colmap_mvs final_status_authority=mvs_manifest.json prior_status_lines_superseded=true
2026-07-14T15:37:05+0000	stage=stats_candidates status=started
2026-07-14T15:37:05+0000	command=gdalinfo -json /workspace/JointBuildGS/fair-pilot/staging/area3_work_epsg25832/dim_official_09cm_area3_epsg25832.tif
{
  "description":"/workspace/JointBuildGS/fair-pilot/staging/area3_work_epsg25832/dim_official_09cm_area3_epsg25832.tif",
  "driverShortName":"GTiff",
  "driverLongName":"GeoTIFF",
  "files":[
    "/workspace/JointBuildGS/fair-pilot/staging/area3_work_epsg25832/dim_official_09cm_area3_epsg25832.tif"
  ],
  "size":[
    1665,
    2498
  ],
  "coordinateSystem":{
    "wkt":"PROJCRS[\"ETRS89 / UTM zone 32N\",\n    BASEGEOGCRS[\"ETRS89\",\n        ENSEMBLE[\"European Terrestrial Reference System 1989 ensemble\",\n            MEMBER[\"European Terrestrial Reference Frame 1989\"],\n            MEMBER[\"European Terrestrial Reference Frame 1990\"],\n            MEMBER[\"European Terrestrial Reference Frame 1991\"],\n            MEMBER[\"European Terrestrial Reference Frame 1992\"],\n            MEMBER[\"European Terrestrial Reference Frame 1993\"],\n            MEMBER[\"European Terrestrial Reference Frame 1994\"],\n            MEMBER[\"European Terrestrial Reference Frame 1996\"],\n            MEMBER[\"European Terrestrial Reference Frame 1997\"],\n            MEMBER[\"European Terrestrial Reference Frame 2000\"],\n            MEMBER[\"European Terrestrial Reference Frame 2005\"],\n            MEMBER[\"European Terrestrial Reference Frame 2014\"],\n            MEMBER[\"European Terrestrial Reference Frame 2020\"],\n            ELLIPSOID[\"GRS 1980\",6378137,298.257222101,\n                LENGTHUNIT[\"metre\",1]],\n            ENSEMBLEACCURACY[0.1]],\n        PRIMEM[\"Greenwich\",0,\n            ANGLEUNIT[\"degree\",0.0174532925199433]],\n        ID[\"EPSG\",4258]],\n    CONVERSION[\"UTM zone 32N\",\n        METHOD[\"Transverse Mercator\",\n            ID[\"EPSG\",9807]],\n        PARAMETER[\"Latitude of natural origin\",0,\n            ANGLEUNIT[\"degree\",0.0174532925199433],\n            ID[\"EPSG\",8801]],\n        PARAMETER[\"Longitude of natural origin\",9,\n            ANGLEUNIT[\"degree\",0.0174532925199433],\n            ID[\"EPSG\",8802]],\n        PARAMETER[\"Scale factor at natural origin\",0.9996,\n            SCALEUNIT[\"unity\",1],\n            ID[\"EPSG\",8805]],\n        PARAMETER[\"False easting\",500000,\n            LENGTHUNIT[\"metre\",1],\n            ID[\"EPSG\",8806]],\n        PARAMETER[\"False northing\",0,\n            LENGTHUNIT[\"metre\",1],\n            ID[\"EPSG\",8807]]],\n    CS[Cartesian,2],\n        AXIS[\"(E)\",east,\n            ORDER[1],\n            LENGTHUNIT[\"metre\",1]],\n        AXIS[\"(N)\",north,\n            ORDER[2],\n            LENGTHUNIT[\"metre\",1]],\n    USAGE[\n        SCOPE[\"Engineering survey, topographic mapping.\"],\n        AREA[\"Europe between 6°E and 12°E: Austria; Denmark - onshore and offshore; Germany - onshore and offshore; Italy - onshore and offshore; Norway including Svalbard - onshore and offshore; Spain - offshore.\"],\n        BBOX[36.53,6,84.01,12.01]],\n    USAGE[\n        SCOPE[\"Pan-European conformal mapping at scales larger than 1:500,000.\"],\n        AREA[\"Europe between 6°E and 12°E and approximately 36°30'N to 84°N.\"],\n        BBOX[36.53,6,84.01,12.01]],\n    ID[\"EPSG\",25832]]",
    "dataAxisToSRSAxisMapping":[
      1,
      2
    ]
  },
  "geoTransform":[
    497060.6479999999864958,
    0.09,
    0.0,
    5419425.2949999999254942,
    0.0,
    -0.09
  ],
  "metadata":{
    "":{
      "AREA_OR_POINT":"Area"
    },
    "IMAGE_STRUCTURE":{
      "COMPRESSION":"DEFLATE",
      "INTERLEAVE":"BAND"
    }
  },
  "cornerCoordinates":{
    "upperLeft":[
      497060.648,
      5419425.295
    ],
    "lowerLeft":[
      497060.648,
      5419200.475
    ],
    "lowerRight":[
      497210.498,
      5419200.475
    ],
    "upperRight":[
      497210.498,
      5419425.295
    ],
    "center":[
      497135.573,
      5419312.885
    ]
  },
  "wgs84Extent":{
    "type":"Polygon",
    "coordinates":[
      [
        [
          8.9598714,
          48.9277534
        ],
        [
          8.959873,
          48.925731
        ],
        [
          8.9619187,
          48.9257317
        ],
        [
          8.9619172,
          48.9277541
        ],
        [
          8.9598714,
          48.9277534
        ]
      ]
    ]
  },
  "bands":[
    {
      "band":1,
      "block":[
        256,
        256
      ],
      "type":"Float32",
      "colorInterpretation":"Gray",
      "noDataValue":-9999.0,
      "metadata":{}
    }
  ],
  "stac":{
    "proj:shape":[
      2498,
      1665
    ],
    "proj:wkt2":"PROJCRS[\"ETRS89 / UTM zone 32N\",\n    BASEGEOGCRS[\"ETRS89\",\n        ENSEMBLE[\"European Terrestrial Reference System 1989 ensemble\",\n            MEMBER[\"European Terrestrial Reference Frame 1989\"],\n            MEMBER[\"European Terrestrial Reference Frame 1990\"],\n            MEMBER[\"European Terrestrial Reference Frame 1991\"],\n            MEMBER[\"European Terrestrial Reference Frame 1992\"],\n            MEMBER[\"European Terrestrial Reference Frame 1993\"],\n            MEMBER[\"European Terrestrial Reference Frame 1994\"],\n            MEMBER[\"European Terrestrial Reference Frame 1996\"],\n            MEMBER[\"European Terrestrial Reference Frame 1997\"],\n            MEMBER[\"European Terrestrial Reference Frame 2000\"],\n            MEMBER[\"European Terrestrial Reference Frame 2005\"],\n            MEMBER[\"European Terrestrial Reference Frame 2014\"],\n            MEMBER[\"European Terrestrial Reference Frame 2020\"],\n            ELLIPSOID[\"GRS 1980\",6378137,298.257222101,\n                LENGTHUNIT[\"metre\",1]],\n            ENSEMBLEACCURACY[0.1]],\n        PRIMEM[\"Greenwich\",0,\n            ANGLEUNIT[\"degree\",0.0174532925199433]],\n        ID[\"EPSG\",4258]],\n    CONVERSION[\"UTM zone 32N\",\n        METHOD[\"Transverse Mercator\",\n            ID[\"EPSG\",9807]],\n        PARAMETER[\"Latitude of natural origin\",0,\n            ANGLEUNIT[\"degree\",0.0174532925199433],\n            ID[\"EPSG\",8801]],\n        PARAMETER[\"Longitude of natural origin\",9,\n            ANGLEUNIT[\"degree\",0.0174532925199433],\n            ID[\"EPSG\",8802]],\n        PARAMETER[\"Scale factor at natural origin\",0.9996,\n            SCALEUNIT[\"unity\",1],\n            ID[\"EPSG\",8805]],\n        PARAMETER[\"False easting\",500000,\n            LENGTHUNIT[\"metre\",1],\n            ID[\"EPSG\",8806]],\n        PARAMETER[\"False northing\",0,\n            LENGTHUNIT[\"metre\",1],\n            ID[\"EPSG\",8807]]],\n    CS[Cartesian,2],\n        AXIS[\"(E)\",east,\n            ORDER[1],\n            LENGTHUNIT[\"metre\",1]],\n        AXIS[\"(N)\",north,\n            ORDER[2],\n            LENGTHUNIT[\"metre\",1]],\n    USAGE[\n        SCOPE[\"Engineering survey, topographic mapping.\"],\n        AREA[\"Europe between 6°E and 12°E: Austria; Denmark - onshore and offshore; Germany - onshore and offshore; Italy - onshore and offshore; Norway including Svalbard - onshore and offshore; Spain - offshore.\"],\n        BBOX[36.53,6,84.01,12.01]],\n    USAGE[\n        SCOPE[\"Pan-European conformal mapping at scales larger than 1:500,000.\"],\n        AREA[\"Europe between 6°E and 12°E and approximately 36°30'N to 84°N.\"],\n        BBOX[36.53,6,84.01,12.01]],\n    ID[\"EPSG\",25832]]",
    "proj:epsg":25832,
    "proj:projjson":{
      "$schema":"https://proj.org/schemas/v0.7/projjson.schema.json",
      "type":"ProjectedCRS",
      "name":"ETRS89 / UTM zone 32N",
      "base_crs":{
        "type":"GeographicCRS",
        "name":"ETRS89",
        "datum_ensemble":{
          "name":"European Terrestrial Reference System 1989 ensemble",
          "members":[
            {
              "name":"European Terrestrial Reference Frame 1989",
              "id":{
                "authority":"EPSG",
                "code":1178
              }
            },
            {
              "name":"European Terrestrial Reference Frame 1990",
              "id":{
                "authority":"EPSG",
                "code":1179
              }
            },
            {
              "name":"European Terrestrial Reference Frame 1991",
              "id":{
                "authority":"EPSG",
                "code":1180
              }
            },
            {
              "name":"European Terrestrial Reference Frame 1992",
              "id":{
                "authority":"EPSG",
                "code":1181
              }
            },
            {
              "name":"European Terrestrial Reference Frame 1993",
              "id":{
                "authority":"EPSG",
                "code":1182
              }
            },
            {
              "name":"European Terrestrial Reference Frame 1994",
              "id":{
                "authority":"EPSG",
                "code":1183
              }
            },
            {
              "name":"European Terrestrial Reference Frame 1996",
              "id":{
                "authority":"EPSG",
                "code":1184
              }
            },
            {
              "name":"European Terrestrial Reference Frame 1997",
              "id":{
                "authority":"EPSG",
                "code":1185
              }
            },
            {
              "name":"European Terrestrial Reference Frame 2000",
              "id":{
                "authority":"EPSG",
                "code":1186
              }
            },
            {
              "name":"European Terrestrial Reference Frame 2005",
              "id":{
                "authority":"EPSG",
                "code":1204
              }
            },
            {
              "name":"European Terrestrial Reference Frame 2014",
              "id":{
                "authority":"EPSG",
                "code":1206
              }
            },
            {
              "name":"European Terrestrial Reference Frame 2020",
              "id":{
                "authority":"EPSG",
                "code":1382
              }
            }
          ],
          "ellipsoid":{
            "name":"GRS 1980",
            "semi_major_axis":6378137,
            "inverse_flattening":298.257222101
          },
          "accuracy":"0.1",
          "id":{
            "authority":"EPSG",
            "code":6258
          }
        },
        "coordinate_system":{
          "subtype":"ellipsoidal",
          "axis":[
            {
              "name":"Geodetic latitude",
              "abbreviation":"Lat",
              "direction":"north",
              "unit":"degree"
            },
            {
              "name":"Geodetic longitude",
              "abbreviation":"Lon",
              "direction":"east",
              "unit":"degree"
            }
          ]
        },
        "id":{
          "authority":"EPSG",
          "code":4258
        },
        "remarks":"Has been realized through ETRF89, ETRF90, ETRF91, ETRF92, ETRF93, ETRF94, ETRF96, ETRF97, ETRF2000, ETRF2005 and ETRF2014. This 'ensemble' covers any or all of these realizations without distinction."
      },
      "conversion":{
        "name":"UTM zone 32N",
        "method":{
          "name":"Transverse Mercator",
          "id":{
            "authority":"EPSG",
            "code":9807
          }
        },
        "parameters":[
          {
            "name":"Latitude of natural origin",
            "value":0,
            "unit":"degree",
            "id":{
              "authority":"EPSG",
              "code":8801
            }
          },
          {
            "name":"Longitude of natural origin",
            "value":9,
            "unit":"degree",
            "id":{
              "authority":"EPSG",
              "code":8802
            }
          },
          {
            "name":"Scale factor at natural origin",
            "value":0.9996,
            "unit":"unity",
            "id":{
              "authority":"EPSG",
              "code":8805
            }
          },
          {
            "name":"False easting",
            "value":500000,
            "unit":"metre",
            "id":{
              "authority":"EPSG",
              "code":8806
            }
          },
          {
            "name":"False northing",
            "value":0,
            "unit":"metre",
            "id":{
              "authority":"EPSG",
              "code":8807
            }
          }
        ]
      },
      "coordinate_system":{
        "subtype":"Cartesian",
        "axis":[
          {
            "name":"Easting",
            "abbreviation":"E",
            "direction":"east",
            "unit":"metre"
          },
          {
            "name":"Northing",
            "abbreviation":"N",
            "direction":"north",
            "unit":"metre"
          }
        ]
      },
      "usages":[
        {
          "scope":"Engineering survey, topographic mapping.",
          "area":"Europe between 6°E and 12°E: Austria; Denmark - onshore and offshore; Germany - onshore and offshore; Italy - onshore and offshore; Norway including Svalbard - onshore and offshore; Spain - offshore.",
          "bbox":{
            "south_latitude":36.53,
            "west_longitude":6,
            "north_latitude":84.01,
            "east_longitude":12.01
          }
        },
        {
          "scope":"Pan-European conformal mapping at scales larger than 1:500,000.",
          "area":"Europe between 6°E and 12°E and approximately 36°30'N to 84°N.",
          "bbox":{
            "south_latitude":36.53,
            "west_longitude":6,
            "north_latitude":84.01,
            "east_longitude":12.01
          }
        }
      ],
      "id":{
        "authority":"EPSG",
        "code":25832
      }
    },
    "proj:transform":[
      0.09,
      0.0,
      497060.6479999999864958,
      0.0,
      -0.09,
      5419425.2949999999254942
    ],
    "raster:bands":[
      {
        "data_type":"float32",
        "nodata":-9999.0
      }
    ],
    "eo:bands":[
      {
        "name":"b1",
        "description":"Gray"
      }
    ]
  }
}
2026-07-14T15:37:05+0000	command=gdalinfo -json /workspace/JointBuildGS/fair-pilot/staging/area3_work_epsg25832/ortho_09cm_area3_epsg25832.tif
{
  "description":"/workspace/JointBuildGS/fair-pilot/staging/area3_work_epsg25832/ortho_09cm_area3_epsg25832.tif",
  "driverShortName":"GTiff",
  "driverLongName":"GeoTIFF",
  "files":[
    "/workspace/JointBuildGS/fair-pilot/staging/area3_work_epsg25832/ortho_09cm_area3_epsg25832.tif"
  ],
  "size":[
    1665,
    2498
  ],
  "coordinateSystem":{
    "wkt":"PROJCRS[\"ETRS89 / UTM zone 32N\",\n    BASEGEOGCRS[\"ETRS89\",\n        ENSEMBLE[\"European Terrestrial Reference System 1989 ensemble\",\n            MEMBER[\"European Terrestrial Reference Frame 1989\"],\n            MEMBER[\"European Terrestrial Reference Frame 1990\"],\n            MEMBER[\"European Terrestrial Reference Frame 1991\"],\n            MEMBER[\"European Terrestrial Reference Frame 1992\"],\n            MEMBER[\"European Terrestrial Reference Frame 1993\"],\n            MEMBER[\"European Terrestrial Reference Frame 1994\"],\n            MEMBER[\"European Terrestrial Reference Frame 1996\"],\n            MEMBER[\"European Terrestrial Reference Frame 1997\"],\n            MEMBER[\"European Terrestrial Reference Frame 2000\"],\n            MEMBER[\"European Terrestrial Reference Frame 2005\"],\n            MEMBER[\"European Terrestrial Reference Frame 2014\"],\n            MEMBER[\"European Terrestrial Reference Frame 2020\"],\n            ELLIPSOID[\"GRS 1980\",6378137,298.257222101,\n                LENGTHUNIT[\"metre\",1]],\n            ENSEMBLEACCURACY[0.1]],\n        PRIMEM[\"Greenwich\",0,\n            ANGLEUNIT[\"degree\",0.0174532925199433]],\n        ID[\"EPSG\",4258]],\n    CONVERSION[\"UTM zone 32N\",\n        METHOD[\"Transverse Mercator\",\n            ID[\"EPSG\",9807]],\n        PARAMETER[\"Latitude of natural origin\",0,\n            ANGLEUNIT[\"degree\",0.0174532925199433],\n            ID[\"EPSG\",8801]],\n        PARAMETER[\"Longitude of natural origin\",9,\n            ANGLEUNIT[\"degree\",0.0174532925199433],\n            ID[\"EPSG\",8802]],\n        PARAMETER[\"Scale factor at natural origin\",0.9996,\n            SCALEUNIT[\"unity\",1],\n            ID[\"EPSG\",8805]],\n        PARAMETER[\"False easting\",500000,\n            LENGTHUNIT[\"metre\",1],\n            ID[\"EPSG\",8806]],\n        PARAMETER[\"False northing\",0,\n            LENGTHUNIT[\"metre\",1],\n            ID[\"EPSG\",8807]]],\n    CS[Cartesian,2],\n        AXIS[\"(E)\",east,\n            ORDER[1],\n            LENGTHUNIT[\"metre\",1]],\n        AXIS[\"(N)\",north,\n            ORDER[2],\n            LENGTHUNIT[\"metre\",1]],\n    USAGE[\n        SCOPE[\"Engineering survey, topographic mapping.\"],\n        AREA[\"Europe between 6°E and 12°E: Austria; Denmark - onshore and offshore; Germany - onshore and offshore; Italy - onshore and offshore; Norway including Svalbard - onshore and offshore; Spain - offshore.\"],\n        BBOX[36.53,6,84.01,12.01]],\n    USAGE[\n        SCOPE[\"Pan-European conformal mapping at scales larger than 1:500,000.\"],\n        AREA[\"Europe between 6°E and 12°E and approximately 36°30'N to 84°N.\"],\n        BBOX[36.53,6,84.01,12.01]],\n    ID[\"EPSG\",25832]]",
    "dataAxisToSRSAxisMapping":[
      1,
      2
    ]
  },
  "geoTransform":[
    497060.6479999999864958,
    0.09,
    0.0,
    5419425.2949999999254942,
    0.0,
    -0.09
  ],
  "metadata":{
    "":{
      "AREA_OR_POINT":"Area"
    },
    "IMAGE_STRUCTURE":{
      "COMPRESSION":"DEFLATE",
      "INTERLEAVE":"PIXEL"
    }
  },
  "cornerCoordinates":{
    "upperLeft":[
      497060.648,
      5419425.295
    ],
    "lowerLeft":[
      497060.648,
      5419200.475
    ],
    "lowerRight":[
      497210.498,
      5419200.475
    ],
    "upperRight":[
      497210.498,
      5419425.295
    ],
    "center":[
      497135.573,
      5419312.885
    ]
  },
  "wgs84Extent":{
    "type":"Polygon",
    "coordinates":[
      [
        [
          8.9598714,
          48.9277534
        ],
        [
          8.959873,
          48.925731
        ],
        [
          8.9619187,
          48.9257317
        ],
        [
          8.9619172,
          48.9277541
        ],
        [
          8.9598714,
          48.9277534
        ]
      ]
    ]
  },
  "bands":[
    {
      "band":1,
      "block":[
        256,
        256
      ],
      "type":"Byte",
      "colorInterpretation":"Red",
      "noDataValue":0,
      "metadata":{}
    },
    {
      "band":2,
      "block":[
        256,
        256
      ],
      "type":"Byte",
      "colorInterpretation":"Green",
      "noDataValue":0,
      "metadata":{}
    },
    {
      "band":3,
      "block":[
        256,
        256
      ],
      "type":"Byte",
      "colorInterpretation":"Blue",
      "noDataValue":0,
      "metadata":{}
    }
  ],
  "stac":{
    "proj:shape":[
      2498,
      1665
    ],
    "proj:wkt2":"PROJCRS[\"ETRS89 / UTM zone 32N\",\n    BASEGEOGCRS[\"ETRS89\",\n        ENSEMBLE[\"European Terrestrial Reference System 1989 ensemble\",\n            MEMBER[\"European Terrestrial Reference Frame 1989\"],\n            MEMBER[\"European Terrestrial Reference Frame 1990\"],\n            MEMBER[\"European Terrestrial Reference Frame 1991\"],\n            MEMBER[\"European Terrestrial Reference Frame 1992\"],\n            MEMBER[\"European Terrestrial Reference Frame 1993\"],\n            MEMBER[\"European Terrestrial Reference Frame 1994\"],\n            MEMBER[\"European Terrestrial Reference Frame 1996\"],\n            MEMBER[\"European Terrestrial Reference Frame 1997\"],\n            MEMBER[\"European Terrestrial Reference Frame 2000\"],\n            MEMBER[\"European Terrestrial Reference Frame 2005\"],\n            MEMBER[\"European Terrestrial Reference Frame 2014\"],\n            MEMBER[\"European Terrestrial Reference Frame 2020\"],\n            ELLIPSOID[\"GRS 1980\",6378137,298.257222101,\n                LENGTHUNIT[\"metre\",1]],\n            ENSEMBLEACCURACY[0.1]],\n        PRIMEM[\"Greenwich\",0,\n            ANGLEUNIT[\"degree\",0.0174532925199433]],\n        ID[\"EPSG\",4258]],\n    CONVERSION[\"UTM zone 32N\",\n        METHOD[\"Transverse Mercator\",\n            ID[\"EPSG\",9807]],\n        PARAMETER[\"Latitude of natural origin\",0,\n            ANGLEUNIT[\"degree\",0.0174532925199433],\n            ID[\"EPSG\",8801]],\n        PARAMETER[\"Longitude of natural origin\",9,\n            ANGLEUNIT[\"degree\",0.0174532925199433],\n            ID[\"EPSG\",8802]],\n        PARAMETER[\"Scale factor at natural origin\",0.9996,\n            SCALEUNIT[\"unity\",1],\n            ID[\"EPSG\",8805]],\n        PARAMETER[\"False easting\",500000,\n            LENGTHUNIT[\"metre\",1],\n            ID[\"EPSG\",8806]],\n        PARAMETER[\"False northing\",0,\n            LENGTHUNIT[\"metre\",1],\n            ID[\"EPSG\",8807]]],\n    CS[Cartesian,2],\n        AXIS[\"(E)\",east,\n            ORDER[1],\n            LENGTHUNIT[\"metre\",1]],\n        AXIS[\"(N)\",north,\n            ORDER[2],\n            LENGTHUNIT[\"metre\",1]],\n    USAGE[\n        SCOPE[\"Engineering survey, topographic mapping.\"],\n        AREA[\"Europe between 6°E and 12°E: Austria; Denmark - onshore and offshore; Germany - onshore and offshore; Italy - onshore and offshore; Norway including Svalbard - onshore and offshore; Spain - offshore.\"],\n        BBOX[36.53,6,84.01,12.01]],\n    USAGE[\n        SCOPE[\"Pan-European conformal mapping at scales larger than 1:500,000.\"],\n        AREA[\"Europe between 6°E and 12°E and approximately 36°30'N to 84°N.\"],\n        BBOX[36.53,6,84.01,12.01]],\n    ID[\"EPSG\",25832]]",
    "proj:epsg":25832,
    "proj:projjson":{
      "$schema":"https://proj.org/schemas/v0.7/projjson.schema.json",
      "type":"ProjectedCRS",
      "name":"ETRS89 / UTM zone 32N",
      "base_crs":{
        "type":"GeographicCRS",
        "name":"ETRS89",
        "datum_ensemble":{
          "name":"European Terrestrial Reference System 1989 ensemble",
          "members":[
            {
              "name":"European Terrestrial Reference Frame 1989",
              "id":{
                "authority":"EPSG",
                "code":1178
              }
            },
            {
              "name":"European Terrestrial Reference Frame 1990",
              "id":{
                "authority":"EPSG",
                "code":1179
              }
            },
            {
              "name":"European Terrestrial Reference Frame 1991",
              "id":{
                "authority":"EPSG",
                "code":1180
              }
            },
            {
              "name":"European Terrestrial Reference Frame 1992",
              "id":{
                "authority":"EPSG",
                "code":1181
              }
            },
            {
              "name":"European Terrestrial Reference Frame 1993",
              "id":{
                "authority":"EPSG",
                "code":1182
              }
            },
            {
              "name":"European Terrestrial Reference Frame 1994",
              "id":{
                "authority":"EPSG",
                "code":1183
              }
            },
            {
              "name":"European Terrestrial Reference Frame 1996",
              "id":{
                "authority":"EPSG",
                "code":1184
              }
            },
            {
              "name":"European Terrestrial Reference Frame 1997",
              "id":{
                "authority":"EPSG",
                "code":1185
              }
            },
            {
              "name":"European Terrestrial Reference Frame 2000",
              "id":{
                "authority":"EPSG",
                "code":1186
              }
            },
            {
              "name":"European Terrestrial Reference Frame 2005",
              "id":{
                "authority":"EPSG",
                "code":1204
              }
            },
            {
              "name":"European Terrestrial Reference Frame 2014",
              "id":{
                "authority":"EPSG",
                "code":1206
              }
            },
            {
              "name":"European Terrestrial Reference Frame 2020",
              "id":{
                "authority":"EPSG",
                "code":1382
              }
            }
          ],
          "ellipsoid":{
            "name":"GRS 1980",
            "semi_major_axis":6378137,
            "inverse_flattening":298.257222101
          },
          "accuracy":"0.1",
          "id":{
            "authority":"EPSG",
            "code":6258
          }
        },
        "coordinate_system":{
          "subtype":"ellipsoidal",
          "axis":[
            {
              "name":"Geodetic latitude",
              "abbreviation":"Lat",
              "direction":"north",
              "unit":"degree"
            },
            {
              "name":"Geodetic longitude",
              "abbreviation":"Lon",
              "direction":"east",
              "unit":"degree"
            }
          ]
        },
        "id":{
          "authority":"EPSG",
          "code":4258
        },
        "remarks":"Has been realized through ETRF89, ETRF90, ETRF91, ETRF92, ETRF93, ETRF94, ETRF96, ETRF97, ETRF2000, ETRF2005 and ETRF2014. This 'ensemble' covers any or all of these realizations without distinction."
      },
      "conversion":{
        "name":"UTM zone 32N",
        "method":{
          "name":"Transverse Mercator",
          "id":{
            "authority":"EPSG",
            "code":9807
          }
        },
        "parameters":[
          {
            "name":"Latitude of natural origin",
            "value":0,
            "unit":"degree",
            "id":{
              "authority":"EPSG",
              "code":8801
            }
          },
          {
            "name":"Longitude of natural origin",
            "value":9,
            "unit":"degree",
            "id":{
              "authority":"EPSG",
              "code":8802
            }
          },
          {
            "name":"Scale factor at natural origin",
            "value":0.9996,
            "unit":"unity",
            "id":{
              "authority":"EPSG",
              "code":8805
            }
          },
          {
            "name":"False easting",
            "value":500000,
            "unit":"metre",
            "id":{
              "authority":"EPSG",
              "code":8806
            }
          },
          {
            "name":"False northing",
            "value":0,
            "unit":"metre",
            "id":{
              "authority":"EPSG",
              "code":8807
            }
          }
        ]
      },
      "coordinate_system":{
        "subtype":"Cartesian",
        "axis":[
          {
            "name":"Easting",
            "abbreviation":"E",
            "direction":"east",
            "unit":"metre"
          },
          {
            "name":"Northing",
            "abbreviation":"N",
            "direction":"north",
            "unit":"metre"
          }
        ]
      },
      "usages":[
        {
          "scope":"Engineering survey, topographic mapping.",
          "area":"Europe between 6°E and 12°E: Austria; Denmark - onshore and offshore; Germany - onshore and offshore; Italy - onshore and offshore; Norway including Svalbard - onshore and offshore; Spain - offshore.",
          "bbox":{
            "south_latitude":36.53,
            "west_longitude":6,
            "north_latitude":84.01,
            "east_longitude":12.01
          }
        },
        {
          "scope":"Pan-European conformal mapping at scales larger than 1:500,000.",
          "area":"Europe between 6°E and 12°E and approximately 36°30'N to 84°N.",
          "bbox":{
            "south_latitude":36.53,
            "west_longitude":6,
            "north_latitude":84.01,
            "east_longitude":12.01
          }
        }
      ],
      "id":{
        "authority":"EPSG",
        "code":25832
      }
    },
    "proj:transform":[
      0.09,
      0.0,
      497060.6479999999864958,
      0.0,
      -0.09,
      5419425.2949999999254942
    ],
    "raster:bands":[
      {
        "data_type":"uint8",
        "nodata":0
      },
      {
        "data_type":"uint8",
        "nodata":0
      },
      {
        "data_type":"uint8",
        "nodata":0
      }
    ],
    "eo:bands":[
      {
        "name":"b1",
        "description":"Red",
        "common_name":"red"
      },
      {
        "name":"b2",
        "description":"Green",
        "common_name":"green"
      },
      {
        "name":"b3",
        "description":"Blue",
        "common_name":"blue"
      }
    ]
  }
}
2026-07-14T15:37:05+0000	command=gdal_translate -of ENVI -ot Float32 /workspace/JointBuildGS/fair-pilot/staging/area3_work_epsg25832/dim_official_09cm_area3_epsg25832.tif /workspace/JointBuildGS/fair-pilot/runs/20260714_vaihingen_area3/tmp/dim_official.bin
Input file size is 1665, 2498
0...10...20...30...40...50...60...70...80...90...100 - done.
2026-07-14T15:37:06+0000	command=gdal_translate -of PNG /workspace/JointBuildGS/fair-pilot/staging/area3_work_epsg25832/ortho_09cm_area3_epsg25832.tif /workspace/JointBuildGS/fair-pilot/runs/20260714_vaihingen_area3/tmp/ortho.png
Input file size is 1665, 2498
0...10...20...30...40...50...60...70...80...90...100 - done.
2026-07-14T15:37:08+0000	stage=stats_candidates item=1/57 candidate_id=vaihingen_a3_000
2026-07-14T15:37:08+0000	stage=stats_candidates item=2/57 candidate_id=vaihingen_a3_001
2026-07-14T15:37:08+0000	stage=stats_candidates item=3/57 candidate_id=vaihingen_a3_002
2026-07-14T15:37:08+0000	stage=stats_candidates item=4/57 candidate_id=vaihingen_a3_003
2026-07-14T15:37:08+0000	stage=stats_candidates item=5/57 candidate_id=vaihingen_a3_004
2026-07-14T15:37:09+0000	stage=stats_candidates item=6/57 candidate_id=vaihingen_a3_005
2026-07-14T15:37:09+0000	stage=stats_candidates item=7/57 candidate_id=vaihingen_a3_006
2026-07-14T15:37:09+0000	stage=stats_candidates item=8/57 candidate_id=vaihingen_a3_007
2026-07-14T15:37:09+0000	stage=stats_candidates item=9/57 candidate_id=vaihingen_a3_008
2026-07-14T15:37:09+0000	stage=stats_candidates item=10/57 candidate_id=vaihingen_a3_009
2026-07-14T15:37:09+0000	stage=stats_candidates item=11/57 candidate_id=vaihingen_a3_010
2026-07-14T15:37:09+0000	stage=stats_candidates item=12/57 candidate_id=vaihingen_a3_011
2026-07-14T15:37:09+0000	stage=stats_candidates item=13/57 candidate_id=vaihingen_a3_012
2026-07-14T15:37:09+0000	stage=stats_candidates item=14/57 candidate_id=vaihingen_a3_013
2026-07-14T15:37:10+0000	stage=stats_candidates item=15/57 candidate_id=vaihingen_a3_014
2026-07-14T15:37:10+0000	stage=stats_candidates item=16/57 candidate_id=vaihingen_a3_015
2026-07-14T15:37:10+0000	stage=stats_candidates item=17/57 candidate_id=vaihingen_a3_016
2026-07-14T15:37:10+0000	stage=stats_candidates item=18/57 candidate_id=vaihingen_a3_017
2026-07-14T15:37:10+0000	stage=stats_candidates item=19/57 candidate_id=vaihingen_a3_018
2026-07-14T15:37:10+0000	stage=stats_candidates item=20/57 candidate_id=vaihingen_a3_019
2026-07-14T15:37:10+0000	stage=stats_candidates item=21/57 candidate_id=vaihingen_a3_020
2026-07-14T15:37:11+0000	stage=stats_candidates item=22/57 candidate_id=vaihingen_a3_021
2026-07-14T15:37:11+0000	stage=stats_candidates item=23/57 candidate_id=vaihingen_a3_022
2026-07-14T15:37:11+0000	stage=stats_candidates item=24/57 candidate_id=vaihingen_a3_023
2026-07-14T15:37:11+0000	stage=stats_candidates item=25/57 candidate_id=vaihingen_a3_024
2026-07-14T15:37:11+0000	stage=stats_candidates item=26/57 candidate_id=vaihingen_a3_025
2026-07-14T15:37:11+0000	stage=stats_candidates item=27/57 candidate_id=vaihingen_a3_026
2026-07-14T15:37:11+0000	stage=stats_candidates item=28/57 candidate_id=vaihingen_a3_027
2026-07-14T15:37:12+0000	stage=stats_candidates item=29/57 candidate_id=vaihingen_a3_028
2026-07-14T15:37:12+0000	stage=stats_candidates item=30/57 candidate_id=vaihingen_a3_029
2026-07-14T15:37:12+0000	stage=stats_candidates item=31/57 candidate_id=vaihingen_a3_030
2026-07-14T15:37:12+0000	stage=stats_candidates item=32/57 candidate_id=vaihingen_a3_031
2026-07-14T15:37:12+0000	stage=stats_candidates item=33/57 candidate_id=vaihingen_a3_032
2026-07-14T15:37:12+0000	stage=stats_candidates item=34/57 candidate_id=vaihingen_a3_033
2026-07-14T15:37:12+0000	stage=stats_candidates item=35/57 candidate_id=vaihingen_a3_034
2026-07-14T15:37:12+0000	stage=stats_candidates item=36/57 candidate_id=vaihingen_a3_035
2026-07-14T15:37:12+0000	stage=stats_candidates item=37/57 candidate_id=vaihingen_a3_036
2026-07-14T15:37:13+0000	stage=stats_candidates item=38/57 candidate_id=vaihingen_a3_037
2026-07-14T15:37:13+0000	stage=stats_candidates item=39/57 candidate_id=vaihingen_a3_038
2026-07-14T15:37:13+0000	stage=stats_candidates item=40/57 candidate_id=vaihingen_a3_039
2026-07-14T15:37:13+0000	stage=stats_candidates item=41/57 candidate_id=vaihingen_a3_040
2026-07-14T15:37:13+0000	stage=stats_candidates item=42/57 candidate_id=vaihingen_a3_041
2026-07-14T15:37:13+0000	stage=stats_candidates item=43/57 candidate_id=vaihingen_a3_042
2026-07-14T15:37:13+0000	stage=stats_candidates item=44/57 candidate_id=vaihingen_a3_043
2026-07-14T15:37:13+0000	stage=stats_candidates item=45/57 candidate_id=vaihingen_a3_044
2026-07-14T15:37:13+0000	stage=stats_candidates item=46/57 candidate_id=vaihingen_a3_045
2026-07-14T15:37:14+0000	stage=stats_candidates item=47/57 candidate_id=vaihingen_a3_046
2026-07-14T15:37:14+0000	stage=stats_candidates item=48/57 candidate_id=vaihingen_a3_047
2026-07-14T15:37:14+0000	stage=stats_candidates item=49/57 candidate_id=vaihingen_a3_048
2026-07-14T15:37:14+0000	stage=stats_candidates item=50/57 candidate_id=vaihingen_a3_049
2026-07-14T15:37:14+0000	stage=stats_candidates item=51/57 candidate_id=vaihingen_a3_050
2026-07-14T15:37:14+0000	stage=stats_candidates item=52/57 candidate_id=vaihingen_a3_051
2026-07-14T15:37:14+0000	stage=stats_candidates item=53/57 candidate_id=vaihingen_a3_052
2026-07-14T15:37:14+0000	stage=stats_candidates item=54/57 candidate_id=vaihingen_a3_053
2026-07-14T15:37:15+0000	stage=stats_candidates item=55/57 candidate_id=vaihingen_a3_054
2026-07-14T15:37:15+0000	stage=stats_candidates item=56/57 candidate_id=vaihingen_a3_055
2026-07-14T15:37:15+0000	stage=stats_candidates item=57/57 candidate_id=vaihingen_a3_056
2026-07-14T15:37:15+0000	stage=stats_candidates status=complete candidates=7 custom_mvs=partial
