view_stem,region_id,building_id,source_component_id,source_component_pixel_count,pre_split_overlap_count,pre_split_oracle_instance_count,pre_cut_pair_pixel_count,post_cut_fragment_pixel_count,fragment_index,post_split_fragment_min_pixels,plane_loss_min_valid_pixels,address_source,address_geoid_m,address_shift_z_m,lod2_depth_or_height_loss_input,footprint_buffer_m,footprint_buffer_role,cutline_half_width_px,source_component_min_pixels,cache_path
DJI_20241217084841_0184_D,1,DEBY_LOD2_4907184,2,243519,4,2,10204,10112,1,,64,actual_label_source_raycast_building_id_only,48.0,556.0,False,20.0,pre-adjudication overlap audit only,7,256,results/tum_transfer/e5_s3/C001/semantic_regions/DJI_20241217084841_0184_D.npz
DJI_20241217084841_0184_D,2,DEBY_LOD2_4908168,2,243519,4,2,2610,2474,1,,64,actual_label_source_raycast_building_id_only,48.0,556.0,False,20.0,pre-adjudication overlap audit only,7,256,results/tum_transfer/e5_s3/C001/semantic_regions/DJI_20241217084841_0184_D.npz
DJI_20241217084843_0185_D,1,DEBY_LOD2_4907184,2,238659,4,3,49007,48553,1,,64,actual_label_source_raycast_building_id_only,48.0,556.0,False,20.0,pre-adjudication overlap audit only,7,256,results/tum_transfer/e5_s3/C001/semantic_regions/DJI_20241217084843_0185_D.npz
DJI_20241217084843_0185_D,2,DEBY_LOD2_4907185,2,238659,4,3,36,13,1,,64,actual_label_source_raycast_building_id_only,48.0,556.0,False,20.0,pre-adjudication overlap audit only,7,256,results/tum_transfer/e5_s3/C001/semantic_regions/DJI_20241217084843_0185_D.npz
DJI_20241217084843_0185_D,3,DEBY_LOD2_4908168,2,238659,4,3,2208,1782,1,,64,actual_label_source_raycast_building_id_only,48.0,556.0,False,20.0,pre-adjudication overlap audit only,7,256,results/tum_transfer/e5_s3/C001/semantic_regions/DJI_20241217084843_0185_D.npz
DJI_20241217084845_0186_D,1,DEBY_LOD2_4907184,2,250525,6,3,95337,93572,1,,64,actual_label_source_raycast_building_id_only,48.0,556.0,False,20.0,pre-adjudication overlap audit only,7,256,results/tum_transfer/e5_s3/C001/semantic_regions/DJI_20241217084845_0186_D.npz
DJI_20241217084845_0186_D,2,DEBY_LOD2_4907185,2,250525,6,3,12992,11894,1,,64,actual_label_source_raycast_building_id_only,48.0,556.0,False,20.0,pre-adjudication overlap audit only,7,256,results/tum_transfer/e5_s3/C001/semantic_regions/DJI_20241217084845_0186_D.npz
DJI_20241217084845_0186_D,3,DEBY_LOD2_4908168,2,250525,6,3,1695,966,1,,64,actual_label_source_raycast_building_id_only,48.0,556.0,False,20.0,pre-adjudication overlap audit only,7,256,results/tum_transfer/e5_s3/C001/semantic_regions/DJI_20241217084845_0186_D.npz
DJI_20241217084847_0187_D,1,DEBY_LOD2_4907184,2,215930,6,3,104594,101802,1,,64,actual_label_source_raycast_building_id_only,48.0,556.0,False,20.0,pre-adjudication overlap audit only,7,256,results/tum_transfer/e5_s3/C001/semantic_regions/DJI_20241217084847_0187_D.npz
DJI_20241217084847_0187_D,2,DEBY_LOD2_4907185,2,215930,6,3,11637,9653,1,,64,actual_label_source_raycast_building_id_only,48.0,556.0,False,20.0,pre-adjudication overlap audit only,7,256,results/tum_transfer/e5_s3/C001/semantic_regions/DJI_20241217084847_0187_D.npz
DJI_20241217084847_0187_D,3,DEBY_LOD2_4907185,2,215930,6,3,11637,57,2,,64,actual_label_source_raycast_building_id_only,48.0,556.0,False,20.0,pre-adjudication overlap audit only,7,256,results/tum_transfer/e5_s3/C001/semantic_regions/DJI_20241217084847_0187_D.npz
DJI_20241217084847_0187_D,4,DEBY_LOD2_4908168,2,215930,6,3,1377,664,1,,64,actual_label_source_raycast_building_id_only,48.0,556.0,False,20.0,pre-adjudication overlap audit only,7,256,results/tum_transfer/e5_s3/C001/semantic_regions/DJI_20241217084847_0187_D.npz
DJI_20241217084849_0188_D,1,DEBY_LOD2_4907198,2,35651,6,1,1370,1370,1,,64,actual_label_source_raycast_building_id_only,48.0,556.0,False,20.0,pre-adjudication overlap audit only,7,256,results/tum_transfer/e5_s3/C001/semantic_regions/DJI_20241217084849_0188_D.npz
DJI_20241217084849_0188_D,2,DEBY_LOD2_4907184,3,173798,5,3,107995,105216,1,,64,actual_label_source_raycast_building_id_only,48.0,556.0,False,20.0,pre-adjudication overlap audit only,7,256,results/tum_transfer/e5_s3/C001/semantic_regions/DJI_20241217084849_0188_D.npz
DJI_20241217084849_0188_D,3,DEBY_LOD2_4907185,3,173798,5,3,5174,3331,1,,64,actual_label_source_raycast_building_id_only,48.0,556.0,False,20.0,pre-adjudication overlap audit only,7,256,results/tum_transfer/e5_s3/C001/semantic_regions/DJI_20241217084849_0188_D.npz
DJI_20241217084849_0188_D,4,DEBY_LOD2_4907185,3,173798,5,3,5174,157,2,,64,actual_label_source_raycast_building_id_only,48.0,556.0,False,20.0,pre-adjudication overlap audit only,7,256,results/tum_transfer/e5_s3/C001/semantic_regions/DJI_20241217084849_0188_D.npz
DJI_20241217084849_0188_D,5,DEBY_LOD2_4908168,3,173798,5,3,1248,532,1,,64,actual_label_source_raycast_building_id_only,48.0,556.0,False,20.0,pre-adjudication overlap audit only,7,256,results/tum_transfer/e5_s3/C001/semantic_regions/DJI_20241217084849_0188_D.npz
DJI_20241217084851_0189_D,1,DEBY_LOD2_4907198,2,82382,9,1,260,260,1,,64,actual_label_source_raycast_building_id_only,48.0,556.0,False,20.0,pre-adjudication overlap audit only,7,256,results/tum_transfer/e5_s3/C001/semantic_regions/DJI_20241217084851_0189_D.npz
DJI_20241217084851_0189_D,2,DEBY_LOD2_4907184,5,128950,5,2,104278,103376,1,,64,actual_label_source_raycast_building_id_only,48.0,556.0,False,20.0,pre-adjudication overlap audit only,7,256,results/tum_transfer/e5_s3/C001/semantic_regions/DJI_20241217084851_0189_D.npz
DJI_20241217084851_0189_D,3,DEBY_LOD2_4907185,5,128950,5,2,2281,1510,1,,64,actual_label_source_raycast_building_id_only,48.0,556.0,False,20.0,pre-adjudication overlap audit only,7,256,results/tum_transfer/e5_s3/C001/semantic_regions/DJI_20241217084851_0189_D.npz
DJI_20241217084853_0190_D,1,DEBY_LOD2_4907184,8,82226,5,2,81790,81398,1,,64,actual_label_source_raycast_building_id_only,48.0,556.0,False,20.0,pre-adjudication overlap audit only,7,256,results/tum_transfer/e5_s3/C001/semantic_regions/DJI_20241217084853_0190_D.npz
DJI_20241217084853_0190_D,2,DEBY_LOD2_4907185,8,82226,5,2,436,137,1,,64,actual_label_source_raycast_building_id_only,48.0,556.0,False,20.0,pre-adjudication overlap audit only,7,256,results/tum_transfer/e5_s3/C001/semantic_regions/DJI_20241217084853_0190_D.npz
DJI_20241217084855_0191_D,1,DEBY_LOD2_4908178,3,140766,10,1,27,27,1,,64,actual_label_source_raycast_building_id_only,48.0,556.0,False,20.0,pre-adjudication overlap audit only,7,256,results/tum_transfer/e5_s3/C001/semantic_regions/DJI_20241217084855_0191_D.npz
DJI_20241217084855_0191_D,2,DEBY_LOD2_4907184,8,44133,5,1,44133,44133,1,,64,actual_label_source_raycast_building_id_only,48.0,556.0,False,20.0,pre-adjudication overlap audit only,7,256,results/tum_transfer/e5_s3/C001/semantic_regions/DJI_20241217084855_0191_D.npz
DJI_20241217084857_0192_D,1,DEBY_LOD2_4908178,4,13339,8,1,13339,13339,1,,64,actual_label_source_raycast_building_id_only,48.0,556.0,False,20.0,pre-adjudication overlap audit only,7,256,results/tum_transfer/e5_s3/C001/semantic_regions/DJI_20241217084857_0192_D.npz
DJI_20241217084857_0192_D,2,DEBY_LOD2_4907184,10,13108,5,1,13108,13108,1,,64,actual_label_source_raycast_building_id_only,48.0,556.0,False,20.0,pre-adjudication overlap audit only,7,256,results/tum_transfer/e5_s3/C001/semantic_regions/DJI_20241217084857_0192_D.npz
DJI_20241217084859_0193_D,1,DEBY_LOD2_4907202,3,13154,6,1,13154,13154,1,,64,actual_label_source_raycast_building_id_only,48.0,556.0,False,20.0,pre-adjudication overlap audit only,7,256,results/tum_transfer/e5_s3/C001/semantic_regions/DJI_20241217084859_0193_D.npz
DJI_20241217084859_0193_D,2,DEBY_LOD2_4908178,5,12655,8,1,12655,12655,1,,64,actual_label_source_raycast_building_id_only,48.0,556.0,False,20.0,pre-adjudication overlap audit only,7,256,results/tum_transfer/e5_s3/C001/semantic_regions/DJI_20241217084859_0193_D.npz
DJI_20241217084901_0194_D,1,DEBY_LOD2_4907202,3,220632,10,3,12531,12408,1,,64,actual_label_source_raycast_building_id_only,48.0,556.0,False,20.0,pre-adjudication overlap audit only,7,256,results/tum_transfer/e5_s3/C001/semantic_regions/DJI_20241217084901_0194_D.npz
DJI_20241217084901_0194_D,2,DEBY_LOD2_8568391,3,220632,10,3,2335,2140,1,,64,actual_label_source_raycast_building_id_only,48.0,556.0,False,20.0,pre-adjudication overlap audit only,7,256,results/tum_transfer/e5_s3/C001/semantic_regions/DJI_20241217084901_0194_D.npz
DJI_20241217084901_0194_D,3,DEBY_LOD2_8568392,3,220632,10,3,3,1,1,,64,actual_label_source_raycast_building_id_only,48.0,556.0,False,20.0,pre-adjudication overlap audit only,7,256,results/tum_transfer/e5_s3/C001/semantic_regions/DJI_20241217084901_0194_D.npz
DJI_20241217084901_0194_D,4,DEBY_LOD2_8568392,3,220632,10,3,3,1,2,,64,actual_label_source_raycast_building_id_only,48.0,556.0,False,20.0,pre-adjudication overlap audit only,7,256,results/tum_transfer/e5_s3/C001/semantic_regions/DJI_20241217084901_0194_D.npz
DJI_20241217084901_0194_D,5,DEBY_LOD2_8568392,3,220632,10,3,3,1,3,,64,actual_label_source_raycast_building_id_only,48.0,556.0,False,20.0,pre-adjudication overlap audit only,7,256,results/tum_transfer/e5_s3/C001/semantic_regions/DJI_20241217084901_0194_D.npz
DJI_20241217084901_0194_D,6,DEBY_LOD2_4908178,5,7552,7,1,7552,7552,1,,64,actual_label_source_raycast_building_id_only,48.0,556.0,False,20.0,pre-adjudication overlap audit only,7,256,results/tum_transfer/e5_s3/C001/semantic_regions/DJI_20241217084901_0194_D.npz
DJI_20241217084903_0195_D,1,DEBY_LOD2_4907202,4,218024,8,4,8953,8646,1,,64,actual_label_source_raycast_building_id_only,48.0,556.0,False,20.0,pre-adjudication overlap audit only,7,256,results/tum_transfer/e5_s3/C001/semantic_regions/DJI_20241217084903_0195_D.npz
DJI_20241217084903_0195_D,2,DEBY_LOD2_4908178,4,218024,8,4,2332,2084,1,,64,actual_label_source_raycast_building_id_only,48.0,556.0,False,20.0,pre-adjudication overlap audit only,7,256,results/tum_transfer/e5_s3/C001/semantic_regions/DJI_20241217084903_0195_D.npz
DJI_20241217084903_0195_D,3,DEBY_LOD2_8568391,4,218024,8,4,622,622,1,,64,actual_label_source_raycast_building_id_only,48.0,556.0,False,20.0,pre-adjudication overlap audit only,7,256,results/tum_transfer/e5_s3/C001/semantic_regions/DJI_20241217084903_0195_D.npz
DJI_20241217084903_0195_D,4,DEBY_LOD2_8568392,4,218024,8,4,3,1,1,,64,actual_label_source_raycast_building_id_only,48.0,556.0,False,20.0,pre-adjudication overlap audit only,7,256,results/tum_transfer/e5_s3/C001/semantic_regions/DJI_20241217084903_0195_D.npz
DJI_20241217084903_0195_D,5,DEBY_LOD2_8568392,4,218024,8,4,3,1,2,,64,actual_label_source_raycast_building_id_only,48.0,556.0,False,20.0,pre-adjudication overlap audit only,7,256,results/tum_transfer/e5_s3/C001/semantic_regions/DJI_20241217084903_0195_D.npz
DJI_20241217084903_0195_D,6,DEBY_LOD2_8568392,4,218024,8,4,3,1,3,,64,actual_label_source_raycast_building_id_only,48.0,556.0,False,20.0,pre-adjudication overlap audit only,7,256,results/tum_transfer/e5_s3/C001/semantic_regions/DJI_20241217084903_0195_D.npz
DJI_20241217084905_0196_D,1,DEBY_LOD2_4907202,3,207864,6,1,5337,5337,1,,64,actual_label_source_raycast_building_id_only,48.0,556.0,False,20.0,pre-adjudication overlap audit only,7,256,results/tum_transfer/e5_s3/C001/semantic_regions/DJI_20241217084905_0196_D.npz
DJI_20241217084907_0197_D,1,DEBY_LOD2_4907202,3,168763,5,1,1769,1769,1,,64,actual_label_source_raycast_building_id_only,48.0,556.0,False,20.0,pre-adjudication overlap audit only,7,256,results/tum_transfer/e5_s3/C001/semantic_regions/DJI_20241217084907_0197_D.npz
DJI_20241217094534_0023_D,1,DEBY_LOD2_4907195,1,42196,14,2,45,24,1,,64,actual_label_source_raycast_building_id_only,48.0,556.0,False,20.0,pre-adjudication overlap audit only,7,256,results/tum_transfer/e5_s3/C001/semantic_regions/DJI_20241217094534_0023_D.npz
DJI_20241217094536_0024_D,1,DEBY_LOD2_4907195,1,41940,17,2,46,28,1,,64,actual_label_source_raycast_building_id_only,48.0,556.0,False,20.0,pre-adjudication overlap audit only,7,256,results/tum_transfer/e5_s3/C001/semantic_regions/DJI_20241217094536_0024_D.npz
DJI_20241217094548_0030_D,1,DEBY_LOD2_4907184,2,52262,17,7,811,767,1,,64,actual_label_source_raycast_building_id_only,48.0,556.0,False,20.0,pre-adjudication overlap audit only,7,256,results/tum_transfer/e5_s3/C001/semantic_regions/DJI_20241217094548_0030_D.npz
DJI_20241217094548_0030_D,2,DEBY_LOD2_4907186,2,52262,17,7,234,80,1,,64,actual_label_source_raycast_building_id_only,48.0,556.0,False,20.0,pre-adjudication overlap audit only,7,256,results/tum_transfer/e5_s3/C001/semantic_regions/DJI_20241217094548_0030_D.npz
DJI_20241217094548_0030_D,3,DEBY_LOD2_4907188,2,52262,17,7,42,2,1,,64,actual_label_source_raycast_building_id_only,48.0,556.0,False,20.0,pre-adjudication overlap audit only,7,256,results/tum_transfer/e5_s3/C001/semantic_regions/DJI_20241217094548_0030_D.npz
DJI_20241217094548_0030_D,4,DEBY_LOD2_4907195,2,52262,17,7,79,49,1,,64,actual_label_source_raycast_building_id_only,48.0,556.0,False,20.0,pre-adjudication overlap audit only,7,256,results/tum_transfer/e5_s3/C001/semantic_regions/DJI_20241217094548_0030_D.npz
DJI_20241217094548_0030_D,5,DEBY_LOD2_60098,2,52262,17,7,216,49,1,,64,actual_label_source_raycast_building_id_only,48.0,556.0,False,20.0,pre-adjudication overlap audit only,7,256,results/tum_transfer/e5_s3/C001/semantic_regions/DJI_20241217094548_0030_D.npz
DJI_20241217094550_0031_D,1,DEBY_LOD2_4907184,2,52480,17,7,797,760,1,,64,actual_label_source_raycast_building_id_only,48.0,556.0,False,20.0,pre-adjudication overlap audit only,7,256,results/tum_transfer/e5_s3/C001/semantic_regions/DJI_20241217094550_0031_D.npz
DJI_20241217094550_0031_D,2,DEBY_LOD2_4907186,2,52480,17,7,232,101,1,,64,actual_label_source_raycast_building_id_only,48.0,556.0,False,20.0,pre-adjudication overlap audit only,7,256,results/tum_transfer/e5_s3/C001/semantic_regions/DJI_20241217094550_0031_D.npz
DJI_20241217094550_0031_D,3,DEBY_LOD2_4907188,2,52480,17,7,40,3,1,,64,actual_label_source_raycast_building_id_only,48.0,556.0,False,20.0,pre-adjudication overlap audit only,7,256,results/tum_transfer/e5_s3/C001/semantic_regions/DJI_20241217094550_0031_D.npz
DJI_20241217094550_0031_D,4,DEBY_LOD2_4907195,2,52480,17,7,77,47,1,,64,actual_label_source_raycast_building_id_only,48.0,556.0,False,20.0,pre-adjudication overlap audit only,7,256,results/tum_transfer/e5_s3/C001/semantic_regions/DJI_20241217094550_0031_D.npz
DJI_20241217094550_0031_D,5,DEBY_LOD2_60098,2,52480,17,7,206,98,1,,64,actual_label_source_raycast_building_id_only,48.0,556.0,False,20.0,pre-adjudication overlap audit only,7,256,results/tum_transfer/e5_s3/C001/semantic_regions/DJI_20241217094550_0031_D.npz
DJI_20241217094552_0032_D,1,DEBY_LOD2_4907184,2,82485,17,7,1163,1117,1,,64,actual_label_source_raycast_building_id_only,48.0,556.0,False,20.0,pre-adjudication overlap audit only,7,256,results/tum_transfer/e5_s3/C001/semantic_regions/DJI_20241217094552_0032_D.npz
DJI_20241217094552_0032_D,2,DEBY_LOD2_4907186,2,82485,17,7,249,98,1,,64,actual_label_source_raycast_building_id_only,48.0,556.0,False,20.0,pre-adjudication overlap audit only,7,256,results/tum_transfer/e5_s3/C001/semantic_regions/DJI_20241217094552_0032_D.npz
DJI_20241217094552_0032_D,3,DEBY_LOD2_4907188,2,82485,17,7,56,12,1,,64,actual_label_source_raycast_building_id_only,48.0,556.0,False,20.0,pre-adjudication overlap audit only,7,256,results/tum_transfer/e5_s3/C001/semantic_regions/DJI_20241217094552_0032_D.npz
DJI_20241217094552_0032_D,4,DEBY_LOD2_4907195,2,82485,17,7,75,48,1,,64,actual_label_source_raycast_building_id_only,48.0,556.0,False,20.0,pre-adjudication overlap audit only,7,256,results/tum_transfer/e5_s3/C001/semantic_regions/DJI_20241217094552_0032_D.npz
DJI_20241217094552_0032_D,5,DEBY_LOD2_60098,2,82485,17,7,224,68,1,,64,actual_label_source_raycast_building_id_only,48.0,556.0,False,20.0,pre-adjudication overlap audit only,7,256,results/tum_transfer/e5_s3/C001/semantic_regions/DJI_20241217094552_0032_D.npz
DJI_20241217094652_0041_D,1,DEBY_LOD2_4907184,2,54787,18,5,398,277,1,,64,actual_label_source_raycast_building_id_only,48.0,556.0,False,20.0,pre-adjudication overlap audit only,7,256,results/tum_transfer/e5_s3/C001/semantic_regions/DJI_20241217094652_0041_D.npz
DJI_20241217094652_0041_D,2,DEBY_LOD2_4907186,2,54787,18,5,156,156,1,,64,actual_label_source_raycast_building_id_only,48.0,556.0,False,20.0,pre-adjudication overlap audit only,7,256,results/tum_transfer/e5_s3/C001/semantic_regions/DJI_20241217094652_0041_D.npz
DJI_20241217094652_0041_D,3,DEBY_LOD2_4907194,2,54787,18,5,4,4,1,,64,actual_label_source_raycast_building_id_only,48.0,556.0,False,20.0,pre-adjudication overlap audit only,7,256,results/tum_transfer/e5_s3/C001/semantic_regions/DJI_20241217094652_0041_D.npz
DJI_20241217094652_0041_D,4,DEBY_LOD2_60098,2,54787,18,5,72,72,1,,64,actual_label_source_raycast_building_id_only,48.0,556.0,False,20.0,pre-adjudication overlap audit only,7,256,results/tum_transfer/e5_s3/C001/semantic_regions/DJI_20241217094652_0041_D.npz
DJI_20241217094653_0042_D,1,DEBY_LOD2_4907184,2,54187,18,5,378,260,1,,64,actual_label_source_raycast_building_id_only,48.0,556.0,False,20.0,pre-adjudication overlap audit only,7,256,results/tum_transfer/e5_s3/C001/semantic_regions/DJI_20241217094653_0042_D.npz
DJI_20241217094653_0042_D,2,DEBY_LOD2_4907185,2,54187,18,5,93,1,1,,64,actual_label_source_raycast_building_id_only,48.0,556.0,False,20.0,pre-adjudication overlap audit only,7,256,results/tum_transfer/e5_s3/C001/semantic_regions/DJI_20241217094653_0042_D.npz
DJI_20241217094653_0042_D,3,DEBY_LOD2_4907186,2,54187,18,5,154,154,1,,64,actual_label_source_raycast_building_id_only,48.0,556.0,False,20.0,pre-adjudication overlap audit only,7,256,results/tum_transfer/e5_s3/C001/semantic_regions/DJI_20241217094653_0042_D.npz
DJI_20241217094653_0042_D,4,DEBY_LOD2_4907194,2,54187,18,5,3,3,1,,64,actual_label_source_raycast_building_id_only,48.0,556.0,False,20.0,pre-adjudication overlap audit only,7,256,results/tum_transfer/e5_s3/C001/semantic_regions/DJI_20241217094653_0042_D.npz
DJI_20241217094653_0042_D,5,DEBY_LOD2_60098,2,54187,18,5,71,71,1,,64,actual_label_source_raycast_building_id_only,48.0,556.0,False,20.0,pre-adjudication overlap audit only,7,256,results/tum_transfer/e5_s3/C001/semantic_regions/DJI_20241217094653_0042_D.npz
DJI_20241217095023_0038_D,1,DEBY_LOD2_4907184,1,33038,5,1,4087,4087,1,,64,actual_label_source_raycast_building_id_only,48.0,556.0,False,20.0,pre-adjudication overlap audit only,7,256,results/tum_transfer/e5_s3/C001/semantic_regions/DJI_20241217095023_0038_D.npz
DJI_20241217095029_0041_D,1,DEBY_LOD2_4907184,1,36525,5,1,4045,4045,1,,64,actual_label_source_raycast_building_id_only,48.0,556.0,False,20.0,pre-adjudication overlap audit only,7,256,results/tum_transfer/e5_s3/C001/semantic_regions/DJI_20241217095029_0041_D.npz
DJI_20241217095039_0046_D,1,DEBY_LOD2_4907184,2,202674,8,3,3248,3025,1,,64,actual_label_source_raycast_building_id_only,48.0,556.0,False,20.0,pre-adjudication overlap audit only,7,256,results/tum_transfer/e5_s3/C001/semantic_regions/DJI_20241217095039_0046_D.npz
DJI_20241217095039_0046_D,2,DEBY_LOD2_4907185,2,202674,8,3,666,503,1,,64,actual_label_source_raycast_building_id_only,48.0,556.0,False,20.0,pre-adjudication overlap audit only,7,256,results/tum_transfer/e5_s3/C001/semantic_regions/DJI_20241217095039_0046_D.npz
DJI_20241217095039_0046_D,3,DEBY_LOD2_60098,2,202674,8,3,236,236,1,,64,actual_label_source_raycast_building_id_only,48.0,556.0,False,20.0,pre-adjudication overlap audit only,7,256,results/tum_transfer/e5_s3/C001/semantic_regions/DJI_20241217095039_0046_D.npz
DJI_20241217095051_0052_D,1,DEBY_LOD2_4907184,1,237868,8,3,3279,3035,1,,64,actual_label_source_raycast_building_id_only,48.0,556.0,False,20.0,pre-adjudication overlap audit only,7,256,results/tum_transfer/e5_s3/C001/semantic_regions/DJI_20241217095051_0052_D.npz
DJI_20241217095051_0052_D,2,DEBY_LOD2_4907185,1,237868,8,3,713,497,1,,64,actual_label_source_raycast_building_id_only,48.0,556.0,False,20.0,pre-adjudication overlap audit only,7,256,results/tum_transfer/e5_s3/C001/semantic_regions/DJI_20241217095051_0052_D.npz
DJI_20241217095051_0052_D,3,DEBY_LOD2_60098,1,237868,8,3,614,547,1,,64,actual_label_source_raycast_building_id_only,48.0,556.0,False,20.0,pre-adjudication overlap audit only,7,256,results/tum_transfer/e5_s3/C001/semantic_regions/DJI_20241217095051_0052_D.npz
DJI_20241217095053_0053_D,1,DEBY_LOD2_4907184,1,237804,8,3,3387,3120,1,,64,actual_label_source_raycast_building_id_only,48.0,556.0,False,20.0,pre-adjudication overlap audit only,7,256,results/tum_transfer/e5_s3/C001/semantic_regions/DJI_20241217095053_0053_D.npz
DJI_20241217095053_0053_D,2,DEBY_LOD2_4907185,1,237804,8,3,691,458,1,,64,actual_label_source_raycast_building_id_only,48.0,556.0,False,20.0,pre-adjudication overlap audit only,7,256,results/tum_transfer/e5_s3/C001/semantic_regions/DJI_20241217095053_0053_D.npz
DJI_20241217095053_0053_D,3,DEBY_LOD2_60098,1,237804,8,3,795,700,1,,64,actual_label_source_raycast_building_id_only,48.0,556.0,False,20.0,pre-adjudication overlap audit only,7,256,results/tum_transfer/e5_s3/C001/semantic_regions/DJI_20241217095053_0053_D.npz
DJI_20241217095055_0054_D,1,DEBY_LOD2_4907184,3,243767,8,3,3408,3158,1,,64,actual_label_source_raycast_building_id_only,48.0,556.0,False,20.0,pre-adjudication overlap audit only,7,256,results/tum_transfer/e5_s3/C001/semantic_regions/DJI_20241217095055_0054_D.npz
DJI_20241217095055_0054_D,2,DEBY_LOD2_4907185,3,243767,8,3,690,483,1,,64,actual_label_source_raycast_building_id_only,48.0,556.0,False,20.0,pre-adjudication overlap audit only,7,256,results/tum_transfer/e5_s3/C001/semantic_regions/DJI_20241217095055_0054_D.npz
DJI_20241217095055_0054_D,3,DEBY_LOD2_60098,3,243767,8,3,732,671,1,,64,actual_label_source_raycast_building_id_only,48.0,556.0,False,20.0,pre-adjudication overlap audit only,7,256,results/tum_transfer/e5_s3/C001/semantic_regions/DJI_20241217095055_0054_D.npz
DJI_20241217095057_0055_D,1,DEBY_LOD2_4907184,2,221382,7,2,3445,3191,1,,64,actual_label_source_raycast_building_id_only,48.0,556.0,False,20.0,pre-adjudication overlap audit only,7,256,results/tum_transfer/e5_s3/C001/semantic_regions/DJI_20241217095057_0055_D.npz
DJI_20241217095057_0055_D,2,DEBY_LOD2_4907185,2,221382,7,2,885,688,1,,64,actual_label_source_raycast_building_id_only,48.0,556.0,False,20.0,pre-adjudication overlap audit only,7,256,results/tum_transfer/e5_s3/C001/semantic_regions/DJI_20241217095057_0055_D.npz
DJI_20241217095103_0058_D,1,DEBY_LOD2_4907184,1,148713,4,1,31,31,1,,64,actual_label_source_raycast_building_id_only,48.0,556.0,False,20.0,pre-adjudication overlap audit only,7,256,results/tum_transfer/e5_s3/C001/semantic_regions/DJI_20241217095103_0058_D.npz
DJI_20241217095121_0067_D,1,DEBY_LOD2_4907184,3,204360,8,5,4071,3827,1,,64,actual_label_source_raycast_building_id_only,48.0,556.0,False,20.0,pre-adjudication overlap audit only,7,256,results/tum_transfer/e5_s3/C001/semantic_regions/DJI_20241217095121_0067_D.npz
DJI_20241217095121_0067_D,2,DEBY_LOD2_4907185,3,204360,8,5,636,429,1,,64,actual_label_source_raycast_building_id_only,48.0,556.0,False,20.0,pre-adjudication overlap audit only,7,256,results/tum_transfer/e5_s3/C001/semantic_regions/DJI_20241217095121_0067_D.npz
DJI_20241217095121_0067_D,3,DEBY_LOD2_4907186,3,204360,8,5,10,10,1,,64,actual_label_source_raycast_building_id_only,48.0,556.0,False,20.0,pre-adjudication overlap audit only,7,256,results/tum_transfer/e5_s3/C001/semantic_regions/DJI_20241217095121_0067_D.npz
DJI_20241217095121_0067_D,4,DEBY_LOD2_60098,3,204360,8,5,1560,1429,1,,64,actual_label_source_raycast_building_id_only,48.0,556.0,False,20.0,pre-adjudication overlap audit only,7,256,results/tum_transfer/e5_s3/C001/semantic_regions/DJI_20241217095121_0067_D.npz
DJI_20241217095123_0068_D,1,DEBY_LOD2_4907184,4,276930,14,5,4389,4180,1,,64,actual_label_source_raycast_building_id_only,48.0,556.0,False,20.0,pre-adjudication overlap audit only,7,256,results/tum_transfer/e5_s3/C001/semantic_regions/DJI_20241217095123_0068_D.npz
DJI_20241217095123_0068_D,2,DEBY_LOD2_4907185,4,276930,14,5,569,436,1,,64,actual_label_source_raycast_building_id_only,48.0,556.0,False,20.0,pre-adjudication overlap audit only,7,256,results/tum_transfer/e5_s3/C001/semantic_regions/DJI_20241217095123_0068_D.npz
DJI_20241217095123_0068_D,3,DEBY_LOD2_4907186,4,276930,14,5,177,177,1,,64,actual_label_source_raycast_building_id_only,48.0,556.0,False,20.0,pre-adjudication overlap audit only,7,256,results/tum_transfer/e5_s3/C001/semantic_regions/DJI_20241217095123_0068_D.npz
DJI_20241217095123_0068_D,4,DEBY_LOD2_4907198,4,276930,14,5,306,122,1,,64,actual_label_source_raycast_building_id_only,48.0,556.0,False,20.0,pre-adjudication overlap audit only,7,256,results/tum_transfer/e5_s3/C001/semantic_regions/DJI_20241217095123_0068_D.npz
DJI_20241217095123_0068_D,5,DEBY_LOD2_60098,4,276930,14,5,2104,1901,1,,64,actual_label_source_raycast_building_id_only,48.0,556.0,False,20.0,pre-adjudication overlap audit only,7,256,results/tum_transfer/e5_s3/C001/semantic_regions/DJI_20241217095123_0068_D.npz
DJI_20241217095125_0069_D,1,DEBY_LOD2_4907184,2,287367,15,5,5054,4863,1,,64,actual_label_source_raycast_building_id_only,48.0,556.0,False,20.0,pre-adjudication overlap audit only,7,256,results/tum_transfer/e5_s3/C001/semantic_regions/DJI_20241217095125_0069_D.npz
DJI_20241217095125_0069_D,2,DEBY_LOD2_4907185,2,287367,15,5,559,406,1,,64,actual_label_source_raycast_building_id_only,48.0,556.0,False,20.0,pre-adjudication overlap audit only,7,256,results/tum_transfer/e5_s3/C001/semantic_regions/DJI_20241217095125_0069_D.npz
DJI_20241217095125_0069_D,3,DEBY_LOD2_4907186,2,287367,15,5,291,291,1,,64,actual_label_source_raycast_building_id_only,48.0,556.0,False,20.0,pre-adjudication overlap audit only,7,256,results/tum_transfer/e5_s3/C001/semantic_regions/DJI_20241217095125_0069_D.npz
DJI_20241217095125_0069_D,4,DEBY_LOD2_4907198,2,287367,15,5,455,205,1,,64,actual_label_source_raycast_building_id_only,48.0,556.0,False,20.0,pre-adjudication overlap audit only,7,256,results/tum_transfer/e5_s3/C001/semantic_regions/DJI_20241217095125_0069_D.npz
DJI_20241217095125_0069_D,5,DEBY_LOD2_60098,2,287367,15,5,2348,2029,1,,64,actual_label_source_raycast_building_id_only,48.0,556.0,False,20.0,pre-adjudication overlap audit only,7,256,results/tum_transfer/e5_s3/C001/semantic_regions/DJI_20241217095125_0069_D.npz
DJI_20241217095127_0070_D,1,DEBY_LOD2_4907184,1,292425,15,4,6312,6120,1,,64,actual_label_source_raycast_building_id_only,48.0,556.0,False,20.0,pre-adjudication overlap audit only,7,256,results/tum_transfer/e5_s3/C001/semantic_regions/DJI_20241217095127_0070_D.npz
DJI_20241217095127_0070_D,2,DEBY_LOD2_4907185,1,292425,15,4,641,529,1,,64,actual_label_source_raycast_building_id_only,48.0,556.0,False,20.0,pre-adjudication overlap audit only,7,256,results/tum_transfer/e5_s3/C001/semantic_regions/DJI_20241217095127_0070_D.npz
DJI_20241217095127_0070_D,3,DEBY_LOD2_4907198,1,292425,15,4,387,175,1,,64,actual_label_source_raycast_building_id_only,48.0,556.0,False,20.0,pre-adjudication overlap audit only,7,256,results/tum_transfer/e5_s3/C001/semantic_regions/DJI_20241217095127_0070_D.npz
DJI_20241217095127_0070_D,4,DEBY_LOD2_60098,1,292425,15,4,2579,2359,1,,64,actual_label_source_raycast_building_id_only,48.0,556.0,False,20.0,pre-adjudication overlap audit only,7,256,results/tum_transfer/e5_s3/C001/semantic_regions/DJI_20241217095127_0070_D.npz
DJI_20241217095139_0076_D,1,DEBY_LOD2_4907184,1,90431,16,7,5597,5508,1,,64,actual_label_source_raycast_building_id_only,48.0,556.0,False,20.0,pre-adjudication overlap audit only,7,256,results/tum_transfer/e5_s3/C001/semantic_regions/DJI_20241217095139_0076_D.npz
DJI_20241217095139_0076_D,2,DEBY_LOD2_4907185,1,90431,16,7,498,419,1,,64,actual_label_source_raycast_building_id_only,48.0,556.0,False,20.0,pre-adjudication overlap audit only,7,256,results/tum_transfer/e5_s3/C001/semantic_regions/DJI_20241217095139_0076_D.npz
DJI_20241217095139_0076_D,3,DEBY_LOD2_4907186,1,90431,16,7,4494,3801,1,,64,actual_label_source_raycast_building_id_only,48.0,556.0,False,20.0,pre-adjudication overlap audit only,7,256,results/tum_transfer/e5_s3/C001/semantic_regions/DJI_20241217095139_0076_D.npz
DJI_20241217095139_0076_D,4,DEBY_LOD2_4907188,1,90431,16,7,110,31,1,,64,actual_label_source_raycast_building_id_only,48.0,556.0,False,20.0,pre-adjudication overlap audit only,7,256,results/tum_transfer/e5_s3/C001/semantic_regions/DJI_20241217095139_0076_D.npz
DJI_20241217095139_0076_D,5,DEBY_LOD2_4907195,1,90431,16,7,1414,1414,1,,64,actual_label_source_raycast_building_id_only,48.0,556.0,False,20.0,pre-adjudication overlap audit only,7,256,results/tum_transfer/e5_s3/C001/semantic_regions/DJI_20241217095139_0076_D.npz
DJI_20241217095139_0076_D,6,DEBY_LOD2_4907198,1,90431,16,7,6231,3096,1,,64,actual_label_source_raycast_building_id_only,48.0,556.0,False,20.0,pre-adjudication overlap audit only,7,256,results/tum_transfer/e5_s3/C001/semantic_regions/DJI_20241217095139_0076_D.npz
DJI_20241217095139_0076_D,7,DEBY_LOD2_4907198,1,90431,16,7,6231,2087,2,,64,actual_label_source_raycast_building_id_only,48.0,556.0,False,20.0,pre-adjudication overlap audit only,7,256,results/tum_transfer/e5_s3/C001/semantic_regions/DJI_20241217095139_0076_D.npz
DJI_20241217095139_0076_D,8,DEBY_LOD2_60098,1,90431,16,7,3786,3214,1,,64,actual_label_source_raycast_building_id_only,48.0,556.0,False,20.0,pre-adjudication overlap audit only,7,256,results/tum_transfer/e5_s3/C001/semantic_regions/DJI_20241217095139_0076_D.npz
DJI_20241217095141_0077_D,1,DEBY_LOD2_4907184,3,97674,16,9,4096,4013,1,,64,actual_label_source_raycast_building_id_only,48.0,556.0,False,20.0,pre-adjudication overlap audit only,7,256,results/tum_transfer/e5_s3/C001/semantic_regions/DJI_20241217095141_0077_D.npz
DJI_20241217095141_0077_D,2,DEBY_LOD2_4907185,3,97674,16,9,370,307,1,,64,actual_label_source_raycast_building_id_only,48.0,556.0,False,20.0,pre-adjudication overlap audit only,7,256,results/tum_transfer/e5_s3/C001/semantic_regions/DJI_20241217095141_0077_D.npz
DJI_20241217095141_0077_D,3,DEBY_LOD2_4907186,3,97674,16,9,3408,2806,1,,64,actual_label_source_raycast_building_id_only,48.0,556.0,False,20.0,pre-adjudication overlap audit only,7,256,results/tum_transfer/e5_s3/C001/semantic_regions/DJI_20241217095141_0077_D.npz
DJI_20241217095141_0077_D,4,DEBY_LOD2_4907194,3,97674,16,9,277,50,1,,64,actual_label_source_raycast_building_id_only,48.0,556.0,False,20.0,pre-adjudication overlap audit only,7,256,results/tum_transfer/e5_s3/C001/semantic_regions/DJI_20241217095141_0077_D.npz
DJI_20241217095141_0077_D,5,DEBY_LOD2_4907195,3,97674,16,9,3635,3295,1,,64,actual_label_source_raycast_building_id_only,48.0,556.0,False,20.0,pre-adjudication overlap audit only,7,256,results/tum_transfer/e5_s3/C001/semantic_regions/DJI_20241217095141_0077_D.npz
DJI_20241217095141_0077_D,6,DEBY_LOD2_4907195,3,97674,16,9,3635,1,2,,64,actual_label_source_raycast_building_id_only,48.0,556.0,False,20.0,pre-adjudication overlap audit only,7,256,results/tum_transfer/e5_s3/C001/semantic_regions/DJI_20241217095141_0077_D.npz
DJI_20241217095141_0077_D,7,DEBY_LOD2_4907198,3,97674,16,9,5613,2883,1,,64,actual_label_source_raycast_building_id_only,48.0,556.0,False,20.0,pre-adjudication overlap audit only,7,256,results/tum_transfer/e5_s3/C001/semantic_regions/DJI_20241217095141_0077_D.npz
DJI_20241217095141_0077_D,8,DEBY_LOD2_4907198,3,97674,16,9,5613,1753,2,,64,actual_label_source_raycast_building_id_only,48.0,556.0,False,20.0,pre-adjudication overlap audit only,7,256,results/tum_transfer/e5_s3/C001/semantic_regions/DJI_20241217095141_0077_D.npz
DJI_20241217095141_0077_D,9,DEBY_LOD2_4907199,3,97674,16,9,60,38,1,,64,actual_label_source_raycast_building_id_only,48.0,556.0,False,20.0,pre-adjudication overlap audit only,7,256,results/tum_transfer/e5_s3/C001/semantic_regions/DJI_20241217095141_0077_D.npz
DJI_20241217095141_0077_D,10,DEBY_LOD2_4907199,3,97674,16,9,60,1,2,,64,actual_label_source_raycast_building_id_only,48.0,556.0,False,20.0,pre-adjudication overlap audit only,7,256,results/tum_transfer/e5_s3/C001/semantic_regions/DJI_20241217095141_0077_D.npz
DJI_20241217095141_0077_D,11,DEBY_LOD2_4907199,3,97674,16,9,60,1,3,,64,actual_label_source_raycast_building_id_only,48.0,556.0,False,20.0,pre-adjudication overlap audit only,7,256,results/tum_transfer/e5_s3/C001/semantic_regions/DJI_20241217095141_0077_D.npz
DJI_20241217095141_0077_D,12,DEBY_LOD2_4907199,3,97674,16,9,60,1,4,,64,actual_label_source_raycast_building_id_only,48.0,556.0,False,20.0,pre-adjudication overlap audit only,7,256,results/tum_transfer/e5_s3/C001/semantic_regions/DJI_20241217095141_0077_D.npz
DJI_20241217095141_0077_D,13,DEBY_LOD2_4907199,3,97674,16,9,60,1,5,,64,actual_label_source_raycast_building_id_only,48.0,556.0,False,20.0,pre-adjudication overlap audit only,7,256,results/tum_transfer/e5_s3/C001/semantic_regions/DJI_20241217095141_0077_D.npz
DJI_20241217095141_0077_D,14,DEBY_LOD2_4907199,3,97674,16,9,60,1,6,,64,actual_label_source_raycast_building_id_only,48.0,556.0,False,20.0,pre-adjudication overlap audit only,7,256,results/tum_transfer/e5_s3/C001/semantic_regions/DJI_20241217095141_0077_D.npz
DJI_20241217095141_0077_D,15,DEBY_LOD2_4907199,3,97674,16,9,60,1,7,,64,actual_label_source_raycast_building_id_only,48.0,556.0,False,20.0,pre-adjudication overlap audit only,7,256,results/tum_transfer/e5_s3/C001/semantic_regions/DJI_20241217095141_0077_D.npz
DJI_20241217095141_0077_D,16,DEBY_LOD2_4907199,3,97674,16,9,60,1,8,,64,actual_label_source_raycast_building_id_only,48.0,556.0,False,20.0,pre-adjudication overlap audit only,7,256,results/tum_transfer/e5_s3/C001/semantic_regions/DJI_20241217095141_0077_D.npz
DJI_20241217095141_0077_D,17,DEBY_LOD2_4907199,3,97674,16,9,60,1,9,,64,actual_label_source_raycast_building_id_only,48.0,556.0,False,20.0,pre-adjudication overlap audit only,7,256,results/tum_transfer/e5_s3/C001/semantic_regions/DJI_20241217095141_0077_D.npz
DJI_20241217095141_0077_D,18,DEBY_LOD2_4907199,3,97674,16,9,60,1,10,,64,actual_label_source_raycast_building_id_only,48.0,556.0,False,20.0,pre-adjudication overlap audit only,7,256,results/tum_transfer/e5_s3/C001/semantic_regions/DJI_20241217095141_0077_D.npz
DJI_20241217095141_0077_D,19,DEBY_LOD2_4907199,3,97674,16,9,60,1,11,,64,actual_label_source_raycast_building_id_only,48.0,556.0,False,20.0,pre-adjudication overlap audit only,7,256,results/tum_transfer/e5_s3/C001/semantic_regions/DJI_20241217095141_0077_D.npz
DJI_20241217095141_0077_D,20,DEBY_LOD2_4907199,3,97674,16,9,60,2,12,,64,actual_label_source_raycast_building_id_only,48.0,556.0,False,20.0,pre-adjudication overlap audit only,7,256,results/tum_transfer/e5_s3/C001/semantic_regions/DJI_20241217095141_0077_D.npz
DJI_20241217095141_0077_D,21,DEBY_LOD2_4907199,3,97674,16,9,60,1,13,,64,actual_label_source_raycast_building_id_only,48.0,556.0,False,20.0,pre-adjudication overlap audit only,7,256,results/tum_transfer/e5_s3/C001/semantic_regions/DJI_20241217095141_0077_D.npz
DJI_20241217095141_0077_D,22,DEBY_LOD2_4907199,3,97674,16,9,60,1,14,,64,actual_label_source_raycast_building_id_only,48.0,556.0,False,20.0,pre-adjudication overlap audit only,7,256,results/tum_transfer/e5_s3/C001/semantic_regions/DJI_20241217095141_0077_D.npz
DJI_20241217095141_0077_D,23,DEBY_LOD2_4907199,3,97674,16,9,60,1,15,,64,actual_label_source_raycast_building_id_only,48.0,556.0,False,20.0,pre-adjudication overlap audit only,7,256,results/tum_transfer/e5_s3/C001/semantic_regions/DJI_20241217095141_0077_D.npz
DJI_20241217095141_0077_D,24,DEBY_LOD2_4907199,3,97674,16,9,60,1,16,,64,actual_label_source_raycast_building_id_only,48.0,556.0,False,20.0,pre-adjudication overlap audit only,7,256,results/tum_transfer/e5_s3/C001/semantic_regions/DJI_20241217095141_0077_D.npz
DJI_20241217095141_0077_D,25,DEBY_LOD2_4907199,3,97674,16,9,60,1,17,,64,actual_label_source_raycast_building_id_only,48.0,556.0,False,20.0,pre-adjudication overlap audit only,7,256,results/tum_transfer/e5_s3/C001/semantic_regions/DJI_20241217095141_0077_D.npz
DJI_20241217095141_0077_D,26,DEBY_LOD2_4907199,3,97674,16,9,60,5,18,,64,actual_label_source_raycast_building_id_only,48.0,556.0,False,20.0,pre-adjudication overlap audit only,7,256,results/tum_transfer/e5_s3/C001/semantic_regions/DJI_20241217095141_0077_D.npz
DJI_20241217095141_0077_D,27,DEBY_LOD2_60098,3,97674,16,9,3074,2506,1,,64,actual_label_source_raycast_building_id_only,48.0,556.0,False,20.0,pre-adjudication overlap audit only,7,256,results/tum_transfer/e5_s3/C001/semantic_regions/DJI_20241217095141_0077_D.npz
DJI_20241217095143_0078_D,1,DEBY_LOD2_4907184,4,101463,16,9,4006,3923,1,,64,actual_label_source_raycast_building_id_only,48.0,556.0,False,20.0,pre-adjudication overlap audit only,7,256,results/tum_transfer/e5_s3/C001/semantic_regions/DJI_20241217095143_0078_D.npz
DJI_20241217095143_0078_D,2,DEBY_LOD2_4907184,4,101463,16,9,4006,3,2,,64,actual_label_source_raycast_building_id_only,48.0,556.0,False,20.0,pre-adjudication overlap audit only,7,256,results/tum_transfer/e5_s3/C001/semantic_regions/DJI_20241217095143_0078_D.npz
DJI_20241217095143_0078_D,3,DEBY_LOD2_4907185,4,101463,16,9,370,298,1,,64,actual_label_source_raycast_building_id_only,48.0,556.0,False,20.0,pre-adjudication overlap audit only,7,256,results/tum_transfer/e5_s3/C001/semantic_regions/DJI_20241217095143_0078_D.npz
DJI_20241217095143_0078_D,4,DEBY_LOD2_4907186,4,101463,16,9,3358,2775,1,,64,actual_label_source_raycast_building_id_only,48.0,556.0,False,20.0,pre-adjudication overlap audit only,7,256,results/tum_transfer/e5_s3/C001/semantic_regions/DJI_20241217095143_0078_D.npz
DJI_20241217095143_0078_D,5,DEBY_LOD2_4907194,4,101463,16,9,718,465,1,,64,actual_label_source_raycast_building_id_only,48.0,556.0,False,20.0,pre-adjudication overlap audit only,7,256,results/tum_transfer/e5_s3/C001/semantic_regions/DJI_20241217095143_0078_D.npz
DJI_20241217095143_0078_D,6,DEBY_LOD2_4907195,4,101463,16,9,3657,3291,1,,64,actual_label_source_raycast_building_id_only,48.0,556.0,False,20.0,pre-adjudication overlap audit only,7,256,results/tum_transfer/e5_s3/C001/semantic_regions/DJI_20241217095143_0078_D.npz
DJI_20241217095143_0078_D,7,DEBY_LOD2_4907195,4,101463,16,9,3657,26,2,,64,actual_label_source_raycast_building_id_only,48.0,556.0,False,20.0,pre-adjudication overlap audit only,7,256,results/tum_transfer/e5_s3/C001/semantic_regions/DJI_20241217095143_0078_D.npz
DJI_20241217095143_0078_D,8,DEBY_LOD2_4907198,4,101463,16,9,5671,2859,1,,64,actual_label_source_raycast_building_id_only,48.0,556.0,False,20.0,pre-adjudication overlap audit only,7,256,results/tum_transfer/e5_s3/C001/semantic_regions/DJI_20241217095143_0078_D.npz
DJI_20241217095143_0078_D,9,DEBY_LOD2_4907198,4,101463,16,9,5671,1826,2,,64,actual_label_source_raycast_building_id_only,48.0,556.0,False,20.0,pre-adjudication overlap audit only,7,256,results/tum_transfer/e5_s3/C001/semantic_regions/DJI_20241217095143_0078_D.npz
DJI_20241217095143_0078_D,10,DEBY_LOD2_4907199,4,101463,16,9,647,36,1,,64,actual_label_source_raycast_building_id_only,48.0,556.0,False,20.0,pre-adjudication overlap audit only,7,256,results/tum_transfer/e5_s3/C001/semantic_regions/DJI_20241217095143_0078_D.npz
DJI_20241217095143_0078_D,11,DEBY_LOD2_4907199,4,101463,16,9,647,611,2,,64,actual_label_source_raycast_building_id_only,48.0,556.0,False,20.0,pre-adjudication overlap audit only,7,256,results/tum_transfer/e5_s3/C001/semantic_regions/DJI_20241217095143_0078_D.npz
DJI_20241217095143_0078_D,12,DEBY_LOD2_60098,4,101463,16,9,3141,2555,1,,64,actual_label_source_raycast_building_id_only,48.0,556.0,False,20.0,pre-adjudication overlap audit only,7,256,results/tum_transfer/e5_s3/C001/semantic_regions/DJI_20241217095143_0078_D.npz
DJI_20241217095145_0079_D,1,DEBY_LOD2_4907184,5,101120,16,9,3968,3886,1,,64,actual_label_source_raycast_building_id_only,48.0,556.0,False,20.0,pre-adjudication overlap audit only,7,256,results/tum_transfer/e5_s3/C001/semantic_regions/DJI_20241217095145_0079_D.npz
DJI_20241217095145_0079_D,2,DEBY_LOD2_4907184,5,101120,16,9,3968,4,2,,64,actual_label_source_raycast_building_id_only,48.0,556.0,False,20.0,pre-adjudication overlap audit only,7,256,results/tum_transfer/e5_s3/C001/semantic_regions/DJI_20241217095145_0079_D.npz
DJI_20241217095145_0079_D,3,DEBY_LOD2_4907185,5,101120,16,9,372,309,1,,64,actual_label_source_raycast_building_id_only,48.0,556.0,False,20.0,pre-adjudication overlap audit only,7,256,results/tum_transfer/e5_s3/C001/semantic_regions/DJI_20241217095145_0079_D.npz
DJI_20241217095145_0079_D,4,DEBY_LOD2_4907186,5,101120,16,9,3362,2778,1,,64,actual_label_source_raycast_building_id_only,48.0,556.0,False,20.0,pre-adjudication overlap audit only,7,256,results/tum_transfer/e5_s3/C001/semantic_regions/DJI_20241217095145_0079_D.npz
DJI_20241217095145_0079_D,5,DEBY_LOD2_4907194,5,101120,16,9,651,398,1,,64,actual_label_source_raycast_building_id_only,48.0,556.0,False,20.0,pre-adjudication overlap audit only,7,256,results/tum_transfer/e5_s3/C001/semantic_regions/DJI_20241217095145_0079_D.npz
DJI_20241217095145_0079_D,6,DEBY_LOD2_4907195,5,101120,16,9,3659,3302,1,,64,actual_label_source_raycast_building_id_only,48.0,556.0,False,20.0,pre-adjudication overlap audit only,7,256,results/tum_transfer/e5_s3/C001/semantic_regions/DJI_20241217095145_0079_D.npz
DJI_20241217095145_0079_D,7,DEBY_LOD2_4907195,5,101120,16,9,3659,24,2,,64,actual_label_source_raycast_building_id_only,48.0,556.0,False,20.0,pre-adjudication overlap audit only,7,256,results/tum_transfer/e5_s3/C001/semantic_regions/DJI_20241217095145_0079_D.npz
DJI_20241217095145_0079_D,8,DEBY_LOD2_4907198,5,101120,16,9,5660,2861,1,,64,actual_label_source_raycast_building_id_only,48.0,556.0,False,20.0,pre-adjudication overlap audit only,7,256,results/tum_transfer/e5_s3/C001/semantic_regions/DJI_20241217095145_0079_D.npz
DJI_20241217095145_0079_D,9,DEBY_LOD2_4907198,5,101120,16,9,5660,1811,2,,64,actual_label_source_raycast_building_id_only,48.0,556.0,False,20.0,pre-adjudication overlap audit only,7,256,results/tum_transfer/e5_s3/C001/semantic_regions/DJI_20241217095145_0079_D.npz
DJI_20241217095145_0079_D,10,DEBY_LOD2_4907199,5,101120,16,9,612,34,1,,64,actual_label_source_raycast_building_id_only,48.0,556.0,False,20.0,pre-adjudication overlap audit only,7,256,results/tum_transfer/e5_s3/C001/semantic_regions/DJI_20241217095145_0079_D.npz
DJI_20241217095145_0079_D,11,DEBY_LOD2_4907199,5,101120,16,9,612,578,2,,64,actual_label_source_raycast_building_id_only,48.0,556.0,False,20.0,pre-adjudication overlap audit only,7,256,results/tum_transfer/e5_s3/C001/semantic_regions/DJI_20241217095145_0079_D.npz
DJI_20241217095145_0079_D,12,DEBY_LOD2_60098,5,101120,16,9,3140,2548,1,,64,actual_label_source_raycast_building_id_only,48.0,556.0,False,20.0,pre-adjudication overlap audit only,7,256,results/tum_transfer/e5_s3/C001/semantic_regions/DJI_20241217095145_0079_D.npz
DJI_20241217095147_0080_D,1,DEBY_LOD2_4907184,2,100914,16,9,3998,3916,1,,64,actual_label_source_raycast_building_id_only,48.0,556.0,False,20.0,pre-adjudication overlap audit only,7,256,results/tum_transfer/e5_s3/C001/semantic_regions/DJI_20241217095147_0080_D.npz
DJI_20241217095147_0080_D,2,DEBY_LOD2_4907185,2,100914,16,9,411,340,1,,64,actual_label_source_raycast_building_id_only,48.0,556.0,False,20.0,pre-adjudication overlap audit only,7,256,results/tum_transfer/e5_s3/C001/semantic_regions/DJI_20241217095147_0080_D.npz
DJI_20241217095147_0080_D,3,DEBY_LOD2_4907186,2,100914,16,9,3367,2750,1,,64,actual_label_source_raycast_building_id_only,48.0,556.0,False,20.0,pre-adjudication overlap audit only,7,256,results/tum_transfer/e5_s3/C001/semantic_regions/DJI_20241217095147_0080_D.npz
DJI_20241217095147_0080_D,4,DEBY_LOD2_4907194,2,100914,16,9,613,360,1,,64,actual_label_source_raycast_building_id_only,48.0,556.0,False,20.0,pre-adjudication overlap audit only,7,256,results/tum_transfer/e5_s3/C001/semantic_regions/DJI_20241217095147_0080_D.npz
DJI_20241217095147_0080_D,5,DEBY_LOD2_4907195,2,100914,16,9,3662,3339,1,,64,actual_label_source_raycast_building_id_only,48.0,556.0,False,20.0,pre-adjudication overlap audit only,7,256,results/tum_transfer/e5_s3/C001/semantic_regions/DJI_20241217095147_0080_D.npz
DJI_20241217095147_0080_D,6,DEBY_LOD2_4907195,2,100914,16,9,3662,25,2,,64,actual_label_source_raycast_building_id_only,48.0,556.0,False,20.0,pre-adjudication overlap audit only,7,256,results/tum_transfer/e5_s3/C001/semantic_regions/DJI_20241217095147_0080_D.npz
DJI_20241217095147_0080_D,7,DEBY_LOD2_4907198,2,100914,16,9,5672,2872,1,,64,actual_label_source_raycast_building_id_only,48.0,556.0,False,20.0,pre-adjudication overlap audit only,7,256,results/tum_transfer/e5_s3/C001/semantic_regions/DJI_20241217095147_0080_D.npz
DJI_20241217095147_0080_D,8,DEBY_LOD2_4907198,2,100914,16,9,5672,1818,2,,64,actual_label_source_raycast_building_id_only,48.0,556.0,False,20.0,pre-adjudication overlap audit only,7,256,results/tum_transfer/e5_s3/C001/semantic_regions/DJI_20241217095147_0080_D.npz
DJI_20241217095147_0080_D,9,DEBY_LOD2_4907199,2,100914,16,9,603,31,1,,64,actual_label_source_raycast_building_id_only,48.0,556.0,False,20.0,pre-adjudication overlap audit only,7,256,results/tum_transfer/e5_s3/C001/semantic_regions/DJI_20241217095147_0080_D.npz
DJI_20241217095147_0080_D,10,DEBY_LOD2_4907199,2,100914,16,9,603,572,2,,64,actual_label_source_raycast_building_id_only,48.0,556.0,False,20.0,pre-adjudication overlap audit only,7,256,results/tum_transfer/e5_s3/C001/semantic_regions/DJI_20241217095147_0080_D.npz
DJI_20241217095147_0080_D,11,DEBY_LOD2_60098,2,100914,16,9,3134,2535,1,,64,actual_label_source_raycast_building_id_only,48.0,556.0,False,20.0,pre-adjudication overlap audit only,7,256,results/tum_transfer/e5_s3/C001/semantic_regions/DJI_20241217095147_0080_D.npz
DJI_20241217095149_0081_D,1,DEBY_LOD2_4907184,2,101001,16,9,3976,3905,1,,64,actual_label_source_raycast_building_id_only,48.0,556.0,False,20.0,pre-adjudication overlap audit only,7,256,results/tum_transfer/e5_s3/C001/semantic_regions/DJI_20241217095149_0081_D.npz
DJI_20241217095149_0081_D,2,DEBY_LOD2_4907185,2,101001,16,9,383,318,1,,64,actual_label_source_raycast_building_id_only,48.0,556.0,False,20.0,pre-adjudication overlap audit only,7,256,results/tum_transfer/e5_s3/C001/semantic_regions/DJI_20241217095149_0081_D.npz
DJI_20241217095149_0081_D,3,DEBY_LOD2_4907186,2,101001,16,9,3403,2832,1,,64,actual_label_source_raycast_building_id_only,48.0,556.0,False,20.0,pre-adjudication overlap audit only,7,256,results/tum_transfer/e5_s3/C001/semantic_regions/DJI_20241217095149_0081_D.npz
DJI_20241217095149_0081_D,4,DEBY_LOD2_4907194,2,101001,16,9,589,335,1,,64,actual_label_source_raycast_building_id_only,48.0,556.0,False,20.0,pre-adjudication overlap audit only,7,256,results/tum_transfer/e5_s3/C001/semantic_regions/DJI_20241217095149_0081_D.npz
DJI_20241217095149_0081_D,5,DEBY_LOD2_4907195,2,101001,16,9,3727,3397,1,,64,actual_label_source_raycast_building_id_only,48.0,556.0,False,20.0,pre-adjudication overlap audit only,7,256,results/tum_transfer/e5_s3/C001/semantic_regions/DJI_20241217095149_0081_D.npz
DJI_20241217095149_0081_D,6,DEBY_LOD2_4907195,2,101001,16,9,3727,22,2,,64,actual_label_source_raycast_building_id_only,48.0,556.0,False,20.0,pre-adjudication overlap audit only,7,256,results/tum_transfer/e5_s3/C001/semantic_regions/DJI_20241217095149_0081_D.npz
DJI_20241217095149_0081_D,7,DEBY_LOD2_4907198,2,101001,16,9,5683,2852,1,,64,actual_label_source_raycast_building_id_only,48.0,556.0,False,20.0,pre-adjudication overlap audit only,7,256,results/tum_transfer/e5_s3/C001/semantic_regions/DJI_20241217095149_0081_D.npz
DJI_20241217095149_0081_D,8,DEBY_LOD2_4907198,2,101001,16,9,5683,1846,2,,64,actual_label_source_raycast_building_id_only,48.0,556.0,False,20.0,pre-adjudication overlap audit only,7,256,results/tum_transfer/e5_s3/C001/semantic_regions/DJI_20241217095149_0081_D.npz
DJI_20241217095149_0081_D,9,DEBY_LOD2_4907199,2,101001,16,9,607,581,1,,64,actual_label_source_raycast_building_id_only,48.0,556.0,False,20.0,pre-adjudication overlap audit only,7,256,results/tum_transfer/e5_s3/C001/semantic_regions/DJI_20241217095149_0081_D.npz
DJI_20241217095149_0081_D,10,DEBY_LOD2_4907199,2,101001,16,9,607,26,2,,64,actual_label_source_raycast_building_id_only,48.0,556.0,False,20.0,pre-adjudication overlap audit only,7,256,results/tum_transfer/e5_s3/C001/semantic_regions/DJI_20241217095149_0081_D.npz
DJI_20241217095149_0081_D,11,DEBY_LOD2_60098,2,101001,16,9,3156,2552,1,,64,actual_label_source_raycast_building_id_only,48.0,556.0,False,20.0,pre-adjudication overlap audit only,7,256,results/tum_transfer/e5_s3/C001/semantic_regions/DJI_20241217095149_0081_D.npz
DJI_20241217095437_0021_D,1,DEBY_LOD2_4907202,2,14740,4,1,14740,14740,1,,64,actual_label_source_raycast_building_id_only,48.0,556.0,False,20.0,pre-adjudication overlap audit only,7,256,results/tum_transfer/e5_s3/C001/semantic_regions/DJI_20241217095437_0021_D.npz
DJI_20241217095437_0021_D,2,DEBY_LOD2_4907202,3,15689,6,1,15689,15689,1,,64,actual_label_source_raycast_building_id_only,48.0,556.0,False,20.0,pre-adjudication overlap audit only,7,256,results/tum_transfer/e5_s3/C001/semantic_regions/DJI_20241217095437_0021_D.npz
DJI_20241217095439_0022_D,1,DEBY_LOD2_4907202,2,12795,4,1,12795,12795,1,,64,actual_label_source_raycast_building_id_only,48.0,556.0,False,20.0,pre-adjudication overlap audit only,7,256,results/tum_transfer/e5_s3/C001/semantic_regions/DJI_20241217095439_0022_D.npz
DJI_20241217095439_0022_D,2,DEBY_LOD2_4907202,3,66211,7,2,43790,43205,1,,64,actual_label_source_raycast_building_id_only,48.0,556.0,False,20.0,pre-adjudication overlap audit only,7,256,results/tum_transfer/e5_s3/C001/semantic_regions/DJI_20241217095439_0022_D.npz
DJI_20241217095439_0022_D,3,DEBY_LOD2_4908178,3,66211,7,2,22421,21882,1,,64,actual_label_source_raycast_building_id_only,48.0,556.0,False,20.0,pre-adjudication overlap audit only,7,256,results/tum_transfer/e5_s3/C001/semantic_regions/DJI_20241217095439_0022_D.npz
DJI_20241217095441_0023_D,1,DEBY_LOD2_4907202,4,11803,4,1,11803,11803,1,,64,actual_label_source_raycast_building_id_only,48.0,556.0,False,20.0,pre-adjudication overlap audit only,7,256,results/tum_transfer/e5_s3/C001/semantic_regions/DJI_20241217095441_0023_D.npz
DJI_20241217095441_0023_D,2,DEBY_LOD2_4907202,5,220029,8,4,81698,78875,1,,64,actual_label_source_raycast_building_id_only,48.0,556.0,False,20.0,pre-adjudication overlap audit only,7,256,results/tum_transfer/e5_s3/C001/semantic_regions/DJI_20241217095441_0023_D.npz
DJI_20241217095441_0023_D,3,DEBY_LOD2_4908178,5,220029,8,4,53465,52080,1,,64,actual_label_source_raycast_building_id_only,48.0,556.0,False,20.0,pre-adjudication overlap audit only,7,256,results/tum_transfer/e5_s3/C001/semantic_regions/DJI_20241217095441_0023_D.npz
DJI_20241217095441_0023_D,4,DEBY_LOD2_8568391,5,220029,8,4,22412,20782,1,,64,actual_label_source_raycast_building_id_only,48.0,556.0,False,20.0,pre-adjudication overlap audit only,7,256,results/tum_transfer/e5_s3/C001/semantic_regions/DJI_20241217095441_0023_D.npz
DJI_20241217095441_0023_D,5,DEBY_LOD2_8568392,5,220029,8,4,1743,1505,1,,64,actual_label_source_raycast_building_id_only,48.0,556.0,False,20.0,pre-adjudication overlap audit only,7,256,results/tum_transfer/e5_s3/C001/semantic_regions/DJI_20241217095441_0023_D.npz
DJI_20241217095441_0023_D,6,DEBY_LOD2_4908179,8,22029,8,1,22029,22029,1,,64,actual_label_source_raycast_building_id_only,48.0,556.0,False,20.0,pre-adjudication overlap audit only,7,256,results/tum_transfer/e5_s3/C001/semantic_regions/DJI_20241217095441_0023_D.npz
DJI_20241217095441_0023_D,7,DEBY_LOD2_4907199,9,35597,8,1,35597,35597,1,,64,actual_label_source_raycast_building_id_only,48.0,556.0,False,20.0,pre-adjudication overlap audit only,7,256,results/tum_transfer/e5_s3/C001/semantic_regions/DJI_20241217095441_0023_D.npz
DJI_20241217095443_0024_D,1,DEBY_LOD2_4907202,2,14469,4,1,14469,14469,1,,64,actual_label_source_raycast_building_id_only,48.0,556.0,False,20.0,pre-adjudication overlap audit only,7,256,results/tum_transfer/e5_s3/C001/semantic_regions/DJI_20241217095443_0024_D.npz
DJI_20241217095443_0024_D,2,DEBY_LOD2_4907202,3,44677,6,1,19655,19655,1,,64,actual_label_source_raycast_building_id_only,48.0,556.0,False,20.0,pre-adjudication overlap audit only,7,256,results/tum_transfer/e5_s3/C001/semantic_regions/DJI_20241217095443_0024_D.npz
DJI_20241217095503_0034_D,1,DEBY_LOD2_4907198,2,709786,9,1,5058,4875,1,,64,actual_label_source_raycast_building_id_only,48.0,556.0,False,20.0,pre-adjudication overlap audit only,7,256,results/tum_transfer/e5_s3/C001/semantic_regions/DJI_20241217095503_0034_D.npz
DJI_20241217095503_0034_D,2,DEBY_LOD2_4907198,2,709786,9,1,5058,183,2,,64,actual_label_source_raycast_building_id_only,48.0,556.0,False,20.0,pre-adjudication overlap audit only,7,256,results/tum_transfer/e5_s3/C001/semantic_regions/DJI_20241217095503_0034_D.npz
DJI_20241217095503_0034_D,3,DEBY_LOD2_4908178,3,4900,8,1,4900,4900,1,,64,actual_label_source_raycast_building_id_only,48.0,556.0,False,20.0,pre-adjudication overlap audit only,7,256,results/tum_transfer/e5_s3/C001/semantic_regions/DJI_20241217095503_0034_D.npz
DJI_20241217095519_0042_D,1,DEBY_LOD2_4907184,3,1049,2,1,1049,1049,1,,64,actual_label_source_raycast_building_id_only,48.0,556.0,False,20.0,pre-adjudication overlap audit only,7,256,results/tum_transfer/e5_s3/C001/semantic_regions/DJI_20241217095519_0042_D.npz
DJI_20241217095521_0043_D,1,DEBY_LOD2_4907184,2,92169,2,1,92169,92169,1,,64,actual_label_source_raycast_building_id_only,48.0,556.0,False,20.0,pre-adjudication overlap audit only,7,256,results/tum_transfer/e5_s3/C001/semantic_regions/DJI_20241217095521_0043_D.npz
DJI_20241217095523_0044_D,1,DEBY_LOD2_4907184,8,78489,1,1,78489,78489,1,,64,actual_label_source_raycast_building_id_only,48.0,556.0,False,20.0,pre-adjudication overlap audit only,7,256,results/tum_transfer/e5_s3/C001/semantic_regions/DJI_20241217095523_0044_D.npz
DJI_20241217095525_0045_D,1,DEBY_LOD2_4907184,2,277710,4,1,277710,277710,1,,64,actual_label_source_raycast_building_id_only,48.0,556.0,False,20.0,pre-adjudication overlap audit only,7,256,results/tum_transfer/e5_s3/C001/semantic_regions/DJI_20241217095525_0045_D.npz
DJI_20241217095527_0046_D,1,DEBY_LOD2_4907184,2,231257,4,1,231257,231257,1,,64,actual_label_source_raycast_building_id_only,48.0,556.0,False,20.0,pre-adjudication overlap audit only,7,256,results/tum_transfer/e5_s3/C001/semantic_regions/DJI_20241217095527_0046_D.npz
DJI_20241217095529_0047_D,1,DEBY_LOD2_4907184,2,187368,4,1,187368,187368,1,,64,actual_label_source_raycast_building_id_only,48.0,556.0,False,20.0,pre-adjudication overlap audit only,7,256,results/tum_transfer/e5_s3/C001/semantic_regions/DJI_20241217095529_0047_D.npz
DJI_20241217095531_0048_D,1,DEBY_LOD2_4907184,1,101816,7,3,20883,20303,1,,64,actual_label_source_raycast_building_id_only,48.0,556.0,False,20.0,pre-adjudication overlap audit only,7,256,results/tum_transfer/e5_s3/C001/semantic_regions/DJI_20241217095531_0048_D.npz
DJI_20241217095531_0048_D,2,DEBY_LOD2_4907185,1,101816,7,3,62291,60314,1,,64,actual_label_source_raycast_building_id_only,48.0,556.0,False,20.0,pre-adjudication overlap audit only,7,256,results/tum_transfer/e5_s3/C001/semantic_regions/DJI_20241217095531_0048_D.npz
DJI_20241217095531_0048_D,3,DEBY_LOD2_60098,1,101816,7,3,18642,17264,1,,64,actual_label_source_raycast_building_id_only,48.0,556.0,False,20.0,pre-adjudication overlap audit only,7,256,results/tum_transfer/e5_s3/C001/semantic_regions/DJI_20241217095531_0048_D.npz
DJI_20241217095531_0048_D,4,DEBY_LOD2_4907198,2,545080,11,1,113863,113863,1,,64,actual_label_source_raycast_building_id_only,48.0,556.0,False,20.0,pre-adjudication overlap audit only,7,256,results/tum_transfer/e5_s3/C001/semantic_regions/DJI_20241217095531_0048_D.npz
DJI_20241217095531_0048_D,5,DEBY_LOD2_4907199,4,2402,9,1,2402,2402,1,,64,actual_label_source_raycast_building_id_only,48.0,556.0,False,20.0,pre-adjudication overlap audit only,7,256,results/tum_transfer/e5_s3/C001/semantic_regions/DJI_20241217095531_0048_D.npz
DJI_20241217095533_0049_D,1,DEBY_LOD2_4907184,1,77763,6,2,38398,37864,1,,64,actual_label_source_raycast_building_id_only,48.0,556.0,False,20.0,pre-adjudication overlap audit only,7,256,results/tum_transfer/e5_s3/C001/semantic_regions/DJI_20241217095533_0049_D.npz
DJI_20241217095533_0049_D,2,DEBY_LOD2_4907185,1,77763,6,2,39365,38784,1,,64,actual_label_source_raycast_building_id_only,48.0,556.0,False,20.0,pre-adjudication overlap audit only,7,256,results/tum_transfer/e5_s3/C001/semantic_regions/DJI_20241217095533_0049_D.npz
DJI_20241217095533_0049_D,3,DEBY_LOD2_4907198,2,559570,11,1,27764,27764,1,,64,actual_label_source_raycast_building_id_only,48.0,556.0,False,20.0,pre-adjudication overlap audit only,7,256,results/tum_transfer/e5_s3/C001/semantic_regions/DJI_20241217095533_0049_D.npz
DJI_20241217095535_0050_D,1,DEBY_LOD2_4907184,3,30516,3,1,30516,30516,1,,64,actual_label_source_raycast_building_id_only,48.0,556.0,False,20.0,pre-adjudication overlap audit only,7,256,results/tum_transfer/e5_s3/C001/semantic_regions/DJI_20241217095535_0050_D.npz
DJI_20241217095537_0051_D,1,DEBY_LOD2_4907184,5,15783,2,1,15783,15783,1,,64,actual_label_source_raycast_building_id_only,48.0,556.0,False,20.0,pre-adjudication overlap audit only,7,256,results/tum_transfer/e5_s3/C001/semantic_regions/DJI_20241217095537_0051_D.npz
DJI_20241217095539_0052_D,1,DEBY_LOD2_4907184,17,2239,0,1,2239,2239,1,,64,actual_label_source_raycast_building_id_only,48.0,556.0,False,20.0,pre-adjudication overlap audit only,7,256,results/tum_transfer/e5_s3/C001/semantic_regions/DJI_20241217095539_0052_D.npz
DJI_20241217095553_0059_D,1,DEBY_LOD2_4907184,19,3753,0,1,3753,3753,1,,64,actual_label_source_raycast_building_id_only,48.0,556.0,False,20.0,pre-adjudication overlap audit only,7,256,results/tum_transfer/e5_s3/C001/semantic_regions/DJI_20241217095553_0059_D.npz
DJI_20241217095555_0060_D,1,DEBY_LOD2_4907184,6,50830,0,1,50830,50830,1,,64,actual_label_source_raycast_building_id_only,48.0,556.0,False,20.0,pre-adjudication overlap audit only,7,256,results/tum_transfer/e5_s3/C001/semantic_regions/DJI_20241217095555_0060_D.npz
DJI_20241217095557_0061_D,1,DEBY_LOD2_4907184,2,241736,3,1,241736,241736,1,,64,actual_label_source_raycast_building_id_only,48.0,556.0,False,20.0,pre-adjudication overlap audit only,7,256,results/tum_transfer/e5_s3/C001/semantic_regions/DJI_20241217095557_0061_D.npz
DJI_20241217095559_0062_D,1,DEBY_LOD2_4907184,4,92425,1,1,92425,92425,1,,64,actual_label_source_raycast_building_id_only,48.0,556.0,False,20.0,pre-adjudication overlap audit only,7,256,results/tum_transfer/e5_s3/C001/semantic_regions/DJI_20241217095559_0062_D.npz
DJI_20241217095603_0064_D,1,DEBY_LOD2_4907184,4,92170,1,1,92170,92170,1,,64,actual_label_source_raycast_building_id_only,48.0,556.0,False,20.0,pre-adjudication overlap audit only,7,256,results/tum_transfer/e5_s3/C001/semantic_regions/DJI_20241217095603_0064_D.npz
DJI_20241217095605_0065_D,1,DEBY_LOD2_4907184,4,95868,1,1,95868,95868,1,,64,actual_label_source_raycast_building_id_only,48.0,556.0,False,20.0,pre-adjudication overlap audit only,7,256,results/tum_transfer/e5_s3/C001/semantic_regions/DJI_20241217095605_0065_D.npz
DJI_20241217095607_0066_D,1,DEBY_LOD2_4907184,4,124128,1,1,124128,124128,1,,64,actual_label_source_raycast_building_id_only,48.0,556.0,False,20.0,pre-adjudication overlap audit only,7,256,results/tum_transfer/e5_s3/C001/semantic_regions/DJI_20241217095607_0066_D.npz
DJI_20241217095609_0067_D,1,DEBY_LOD2_4907184,6,175405,1,1,156013,156013,1,,64,actual_label_source_raycast_building_id_only,48.0,556.0,False,20.0,pre-adjudication overlap audit only,7,256,results/tum_transfer/e5_s3/C001/semantic_regions/DJI_20241217095609_0067_D.npz
DJI_20241217095611_0068_D,1,DEBY_LOD2_4907184,5,194189,1,1,156270,156270,1,,64,actual_label_source_raycast_building_id_only,48.0,556.0,False,20.0,pre-adjudication overlap audit only,7,256,results/tum_transfer/e5_s3/C001/semantic_regions/DJI_20241217095611_0068_D.npz
DJI_20241217095613_0069_D,1,DEBY_LOD2_4907184,5,186192,1,1,146570,146570,1,,64,actual_label_source_raycast_building_id_only,48.0,556.0,False,20.0,pre-adjudication overlap audit only,7,256,results/tum_transfer/e5_s3/C001/semantic_regions/DJI_20241217095613_0069_D.npz
DJI_20241217095615_0070_D,1,DEBY_LOD2_4907184,1,659698,5,2,502061,499025,1,,64,actual_label_source_raycast_building_id_only,48.0,556.0,False,20.0,pre-adjudication overlap audit only,7,256,results/tum_transfer/e5_s3/C001/semantic_regions/DJI_20241217095615_0070_D.npz
DJI_20241217095615_0070_D,2,DEBY_LOD2_4907185,1,659698,5,2,37814,34746,1,,64,actual_label_source_raycast_building_id_only,48.0,556.0,False,20.0,pre-adjudication overlap audit only,7,256,results/tum_transfer/e5_s3/C001/semantic_regions/DJI_20241217095615_0070_D.npz
DJI_20241217095615_0070_D,3,DEBY_LOD2_4908168,2,5755,4,1,5755,5755,1,,64,actual_label_source_raycast_building_id_only,48.0,556.0,False,20.0,pre-adjudication overlap audit only,7,256,results/tum_transfer/e5_s3/C001/semantic_regions/DJI_20241217095615_0070_D.npz
DJI_20241217095617_0071_D,1,DEBY_LOD2_4907184,3,627971,5,1,497417,497417,1,,64,actual_label_source_raycast_building_id_only,48.0,556.0,False,20.0,pre-adjudication overlap audit only,7,256,results/tum_transfer/e5_s3/C001/semantic_regions/DJI_20241217095617_0071_D.npz
DJI_20241217095619_0072_D,1,DEBY_LOD2_4907184,2,477450,3,1,375468,375468,1,,64,actual_label_source_raycast_building_id_only,48.0,556.0,False,20.0,pre-adjudication overlap audit only,7,256,results/tum_transfer/e5_s3/C001/semantic_regions/DJI_20241217095619_0072_D.npz
DJI_20241217095621_0073_D,1,DEBY_LOD2_4907184,2,457961,2,1,334635,334635,1,,64,actual_label_source_raycast_building_id_only,48.0,556.0,False,20.0,pre-adjudication overlap audit only,7,256,results/tum_transfer/e5_s3/C001/semantic_regions/DJI_20241217095621_0073_D.npz
DJI_20241217095623_0074_D,1,DEBY_LOD2_4907184,1,717126,5,2,373857,372755,1,,64,actual_label_source_raycast_building_id_only,48.0,556.0,False,20.0,pre-adjudication overlap audit only,7,256,results/tum_transfer/e5_s3/C001/semantic_regions/DJI_20241217095623_0074_D.npz
DJI_20241217095623_0074_D,2,DEBY_LOD2_4907185,1,717126,5,2,25490,24337,1,,64,actual_label_source_raycast_building_id_only,48.0,556.0,False,20.0,pre-adjudication overlap audit only,7,256,results/tum_transfer/e5_s3/C001/semantic_regions/DJI_20241217095623_0074_D.npz
DJI_20241217095623_0074_D,3,DEBY_LOD2_4908168,2,8788,4,1,7272,7272,1,,64,actual_label_source_raycast_building_id_only,48.0,556.0,False,20.0,pre-adjudication overlap audit only,7,256,results/tum_transfer/e5_s3/C001/semantic_regions/DJI_20241217095623_0074_D.npz
DJI_20241217095625_0075_D,1,DEBY_LOD2_4907184,1,690230,4,1,243468,243468,1,,64,actual_label_source_raycast_building_id_only,48.0,556.0,False,20.0,pre-adjudication overlap audit only,7,256,results/tum_transfer/e5_s3/C001/semantic_regions/DJI_20241217095625_0075_D.npz
DJI_20241217095625_0075_D,2,DEBY_LOD2_4907185,2,3511,4,1,3511,3511,1,,64,actual_label_source_raycast_building_id_only,48.0,556.0,False,20.0,pre-adjudication overlap audit only,7,256,results/tum_transfer/e5_s3/C001/semantic_regions/DJI_20241217095625_0075_D.npz
DJI_20241217095625_0075_D,3,DEBY_LOD2_4908168,3,3780,4,1,3780,3780,1,,64,actual_label_source_raycast_building_id_only,48.0,556.0,False,20.0,pre-adjudication overlap audit only,7,256,results/tum_transfer/e5_s3/C001/semantic_regions/DJI_20241217095625_0075_D.npz
DJI_20241217095627_0076_D,1,DEBY_LOD2_4907184,3,461612,2,1,100635,100635,1,,64,actual_label_source_raycast_building_id_only,48.0,556.0,False,20.0,pre-adjudication overlap audit only,7,256,results/tum_transfer/e5_s3/C001/semantic_regions/DJI_20241217095627_0076_D.npz
DJI_20241217095629_0077_D,1,DEBY_LOD2_4907184,14,50397,0,1,6065,6065,1,,64,actual_label_source_raycast_building_id_only,48.0,556.0,False,20.0,pre-adjudication overlap audit only,7,256,results/tum_transfer/e5_s3/C001/semantic_regions/DJI_20241217095629_0077_D.npz
DJI_20241217095631_0078_D,1,DEBY_LOD2_4907184,12,91971,0,1,58041,58041,1,,64,actual_label_source_raycast_building_id_only,48.0,556.0,False,20.0,pre-adjudication overlap audit only,7,256,results/tum_transfer/e5_s3/C001/semantic_regions/DJI_20241217095631_0078_D.npz
DJI_20241217095633_0079_D,1,DEBY_LOD2_4907184,16,54974,0,1,12966,12966,1,,64,actual_label_source_raycast_building_id_only,48.0,556.0,False,20.0,pre-adjudication overlap audit only,7,256,results/tum_transfer/e5_s3/C001/semantic_regions/DJI_20241217095633_0079_D.npz
DJI_20241217095635_0080_D,1,DEBY_LOD2_4907184,17,53875,0,1,11590,11590,1,,64,actual_label_source_raycast_building_id_only,48.0,556.0,False,20.0,pre-adjudication overlap audit only,7,256,results/tum_transfer/e5_s3/C001/semantic_regions/DJI_20241217095635_0080_D.npz
DJI_20241217095637_0081_D,1,DEBY_LOD2_4907184,15,55598,0,1,10721,10721,1,,64,actual_label_source_raycast_building_id_only,48.0,556.0,False,20.0,pre-adjudication overlap audit only,7,256,results/tum_transfer/e5_s3/C001/semantic_regions/DJI_20241217095637_0081_D.npz
DJI_20241217095639_0082_D,1,DEBY_LOD2_4907184,3,347359,2,1,28278,28278,1,,64,actual_label_source_raycast_building_id_only,48.0,556.0,False,20.0,pre-adjudication overlap audit only,7,256,results/tum_transfer/e5_s3/C001/semantic_regions/DJI_20241217095639_0082_D.npz
DJI_20241217095641_0083_D,1,DEBY_LOD2_4907184,2,529272,3,1,12931,12931,1,,64,actual_label_source_raycast_building_id_only,48.0,556.0,False,20.0,pre-adjudication overlap audit only,7,256,results/tum_transfer/e5_s3/C001/semantic_regions/DJI_20241217095641_0083_D.npz
DJI_20241217095643_0084_D,1,DEBY_LOD2_4907184,2,665167,3,1,6950,6950,1,,64,actual_label_source_raycast_building_id_only,48.0,556.0,False,20.0,pre-adjudication overlap audit only,7,256,results/tum_transfer/e5_s3/C001/semantic_regions/DJI_20241217095643_0084_D.npz
DJI_20241217095645_0085_D,1,DEBY_LOD2_4907184,2,543496,3,1,1099,1099,1,,64,actual_label_source_raycast_building_id_only,48.0,556.0,False,20.0,pre-adjudication overlap audit only,7,256,results/tum_transfer/e5_s3/C001/semantic_regions/DJI_20241217095645_0085_D.npz
DJI_20241217095755_0002_D,1,DEBY_LOD2_4907184,6,192892,3,1,791,791,1,,64,actual_label_source_raycast_building_id_only,48.0,556.0,False,20.0,pre-adjudication overlap audit only,7,256,results/tum_transfer/e5_s3/C001/semantic_regions/DJI_20241217095755_0002_D.npz
DJI_20241217095757_0003_D,1,DEBY_LOD2_4907184,6,210413,3,1,247,247,1,,64,actual_label_source_raycast_building_id_only,48.0,556.0,False,20.0,pre-adjudication overlap audit only,7,256,results/tum_transfer/e5_s3/C001/semantic_regions/DJI_20241217095757_0003_D.npz
DJI_20241217100255_0002_D,1,DEBY_LOD2_4907184,17,22967,16,3,5088,4916,1,,64,actual_label_source_raycast_building_id_only,48.0,556.0,False,20.0,pre-adjudication overlap audit only,7,256,results/tum_transfer/e5_s3/C001/semantic_regions/DJI_20241217100255_0002_D.npz
DJI_20241217100255_0002_D,2,DEBY_LOD2_4907184,17,22967,16,3,5088,9,2,,64,actual_label_source_raycast_building_id_only,48.0,556.0,False,20.0,pre-adjudication overlap audit only,7,256,results/tum_transfer/e5_s3/C001/semantic_regions/DJI_20241217100255_0002_D.npz
DJI_20241217100255_0002_D,3,DEBY_LOD2_4907185,17,22967,16,3,997,499,1,,64,actual_label_source_raycast_building_id_only,48.0,556.0,False,20.0,pre-adjudication overlap audit only,7,256,results/tum_transfer/e5_s3/C001/semantic_regions/DJI_20241217100255_0002_D.npz
DJI_20241217100255_0002_D,4,DEBY_LOD2_4907198,17,22967,16,3,1102,442,1,,64,actual_label_source_raycast_building_id_only,48.0,556.0,False,20.0,pre-adjudication overlap audit only,7,256,results/tum_transfer/e5_s3/C001/semantic_regions/DJI_20241217100255_0002_D.npz
DJI_20241217100257_0003_D,1,DEBY_LOD2_4907184,5,18649,15,3,5627,5462,1,,64,actual_label_source_raycast_building_id_only,48.0,556.0,False,20.0,pre-adjudication overlap audit only,7,256,results/tum_transfer/e5_s3/C001/semantic_regions/DJI_20241217100257_0003_D.npz
DJI_20241217100257_0003_D,2,DEBY_LOD2_4907184,5,18649,15,3,5627,2,2,,64,actual_label_source_raycast_building_id_only,48.0,556.0,False,20.0,pre-adjudication overlap audit only,7,256,results/tum_transfer/e5_s3/C001/semantic_regions/DJI_20241217100257_0003_D.npz
DJI_20241217100257_0003_D,3,DEBY_LOD2_4907185,5,18649,15,3,527,197,1,,64,actual_label_source_raycast_building_id_only,48.0,556.0,False,20.0,pre-adjudication overlap audit only,7,256,results/tum_transfer/e5_s3/C001/semantic_regions/DJI_20241217100257_0003_D.npz
DJI_20241217100257_0003_D,4,DEBY_LOD2_4907198,5,18649,15,3,917,428,1,,64,actual_label_source_raycast_building_id_only,48.0,556.0,False,20.0,pre-adjudication overlap audit only,7,256,results/tum_transfer/e5_s3/C001/semantic_regions/DJI_20241217100257_0003_D.npz
DJI_20241217100259_0004_D,1,DEBY_LOD2_4907184,5,16308,15,3,5795,5594,1,,64,actual_label_source_raycast_building_id_only,48.0,556.0,False,20.0,pre-adjudication overlap audit only,7,256,results/tum_transfer/e5_s3/C001/semantic_regions/DJI_20241217100259_0004_D.npz
DJI_20241217100259_0004_D,2,DEBY_LOD2_4907184,5,16308,15,3,5795,2,2,,64,actual_label_source_raycast_building_id_only,48.0,556.0,False,20.0,pre-adjudication overlap audit only,7,256,results/tum_transfer/e5_s3/C001/semantic_regions/DJI_20241217100259_0004_D.npz
DJI_20241217100259_0004_D,3,DEBY_LOD2_4907184,5,16308,15,3,5795,9,3,,64,actual_label_source_raycast_building_id_only,48.0,556.0,False,20.0,pre-adjudication overlap audit only,7,256,results/tum_transfer/e5_s3/C001/semantic_regions/DJI_20241217100259_0004_D.npz
DJI_20241217100259_0004_D,4,DEBY_LOD2_4907185,5,16308,15,3,183,22,1,,64,actual_label_source_raycast_building_id_only,48.0,556.0,False,20.0,pre-adjudication overlap audit only,7,256,results/tum_transfer/e5_s3/C001/semantic_regions/DJI_20241217100259_0004_D.npz
DJI_20241217100259_0004_D,5,DEBY_LOD2_4907198,5,16308,15,3,651,305,1,,64,actual_label_source_raycast_building_id_only,48.0,556.0,False,20.0,pre-adjudication overlap audit only,7,256,results/tum_transfer/e5_s3/C001/semantic_regions/DJI_20241217100259_0004_D.npz
DJI_20241217100301_0005_D,1,DEBY_LOD2_4907184,5,16113,15,3,5822,5627,1,,64,actual_label_source_raycast_building_id_only,48.0,556.0,False,20.0,pre-adjudication overlap audit only,7,256,results/tum_transfer/e5_s3/C001/semantic_regions/DJI_20241217100301_0005_D.npz
DJI_20241217100301_0005_D,2,DEBY_LOD2_4907184,5,16113,15,3,5822,2,2,,64,actual_label_source_raycast_building_id_only,48.0,556.0,False,20.0,pre-adjudication overlap audit only,7,256,results/tum_transfer/e5_s3/C001/semantic_regions/DJI_20241217100301_0005_D.npz
DJI_20241217100301_0005_D,3,DEBY_LOD2_4907184,5,16113,15,3,5822,10,3,,64,actual_label_source_raycast_building_id_only,48.0,556.0,False,20.0,pre-adjudication overlap audit only,7,256,results/tum_transfer/e5_s3/C001/semantic_regions/DJI_20241217100301_0005_D.npz
DJI_20241217100301_0005_D,4,DEBY_LOD2_4907185,5,16113,15,3,138,9,1,,64,actual_label_source_raycast_building_id_only,48.0,556.0,False,20.0,pre-adjudication overlap audit only,7,256,results/tum_transfer/e5_s3/C001/semantic_regions/DJI_20241217100301_0005_D.npz
DJI_20241217100301_0005_D,5,DEBY_LOD2_4907198,5,16113,15,3,583,267,1,,64,actual_label_source_raycast_building_id_only,48.0,556.0,False,20.0,pre-adjudication overlap audit only,7,256,results/tum_transfer/e5_s3/C001/semantic_regions/DJI_20241217100301_0005_D.npz
DJI_20241217100319_0014_D,1,DEBY_LOD2_4907184,15,7337,10,1,483,483,1,,64,actual_label_source_raycast_building_id_only,48.0,556.0,False,20.0,pre-adjudication overlap audit only,7,256,results/tum_transfer/e5_s3/C001/semantic_regions/DJI_20241217100319_0014_D.npz
DJI_20241217101307_0006_D,1,DEBY_LOD2_4907184,2,9096,7,2,71,4,1,,64,actual_label_source_raycast_building_id_only,48.0,556.0,False,20.0,pre-adjudication overlap audit only,7,256,results/tum_transfer/e5_s3/C001/semantic_regions/DJI_20241217101307_0006_D.npz
DJI_20241217101307_0006_D,2,DEBY_LOD2_4907184,2,9096,7,2,71,18,2,,64,actual_label_source_raycast_building_id_only,48.0,556.0,False,20.0,pre-adjudication overlap audit only,7,256,results/tum_transfer/e5_s3/C001/semantic_regions/DJI_20241217101307_0006_D.npz
DJI_20241217101309_0007_D,1,DEBY_LOD2_4907184,3,11373,7,2,115,4,1,,64,actual_label_source_raycast_building_id_only,48.0,556.0,False,20.0,pre-adjudication overlap audit only,7,256,results/tum_transfer/e5_s3/C001/semantic_regions/DJI_20241217101309_0007_D.npz
DJI_20241217101309_0007_D,2,DEBY_LOD2_4907184,3,11373,7,2,115,30,2,,64,actual_label_source_raycast_building_id_only,48.0,556.0,False,20.0,pre-adjudication overlap audit only,7,256,results/tum_transfer/e5_s3/C001/semantic_regions/DJI_20241217101309_0007_D.npz
DJI_20241217101311_0008_D,1,DEBY_LOD2_4907184,2,9470,8,2,131,26,1,,64,actual_label_source_raycast_building_id_only,48.0,556.0,False,20.0,pre-adjudication overlap audit only,7,256,results/tum_transfer/e5_s3/C001/semantic_regions/DJI_20241217101311_0008_D.npz
DJI_20241217101313_0009_D,1,DEBY_LOD2_4907184,2,9929,6,1,7,7,1,,64,actual_label_source_raycast_building_id_only,48.0,556.0,False,20.0,pre-adjudication overlap audit only,7,256,results/tum_transfer/e5_s3/C001/semantic_regions/DJI_20241217101313_0009_D.npz
DJI_20241217101453_0037_D,1,DEBY_LOD2_4907195,2,12919,9,2,345,12,1,,64,actual_label_source_raycast_building_id_only,48.0,556.0,False,20.0,pre-adjudication overlap audit only,7,256,results/tum_transfer/e5_s3/C001/semantic_regions/DJI_20241217101453_0037_D.npz
DJI_20241217101453_0037_D,2,DEBY_LOD2_4907184,6,21532,8,4,2868,2513,1,,64,actual_label_source_raycast_building_id_only,48.0,556.0,False,20.0,pre-adjudication overlap audit only,7,256,results/tum_transfer/e5_s3/C001/semantic_regions/DJI_20241217101453_0037_D.npz
DJI_20241217101453_0037_D,3,DEBY_LOD2_4907186,6,21532,8,4,168,24,1,,64,actual_label_source_raycast_building_id_only,48.0,556.0,False,20.0,pre-adjudication overlap audit only,7,256,results/tum_transfer/e5_s3/C001/semantic_regions/DJI_20241217101453_0037_D.npz
DJI_20241217101453_0037_D,4,DEBY_LOD2_4907186,6,21532,8,4,168,2,2,,64,actual_label_source_raycast_building_id_only,48.0,556.0,False,20.0,pre-adjudication overlap audit only,7,256,results/tum_transfer/e5_s3/C001/semantic_regions/DJI_20241217101453_0037_D.npz
DJI_20241217101453_0037_D,5,DEBY_LOD2_4907198,18,50590,17,1,339,304,1,,64,actual_label_source_raycast_building_id_only,48.0,556.0,False,20.0,pre-adjudication overlap audit only,7,256,results/tum_transfer/e5_s3/C001/semantic_regions/DJI_20241217101453_0037_D.npz
DJI_20241217101453_0037_D,6,DEBY_LOD2_4907198,18,50590,17,1,339,12,2,,64,actual_label_source_raycast_building_id_only,48.0,556.0,False,20.0,pre-adjudication overlap audit only,7,256,results/tum_transfer/e5_s3/C001/semantic_regions/DJI_20241217101453_0037_D.npz
DJI_20241217101453_0037_D,7,DEBY_LOD2_4907198,18,50590,17,1,339,23,3,,64,actual_label_source_raycast_building_id_only,48.0,556.0,False,20.0,pre-adjudication overlap audit only,7,256,results/tum_transfer/e5_s3/C001/semantic_regions/DJI_20241217101453_0037_D.npz
DJI_20241217101530_0002_D,1,DEBY_LOD2_4907184,3,68995,17,7,2233,1952,1,,64,actual_label_source_raycast_building_id_only,48.0,556.0,False,20.0,pre-adjudication overlap audit only,7,256,results/tum_transfer/e5_s3/C001/semantic_regions/DJI_20241217101530_0002_D.npz
DJI_20241217101530_0002_D,2,DEBY_LOD2_4907186,3,68995,17,7,105,1,1,,64,actual_label_source_raycast_building_id_only,48.0,556.0,False,20.0,pre-adjudication overlap audit only,7,256,results/tum_transfer/e5_s3/C001/semantic_regions/DJI_20241217101530_0002_D.npz
DJI_20241217101530_0002_D,3,DEBY_LOD2_4907194,3,68995,17,7,166,26,1,,64,actual_label_source_raycast_building_id_only,48.0,556.0,False,20.0,pre-adjudication overlap audit only,7,256,results/tum_transfer/e5_s3/C001/semantic_regions/DJI_20241217101530_0002_D.npz
DJI_20241217101530_0002_D,4,DEBY_LOD2_4907195,3,68995,17,7,276,8,1,,64,actual_label_source_raycast_building_id_only,48.0,556.0,False,20.0,pre-adjudication overlap audit only,7,256,results/tum_transfer/e5_s3/C001/semantic_regions/DJI_20241217101530_0002_D.npz
DJI_20241217101530_0002_D,5,DEBY_LOD2_4907198,3,68995,17,7,211,211,1,,64,actual_label_source_raycast_building_id_only,48.0,556.0,False,20.0,pre-adjudication overlap audit only,7,256,results/tum_transfer/e5_s3/C001/semantic_regions/DJI_20241217101530_0002_D.npz
DJI_20241217101544_0009_D,1,DEBY_LOD2_4907184,2,79233,17,6,1987,1800,1,,64,actual_label_source_raycast_building_id_only,48.0,556.0,False,20.0,pre-adjudication overlap audit only,7,256,results/tum_transfer/e5_s3/C001/semantic_regions/DJI_20241217101544_0009_D.npz
DJI_20241217101544_0009_D,2,DEBY_LOD2_4907195,2,79233,17,6,237,12,1,,64,actual_label_source_raycast_building_id_only,48.0,556.0,False,20.0,pre-adjudication overlap audit only,7,256,results/tum_transfer/e5_s3/C001/semantic_regions/DJI_20241217101544_0009_D.npz
DJI_20241217101544_0009_D,3,DEBY_LOD2_4907198,2,79233,17,6,129,129,1,,64,actual_label_source_raycast_building_id_only,48.0,556.0,False,20.0,pre-adjudication overlap audit only,7,256,results/tum_transfer/e5_s3/C001/semantic_regions/DJI_20241217101544_0009_D.npz
DJI_20241217101546_0010_D,1,DEBY_LOD2_4907184,2,71798,17,6,1855,1659,1,,64,actual_label_source_raycast_building_id_only,48.0,556.0,False,20.0,pre-adjudication overlap audit only,7,256,results/tum_transfer/e5_s3/C001/semantic_regions/DJI_20241217101546_0010_D.npz
DJI_20241217101546_0010_D,2,DEBY_LOD2_4907195,2,71798,17,6,196,3,1,,64,actual_label_source_raycast_building_id_only,48.0,556.0,False,20.0,pre-adjudication overlap audit only,7,256,results/tum_transfer/e5_s3/C001/semantic_regions/DJI_20241217101546_0010_D.npz
DJI_20241217101546_0010_D,3,DEBY_LOD2_4907198,2,71798,17,6,98,98,1,,64,actual_label_source_raycast_building_id_only,48.0,556.0,False,20.0,pre-adjudication overlap audit only,7,256,results/tum_transfer/e5_s3/C001/semantic_regions/DJI_20241217101546_0010_D.npz
DJI_20241217101556_0015_D,1,DEBY_LOD2_4907184,1,81707,17,7,2190,1858,1,,64,actual_label_source_raycast_building_id_only,48.0,556.0,False,20.0,pre-adjudication overlap audit only,7,256,results/tum_transfer/e5_s3/C001/semantic_regions/DJI_20241217101556_0015_D.npz
DJI_20241217101556_0015_D,2,DEBY_LOD2_4907186,1,81707,17,7,110,18,1,,64,actual_label_source_raycast_building_id_only,48.0,556.0,False,20.0,pre-adjudication overlap audit only,7,256,results/tum_transfer/e5_s3/C001/semantic_regions/DJI_20241217101556_0015_D.npz
DJI_20241217101556_0015_D,3,DEBY_LOD2_4907195,1,81707,17,7,160,22,1,,64,actual_label_source_raycast_building_id_only,48.0,556.0,False,20.0,pre-adjudication overlap audit only,7,256,results/tum_transfer/e5_s3/C001/semantic_regions/DJI_20241217101556_0015_D.npz
DJI_20241217101556_0015_D,4,DEBY_LOD2_4907198,1,81707,17,7,17,17,1,,64,actual_label_source_raycast_building_id_only,48.0,556.0,False,20.0,pre-adjudication overlap audit only,7,256,results/tum_transfer/e5_s3/C001/semantic_regions/DJI_20241217101556_0015_D.npz
DJI_20241217101558_0016_D,1,DEBY_LOD2_4907184,1,66693,17,7,1787,1518,1,,64,actual_label_source_raycast_building_id_only,48.0,556.0,False,20.0,pre-adjudication overlap audit only,7,256,results/tum_transfer/e5_s3/C001/semantic_regions/DJI_20241217101558_0016_D.npz
DJI_20241217101558_0016_D,2,DEBY_LOD2_4907186,1,66693,17,7,106,5,1,,64,actual_label_source_raycast_building_id_only,48.0,556.0,False,20.0,pre-adjudication overlap audit only,7,256,results/tum_transfer/e5_s3/C001/semantic_regions/DJI_20241217101558_0016_D.npz
DJI_20241217101558_0016_D,3,DEBY_LOD2_4907195,1,66693,17,7,113,22,1,,64,actual_label_source_raycast_building_id_only,48.0,556.0,False,20.0,pre-adjudication overlap audit only,7,256,results/tum_transfer/e5_s3/C001/semantic_regions/DJI_20241217101558_0016_D.npz
DJI_20241217101558_0016_D,4,DEBY_LOD2_4907198,1,66693,17,7,5,5,1,,64,actual_label_source_raycast_building_id_only,48.0,556.0,False,20.0,pre-adjudication overlap audit only,7,256,results/tum_transfer/e5_s3/C001/semantic_regions/DJI_20241217101558_0016_D.npz
DJI_20241217101600_0017_D,1,DEBY_LOD2_4907184,1,66821,17,7,1828,1569,1,,64,actual_label_source_raycast_building_id_only,48.0,556.0,False,20.0,pre-adjudication overlap audit only,7,256,results/tum_transfer/e5_s3/C001/semantic_regions/DJI_20241217101600_0017_D.npz
DJI_20241217101600_0017_D,2,DEBY_LOD2_4907186,1,66821,17,7,142,44,1,,64,actual_label_source_raycast_building_id_only,48.0,556.0,False,20.0,pre-adjudication overlap audit only,7,256,results/tum_transfer/e5_s3/C001/semantic_regions/DJI_20241217101600_0017_D.npz
DJI_20241217101600_0017_D,3,DEBY_LOD2_4907194,1,66821,17,7,23,1,1,,64,actual_label_source_raycast_building_id_only,48.0,556.0,False,20.0,pre-adjudication overlap audit only,7,256,results/tum_transfer/e5_s3/C001/semantic_regions/DJI_20241217101600_0017_D.npz
DJI_20241217101600_0017_D,4,DEBY_LOD2_4907195,1,66821,17,7,85,22,1,,64,actual_label_source_raycast_building_id_only,48.0,556.0,False,20.0,pre-adjudication overlap audit only,7,256,results/tum_transfer/e5_s3/C001/semantic_regions/DJI_20241217101600_0017_D.npz
DJI_20241217102525_0015_D,1,DEBY_LOD2_4907185,2,407028,18,7,1307,1114,1,,64,actual_label_source_raycast_building_id_only,48.0,556.0,False,20.0,pre-adjudication overlap audit only,7,256,results/tum_transfer/e5_s3/C001/semantic_regions/DJI_20241217102525_0015_D.npz
DJI_20241217102525_0015_D,2,DEBY_LOD2_4907186,2,407028,18,7,2660,2244,1,,64,actual_label_source_raycast_building_id_only,48.0,556.0,False,20.0,pre-adjudication overlap audit only,7,256,results/tum_transfer/e5_s3/C001/semantic_regions/DJI_20241217102525_0015_D.npz
DJI_20241217102525_0015_D,3,DEBY_LOD2_4907188,2,407028,18,7,1738,1318,1,,64,actual_label_source_raycast_building_id_only,48.0,556.0,False,20.0,pre-adjudication overlap audit only,7,256,results/tum_transfer/e5_s3/C001/semantic_regions/DJI_20241217102525_0015_D.npz
DJI_20241217102525_0015_D,4,DEBY_LOD2_4907194,2,407028,18,7,1326,999,1,,64,actual_label_source_raycast_building_id_only,48.0,556.0,False,20.0,pre-adjudication overlap audit only,7,256,results/tum_transfer/e5_s3/C001/semantic_regions/DJI_20241217102525_0015_D.npz
DJI_20241217102525_0015_D,5,DEBY_LOD2_4907195,2,407028,18,7,2046,1686,1,,64,actual_label_source_raycast_building_id_only,48.0,556.0,False,20.0,pre-adjudication overlap audit only,7,256,results/tum_transfer/e5_s3/C001/semantic_regions/DJI_20241217102525_0015_D.npz
DJI_20241217102525_0015_D,6,DEBY_LOD2_4907198,2,407028,18,7,3273,3273,1,,64,actual_label_source_raycast_building_id_only,48.0,556.0,False,20.0,pre-adjudication overlap audit only,7,256,results/tum_transfer/e5_s3/C001/semantic_regions/DJI_20241217102525_0015_D.npz
DJI_20241217102525_0015_D,7,DEBY_LOD2_60098,2,407028,18,7,3033,2822,1,,64,actual_label_source_raycast_building_id_only,48.0,556.0,False,20.0,pre-adjudication overlap audit only,7,256,results/tum_transfer/e5_s3/C001/semantic_regions/DJI_20241217102525_0015_D.npz
DJI_20241217102527_0016_D,1,DEBY_LOD2_4907184,1,446473,18,8,15031,14559,1,,64,actual_label_source_raycast_building_id_only,48.0,556.0,False,20.0,pre-adjudication overlap audit only,7,256,results/tum_transfer/e5_s3/C001/semantic_regions/DJI_20241217102527_0016_D.npz
DJI_20241217102527_0016_D,2,DEBY_LOD2_4907185,1,446473,18,8,3049,2359,1,,64,actual_label_source_raycast_building_id_only,48.0,556.0,False,20.0,pre-adjudication overlap audit only,7,256,results/tum_transfer/e5_s3/C001/semantic_regions/DJI_20241217102527_0016_D.npz
DJI_20241217102527_0016_D,3,DEBY_LOD2_4907186,1,446473,18,8,1966,1599,1,,64,actual_label_source_raycast_building_id_only,48.0,556.0,False,20.0,pre-adjudication overlap audit only,7,256,results/tum_transfer/e5_s3/C001/semantic_regions/DJI_20241217102527_0016_D.npz
DJI_20241217102527_0016_D,4,DEBY_LOD2_4907188,1,446473,18,8,1346,985,1,,64,actual_label_source_raycast_building_id_only,48.0,556.0,False,20.0,pre-adjudication overlap audit only,7,256,results/tum_transfer/e5_s3/C001/semantic_regions/DJI_20241217102527_0016_D.npz
DJI_20241217102527_0016_D,5,DEBY_LOD2_4907194,1,446473,18,8,1169,878,1,,64,actual_label_source_raycast_building_id_only,48.0,556.0,False,20.0,pre-adjudication overlap audit only,7,256,results/tum_transfer/e5_s3/C001/semantic_regions/DJI_20241217102527_0016_D.npz
DJI_20241217102527_0016_D,6,DEBY_LOD2_4907195,1,446473,18,8,1730,1399,1,,64,actual_label_source_raycast_building_id_only,48.0,556.0,False,20.0,pre-adjudication overlap audit only,7,256,results/tum_transfer/e5_s3/C001/semantic_regions/DJI_20241217102527_0016_D.npz
DJI_20241217102527_0016_D,7,DEBY_LOD2_4907198,1,446473,18,8,2766,2766,1,,64,actual_label_source_raycast_building_id_only,48.0,556.0,False,20.0,pre-adjudication overlap audit only,7,256,results/tum_transfer/e5_s3/C001/semantic_regions/DJI_20241217102527_0016_D.npz
DJI_20241217102527_0016_D,8,DEBY_LOD2_60098,1,446473,18,8,2091,1890,1,,64,actual_label_source_raycast_building_id_only,48.0,556.0,False,20.0,pre-adjudication overlap audit only,7,256,results/tum_transfer/e5_s3/C001/semantic_regions/DJI_20241217102527_0016_D.npz
DJI_20241217102529_0017_D,1,DEBY_LOD2_4907184,1,433874,18,8,11144,10731,1,,64,actual_label_source_raycast_building_id_only,48.0,556.0,False,20.0,pre-adjudication overlap audit only,7,256,results/tum_transfer/e5_s3/C001/semantic_regions/DJI_20241217102529_0017_D.npz
DJI_20241217102529_0017_D,2,DEBY_LOD2_4907185,1,433874,18,8,2515,1862,1,,64,actual_label_source_raycast_building_id_only,48.0,556.0,False,20.0,pre-adjudication overlap audit only,7,256,results/tum_transfer/e5_s3/C001/semantic_regions/DJI_20241217102529_0017_D.npz
DJI_20241217102529_0017_D,3,DEBY_LOD2_4907186,1,433874,18,8,1780,1438,1,,64,actual_label_source_raycast_building_id_only,48.0,556.0,False,20.0,pre-adjudication overlap audit only,7,256,results/tum_transfer/e5_s3/C001/semantic_regions/DJI_20241217102529_0017_D.npz
DJI_20241217102529_0017_D,4,DEBY_LOD2_4907188,1,433874,18,8,1265,933,1,,64,actual_label_source_raycast_building_id_only,48.0,556.0,False,20.0,pre-adjudication overlap audit only,7,256,results/tum_transfer/e5_s3/C001/semantic_regions/DJI_20241217102529_0017_D.npz
DJI_20241217102529_0017_D,5,DEBY_LOD2_4907194,1,433874,18,8,1229,935,1,,64,actual_label_source_raycast_building_id_only,48.0,556.0,False,20.0,pre-adjudication overlap audit only,7,256,results/tum_transfer/e5_s3/C001/semantic_regions/DJI_20241217102529_0017_D.npz
DJI_20241217102529_0017_D,6,DEBY_LOD2_4907195,1,433874,18,8,1756,1437,1,,64,actual_label_source_raycast_building_id_only,48.0,556.0,False,20.0,pre-adjudication overlap audit only,7,256,results/tum_transfer/e5_s3/C001/semantic_regions/DJI_20241217102529_0017_D.npz
DJI_20241217102529_0017_D,7,DEBY_LOD2_4907198,1,433874,18,8,2805,2805,1,,64,actual_label_source_raycast_building_id_only,48.0,556.0,False,20.0,pre-adjudication overlap audit only,7,256,results/tum_transfer/e5_s3/C001/semantic_regions/DJI_20241217102529_0017_D.npz
DJI_20241217102529_0017_D,8,DEBY_LOD2_60098,1,433874,18,8,1795,1562,1,,64,actual_label_source_raycast_building_id_only,48.0,556.0,False,20.0,pre-adjudication overlap audit only,7,256,results/tum_transfer/e5_s3/C001/semantic_regions/DJI_20241217102529_0017_D.npz
DJI_20241217102531_0018_D,1,DEBY_LOD2_4907184,1,255704,16,8,10265,9861,1,,64,actual_label_source_raycast_building_id_only,48.0,556.0,False,20.0,pre-adjudication overlap audit only,7,256,results/tum_transfer/e5_s3/C001/semantic_regions/DJI_20241217102531_0018_D.npz
DJI_20241217102531_0018_D,2,DEBY_LOD2_4907185,1,255704,16,8,2787,2199,1,,64,actual_label_source_raycast_building_id_only,48.0,556.0,False,20.0,pre-adjudication overlap audit only,7,256,results/tum_transfer/e5_s3/C001/semantic_regions/DJI_20241217102531_0018_D.npz
DJI_20241217102531_0018_D,3,DEBY_LOD2_4907186,1,255704,16,8,2408,2029,1,,64,actual_label_source_raycast_building_id_only,48.0,556.0,False,20.0,pre-adjudication overlap audit only,7,256,results/tum_transfer/e5_s3/C001/semantic_regions/DJI_20241217102531_0018_D.npz
DJI_20241217102531_0018_D,4,DEBY_LOD2_4907188,1,255704,16,8,1866,1489,1,,64,actual_label_source_raycast_building_id_only,48.0,556.0,False,20.0,pre-adjudication overlap audit only,7,256,results/tum_transfer/e5_s3/C001/semantic_regions/DJI_20241217102531_0018_D.npz
DJI_20241217102531_0018_D,5,DEBY_LOD2_4907194,1,255704,16,8,184,16,1,,64,actual_label_source_raycast_building_id_only,48.0,556.0,False,20.0,pre-adjudication overlap audit only,7,256,results/tum_transfer/e5_s3/C001/semantic_regions/DJI_20241217102531_0018_D.npz
DJI_20241217102531_0018_D,6,DEBY_LOD2_4907195,1,255704,16,8,2974,2654,1,,64,actual_label_source_raycast_building_id_only,48.0,556.0,False,20.0,pre-adjudication overlap audit only,7,256,results/tum_transfer/e5_s3/C001/semantic_regions/DJI_20241217102531_0018_D.npz
DJI_20241217102531_0018_D,7,DEBY_LOD2_4907198,1,255704,16,8,3407,3407,1,,64,actual_label_source_raycast_building_id_only,48.0,556.0,False,20.0,pre-adjudication overlap audit only,7,256,results/tum_transfer/e5_s3/C001/semantic_regions/DJI_20241217102531_0018_D.npz
DJI_20241217102531_0018_D,8,DEBY_LOD2_60098,1,255704,16,8,2178,2011,1,,64,actual_label_source_raycast_building_id_only,48.0,556.0,False,20.0,pre-adjudication overlap audit only,7,256,results/tum_transfer/e5_s3/C001/semantic_regions/DJI_20241217102531_0018_D.npz
DJI_20241217102659_0005_D,1,DEBY_LOD2_4907188,3,440968,16,3,2238,1855,1,,64,actual_label_source_raycast_building_id_only,48.0,556.0,False,20.0,pre-adjudication overlap audit only,7,256,results/tum_transfer/e5_s3/C001/semantic_regions/DJI_20241217102659_0005_D.npz
DJI_20241217102659_0005_D,2,DEBY_LOD2_4907198,3,440968,16,3,5472,5216,1,,64,actual_label_source_raycast_building_id_only,48.0,556.0,False,20.0,pre-adjudication overlap audit only,7,256,results/tum_transfer/e5_s3/C001/semantic_regions/DJI_20241217102659_0005_D.npz
DJI_20241217102659_0005_D,3,DEBY_LOD2_4907198,3,440968,16,3,5472,60,2,,64,actual_label_source_raycast_building_id_only,48.0,556.0,False,20.0,pre-adjudication overlap audit only,7,256,results/tum_transfer/e5_s3/C001/semantic_regions/DJI_20241217102659_0005_D.npz
DJI_20241217102659_0005_D,4,DEBY_LOD2_4907198,3,440968,16,3,5472,1,3,,64,actual_label_source_raycast_building_id_only,48.0,556.0,False,20.0,pre-adjudication overlap audit only,7,256,results/tum_transfer/e5_s3/C001/semantic_regions/DJI_20241217102659_0005_D.npz
DJI_20241217102659_0005_D,5,DEBY_LOD2_4907194,8,7778,8,2,2210,1789,1,,64,actual_label_source_raycast_building_id_only,48.0,556.0,False,20.0,pre-adjudication overlap audit only,7,256,results/tum_transfer/e5_s3/C001/semantic_regions/DJI_20241217102659_0005_D.npz
DJI_20241217102659_0005_D,6,DEBY_LOD2_4907195,8,7778,8,2,3478,3000,1,,64,actual_label_source_raycast_building_id_only,48.0,556.0,False,20.0,pre-adjudication overlap audit only,7,256,results/tum_transfer/e5_s3/C001/semantic_regions/DJI_20241217102659_0005_D.npz
DJI_20241217102701_0006_D,1,DEBY_LOD2_4907186,1,489805,17,5,1288,778,1,,64,actual_label_source_raycast_building_id_only,48.0,556.0,False,20.0,pre-adjudication overlap audit only,7,256,results/tum_transfer/e5_s3/C001/semantic_regions/DJI_20241217102701_0006_D.npz
DJI_20241217102701_0006_D,2,DEBY_LOD2_4907188,1,489805,17,5,2488,1891,1,,64,actual_label_source_raycast_building_id_only,48.0,556.0,False,20.0,pre-adjudication overlap audit only,7,256,results/tum_transfer/e5_s3/C001/semantic_regions/DJI_20241217102701_0006_D.npz
DJI_20241217102701_0006_D,3,DEBY_LOD2_4907194,1,489805,17,5,1746,1383,1,,64,actual_label_source_raycast_building_id_only,48.0,556.0,False,20.0,pre-adjudication overlap audit only,7,256,results/tum_transfer/e5_s3/C001/semantic_regions/DJI_20241217102701_0006_D.npz
DJI_20241217102701_0006_D,4,DEBY_LOD2_4907195,1,489805,17,5,2836,2412,1,,64,actual_label_source_raycast_building_id_only,48.0,556.0,False,20.0,pre-adjudication overlap audit only,7,256,results/tum_transfer/e5_s3/C001/semantic_regions/DJI_20241217102701_0006_D.npz
DJI_20241217102701_0006_D,5,DEBY_LOD2_4907198,1,489805,17,5,4440,4355,1,,64,actual_label_source_raycast_building_id_only,48.0,556.0,False,20.0,pre-adjudication overlap audit only,7,256,results/tum_transfer/e5_s3/C001/semantic_regions/DJI_20241217102701_0006_D.npz
DJI_20241217102703_0007_D,1,DEBY_LOD2_4907186,2,529319,17,5,2681,2230,1,,64,actual_label_source_raycast_building_id_only,48.0,556.0,False,20.0,pre-adjudication overlap audit only,7,256,results/tum_transfer/e5_s3/C001/semantic_regions/DJI_20241217102703_0007_D.npz
DJI_20241217102703_0007_D,2,DEBY_LOD2_4907188,2,529319,17,5,2138,1688,1,,64,actual_label_source_raycast_building_id_only,48.0,556.0,False,20.0,pre-adjudication overlap audit only,7,256,results/tum_transfer/e5_s3/C001/semantic_regions/DJI_20241217102703_0007_D.npz
DJI_20241217102703_0007_D,3,DEBY_LOD2_4907194,2,529319,17,5,1478,1135,1,,64,actual_label_source_raycast_building_id_only,48.0,556.0,False,20.0,pre-adjudication overlap audit only,7,256,results/tum_transfer/e5_s3/C001/semantic_regions/DJI_20241217102703_0007_D.npz
DJI_20241217102703_0007_D,4,DEBY_LOD2_4907195,2,529319,17,5,2390,2013,1,,64,actual_label_source_raycast_building_id_only,48.0,556.0,False,20.0,pre-adjudication overlap audit only,7,256,results/tum_transfer/e5_s3/C001/semantic_regions/DJI_20241217102703_0007_D.npz
DJI_20241217102703_0007_D,5,DEBY_LOD2_4907198,2,529319,17,5,3734,3734,1,,64,actual_label_source_raycast_building_id_only,48.0,556.0,False,20.0,pre-adjudication overlap audit only,7,256,results/tum_transfer/e5_s3/C001/semantic_regions/DJI_20241217102703_0007_D.npz
DJI_20241217102705_0008_D,1,DEBY_LOD2_4907186,1,535840,17,5,2327,2047,1,,64,actual_label_source_raycast_building_id_only,48.0,556.0,False,20.0,pre-adjudication overlap audit only,7,256,results/tum_transfer/e5_s3/C001/semantic_regions/DJI_20241217102705_0008_D.npz
DJI_20241217102705_0008_D,2,DEBY_LOD2_4907188,1,535840,17,5,2606,2025,1,,64,actual_label_source_raycast_building_id_only,48.0,556.0,False,20.0,pre-adjudication overlap audit only,7,256,results/tum_transfer/e5_s3/C001/semantic_regions/DJI_20241217102705_0008_D.npz
DJI_20241217102705_0008_D,3,DEBY_LOD2_4907194,1,535840,17,5,1833,1420,1,,64,actual_label_source_raycast_building_id_only,48.0,556.0,False,20.0,pre-adjudication overlap audit only,7,256,results/tum_transfer/e5_s3/C001/semantic_regions/DJI_20241217102705_0008_D.npz
DJI_20241217102705_0008_D,4,DEBY_LOD2_4907195,1,535840,17,5,2938,2461,1,,64,actual_label_source_raycast_building_id_only,48.0,556.0,False,20.0,pre-adjudication overlap audit only,7,256,results/tum_transfer/e5_s3/C001/semantic_regions/DJI_20241217102705_0008_D.npz
DJI_20241217102705_0008_D,5,DEBY_LOD2_4907198,1,535840,17,5,4312,4312,1,,64,actual_label_source_raycast_building_id_only,48.0,556.0,False,20.0,pre-adjudication overlap audit only,7,256,results/tum_transfer/e5_s3/C001/semantic_regions/DJI_20241217102705_0008_D.npz
DJI_20241217102713_0012_D,1,DEBY_LOD2_4907185,2,531509,18,5,438,193,1,,64,actual_label_source_raycast_building_id_only,48.0,556.0,False,20.0,pre-adjudication overlap audit only,7,256,results/tum_transfer/e5_s3/C001/semantic_regions/DJI_20241217102713_0012_D.npz
DJI_20241217102713_0012_D,2,DEBY_LOD2_4907186,2,531509,18,5,3691,3410,1,,64,actual_label_source_raycast_building_id_only,48.0,556.0,False,20.0,pre-adjudication overlap audit only,7,256,results/tum_transfer/e5_s3/C001/semantic_regions/DJI_20241217102713_0012_D.npz
DJI_20241217102713_0012_D,3,DEBY_LOD2_4907188,2,531509,18,5,1496,1245,1,,64,actual_label_source_raycast_building_id_only,48.0,556.0,False,20.0,pre-adjudication overlap audit only,7,256,results/tum_transfer/e5_s3/C001/semantic_regions/DJI_20241217102713_0012_D.npz
DJI_20241217102713_0012_D,4,DEBY_LOD2_4907198,2,531509,18,5,3501,3501,1,,64,actual_label_source_raycast_building_id_only,48.0,556.0,False,20.0,pre-adjudication overlap audit only,7,256,results/tum_transfer/e5_s3/C001/semantic_regions/DJI_20241217102713_0012_D.npz
DJI_20241217102713_0012_D,5,DEBY_LOD2_60098,2,531509,18,5,4996,4688,1,,64,actual_label_source_raycast_building_id_only,48.0,556.0,False,20.0,pre-adjudication overlap audit only,7,256,results/tum_transfer/e5_s3/C001/semantic_regions/DJI_20241217102713_0012_D.npz
DJI_20241217102713_0012_D,6,DEBY_LOD2_4907194,8,4043,7,2,1634,1202,1,,64,actual_label_source_raycast_building_id_only,48.0,556.0,False,20.0,pre-adjudication overlap audit only,7,256,results/tum_transfer/e5_s3/C001/semantic_regions/DJI_20241217102713_0012_D.npz
DJI_20241217102713_0012_D,7,DEBY_LOD2_4907195,8,4043,7,2,2409,1908,1,,64,actual_label_source_raycast_building_id_only,48.0,556.0,False,20.0,pre-adjudication overlap audit only,7,256,results/tum_transfer/e5_s3/C001/semantic_regions/DJI_20241217102713_0012_D.npz
DJI_20241217102719_0015_D,1,DEBY_LOD2_4907184,4,491504,18,6,2647,1833,1,,64,actual_label_source_raycast_building_id_only,48.0,556.0,False,20.0,pre-adjudication overlap audit only,7,256,results/tum_transfer/e5_s3/C001/semantic_regions/DJI_20241217102719_0015_D.npz
DJI_20241217102719_0015_D,2,DEBY_LOD2_4907185,4,491504,18,6,8314,6670,1,,64,actual_label_source_raycast_building_id_only,48.0,556.0,False,20.0,pre-adjudication overlap audit only,7,256,results/tum_transfer/e5_s3/C001/semantic_regions/DJI_20241217102719_0015_D.npz
DJI_20241217102719_0015_D,3,DEBY_LOD2_4907186,4,491504,18,6,1263,1184,1,,64,actual_label_source_raycast_building_id_only,48.0,556.0,False,20.0,pre-adjudication overlap audit only,7,256,results/tum_transfer/e5_s3/C001/semantic_regions/DJI_20241217102719_0015_D.npz
DJI_20241217102719_0015_D,4,DEBY_LOD2_4907188,4,491504,18,6,49,7,1,,64,actual_label_source_raycast_building_id_only,48.0,556.0,False,20.0,pre-adjudication overlap audit only,7,256,results/tum_transfer/e5_s3/C001/semantic_regions/DJI_20241217102719_0015_D.npz
DJI_20241217102719_0015_D,5,DEBY_LOD2_4907198,4,491504,18,6,2844,2844,1,,64,actual_label_source_raycast_building_id_only,48.0,556.0,False,20.0,pre-adjudication overlap audit only,7,256,results/tum_transfer/e5_s3/C001/semantic_regions/DJI_20241217102719_0015_D.npz
DJI_20241217102719_0015_D,6,DEBY_LOD2_60098,4,491504,18,6,5911,5189,1,,64,actual_label_source_raycast_building_id_only,48.0,556.0,False,20.0,pre-adjudication overlap audit only,7,256,results/tum_transfer/e5_s3/C001/semantic_regions/DJI_20241217102719_0015_D.npz
DJI_20241217102721_0016_D,1,DEBY_LOD2_108247349,7,449485,18,8,90,90,1,,64,actual_label_source_raycast_building_id_only,48.0,556.0,False,20.0,pre-adjudication overlap audit only,7,256,results/tum_transfer/e5_s3/C001/semantic_regions/DJI_20241217102721_0016_D.npz
DJI_20241217102721_0016_D,2,DEBY_LOD2_4907184,7,449485,18,8,15334,14531,1,,64,actual_label_source_raycast_building_id_only,48.0,556.0,False,20.0,pre-adjudication overlap audit only,7,256,results/tum_transfer/e5_s3/C001/semantic_regions/DJI_20241217102721_0016_D.npz
DJI_20241217102721_0016_D,3,DEBY_LOD2_4907185,7,449485,18,8,5846,4411,1,,64,actual_label_source_raycast_building_id_only,48.0,556.0,False,20.0,pre-adjudication overlap audit only,7,256,results/tum_transfer/e5_s3/C001/semantic_regions/DJI_20241217102721_0016_D.npz
DJI_20241217102721_0016_D,4,DEBY_LOD2_4907186,7,449485,18,8,3715,3173,1,,64,actual_label_source_raycast_building_id_only,48.0,556.0,False,20.0,pre-adjudication overlap audit only,7,256,results/tum_transfer/e5_s3/C001/semantic_regions/DJI_20241217102721_0016_D.npz
DJI_20241217102721_0016_D,5,DEBY_LOD2_4907188,7,449485,18,8,1414,883,1,,64,actual_label_source_raycast_building_id_only,48.0,556.0,False,20.0,pre-adjudication overlap audit only,7,256,results/tum_transfer/e5_s3/C001/semantic_regions/DJI_20241217102721_0016_D.npz
DJI_20241217102721_0016_D,6,DEBY_LOD2_4907198,7,449485,18,8,2013,1908,1,,64,actual_label_source_raycast_building_id_only,48.0,556.0,False,20.0,pre-adjudication overlap audit only,7,256,results/tum_transfer/e5_s3/C001/semantic_regions/DJI_20241217102721_0016_D.npz
DJI_20241217102721_0016_D,7,DEBY_LOD2_60098,7,449485,18,8,6358,5701,1,,64,actual_label_source_raycast_building_id_only,48.0,556.0,False,20.0,pre-adjudication overlap audit only,7,256,results/tum_transfer/e5_s3/C001/semantic_regions/DJI_20241217102721_0016_D.npz
DJI_20241217102721_0016_D,8,DEBY_LOD2_4907194,11,2421,5,2,980,1,1,,64,actual_label_source_raycast_building_id_only,48.0,556.0,False,20.0,pre-adjudication overlap audit only,7,256,results/tum_transfer/e5_s3/C001/semantic_regions/DJI_20241217102721_0016_D.npz
DJI_20241217102721_0016_D,9,DEBY_LOD2_4907194,11,2421,5,2,980,569,2,,64,actual_label_source_raycast_building_id_only,48.0,556.0,False,20.0,pre-adjudication overlap audit only,7,256,results/tum_transfer/e5_s3/C001/semantic_regions/DJI_20241217102721_0016_D.npz
DJI_20241217102721_0016_D,10,DEBY_LOD2_4907195,11,2421,5,2,1441,945,1,,64,actual_label_source_raycast_building_id_only,48.0,556.0,False,20.0,pre-adjudication overlap audit only,7,256,results/tum_transfer/e5_s3/C001/semantic_regions/DJI_20241217102721_0016_D.npz
DJI_20241217102729_0020_D,1,DEBY_LOD2_4907184,1,120680,10,7,35483,34648,1,,64,actual_label_source_raycast_building_id_only,48.0,556.0,False,20.0,pre-adjudication overlap audit only,7,256,results/tum_transfer/e5_s3/C001/semantic_regions/DJI_20241217102729_0020_D.npz
DJI_20241217102729_0020_D,2,DEBY_LOD2_4907185,1,120680,10,7,1750,285,1,,64,actual_label_source_raycast_building_id_only,48.0,556.0,False,20.0,pre-adjudication overlap audit only,7,256,results/tum_transfer/e5_s3/C001/semantic_regions/DJI_20241217102729_0020_D.npz
DJI_20241217102729_0020_D,3,DEBY_LOD2_4907185,1,120680,10,7,1750,51,2,,64,actual_label_source_raycast_building_id_only,48.0,556.0,False,20.0,pre-adjudication overlap audit only,7,256,results/tum_transfer/e5_s3/C001/semantic_regions/DJI_20241217102729_0020_D.npz
DJI_20241217102729_0020_D,4,DEBY_LOD2_4907185,1,120680,10,7,1750,29,3,,64,actual_label_source_raycast_building_id_only,48.0,556.0,False,20.0,pre-adjudication overlap audit only,7,256,results/tum_transfer/e5_s3/C001/semantic_regions/DJI_20241217102729_0020_D.npz
DJI_20241217102729_0020_D,5,DEBY_LOD2_4907186,1,120680,10,7,1691,1084,1,,64,actual_label_source_raycast_building_id_only,48.0,556.0,False,20.0,pre-adjudication overlap audit only,7,256,results/tum_transfer/e5_s3/C001/semantic_regions/DJI_20241217102729_0020_D.npz
DJI_20241217102729_0020_D,6,DEBY_LOD2_4907188,1,120680,10,7,455,33,1,,64,actual_label_source_raycast_building_id_only,48.0,556.0,False,20.0,pre-adjudication overlap audit only,7,256,results/tum_transfer/e5_s3/C001/semantic_regions/DJI_20241217102729_0020_D.npz
DJI_20241217102729_0020_D,7,DEBY_LOD2_4907194,1,120680,10,7,700,130,1,,64,actual_label_source_raycast_building_id_only,48.0,556.0,False,20.0,pre-adjudication overlap audit only,7,256,results/tum_transfer/e5_s3/C001/semantic_regions/DJI_20241217102729_0020_D.npz
DJI_20241217102729_0020_D,8,DEBY_LOD2_4907195,1,120680,10,7,1511,455,1,,64,actual_label_source_raycast_building_id_only,48.0,556.0,False,20.0,pre-adjudication overlap audit only,7,256,results/tum_transfer/e5_s3/C001/semantic_regions/DJI_20241217102729_0020_D.npz
DJI_20241217102729_0020_D,9,DEBY_LOD2_4907195,1,120680,10,7,1511,31,2,,64,actual_label_source_raycast_building_id_only,48.0,556.0,False,20.0,pre-adjudication overlap audit only,7,256,results/tum_transfer/e5_s3/C001/semantic_regions/DJI_20241217102729_0020_D.npz
DJI_20241217102729_0020_D,10,DEBY_LOD2_60098,1,120680,10,7,2941,2456,1,,64,actual_label_source_raycast_building_id_only,48.0,556.0,False,20.0,pre-adjudication overlap audit only,7,256,results/tum_transfer/e5_s3/C001/semantic_regions/DJI_20241217102729_0020_D.npz
DJI_20241217102729_0020_D,11,DEBY_LOD2_4907198,13,52700,15,1,1982,848,1,,64,actual_label_source_raycast_building_id_only,48.0,556.0,False,20.0,pre-adjudication overlap audit only,7,256,results/tum_transfer/e5_s3/C001/semantic_regions/DJI_20241217102729_0020_D.npz
DJI_20241217102729_0020_D,12,DEBY_LOD2_4907198,13,52700,15,1,1982,1134,2,,64,actual_label_source_raycast_building_id_only,48.0,556.0,False,20.0,pre-adjudication overlap audit only,7,256,results/tum_transfer/e5_s3/C001/semantic_regions/DJI_20241217102729_0020_D.npz
DJI_20241217102731_0021_D,1,DEBY_LOD2_4907186,1,58387,10,4,1168,666,1,,64,actual_label_source_raycast_building_id_only,48.0,556.0,False,20.0,pre-adjudication overlap audit only,7,256,results/tum_transfer/e5_s3/C001/semantic_regions/DJI_20241217102731_0021_D.npz
DJI_20241217102731_0021_D,2,DEBY_LOD2_4907194,1,58387,10,4,728,81,1,,64,actual_label_source_raycast_building_id_only,48.0,556.0,False,20.0,pre-adjudication overlap audit only,7,256,results/tum_transfer/e5_s3/C001/semantic_regions/DJI_20241217102731_0021_D.npz
DJI_20241217102731_0021_D,3,DEBY_LOD2_4907194,1,58387,10,4,728,2,2,,64,actual_label_source_raycast_building_id_only,48.0,556.0,False,20.0,pre-adjudication overlap audit only,7,256,results/tum_transfer/e5_s3/C001/semantic_regions/DJI_20241217102731_0021_D.npz
DJI_20241217102731_0021_D,4,DEBY_LOD2_4907194,1,58387,10,4,728,2,3,,64,actual_label_source_raycast_building_id_only,48.0,556.0,False,20.0,pre-adjudication overlap audit only,7,256,results/tum_transfer/e5_s3/C001/semantic_regions/DJI_20241217102731_0021_D.npz
DJI_20241217102731_0021_D,5,DEBY_LOD2_4907195,1,58387,10,4,1444,650,1,,64,actual_label_source_raycast_building_id_only,48.0,556.0,False,20.0,pre-adjudication overlap audit only,7,256,results/tum_transfer/e5_s3/C001/semantic_regions/DJI_20241217102731_0021_D.npz
DJI_20241217102731_0021_D,6,DEBY_LOD2_4907195,1,58387,10,4,1444,5,2,,64,actual_label_source_raycast_building_id_only,48.0,556.0,False,20.0,pre-adjudication overlap audit only,7,256,results/tum_transfer/e5_s3/C001/semantic_regions/DJI_20241217102731_0021_D.npz
DJI_20241217102731_0021_D,7,DEBY_LOD2_4907184,9,58337,8,3,31655,30800,1,,64,actual_label_source_raycast_building_id_only,48.0,556.0,False,20.0,pre-adjudication overlap audit only,7,256,results/tum_transfer/e5_s3/C001/semantic_regions/DJI_20241217102731_0021_D.npz
DJI_20241217102731_0021_D,8,DEBY_LOD2_60098,9,58337,8,3,2101,1618,1,,64,actual_label_source_raycast_building_id_only,48.0,556.0,False,20.0,pre-adjudication overlap audit only,7,256,results/tum_transfer/e5_s3/C001/semantic_regions/DJI_20241217102731_0021_D.npz
DJI_20241217102731_0021_D,9,DEBY_LOD2_4907198,11,50411,14,1,2325,1459,1,,64,actual_label_source_raycast_building_id_only,48.0,556.0,False,20.0,pre-adjudication overlap audit only,7,256,results/tum_transfer/e5_s3/C001/semantic_regions/DJI_20241217102731_0021_D.npz
DJI_20241217102731_0021_D,10,DEBY_LOD2_4907198,11,50411,14,1,2325,866,2,,64,actual_label_source_raycast_building_id_only,48.0,556.0,False,20.0,pre-adjudication overlap audit only,7,256,results/tum_transfer/e5_s3/C001/semantic_regions/DJI_20241217102731_0021_D.npz
DJI_20241217102733_0022_D,1,DEBY_LOD2_4907198,1,62154,14,1,2188,2188,1,,64,actual_label_source_raycast_building_id_only,48.0,556.0,False,20.0,pre-adjudication overlap audit only,7,256,results/tum_transfer/e5_s3/C001/semantic_regions/DJI_20241217102733_0022_D.npz
DJI_20241217102733_0022_D,2,DEBY_LOD2_4907184,4,68952,8,3,36595,35761,1,,64,actual_label_source_raycast_building_id_only,48.0,556.0,False,20.0,pre-adjudication overlap audit only,7,256,results/tum_transfer/e5_s3/C001/semantic_regions/DJI_20241217102733_0022_D.npz
DJI_20241217102733_0022_D,3,DEBY_LOD2_60098,4,68952,8,3,1044,549,1,,64,actual_label_source_raycast_building_id_only,48.0,556.0,False,20.0,pre-adjudication overlap audit only,7,256,results/tum_transfer/e5_s3/C001/semantic_regions/DJI_20241217102733_0022_D.npz
DJI_20241217102741_0026_D,1,DEBY_LOD2_4907194,2,31531,9,2,1347,596,1,,64,actual_label_source_raycast_building_id_only,48.0,556.0,False,20.0,pre-adjudication overlap audit only,7,256,results/tum_transfer/e5_s3/C001/semantic_regions/DJI_20241217102741_0026_D.npz
DJI_20241217102741_0026_D,2,DEBY_LOD2_4907195,2,31531,9,2,2921,2140,1,,64,actual_label_source_raycast_building_id_only,48.0,556.0,False,20.0,pre-adjudication overlap audit only,7,256,results/tum_transfer/e5_s3/C001/semantic_regions/DJI_20241217102741_0026_D.npz
DJI_20241217102741_0026_D,3,DEBY_LOD2_4907184,3,131468,8,4,32774,32106,1,,64,actual_label_source_raycast_building_id_only,48.0,556.0,False,20.0,pre-adjudication overlap audit only,7,256,results/tum_transfer/e5_s3/C001/semantic_regions/DJI_20241217102741_0026_D.npz
DJI_20241217102741_0026_D,4,DEBY_LOD2_4907186,3,131468,8,4,917,690,1,,64,actual_label_source_raycast_building_id_only,48.0,556.0,False,20.0,pre-adjudication overlap audit only,7,256,results/tum_transfer/e5_s3/C001/semantic_regions/DJI_20241217102741_0026_D.npz
DJI_20241217102741_0026_D,5,DEBY_LOD2_60098,3,131468,8,4,767,530,1,,64,actual_label_source_raycast_building_id_only,48.0,556.0,False,20.0,pre-adjudication overlap audit only,7,256,results/tum_transfer/e5_s3/C001/semantic_regions/DJI_20241217102741_0026_D.npz
DJI_20241217102741_0026_D,6,DEBY_LOD2_4907198,16,46043,14,1,4217,3950,1,,64,actual_label_source_raycast_building_id_only,48.0,556.0,False,20.0,pre-adjudication overlap audit only,7,256,results/tum_transfer/e5_s3/C001/semantic_regions/DJI_20241217102741_0026_D.npz
DJI_20241217102741_0026_D,7,DEBY_LOD2_4907198,16,46043,14,1,4217,267,2,,64,actual_label_source_raycast_building_id_only,48.0,556.0,False,20.0,pre-adjudication overlap audit only,7,256,results/tum_transfer/e5_s3/C001/semantic_regions/DJI_20241217102741_0026_D.npz
DJI_20241217102913_0002_D,1,DEBY_LOD2_4907194,1,58565,9,2,1136,494,1,,64,actual_label_source_raycast_building_id_only,48.0,556.0,False,20.0,pre-adjudication overlap audit only,7,256,results/tum_transfer/e5_s3/C001/semantic_regions/DJI_20241217102913_0002_D.npz
DJI_20241217102913_0002_D,2,DEBY_LOD2_4907195,1,58565,9,2,2284,1603,1,,64,actual_label_source_raycast_building_id_only,48.0,556.0,False,20.0,pre-adjudication overlap audit only,7,256,results/tum_transfer/e5_s3/C001/semantic_regions/DJI_20241217102913_0002_D.npz
DJI_20241217102913_0002_D,3,DEBY_LOD2_4907184,16,75325,8,4,38090,37163,1,,64,actual_label_source_raycast_building_id_only,48.0,556.0,False,20.0,pre-adjudication overlap audit only,7,256,results/tum_transfer/e5_s3/C001/semantic_regions/DJI_20241217102913_0002_D.npz
DJI_20241217102913_0002_D,4,DEBY_LOD2_4907186,16,75325,8,4,1535,844,1,,64,actual_label_source_raycast_building_id_only,48.0,556.0,False,20.0,pre-adjudication overlap audit only,7,256,results/tum_transfer/e5_s3/C001/semantic_regions/DJI_20241217102913_0002_D.npz
DJI_20241217102913_0002_D,5,DEBY_LOD2_60098,16,75325,8,4,1355,1031,1,,64,actual_label_source_raycast_building_id_only,48.0,556.0,False,20.0,pre-adjudication overlap audit only,7,256,results/tum_transfer/e5_s3/C001/semantic_regions/DJI_20241217102913_0002_D.npz
DJI_20241217102913_0002_D,6,DEBY_LOD2_4907198,21,44705,16,1,4378,968,1,,64,actual_label_source_raycast_building_id_only,48.0,556.0,False,20.0,pre-adjudication overlap audit only,7,256,results/tum_transfer/e5_s3/C001/semantic_regions/DJI_20241217102913_0002_D.npz
DJI_20241217102913_0002_D,7,DEBY_LOD2_4907198,21,44705,16,1,4378,3410,2,,64,actual_label_source_raycast_building_id_only,48.0,556.0,False,20.0,pre-adjudication overlap audit only,7,256,results/tum_transfer/e5_s3/C001/semantic_regions/DJI_20241217102913_0002_D.npz
DJI_20241217102915_0003_D,1,DEBY_LOD2_4907194,1,58776,9,2,1139,495,1,,64,actual_label_source_raycast_building_id_only,48.0,556.0,False,20.0,pre-adjudication overlap audit only,7,256,results/tum_transfer/e5_s3/C001/semantic_regions/DJI_20241217102915_0003_D.npz
DJI_20241217102915_0003_D,2,DEBY_LOD2_4907195,1,58776,9,2,2293,1615,1,,64,actual_label_source_raycast_building_id_only,48.0,556.0,False,20.0,pre-adjudication overlap audit only,7,256,results/tum_transfer/e5_s3/C001/semantic_regions/DJI_20241217102915_0003_D.npz
DJI_20241217102915_0003_D,3,DEBY_LOD2_4907184,16,75670,8,5,38184,37212,1,,64,actual_label_source_raycast_building_id_only,48.0,556.0,False,20.0,pre-adjudication overlap audit only,7,256,results/tum_transfer/e5_s3/C001/semantic_regions/DJI_20241217102915_0003_D.npz
DJI_20241217102915_0003_D,4,DEBY_LOD2_4907186,16,75670,8,5,1552,853,1,,64,actual_label_source_raycast_building_id_only,48.0,556.0,False,20.0,pre-adjudication overlap audit only,7,256,results/tum_transfer/e5_s3/C001/semantic_regions/DJI_20241217102915_0003_D.npz
DJI_20241217102915_0003_D,5,DEBY_LOD2_60098,16,75670,8,5,1365,1042,1,,64,actual_label_source_raycast_building_id_only,48.0,556.0,False,20.0,pre-adjudication overlap audit only,7,256,results/tum_transfer/e5_s3/C001/semantic_regions/DJI_20241217102915_0003_D.npz
DJI_20241217102915_0003_D,6,DEBY_LOD2_4907198,19,44890,16,1,4400,982,1,,64,actual_label_source_raycast_building_id_only,48.0,556.0,False,20.0,pre-adjudication overlap audit only,7,256,results/tum_transfer/e5_s3/C001/semantic_regions/DJI_20241217102915_0003_D.npz
DJI_20241217102915_0003_D,7,DEBY_LOD2_4907198,19,44890,16,1,4400,3418,2,,64,actual_label_source_raycast_building_id_only,48.0,556.0,False,20.0,pre-adjudication overlap audit only,7,256,results/tum_transfer/e5_s3/C001/semantic_regions/DJI_20241217102915_0003_D.npz
DJI_20241217102917_0004_D,1,DEBY_LOD2_4907194,1,70545,9,2,1535,773,1,,64,actual_label_source_raycast_building_id_only,48.0,556.0,False,20.0,pre-adjudication overlap audit only,7,256,results/tum_transfer/e5_s3/C001/semantic_regions/DJI_20241217102917_0004_D.npz
DJI_20241217102917_0004_D,2,DEBY_LOD2_4907195,1,70545,9,2,3110,2306,1,,64,actual_label_source_raycast_building_id_only,48.0,556.0,False,20.0,pre-adjudication overlap audit only,7,256,results/tum_transfer/e5_s3/C001/semantic_regions/DJI_20241217102917_0004_D.npz
DJI_20241217102917_0004_D,3,DEBY_LOD2_4907184,14,24455,8,5,773,350,1,,64,actual_label_source_raycast_building_id_only,48.0,556.0,False,20.0,pre-adjudication overlap audit only,7,256,results/tum_transfer/e5_s3/C001/semantic_regions/DJI_20241217102917_0004_D.npz
DJI_20241217102917_0004_D,4,DEBY_LOD2_4907186,14,24455,8,5,2021,1295,1,,64,actual_label_source_raycast_building_id_only,48.0,556.0,False,20.0,pre-adjudication overlap audit only,7,256,results/tum_transfer/e5_s3/C001/semantic_regions/DJI_20241217102917_0004_D.npz
DJI_20241217102917_0004_D,5,DEBY_LOD2_60098,14,24455,8,5,1782,1689,1,,64,actual_label_source_raycast_building_id_only,48.0,556.0,False,20.0,pre-adjudication overlap audit only,7,256,results/tum_transfer/e5_s3/C001/semantic_regions/DJI_20241217102917_0004_D.npz
DJI_20241217102917_0004_D,6,DEBY_LOD2_4907198,18,18020,12,1,3765,1345,1,,64,actual_label_source_raycast_building_id_only,48.0,556.0,False,20.0,pre-adjudication overlap audit only,7,256,results/tum_transfer/e5_s3/C001/semantic_regions/DJI_20241217102917_0004_D.npz
DJI_20241217102917_0004_D,7,DEBY_LOD2_4907198,18,18020,12,1,3765,2420,2,,64,actual_label_source_raycast_building_id_only,48.0,556.0,False,20.0,pre-adjudication overlap audit only,7,256,results/tum_transfer/e5_s3/C001/semantic_regions/DJI_20241217102917_0004_D.npz
DJI_20241217102919_0005_D,1,DEBY_LOD2_4907194,1,59711,9,2,1107,482,1,,64,actual_label_source_raycast_building_id_only,48.0,556.0,False,20.0,pre-adjudication overlap audit only,7,256,results/tum_transfer/e5_s3/C001/semantic_regions/DJI_20241217102919_0005_D.npz
DJI_20241217102919_0005_D,2,DEBY_LOD2_4907195,1,59711,9,2,2222,1568,1,,64,actual_label_source_raycast_building_id_only,48.0,556.0,False,20.0,pre-adjudication overlap audit only,7,256,results/tum_transfer/e5_s3/C001/semantic_regions/DJI_20241217102919_0005_D.npz
DJI_20241217102919_0005_D,3,DEBY_LOD2_4907184,17,74084,8,5,34152,33145,1,,64,actual_label_source_raycast_building_id_only,48.0,556.0,False,20.0,pre-adjudication overlap audit only,7,256,results/tum_transfer/e5_s3/C001/semantic_regions/DJI_20241217102919_0005_D.npz
DJI_20241217102919_0005_D,4,DEBY_LOD2_4907186,17,74084,8,5,1479,821,1,,64,actual_label_source_raycast_building_id_only,48.0,556.0,False,20.0,pre-adjudication overlap audit only,7,256,results/tum_transfer/e5_s3/C001/semantic_regions/DJI_20241217102919_0005_D.npz
DJI_20241217102919_0005_D,5,DEBY_LOD2_60098,17,74084,8,5,1302,990,1,,64,actual_label_source_raycast_building_id_only,48.0,556.0,False,20.0,pre-adjudication overlap audit only,7,256,results/tum_transfer/e5_s3/C001/semantic_regions/DJI_20241217102919_0005_D.npz
DJI_20241217102919_0005_D,6,DEBY_LOD2_4907198,21,41985,16,1,4172,939,1,,64,actual_label_source_raycast_building_id_only,48.0,556.0,False,20.0,pre-adjudication overlap audit only,7,256,results/tum_transfer/e5_s3/C001/semantic_regions/DJI_20241217102919_0005_D.npz
DJI_20241217102919_0005_D,7,DEBY_LOD2_4907198,21,41985,16,1,4172,3233,2,,64,actual_label_source_raycast_building_id_only,48.0,556.0,False,20.0,pre-adjudication overlap audit only,7,256,results/tum_transfer/e5_s3/C001/semantic_regions/DJI_20241217102919_0005_D.npz
DJI_20241217102921_0006_D,1,DEBY_LOD2_4907194,5,10839,9,2,1490,776,1,,64,actual_label_source_raycast_building_id_only,48.0,556.0,False,20.0,pre-adjudication overlap audit only,7,256,results/tum_transfer/e5_s3/C001/semantic_regions/DJI_20241217102921_0006_D.npz
DJI_20241217102921_0006_D,2,DEBY_LOD2_4907195,5,10839,9,2,2968,2217,1,,64,actual_label_source_raycast_building_id_only,48.0,556.0,False,20.0,pre-adjudication overlap audit only,7,256,results/tum_transfer/e5_s3/C001/semantic_regions/DJI_20241217102921_0006_D.npz
DJI_20241217102921_0006_D,3,DEBY_LOD2_4907184,10,82872,8,5,40598,39536,1,,64,actual_label_source_raycast_building_id_only,48.0,556.0,False,20.0,pre-adjudication overlap audit only,7,256,results/tum_transfer/e5_s3/C001/semantic_regions/DJI_20241217102921_0006_D.npz
DJI_20241217102921_0006_D,4,DEBY_LOD2_4907186,10,82872,8,5,1945,1226,1,,64,actual_label_source_raycast_building_id_only,48.0,556.0,False,20.0,pre-adjudication overlap audit only,7,256,results/tum_transfer/e5_s3/C001/semantic_regions/DJI_20241217102921_0006_D.npz
DJI_20241217102921_0006_D,5,DEBY_LOD2_60098,10,82872,8,5,1686,1352,1,,64,actual_label_source_raycast_building_id_only,48.0,556.0,False,20.0,pre-adjudication overlap audit only,7,256,results/tum_transfer/e5_s3/C001/semantic_regions/DJI_20241217102921_0006_D.npz
DJI_20241217102921_0006_D,6,DEBY_LOD2_4907198,15,52644,16,1,5351,1235,1,,64,actual_label_source_raycast_building_id_only,48.0,556.0,False,20.0,pre-adjudication overlap audit only,7,256,results/tum_transfer/e5_s3/C001/semantic_regions/DJI_20241217102921_0006_D.npz
DJI_20241217102921_0006_D,7,DEBY_LOD2_4907198,15,52644,16,1,5351,4116,2,,64,actual_label_source_raycast_building_id_only,48.0,556.0,False,20.0,pre-adjudication overlap audit only,7,256,results/tum_transfer/e5_s3/C001/semantic_regions/DJI_20241217102921_0006_D.npz
DJI_20241217102925_0008_D,1,DEBY_LOD2_4907184,1,5373,2,1,165,165,1,,64,actual_label_source_raycast_building_id_only,48.0,556.0,False,20.0,pre-adjudication overlap audit only,7,256,results/tum_transfer/e5_s3/C001/semantic_regions/DJI_20241217102925_0008_D.npz
DJI_20241217102929_0010_D,1,DEBY_LOD2_4907184,2,26543,3,1,8515,8515,1,,64,actual_label_source_raycast_building_id_only,48.0,556.0,False,20.0,pre-adjudication overlap audit only,7,256,results/tum_transfer/e5_s3/C001/semantic_regions/DJI_20241217102929_0010_D.npz
DJI_20241217102935_0013_D,1,DEBY_LOD2_4907184,1,41656,4,1,8902,8902,1,,64,actual_label_source_raycast_building_id_only,48.0,556.0,False,20.0,pre-adjudication overlap audit only,7,256,results/tum_transfer/e5_s3/C001/semantic_regions/DJI_20241217102935_0013_D.npz
DJI_20241217102937_0014_D,1,DEBY_LOD2_4907184,1,132636,12,8,22971,20614,1,,64,actual_label_source_raycast_building_id_only,48.0,556.0,False,20.0,pre-adjudication overlap audit only,7,256,results/tum_transfer/e5_s3/C001/semantic_regions/DJI_20241217102937_0014_D.npz
DJI_20241217102937_0014_D,2,DEBY_LOD2_4907185,1,132636,12,8,328,3,1,,64,actual_label_source_raycast_building_id_only,48.0,556.0,False,20.0,pre-adjudication overlap audit only,7,256,results/tum_transfer/e5_s3/C001/semantic_regions/DJI_20241217102937_0014_D.npz
DJI_20241217102937_0014_D,3,DEBY_LOD2_4907186,1,132636,12,8,3272,2804,1,,64,actual_label_source_raycast_building_id_only,48.0,556.0,False,20.0,pre-adjudication overlap audit only,7,256,results/tum_transfer/e5_s3/C001/semantic_regions/DJI_20241217102937_0014_D.npz
DJI_20241217102937_0014_D,4,DEBY_LOD2_4907188,1,132636,12,8,1229,767,1,,64,actual_label_source_raycast_building_id_only,48.0,556.0,False,20.0,pre-adjudication overlap audit only,7,256,results/tum_transfer/e5_s3/C001/semantic_regions/DJI_20241217102937_0014_D.npz
DJI_20241217102937_0014_D,5,DEBY_LOD2_4907194,1,132636,12,8,1929,1093,1,,64,actual_label_source_raycast_building_id_only,48.0,556.0,False,20.0,pre-adjudication overlap audit only,7,256,results/tum_transfer/e5_s3/C001/semantic_regions/DJI_20241217102937_0014_D.npz
DJI_20241217102937_0014_D,6,DEBY_LOD2_4907195,1,132636,12,8,3895,2729,1,,64,actual_label_source_raycast_building_id_only,48.0,556.0,False,20.0,pre-adjudication overlap audit only,7,256,results/tum_transfer/e5_s3/C001/semantic_regions/DJI_20241217102937_0014_D.npz
DJI_20241217102937_0014_D,7,DEBY_LOD2_4907198,1,132636,12,8,1564,686,1,,64,actual_label_source_raycast_building_id_only,48.0,556.0,False,20.0,pre-adjudication overlap audit only,7,256,results/tum_transfer/e5_s3/C001/semantic_regions/DJI_20241217102937_0014_D.npz
DJI_20241217102937_0014_D,8,DEBY_LOD2_60098,1,132636,12,8,3266,2632,1,,64,actual_label_source_raycast_building_id_only,48.0,556.0,False,20.0,pre-adjudication overlap audit only,7,256,results/tum_transfer/e5_s3/C001/semantic_regions/DJI_20241217102937_0014_D.npz
DJI_20241217102939_0015_D,1,DEBY_LOD2_4907184,4,120262,12,8,19278,17706,1,,64,actual_label_source_raycast_building_id_only,48.0,556.0,False,20.0,pre-adjudication overlap audit only,7,256,results/tum_transfer/e5_s3/C001/semantic_regions/DJI_20241217102939_0015_D.npz
DJI_20241217102939_0015_D,2,DEBY_LOD2_4907185,4,120262,12,8,429,11,1,,64,actual_label_source_raycast_building_id_only,48.0,556.0,False,20.0,pre-adjudication overlap audit only,7,256,results/tum_transfer/e5_s3/C001/semantic_regions/DJI_20241217102939_0015_D.npz
DJI_20241217102939_0015_D,3,DEBY_LOD2_4907186,4,120262,12,8,4420,3855,1,,64,actual_label_source_raycast_building_id_only,48.0,556.0,False,20.0,pre-adjudication overlap audit only,7,256,results/tum_transfer/e5_s3/C001/semantic_regions/DJI_20241217102939_0015_D.npz
DJI_20241217102939_0015_D,4,DEBY_LOD2_4907188,4,120262,12,8,1670,1102,1,,64,actual_label_source_raycast_building_id_only,48.0,556.0,False,20.0,pre-adjudication overlap audit only,7,256,results/tum_transfer/e5_s3/C001/semantic_regions/DJI_20241217102939_0015_D.npz
DJI_20241217102939_0015_D,5,DEBY_LOD2_4907194,4,120262,12,8,2465,1459,1,,64,actual_label_source_raycast_building_id_only,48.0,556.0,False,20.0,pre-adjudication overlap audit only,7,256,results/tum_transfer/e5_s3/C001/semantic_regions/DJI_20241217102939_0015_D.npz
DJI_20241217102939_0015_D,6,DEBY_LOD2_4907195,4,120262,12,8,5137,3570,1,,64,actual_label_source_raycast_building_id_only,48.0,556.0,False,20.0,pre-adjudication overlap audit only,7,256,results/tum_transfer/e5_s3/C001/semantic_regions/DJI_20241217102939_0015_D.npz
DJI_20241217102939_0015_D,7,DEBY_LOD2_60098,4,120262,12,8,4435,3761,1,,64,actual_label_source_raycast_building_id_only,48.0,556.0,False,20.0,pre-adjudication overlap audit only,7,256,results/tum_transfer/e5_s3/C001/semantic_regions/DJI_20241217102939_0015_D.npz
DJI_20241217102941_0016_D,1,DEBY_LOD2_4907184,6,152475,16,8,21173,18934,1,,64,actual_label_source_raycast_building_id_only,48.0,556.0,False,20.0,pre-adjudication overlap audit only,7,256,results/tum_transfer/e5_s3/C001/semantic_regions/DJI_20241217102941_0016_D.npz
DJI_20241217102941_0016_D,2,DEBY_LOD2_4907185,6,152475,16,8,280,1,1,,64,actual_label_source_raycast_building_id_only,48.0,556.0,False,20.0,pre-adjudication overlap audit only,7,256,results/tum_transfer/e5_s3/C001/semantic_regions/DJI_20241217102941_0016_D.npz
DJI_20241217102941_0016_D,3,DEBY_LOD2_4907186,6,152475,16,8,3427,2923,1,,64,actual_label_source_raycast_building_id_only,48.0,556.0,False,20.0,pre-adjudication overlap audit only,7,256,results/tum_transfer/e5_s3/C001/semantic_regions/DJI_20241217102941_0016_D.npz
DJI_20241217102941_0016_D,4,DEBY_LOD2_4907188,6,152475,16,8,1329,844,1,,64,actual_label_source_raycast_building_id_only,48.0,556.0,False,20.0,pre-adjudication overlap audit only,7,256,results/tum_transfer/e5_s3/C001/semantic_regions/DJI_20241217102941_0016_D.npz
DJI_20241217102941_0016_D,5,DEBY_LOD2_4907194,6,152475,16,8,1860,1025,1,,64,actual_label_source_raycast_building_id_only,48.0,556.0,False,20.0,pre-adjudication overlap audit only,7,256,results/tum_transfer/e5_s3/C001/semantic_regions/DJI_20241217102941_0016_D.npz
DJI_20241217102941_0016_D,6,DEBY_LOD2_4907195,6,152475,16,8,3489,2333,1,,64,actual_label_source_raycast_building_id_only,48.0,556.0,False,20.0,pre-adjudication overlap audit only,7,256,results/tum_transfer/e5_s3/C001/semantic_regions/DJI_20241217102941_0016_D.npz
DJI_20241217102941_0016_D,7,DEBY_LOD2_4907198,6,152475,16,8,2763,1915,1,,64,actual_label_source_raycast_building_id_only,48.0,556.0,False,20.0,pre-adjudication overlap audit only,7,256,results/tum_transfer/e5_s3/C001/semantic_regions/DJI_20241217102941_0016_D.npz
DJI_20241217102941_0016_D,8,DEBY_LOD2_60098,6,152475,16,8,3158,2538,1,,64,actual_label_source_raycast_building_id_only,48.0,556.0,False,20.0,pre-adjudication overlap audit only,7,256,results/tum_transfer/e5_s3/C001/semantic_regions/DJI_20241217102941_0016_D.npz
DJI_20241217102943_0017_D,1,DEBY_LOD2_4907184,10,122309,16,8,20632,18270,1,,64,actual_label_source_raycast_building_id_only,48.0,556.0,False,20.0,pre-adjudication overlap audit only,7,256,results/tum_transfer/e5_s3/C001/semantic_regions/DJI_20241217102943_0017_D.npz
DJI_20241217102943_0017_D,2,DEBY_LOD2_4907185,10,122309,16,8,219,19,1,,64,actual_label_source_raycast_building_id_only,48.0,556.0,False,20.0,pre-adjudication overlap audit only,7,256,results/tum_transfer/e5_s3/C001/semantic_regions/DJI_20241217102943_0017_D.npz
DJI_20241217102943_0017_D,3,DEBY_LOD2_4907186,10,122309,16,8,3668,3176,1,,64,actual_label_source_raycast_building_id_only,48.0,556.0,False,20.0,pre-adjudication overlap audit only,7,256,results/tum_transfer/e5_s3/C001/semantic_regions/DJI_20241217102943_0017_D.npz
DJI_20241217102943_0017_D,4,DEBY_LOD2_4907188,10,122309,16,8,1458,971,1,,64,actual_label_source_raycast_building_id_only,48.0,556.0,False,20.0,pre-adjudication overlap audit only,7,256,results/tum_transfer/e5_s3/C001/semantic_regions/DJI_20241217102943_0017_D.npz
DJI_20241217102943_0017_D,5,DEBY_LOD2_4907194,10,122309,16,8,1939,1263,1,,64,actual_label_source_raycast_building_id_only,48.0,556.0,False,20.0,pre-adjudication overlap audit only,7,256,results/tum_transfer/e5_s3/C001/semantic_regions/DJI_20241217102943_0017_D.npz
DJI_20241217102943_0017_D,6,DEBY_LOD2_4907195,10,122309,16,8,2892,1798,1,,64,actual_label_source_raycast_building_id_only,48.0,556.0,False,20.0,pre-adjudication overlap audit only,7,256,results/tum_transfer/e5_s3/C001/semantic_regions/DJI_20241217102943_0017_D.npz
DJI_20241217102943_0017_D,7,DEBY_LOD2_4907198,10,122309,16,8,2772,1972,1,,64,actual_label_source_raycast_building_id_only,48.0,556.0,False,20.0,pre-adjudication overlap audit only,7,256,results/tum_transfer/e5_s3/C001/semantic_regions/DJI_20241217102943_0017_D.npz
DJI_20241217102943_0017_D,8,DEBY_LOD2_60098,10,122309,16,8,2930,2230,1,,64,actual_label_source_raycast_building_id_only,48.0,556.0,False,20.0,pre-adjudication overlap audit only,7,256,results/tum_transfer/e5_s3/C001/semantic_regions/DJI_20241217102943_0017_D.npz
DJI_20241217103457_0038_D,1,DEBY_LOD2_4907184,6,92305,17,6,4995,4572,1,,64,actual_label_source_raycast_building_id_only,48.0,556.0,False,20.0,pre-adjudication overlap audit only,7,256,results/tum_transfer/e5_s3/C001/semantic_regions/DJI_20241217103457_0038_D.npz
DJI_20241217103457_0038_D,2,DEBY_LOD2_4907185,6,92305,17,6,1436,477,1,,64,actual_label_source_raycast_building_id_only,48.0,556.0,False,20.0,pre-adjudication overlap audit only,7,256,results/tum_transfer/e5_s3/C001/semantic_regions/DJI_20241217103457_0038_D.npz
DJI_20241217103457_0038_D,3,DEBY_LOD2_4907186,6,92305,17,6,1402,1051,1,,64,actual_label_source_raycast_building_id_only,48.0,556.0,False,20.0,pre-adjudication overlap audit only,7,256,results/tum_transfer/e5_s3/C001/semantic_regions/DJI_20241217103457_0038_D.npz
DJI_20241217103457_0038_D,4,DEBY_LOD2_4907188,6,92305,17,6,565,228,1,,64,actual_label_source_raycast_building_id_only,48.0,556.0,False,20.0,pre-adjudication overlap audit only,7,256,results/tum_transfer/e5_s3/C001/semantic_regions/DJI_20241217103457_0038_D.npz
DJI_20241217103457_0038_D,5,DEBY_LOD2_4907198,6,92305,17,6,623,515,1,,64,actual_label_source_raycast_building_id_only,48.0,556.0,False,20.0,pre-adjudication overlap audit only,7,256,results/tum_transfer/e5_s3/C001/semantic_regions/DJI_20241217103457_0038_D.npz
DJI_20241217103457_0038_D,6,DEBY_LOD2_4907198,6,92305,17,6,623,108,2,,64,actual_label_source_raycast_building_id_only,48.0,556.0,False,20.0,pre-adjudication overlap audit only,7,256,results/tum_transfer/e5_s3/C001/semantic_regions/DJI_20241217103457_0038_D.npz
DJI_20241217103457_0038_D,7,DEBY_LOD2_60098,6,92305,17,6,2015,1461,1,,64,actual_label_source_raycast_building_id_only,48.0,556.0,False,20.0,pre-adjudication overlap audit only,7,256,results/tum_transfer/e5_s3/C001/semantic_regions/DJI_20241217103457_0038_D.npz
DJI_20241217103457_0038_D,8,DEBY_LOD2_4907194,13,1217,5,2,529,257,1,,64,actual_label_source_raycast_building_id_only,48.0,556.0,False,20.0,pre-adjudication overlap audit only,7,256,results/tum_transfer/e5_s3/C001/semantic_regions/DJI_20241217103457_0038_D.npz
DJI_20241217103457_0038_D,9,DEBY_LOD2_4907195,13,1217,5,2,688,379,1,,64,actual_label_source_raycast_building_id_only,48.0,556.0,False,20.0,pre-adjudication overlap audit only,7,256,results/tum_transfer/e5_s3/C001/semantic_regions/DJI_20241217103457_0038_D.npz
DJI_20241217103459_0039_D,1,DEBY_LOD2_4907184,7,82906,17,6,5553,5185,1,,64,actual_label_source_raycast_building_id_only,48.0,556.0,False,20.0,pre-adjudication overlap audit only,7,256,results/tum_transfer/e5_s3/C001/semantic_regions/DJI_20241217103459_0039_D.npz
DJI_20241217103459_0039_D,2,DEBY_LOD2_4907185,7,82906,17,6,1236,412,1,,64,actual_label_source_raycast_building_id_only,48.0,556.0,False,20.0,pre-adjudication overlap audit only,7,256,results/tum_transfer/e5_s3/C001/semantic_regions/DJI_20241217103459_0039_D.npz
DJI_20241217103459_0039_D,3,DEBY_LOD2_4907186,7,82906,17,6,1168,867,1,,64,actual_label_source_raycast_building_id_only,48.0,556.0,False,20.0,pre-adjudication overlap audit only,7,256,results/tum_transfer/e5_s3/C001/semantic_regions/DJI_20241217103459_0039_D.npz
DJI_20241217103459_0039_D,4,DEBY_LOD2_4907188,7,82906,17,6,470,184,1,,64,actual_label_source_raycast_building_id_only,48.0,556.0,False,20.0,pre-adjudication overlap audit only,7,256,results/tum_transfer/e5_s3/C001/semantic_regions/DJI_20241217103459_0039_D.npz
DJI_20241217103459_0039_D,5,DEBY_LOD2_4907198,7,82906,17,6,540,451,1,,64,actual_label_source_raycast_building_id_only,48.0,556.0,False,20.0,pre-adjudication overlap audit only,7,256,results/tum_transfer/e5_s3/C001/semantic_regions/DJI_20241217103459_0039_D.npz
DJI_20241217103459_0039_D,6,DEBY_LOD2_4907198,7,82906,17,6,540,89,2,,64,actual_label_source_raycast_building_id_only,48.0,556.0,False,20.0,pre-adjudication overlap audit only,7,256,results/tum_transfer/e5_s3/C001/semantic_regions/DJI_20241217103459_0039_D.npz
DJI_20241217103459_0039_D,7,DEBY_LOD2_60098,7,82906,17,6,1703,1240,1,,64,actual_label_source_raycast_building_id_only,48.0,556.0,False,20.0,pre-adjudication overlap audit only,7,256,results/tum_transfer/e5_s3/C001/semantic_regions/DJI_20241217103459_0039_D.npz
DJI_20241217103459_0039_D,8,DEBY_LOD2_4907194,12,1001,5,2,434,205,1,,64,actual_label_source_raycast_building_id_only,48.0,556.0,False,20.0,pre-adjudication overlap audit only,7,256,results/tum_transfer/e5_s3/C001/semantic_regions/DJI_20241217103459_0039_D.npz
DJI_20241217103459_0039_D,9,DEBY_LOD2_4907195,12,1001,5,2,567,305,1,,64,actual_label_source_raycast_building_id_only,48.0,556.0,False,20.0,pre-adjudication overlap audit only,7,256,results/tum_transfer/e5_s3/C001/semantic_regions/DJI_20241217103459_0039_D.npz
DJI_20241217103543_0061_D,1,DEBY_LOD2_4907194,3,188174,18,3,394,141,1,,64,actual_label_source_raycast_building_id_only,48.0,556.0,False,20.0,pre-adjudication overlap audit only,7,256,results/tum_transfer/e5_s3/C001/semantic_regions/DJI_20241217103543_0061_D.npz
DJI_20241217103543_0061_D,2,DEBY_LOD2_4907195,3,188174,18,3,524,141,1,,64,actual_label_source_raycast_building_id_only,48.0,556.0,False,20.0,pre-adjudication overlap audit only,7,256,results/tum_transfer/e5_s3/C001/semantic_regions/DJI_20241217103543_0061_D.npz
DJI_20241217103543_0061_D,3,DEBY_LOD2_4907198,3,188174,18,3,498,498,1,,64,actual_label_source_raycast_building_id_only,48.0,556.0,False,20.0,pre-adjudication overlap audit only,7,256,results/tum_transfer/e5_s3/C001/semantic_regions/DJI_20241217103543_0061_D.npz
DJI_20241217103543_0061_D,4,DEBY_LOD2_4907184,9,28173,8,5,10111,9617,1,,64,actual_label_source_raycast_building_id_only,48.0,556.0,False,20.0,pre-adjudication overlap audit only,7,256,results/tum_transfer/e5_s3/C001/semantic_regions/DJI_20241217103543_0061_D.npz
DJI_20241217103543_0061_D,5,DEBY_LOD2_4907185,9,28173,8,5,873,8,1,,64,actual_label_source_raycast_building_id_only,48.0,556.0,False,20.0,pre-adjudication overlap audit only,7,256,results/tum_transfer/e5_s3/C001/semantic_regions/DJI_20241217103543_0061_D.npz
DJI_20241217103543_0061_D,6,DEBY_LOD2_4907185,9,28173,8,5,873,19,2,,64,actual_label_source_raycast_building_id_only,48.0,556.0,False,20.0,pre-adjudication overlap audit only,7,256,results/tum_transfer/e5_s3/C001/semantic_regions/DJI_20241217103543_0061_D.npz
DJI_20241217103543_0061_D,7,DEBY_LOD2_4907185,9,28173,8,5,873,9,3,,64,actual_label_source_raycast_building_id_only,48.0,556.0,False,20.0,pre-adjudication overlap audit only,7,256,results/tum_transfer/e5_s3/C001/semantic_regions/DJI_20241217103543_0061_D.npz
DJI_20241217103543_0061_D,8,DEBY_LOD2_4907186,9,28173,8,5,1050,621,1,,64,actual_label_source_raycast_building_id_only,48.0,556.0,False,20.0,pre-adjudication overlap audit only,7,256,results/tum_transfer/e5_s3/C001/semantic_regions/DJI_20241217103543_0061_D.npz
DJI_20241217103543_0061_D,9,DEBY_LOD2_4907188,9,28173,8,5,409,42,1,,64,actual_label_source_raycast_building_id_only,48.0,556.0,False,20.0,pre-adjudication overlap audit only,7,256,results/tum_transfer/e5_s3/C001/semantic_regions/DJI_20241217103543_0061_D.npz
DJI_20241217103543_0061_D,10,DEBY_LOD2_60098,9,28173,8,5,1517,1004,1,,64,actual_label_source_raycast_building_id_only,48.0,556.0,False,20.0,pre-adjudication overlap audit only,7,256,results/tum_transfer/e5_s3/C001/semantic_regions/DJI_20241217103543_0061_D.npz
DJI_20241217103545_0062_D,1,DEBY_LOD2_4907194,2,197723,18,3,328,1,1,,64,actual_label_source_raycast_building_id_only,48.0,556.0,False,20.0,pre-adjudication overlap audit only,7,256,results/tum_transfer/e5_s3/C001/semantic_regions/DJI_20241217103545_0062_D.npz
DJI_20241217103545_0062_D,2,DEBY_LOD2_4907194,2,197723,18,3,328,111,2,,64,actual_label_source_raycast_building_id_only,48.0,556.0,False,20.0,pre-adjudication overlap audit only,7,256,results/tum_transfer/e5_s3/C001/semantic_regions/DJI_20241217103545_0062_D.npz
DJI_20241217103545_0062_D,3,DEBY_LOD2_4907195,2,197723,18,3,459,70,1,,64,actual_label_source_raycast_building_id_only,48.0,556.0,False,20.0,pre-adjudication overlap audit only,7,256,results/tum_transfer/e5_s3/C001/semantic_regions/DJI_20241217103545_0062_D.npz
DJI_20241217103545_0062_D,4,DEBY_LOD2_4907195,2,197723,18,3,459,1,2,,64,actual_label_source_raycast_building_id_only,48.0,556.0,False,20.0,pre-adjudication overlap audit only,7,256,results/tum_transfer/e5_s3/C001/semantic_regions/DJI_20241217103545_0062_D.npz
DJI_20241217103545_0062_D,5,DEBY_LOD2_4907195,2,197723,18,3,459,1,3,,64,actual_label_source_raycast_building_id_only,48.0,556.0,False,20.0,pre-adjudication overlap audit only,7,256,results/tum_transfer/e5_s3/C001/semantic_regions/DJI_20241217103545_0062_D.npz
DJI_20241217103545_0062_D,6,DEBY_LOD2_4907195,2,197723,18,3,459,1,4,,64,actual_label_source_raycast_building_id_only,48.0,556.0,False,20.0,pre-adjudication overlap audit only,7,256,results/tum_transfer/e5_s3/C001/semantic_regions/DJI_20241217103545_0062_D.npz
DJI_20241217103545_0062_D,7,DEBY_LOD2_4907195,2,197723,18,3,459,1,5,,64,actual_label_source_raycast_building_id_only,48.0,556.0,False,20.0,pre-adjudication overlap audit only,7,256,results/tum_transfer/e5_s3/C001/semantic_regions/DJI_20241217103545_0062_D.npz
DJI_20241217103545_0062_D,8,DEBY_LOD2_4907195,2,197723,18,3,459,1,6,,64,actual_label_source_raycast_building_id_only,48.0,556.0,False,20.0,pre-adjudication overlap audit only,7,256,results/tum_transfer/e5_s3/C001/semantic_regions/DJI_20241217103545_0062_D.npz
DJI_20241217103545_0062_D,9,DEBY_LOD2_4907195,2,197723,18,3,459,1,7,,64,actual_label_source_raycast_building_id_only,48.0,556.0,False,20.0,pre-adjudication overlap audit only,7,256,results/tum_transfer/e5_s3/C001/semantic_regions/DJI_20241217103545_0062_D.npz
DJI_20241217103545_0062_D,10,DEBY_LOD2_4907195,2,197723,18,3,459,1,8,,64,actual_label_source_raycast_building_id_only,48.0,556.0,False,20.0,pre-adjudication overlap audit only,7,256,results/tum_transfer/e5_s3/C001/semantic_regions/DJI_20241217103545_0062_D.npz
DJI_20241217103545_0062_D,11,DEBY_LOD2_4907195,2,197723,18,3,459,1,9,,64,actual_label_source_raycast_building_id_only,48.0,556.0,False,20.0,pre-adjudication overlap audit only,7,256,results/tum_transfer/e5_s3/C001/semantic_regions/DJI_20241217103545_0062_D.npz
DJI_20241217103545_0062_D,12,DEBY_LOD2_4907195,2,197723,18,3,459,1,10,,64,actual_label_source_raycast_building_id_only,48.0,556.0,False,20.0,pre-adjudication overlap audit only,7,256,results/tum_transfer/e5_s3/C001/semantic_regions/DJI_20241217103545_0062_D.npz
DJI_20241217103545_0062_D,13,DEBY_LOD2_4907195,2,197723,18,3,459,19,11,,64,actual_label_source_raycast_building_id_only,48.0,556.0,False,20.0,pre-adjudication overlap audit only,7,256,results/tum_transfer/e5_s3/C001/semantic_regions/DJI_20241217103545_0062_D.npz
DJI_20241217103545_0062_D,14,DEBY_LOD2_4907198,2,197723,18,3,428,428,1,,64,actual_label_source_raycast_building_id_only,48.0,556.0,False,20.0,pre-adjudication overlap audit only,7,256,results/tum_transfer/e5_s3/C001/semantic_regions/DJI_20241217103545_0062_D.npz
DJI_20241217103545_0062_D,15,DEBY_LOD2_4907184,9,28582,8,5,8955,8498,1,,64,actual_label_source_raycast_building_id_only,48.0,556.0,False,20.0,pre-adjudication overlap audit only,7,256,results/tum_transfer/e5_s3/C001/semantic_regions/DJI_20241217103545_0062_D.npz
DJI_20241217103545_0062_D,16,DEBY_LOD2_4907185,9,28582,8,5,719,4,1,,64,actual_label_source_raycast_building_id_only,48.0,556.0,False,20.0,pre-adjudication overlap audit only,7,256,results/tum_transfer/e5_s3/C001/semantic_regions/DJI_20241217103545_0062_D.npz
DJI_20241217103545_0062_D,17,DEBY_LOD2_4907185,9,28582,8,5,719,9,2,,64,actual_label_source_raycast_building_id_only,48.0,556.0,False,20.0,pre-adjudication overlap audit only,7,256,results/tum_transfer/e5_s3/C001/semantic_regions/DJI_20241217103545_0062_D.npz
DJI_20241217103545_0062_D,18,DEBY_LOD2_4907185,9,28582,8,5,719,10,3,,64,actual_label_source_raycast_building_id_only,48.0,556.0,False,20.0,pre-adjudication overlap audit only,7,256,results/tum_transfer/e5_s3/C001/semantic_regions/DJI_20241217103545_0062_D.npz
DJI_20241217103545_0062_D,19,DEBY_LOD2_4907186,9,28582,8,5,882,484,1,,64,actual_label_source_raycast_building_id_only,48.0,556.0,False,20.0,pre-adjudication overlap audit only,7,256,results/tum_transfer/e5_s3/C001/semantic_regions/DJI_20241217103545_0062_D.npz
DJI_20241217103545_0062_D,20,DEBY_LOD2_4907188,9,28582,8,5,337,2,1,,64,actual_label_source_raycast_building_id_only,48.0,556.0,False,20.0,pre-adjudication overlap audit only,7,256,results/tum_transfer/e5_s3/C001/semantic_regions/DJI_20241217103545_0062_D.npz
DJI_20241217103545_0062_D,21,DEBY_LOD2_4907188,9,28582,8,5,337,20,2,,64,actual_label_source_raycast_building_id_only,48.0,556.0,False,20.0,pre-adjudication overlap audit only,7,256,results/tum_transfer/e5_s3/C001/semantic_regions/DJI_20241217103545_0062_D.npz
DJI_20241217103545_0062_D,22,DEBY_LOD2_60098,9,28582,8,5,1277,810,1,,64,actual_label_source_raycast_building_id_only,48.0,556.0,False,20.0,pre-adjudication overlap audit only,7,256,results/tum_transfer/e5_s3/C001/semantic_regions/DJI_20241217103545_0062_D.npz
DJI_20241217103547_0063_D,1,DEBY_LOD2_4907194,3,113398,18,3,262,61,1,,64,actual_label_source_raycast_building_id_only,48.0,556.0,False,20.0,pre-adjudication overlap audit only,7,256,results/tum_transfer/e5_s3/C001/semantic_regions/DJI_20241217103547_0063_D.npz
DJI_20241217103547_0063_D,2,DEBY_LOD2_4907195,3,113398,18,3,474,33,1,,64,actual_label_source_raycast_building_id_only,48.0,556.0,False,20.0,pre-adjudication overlap audit only,7,256,results/tum_transfer/e5_s3/C001/semantic_regions/DJI_20241217103547_0063_D.npz
DJI_20241217103547_0063_D,3,DEBY_LOD2_4907195,3,113398,18,3,474,5,2,,64,actual_label_source_raycast_building_id_only,48.0,556.0,False,20.0,pre-adjudication overlap audit only,7,256,results/tum_transfer/e5_s3/C001/semantic_regions/DJI_20241217103547_0063_D.npz
DJI_20241217103547_0063_D,4,DEBY_LOD2_4907195,3,113398,18,3,474,9,3,,64,actual_label_source_raycast_building_id_only,48.0,556.0,False,20.0,pre-adjudication overlap audit only,7,256,results/tum_transfer/e5_s3/C001/semantic_regions/DJI_20241217103547_0063_D.npz
DJI_20241217103547_0063_D,5,DEBY_LOD2_4907198,3,113398,18,3,351,350,1,,64,actual_label_source_raycast_building_id_only,48.0,556.0,False,20.0,pre-adjudication overlap audit only,7,256,results/tum_transfer/e5_s3/C001/semantic_regions/DJI_20241217103547_0063_D.npz
DJI_20241217103547_0063_D,6,DEBY_LOD2_4907198,3,113398,18,3,351,1,2,,64,actual_label_source_raycast_building_id_only,48.0,556.0,False,20.0,pre-adjudication overlap audit only,7,256,results/tum_transfer/e5_s3/C001/semantic_regions/DJI_20241217103547_0063_D.npz
DJI_20241217103547_0063_D,7,DEBY_LOD2_4907184,8,30690,8,5,7620,7183,1,,64,actual_label_source_raycast_building_id_only,48.0,556.0,False,20.0,pre-adjudication overlap audit only,7,256,results/tum_transfer/e5_s3/C001/semantic_regions/DJI_20241217103547_0063_D.npz
DJI_20241217103547_0063_D,8,DEBY_LOD2_4907185,8,30690,8,5,481,2,1,,64,actual_label_source_raycast_building_id_only,48.0,556.0,False,20.0,pre-adjudication overlap audit only,7,256,results/tum_transfer/e5_s3/C001/semantic_regions/DJI_20241217103547_0063_D.npz
DJI_20241217103547_0063_D,9,DEBY_LOD2_4907186,8,30690,8,5,652,276,1,,64,actual_label_source_raycast_building_id_only,48.0,556.0,False,20.0,pre-adjudication overlap audit only,7,256,results/tum_transfer/e5_s3/C001/semantic_regions/DJI_20241217103547_0063_D.npz
DJI_20241217103547_0063_D,10,DEBY_LOD2_4907188,8,30690,8,5,228,1,1,,64,actual_label_source_raycast_building_id_only,48.0,556.0,False,20.0,pre-adjudication overlap audit only,7,256,results/tum_transfer/e5_s3/C001/semantic_regions/DJI_20241217103547_0063_D.npz
DJI_20241217103547_0063_D,11,DEBY_LOD2_60098,8,30690,8,5,959,486,1,,64,actual_label_source_raycast_building_id_only,48.0,556.0,False,20.0,pre-adjudication overlap audit only,7,256,results/tum_transfer/e5_s3/C001/semantic_regions/DJI_20241217103547_0063_D.npz
DJI_20241217103549_0064_D,1,DEBY_LOD2_4907184,2,53262,8,5,7400,6937,1,,64,actual_label_source_raycast_building_id_only,48.0,556.0,False,20.0,pre-adjudication overlap audit only,7,256,results/tum_transfer/e5_s3/C001/semantic_regions/DJI_20241217103549_0064_D.npz
DJI_20241217103549_0064_D,2,DEBY_LOD2_4907185,2,53262,8,5,360,3,1,,64,actual_label_source_raycast_building_id_only,48.0,556.0,False,20.0,pre-adjudication overlap audit only,7,256,results/tum_transfer/e5_s3/C001/semantic_regions/DJI_20241217103549_0064_D.npz
DJI_20241217103549_0064_D,3,DEBY_LOD2_4907186,2,53262,8,5,567,167,1,,64,actual_label_source_raycast_building_id_only,48.0,556.0,False,20.0,pre-adjudication overlap audit only,7,256,results/tum_transfer/e5_s3/C001/semantic_regions/DJI_20241217103549_0064_D.npz
DJI_20241217103549_0064_D,4,DEBY_LOD2_60098,2,53262,8,5,832,402,1,,64,actual_label_source_raycast_building_id_only,48.0,556.0,False,20.0,pre-adjudication overlap audit only,7,256,results/tum_transfer/e5_s3/C001/semantic_regions/DJI_20241217103549_0064_D.npz
DJI_20241217103549_0064_D,5,DEBY_LOD2_4907198,3,111083,17,1,368,331,1,,64,actual_label_source_raycast_building_id_only,48.0,556.0,False,20.0,pre-adjudication overlap audit only,7,256,results/tum_transfer/e5_s3/C001/semantic_regions/DJI_20241217103549_0064_D.npz
DJI_20241217103549_0064_D,6,DEBY_LOD2_4907198,3,111083,17,1,368,37,2,,64,actual_label_source_raycast_building_id_only,48.0,556.0,False,20.0,pre-adjudication overlap audit only,7,256,results/tum_transfer/e5_s3/C001/semantic_regions/DJI_20241217103549_0064_D.npz
DJI_20241217103549_0064_D,7,DEBY_LOD2_4907194,10,770,9,2,268,61,1,,64,actual_label_source_raycast_building_id_only,48.0,556.0,False,20.0,pre-adjudication overlap audit only,7,256,results/tum_transfer/e5_s3/C001/semantic_regions/DJI_20241217103549_0064_D.npz
DJI_20241217103549_0064_D,8,DEBY_LOD2_4907195,10,770,9,2,502,6,1,,64,actual_label_source_raycast_building_id_only,48.0,556.0,False,20.0,pre-adjudication overlap audit only,7,256,results/tum_transfer/e5_s3/C001/semantic_regions/DJI_20241217103549_0064_D.npz
DJI_20241217103549_0064_D,9,DEBY_LOD2_4907195,10,770,9,2,502,5,2,,64,actual_label_source_raycast_building_id_only,48.0,556.0,False,20.0,pre-adjudication overlap audit only,7,256,results/tum_transfer/e5_s3/C001/semantic_regions/DJI_20241217103549_0064_D.npz
DJI_20241217103551_0065_D,1,DEBY_LOD2_4907186,3,32754,8,2,503,124,1,,64,actual_label_source_raycast_building_id_only,48.0,556.0,False,20.0,pre-adjudication overlap audit only,7,256,results/tum_transfer/e5_s3/C001/semantic_regions/DJI_20241217103551_0065_D.npz
DJI_20241217103551_0065_D,2,DEBY_LOD2_4907194,12,748,9,2,262,52,1,,64,actual_label_source_raycast_building_id_only,48.0,556.0,False,20.0,pre-adjudication overlap audit only,7,256,results/tum_transfer/e5_s3/C001/semantic_regions/DJI_20241217103551_0065_D.npz
DJI_20241217103551_0065_D,3,DEBY_LOD2_4907195,12,748,9,2,486,4,1,,64,actual_label_source_raycast_building_id_only,48.0,556.0,False,20.0,pre-adjudication overlap audit only,7,256,results/tum_transfer/e5_s3/C001/semantic_regions/DJI_20241217103551_0065_D.npz
DJI_20241217103551_0065_D,4,DEBY_LOD2_4907195,12,748,9,2,486,6,2,,64,actual_label_source_raycast_building_id_only,48.0,556.0,False,20.0,pre-adjudication overlap audit only,7,256,results/tum_transfer/e5_s3/C001/semantic_regions/DJI_20241217103551_0065_D.npz
DJI_20241217103551_0065_D,5,DEBY_LOD2_4907184,14,19413,8,3,7108,6659,1,,64,actual_label_source_raycast_building_id_only,48.0,556.0,False,20.0,pre-adjudication overlap audit only,7,256,results/tum_transfer/e5_s3/C001/semantic_regions/DJI_20241217103551_0065_D.npz
DJI_20241217103551_0065_D,6,DEBY_LOD2_60098,14,19413,8,3,735,365,1,,64,actual_label_source_raycast_building_id_only,48.0,556.0,False,20.0,pre-adjudication overlap audit only,7,256,results/tum_transfer/e5_s3/C001/semantic_regions/DJI_20241217103551_0065_D.npz
DJI_20241217103551_0065_D,7,DEBY_LOD2_4907198,15,87025,17,1,380,305,1,,64,actual_label_source_raycast_building_id_only,48.0,556.0,False,20.0,pre-adjudication overlap audit only,7,256,results/tum_transfer/e5_s3/C001/semantic_regions/DJI_20241217103551_0065_D.npz
DJI_20241217103551_0065_D,8,DEBY_LOD2_4907198,15,87025,17,1,380,75,2,,64,actual_label_source_raycast_building_id_only,48.0,556.0,False,20.0,pre-adjudication overlap audit only,7,256,results/tum_transfer/e5_s3/C001/semantic_regions/DJI_20241217103551_0065_D.npz
DJI_20241217103553_0066_D,1,DEBY_LOD2_4907184,2,60006,8,5,7462,6870,1,,64,actual_label_source_raycast_building_id_only,48.0,556.0,False,20.0,pre-adjudication overlap audit only,7,256,results/tum_transfer/e5_s3/C001/semantic_regions/DJI_20241217103553_0066_D.npz
DJI_20241217103553_0066_D,2,DEBY_LOD2_4907186,2,60006,8,5,502,133,1,,64,actual_label_source_raycast_building_id_only,48.0,556.0,False,20.0,pre-adjudication overlap audit only,7,256,results/tum_transfer/e5_s3/C001/semantic_regions/DJI_20241217103553_0066_D.npz
DJI_20241217103553_0066_D,3,DEBY_LOD2_4907186,2,60006,8,5,502,3,2,,64,actual_label_source_raycast_building_id_only,48.0,556.0,False,20.0,pre-adjudication overlap audit only,7,256,results/tum_transfer/e5_s3/C001/semantic_regions/DJI_20241217103553_0066_D.npz
DJI_20241217103553_0066_D,4,DEBY_LOD2_60098,2,60006,8,5,707,261,1,,64,actual_label_source_raycast_building_id_only,48.0,556.0,False,20.0,pre-adjudication overlap audit only,7,256,results/tum_transfer/e5_s3/C001/semantic_regions/DJI_20241217103553_0066_D.npz
DJI_20241217103553_0066_D,5,DEBY_LOD2_4907194,13,900,9,2,323,37,1,,64,actual_label_source_raycast_building_id_only,48.0,556.0,False,20.0,pre-adjudication overlap audit only,7,256,results/tum_transfer/e5_s3/C001/semantic_regions/DJI_20241217103553_0066_D.npz
DJI_20241217103553_0066_D,6,DEBY_LOD2_4907195,13,900,9,2,577,4,1,,64,actual_label_source_raycast_building_id_only,48.0,556.0,False,20.0,pre-adjudication overlap audit only,7,256,results/tum_transfer/e5_s3/C001/semantic_regions/DJI_20241217103553_0066_D.npz
DJI_20241217103553_0066_D,7,DEBY_LOD2_4907195,13,900,9,2,577,1,2,,64,actual_label_source_raycast_building_id_only,48.0,556.0,False,20.0,pre-adjudication overlap audit only,7,256,results/tum_transfer/e5_s3/C001/semantic_regions/DJI_20241217103553_0066_D.npz
DJI_20241217103553_0066_D,8,DEBY_LOD2_4907198,15,91263,17,1,537,198,1,,64,actual_label_source_raycast_building_id_only,48.0,556.0,False,20.0,pre-adjudication overlap audit only,7,256,results/tum_transfer/e5_s3/C001/semantic_regions/DJI_20241217103553_0066_D.npz
DJI_20241217103553_0066_D,9,DEBY_LOD2_4907198,15,91263,17,1,537,339,2,,64,actual_label_source_raycast_building_id_only,48.0,556.0,False,20.0,pre-adjudication overlap audit only,7,256,results/tum_transfer/e5_s3/C001/semantic_regions/DJI_20241217103553_0066_D.npz
