measurement_role,gate_role,decision,row_type,building_id,view_stem,view_name,rank_by_ref_area,selected_for_primary,selected_top3_by_reference_area,ref_support_ge64,ref_support_scope,selected_low_support_count,visible_view_count_available,ref_pixels,clean_clipped_pixels,intersection_pixels,union_pixels,iou,fragment_count_ge64,boundary_offset_px,boundary_offset_defined,boundary_offset_status,jacobian_m_per_px_x,jacobian_m_per_px_y,jacobian_m_per_px,boundary_offset_m,roof_height_local_m,qa_footprint_buffer_m,qa_buffer_rationale,qa_buffer_role,view_selection_rule,official_geoid_m,official_shift_z_m,label_actual_source_shift_z_m
reference_only,self_consistency_not_a_gate,not_applicable,view_candidate,DEBY_LOD2_8568391,DJI_20241217095441_0023_D,DJI_20241217095441_0023_D.JPG,1,True,True,True,this_view,0,5,20391,35393,20373,35411,0.5753296998107933,1,20.0,True,defined,0.048200823411345496,0.05031910846015943,0.049248578264803604,0.9849715652960721,-40.781999999999925,1.0,1.0 m absorbs footprint/roof-eave and sub-pixel projection rounding while remaining far below the locked 20.0 m loss-region split buffer and avoiding adjacent-roof capture,"T0-1 audit-only implementation choice; not a loss address, training prior, or pass/fail threshold",visible iff official P_ref > 0; top 3 deterministic views by official P_ref roof pixel area; tie by view stem,45.7,558.3,556.0
reference_only,self_consistency_not_a_gate,not_applicable,view_candidate,DEBY_LOD2_8568391,DJI_20241217084901_0194_D,DJI_20241217084901_0194_D.JPG,2,True,True,True,this_view,0,5,3436,9325,3341,9420,0.3546709129511677,1,9.0,True,defined,0.07975701501353268,0.08037599154155473,0.0800659051288834,0.7205931461599506,-40.781999999999925,1.0,1.0 m absorbs footprint/roof-eave and sub-pixel projection rounding while remaining far below the locked 20.0 m loss-region split buffer and avoiding adjacent-roof capture,"T0-1 audit-only implementation choice; not a loss address, training prior, or pass/fail threshold",visible iff official P_ref > 0; top 3 deterministic views by official P_ref roof pixel area; tie by view stem,45.7,558.3,556.0
reference_only,self_consistency_not_a_gate,not_applicable,view_candidate,DEBY_LOD2_8568391,DJI_20241217084903_0195_D,DJI_20241217084903_0195_D.JPG,3,True,True,True,this_view,0,5,2038,6649,2037,6650,0.3063157894736842,1,10.815072906367325,True,defined,0.07960542352593593,0.08010079468137593,0.07985272497150593,0.8636130423389353,-40.781999999999925,1.0,1.0 m absorbs footprint/roof-eave and sub-pixel projection rounding while remaining far below the locked 20.0 m loss-region split buffer and avoiding adjacent-roof capture,"T0-1 audit-only implementation choice; not a loss address, training prior, or pass/fail threshold",visible iff official P_ref > 0; top 3 deterministic views by official P_ref roof pixel area; tie by view stem,45.7,558.3,556.0
reference_only,self_consistency_not_a_gate,not_applicable,view_candidate,DEBY_LOD2_8568391,DJI_20241217095439_0022_D,DJI_20241217095439_0022_D.JPG,4,False,False,True,this_view,0,5,1759,10373,1759,10373,0.16957485780391401,1,7.5,True,defined,0.04193655547281625,0.038139750525111385,0.03999312145376635,0.29994841090324764,-40.781999999999925,1.0,1.0 m absorbs footprint/roof-eave and sub-pixel projection rounding while remaining far below the locked 20.0 m loss-region split buffer and avoiding adjacent-roof capture,"T0-1 audit-only implementation choice; not a loss address, training prior, or pass/fail threshold",visible iff official P_ref > 0; top 3 deterministic views by official P_ref roof pixel area; tie by view stem,45.7,558.3,556.0
reference_only,self_consistency_not_a_gate,not_applicable,view_candidate,DEBY_LOD2_8568391,DJI_20241217084905_0196_D,DJI_20241217084905_0196_D.JPG,5,False,False,True,this_view,0,5,131,3762,131,3762,0.03482190324295587,1,1.0,True,defined,0.07944437441256404,0.07986754940808803,0.0796556808933933,0.0796556808933933,-40.781999999999925,1.0,1.0 m absorbs footprint/roof-eave and sub-pixel projection rounding while remaining far below the locked 20.0 m loss-region split buffer and avoiding adjacent-roof capture,"T0-1 audit-only implementation choice; not a loss address, training prior, or pass/fail threshold",visible iff official P_ref > 0; top 3 deterministic views by official P_ref roof pixel area; tie by view stem,45.7,558.3,556.0
reference_only,self_consistency_not_a_gate,not_applicable,view_candidate,DEBY_LOD2_8568392,DJI_20241217095441_0023_D,DJI_20241217095441_0023_D.JPG,1,True,True,True,this_view,1,5,1607,7449,1607,7449,0.21573365552423143,1,17.578027604763555,True,defined,0.04778344246781641,0.049216426774629535,0.048494641943796324,0.8524401547711763,-40.92699999999991,1.0,1.0 m absorbs footprint/roof-eave and sub-pixel projection rounding while remaining far below the locked 20.0 m loss-region split buffer and avoiding adjacent-roof capture,"T0-1 audit-only implementation choice; not a loss address, training prior, or pass/fail threshold",visible iff official P_ref > 0; top 3 deterministic views by official P_ref roof pixel area; tie by view stem,45.7,558.3,556.0
reference_only,self_consistency_not_a_gate,not_applicable,view_candidate,DEBY_LOD2_8568392,DJI_20241217095439_0022_D,DJI_20241217095439_0022_D.JPG,2,True,True,True,this_view,1,5,955,6443,955,6443,0.14822287754151792,1,8.5,True,defined,0.04213003026807754,0.03833888200632062,0.04018977804579842,0.34161311338928657,-40.92699999999991,1.0,1.0 m absorbs footprint/roof-eave and sub-pixel projection rounding while remaining far below the locked 20.0 m loss-region split buffer and avoiding adjacent-roof capture,"T0-1 audit-only implementation choice; not a loss address, training prior, or pass/fail threshold",visible iff official P_ref > 0; top 3 deterministic views by official P_ref roof pixel area; tie by view stem,45.7,558.3,556.0
reference_only,self_consistency_not_a_gate,not_applicable,view_candidate,DEBY_LOD2_8568392,DJI_20241217084903_0195_D,DJI_20241217084903_0195_D.JPG,3,True,True,False,this_view,1,5,34,2988,34,2988,0.011378848728246318,1,12.82455532033676,True,defined,0.07981773025261434,0.08034121364090478,0.08007904419108283,1.0269781322282339,-40.92699999999991,1.0,1.0 m absorbs footprint/roof-eave and sub-pixel projection rounding while remaining far below the locked 20.0 m loss-region split buffer and avoiding adjacent-roof capture,"T0-1 audit-only implementation choice; not a loss address, training prior, or pass/fail threshold",visible iff official P_ref > 0; top 3 deterministic views by official P_ref roof pixel area; tie by view stem,45.7,558.3,556.0
reference_only,self_consistency_not_a_gate,not_applicable,view_candidate,DEBY_LOD2_8568392,DJI_20241217084905_0196_D,DJI_20241217084905_0196_D.JPG,4,False,False,False,this_view,1,5,33,2841,33,2841,0.011615628299894404,1,10.0,True,defined,0.07962815937419292,0.0800701822680337,0.07984886495598834,0.7984886495598833,-40.92699999999991,1.0,1.0 m absorbs footprint/roof-eave and sub-pixel projection rounding while remaining far below the locked 20.0 m loss-region split buffer and avoiding adjacent-roof capture,"T0-1 audit-only implementation choice; not a loss address, training prior, or pass/fail threshold",visible iff official P_ref > 0; top 3 deterministic views by official P_ref roof pixel area; tie by view stem,45.7,558.3,556.0
reference_only,self_consistency_not_a_gate,not_applicable,view_candidate,DEBY_LOD2_8568392,DJI_20241217084901_0194_D,DJI_20241217084901_0194_D.JPG,5,False,False,False,this_view,1,5,32,2975,32,2975,0.010756302521008404,1,12.649110640673518,True,defined,0.07997318102315633,0.08061176541658453,0.0802918383664039,1.0156203470397178,-40.92699999999991,1.0,1.0 m absorbs footprint/roof-eave and sub-pixel projection rounding while remaining far below the locked 20.0 m loss-region split buffer and avoiding adjacent-roof capture,"T0-1 audit-only implementation choice; not a loss address, training prior, or pass/fail threshold",visible iff official P_ref > 0; top 3 deterministic views by official P_ref roof pixel area; tie by view stem,45.7,558.3,556.0
reference_only,self_consistency_not_a_gate,not_applicable,view_candidate,DEBY_LOD2_4907199,DJI_20241217095441_0023_D,DJI_20241217095441_0023_D.JPG,1,True,True,True,this_view,0,8,44585,35597,32976,47206,0.698555268398085,1,28.0,True,defined,0.04204950121941036,0.045992624881260595,0.04397689093181157,1.231352946090724,-34.33299999999997,1.0,1.0 m absorbs footprint/roof-eave and sub-pixel projection rounding while remaining far below the locked 20.0 m loss-region split buffer and avoiding adjacent-roof capture,"T0-1 audit-only implementation choice; not a loss address, training prior, or pass/fail threshold",visible iff official P_ref > 0; top 3 deterministic views by official P_ref roof pixel area; tie by view stem,45.7,558.3,556.0
reference_only,self_consistency_not_a_gate,not_applicable,view_candidate,DEBY_LOD2_4907199,DJI_20241217095531_0048_D,DJI_20241217095531_0048_D.JPG,2,True,True,True,this_view,0,8,6351,2402,2402,6351,0.37820815619587467,1,18.0,True,defined,0.04071213584544472,0.04328111879246039,0.04197697926032169,0.7555856266857904,-34.33299999999997,1.0,1.0 m absorbs footprint/roof-eave and sub-pixel projection rounding while remaining far below the locked 20.0 m loss-region split buffer and avoiding adjacent-roof capture,"T0-1 audit-only implementation choice; not a loss address, training prior, or pass/fail threshold",visible iff official P_ref > 0; top 3 deterministic views by official P_ref roof pixel area; tie by view stem,45.7,558.3,556.0
reference_only,self_consistency_not_a_gate,not_applicable,view_candidate,DEBY_LOD2_4907199,DJI_20241217095143_0078_D,DJI_20241217095143_0078_D.JPG,3,True,True,True,this_view,0,8,2139,3398,2139,3398,0.6294879340788699,1,3.1622776601683795,True,defined,0.11256254868858856,0.4515579536525463,0.22545180004545132,0.7129411907284792,-34.33299999999997,1.0,1.0 m absorbs footprint/roof-eave and sub-pixel projection rounding while remaining far below the locked 20.0 m loss-region split buffer and avoiding adjacent-roof capture,"T0-1 audit-only implementation choice; not a loss address, training prior, or pass/fail threshold",visible iff official P_ref > 0; top 3 deterministic views by official P_ref roof pixel area; tie by view stem,45.7,558.3,556.0
reference_only,self_consistency_not_a_gate,not_applicable,view_candidate,DEBY_LOD2_4907199,DJI_20241217095145_0079_D,DJI_20241217095145_0079_D.JPG,4,False,False,True,this_view,0,8,2128,3378,2128,3378,0.6299585553582001,1,3.3839144678161843,True,defined,0.11251898313815256,0.4547402940002389,0.2262010509985562,0.7654450091092408,-34.33299999999997,1.0,1.0 m absorbs footprint/roof-eave and sub-pixel projection rounding while remaining far below the locked 20.0 m loss-region split buffer and avoiding adjacent-roof capture,"T0-1 audit-only implementation choice; not a loss address, training prior, or pass/fail threshold",visible iff official P_ref > 0; top 3 deterministic views by official P_ref roof pixel area; tie by view stem,45.7,558.3,556.0
reference_only,self_consistency_not_a_gate,not_applicable,view_candidate,DEBY_LOD2_4907199,DJI_20241217095147_0080_D,DJI_20241217095147_0080_D.JPG,5,False,False,True,this_view,0,8,2127,3374,2127,3374,0.6304090100770599,1,3.605551275463989,True,defined,0.11211491307642037,0.45471367794346607,0.2257879192456742,0.8140899202206008,-34.33299999999997,1.0,1.0 m absorbs footprint/roof-eave and sub-pixel projection rounding while remaining far below the locked 20.0 m loss-region split buffer and avoiding adjacent-roof capture,"T0-1 audit-only implementation choice; not a loss address, training prior, or pass/fail threshold",visible iff official P_ref > 0; top 3 deterministic views by official P_ref roof pixel area; tie by view stem,45.7,558.3,556.0
reference_only,self_consistency_not_a_gate,not_applicable,view_candidate,DEBY_LOD2_4907199,DJI_20241217095149_0081_D,DJI_20241217095149_0081_D.JPG,6,False,False,True,this_view,0,8,2082,3362,2082,3362,0.619274241522903,1,3.605551275463989,True,defined,0.11156195202014317,0.45272987214094307,0.2247385776271476,0.8103064652095248,-34.33299999999997,1.0,1.0 m absorbs footprint/roof-eave and sub-pixel projection rounding while remaining far below the locked 20.0 m loss-region split buffer and avoiding adjacent-roof capture,"T0-1 audit-only implementation choice; not a loss address, training prior, or pass/fail threshold",visible iff official P_ref > 0; top 3 deterministic views by official P_ref roof pixel area; tie by view stem,45.7,558.3,556.0
reference_only,self_consistency_not_a_gate,not_applicable,view_candidate,DEBY_LOD2_4907199,DJI_20241217095141_0077_D,DJI_20241217095141_0077_D.JPG,7,False,False,True,this_view,0,8,1689,3090,1687,3092,0.545601552393273,1,3.1622776601683795,True,defined,0.11429077706146261,0.4679615862544952,0.2312654174924148,0.731325463305777,-34.33299999999997,1.0,1.0 m absorbs footprint/roof-eave and sub-pixel projection rounding while remaining far below the locked 20.0 m loss-region split buffer and avoiding adjacent-roof capture,"T0-1 audit-only implementation choice; not a loss address, training prior, or pass/fail threshold",visible iff official P_ref > 0; top 3 deterministic views by official P_ref roof pixel area; tie by view stem,45.7,558.3,556.0
reference_only,self_consistency_not_a_gate,not_applicable,view_candidate,DEBY_LOD2_4907199,DJI_20241217095139_0076_D,DJI_20241217095139_0076_D.JPG,8,False,False,True,this_view,0,8,420,1320,416,1324,0.31419939577039274,1,3.0,True,defined,0.11304548555859696,0.4490211388635107,0.22529938452845308,0.6758981535853592,-34.33299999999997,1.0,1.0 m absorbs footprint/roof-eave and sub-pixel projection rounding while remaining far below the locked 20.0 m loss-region split buffer and avoiding adjacent-roof capture,"T0-1 audit-only implementation choice; not a loss address, training prior, or pass/fail threshold",visible iff official P_ref > 0; top 3 deterministic views by official P_ref roof pixel area; tie by view stem,45.7,558.3,556.0
reference_only,self_consistency_not_a_gate,not_applicable,view_candidate,DEBY_LOD2_4907184,DJI_20241217095617_0071_D,DJI_20241217095617_0071_D.JPG,1,True,True,True,this_view,0,120,423520,454393,410841,467072,0.879609567689778,1,21.0,True,defined,0.02864016177940606,0.028132128126027136,0.028385008379924723,0.5960851759784191,-26.361999999999966,1.0,1.0 m absorbs footprint/roof-eave and sub-pixel projection rounding while remaining far below the locked 20.0 m loss-region split buffer and avoiding adjacent-roof capture,"T0-1 audit-only implementation choice; not a loss address, training prior, or pass/fail threshold",visible iff official P_ref > 0; top 3 deterministic views by official P_ref roof pixel area; tie by view stem,45.7,558.3,556.0
reference_only,self_consistency_not_a_gate,not_applicable,view_candidate,DEBY_LOD2_4907184,DJI_20241217095615_0070_D,DJI_20241217095615_0070_D.JPG,2,True,True,True,this_view,0,120,422205,463564,407997,477772,0.8539575362306707,1,24.515301344262525,True,defined,0.02923270809679405,0.029295651792507853,0.029264163021615764,0.7174197750625346,-26.361999999999966,1.0,1.0 m absorbs footprint/roof-eave and sub-pixel projection rounding while remaining far below the locked 20.0 m loss-region split buffer and avoiding adjacent-roof capture,"T0-1 audit-only implementation choice; not a loss address, training prior, or pass/fail threshold",visible iff official P_ref > 0; top 3 deterministic views by official P_ref roof pixel area; tie by view stem,45.7,558.3,556.0
reference_only,self_consistency_not_a_gate,not_applicable,view_candidate,DEBY_LOD2_4907184,DJI_20241217095623_0074_D,DJI_20241217095623_0074_D.JPG,3,True,True,True,this_view,0,120,346396,378402,342428,382370,0.8955409681721892,1,14.0,True,defined,0.029464593384153727,0.029850110137127763,0.029656725336130334,0.41519415470582466,-26.361999999999966,1.0,1.0 m absorbs footprint/roof-eave and sub-pixel projection rounding while remaining far below the locked 20.0 m loss-region split buffer and avoiding adjacent-roof capture,"T0-1 audit-only implementation choice; not a loss address, training prior, or pass/fail threshold",visible iff official P_ref > 0; top 3 deterministic views by official P_ref roof pixel area; tie by view stem,45.7,558.3,556.0
reference_only,self_consistency_not_a_gate,not_applicable,view_candidate,DEBY_LOD2_4907184,DJI_20241217095619_0072_D,DJI_20241217095619_0072_D.JPG,4,False,False,True,this_view,0,120,312207,339866,302012,350061,0.862741065128649,1,22.0,True,defined,0.02803366012010519,0.026973759310789762,0.027498603613278313,0.6049692794921229,-26.361999999999966,1.0,1.0 m absorbs footprint/roof-eave and sub-pixel projection rounding while remaining far below the locked 20.0 m loss-region split buffer and avoiding adjacent-roof capture,"T0-1 audit-only implementation choice; not a loss address, training prior, or pass/fail threshold",visible iff official P_ref > 0; top 3 deterministic views by official P_ref roof pixel area; tie by view stem,45.7,558.3,556.0
reference_only,self_consistency_not_a_gate,not_applicable,view_candidate,DEBY_LOD2_4907184,DJI_20241217095621_0073_D,DJI_20241217095621_0073_D.JPG,5,False,False,True,this_view,0,120,280152,308339,274278,314213,0.8729046856750039,1,21.0,True,defined,0.02802178719468155,0.027052728846041728,0.02753299494713941,0.5781928938899276,-26.361999999999966,1.0,1.0 m absorbs footprint/roof-eave and sub-pixel projection rounding while remaining far below the locked 20.0 m loss-region split buffer and avoiding adjacent-roof capture,"T0-1 audit-only implementation choice; not a loss address, training prior, or pass/fail threshold",visible iff official P_ref > 0; top 3 deterministic views by official P_ref roof pixel area; tie by view stem,45.7,558.3,556.0
reference_only,self_consistency_not_a_gate,not_applicable,view_candidate,DEBY_LOD2_4907184,DJI_20241217095525_0045_D,DJI_20241217095525_0045_D.JPG,6,False,False,True,this_view,0,120,265444,271309,257409,279344,0.9214767455180709,1,9.0,True,defined,0.028822860532443102,0.029284465665593326,0.029052746335699747,0.2614747170212977,-26.361999999999966,1.0,1.0 m absorbs footprint/roof-eave and sub-pixel projection rounding while remaining far below the locked 20.0 m loss-region split buffer and avoiding adjacent-roof capture,"T0-1 audit-only implementation choice; not a loss address, training prior, or pass/fail threshold",visible iff official P_ref > 0; top 3 deterministic views by official P_ref roof pixel area; tie by view stem,45.7,558.3,556.0
reference_only,self_consistency_not_a_gate,not_applicable,view_candidate,DEBY_LOD2_4907184,DJI_20241217095625_0075_D,DJI_20241217095625_0075_D.JPG,7,False,False,True,this_view,0,120,232187,269906,229501,272592,0.8419212596114339,1,2.0,True,defined,0.02948332162377691,0.03012643140867654,0.02980314189139569,0.05960628378279138,-26.361999999999966,1.0,1.0 m absorbs footprint/roof-eave and sub-pixel projection rounding while remaining far below the locked 20.0 m loss-region split buffer and avoiding adjacent-roof capture,"T0-1 audit-only implementation choice; not a loss address, training prior, or pass/fail threshold",visible iff official P_ref > 0; top 3 deterministic views by official P_ref roof pixel area; tie by view stem,45.7,558.3,556.0
reference_only,self_consistency_not_a_gate,not_applicable,view_candidate,DEBY_LOD2_4907184,DJI_20241217095527_0046_D,DJI_20241217095527_0046_D.JPG,8,False,False,True,this_view,0,120,225788,226781,214650,237919,0.9021978068166057,1,12.103559819694368,True,defined,0.02887923416558525,0.029534857547152557,0.029205206165192902,0.353486959866919,-26.361999999999966,1.0,1.0 m absorbs footprint/roof-eave and sub-pixel projection rounding while remaining far below the locked 20.0 m loss-region split buffer and avoiding adjacent-roof capture,"T0-1 audit-only implementation choice; not a loss address, training prior, or pass/fail threshold",visible iff official P_ref > 0; top 3 deterministic views by official P_ref roof pixel area; tie by view stem,45.7,558.3,556.0
reference_only,self_consistency_not_a_gate,not_applicable,view_candidate,DEBY_LOD2_4907184,DJI_20241217095557_0061_D,DJI_20241217095557_0061_D.JPG,9,False,False,True,this_view,0,120,220155,237842,219346,238651,0.9191078185299874,1,1.0,True,defined,0.02800305633932493,0.027614702098135206,0.02780820128393339,0.02780820128393339,-26.361999999999966,1.0,1.0 m absorbs footprint/roof-eave and sub-pixel projection rounding while remaining far below the locked 20.0 m loss-region split buffer and avoiding adjacent-roof capture,"T0-1 audit-only implementation choice; not a loss address, training prior, or pass/fail threshold",visible iff official P_ref > 0; top 3 deterministic views by official P_ref roof pixel area; tie by view stem,45.7,558.3,556.0
reference_only,self_consistency_not_a_gate,not_applicable,view_candidate,DEBY_LOD2_4907184,DJI_20241217095529_0047_D,DJI_20241217095529_0047_D.JPG,10,False,False,True,this_view,0,120,187925,183756,173297,198384,0.8735432292926849,1,17.0,True,defined,0.028995513364492666,0.029855733024124306,0.0294224796016196,0.5001821532275332,-26.361999999999966,1.0,1.0 m absorbs footprint/roof-eave and sub-pixel projection rounding while remaining far below the locked 20.0 m loss-region split buffer and avoiding adjacent-roof capture,"T0-1 audit-only implementation choice; not a loss address, training prior, or pass/fail threshold",visible iff official P_ref > 0; top 3 deterministic views by official P_ref roof pixel area; tie by view stem,45.7,558.3,556.0
reference_only,self_consistency_not_a_gate,not_applicable,view_candidate,DEBY_LOD2_4907184,DJI_20241217095611_0068_D,DJI_20241217095611_0068_D.JPG,11,False,False,True,this_view,0,120,106501,138007,105024,139484,0.7529465745175073,1,20.8806130178211,True,defined,0.027968612915254418,0.026910735070401252,0.02743457549241494,0.5728507541653152,-26.361999999999966,1.0,1.0 m absorbs footprint/roof-eave and sub-pixel projection rounding while remaining far below the locked 20.0 m loss-region split buffer and avoiding adjacent-roof capture,"T0-1 audit-only implementation choice; not a loss address, training prior, or pass/fail threshold",visible iff official P_ref > 0; top 3 deterministic views by official P_ref roof pixel area; tie by view stem,45.7,558.3,556.0
reference_only,self_consistency_not_a_gate,not_applicable,view_candidate,DEBY_LOD2_4907184,DJI_20241217095609_0067_D,DJI_20241217095609_0067_D.JPG,12,False,False,True,this_view,0,120,105392,135758,103169,137981,0.7477043940832433,1,23.0,True,defined,0.02788868654288655,0.02676170348802586,0.0273193843256254,0.6283458394893842,-26.361999999999966,1.0,1.0 m absorbs footprint/roof-eave and sub-pixel projection rounding while remaining far below the locked 20.0 m loss-region split buffer and avoiding adjacent-roof capture,"T0-1 audit-only implementation choice; not a loss address, training prior, or pass/fail threshold",visible iff official P_ref > 0; top 3 deterministic views by official P_ref roof pixel area; tie by view stem,45.7,558.3,556.0
reference_only,self_consistency_not_a_gate,not_applicable,view_candidate,DEBY_LOD2_4907184,DJI_20241217084851_0189_D,DJI_20241217084851_0189_D.JPG,13,False,False,True,this_view,0,120,101914,86097,85389,102622,0.8320730447662295,1,12.0,True,defined,0.06372039340930309,0.06373086716458189,0.06372563007176307,0.7647075608611569,-26.361999999999966,1.0,1.0 m absorbs footprint/roof-eave and sub-pixel projection rounding while remaining far below the locked 20.0 m loss-region split buffer and avoiding adjacent-roof capture,"T0-1 audit-only implementation choice; not a loss address, training prior, or pass/fail threshold",visible iff official P_ref > 0; top 3 deterministic views by official P_ref roof pixel area; tie by view stem,45.7,558.3,556.0
reference_only,self_consistency_not_a_gate,not_applicable,view_candidate,DEBY_LOD2_4907184,DJI_20241217095627_0076_D,DJI_20241217095627_0076_D.JPG,14,False,False,True,this_view,0,120,100817,135595,97159,139253,0.6977156686031899,1,21.0,True,defined,0.028352265387010977,0.02928945840804889,0.028817052205713584,0.6051580963199853,-26.361999999999966,1.0,1.0 m absorbs footprint/roof-eave and sub-pixel projection rounding while remaining far below the locked 20.0 m loss-region split buffer and avoiding adjacent-roof capture,"T0-1 audit-only implementation choice; not a loss address, training prior, or pass/fail threshold",visible iff official P_ref > 0; top 3 deterministic views by official P_ref roof pixel area; tie by view stem,45.7,558.3,556.0
reference_only,self_consistency_not_a_gate,not_applicable,view_candidate,DEBY_LOD2_4907184,DJI_20241217084849_0188_D,DJI_20241217084849_0188_D.JPG,15,False,False,True,this_view,0,120,99003,86701,84735,100969,0.8392179777951648,1,11.0,True,defined,0.0638780637477166,0.06401263506735042,0.06394531400729477,0.7033984540802424,-26.361999999999966,1.0,1.0 m absorbs footprint/roof-eave and sub-pixel projection rounding while remaining far below the locked 20.0 m loss-region split buffer and avoiding adjacent-roof capture,"T0-1 audit-only implementation choice; not a loss address, training prior, or pass/fail threshold",visible iff official P_ref > 0; top 3 deterministic views by official P_ref roof pixel area; tie by view stem,45.7,558.3,556.0
reference_only,self_consistency_not_a_gate,not_applicable,view_candidate,DEBY_LOD2_4907184,DJI_20241217095613_0069_D,DJI_20241217095613_0069_D.JPG,16,False,False,True,this_view,0,120,97840,129763,96871,130732,0.7409891992779121,1,20.0,True,defined,0.028010822873994996,0.027003791890615466,0.027502698623485155,0.5500539724697031,-26.361999999999966,1.0,1.0 m absorbs footprint/roof-eave and sub-pixel projection rounding while remaining far below the locked 20.0 m loss-region split buffer and avoiding adjacent-roof capture,"T0-1 audit-only implementation choice; not a loss address, training prior, or pass/fail threshold",visible iff official P_ref > 0; top 3 deterministic views by official P_ref roof pixel area; tie by view stem,45.7,558.3,556.0
reference_only,self_consistency_not_a_gate,not_applicable,view_candidate,DEBY_LOD2_4907184,DJI_20241217084847_0187_D,DJI_20241217084847_0187_D.JPG,17,False,False,True,this_view,0,120,95994,87671,82782,100883,0.8205743286777752,1,11.180339887498949,True,defined,0.06396556440763827,0.06423408416394619,0.06409968367905225,0.7166562502129733,-26.361999999999966,1.0,1.0 m absorbs footprint/roof-eave and sub-pixel projection rounding while remaining far below the locked 20.0 m loss-region split buffer and avoiding adjacent-roof capture,"T0-1 audit-only implementation choice; not a loss address, training prior, or pass/fail threshold",visible iff official P_ref > 0; top 3 deterministic views by official P_ref roof pixel area; tie by view stem,45.7,558.3,556.0
reference_only,self_consistency_not_a_gate,not_applicable,view_candidate,DEBY_LOD2_4907184,DJI_20241217084845_0186_D,DJI_20241217084845_0186_D.JPG,18,False,False,True,this_view,0,120,91539,84409,78663,97285,0.8085830292439738,1,11.704699910719626,True,defined,0.06415846758260738,0.06455340695649237,0.06435563431095197,0.7532633871737043,-26.361999999999966,1.0,1.0 m absorbs footprint/roof-eave and sub-pixel projection rounding while remaining far below the locked 20.0 m loss-region split buffer and avoiding adjacent-roof capture,"T0-1 audit-only implementation choice; not a loss address, training prior, or pass/fail threshold",visible iff official P_ref > 0; top 3 deterministic views by official P_ref roof pixel area; tie by view stem,45.7,558.3,556.0
reference_only,self_consistency_not_a_gate,not_applicable,view_candidate,DEBY_LOD2_4907184,DJI_20241217095521_0043_D,DJI_20241217095521_0043_D.JPG,19,False,False,True,this_view,0,120,90397,89738,80496,99639,0.8078764339264746,1,21.37755832643195,True,defined,0.028989131486072815,0.030866323031898193,0.029913005480280554,0.6394670193735761,-26.361999999999966,1.0,1.0 m absorbs footprint/roof-eave and sub-pixel projection rounding while remaining far below the locked 20.0 m loss-region split buffer and avoiding adjacent-roof capture,"T0-1 audit-only implementation choice; not a loss address, training prior, or pass/fail threshold",visible iff official P_ref > 0; top 3 deterministic views by official P_ref roof pixel area; tie by view stem,45.7,558.3,556.0
reference_only,self_consistency_not_a_gate,not_applicable,view_candidate,DEBY_LOD2_4907184,DJI_20241217095607_0066_D,DJI_20241217095607_0066_D.JPG,20,False,False,True,this_view,0,120,89525,118090,89525,118090,0.7581082225421288,1,10.0,True,defined,0.0278268033301879,0.02717280911846725,0.027497862012678814,0.27497862012678814,-26.361999999999966,1.0,1.0 m absorbs footprint/roof-eave and sub-pixel projection rounding while remaining far below the locked 20.0 m loss-region split buffer and avoiding adjacent-roof capture,"T0-1 audit-only implementation choice; not a loss address, training prior, or pass/fail threshold",visible iff official P_ref > 0; top 3 deterministic views by official P_ref roof pixel area; tie by view stem,45.7,558.3,556.0
reference_only,self_consistency_not_a_gate,not_applicable,view_candidate,DEBY_LOD2_4907184,DJI_20241217084853_0190_D,DJI_20241217084853_0190_D.JPG,21,False,False,True,this_view,0,120,89023,80492,80182,89333,0.8975630506083978,1,8.06225774829855,True,defined,0.06359407274215535,0.06348640106103484,0.06354021409480061,0.5122775834143549,-26.361999999999966,1.0,1.0 m absorbs footprint/roof-eave and sub-pixel projection rounding while remaining far below the locked 20.0 m loss-region split buffer and avoiding adjacent-roof capture,"T0-1 audit-only implementation choice; not a loss address, training prior, or pass/fail threshold",visible iff official P_ref > 0; top 3 deterministic views by official P_ref roof pixel area; tie by view stem,45.7,558.3,556.0
reference_only,self_consistency_not_a_gate,not_applicable,view_candidate,DEBY_LOD2_4907184,DJI_20241217095605_0065_D,DJI_20241217095605_0065_D.JPG,22,False,False,True,this_view,0,120,68814,91042,68623,91233,0.7521730075740138,1,1.0,True,defined,0.027813623374537286,0.027518386890134274,0.027665611304234703,0.027665611304234703,-26.361999999999966,1.0,1.0 m absorbs footprint/roof-eave and sub-pixel projection rounding while remaining far below the locked 20.0 m loss-region split buffer and avoiding adjacent-roof capture,"T0-1 audit-only implementation choice; not a loss address, training prior, or pass/fail threshold",visible iff official P_ref > 0; top 3 deterministic views by official P_ref roof pixel area; tie by view stem,45.7,558.3,556.0
reference_only,self_consistency_not_a_gate,not_applicable,view_candidate,DEBY_LOD2_4907184,DJI_20241217095559_0062_D,DJI_20241217095559_0062_D.JPG,23,False,False,True,this_view,0,120,66134,87926,65857,88203,0.7466526081879301,1,2.0,True,defined,0.027808880805720516,0.027499418938374535,0.027653716992184448,0.055307433984368895,-26.361999999999966,1.0,1.0 m absorbs footprint/roof-eave and sub-pixel projection rounding while remaining far below the locked 20.0 m loss-region split buffer and avoiding adjacent-roof capture,"T0-1 audit-only implementation choice; not a loss address, training prior, or pass/fail threshold",visible iff official P_ref > 0; top 3 deterministic views by official P_ref roof pixel area; tie by view stem,45.7,558.3,556.0
reference_only,self_consistency_not_a_gate,not_applicable,view_candidate,DEBY_LOD2_4907184,DJI_20241217095603_0064_D,DJI_20241217095603_0064_D.JPG,24,False,False,True,this_view,0,120,65969,87633,65675,87927,0.7469264276047175,1,2.0,True,defined,0.027809059805351435,0.02753850919773251,0.027673453872438185,0.05534690774487637,-26.361999999999966,1.0,1.0 m absorbs footprint/roof-eave and sub-pixel projection rounding while remaining far below the locked 20.0 m loss-region split buffer and avoiding adjacent-roof capture,"T0-1 audit-only implementation choice; not a loss address, training prior, or pass/fail threshold",visible iff official P_ref > 0; top 3 deterministic views by official P_ref roof pixel area; tie by view stem,45.7,558.3,556.0
reference_only,self_consistency_not_a_gate,not_applicable,view_candidate,DEBY_LOD2_4907184,DJI_20241217095533_0049_D,DJI_20241217095533_0049_D.JPG,25,False,False,True,this_view,0,120,60150,41350,34595,66905,0.5170764516852253,1,23.0,True,defined,0.029454750412616346,0.030184696550961718,0.02981748988746603,0.6858022674117187,-26.361999999999966,1.0,1.0 m absorbs footprint/roof-eave and sub-pixel projection rounding while remaining far below the locked 20.0 m loss-region split buffer and avoiding adjacent-roof capture,"T0-1 audit-only implementation choice; not a loss address, training prior, or pass/fail threshold",visible iff official P_ref > 0; top 3 deterministic views by official P_ref roof pixel area; tie by view stem,45.7,558.3,556.0
reference_only,self_consistency_not_a_gate,not_applicable,view_candidate,DEBY_LOD2_4907184,DJI_20241217095523_0044_D,DJI_20241217095523_0044_D.JPG,26,False,False,True,this_view,0,120,58654,72720,56632,74742,0.7576998207165985,1,10.0,True,defined,0.028550612645208213,0.029816744407015452,0.029176811338901935,0.29176811338901937,-26.361999999999966,1.0,1.0 m absorbs footprint/roof-eave and sub-pixel projection rounding while remaining far below the locked 20.0 m loss-region split buffer and avoiding adjacent-roof capture,"T0-1 audit-only implementation choice; not a loss address, training prior, or pass/fail threshold",visible iff official P_ref > 0; top 3 deterministic views by official P_ref roof pixel area; tie by view stem,45.7,558.3,556.0
reference_only,self_consistency_not_a_gate,not_applicable,view_candidate,DEBY_LOD2_4907184,DJI_20241217084855_0191_D,DJI_20241217084855_0191_D.JPG,27,False,False,True,this_view,0,120,51047,44137,44136,51048,0.8645980253878702,1,10.5352261608226,True,defined,0.06354417240332631,0.06336892552062734,0.06345648846490237,0.6685284573493769,-26.361999999999966,1.0,1.0 m absorbs footprint/roof-eave and sub-pixel projection rounding while remaining far below the locked 20.0 m loss-region split buffer and avoiding adjacent-roof capture,"T0-1 audit-only implementation choice; not a loss address, training prior, or pass/fail threshold",visible iff official P_ref > 0; top 3 deterministic views by official P_ref roof pixel area; tie by view stem,45.7,558.3,556.0
reference_only,self_consistency_not_a_gate,not_applicable,view_candidate,DEBY_LOD2_4907184,DJI_20241217084843_0185_D,DJI_20241217084843_0185_D.JPG,28,False,False,True,this_view,0,120,49761,49774,43390,56145,0.772820375812628,1,9.0,True,defined,0.06427465801241208,0.06473304329827088,0.06450344347474037,0.5805309912726633,-26.361999999999966,1.0,1.0 m absorbs footprint/roof-eave and sub-pixel projection rounding while remaining far below the locked 20.0 m loss-region split buffer and avoiding adjacent-roof capture,"T0-1 audit-only implementation choice; not a loss address, training prior, or pass/fail threshold",visible iff official P_ref > 0; top 3 deterministic views by official P_ref roof pixel area; tie by view stem,45.7,558.3,556.0
reference_only,self_consistency_not_a_gate,not_applicable,view_candidate,DEBY_LOD2_4907184,DJI_20241217095535_0050_D,DJI_20241217095535_0050_D.JPG,29,False,False,True,this_view,0,120,47887,29391,25393,51885,0.4894092705020719,1,38.04601057340798,True,defined,0.02953906492078574,0.032051937538835576,0.030769859664883648,1.170670406152443,-26.361999999999966,1.0,1.0 m absorbs footprint/roof-eave and sub-pixel projection rounding while remaining far below the locked 20.0 m loss-region split buffer and avoiding adjacent-roof capture,"T0-1 audit-only implementation choice; not a loss address, training prior, or pass/fail threshold",visible iff official P_ref > 0; top 3 deterministic views by official P_ref roof pixel area; tie by view stem,45.7,558.3,556.0
reference_only,self_consistency_not_a_gate,not_applicable,view_candidate,DEBY_LOD2_4907184,DJI_20241217095631_0078_D,DJI_20241217095631_0078_D.JPG,30,False,False,True,this_view,0,120,46538,63601,45611,64528,0.70684044135879,1,13.0,True,defined,0.02931651671687964,0.03284861971624848,0.031032355840925462,0.403420625932031,-26.361999999999966,1.0,1.0 m absorbs footprint/roof-eave and sub-pixel projection rounding while remaining far below the locked 20.0 m loss-region split buffer and avoiding adjacent-roof capture,"T0-1 audit-only implementation choice; not a loss address, training prior, or pass/fail threshold",visible iff official P_ref > 0; top 3 deterministic views by official P_ref roof pixel area; tie by view stem,45.7,558.3,556.0
reference_only,self_consistency_not_a_gate,not_applicable,view_candidate,DEBY_LOD2_4907184,DJI_20241217095531_0048_D,DJI_20241217095531_0048_D.JPG,31,False,False,True,this_view,0,120,42149,24848,20871,46126,0.45247799505701775,1,21.528971849253395,True,defined,0.028133227993164964,0.027589784036767137,0.027860180986284944,0.5998010521688333,-26.361999999999966,1.0,1.0 m absorbs footprint/roof-eave and sub-pixel projection rounding while remaining far below the locked 20.0 m loss-region split buffer and avoiding adjacent-roof capture,"T0-1 audit-only implementation choice; not a loss address, training prior, or pass/fail threshold",visible iff official P_ref > 0; top 3 deterministic views by official P_ref roof pixel area; tie by view stem,45.7,558.3,556.0
reference_only,self_consistency_not_a_gate,not_applicable,view_candidate,DEBY_LOD2_4907184,DJI_20241217102733_0022_D,DJI_20241217102733_0022_D.JPG,32,False,False,True,this_view,0,120,41242,4461,4372,41331,0.10578016500931504,1,42.0,True,defined,0.07868711550068178,0.3284789780080711,0.16077021889039958,6.752349193396783,-26.361999999999966,1.0,1.0 m absorbs footprint/roof-eave and sub-pixel projection rounding while remaining far below the locked 20.0 m loss-region split buffer and avoiding adjacent-roof capture,"T0-1 audit-only implementation choice; not a loss address, training prior, or pass/fail threshold",visible iff official P_ref > 0; top 3 deterministic views by official P_ref roof pixel area; tie by view stem,45.7,558.3,556.0
reference_only,self_consistency_not_a_gate,not_applicable,view_candidate,DEBY_LOD2_4907184,DJI_20241217102915_0003_D,DJI_20241217102915_0003_D.JPG,33,False,False,True,this_view,0,120,39900,7389,6756,40533,0.16667900229442675,1,36.0,True,defined,0.07636669399791436,0.2798335033056542,0.14618467606868804,5.262648338472769,-26.361999999999966,1.0,1.0 m absorbs footprint/roof-eave and sub-pixel projection rounding while remaining far below the locked 20.0 m loss-region split buffer and avoiding adjacent-roof capture,"T0-1 audit-only implementation choice; not a loss address, training prior, or pass/fail threshold",visible iff official P_ref > 0; top 3 deterministic views by official P_ref roof pixel area; tie by view stem,45.7,558.3,556.0
reference_only,self_consistency_not_a_gate,not_applicable,view_candidate,DEBY_LOD2_4907184,DJI_20241217102921_0006_D,DJI_20241217102921_0006_D.JPG,34,False,False,True,this_view,0,120,39817,7306,6675,40448,0.16502670094936708,1,35.0,True,defined,0.07748283413568313,0.27998627843051616,0.14728927446321025,5.155124606212358,-26.361999999999966,1.0,1.0 m absorbs footprint/roof-eave and sub-pixel projection rounding while remaining far below the locked 20.0 m loss-region split buffer and avoiding adjacent-roof capture,"T0-1 audit-only implementation choice; not a loss address, training prior, or pass/fail threshold",visible iff official P_ref > 0; top 3 deterministic views by official P_ref roof pixel area; tie by view stem,45.7,558.3,556.0
reference_only,self_consistency_not_a_gate,not_applicable,view_candidate,DEBY_LOD2_4907184,DJI_20241217102913_0002_D,DJI_20241217102913_0002_D.JPG,35,False,False,True,this_view,0,120,39803,7324,6692,40435,0.16550018548287374,1,35.90264614203248,True,defined,0.07655068496430278,0.28064790185405947,0.14657349392275082,5.262376286109871,-26.361999999999966,1.0,1.0 m absorbs footprint/roof-eave and sub-pixel projection rounding while remaining far below the locked 20.0 m loss-region split buffer and avoiding adjacent-roof capture,"T0-1 audit-only implementation choice; not a loss address, training prior, or pass/fail threshold",visible iff official P_ref > 0; top 3 deterministic views by official P_ref roof pixel area; tie by view stem,45.7,558.3,556.0
reference_only,self_consistency_not_a_gate,not_applicable,view_candidate,DEBY_LOD2_4907184,DJI_20241217095639_0082_D,DJI_20241217095639_0082_D.JPG,36,False,False,True,this_view,0,120,37514,69027,33189,73352,0.45246210055622205,1,22.0,True,defined,0.028993367517395428,0.03151158035696171,0.030226260608009873,0.6649777333762172,-26.361999999999966,1.0,1.0 m absorbs footprint/roof-eave and sub-pixel projection rounding while remaining far below the locked 20.0 m loss-region split buffer and avoiding adjacent-roof capture,"T0-1 audit-only implementation choice; not a loss address, training prior, or pass/fail threshold",visible iff official P_ref > 0; top 3 deterministic views by official P_ref roof pixel area; tie by view stem,45.7,558.3,556.0
reference_only,self_consistency_not_a_gate,not_applicable,view_candidate,DEBY_LOD2_4907184,DJI_20241217102729_0020_D,DJI_20241217102729_0020_D.JPG,37,False,False,True,this_view,0,120,35399,3760,3760,35399,0.1062176897652476,1,39.20406049523803,True,defined,0.08336772559998204,0.38635993443379846,0.17947130410375906,7.036003863243032,-26.361999999999966,1.0,1.0 m absorbs footprint/roof-eave and sub-pixel projection rounding while remaining far below the locked 20.0 m loss-region split buffer and avoiding adjacent-roof capture,"T0-1 audit-only implementation choice; not a loss address, training prior, or pass/fail threshold",visible iff official P_ref > 0; top 3 deterministic views by official P_ref roof pixel area; tie by view stem,45.7,558.3,556.0
reference_only,self_consistency_not_a_gate,not_applicable,view_candidate,DEBY_LOD2_4907184,DJI_20241217102919_0005_D,DJI_20241217102919_0005_D.JPG,38,False,False,True,this_view,0,120,34820,6430,5883,35367,0.16634150479260326,1,32.38826948140329,True,defined,0.0801912570280264,0.3047301565612168,0.15632240501281722,5.063012179536193,-26.361999999999966,1.0,1.0 m absorbs footprint/roof-eave and sub-pixel projection rounding while remaining far below the locked 20.0 m loss-region split buffer and avoiding adjacent-roof capture,"T0-1 audit-only implementation choice; not a loss address, training prior, or pass/fail threshold",visible iff official P_ref > 0; top 3 deterministic views by official P_ref roof pixel area; tie by view stem,45.7,558.3,556.0
reference_only,self_consistency_not_a_gate,not_applicable,view_candidate,DEBY_LOD2_4907184,DJI_20241217095641_0083_D,DJI_20241217095641_0083_D.JPG,39,False,False,True,this_view,0,120,33146,79969,25552,87563,0.2918127519614449,1,23.430749027719962,True,defined,0.02990354523154066,0.03281518342431147,0.03132555381490009,0.7339811895912597,-26.361999999999966,1.0,1.0 m absorbs footprint/roof-eave and sub-pixel projection rounding while remaining far below the locked 20.0 m loss-region split buffer and avoiding adjacent-roof capture,"T0-1 audit-only implementation choice; not a loss address, training prior, or pass/fail threshold",visible iff official P_ref > 0; top 3 deterministic views by official P_ref roof pixel area; tie by view stem,45.7,558.3,556.0
reference_only,self_consistency_not_a_gate,not_applicable,view_candidate,DEBY_LOD2_4907184,DJI_20241217102741_0026_D,DJI_20241217102741_0026_D.JPG,40,False,False,True,this_view,0,120,32482,3431,3007,32906,0.09138151097064365,2,34.0,True,defined,0.0836011208104585,0.3648547769443763,0.1746489859277737,5.9380655215443054,-26.361999999999966,1.0,1.0 m absorbs footprint/roof-eave and sub-pixel projection rounding while remaining far below the locked 20.0 m loss-region split buffer and avoiding adjacent-roof capture,"T0-1 audit-only implementation choice; not a loss address, training prior, or pass/fail threshold",visible iff official P_ref > 0; top 3 deterministic views by official P_ref roof pixel area; tie by view stem,45.7,558.3,556.0
reference_only,self_consistency_not_a_gate,not_applicable,view_candidate,DEBY_LOD2_4907184,DJI_20241217102731_0021_D,DJI_20241217102731_0021_D.JPG,41,False,False,True,this_view,0,120,32354,3534,3531,32357,0.10912630960843095,1,37.73592452822641,True,defined,0.08481332387712545,0.3913813285466176,0.18219317050176145,6.875227731612757,-26.361999999999966,1.0,1.0 m absorbs footprint/roof-eave and sub-pixel projection rounding while remaining far below the locked 20.0 m loss-region split buffer and avoiding adjacent-roof capture,"T0-1 audit-only implementation choice; not a loss address, training prior, or pass/fail threshold",visible iff official P_ref > 0; top 3 deterministic views by official P_ref roof pixel area; tie by view stem,45.7,558.3,556.0
reference_only,self_consistency_not_a_gate,not_applicable,view_candidate,DEBY_LOD2_4907184,DJI_20241217095555_0060_D,DJI_20241217095555_0060_D.JPG,42,False,False,True,this_view,0,120,25550,46781,25461,46870,0.5432259441007041,1,2.0,True,defined,0.027786986878067375,0.027592192722294292,0.027689418504394374,0.05537883700878875,-26.361999999999966,1.0,1.0 m absorbs footprint/roof-eave and sub-pixel projection rounding while remaining far below the locked 20.0 m loss-region split buffer and avoiding adjacent-roof capture,"T0-1 audit-only implementation choice; not a loss address, training prior, or pass/fail threshold",visible iff official P_ref > 0; top 3 deterministic views by official P_ref roof pixel area; tie by view stem,45.7,558.3,556.0
reference_only,self_consistency_not_a_gate,not_applicable,view_candidate,DEBY_LOD2_4907184,DJI_20241217102937_0014_D,DJI_20241217102937_0014_D.JPG,43,False,False,True,this_view,0,120,23752,4928,3777,24903,0.15166847367787015,1,31.0,True,defined,0.09049494894640983,0.4217014459581354,0.19535058439280048,6.055868116176815,-26.361999999999966,1.0,1.0 m absorbs footprint/roof-eave and sub-pixel projection rounding while remaining far below the locked 20.0 m loss-region split buffer and avoiding adjacent-roof capture,"T0-1 audit-only implementation choice; not a loss address, training prior, or pass/fail threshold",visible iff official P_ref > 0; top 3 deterministic views by official P_ref roof pixel area; tie by view stem,45.7,558.3,556.0
reference_only,self_consistency_not_a_gate,not_applicable,view_candidate,DEBY_LOD2_4907184,DJI_20241217102929_0010_D,DJI_20241217102929_0010_D.JPG,44,False,False,True,this_view,0,120,21544,7214,6539,22219,0.2942976731626086,1,16.0,True,defined,0.07123045437373238,0.22454071987703791,0.1264679307265141,2.0234868916242257,-26.361999999999966,1.0,1.0 m absorbs footprint/roof-eave and sub-pixel projection rounding while remaining far below the locked 20.0 m loss-region split buffer and avoiding adjacent-roof capture,"T0-1 audit-only implementation choice; not a loss address, training prior, or pass/fail threshold",visible iff official P_ref > 0; top 3 deterministic views by official P_ref roof pixel area; tie by view stem,45.7,558.3,556.0
reference_only,self_consistency_not_a_gate,not_applicable,view_candidate,DEBY_LOD2_4907184,DJI_20241217095537_0051_D,DJI_20241217095537_0051_D.JPG,45,False,False,True,this_view,0,120,21423,14705,11051,25077,0.4406826972923396,1,30.0,True,defined,0.02909415539702285,0.03255123646505598,0.030774189381356176,0.9232256814406853,-26.361999999999966,1.0,1.0 m absorbs footprint/roof-eave and sub-pixel projection rounding while remaining far below the locked 20.0 m loss-region split buffer and avoiding adjacent-roof capture,"T0-1 audit-only implementation choice; not a loss address, training prior, or pass/fail threshold",visible iff official P_ref > 0; top 3 deterministic views by official P_ref roof pixel area; tie by view stem,45.7,558.3,556.0
reference_only,self_consistency_not_a_gate,not_applicable,view_candidate,DEBY_LOD2_4907184,DJI_20241217102941_0016_D,DJI_20241217102941_0016_D.JPG,46,False,False,True,this_view,0,120,20952,3947,2965,21934,0.135178262058904,1,29.154759474226502,True,defined,0.09572825271567478,0.424393098460893,0.201559940911513,5.876431596914467,-26.361999999999966,1.0,1.0 m absorbs footprint/roof-eave and sub-pixel projection rounding while remaining far below the locked 20.0 m loss-region split buffer and avoiding adjacent-roof capture,"T0-1 audit-only implementation choice; not a loss address, training prior, or pass/fail threshold",visible iff official P_ref > 0; top 3 deterministic views by official P_ref roof pixel area; tie by view stem,45.7,558.3,556.0
reference_only,self_consistency_not_a_gate,not_applicable,view_candidate,DEBY_LOD2_4907184,DJI_20241217102939_0015_D,DJI_20241217102939_0015_D.JPG,47,False,False,True,this_view,0,120,20445,4564,3214,21795,0.147465014911677,1,33.0,True,defined,0.08631026722803217,0.3844345158744423,0.18215555384561374,6.0111332769052535,-26.361999999999966,1.0,1.0 m absorbs footprint/roof-eave and sub-pixel projection rounding while remaining far below the locked 20.0 m loss-region split buffer and avoiding adjacent-roof capture,"T0-1 audit-only implementation choice; not a loss address, training prior, or pass/fail threshold",visible iff official P_ref > 0; top 3 deterministic views by official P_ref roof pixel area; tie by view stem,45.7,558.3,556.0
reference_only,self_consistency_not_a_gate,not_applicable,view_candidate,DEBY_LOD2_4907184,DJI_20241217102943_0017_D,DJI_20241217102943_0017_D.JPG,48,False,False,True,this_view,0,120,20402,3651,2731,21322,0.128083669449395,1,28.861739379323623,True,defined,0.09814583166304161,0.4283703210551096,0.20504331595962322,5.917906746698954,-26.361999999999966,1.0,1.0 m absorbs footprint/roof-eave and sub-pixel projection rounding while remaining far below the locked 20.0 m loss-region split buffer and avoiding adjacent-roof capture,"T0-1 audit-only implementation choice; not a loss address, training prior, or pass/fail threshold",visible iff official P_ref > 0; top 3 deterministic views by official P_ref roof pixel area; tie by view stem,45.7,558.3,556.0
reference_only,self_consistency_not_a_gate,not_applicable,view_candidate,DEBY_LOD2_4907184,DJI_20241217102935_0013_D,DJI_20241217102935_0013_D.JPG,49,False,False,True,this_view,0,120,19837,6831,5424,21244,0.2553191489361702,1,20.0,True,defined,0.07460286734471802,0.2736700060591135,0.14288655345502677,2.8577310691005353,-26.361999999999966,1.0,1.0 m absorbs footprint/roof-eave and sub-pixel projection rounding while remaining far below the locked 20.0 m loss-region split buffer and avoiding adjacent-roof capture,"T0-1 audit-only implementation choice; not a loss address, training prior, or pass/fail threshold",visible iff official P_ref > 0; top 3 deterministic views by official P_ref roof pixel area; tie by view stem,45.7,558.3,556.0
reference_only,self_consistency_not_a_gate,not_applicable,view_candidate,DEBY_LOD2_4907184,DJI_20241217095643_0084_D,DJI_20241217095643_0084_D.JPG,50,False,False,True,this_view,0,120,19734,83690,17951,85473,0.21001953833374282,1,20.0,True,defined,0.031000598602756016,0.03468522478665404,0.03279119898779893,0.6558239797559785,-26.361999999999966,1.0,1.0 m absorbs footprint/roof-eave and sub-pixel projection rounding while remaining far below the locked 20.0 m loss-region split buffer and avoiding adjacent-roof capture,"T0-1 audit-only implementation choice; not a loss address, training prior, or pass/fail threshold",visible iff official P_ref > 0; top 3 deterministic views by official P_ref roof pixel area; tie by view stem,45.7,558.3,556.0
reference_only,self_consistency_not_a_gate,not_applicable,view_candidate,DEBY_LOD2_4907184,DJI_20241217084857_0192_D,DJI_20241217084857_0192_D.JPG,51,False,False,True,this_view,0,120,17992,13108,13108,17992,0.7285460204535349,1,13.0,True,defined,0.06339631935873483,0.06315095498506629,0.06327351823663949,0.8225557370763134,-26.361999999999966,1.0,1.0 m absorbs footprint/roof-eave and sub-pixel projection rounding while remaining far below the locked 20.0 m loss-region split buffer and avoiding adjacent-roof capture,"T0-1 audit-only implementation choice; not a loss address, training prior, or pass/fail threshold",visible iff official P_ref > 0; top 3 deterministic views by official P_ref roof pixel area; tie by view stem,45.7,558.3,556.0
reference_only,self_consistency_not_a_gate,not_applicable,view_candidate,DEBY_LOD2_4907184,DJI_20241217102721_0016_D,DJI_20241217102721_0016_D.JPG,52,False,False,True,this_view,0,120,16330,2116,2103,16343,0.12867894511411612,1,31.38470965295043,True,defined,0.08175772763468953,0.42379669113070917,0.18614149039359054,5.841996630370301,-26.361999999999966,1.0,1.0 m absorbs footprint/roof-eave and sub-pixel projection rounding while remaining far below the locked 20.0 m loss-region split buffer and avoiding adjacent-roof capture,"T0-1 audit-only implementation choice; not a loss address, training prior, or pass/fail threshold",visible iff official P_ref > 0; top 3 deterministic views by official P_ref roof pixel area; tie by view stem,45.7,558.3,556.0
reference_only,self_consistency_not_a_gate,not_applicable,view_candidate,DEBY_LOD2_4907184,DJI_20241217102527_0016_D,DJI_20241217102527_0016_D.JPG,53,False,False,True,this_view,0,120,15109,1068,1047,15130,0.06920026437541309,1,35.90264614203248,True,defined,0.12189203653933285,0.8645396267879939,0.3246236217192818,11.654847019932383,-26.361999999999966,1.0,1.0 m absorbs footprint/roof-eave and sub-pixel projection rounding while remaining far below the locked 20.0 m loss-region split buffer and avoiding adjacent-roof capture,"T0-1 audit-only implementation choice; not a loss address, training prior, or pass/fail threshold",visible iff official P_ref > 0; top 3 deterministic views by official P_ref roof pixel area; tie by view stem,45.7,558.3,556.0
reference_only,self_consistency_not_a_gate,not_applicable,view_candidate,DEBY_LOD2_4907184,DJI_20241217084841_0184_D,DJI_20241217084841_0184_D.JPG,54,False,False,True,this_view,0,120,13828,19118,11203,21743,0.5152462861610634,1,7.615773105863909,True,defined,0.06436819850617292,0.06487592074455258,0.0646215609897819,0.49214314624492533,-26.361999999999966,1.0,1.0 m absorbs footprint/roof-eave and sub-pixel projection rounding while remaining far below the locked 20.0 m loss-region split buffer and avoiding adjacent-roof capture,"T0-1 audit-only implementation choice; not a loss address, training prior, or pass/fail threshold",visible iff official P_ref > 0; top 3 deterministic views by official P_ref roof pixel area; tie by view stem,45.7,558.3,556.0
reference_only,self_consistency_not_a_gate,not_applicable,view_candidate,DEBY_LOD2_4907184,DJI_20241217102925_0008_D,DJI_20241217102925_0008_D.JPG,55,False,False,True,this_view,0,120,13472,184,111,13545,0.008194905869324474,1,185.6906028855526,True,defined,0.06654677864263436,0.1996483055647635,0.11526470230211565,21.4035720619036,-26.361999999999966,1.0,1.0 m absorbs footprint/roof-eave and sub-pixel projection rounding while remaining far below the locked 20.0 m loss-region split buffer and avoiding adjacent-roof capture,"T0-1 audit-only implementation choice; not a loss address, training prior, or pass/fail threshold",visible iff official P_ref > 0; top 3 deterministic views by official P_ref roof pixel area; tie by view stem,45.7,558.3,556.0
reference_only,self_consistency_not_a_gate,not_applicable,view_candidate,DEBY_LOD2_4907184,DJI_20241217102927_0009_D,DJI_20241217102927_0009_D.JPG,56,False,False,True,this_view,0,120,12362,126,39,12449,0.0031327817495381154,0,75.96051605933177,True,defined,0.0677339564886648,0.20277269535261036,0.11719469665519423,8.902169637345397,-26.361999999999966,1.0,1.0 m absorbs footprint/roof-eave and sub-pixel projection rounding while remaining far below the locked 20.0 m loss-region split buffer and avoiding adjacent-roof capture,"T0-1 audit-only implementation choice; not a loss address, training prior, or pass/fail threshold",visible iff official P_ref > 0; top 3 deterministic views by official P_ref roof pixel area; tie by view stem,45.7,558.3,556.0
reference_only,self_consistency_not_a_gate,not_applicable,view_candidate,DEBY_LOD2_4907184,DJI_20241217102529_0017_D,DJI_20241217102529_0017_D.JPG,57,False,False,True,this_view,0,120,11221,791,775,11237,0.0689685859215093,1,32.01562118716424,True,defined,0.13642898009393678,0.9572690056580605,0.36138516034484064,11.569970396263027,-26.361999999999966,1.0,1.0 m absorbs footprint/roof-eave and sub-pixel projection rounding while remaining far below the locked 20.0 m loss-region split buffer and avoiding adjacent-roof capture,"T0-1 audit-only implementation choice; not a loss address, training prior, or pass/fail threshold",visible iff official P_ref > 0; top 3 deterministic views by official P_ref roof pixel area; tie by view stem,45.7,558.3,556.0
reference_only,self_consistency_not_a_gate,not_applicable,view_candidate,DEBY_LOD2_4907184,DJI_20241217102531_0018_D,DJI_20241217102531_0018_D.JPG,58,False,False,True,this_view,0,120,10342,729,711,10360,0.06862934362934363,1,31.192910854210744,True,defined,0.14339909359480152,0.9792899307206515,0.37473896038690374,11.6891989849483,-26.361999999999966,1.0,1.0 m absorbs footprint/roof-eave and sub-pixel projection rounding while remaining far below the locked 20.0 m loss-region split buffer and avoiding adjacent-roof capture,"T0-1 audit-only implementation choice; not a loss address, training prior, or pass/fail threshold",visible iff official P_ref > 0; top 3 deterministic views by official P_ref roof pixel area; tie by view stem,45.7,558.3,556.0
reference_only,self_consistency_not_a_gate,not_applicable,view_candidate,DEBY_LOD2_4907184,DJI_20241217103543_0061_D,DJI_20241217103543_0061_D.JPG,59,False,False,True,this_view,0,120,9985,1085,501,10569,0.047402781720124895,2,14.142135623730951,True,defined,0.15660958712861708,0.8405519635022646,0.3628201978449354,5.1310524449519725,-26.361999999999966,1.0,1.0 m absorbs footprint/roof-eave and sub-pixel projection rounding while remaining far below the locked 20.0 m loss-region split buffer and avoiding adjacent-roof capture,"T0-1 audit-only implementation choice; not a loss address, training prior, or pass/fail threshold",visible iff official P_ref > 0; top 3 deterministic views by official P_ref roof pixel area; tie by view stem,45.7,558.3,556.0
reference_only,self_consistency_not_a_gate,not_applicable,view_candidate,DEBY_LOD2_4907184,DJI_20241217103545_0062_D,DJI_20241217103545_0062_D.JPG,60,False,False,True,this_view,0,120,8891,971,435,9427,0.046144054312082315,2,9.433981132056603,True,defined,0.16148691798589712,0.8974328480965137,0.38068840898878414,3.591407267592837,-26.361999999999966,1.0,1.0 m absorbs footprint/roof-eave and sub-pixel projection rounding while remaining far below the locked 20.0 m loss-region split buffer and avoiding adjacent-roof capture,"T0-1 audit-only implementation choice; not a loss address, training prior, or pass/fail threshold",visible iff official P_ref > 0; top 3 deterministic views by official P_ref roof pixel area; tie by view stem,45.7,558.3,556.0
reference_only,self_consistency_not_a_gate,not_applicable,view_candidate,DEBY_LOD2_4907184,DJI_20241217103547_0063_D,DJI_20241217103547_0063_D.JPG,61,False,False,True,this_view,0,120,7624,831,372,8083,0.046022516392428554,2,8.0,True,defined,0.1685508440540347,0.9585117973319329,0.4019427477589901,3.2155419820719207,-26.361999999999966,1.0,1.0 m absorbs footprint/roof-eave and sub-pixel projection rounding while remaining far below the locked 20.0 m loss-region split buffer and avoiding adjacent-roof capture,"T0-1 audit-only implementation choice; not a loss address, training prior, or pass/fail threshold",visible iff official P_ref > 0; top 3 deterministic views by official P_ref roof pixel area; tie by view stem,45.7,558.3,556.0
reference_only,self_consistency_not_a_gate,not_applicable,view_candidate,DEBY_LOD2_4907184,DJI_20241217103553_0066_D,DJI_20241217103553_0066_D.JPG,62,False,False,True,this_view,0,120,7464,741,371,7834,0.04735767168751596,2,7.0,True,defined,0.16667294938135674,0.8994320574296372,0.38718341103402076,2.7102838772381452,-26.361999999999966,1.0,1.0 m absorbs footprint/roof-eave and sub-pixel projection rounding while remaining far below the locked 20.0 m loss-region split buffer and avoiding adjacent-roof capture,"T0-1 audit-only implementation choice; not a loss address, training prior, or pass/fail threshold",visible iff official P_ref > 0; top 3 deterministic views by official P_ref roof pixel area; tie by view stem,45.7,558.3,556.0
reference_only,self_consistency_not_a_gate,not_applicable,view_candidate,DEBY_LOD2_4907184,DJI_20241217103549_0064_D,DJI_20241217103549_0064_D.JPG,63,False,False,True,this_view,0,120,7420,810,374,7856,0.04760692464358452,2,8.0,True,defined,0.16928112691172892,0.9447897610001661,0.3999188360614828,3.1993506884918625,-26.361999999999966,1.0,1.0 m absorbs footprint/roof-eave and sub-pixel projection rounding while remaining far below the locked 20.0 m loss-region split buffer and avoiding adjacent-roof capture,"T0-1 audit-only implementation choice; not a loss address, training prior, or pass/fail threshold",visible iff official P_ref > 0; top 3 deterministic views by official P_ref roof pixel area; tie by view stem,45.7,558.3,556.0
reference_only,self_consistency_not_a_gate,not_applicable,view_candidate,DEBY_LOD2_4907184,DJI_20241217103551_0065_D,DJI_20241217103551_0065_D.JPG,64,False,False,True,this_view,0,120,7217,755,356,7616,0.0467436974789916,2,7.141085181396727,True,defined,0.16927967951477263,0.9535415670072611,0.40176511902727846,2.8690389378877907,-26.361999999999966,1.0,1.0 m absorbs footprint/roof-eave and sub-pixel projection rounding while remaining far below the locked 20.0 m loss-region split buffer and avoiding adjacent-roof capture,"T0-1 audit-only implementation choice; not a loss address, training prior, or pass/fail threshold",visible iff official P_ref > 0; top 3 deterministic views by official P_ref roof pixel area; tie by view stem,45.7,558.3,556.0
reference_only,self_consistency_not_a_gate,not_applicable,view_candidate,DEBY_LOD2_4907184,DJI_20241217095127_0070_D,DJI_20241217095127_0070_D.JPG,65,False,False,True,this_view,0,120,6811,2142,1548,7405,0.20904794058068873,2,10.198039027185569,True,defined,0.17025362499865862,1.2897252381766688,0.4685940642516038,4.778740555145358,-26.361999999999966,1.0,1.0 m absorbs footprint/roof-eave and sub-pixel projection rounding while remaining far below the locked 20.0 m loss-region split buffer and avoiding adjacent-roof capture,"T0-1 audit-only implementation choice; not a loss address, training prior, or pass/fail threshold",visible iff official P_ref > 0; top 3 deterministic views by official P_ref roof pixel area; tie by view stem,45.7,558.3,556.0
reference_only,self_consistency_not_a_gate,not_applicable,view_candidate,DEBY_LOD2_4907184,DJI_20241217095519_0042_D,DJI_20241217095519_0042_D.JPG,66,False,False,True,this_view,0,120,6497,888,337,7048,0.047814982973893305,1,60.116274990906064,True,defined,0.031202964675960128,0.0360042073448285,0.03351772680189735,2.014960881492924,-26.361999999999966,1.0,1.0 m absorbs footprint/roof-eave and sub-pixel projection rounding while remaining far below the locked 20.0 m loss-region split buffer and avoiding adjacent-roof capture,"T0-1 audit-only implementation choice; not a loss address, training prior, or pass/fail threshold",visible iff official P_ref > 0; top 3 deterministic views by official P_ref roof pixel area; tie by view stem,45.7,558.3,556.0
reference_only,self_consistency_not_a_gate,not_applicable,view_candidate,DEBY_LOD2_4907184,DJI_20241217102727_0019_D,DJI_20241217102727_0019_D.JPG,67,False,False,True,this_view,0,120,6110,0,0,6110,0.0,0,,False,undefined_no_measured_boundary,0.06294092130092331,0.21948881454340788,0.1175364973215111,,-26.361999999999966,1.0,1.0 m absorbs footprint/roof-eave and sub-pixel projection rounding while remaining far below the locked 20.0 m loss-region split buffer and avoiding adjacent-roof capture,"T0-1 audit-only implementation choice; not a loss address, training prior, or pass/fail threshold",visible iff official P_ref > 0; top 3 deterministic views by official P_ref roof pixel area; tie by view stem,45.7,558.3,556.0
reference_only,self_consistency_not_a_gate,not_applicable,view_candidate,DEBY_LOD2_4907184,DJI_20241217100301_0005_D,DJI_20241217100301_0005_D.JPG,68,False,False,True,this_view,0,120,5908,1810,490,7228,0.06779192030990593,1,31.240998703626616,True,defined,0.15409418975004796,1.0322007312495305,0.3988184240243966,12.459485867928585,-26.361999999999966,1.0,1.0 m absorbs footprint/roof-eave and sub-pixel projection rounding while remaining far below the locked 20.0 m loss-region split buffer and avoiding adjacent-roof capture,"T0-1 audit-only implementation choice; not a loss address, training prior, or pass/fail threshold",visible iff official P_ref > 0; top 3 deterministic views by official P_ref roof pixel area; tie by view stem,45.7,558.3,556.0
reference_only,self_consistency_not_a_gate,not_applicable,view_candidate,DEBY_LOD2_4907184,DJI_20241217100259_0004_D,DJI_20241217100259_0004_D.JPG,69,False,False,True,this_view,0,120,5860,1852,495,7217,0.06858805597893862,1,31.51170676894948,True,defined,0.15421436178396578,1.0300001913600583,0.39854839373400314,12.558940116581729,-26.361999999999966,1.0,1.0 m absorbs footprint/roof-eave and sub-pixel projection rounding while remaining far below the locked 20.0 m loss-region split buffer and avoiding adjacent-roof capture,"T0-1 audit-only implementation choice; not a loss address, training prior, or pass/fail threshold",visible iff official P_ref > 0; top 3 deterministic views by official P_ref roof pixel area; tie by view stem,45.7,558.3,556.0
reference_only,self_consistency_not_a_gate,not_applicable,view_candidate,DEBY_LOD2_4907184,DJI_20241217100257_0003_D,DJI_20241217100257_0003_D.JPG,70,False,False,True,this_view,0,120,5714,1935,500,7149,0.06993985172751434,1,30.838270841182492,True,defined,0.15431110658859842,1.0271857043253694,0.39812832442120544,12.277589098047303,-26.361999999999966,1.0,1.0 m absorbs footprint/roof-eave and sub-pixel projection rounding while remaining far below the locked 20.0 m loss-region split buffer and avoiding adjacent-roof capture,"T0-1 audit-only implementation choice; not a loss address, training prior, or pass/fail threshold",visible iff official P_ref > 0; top 3 deterministic views by official P_ref roof pixel area; tie by view stem,45.7,558.3,556.0
reference_only,self_consistency_not_a_gate,not_applicable,view_candidate,DEBY_LOD2_4907184,DJI_20241217095125_0069_D,DJI_20241217095125_0069_D.JPG,71,False,False,True,this_view,0,120,5704,2050,1220,6534,0.1867156412610958,2,10.0,True,defined,0.18089261434243895,1.4614839372968358,0.5141708375988526,5.141708375988526,-26.361999999999966,1.0,1.0 m absorbs footprint/roof-eave and sub-pixel projection rounding while remaining far below the locked 20.0 m loss-region split buffer and avoiding adjacent-roof capture,"T0-1 audit-only implementation choice; not a loss address, training prior, or pass/fail threshold",visible iff official P_ref > 0; top 3 deterministic views by official P_ref roof pixel area; tie by view stem,45.7,558.3,556.0
reference_only,self_consistency_not_a_gate,not_applicable,view_candidate,DEBY_LOD2_4907184,DJI_20241217095139_0076_D,DJI_20241217095139_0076_D.JPG,72,False,False,True,this_view,0,120,5700,1467,1060,6107,0.1735713116096283,1,17.804493814764857,True,defined,0.1739242986804974,1.2630135304676982,0.46868832128673044,8.344758317402116,-26.361999999999966,1.0,1.0 m absorbs footprint/roof-eave and sub-pixel projection rounding while remaining far below the locked 20.0 m loss-region split buffer and avoiding adjacent-roof capture,"T0-1 audit-only implementation choice; not a loss address, training prior, or pass/fail threshold",visible iff official P_ref > 0; top 3 deterministic views by official P_ref roof pixel area; tie by view stem,45.7,558.3,556.0
reference_only,self_consistency_not_a_gate,not_applicable,view_candidate,DEBY_LOD2_4907184,DJI_20241217103459_0039_D,DJI_20241217103459_0039_D.JPG,73,False,False,True,this_view,0,120,5667,622,392,5897,0.06647447854841444,2,16.776472678623424,True,defined,0.16765552993239374,1.069691775207993,0.4234852316631822,7.104588418797888,-26.361999999999966,1.0,1.0 m absorbs footprint/roof-eave and sub-pixel projection rounding while remaining far below the locked 20.0 m loss-region split buffer and avoiding adjacent-roof capture,"T0-1 audit-only implementation choice; not a loss address, training prior, or pass/fail threshold",visible iff official P_ref > 0; top 3 deterministic views by official P_ref roof pixel area; tie by view stem,45.7,558.3,556.0
reference_only,self_consistency_not_a_gate,not_applicable,view_candidate,DEBY_LOD2_4907184,DJI_20241217103457_0038_D,DJI_20241217103457_0038_D.JPG,74,False,False,True,this_view,0,120,5217,586,391,5412,0.07224685883222469,2,13.96419413859206,True,defined,0.16251885612665407,0.9621954298357307,0.3954426641463933,5.522038132822294,-26.361999999999966,1.0,1.0 m absorbs footprint/roof-eave and sub-pixel projection rounding while remaining far below the locked 20.0 m loss-region split buffer and avoiding adjacent-roof capture,"T0-1 audit-only implementation choice; not a loss address, training prior, or pass/fail threshold",visible iff official P_ref > 0; top 3 deterministic views by official P_ref roof pixel area; tie by view stem,45.7,558.3,556.0
reference_only,self_consistency_not_a_gate,not_applicable,view_candidate,DEBY_LOD2_4907184,DJI_20241217100255_0002_D,DJI_20241217100255_0002_D.JPG,75,False,False,True,this_view,0,120,5180,1774,462,6492,0.0711645101663586,1,29.0,True,defined,0.15810300766070778,1.0908039087684411,0.4152822880214696,12.043186352622618,-26.361999999999966,1.0,1.0 m absorbs footprint/roof-eave and sub-pixel projection rounding while remaining far below the locked 20.0 m loss-region split buffer and avoiding adjacent-roof capture,"T0-1 audit-only implementation choice; not a loss address, training prior, or pass/fail threshold",visible iff official P_ref > 0; top 3 deterministic views by official P_ref roof pixel area; tie by view stem,45.7,558.3,556.0
reference_only,self_consistency_not_a_gate,not_applicable,view_candidate,DEBY_LOD2_4907184,DJI_20241217095123_0068_D,DJI_20241217095123_0068_D.JPG,76,False,False,True,this_view,0,120,5173,2090,1034,6229,0.16599775244822604,2,10.024937810560445,True,defined,0.18717686615816923,1.5726113035260498,0.5425462703575793,5.438992619686246,-26.361999999999966,1.0,1.0 m absorbs footprint/roof-eave and sub-pixel projection rounding while remaining far below the locked 20.0 m loss-region split buffer and avoiding adjacent-roof capture,"T0-1 audit-only implementation choice; not a loss address, training prior, or pass/fail threshold",visible iff official P_ref > 0; top 3 deterministic views by official P_ref roof pixel area; tie by view stem,45.7,558.3,556.0
reference_only,self_consistency_not_a_gate,not_applicable,view_candidate,DEBY_LOD2_4907184,DJI_20241217095121_0067_D,DJI_20241217095121_0067_D.JPG,77,False,False,True,this_view,0,120,5043,2329,967,6405,0.15097580015612802,1,9.0,True,defined,0.18816820087345087,1.592296227750961,0.5473751149198152,4.926376034278336,-26.361999999999966,1.0,1.0 m absorbs footprint/roof-eave and sub-pixel projection rounding while remaining far below the locked 20.0 m loss-region split buffer and avoiding adjacent-roof capture,"T0-1 audit-only implementation choice; not a loss address, training prior, or pass/fail threshold",visible iff official P_ref > 0; top 3 deterministic views by official P_ref roof pixel area; tie by view stem,45.7,558.3,556.0
reference_only,self_consistency_not_a_gate,not_applicable,view_candidate,DEBY_LOD2_4907184,DJI_20241217095057_0055_D,DJI_20241217095057_0055_D.JPG,78,False,False,True,this_view,0,120,4656,2493,462,6687,0.06908927770300584,1,10.44030650891055,True,defined,0.190340681031733,1.6702729318592235,0.563844736925826,5.886711876941659,-26.361999999999966,1.0,1.0 m absorbs footprint/roof-eave and sub-pixel projection rounding while remaining far below the locked 20.0 m loss-region split buffer and avoiding adjacent-roof capture,"T0-1 audit-only implementation choice; not a loss address, training prior, or pass/fail threshold",visible iff official P_ref > 0; top 3 deterministic views by official P_ref roof pixel area; tie by view stem,45.7,558.3,556.0
reference_only,self_consistency_not_a_gate,not_applicable,view_candidate,DEBY_LOD2_4907184,DJI_20241217095029_0041_D,DJI_20241217095029_0041_D.JPG,79,False,False,True,this_view,0,120,4512,1284,558,5238,0.10652920962199312,1,23.194827009486403,True,defined,0.19316204850253968,1.7822243236785293,0.5867351201801355,13.609219612968458,-26.361999999999966,1.0,1.0 m absorbs footprint/roof-eave and sub-pixel projection rounding while remaining far below the locked 20.0 m loss-region split buffer and avoiding adjacent-roof capture,"T0-1 audit-only implementation choice; not a loss address, training prior, or pass/fail threshold",visible iff official P_ref > 0; top 3 deterministic views by official P_ref roof pixel area; tie by view stem,45.7,558.3,556.0
reference_only,self_consistency_not_a_gate,not_applicable,view_candidate,DEBY_LOD2_4907184,DJI_20241217095023_0038_D,DJI_20241217095023_0038_D.JPG,80,False,False,True,this_view,0,120,4463,1062,546,4979,0.10966057441253264,1,6.854101966249685,True,defined,0.2007279837877501,1.8900327922035391,0.6159403150239057,4.221717724297802,-26.361999999999966,1.0,1.0 m absorbs footprint/roof-eave and sub-pixel projection rounding while remaining far below the locked 20.0 m loss-region split buffer and avoiding adjacent-roof capture,"T0-1 audit-only implementation choice; not a loss address, training prior, or pass/fail threshold",visible iff official P_ref > 0; top 3 deterministic views by official P_ref roof pixel area; tie by view stem,45.7,558.3,556.0
reference_only,self_consistency_not_a_gate,not_applicable,view_candidate,DEBY_LOD2_4907184,DJI_20241217095053_0053_D,DJI_20241217095053_0053_D.JPG,81,False,False,True,this_view,0,120,4414,2420,595,6239,0.09536784741144415,1,6.0,True,defined,0.19180152249520915,1.7139554750434987,0.5733578896311993,3.4401473377871956,-26.361999999999966,1.0,1.0 m absorbs footprint/roof-eave and sub-pixel projection rounding while remaining far below the locked 20.0 m loss-region split buffer and avoiding adjacent-roof capture,"T0-1 audit-only implementation choice; not a loss address, training prior, or pass/fail threshold",visible iff official P_ref > 0; top 3 deterministic views by official P_ref roof pixel area; tie by view stem,45.7,558.3,556.0
reference_only,self_consistency_not_a_gate,not_applicable,view_candidate,DEBY_LOD2_4907184,DJI_20241217095055_0054_D,DJI_20241217095055_0054_D.JPG,82,False,False,True,this_view,0,120,4404,2403,592,6215,0.09525341914722446,1,6.324555320336759,True,defined,0.19410687661442963,1.7427572478492872,0.5816194340607822,3.678484286100375,-26.361999999999966,1.0,1.0 m absorbs footprint/roof-eave and sub-pixel projection rounding while remaining far below the locked 20.0 m loss-region split buffer and avoiding adjacent-roof capture,"T0-1 audit-only implementation choice; not a loss address, training prior, or pass/fail threshold",visible iff official P_ref > 0; top 3 deterministic views by official P_ref roof pixel area; tie by view stem,45.7,558.3,556.0
reference_only,self_consistency_not_a_gate,not_applicable,view_candidate,DEBY_LOD2_4907184,DJI_20241217095039_0046_D,DJI_20241217095039_0046_D.JPG,83,False,False,True,this_view,0,120,4283,2410,404,6289,0.06423914771823819,1,10.44030650891055,True,defined,0.1964933427513198,1.7542643707365344,0.5871126555232498,6.129636078923142,-26.361999999999966,1.0,1.0 m absorbs footprint/roof-eave and sub-pixel projection rounding while remaining far below the locked 20.0 m loss-region split buffer and avoiding adjacent-roof capture,"T0-1 audit-only implementation choice; not a loss address, training prior, or pass/fail threshold",visible iff official P_ref > 0; top 3 deterministic views by official P_ref roof pixel area; tie by view stem,45.7,558.3,556.0
reference_only,self_consistency_not_a_gate,not_applicable,view_candidate,DEBY_LOD2_4907184,DJI_20241217095051_0052_D,DJI_20241217095051_0052_D.JPG,84,False,False,True,this_view,0,120,4275,2316,489,6102,0.08013765978367748,1,7.035533905932738,True,defined,0.19310079345055123,1.7477629162939026,0.5809426872762941,4.087241973736046,-26.361999999999966,1.0,1.0 m absorbs footprint/roof-eave and sub-pixel projection rounding while remaining far below the locked 20.0 m loss-region split buffer and avoiding adjacent-roof capture,"T0-1 audit-only implementation choice; not a loss address, training prior, or pass/fail threshold",visible iff official P_ref > 0; top 3 deterministic views by official P_ref roof pixel area; tie by view stem,45.7,558.3,556.0
reference_only,self_consistency_not_a_gate,not_applicable,view_candidate,DEBY_LOD2_4907184,DJI_20241217095141_0077_D,DJI_20241217095141_0077_D.JPG,85,False,False,True,this_view,0,120,4235,1280,888,4627,0.19191700886103308,1,14.317821063276353,True,defined,0.18910224755309515,1.4800220492251737,0.52903260385029,7.574594158567618,-26.361999999999966,1.0,1.0 m absorbs footprint/roof-eave and sub-pixel projection rounding while remaining far below the locked 20.0 m loss-region split buffer and avoiding adjacent-roof capture,"T0-1 audit-only implementation choice; not a loss address, training prior, or pass/fail threshold",visible iff official P_ref > 0; top 3 deterministic views by official P_ref roof pixel area; tie by view stem,45.7,558.3,556.0
reference_only,self_consistency_not_a_gate,not_applicable,view_candidate,DEBY_LOD2_4907184,DJI_20241217095147_0080_D,DJI_20241217095147_0080_D.JPG,86,False,False,True,this_view,0,120,4165,1310,875,4600,0.19021739130434784,1,14.317821063276353,True,defined,0.18783258461044983,1.4784144243912005,0.5269671739859796,7.545021703351673,-26.361999999999966,1.0,1.0 m absorbs footprint/roof-eave and sub-pixel projection rounding while remaining far below the locked 20.0 m loss-region split buffer and avoiding adjacent-roof capture,"T0-1 audit-only implementation choice; not a loss address, training prior, or pass/fail threshold",visible iff official P_ref > 0; top 3 deterministic views by official P_ref roof pixel area; tie by view stem,45.7,558.3,556.0
reference_only,self_consistency_not_a_gate,not_applicable,view_candidate,DEBY_LOD2_4907184,DJI_20241217095149_0081_D,DJI_20241217095149_0081_D.JPG,87,False,False,True,this_view,0,120,4146,1312,882,4576,0.19274475524475523,1,14.0,True,defined,0.18857351569482889,1.496472142858428,0.5312203056342896,7.437084278880054,-26.361999999999966,1.0,1.0 m absorbs footprint/roof-eave and sub-pixel projection rounding while remaining far below the locked 20.0 m loss-region split buffer and avoiding adjacent-roof capture,"T0-1 audit-only implementation choice; not a loss address, training prior, or pass/fail threshold",visible iff official P_ref > 0; top 3 deterministic views by official P_ref roof pixel area; tie by view stem,45.7,558.3,556.0
reference_only,self_consistency_not_a_gate,not_applicable,view_candidate,DEBY_LOD2_4907184,DJI_20241217095145_0079_D,DJI_20241217095145_0079_D.JPG,88,False,False,True,this_view,0,120,4144,1278,864,4558,0.18955682316805617,1,14.142135623730951,True,defined,0.18922204490953037,1.4907013097593218,0.5311059688818929,7.510972642500759,-26.361999999999966,1.0,1.0 m absorbs footprint/roof-eave and sub-pixel projection rounding while remaining far below the locked 20.0 m loss-region split buffer and avoiding adjacent-roof capture,"T0-1 audit-only implementation choice; not a loss address, training prior, or pass/fail threshold",visible iff official P_ref > 0; top 3 deterministic views by official P_ref roof pixel area; tie by view stem,45.7,558.3,556.0
reference_only,self_consistency_not_a_gate,not_applicable,view_candidate,DEBY_LOD2_4907184,DJI_20241217095143_0078_D,DJI_20241217095143_0078_D.JPG,89,False,False,True,this_view,0,120,4127,1275,849,4553,0.18647045903799692,1,14.212670403551895,True,defined,0.18913936033454418,1.4794251554263524,0.5289778138638462,7.518187319238271,-26.361999999999966,1.0,1.0 m absorbs footprint/roof-eave and sub-pixel projection rounding while remaining far below the locked 20.0 m loss-region split buffer and avoiding adjacent-roof capture,"T0-1 audit-only implementation choice; not a loss address, training prior, or pass/fail threshold",visible iff official P_ref > 0; top 3 deterministic views by official P_ref roof pixel area; tie by view stem,45.7,558.3,556.0
reference_only,self_consistency_not_a_gate,not_applicable,view_candidate,DEBY_LOD2_4907184,DJI_20241217102719_0015_D,DJI_20241217102719_0015_D.JPG,90,False,False,True,this_view,0,120,3841,63,40,3864,0.010351966873706004,0,32.64965543462902,True,defined,0.07575087453381421,0.3564318381466429,0.16431683861157725,5.364888162775543,-26.361999999999966,1.0,1.0 m absorbs footprint/roof-eave and sub-pixel projection rounding while remaining far below the locked 20.0 m loss-region split buffer and avoiding adjacent-roof capture,"T0-1 audit-only implementation choice; not a loss address, training prior, or pass/fail threshold",visible iff official P_ref > 0; top 3 deterministic views by official P_ref roof pixel area; tie by view stem,45.7,558.3,556.0
reference_only,self_consistency_not_a_gate,not_applicable,view_candidate,DEBY_LOD2_4907184,DJI_20241217095645_0085_D,DJI_20241217095645_0085_D.JPG,91,False,False,True,this_view,0,120,3654,37965,3617,38002,0.09517920109467923,1,21.736818660312746,True,defined,0.03146073257189718,0.03639232993942726,0.033836804812106124,0.7355044902451485,-26.361999999999966,1.0,1.0 m absorbs footprint/roof-eave and sub-pixel projection rounding while remaining far below the locked 20.0 m loss-region split buffer and avoiding adjacent-roof capture,"T0-1 audit-only implementation choice; not a loss address, training prior, or pass/fail threshold",visible iff official P_ref > 0; top 3 deterministic views by official P_ref roof pixel area; tie by view stem,45.7,558.3,556.0
reference_only,self_consistency_not_a_gate,not_applicable,view_candidate,DEBY_LOD2_4907184,DJI_20241217101453_0037_D,DJI_20241217101453_0037_D.JPG,92,False,False,True,this_view,0,120,2867,803,375,3295,0.11380880121396054,1,2.0,True,defined,0.24394916646397333,1.5241552922899373,0.6097675074286788,1.2195350148573576,-26.361999999999966,1.0,1.0 m absorbs footprint/roof-eave and sub-pixel projection rounding while remaining far below the locked 20.0 m loss-region split buffer and avoiding adjacent-roof capture,"T0-1 audit-only implementation choice; not a loss address, training prior, or pass/fail threshold",visible iff official P_ref > 0; top 3 deterministic views by official P_ref roof pixel area; tie by view stem,45.7,558.3,556.0
reference_only,self_consistency_not_a_gate,not_applicable,view_candidate,DEBY_LOD2_4907184,DJI_20241217095755_0002_D,DJI_20241217095755_0002_D.JPG,93,False,False,True,this_view,0,120,2365,14306,2319,14352,0.16158026755852842,1,18.027756377319946,True,defined,0.04299973958629151,0.0452936813084595,0.044131808269866284,0.7955974879797431,-26.361999999999966,1.0,1.0 m absorbs footprint/roof-eave and sub-pixel projection rounding while remaining far below the locked 20.0 m loss-region split buffer and avoiding adjacent-roof capture,"T0-1 audit-only implementation choice; not a loss address, training prior, or pass/fail threshold",visible iff official P_ref > 0; top 3 deterministic views by official P_ref roof pixel area; tie by view stem,45.7,558.3,556.0
reference_only,self_consistency_not_a_gate,not_applicable,view_candidate,DEBY_LOD2_4907184,DJI_20241217101556_0015_D,DJI_20241217101556_0015_D.JPG,94,False,False,True,this_view,0,120,2343,840,420,2763,0.15200868621064062,1,5.0,True,defined,0.2816438121775367,2.772942636913961,0.8837319362850247,4.418659681425123,-26.361999999999966,1.0,1.0 m absorbs footprint/roof-eave and sub-pixel projection rounding while remaining far below the locked 20.0 m loss-region split buffer and avoiding adjacent-roof capture,"T0-1 audit-only implementation choice; not a loss address, training prior, or pass/fail threshold",visible iff official P_ref > 0; top 3 deterministic views by official P_ref roof pixel area; tie by view stem,45.7,558.3,556.0
reference_only,self_consistency_not_a_gate,not_applicable,view_candidate,DEBY_LOD2_4907184,DJI_20241217101530_0002_D,DJI_20241217101530_0002_D.JPG,95,False,False,True,this_view,0,120,2192,858,508,2542,0.1998426435877262,1,3.0,True,defined,0.28115143609645166,1.956708344454771,0.7417084070343071,2.225125221102921,-26.361999999999966,1.0,1.0 m absorbs footprint/roof-eave and sub-pixel projection rounding while remaining far below the locked 20.0 m loss-region split buffer and avoiding adjacent-roof capture,"T0-1 audit-only implementation choice; not a loss address, training prior, or pass/fail threshold",visible iff official P_ref > 0; top 3 deterministic views by official P_ref roof pixel area; tie by view stem,45.7,558.3,556.0
reference_only,self_consistency_not_a_gate,not_applicable,view_candidate,DEBY_LOD2_4907184,DJI_20241217101544_0009_D,DJI_20241217101544_0009_D.JPG,96,False,False,True,this_view,0,120,2145,807,395,2557,0.154477903793508,1,6.0,True,defined,0.2875566052380953,2.849124059775166,0.9051433270654581,5.4308599623927485,-26.361999999999966,1.0,1.0 m absorbs footprint/roof-eave and sub-pixel projection rounding while remaining far below the locked 20.0 m loss-region split buffer and avoiding adjacent-roof capture,"T0-1 audit-only implementation choice; not a loss address, training prior, or pass/fail threshold",visible iff official P_ref > 0; top 3 deterministic views by official P_ref roof pixel area; tie by view stem,45.7,558.3,556.0
reference_only,self_consistency_not_a_gate,not_applicable,view_candidate,DEBY_LOD2_4907184,DJI_20241217101600_0017_D,DJI_20241217101600_0017_D.JPG,97,False,False,True,this_view,0,120,2007,714,368,2353,0.15639609009774755,1,4.0,True,defined,0.2973293950169361,3.1585057407050634,0.9690802861689821,3.8763211446759285,-26.361999999999966,1.0,1.0 m absorbs footprint/roof-eave and sub-pixel projection rounding while remaining far below the locked 20.0 m loss-region split buffer and avoiding adjacent-roof capture,"T0-1 audit-only implementation choice; not a loss address, training prior, or pass/fail threshold",visible iff official P_ref > 0; top 3 deterministic views by official P_ref roof pixel area; tie by view stem,45.7,558.3,556.0
reference_only,self_consistency_not_a_gate,not_applicable,view_candidate,DEBY_LOD2_4907184,DJI_20241217101546_0010_D,DJI_20241217101546_0010_D.JPG,98,False,False,True,this_view,0,120,1999,787,382,2404,0.1589018302828619,1,5.0,True,defined,0.2941911397063254,2.9808490336824534,0.9364504122010624,4.682252061005312,-26.361999999999966,1.0,1.0 m absorbs footprint/roof-eave and sub-pixel projection rounding while remaining far below the locked 20.0 m loss-region split buffer and avoiding adjacent-roof capture,"T0-1 audit-only implementation choice; not a loss address, training prior, or pass/fail threshold",visible iff official P_ref > 0; top 3 deterministic views by official P_ref roof pixel area; tie by view stem,45.7,558.3,556.0
reference_only,self_consistency_not_a_gate,not_applicable,view_candidate,DEBY_LOD2_4907184,DJI_20241217101558_0016_D,DJI_20241217101558_0016_D.JPG,99,False,False,True,this_view,0,120,1922,709,346,2285,0.1514223194748359,1,5.0,True,defined,0.29975195100162677,3.17273417548458,0.9752093411729814,4.876046705864907,-26.361999999999966,1.0,1.0 m absorbs footprint/roof-eave and sub-pixel projection rounding while remaining far below the locked 20.0 m loss-region split buffer and avoiding adjacent-roof capture,"T0-1 audit-only implementation choice; not a loss address, training prior, or pass/fail threshold",visible iff official P_ref > 0; top 3 deterministic views by official P_ref roof pixel area; tie by view stem,45.7,558.3,556.0
reference_only,self_consistency_not_a_gate,not_applicable,view_candidate,DEBY_LOD2_4907184,DJI_20241217094552_0032_D,DJI_20241217094552_0032_D.JPG,100,False,False,True,this_view,0,120,1680,0,0,1680,0.0,0,,False,undefined_no_measured_boundary,0.30220761445406835,5.134203604365978,1.2456305324601358,,-26.361999999999966,1.0,1.0 m absorbs footprint/roof-eave and sub-pixel projection rounding while remaining far below the locked 20.0 m loss-region split buffer and avoiding adjacent-roof capture,"T0-1 audit-only implementation choice; not a loss address, training prior, or pass/fail threshold",visible iff official P_ref > 0; top 3 deterministic views by official P_ref roof pixel area; tie by view stem,45.7,558.3,556.0
reference_only,self_consistency_not_a_gate,not_applicable,view_candidate,DEBY_LOD2_4907184,DJI_20241217094550_0031_D,DJI_20241217094550_0031_D.JPG,101,False,False,True,this_view,0,120,1523,0,0,1523,0.0,0,,False,undefined_no_measured_boundary,0.30145555437295696,5.168188827155198,1.2481903813097555,,-26.361999999999966,1.0,1.0 m absorbs footprint/roof-eave and sub-pixel projection rounding while remaining far below the locked 20.0 m loss-region split buffer and avoiding adjacent-roof capture,"T0-1 audit-only implementation choice; not a loss address, training prior, or pass/fail threshold",visible iff official P_ref > 0; top 3 deterministic views by official P_ref roof pixel area; tie by view stem,45.7,558.3,556.0
reference_only,self_consistency_not_a_gate,not_applicable,view_candidate,DEBY_LOD2_4907184,DJI_20241217094548_0030_D,DJI_20241217094548_0030_D.JPG,102,False,False,True,this_view,0,120,1503,0,0,1503,0.0,0,,False,undefined_no_measured_boundary,0.30217475049228665,5.262823101326515,1.2610679036151788,,-26.361999999999966,1.0,1.0 m absorbs footprint/roof-eave and sub-pixel projection rounding while remaining far below the locked 20.0 m loss-region split buffer and avoiding adjacent-roof capture,"T0-1 audit-only implementation choice; not a loss address, training prior, or pass/fail threshold",visible iff official P_ref > 0; top 3 deterministic views by official P_ref roof pixel area; tie by view stem,45.7,558.3,556.0
reference_only,self_consistency_not_a_gate,not_applicable,view_candidate,DEBY_LOD2_4907184,DJI_20241217095103_0058_D,DJI_20241217095103_0058_D.JPG,103,False,False,True,this_view,0,120,1455,1818,773,2500,0.3092,1,7.280109889280518,True,defined,0.15227977605501256,1.1377219516180166,0.4162355631193272,3.030240639335259,-26.361999999999966,1.0,1.0 m absorbs footprint/roof-eave and sub-pixel projection rounding while remaining far below the locked 20.0 m loss-region split buffer and avoiding adjacent-roof capture,"T0-1 audit-only implementation choice; not a loss address, training prior, or pass/fail threshold",visible iff official P_ref > 0; top 3 deterministic views by official P_ref roof pixel area; tie by view stem,45.7,558.3,556.0
reference_only,self_consistency_not_a_gate,not_applicable,view_candidate,DEBY_LOD2_4907184,DJI_20241217095757_0003_D,DJI_20241217095757_0003_D.JPG,104,False,False,True,this_view,0,120,1198,11532,1198,11532,0.1038848421782865,1,18.013878188659973,True,defined,0.04188211828359649,0.04466328201004298,0.04325035098213941,0.7791065542090496,-26.361999999999966,1.0,1.0 m absorbs footprint/roof-eave and sub-pixel projection rounding while remaining far below the locked 20.0 m loss-region split buffer and avoiding adjacent-roof capture,"T0-1 audit-only implementation choice; not a loss address, training prior, or pass/fail threshold",visible iff official P_ref > 0; top 3 deterministic views by official P_ref roof pixel area; tie by view stem,45.7,558.3,556.0
reference_only,self_consistency_not_a_gate,not_applicable,view_candidate,DEBY_LOD2_4907184,DJI_20241217103501_0040_D,DJI_20241217103501_0040_D.JPG,105,False,False,True,this_view,0,120,951,169,102,1018,0.10019646365422397,1,6.203658925317489,True,defined,0.1393960315902791,0.6924290349640412,0.31067967367028365,1.9273507304793802,-26.361999999999966,1.0,1.0 m absorbs footprint/roof-eave and sub-pixel projection rounding while remaining far below the locked 20.0 m loss-region split buffer and avoiding adjacent-roof capture,"T0-1 audit-only implementation choice; not a loss address, training prior, or pass/fail threshold",visible iff official P_ref > 0; top 3 deterministic views by official P_ref roof pixel area; tie by view stem,45.7,558.3,556.0
reference_only,self_consistency_not_a_gate,not_applicable,view_candidate,DEBY_LOD2_4907184,DJI_20241217100319_0014_D,DJI_20241217100319_0014_D.JPG,106,False,False,True,this_view,0,120,628,105,14,719,0.019471488178025034,1,4.123105625617661,True,defined,0.15275488212537072,1.1213422896524572,0.4138725761367313,1.7064403469582303,-26.361999999999966,1.0,1.0 m absorbs footprint/roof-eave and sub-pixel projection rounding while remaining far below the locked 20.0 m loss-region split buffer and avoiding adjacent-roof capture,"T0-1 audit-only implementation choice; not a loss address, training prior, or pass/fail threshold",visible iff official P_ref > 0; top 3 deterministic views by official P_ref roof pixel area; tie by view stem,45.7,558.3,556.0
reference_only,self_consistency_not_a_gate,not_applicable,view_candidate,DEBY_LOD2_4907184,DJI_20241217094652_0041_D,DJI_20241217094652_0041_D.JPG,107,False,False,True,this_view,0,120,556,20,0,576,0.0,0,18.110770276274835,True,defined,0.3014332867867759,5.750602111238383,1.3165951904034734,23.844553040245632,-26.361999999999966,1.0,1.0 m absorbs footprint/roof-eave and sub-pixel projection rounding while remaining far below the locked 20.0 m loss-region split buffer and avoiding adjacent-roof capture,"T0-1 audit-only implementation choice; not a loss address, training prior, or pass/fail threshold",visible iff official P_ref > 0; top 3 deterministic views by official P_ref roof pixel area; tie by view stem,45.7,558.3,556.0
reference_only,self_consistency_not_a_gate,not_applicable,view_candidate,DEBY_LOD2_4907184,DJI_20241217094653_0042_D,DJI_20241217094653_0042_D.JPG,108,False,False,True,this_view,0,120,502,0,0,502,0.0,0,,False,undefined_no_measured_boundary,0.2945103099384625,5.5289456913427095,1.2760609347481289,,-26.361999999999966,1.0,1.0 m absorbs footprint/roof-eave and sub-pixel projection rounding while remaining far below the locked 20.0 m loss-region split buffer and avoiding adjacent-roof capture,"T0-1 audit-only implementation choice; not a loss address, training prior, or pass/fail threshold",visible iff official P_ref > 0; top 3 deterministic views by official P_ref roof pixel area; tie by view stem,45.7,558.3,556.0
reference_only,self_consistency_not_a_gate,not_applicable,view_candidate,DEBY_LOD2_4907184,DJI_20241217095633_0079_D,DJI_20241217095633_0079_D.JPG,109,False,False,True,this_view,0,120,449,12316,449,12316,0.03645664176680741,1,1.0,True,defined,0.0280763548572061,0.030853239888198176,0.02943206604361233,0.02943206604361233,-26.361999999999966,1.0,1.0 m absorbs footprint/roof-eave and sub-pixel projection rounding while remaining far below the locked 20.0 m loss-region split buffer and avoiding adjacent-roof capture,"T0-1 audit-only implementation choice; not a loss address, training prior, or pass/fail threshold",visible iff official P_ref > 0; top 3 deterministic views by official P_ref roof pixel area; tie by view stem,45.7,558.3,556.0
reference_only,self_consistency_not_a_gate,not_applicable,view_candidate,DEBY_LOD2_4907184,DJI_20241217095637_0081_D,DJI_20241217095637_0081_D.JPG,110,False,False,True,this_view,0,120,374,10788,374,10788,0.034668149796069705,1,1.0,True,defined,0.0281309898078818,0.028888703640105172,0.028507329367422625,0.028507329367422625,-26.361999999999966,1.0,1.0 m absorbs footprint/roof-eave and sub-pixel projection rounding while remaining far below the locked 20.0 m loss-region split buffer and avoiding adjacent-roof capture,"T0-1 audit-only implementation choice; not a loss address, training prior, or pass/fail threshold",visible iff official P_ref > 0; top 3 deterministic views by official P_ref roof pixel area; tie by view stem,45.7,558.3,556.0
reference_only,self_consistency_not_a_gate,not_applicable,view_candidate,DEBY_LOD2_4907184,DJI_20241217095635_0080_D,DJI_20241217095635_0080_D.JPG,111,False,False,True,this_view,0,120,255,11193,255,11193,0.02278209595282766,1,0.0,True,defined,0.02812208822942961,0.028647211610865368,0.028383435529334644,0.0,-26.361999999999966,1.0,1.0 m absorbs footprint/roof-eave and sub-pixel projection rounding while remaining far below the locked 20.0 m loss-region split buffer and avoiding adjacent-roof capture,"T0-1 audit-only implementation choice; not a loss address, training prior, or pass/fail threshold",visible iff official P_ref > 0; top 3 deterministic views by official P_ref roof pixel area; tie by view stem,45.7,558.3,556.0
reference_only,self_consistency_not_a_gate,not_applicable,view_candidate,DEBY_LOD2_4907184,DJI_20241217101311_0008_D,DJI_20241217101311_0008_D.JPG,112,False,False,True,this_view,0,120,166,0,0,166,0.0,0,,False,undefined_no_measured_boundary,0.36730475537334145,6.465955005308459,1.541095721063379,,-26.361999999999966,1.0,1.0 m absorbs footprint/roof-eave and sub-pixel projection rounding while remaining far below the locked 20.0 m loss-region split buffer and avoiding adjacent-roof capture,"T0-1 audit-only implementation choice; not a loss address, training prior, or pass/fail threshold",visible iff official P_ref > 0; top 3 deterministic views by official P_ref roof pixel area; tie by view stem,45.7,558.3,556.0
reference_only,self_consistency_not_a_gate,not_applicable,view_candidate,DEBY_LOD2_4907184,DJI_20241217101309_0007_D,DJI_20241217101309_0007_D.JPG,113,False,False,True,this_view,0,120,151,0,0,151,0.0,0,,False,undefined_no_measured_boundary,0.34067296229500044,5.549765535035945,1.3750109326341349,,-26.361999999999966,1.0,1.0 m absorbs footprint/roof-eave and sub-pixel projection rounding while remaining far below the locked 20.0 m loss-region split buffer and avoiding adjacent-roof capture,"T0-1 audit-only implementation choice; not a loss address, training prior, or pass/fail threshold",visible iff official P_ref > 0; top 3 deterministic views by official P_ref roof pixel area; tie by view stem,45.7,558.3,556.0
reference_only,self_consistency_not_a_gate,not_applicable,view_candidate,DEBY_LOD2_4907184,DJI_20241217101315_0010_D,DJI_20241217101315_0010_D.JPG,114,False,False,True,this_view,0,120,122,0,0,122,0.0,0,,False,undefined_no_measured_boundary,0.36190200779002485,6.358251649596891,1.5169258511948935,,-26.361999999999966,1.0,1.0 m absorbs footprint/roof-eave and sub-pixel projection rounding while remaining far below the locked 20.0 m loss-region split buffer and avoiding adjacent-roof capture,"T0-1 audit-only implementation choice; not a loss address, training prior, or pass/fail threshold",visible iff official P_ref > 0; top 3 deterministic views by official P_ref roof pixel area; tie by view stem,45.7,558.3,556.0
reference_only,self_consistency_not_a_gate,not_applicable,view_candidate,DEBY_LOD2_4907184,DJI_20241217101317_0011_D,DJI_20241217101317_0011_D.JPG,115,False,False,True,this_view,0,120,107,0,0,107,0.0,0,,False,undefined_no_measured_boundary,0.3611727021172385,6.224337209184138,1.4993534235562695,,-26.361999999999966,1.0,1.0 m absorbs footprint/roof-eave and sub-pixel projection rounding while remaining far below the locked 20.0 m loss-region split buffer and avoiding adjacent-roof capture,"T0-1 audit-only implementation choice; not a loss address, training prior, or pass/fail threshold",visible iff official P_ref > 0; top 3 deterministic views by official P_ref roof pixel area; tie by view stem,45.7,558.3,556.0
reference_only,self_consistency_not_a_gate,not_applicable,view_candidate,DEBY_LOD2_4907184,DJI_20241217101307_0006_D,DJI_20241217101307_0006_D.JPG,116,False,False,True,this_view,0,120,89,0,0,89,0.0,0,,False,undefined_no_measured_boundary,0.342768690471825,5.619575384579838,1.3878812973666492,,-26.361999999999966,1.0,1.0 m absorbs footprint/roof-eave and sub-pixel projection rounding while remaining far below the locked 20.0 m loss-region split buffer and avoiding adjacent-roof capture,"T0-1 audit-only implementation choice; not a loss address, training prior, or pass/fail threshold",visible iff official P_ref > 0; top 3 deterministic views by official P_ref roof pixel area; tie by view stem,45.7,558.3,556.0
reference_only,self_consistency_not_a_gate,not_applicable,view_candidate,DEBY_LOD2_4907184,DJI_20241217095759_0004_D,DJI_20241217095759_0004_D.JPG,117,False,False,True,this_view,0,120,67,3463,67,3463,0.019347386658966213,1,6.5,True,defined,0.03938991360527752,0.043517415961878136,0.04140226147281456,0.26911469957329465,-26.361999999999966,1.0,1.0 m absorbs footprint/roof-eave and sub-pixel projection rounding while remaining far below the locked 20.0 m loss-region split buffer and avoiding adjacent-roof capture,"T0-1 audit-only implementation choice; not a loss address, training prior, or pass/fail threshold",visible iff official P_ref > 0; top 3 deterministic views by official P_ref roof pixel area; tie by view stem,45.7,558.3,556.0
reference_only,self_consistency_not_a_gate,not_applicable,view_candidate,DEBY_LOD2_4907184,DJI_20241217101313_0009_D,DJI_20241217101313_0009_D.JPG,118,False,False,False,this_view,0,120,7,0,0,7,0.0,0,,False,undefined_no_measured_boundary,0.37454333039197263,6.878368651951781,1.6050691893391271,,-26.361999999999966,1.0,1.0 m absorbs footprint/roof-eave and sub-pixel projection rounding while remaining far below the locked 20.0 m loss-region split buffer and avoiding adjacent-roof capture,"T0-1 audit-only implementation choice; not a loss address, training prior, or pass/fail threshold",visible iff official P_ref > 0; top 3 deterministic views by official P_ref roof pixel area; tie by view stem,45.7,558.3,556.0
reference_only,self_consistency_not_a_gate,not_applicable,view_candidate,DEBY_LOD2_4907184,DJI_20241217094536_0024_D,DJI_20241217094536_0024_D.JPG,119,False,False,False,this_view,0,120,4,0,0,4,0.0,0,,False,undefined_no_measured_boundary,0.36023728311907693,7.33767250685711,1.6258238552462414,,-26.361999999999966,1.0,1.0 m absorbs footprint/roof-eave and sub-pixel projection rounding while remaining far below the locked 20.0 m loss-region split buffer and avoiding adjacent-roof capture,"T0-1 audit-only implementation choice; not a loss address, training prior, or pass/fail threshold",visible iff official P_ref > 0; top 3 deterministic views by official P_ref roof pixel area; tie by view stem,45.7,558.3,556.0
reference_only,self_consistency_not_a_gate,not_applicable,view_candidate,DEBY_LOD2_4907184,DJI_20241217101323_0014_D,DJI_20241217101323_0014_D.JPG,120,False,False,False,this_view,0,120,3,0,0,3,0.0,0,,False,undefined_no_measured_boundary,0.3769225183366667,6.6667416834807955,1.5851955918553426,,-26.361999999999966,1.0,1.0 m absorbs footprint/roof-eave and sub-pixel projection rounding while remaining far below the locked 20.0 m loss-region split buffer and avoiding adjacent-roof capture,"T0-1 audit-only implementation choice; not a loss address, training prior, or pass/fail threshold",visible iff official P_ref > 0; top 3 deterministic views by official P_ref roof pixel area; tie by view stem,45.7,558.3,556.0
reference_only,self_consistency_not_a_gate,not_applicable,view_candidate,DEBY_LOD2_4907185,DJI_20241217095531_0048_D,DJI_20241217095531_0048_D.JPG,1,True,True,True,this_view,0,68,76656,67501,58685,85472,0.6865991201797079,1,22.80350850198276,True,defined,0.02942154930208245,0.030337500994237435,0.02987601514934567,0.6812779654634696,-26.203499999999906,1.0,1.0 m absorbs footprint/roof-eave and sub-pixel projection rounding while remaining far below the locked 20.0 m loss-region split buffer and avoiding adjacent-roof capture,"T0-1 audit-only implementation choice; not a loss address, training prior, or pass/fail threshold",visible iff official P_ref > 0; top 3 deterministic views by official P_ref roof pixel area; tie by view stem,45.7,558.3,556.0
reference_only,self_consistency_not_a_gate,not_applicable,view_candidate,DEBY_LOD2_4907185,DJI_20241217095533_0049_D,DJI_20241217095533_0049_D.JPG,2,True,True,True,this_view,0,68,58473,42037,39386,61124,0.6443622799555003,1,8.031128874149275,True,defined,0.027983042220636366,0.02738812593824707,0.027683986065486915,0.22233365984207815,-26.203499999999906,1.0,1.0 m absorbs footprint/roof-eave and sub-pixel projection rounding while remaining far below the locked 20.0 m loss-region split buffer and avoiding adjacent-roof capture,"T0-1 audit-only implementation choice; not a loss address, training prior, or pass/fail threshold",visible iff official P_ref > 0; top 3 deterministic views by official P_ref roof pixel area; tie by view stem,45.7,558.3,556.0
reference_only,self_consistency_not_a_gate,not_applicable,view_candidate,DEBY_LOD2_4907185,DJI_20241217095615_0070_D,DJI_20241217095615_0070_D.JPG,3,True,True,True,this_view,0,68,39799,68462,38544,69717,0.5528637204698997,1,10.0,True,defined,0.0261922417979967,0.023724640733469356,0.024927926641853535,0.24927926641853534,-26.203499999999906,1.0,1.0 m absorbs footprint/roof-eave and sub-pixel projection rounding while remaining far below the locked 20.0 m loss-region split buffer and avoiding adjacent-roof capture,"T0-1 audit-only implementation choice; not a loss address, training prior, or pass/fail threshold",visible iff official P_ref > 0; top 3 deterministic views by official P_ref roof pixel area; tie by view stem,45.7,558.3,556.0
reference_only,self_consistency_not_a_gate,not_applicable,view_candidate,DEBY_LOD2_4907185,DJI_20241217095623_0074_D,DJI_20241217095623_0074_D.JPG,4,False,False,True,this_view,0,68,31588,36434,27074,40948,0.6611800332128553,1,1.0,True,defined,0.026302269073371704,0.024140098183480032,0.025198003053406897,0.025198003053406897,-26.203499999999906,1.0,1.0 m absorbs footprint/roof-eave and sub-pixel projection rounding while remaining far below the locked 20.0 m loss-region split buffer and avoiding adjacent-roof capture,"T0-1 audit-only implementation choice; not a loss address, training prior, or pass/fail threshold",visible iff official P_ref > 0; top 3 deterministic views by official P_ref roof pixel area; tie by view stem,45.7,558.3,556.0
reference_only,self_consistency_not_a_gate,not_applicable,view_candidate,DEBY_LOD2_4907185,DJI_20241217084845_0186_D,DJI_20241217084845_0186_D.JPG,5,False,False,True,this_view,0,68,17960,26244,16729,27475,0.6088808007279345,1,6.0,True,defined,0.0639698408419336,0.06450937359720187,0.0642390407916077,0.38543424474964616,-26.203499999999906,1.0,1.0 m absorbs footprint/roof-eave and sub-pixel projection rounding while remaining far below the locked 20.0 m loss-region split buffer and avoiding adjacent-roof capture,"T0-1 audit-only implementation choice; not a loss address, training prior, or pass/fail threshold",visible iff official P_ref > 0; top 3 deterministic views by official P_ref roof pixel area; tie by view stem,45.7,558.3,556.0
reference_only,self_consistency_not_a_gate,not_applicable,view_candidate,DEBY_LOD2_4907185,DJI_20241217084847_0187_D,DJI_20241217084847_0187_D.JPG,6,False,False,True,this_view,0,68,15899,27861,15612,28148,0.5546397612619014,1,8.94427190999916,True,defined,0.06381743116347316,0.06425448189763303,0.06403558366601204,0.5727516722243126,-26.203499999999906,1.0,1.0 m absorbs footprint/roof-eave and sub-pixel projection rounding while remaining far below the locked 20.0 m loss-region split buffer and avoiding adjacent-roof capture,"T0-1 audit-only implementation choice; not a loss address, training prior, or pass/fail threshold",visible iff official P_ref > 0; top 3 deterministic views by official P_ref roof pixel area; tie by view stem,45.7,558.3,556.0
reference_only,self_consistency_not_a_gate,not_applicable,view_candidate,DEBY_LOD2_4907185,DJI_20241217084849_0188_D,DJI_20241217084849_0188_D.JPG,7,False,False,True,this_view,0,68,9914,21438,9914,21438,0.46244985539695865,1,4.242640687119285,True,defined,0.06376934694439784,0.06408674734041839,0.0639278501569473,0.27122289811592953,-26.203499999999906,1.0,1.0 m absorbs footprint/roof-eave and sub-pixel projection rounding while remaining far below the locked 20.0 m loss-region split buffer and avoiding adjacent-roof capture,"T0-1 audit-only implementation choice; not a loss address, training prior, or pass/fail threshold",visible iff official P_ref > 0; top 3 deterministic views by official P_ref roof pixel area; tie by view stem,45.7,558.3,556.0
reference_only,self_consistency_not_a_gate,not_applicable,view_candidate,DEBY_LOD2_4907185,DJI_20241217095625_0075_D,DJI_20241217095625_0075_D.JPG,8,False,False,True,this_view,0,68,8990,3511,3511,8990,0.39054505005561735,1,16.308468999533872,True,defined,0.02615238443021462,0.024195614815473263,0.025154980027415112,0.41023921196099306,-26.203499999999906,1.0,1.0 m absorbs footprint/roof-eave and sub-pixel projection rounding while remaining far below the locked 20.0 m loss-region split buffer and avoiding adjacent-roof capture,"T0-1 audit-only implementation choice; not a loss address, training prior, or pass/fail threshold",visible iff official P_ref > 0; top 3 deterministic views by official P_ref roof pixel area; tie by view stem,45.7,558.3,556.0
reference_only,self_consistency_not_a_gate,not_applicable,view_candidate,DEBY_LOD2_4907185,DJI_20241217102719_0015_D,DJI_20241217102719_0015_D.JPG,9,False,False,True,this_view,0,68,8254,4507,3046,9715,0.31353576942871847,1,15.0,True,defined,0.08240760197454904,0.41439555473096673,0.18479541102065267,2.7719311653097902,-26.203499999999906,1.0,1.0 m absorbs footprint/roof-eave and sub-pixel projection rounding while remaining far below the locked 20.0 m loss-region split buffer and avoiding adjacent-roof capture,"T0-1 audit-only implementation choice; not a loss address, training prior, or pass/fail threshold",visible iff official P_ref > 0; top 3 deterministic views by official P_ref roof pixel area; tie by view stem,45.7,558.3,556.0
reference_only,self_consistency_not_a_gate,not_applicable,view_candidate,DEBY_LOD2_4907185,DJI_20241217102721_0016_D,DJI_20241217102721_0016_D.JPG,10,False,False,True,this_view,0,68,5928,5177,2190,8915,0.24565339315759954,1,13.0,True,defined,0.08832257309742225,0.4709991417548517,0.20396042784438856,2.651485561977051,-26.203499999999906,1.0,1.0 m absorbs footprint/roof-eave and sub-pixel projection rounding while remaining far below the locked 20.0 m loss-region split buffer and avoiding adjacent-roof capture,"T0-1 audit-only implementation choice; not a loss address, training prior, or pass/fail threshold",visible iff official P_ref > 0; top 3 deterministic views by official P_ref roof pixel area; tie by view stem,45.7,558.3,556.0
reference_only,self_consistency_not_a_gate,not_applicable,view_candidate,DEBY_LOD2_4907185,DJI_20241217084851_0189_D,DJI_20241217084851_0189_D.JPG,11,False,False,True,this_view,0,68,4539,14795,4386,14948,0.29341717955579344,1,2.0,True,defined,0.06364817821601518,0.06384406509455286,0.06374604641209504,0.12749209282419008,-26.203499999999906,1.0,1.0 m absorbs footprint/roof-eave and sub-pixel projection rounding while remaining far below the locked 20.0 m loss-region split buffer and avoiding adjacent-roof capture,"T0-1 audit-only implementation choice; not a loss address, training prior, or pass/fail threshold",visible iff official P_ref > 0; top 3 deterministic views by official P_ref roof pixel area; tie by view stem,45.7,558.3,556.0
reference_only,self_consistency_not_a_gate,not_applicable,view_candidate,DEBY_LOD2_4907185,DJI_20241217102527_0016_D,DJI_20241217102527_0016_D.JPG,12,False,False,True,this_view,0,68,3432,1915,1350,3997,0.33775331498623967,1,11.0,True,defined,0.12361499800919439,0.8291718634459789,0.3201532105869855,3.5216853164568405,-26.203499999999906,1.0,1.0 m absorbs footprint/roof-eave and sub-pixel projection rounding while remaining far below the locked 20.0 m loss-region split buffer and avoiding adjacent-roof capture,"T0-1 audit-only implementation choice; not a loss address, training prior, or pass/fail threshold",visible iff official P_ref > 0; top 3 deterministic views by official P_ref roof pixel area; tie by view stem,45.7,558.3,556.0
reference_only,self_consistency_not_a_gate,not_applicable,view_candidate,DEBY_LOD2_4907185,DJI_20241217102531_0018_D,DJI_20241217102531_0018_D.JPG,13,False,False,True,this_view,0,68,3113,1719,1236,3596,0.3437152391546162,1,10.770329614269007,True,defined,0.13177585911755282,0.8494147448574153,0.3345629354108175,3.603353091091897,-26.203499999999906,1.0,1.0 m absorbs footprint/roof-eave and sub-pixel projection rounding while remaining far below the locked 20.0 m loss-region split buffer and avoiding adjacent-roof capture,"T0-1 audit-only implementation choice; not a loss address, training prior, or pass/fail threshold",visible iff official P_ref > 0; top 3 deterministic views by official P_ref roof pixel area; tie by view stem,45.7,558.3,556.0
reference_only,self_consistency_not_a_gate,not_applicable,view_candidate,DEBY_LOD2_4907185,DJI_20241217102529_0017_D,DJI_20241217102529_0017_D.JPG,14,False,False,True,this_view,0,68,2818,1580,1123,3275,0.3429007633587786,1,10.04987562112089,True,defined,0.1335258982929093,0.8859427829292024,0.3439423002870419,3.456577338726983,-26.203499999999906,1.0,1.0 m absorbs footprint/roof-eave and sub-pixel projection rounding while remaining far below the locked 20.0 m loss-region split buffer and avoiding adjacent-roof capture,"T0-1 audit-only implementation choice; not a loss address, training prior, or pass/fail threshold",visible iff official P_ref > 0; top 3 deterministic views by official P_ref roof pixel area; tie by view stem,45.7,558.3,556.0
reference_only,self_consistency_not_a_gate,not_applicable,view_candidate,DEBY_LOD2_4907185,DJI_20241217102525_0015_D,DJI_20241217102525_0015_D.JPG,15,False,False,True,this_view,0,68,2021,1035,828,2228,0.37163375224416517,1,9.0,True,defined,0.10736928680281373,0.728636289581453,0.2797019105244172,2.5173171947197543,-26.203499999999906,1.0,1.0 m absorbs footprint/roof-eave and sub-pixel projection rounding while remaining far below the locked 20.0 m loss-region split buffer and avoiding adjacent-roof capture,"T0-1 audit-only implementation choice; not a loss address, training prior, or pass/fail threshold",visible iff official P_ref > 0; top 3 deterministic views by official P_ref roof pixel area; tie by view stem,45.7,558.3,556.0
reference_only,self_consistency_not_a_gate,not_applicable,view_candidate,DEBY_LOD2_4907185,DJI_20241217102729_0020_D,DJI_20241217102729_0020_D.JPG,16,False,False,True,this_view,0,68,1967,5296,762,6501,0.1172127365020766,1,9.924428900898052,True,defined,0.0921204479394846,0.45489186915307867,0.2047067237547683,2.0315973254399764,-26.203499999999906,1.0,1.0 m absorbs footprint/roof-eave and sub-pixel projection rounding while remaining far below the locked 20.0 m loss-region split buffer and avoiding adjacent-roof capture,"T0-1 audit-only implementation choice; not a loss address, training prior, or pass/fail threshold",visible iff official P_ref > 0; top 3 deterministic views by official P_ref roof pixel area; tie by view stem,45.7,558.3,556.0
reference_only,self_consistency_not_a_gate,not_applicable,view_candidate,DEBY_LOD2_4907185,DJI_20241217084853_0190_D,DJI_20241217084853_0190_D.JPG,17,False,False,True,this_view,0,68,1751,6540,1316,6975,0.18867383512544803,1,7.0710678118654755,True,defined,0.0635345893461336,0.06360891591307827,0.0635717417670003,0.4495200969528598,-26.203499999999906,1.0,1.0 m absorbs footprint/roof-eave and sub-pixel projection rounding while remaining far below the locked 20.0 m loss-region split buffer and avoiding adjacent-roof capture,"T0-1 audit-only implementation choice; not a loss address, training prior, or pass/fail threshold",visible iff official P_ref > 0; top 3 deterministic views by official P_ref roof pixel area; tie by view stem,45.7,558.3,556.0
reference_only,self_consistency_not_a_gate,not_applicable,view_candidate,DEBY_LOD2_4907185,DJI_20241217103457_0038_D,DJI_20241217103457_0038_D.JPG,18,False,False,True,this_view,0,68,1450,1333,442,2341,0.18880820162323794,1,7.035533905932738,True,defined,0.16744880648063945,0.9949777996147052,0.4081762425965225,2.8717377943840607,-26.203499999999906,1.0,1.0 m absorbs footprint/roof-eave and sub-pixel projection rounding while remaining far below the locked 20.0 m loss-region split buffer and avoiding adjacent-roof capture,"T0-1 audit-only implementation choice; not a loss address, training prior, or pass/fail threshold",visible iff official P_ref > 0; top 3 deterministic views by official P_ref roof pixel area; tie by view stem,45.7,558.3,556.0
reference_only,self_consistency_not_a_gate,not_applicable,view_candidate,DEBY_LOD2_4907185,DJI_20241217100255_0002_D,DJI_20241217100255_0002_D.JPG,19,False,False,True,this_view,0,68,1401,1885,333,2953,0.11276667795462242,1,6.324555320336759,True,defined,0.15475406649629414,1.1019319699147585,0.412950909124294,2.6117308693399552,-26.203499999999906,1.0,1.0 m absorbs footprint/roof-eave and sub-pixel projection rounding while remaining far below the locked 20.0 m loss-region split buffer and avoiding adjacent-roof capture,"T0-1 audit-only implementation choice; not a loss address, training prior, or pass/fail threshold",visible iff official P_ref > 0; top 3 deterministic views by official P_ref roof pixel area; tie by view stem,45.7,558.3,556.0
reference_only,self_consistency_not_a_gate,not_applicable,view_candidate,DEBY_LOD2_4907185,DJI_20241217103459_0039_D,DJI_20241217103459_0039_D.JPG,20,False,False,True,this_view,0,68,1258,1179,378,2059,0.18358426420592522,1,7.0,True,defined,0.17362544142632869,1.1043863419828452,0.4378921855114338,3.0652452985800362,-26.203499999999906,1.0,1.0 m absorbs footprint/roof-eave and sub-pixel projection rounding while remaining far below the locked 20.0 m loss-region split buffer and avoiding adjacent-roof capture,"T0-1 audit-only implementation choice; not a loss address, training prior, or pass/fail threshold",visible iff official P_ref > 0; top 3 deterministic views by official P_ref roof pixel area; tie by view stem,45.7,558.3,556.0
reference_only,self_consistency_not_a_gate,not_applicable,view_candidate,DEBY_LOD2_4907185,DJI_20241217084843_0185_D,DJI_20241217084843_0185_D.JPG,21,False,False,True,this_view,0,68,1203,801,502,1502,0.33422103861517977,1,13.24730525104612,True,defined,0.06411840553031656,0.06471023605425281,0.06441364108082304,0.853307165728987,-26.203499999999906,1.0,1.0 m absorbs footprint/roof-eave and sub-pixel projection rounding while remaining far below the locked 20.0 m loss-region split buffer and avoiding adjacent-roof capture,"T0-1 audit-only implementation choice; not a loss address, training prior, or pass/fail threshold",visible iff official P_ref > 0; top 3 deterministic views by official P_ref roof pixel area; tie by view stem,45.7,558.3,556.0
reference_only,self_consistency_not_a_gate,not_applicable,view_candidate,DEBY_LOD2_4907185,DJI_20241217102731_0021_D,DJI_20241217102731_0021_D.JPG,22,False,False,True,this_view,0,68,1134,5013,509,5638,0.09028024122029088,1,8.0,True,defined,0.09521347648184361,0.4803632762140654,0.2138622395434717,1.7108979163477736,-26.203499999999906,1.0,1.0 m absorbs footprint/roof-eave and sub-pixel projection rounding while remaining far below the locked 20.0 m loss-region split buffer and avoiding adjacent-roof capture,"T0-1 audit-only implementation choice; not a loss address, training prior, or pass/fail threshold",visible iff official P_ref > 0; top 3 deterministic views by official P_ref roof pixel area; tie by view stem,45.7,558.3,556.0
reference_only,self_consistency_not_a_gate,not_applicable,view_candidate,DEBY_LOD2_4907185,DJI_20241217095057_0055_D,DJI_20241217095057_0055_D.JPG,23,False,False,True,this_view,0,68,1039,1364,231,2172,0.106353591160221,1,8.744137827658346,True,defined,0.17076157413016047,1.4122280868033896,0.49107462888381,4.294024238626206,-26.203499999999906,1.0,1.0 m absorbs footprint/roof-eave and sub-pixel projection rounding while remaining far below the locked 20.0 m loss-region split buffer and avoiding adjacent-roof capture,"T0-1 audit-only implementation choice; not a loss address, training prior, or pass/fail threshold",visible iff official P_ref > 0; top 3 deterministic views by official P_ref roof pixel area; tie by view stem,45.7,558.3,556.0
reference_only,self_consistency_not_a_gate,not_applicable,view_candidate,DEBY_LOD2_4907185,DJI_20241217102939_0015_D,DJI_20241217102939_0015_D.JPG,24,False,False,True,this_view,0,68,933,6328,0,7261,0.0,0,10.0,True,defined,0.1037435272134307,0.5516477594772171,0.23922768307107092,2.3922768307107094,-26.203499999999906,1.0,1.0 m absorbs footprint/roof-eave and sub-pixel projection rounding while remaining far below the locked 20.0 m loss-region split buffer and avoiding adjacent-roof capture,"T0-1 audit-only implementation choice; not a loss address, training prior, or pass/fail threshold",visible iff official P_ref > 0; top 3 deterministic views by official P_ref roof pixel area; tie by view stem,45.7,558.3,556.0
reference_only,self_consistency_not_a_gate,not_applicable,view_candidate,DEBY_LOD2_4907185,DJI_20241217102713_0012_D,DJI_20241217102713_0012_D.JPG,25,False,False,True,this_view,0,68,926,414,81,1259,0.06433677521842732,1,19.235384061671343,True,defined,0.07862344798539136,0.3991083079540351,0.17714195237425165,3.4073934873530245,-26.203499999999906,1.0,1.0 m absorbs footprint/roof-eave and sub-pixel projection rounding while remaining far below the locked 20.0 m loss-region split buffer and avoiding adjacent-roof capture,"T0-1 audit-only implementation choice; not a loss address, training prior, or pass/fail threshold",visible iff official P_ref > 0; top 3 deterministic views by official P_ref roof pixel area; tie by view stem,45.7,558.3,556.0
reference_only,self_consistency_not_a_gate,not_applicable,view_candidate,DEBY_LOD2_4907185,DJI_20241217100257_0003_D,DJI_20241217100257_0003_D.JPG,26,False,False,True,this_view,0,68,918,1764,168,2514,0.06682577565632458,1,8.0,True,defined,0.15231164235003014,1.046085150011558,0.39916280793209935,3.193302463456795,-26.203499999999906,1.0,1.0 m absorbs footprint/roof-eave and sub-pixel projection rounding while remaining far below the locked 20.0 m loss-region split buffer and avoiding adjacent-roof capture,"T0-1 audit-only implementation choice; not a loss address, training prior, or pass/fail threshold",visible iff official P_ref > 0; top 3 deterministic views by official P_ref roof pixel area; tie by view stem,45.7,558.3,556.0
reference_only,self_consistency_not_a_gate,not_applicable,view_candidate,DEBY_LOD2_4907185,DJI_20241217095039_0046_D,DJI_20241217095039_0046_D.JPG,27,False,False,True,this_view,0,68,908,1400,155,2153,0.07199256850905712,1,9.0,True,defined,0.17743631122304426,1.4885341334013422,0.5139260703256112,4.625334632930501,-26.203499999999906,1.0,1.0 m absorbs footprint/roof-eave and sub-pixel projection rounding while remaining far below the locked 20.0 m loss-region split buffer and avoiding adjacent-roof capture,"T0-1 audit-only implementation choice; not a loss address, training prior, or pass/fail threshold",visible iff official P_ref > 0; top 3 deterministic views by official P_ref roof pixel area; tie by view stem,45.7,558.3,556.0
reference_only,self_consistency_not_a_gate,not_applicable,view_candidate,DEBY_LOD2_4907185,DJI_20241217103543_0061_D,DJI_20241217103543_0061_D.JPG,28,False,False,True,this_view,0,68,902,1547,261,2188,0.11928702010968921,1,5.91547594742265,True,defined,0.16296625080969554,0.8840863613236984,0.37957376054847225,2.245359450797252,-26.203499999999906,1.0,1.0 m absorbs footprint/roof-eave and sub-pixel projection rounding while remaining far below the locked 20.0 m loss-region split buffer and avoiding adjacent-roof capture,"T0-1 audit-only implementation choice; not a loss address, training prior, or pass/fail threshold",visible iff official P_ref > 0; top 3 deterministic views by official P_ref roof pixel area; tie by view stem,45.7,558.3,556.0
reference_only,self_consistency_not_a_gate,not_applicable,view_candidate,DEBY_LOD2_4907185,DJI_20241217095127_0070_D,DJI_20241217095127_0070_D.JPG,29,False,False,True,this_view,0,68,892,1675,38,2529,0.015025701858442072,1,10.0,True,defined,0.1640300275701288,1.2489511188725384,0.45262068717901716,4.526206871790172,-26.203499999999906,1.0,1.0 m absorbs footprint/roof-eave and sub-pixel projection rounding while remaining far below the locked 20.0 m loss-region split buffer and avoiding adjacent-roof capture,"T0-1 audit-only implementation choice; not a loss address, training prior, or pass/fail threshold",visible iff official P_ref > 0; top 3 deterministic views by official P_ref roof pixel area; tie by view stem,45.7,558.3,556.0
reference_only,self_consistency_not_a_gate,not_applicable,view_candidate,DEBY_LOD2_4907185,DJI_20241217095051_0052_D,DJI_20241217095051_0052_D.JPG,30,False,False,True,this_view,0,68,891,1305,164,2032,0.08070866141732283,1,8.246211251235321,True,defined,0.17541517549384586,1.508611251627958,0.514425220470681,4.24205904096454,-26.203499999999906,1.0,1.0 m absorbs footprint/roof-eave and sub-pixel projection rounding while remaining far below the locked 20.0 m loss-region split buffer and avoiding adjacent-roof capture,"T0-1 audit-only implementation choice; not a loss address, training prior, or pass/fail threshold",visible iff official P_ref > 0; top 3 deterministic views by official P_ref roof pixel area; tie by view stem,45.7,558.3,556.0
reference_only,self_consistency_not_a_gate,not_applicable,view_candidate,DEBY_LOD2_4907185,DJI_20241217095053_0053_D,DJI_20241217095053_0053_D.JPG,31,False,False,True,this_view,0,68,885,1371,157,2099,0.07479752262982373,1,8.0,True,defined,0.17558966336643317,1.503092918793513,0.5137388243255735,4.109910594604588,-26.203499999999906,1.0,1.0 m absorbs footprint/roof-eave and sub-pixel projection rounding while remaining far below the locked 20.0 m loss-region split buffer and avoiding adjacent-roof capture,"T0-1 audit-only implementation choice; not a loss address, training prior, or pass/fail threshold",visible iff official P_ref > 0; top 3 deterministic views by official P_ref roof pixel area; tie by view stem,45.7,558.3,556.0
reference_only,self_consistency_not_a_gate,not_applicable,view_candidate,DEBY_LOD2_4907185,DJI_20241217095055_0054_D,DJI_20241217095055_0054_D.JPG,32,False,False,True,this_view,0,68,882,1357,152,2087,0.07283181600383325,1,8.0,True,defined,0.17656309073117726,1.5060148304672774,0.5156613551103985,4.125290840883188,-26.203499999999906,1.0,1.0 m absorbs footprint/roof-eave and sub-pixel projection rounding while remaining far below the locked 20.0 m loss-region split buffer and avoiding adjacent-roof capture,"T0-1 audit-only implementation choice; not a loss address, training prior, or pass/fail threshold",visible iff official P_ref > 0; top 3 deterministic views by official P_ref roof pixel area; tie by view stem,45.7,558.3,556.0
reference_only,self_consistency_not_a_gate,not_applicable,view_candidate,DEBY_LOD2_4907185,DJI_20241217095121_0067_D,DJI_20241217095121_0067_D.JPG,33,False,False,True,this_view,0,68,869,1400,95,2174,0.043698252069917204,1,8.0,True,defined,0.17595731192280162,1.4540692807136102,0.5058202467120988,4.04656197369679,-26.203499999999906,1.0,1.0 m absorbs footprint/roof-eave and sub-pixel projection rounding while remaining far below the locked 20.0 m loss-region split buffer and avoiding adjacent-roof capture,"T0-1 audit-only implementation choice; not a loss address, training prior, or pass/fail threshold",visible iff official P_ref > 0; top 3 deterministic views by official P_ref roof pixel area; tie by view stem,45.7,558.3,556.0
reference_only,self_consistency_not_a_gate,not_applicable,view_candidate,DEBY_LOD2_4907185,DJI_20241217095125_0069_D,DJI_20241217095125_0069_D.JPG,34,False,False,True,this_view,0,68,821,1427,44,2204,0.019963702359346643,1,9.219544457292887,True,defined,0.17240056181584057,1.3842450734677676,0.4885126695968618,4.503864275299098,-26.203499999999906,1.0,1.0 m absorbs footprint/roof-eave and sub-pixel projection rounding while remaining far below the locked 20.0 m loss-region split buffer and avoiding adjacent-roof capture,"T0-1 audit-only implementation choice; not a loss address, training prior, or pass/fail threshold",visible iff official P_ref > 0; top 3 deterministic views by official P_ref roof pixel area; tie by view stem,45.7,558.3,556.0
reference_only,self_consistency_not_a_gate,not_applicable,view_candidate,DEBY_LOD2_4907185,DJI_20241217095123_0068_D,DJI_20241217095123_0068_D.JPG,35,False,False,True,this_view,0,68,787,1338,74,2051,0.03607996099463676,1,8.246211251235321,True,defined,0.176579477997528,1.4601412819441808,0.5077706030958713,4.187183660295719,-26.203499999999906,1.0,1.0 m absorbs footprint/roof-eave and sub-pixel projection rounding while remaining far below the locked 20.0 m loss-region split buffer and avoiding adjacent-roof capture,"T0-1 audit-only implementation choice; not a loss address, training prior, or pass/fail threshold",visible iff official P_ref > 0; top 3 deterministic views by official P_ref roof pixel area; tie by view stem,45.7,558.3,556.0
reference_only,self_consistency_not_a_gate,not_applicable,view_candidate,DEBY_LOD2_4907185,DJI_20241217095139_0076_D,DJI_20241217095139_0076_D.JPG,36,False,False,True,this_view,0,68,784,1421,0,2205,0.0,0,11.661903789690601,True,defined,0.16892580749240774,1.2230762745156785,0.45454278929201675,5.3008342770211065,-26.203499999999906,1.0,1.0 m absorbs footprint/roof-eave and sub-pixel projection rounding while remaining far below the locked 20.0 m loss-region split buffer and avoiding adjacent-roof capture,"T0-1 audit-only implementation choice; not a loss address, training prior, or pass/fail threshold",visible iff official P_ref > 0; top 3 deterministic views by official P_ref roof pixel area; tie by view stem,45.7,558.3,556.0
reference_only,self_consistency_not_a_gate,not_applicable,view_candidate,DEBY_LOD2_4907185,DJI_20241217103545_0062_D,DJI_20241217103545_0062_D.JPG,37,False,False,True,this_view,0,68,741,1406,216,1931,0.11185914034179181,1,5.0,True,defined,0.1682430447971366,0.9449981475632679,0.3987347058806118,1.993673529403059,-26.203499999999906,1.0,1.0 m absorbs footprint/roof-eave and sub-pixel projection rounding while remaining far below the locked 20.0 m loss-region split buffer and avoiding adjacent-roof capture,"T0-1 audit-only implementation choice; not a loss address, training prior, or pass/fail threshold",visible iff official P_ref > 0; top 3 deterministic views by official P_ref roof pixel area; tie by view stem,45.7,558.3,556.0
reference_only,self_consistency_not_a_gate,not_applicable,view_candidate,DEBY_LOD2_4907185,DJI_20241217102937_0014_D,DJI_20241217102937_0014_D.JPG,38,False,False,True,this_view,0,68,728,5603,0,6331,0.0,0,10.0,True,defined,0.11224430269609494,0.6304693137354418,0.26601990243498735,2.6601990243498737,-26.203499999999906,1.0,1.0 m absorbs footprint/roof-eave and sub-pixel projection rounding while remaining far below the locked 20.0 m loss-region split buffer and avoiding adjacent-roof capture,"T0-1 audit-only implementation choice; not a loss address, training prior, or pass/fail threshold",visible iff official P_ref > 0; top 3 deterministic views by official P_ref roof pixel area; tie by view stem,45.7,558.3,556.0
reference_only,self_consistency_not_a_gate,not_applicable,view_candidate,DEBY_LOD2_4907185,DJI_20241217102733_0022_D,DJI_20241217102733_0022_D.JPG,39,False,False,True,this_view,0,68,718,6783,450,7051,0.06382073464756773,1,11.0,True,defined,0.0867480863532731,0.39703790129162914,0.18558630915767618,2.041449400734438,-26.203499999999906,1.0,1.0 m absorbs footprint/roof-eave and sub-pixel projection rounding while remaining far below the locked 20.0 m loss-region split buffer and avoiding adjacent-roof capture,"T0-1 audit-only implementation choice; not a loss address, training prior, or pass/fail threshold",visible iff official P_ref > 0; top 3 deterministic views by official P_ref roof pixel area; tie by view stem,45.7,558.3,556.0
reference_only,self_consistency_not_a_gate,not_applicable,view_candidate,DEBY_LOD2_4907185,DJI_20241217095149_0081_D,DJI_20241217095149_0081_D.JPG,40,False,False,True,this_view,0,68,637,1140,0,1777,0.0,0,9.641419466926354,True,defined,0.18235400490753817,1.4426075154556308,0.5128988769270679,4.945073216569297,-26.203499999999906,1.0,1.0 m absorbs footprint/roof-eave and sub-pixel projection rounding while remaining far below the locked 20.0 m loss-region split buffer and avoiding adjacent-roof capture,"T0-1 audit-only implementation choice; not a loss address, training prior, or pass/fail threshold",visible iff official P_ref > 0; top 3 deterministic views by official P_ref roof pixel area; tie by view stem,45.7,558.3,556.0
reference_only,self_consistency_not_a_gate,not_applicable,view_candidate,DEBY_LOD2_4907185,DJI_20241217095145_0079_D,DJI_20241217095145_0079_D.JPG,41,False,False,True,this_view,0,68,624,1122,0,1746,0.0,0,9.486832980505138,True,defined,0.18368397081225665,1.4426942898049213,0.5147813281574386,4.883644481712227,-26.203499999999906,1.0,1.0 m absorbs footprint/roof-eave and sub-pixel projection rounding while remaining far below the locked 20.0 m loss-region split buffer and avoiding adjacent-roof capture,"T0-1 audit-only implementation choice; not a loss address, training prior, or pass/fail threshold",visible iff official P_ref > 0; top 3 deterministic views by official P_ref roof pixel area; tie by view stem,45.7,558.3,556.0
reference_only,self_consistency_not_a_gate,not_applicable,view_candidate,DEBY_LOD2_4907185,DJI_20241217102941_0016_D,DJI_20241217102941_0016_D.JPG,42,False,False,True,this_view,0,68,621,4685,0,5306,0.0,0,9.0,True,defined,0.1157884466336012,0.6168883683559969,0.2672611941870306,2.405350747683275,-26.203499999999906,1.0,1.0 m absorbs footprint/roof-eave and sub-pixel projection rounding while remaining far below the locked 20.0 m loss-region split buffer and avoiding adjacent-roof capture,"T0-1 audit-only implementation choice; not a loss address, training prior, or pass/fail threshold",visible iff official P_ref > 0; top 3 deterministic views by official P_ref roof pixel area; tie by view stem,45.7,558.3,556.0
reference_only,self_consistency_not_a_gate,not_applicable,view_candidate,DEBY_LOD2_4907185,DJI_20241217095147_0080_D,DJI_20241217095147_0080_D.JPG,43,False,False,True,this_view,0,68,617,1100,0,1717,0.0,0,10.385164807134505,True,defined,0.18190762813383451,1.4258125574336586,0.5092800609548674,5.288957366003805,-26.203499999999906,1.0,1.0 m absorbs footprint/roof-eave and sub-pixel projection rounding while remaining far below the locked 20.0 m loss-region split buffer and avoiding adjacent-roof capture,"T0-1 audit-only implementation choice; not a loss address, training prior, or pass/fail threshold",visible iff official P_ref > 0; top 3 deterministic views by official P_ref roof pixel area; tie by view stem,45.7,558.3,556.0
reference_only,self_consistency_not_a_gate,not_applicable,view_candidate,DEBY_LOD2_4907185,DJI_20241217095141_0077_D,DJI_20241217095141_0077_D.JPG,44,False,False,True,this_view,0,68,590,1122,0,1712,0.0,0,10.099019513592784,True,defined,0.1840030588714316,1.436420871065902,0.5141068314104493,5.191974922485484,-26.203499999999906,1.0,1.0 m absorbs footprint/roof-eave and sub-pixel projection rounding while remaining far below the locked 20.0 m loss-region split buffer and avoiding adjacent-roof capture,"T0-1 audit-only implementation choice; not a loss address, training prior, or pass/fail threshold",visible iff official P_ref > 0; top 3 deterministic views by official P_ref roof pixel area; tie by view stem,45.7,558.3,556.0
reference_only,self_consistency_not_a_gate,not_applicable,view_candidate,DEBY_LOD2_4907185,DJI_20241217095143_0078_D,DJI_20241217095143_0078_D.JPG,45,False,False,True,this_view,0,68,589,1124,0,1713,0.0,0,9.641419466926354,True,defined,0.18403893362347903,1.4351918396714107,0.5139369374916007,4.9550815939040325,-26.203499999999906,1.0,1.0 m absorbs footprint/roof-eave and sub-pixel projection rounding while remaining far below the locked 20.0 m loss-region split buffer and avoiding adjacent-roof capture,"T0-1 audit-only implementation choice; not a loss address, training prior, or pass/fail threshold",visible iff official P_ref > 0; top 3 deterministic views by official P_ref roof pixel area; tie by view stem,45.7,558.3,556.0
reference_only,self_consistency_not_a_gate,not_applicable,view_candidate,DEBY_LOD2_4907185,DJI_20241217102943_0017_D,DJI_20241217102943_0017_D.JPG,46,False,False,True,this_view,0,68,516,4593,0,5109,0.0,0,10.605318061589779,True,defined,0.11768180524581916,0.6219249954429885,0.2705351293108323,2.869111093174696,-26.203499999999906,1.0,1.0 m absorbs footprint/roof-eave and sub-pixel projection rounding while remaining far below the locked 20.0 m loss-region split buffer and avoiding adjacent-roof capture,"T0-1 audit-only implementation choice; not a loss address, training prior, or pass/fail threshold",visible iff official P_ref > 0; top 3 deterministic views by official P_ref roof pixel area; tie by view stem,45.7,558.3,556.0
reference_only,self_consistency_not_a_gate,not_applicable,view_candidate,DEBY_LOD2_4907185,DJI_20241217103547_0063_D,DJI_20241217103547_0063_D.JPG,47,False,False,True,this_view,0,68,509,1262,149,1622,0.09186189889025893,1,4.242640687119285,True,defined,0.17550788820954605,1.011689872420879,0.4213781591772093,1.7877561227886545,-26.203499999999906,1.0,1.0 m absorbs footprint/roof-eave and sub-pixel projection rounding while remaining far below the locked 20.0 m loss-region split buffer and avoiding adjacent-roof capture,"T0-1 audit-only implementation choice; not a loss address, training prior, or pass/fail threshold",visible iff official P_ref > 0; top 3 deterministic views by official P_ref roof pixel area; tie by view stem,45.7,558.3,556.0
reference_only,self_consistency_not_a_gate,not_applicable,view_candidate,DEBY_LOD2_4907185,DJI_20241217100259_0004_D,DJI_20241217100259_0004_D.JPG,48,False,False,True,this_view,0,68,416,1410,12,1814,0.006615214994487321,1,9.5,True,defined,0.15385841244175066,1.0663268164269912,0.40504734429387756,3.847949770791837,-26.203499999999906,1.0,1.0 m absorbs footprint/roof-eave and sub-pixel projection rounding while remaining far below the locked 20.0 m loss-region split buffer and avoiding adjacent-roof capture,"T0-1 audit-only implementation choice; not a loss address, training prior, or pass/fail threshold",visible iff official P_ref > 0; top 3 deterministic views by official P_ref roof pixel area; tie by view stem,45.7,558.3,556.0
reference_only,self_consistency_not_a_gate,not_applicable,view_candidate,DEBY_LOD2_4907185,DJI_20241217103549_0064_D,DJI_20241217103549_0064_D.JPG,49,False,False,True,this_view,0,68,388,1262,121,1529,0.07913669064748201,1,4.357388321059432,True,defined,0.1769756751856001,1.0112557310249508,0.42304570176689926,1.8433744001534782,-26.203499999999906,1.0,1.0 m absorbs footprint/roof-eave and sub-pixel projection rounding while remaining far below the locked 20.0 m loss-region split buffer and avoiding adjacent-roof capture,"T0-1 audit-only implementation choice; not a loss address, training prior, or pass/fail threshold",visible iff official P_ref > 0; top 3 deterministic views by official P_ref roof pixel area; tie by view stem,45.7,558.3,556.0
reference_only,self_consistency_not_a_gate,not_applicable,view_candidate,DEBY_LOD2_4907185,DJI_20241217100301_0005_D,DJI_20241217100301_0005_D.JPG,50,False,False,True,this_view,0,68,332,1335,3,1664,0.0018028846153846155,1,10.0,True,defined,0.1536668721809167,1.0670429722643087,0.4049310509586601,4.049310509586601,-26.203499999999906,1.0,1.0 m absorbs footprint/roof-eave and sub-pixel projection rounding while remaining far below the locked 20.0 m loss-region split buffer and avoiding adjacent-roof capture,"T0-1 audit-only implementation choice; not a loss address, training prior, or pass/fail threshold",visible iff official P_ref > 0; top 3 deterministic views by official P_ref roof pixel area; tie by view stem,45.7,558.3,556.0
reference_only,self_consistency_not_a_gate,not_applicable,view_candidate,DEBY_LOD2_4907185,DJI_20241217103551_0065_D,DJI_20241217103551_0065_D.JPG,51,False,False,True,this_view,0,68,327,1247,105,1469,0.07147719537100068,1,4.123105625617661,True,defined,0.17802669733420518,1.029583126745629,0.4281276488216437,1.7652155173389814,-26.203499999999906,1.0,1.0 m absorbs footprint/roof-eave and sub-pixel projection rounding while remaining far below the locked 20.0 m loss-region split buffer and avoiding adjacent-roof capture,"T0-1 audit-only implementation choice; not a loss address, training prior, or pass/fail threshold",visible iff official P_ref > 0; top 3 deterministic views by official P_ref roof pixel area; tie by view stem,45.7,558.3,556.0
reference_only,self_consistency_not_a_gate,not_applicable,view_candidate,DEBY_LOD2_4907185,DJI_20241217103553_0066_D,DJI_20241217103553_0066_D.JPG,52,False,False,True,this_view,0,68,225,1338,93,1470,0.06326530612244897,1,4.123105625617661,True,defined,0.17504628649733966,0.9767450453618928,0.4134919503996117,1.7048709868402576,-26.203499999999906,1.0,1.0 m absorbs footprint/roof-eave and sub-pixel projection rounding while remaining far below the locked 20.0 m loss-region split buffer and avoiding adjacent-roof capture,"T0-1 audit-only implementation choice; not a loss address, training prior, or pass/fail threshold",visible iff official P_ref > 0; top 3 deterministic views by official P_ref roof pixel area; tie by view stem,45.7,558.3,556.0
reference_only,self_consistency_not_a_gate,not_applicable,view_candidate,DEBY_LOD2_4907185,DJI_20241217084855_0191_D,DJI_20241217084855_0191_D.JPG,53,False,False,True,this_view,0,68,202,408,1,609,0.0016420361247947454,0,17.41694009034563,True,defined,0.06344553117067588,0.06341450613210702,0.06343001675451151,1.1047568017429465,-26.203499999999906,1.0,1.0 m absorbs footprint/roof-eave and sub-pixel projection rounding while remaining far below the locked 20.0 m loss-region split buffer and avoiding adjacent-roof capture,"T0-1 audit-only implementation choice; not a loss address, training prior, or pass/fail threshold",visible iff official P_ref > 0; top 3 deterministic views by official P_ref roof pixel area; tie by view stem,45.7,558.3,556.0
reference_only,self_consistency_not_a_gate,not_applicable,view_candidate,DEBY_LOD2_4907185,DJI_20241217103501_0040_D,DJI_20241217103501_0040_D.JPG,54,False,False,True,this_view,0,68,150,0,0,150,0.0,0,,False,undefined_no_measured_boundary,0.1408046634324392,0.6950508798820412,0.31283606763001537,,-26.203499999999906,1.0,1.0 m absorbs footprint/roof-eave and sub-pixel projection rounding while remaining far below the locked 20.0 m loss-region split buffer and avoiding adjacent-roof capture,"T0-1 audit-only implementation choice; not a loss address, training prior, or pass/fail threshold",visible iff official P_ref > 0; top 3 deterministic views by official P_ref roof pixel area; tie by view stem,45.7,558.3,556.0
reference_only,self_consistency_not_a_gate,not_applicable,view_candidate,DEBY_LOD2_4907185,DJI_20241217094653_0042_D,DJI_20241217094653_0042_D.JPG,55,False,False,True,this_view,0,68,128,282,18,392,0.04591836734693878,1,7.5,True,defined,0.2878528806550172,5.260922445437385,1.230598098820971,9.229485741157283,-26.203499999999906,1.0,1.0 m absorbs footprint/roof-eave and sub-pixel projection rounding while remaining far below the locked 20.0 m loss-region split buffer and avoiding adjacent-roof capture,"T0-1 audit-only implementation choice; not a loss address, training prior, or pass/fail threshold",visible iff official P_ref > 0; top 3 deterministic views by official P_ref roof pixel area; tie by view stem,45.7,558.3,556.0
reference_only,self_consistency_not_a_gate,not_applicable,view_candidate,DEBY_LOD2_4907185,DJI_20241217094652_0041_D,DJI_20241217094652_0041_D.JPG,56,False,False,True,this_view,0,68,122,257,13,366,0.03551912568306011,1,7.0,True,defined,0.2900682947290516,5.292408612107245,1.2390157146393646,8.673110002475552,-26.203499999999906,1.0,1.0 m absorbs footprint/roof-eave and sub-pixel projection rounding while remaining far below the locked 20.0 m loss-region split buffer and avoiding adjacent-roof capture,"T0-1 audit-only implementation choice; not a loss address, training prior, or pass/fail threshold",visible iff official P_ref > 0; top 3 deterministic views by official P_ref roof pixel area; tie by view stem,45.7,558.3,556.0
reference_only,self_consistency_not_a_gate,not_applicable,view_candidate,DEBY_LOD2_4907185,DJI_20241217094550_0031_D,DJI_20241217094550_0031_D.JPG,57,False,False,True,this_view,0,68,115,111,0,226,0.0,0,6.0,True,defined,0.283418518019144,4.476650603454895,1.1263949927626156,6.758369956575693,-26.203499999999906,1.0,1.0 m absorbs footprint/roof-eave and sub-pixel projection rounding while remaining far below the locked 20.0 m loss-region split buffer and avoiding adjacent-roof capture,"T0-1 audit-only implementation choice; not a loss address, training prior, or pass/fail threshold",visible iff official P_ref > 0; top 3 deterministic views by official P_ref roof pixel area; tie by view stem,45.7,558.3,556.0
reference_only,self_consistency_not_a_gate,not_applicable,view_candidate,DEBY_LOD2_4907185,DJI_20241217094552_0032_D,DJI_20241217094552_0032_D.JPG,58,False,False,True,this_view,0,68,114,113,0,227,0.0,0,6.0,True,defined,0.2877396794063612,4.562530962062721,1.1457840967239525,6.874704580343716,-26.203499999999906,1.0,1.0 m absorbs footprint/roof-eave and sub-pixel projection rounding while remaining far below the locked 20.0 m loss-region split buffer and avoiding adjacent-roof capture,"T0-1 audit-only implementation choice; not a loss address, training prior, or pass/fail threshold",visible iff official P_ref > 0; top 3 deterministic views by official P_ref roof pixel area; tie by view stem,45.7,558.3,556.0
reference_only,self_consistency_not_a_gate,not_applicable,view_candidate,DEBY_LOD2_4907185,DJI_20241217094548_0030_D,DJI_20241217094548_0030_D.JPG,59,False,False,True,this_view,0,68,106,114,0,220,0.0,0,6.0,True,defined,0.28249848207146583,4.494134055235988,1.1267590908574237,6.760554545144542,-26.203499999999906,1.0,1.0 m absorbs footprint/roof-eave and sub-pixel projection rounding while remaining far below the locked 20.0 m loss-region split buffer and avoiding adjacent-roof capture,"T0-1 audit-only implementation choice; not a loss address, training prior, or pass/fail threshold",visible iff official P_ref > 0; top 3 deterministic views by official P_ref roof pixel area; tie by view stem,45.7,558.3,556.0
reference_only,self_consistency_not_a_gate,not_applicable,view_candidate,DEBY_LOD2_4907185,DJI_20241217095529_0047_D,DJI_20241217095529_0047_D.JPG,60,False,False,False,this_view,0,68,63,12619,11,12671,0.000868124062820614,1,13.0,True,defined,0.025653644410000762,0.0231104913969924,0.02434888762220617,0.3165355390886802,-26.203499999999906,1.0,1.0 m absorbs footprint/roof-eave and sub-pixel projection rounding while remaining far below the locked 20.0 m loss-region split buffer and avoiding adjacent-roof capture,"T0-1 audit-only implementation choice; not a loss address, training prior, or pass/fail threshold",visible iff official P_ref > 0; top 3 deterministic views by official P_ref roof pixel area; tie by view stem,45.7,558.3,556.0
reference_only,self_consistency_not_a_gate,not_applicable,view_candidate,DEBY_LOD2_4907185,DJI_20241217102921_0006_D,DJI_20241217102921_0006_D.JPG,61,False,False,False,this_view,0,68,44,7721,0,7765,0.0,0,24.0,True,defined,0.10244933676189255,0.4839506708870227,0.2226666235829888,5.343998965991731,-26.203499999999906,1.0,1.0 m absorbs footprint/roof-eave and sub-pixel projection rounding while remaining far below the locked 20.0 m loss-region split buffer and avoiding adjacent-roof capture,"T0-1 audit-only implementation choice; not a loss address, training prior, or pass/fail threshold",visible iff official P_ref > 0; top 3 deterministic views by official P_ref roof pixel area; tie by view stem,45.7,558.3,556.0
reference_only,self_consistency_not_a_gate,not_applicable,view_candidate,DEBY_LOD2_4907185,DJI_20241217102915_0003_D,DJI_20241217102915_0003_D.JPG,62,False,False,False,this_view,0,68,40,7271,0,7311,0.0,0,22.460854060177425,True,defined,0.10720941039939234,0.5383079101000574,0.24023254079153444,5.395828039224275,-26.203499999999906,1.0,1.0 m absorbs footprint/roof-eave and sub-pixel projection rounding while remaining far below the locked 20.0 m loss-region split buffer and avoiding adjacent-roof capture,"T0-1 audit-only implementation choice; not a loss address, training prior, or pass/fail threshold",visible iff official P_ref > 0; top 3 deterministic views by official P_ref roof pixel area; tie by view stem,45.7,558.3,556.0
reference_only,self_consistency_not_a_gate,not_applicable,view_candidate,DEBY_LOD2_4907185,DJI_20241217102919_0005_D,DJI_20241217102919_0005_D.JPG,63,False,False,False,this_view,0,68,38,6525,0,6563,0.0,0,21.0,True,defined,0.11008055953205156,0.563821032399234,0.2491299554899945,5.231729065289884,-26.203499999999906,1.0,1.0 m absorbs footprint/roof-eave and sub-pixel projection rounding while remaining far below the locked 20.0 m loss-region split buffer and avoiding adjacent-roof capture,"T0-1 audit-only implementation choice; not a loss address, training prior, or pass/fail threshold",visible iff official P_ref > 0; top 3 deterministic views by official P_ref roof pixel area; tie by view stem,45.7,558.3,556.0
reference_only,self_consistency_not_a_gate,not_applicable,view_candidate,DEBY_LOD2_4907185,DJI_20241217102913_0002_D,DJI_20241217102913_0002_D.JPG,64,False,False,False,this_view,0,68,37,7246,0,7283,0.0,0,22.460854060177425,True,defined,0.10748336865876576,0.5399544176590868,0.24090686941675368,5.410974036063925,-26.203499999999906,1.0,1.0 m absorbs footprint/roof-eave and sub-pixel projection rounding while remaining far below the locked 20.0 m loss-region split buffer and avoiding adjacent-roof capture,"T0-1 audit-only implementation choice; not a loss address, training prior, or pass/fail threshold",visible iff official P_ref > 0; top 3 deterministic views by official P_ref roof pixel area; tie by view stem,45.7,558.3,556.0
reference_only,self_consistency_not_a_gate,not_applicable,view_candidate,DEBY_LOD2_4907185,DJI_20241217095527_0046_D,DJI_20241217095527_0046_D.JPG,65,False,False,False,this_view,0,68,23,15347,0,15370,0.0,0,18.110770276274835,True,defined,0.02562576480434872,0.0229511692564714,0.024251623973481348,0.4392155906103202,-26.203499999999906,1.0,1.0 m absorbs footprint/roof-eave and sub-pixel projection rounding while remaining far below the locked 20.0 m loss-region split buffer and avoiding adjacent-roof capture,"T0-1 audit-only implementation choice; not a loss address, training prior, or pass/fail threshold",visible iff official P_ref > 0; top 3 deterministic views by official P_ref roof pixel area; tie by view stem,45.7,558.3,556.0
reference_only,self_consistency_not_a_gate,not_applicable,view_candidate,DEBY_LOD2_4907185,DJI_20241217101600_0017_D,DJI_20241217101600_0017_D.JPG,66,False,False,False,this_view,0,68,23,341,9,355,0.02535211267605634,1,2.0,True,defined,0.2824459827508405,2.8233584417196016,0.8929984600935068,1.7859969201870136,-26.203499999999906,1.0,1.0 m absorbs footprint/roof-eave and sub-pixel projection rounding while remaining far below the locked 20.0 m loss-region split buffer and avoiding adjacent-roof capture,"T0-1 audit-only implementation choice; not a loss address, training prior, or pass/fail threshold",visible iff official P_ref > 0; top 3 deterministic views by official P_ref roof pixel area; tie by view stem,45.7,558.3,556.0
reference_only,self_consistency_not_a_gate,not_applicable,view_candidate,DEBY_LOD2_4907185,DJI_20241217095525_0045_D,DJI_20241217095525_0045_D.JPG,67,False,False,False,this_view,0,68,18,17180,2,17196,0.00011630611770179111,1,7.5,True,defined,0.025599973762510733,0.022807236170912883,0.0241632913232191,0.18122468492414326,-26.203499999999906,1.0,1.0 m absorbs footprint/roof-eave and sub-pixel projection rounding while remaining far below the locked 20.0 m loss-region split buffer and avoiding adjacent-roof capture,"T0-1 audit-only implementation choice; not a loss address, training prior, or pass/fail threshold",visible iff official P_ref > 0; top 3 deterministic views by official P_ref roof pixel area; tie by view stem,45.7,558.3,556.0
reference_only,self_consistency_not_a_gate,not_applicable,view_candidate,DEBY_LOD2_4907185,DJI_20241217101558_0016_D,DJI_20241217101558_0016_D.JPG,68,False,False,False,this_view,0,68,1,330,0,331,0.0,0,3.0,True,defined,0.2705774366973108,2.565809329679404,0.833216725395439,2.499650176186317,-26.203499999999906,1.0,1.0 m absorbs footprint/roof-eave and sub-pixel projection rounding while remaining far below the locked 20.0 m loss-region split buffer and avoiding adjacent-roof capture,"T0-1 audit-only implementation choice; not a loss address, training prior, or pass/fail threshold",visible iff official P_ref > 0; top 3 deterministic views by official P_ref roof pixel area; tie by view stem,45.7,558.3,556.0
reference_only,self_consistency_not_a_gate,not_applicable,view_candidate,DEBY_LOD2_4907198,DJI_20241217095531_0048_D,DJI_20241217095531_0048_D.JPG,1,True,True,True,this_view,0,59,115508,150359,114332,151535,0.7544923615006434,1,14.815445903775952,True,defined,0.03146376181371797,0.03300601290533319,0.0322256625761815,0.4774375606107542,-27.070999999999913,1.0,1.0 m absorbs footprint/roof-eave and sub-pixel projection rounding while remaining far below the locked 20.0 m loss-region split buffer and avoiding adjacent-roof capture,"T0-1 audit-only implementation choice; not a loss address, training prior, or pass/fail threshold",visible iff official P_ref > 0; top 3 deterministic views by official P_ref roof pixel area; tie by view stem,45.7,558.3,556.0
reference_only,self_consistency_not_a_gate,not_applicable,view_candidate,DEBY_LOD2_4907198,DJI_20241217095533_0049_D,DJI_20241217095533_0049_D.JPG,2,True,True,True,this_view,0,59,40022,72572,38375,74219,0.5170508899338444,1,15.0,True,defined,0.02867429093610755,0.02745611579849747,0.02805859320032947,0.42087889800494205,-27.070999999999913,1.0,1.0 m absorbs footprint/roof-eave and sub-pixel projection rounding while remaining far below the locked 20.0 m loss-region split buffer and avoiding adjacent-roof capture,"T0-1 audit-only implementation choice; not a loss address, training prior, or pass/fail threshold",visible iff official P_ref > 0; top 3 deterministic views by official P_ref roof pixel area; tie by view stem,45.7,558.3,556.0
reference_only,self_consistency_not_a_gate,not_applicable,view_candidate,DEBY_LOD2_4907198,DJI_20241217095503_0034_D,DJI_20241217095503_0034_D.JPG,3,True,True,True,this_view,0,59,11918,37884,10165,39637,0.2564523046648334,1,14.0,True,defined,0.026759015444436807,0.02428687665674945,0.025492997225808705,0.3569019611613219,-27.070999999999913,1.0,1.0 m absorbs footprint/roof-eave and sub-pixel projection rounding while remaining far below the locked 20.0 m loss-region split buffer and avoiding adjacent-roof capture,"T0-1 audit-only implementation choice; not a loss address, training prior, or pass/fail threshold",visible iff official P_ref > 0; top 3 deterministic views by official P_ref roof pixel area; tie by view stem,45.7,558.3,556.0
reference_only,self_consistency_not_a_gate,not_applicable,view_candidate,DEBY_LOD2_4907198,DJI_20241217095139_0076_D,DJI_20241217095139_0076_D.JPG,4,False,False,True,this_view,0,59,6694,2677,1597,7774,0.20542835091330075,1,9.0,True,defined,0.12751941518543672,0.7163584337457999,0.3022409775897699,2.7201687983079292,-27.070999999999913,1.0,1.0 m absorbs footprint/roof-eave and sub-pixel projection rounding while remaining far below the locked 20.0 m loss-region split buffer and avoiding adjacent-roof capture,"T0-1 audit-only implementation choice; not a loss address, training prior, or pass/fail threshold",visible iff official P_ref > 0; top 3 deterministic views by official P_ref roof pixel area; tie by view stem,45.7,558.3,556.0
reference_only,self_consistency_not_a_gate,not_applicable,view_candidate,DEBY_LOD2_4907198,DJI_20241217102659_0005_D,DJI_20241217102659_0005_D.JPG,5,False,False,True,this_view,0,59,6441,7880,3400,10921,0.31132680157494735,1,6.0,True,defined,0.10153108343077369,0.5982775310807761,0.24646250409123002,1.47877502454738,-27.070999999999913,1.0,1.0 m absorbs footprint/roof-eave and sub-pixel projection rounding while remaining far below the locked 20.0 m loss-region split buffer and avoiding adjacent-roof capture,"T0-1 audit-only implementation choice; not a loss address, training prior, or pass/fail threshold",visible iff official P_ref > 0; top 3 deterministic views by official P_ref roof pixel area; tie by view stem,45.7,558.3,556.0
reference_only,self_consistency_not_a_gate,not_applicable,view_candidate,DEBY_LOD2_4907198,DJI_20241217102921_0006_D,DJI_20241217102921_0006_D.JPG,6,False,False,True,this_view,0,59,6073,8036,3469,10640,0.3260338345864662,1,7.0,True,defined,0.11045034005645887,0.5222759017726546,0.2401781650235579,1.6812471551649053,-27.070999999999913,1.0,1.0 m absorbs footprint/roof-eave and sub-pixel projection rounding while remaining far below the locked 20.0 m loss-region split buffer and avoiding adjacent-roof capture,"T0-1 audit-only implementation choice; not a loss address, training prior, or pass/fail threshold",visible iff official P_ref > 0; top 3 deterministic views by official P_ref roof pixel area; tie by view stem,45.7,558.3,556.0
reference_only,self_consistency_not_a_gate,not_applicable,view_candidate,DEBY_LOD2_4907198,DJI_20241217095149_0081_D,DJI_20241217095149_0081_D.JPG,7,False,False,True,this_view,0,59,5981,2200,1406,6775,0.20752767527675275,2,9.486832980505138,True,defined,0.13371657908041013,0.8001330653322446,0.3270948735540654,3.1030944341868656,-27.070999999999913,1.0,1.0 m absorbs footprint/roof-eave and sub-pixel projection rounding while remaining far below the locked 20.0 m loss-region split buffer and avoiding adjacent-roof capture,"T0-1 audit-only implementation choice; not a loss address, training prior, or pass/fail threshold",visible iff official P_ref > 0; top 3 deterministic views by official P_ref roof pixel area; tie by view stem,45.7,558.3,556.0
reference_only,self_consistency_not_a_gate,not_applicable,view_candidate,DEBY_LOD2_4907198,DJI_20241217095147_0080_D,DJI_20241217095147_0080_D.JPG,8,False,False,True,this_view,0,59,5967,2193,1433,6727,0.21302214954660323,2,9.899494936611665,True,defined,0.13455971916318993,0.8050988462863208,0.32914111662764883,3.258330817486119,-27.070999999999913,1.0,1.0 m absorbs footprint/roof-eave and sub-pixel projection rounding while remaining far below the locked 20.0 m loss-region split buffer and avoiding adjacent-roof capture,"T0-1 audit-only implementation choice; not a loss address, training prior, or pass/fail threshold",visible iff official P_ref > 0; top 3 deterministic views by official P_ref roof pixel area; tie by view stem,45.7,558.3,556.0
reference_only,self_consistency_not_a_gate,not_applicable,view_candidate,DEBY_LOD2_4907198,DJI_20241217095143_0078_D,DJI_20241217095143_0078_D.JPG,9,False,False,True,this_view,0,59,5956,2206,1412,6750,0.2091851851851852,2,9.486832980505138,True,defined,0.13561806077834698,0.8028550105822185,0.329972180071805,3.1303909605543803,-27.070999999999913,1.0,1.0 m absorbs footprint/roof-eave and sub-pixel projection rounding while remaining far below the locked 20.0 m loss-region split buffer and avoiding adjacent-roof capture,"T0-1 audit-only implementation choice; not a loss address, training prior, or pass/fail threshold",visible iff official P_ref > 0; top 3 deterministic views by official P_ref roof pixel area; tie by view stem,45.7,558.3,556.0
reference_only,self_consistency_not_a_gate,not_applicable,view_candidate,DEBY_LOD2_4907198,DJI_20241217095145_0079_D,DJI_20241217095145_0079_D.JPG,10,False,False,True,this_view,0,59,5930,2189,1399,6720,0.20818452380952382,2,9.219544457292887,True,defined,0.1350480086589275,0.803840293115786,0.32947994000408504,3.0376549546538554,-27.070999999999913,1.0,1.0 m absorbs footprint/roof-eave and sub-pixel projection rounding while remaining far below the locked 20.0 m loss-region split buffer and avoiding adjacent-roof capture,"T0-1 audit-only implementation choice; not a loss address, training prior, or pass/fail threshold",visible iff official P_ref > 0; top 3 deterministic views by official P_ref roof pixel area; tie by view stem,45.7,558.3,556.0
reference_only,self_consistency_not_a_gate,not_applicable,view_candidate,DEBY_LOD2_4907198,DJI_20241217102733_0022_D,DJI_20241217102733_0022_D.JPG,11,False,False,True,this_view,0,59,5929,10010,3261,12678,0.2572172266919072,1,9.0,True,defined,0.10096226417134568,0.517885400502756,0.2286632515644838,2.0579692640803544,-27.070999999999913,1.0,1.0 m absorbs footprint/roof-eave and sub-pixel projection rounding while remaining far below the locked 20.0 m loss-region split buffer and avoiding adjacent-roof capture,"T0-1 audit-only implementation choice; not a loss address, training prior, or pass/fail threshold",visible iff official P_ref > 0; top 3 deterministic views by official P_ref roof pixel area; tie by view stem,45.7,558.3,556.0
reference_only,self_consistency_not_a_gate,not_applicable,view_candidate,DEBY_LOD2_4907198,DJI_20241217095141_0077_D,DJI_20241217095141_0077_D.JPG,12,False,False,True,this_view,0,59,5901,2202,1377,6726,0.2047279214986619,2,9.326762794674746,True,defined,0.13572592782431128,0.8082628929789036,0.3312132712853211,3.089147615726446,-27.070999999999913,1.0,1.0 m absorbs footprint/roof-eave and sub-pixel projection rounding while remaining far below the locked 20.0 m loss-region split buffer and avoiding adjacent-roof capture,"T0-1 audit-only implementation choice; not a loss address, training prior, or pass/fail threshold",visible iff official P_ref > 0; top 3 deterministic views by official P_ref roof pixel area; tie by view stem,45.7,558.3,556.0
reference_only,self_consistency_not_a_gate,not_applicable,view_candidate,DEBY_LOD2_4907198,DJI_20241217102713_0012_D,DJI_20241217102713_0012_D.JPG,13,False,False,True,this_view,0,59,5679,10804,3380,13103,0.25795619323818975,1,8.0,True,defined,0.102321513107546,0.5588423067907424,0.23912672460296067,1.9130137968236853,-27.070999999999913,1.0,1.0 m absorbs footprint/roof-eave and sub-pixel projection rounding while remaining far below the locked 20.0 m loss-region split buffer and avoiding adjacent-roof capture,"T0-1 audit-only implementation choice; not a loss address, training prior, or pass/fail threshold",visible iff official P_ref > 0; top 3 deterministic views by official P_ref roof pixel area; tie by view stem,45.7,558.3,556.0
reference_only,self_consistency_not_a_gate,not_applicable,view_candidate,DEBY_LOD2_4907198,DJI_20241217102705_0008_D,DJI_20241217102705_0008_D.JPG,14,False,False,True,this_view,0,59,5609,9473,2724,12358,0.22042401683120247,1,7.0,True,defined,0.10416858828328558,0.5990177038315414,0.24979757517803677,1.7485830262462574,-27.070999999999913,1.0,1.0 m absorbs footprint/roof-eave and sub-pixel projection rounding while remaining far below the locked 20.0 m loss-region split buffer and avoiding adjacent-roof capture,"T0-1 audit-only implementation choice; not a loss address, training prior, or pass/fail threshold",visible iff official P_ref > 0; top 3 deterministic views by official P_ref roof pixel area; tie by view stem,45.7,558.3,556.0
reference_only,self_consistency_not_a_gate,not_applicable,view_candidate,DEBY_LOD2_4907198,DJI_20241217102719_0015_D,DJI_20241217102719_0015_D.JPG,15,False,False,True,this_view,0,59,5378,11434,3105,13707,0.22652659225213395,2,8.0,True,defined,0.10154796822014116,0.5292143970449739,0.2318202898211547,1.8545623185692377,-27.070999999999913,1.0,1.0 m absorbs footprint/roof-eave and sub-pixel projection rounding while remaining far below the locked 20.0 m loss-region split buffer and avoiding adjacent-roof capture,"T0-1 audit-only implementation choice; not a loss address, training prior, or pass/fail threshold",visible iff official P_ref > 0; top 3 deterministic views by official P_ref roof pixel area; tie by view stem,45.7,558.3,556.0
reference_only,self_consistency_not_a_gate,not_applicable,view_candidate,DEBY_LOD2_4907198,DJI_20241217102741_0026_D,DJI_20241217102741_0026_D.JPG,16,False,False,True,this_view,0,59,5360,8069,2589,10840,0.23883763837638378,1,7.0710678118654755,True,defined,0.10544803951476894,0.5759638680574775,0.24644322006905373,1.7426167208827656,-27.070999999999913,1.0,1.0 m absorbs footprint/roof-eave and sub-pixel projection rounding while remaining far below the locked 20.0 m loss-region split buffer and avoiding adjacent-roof capture,"T0-1 audit-only implementation choice; not a loss address, training prior, or pass/fail threshold",visible iff official P_ref > 0; top 3 deterministic views by official P_ref roof pixel area; tie by view stem,45.7,558.3,556.0
reference_only,self_consistency_not_a_gate,not_applicable,view_candidate,DEBY_LOD2_4907198,DJI_20241217102701_0006_D,DJI_20241217102701_0006_D.JPG,17,False,False,True,this_view,0,59,5310,7937,2809,10438,0.269112856869132,1,5.0,True,defined,0.10734761604095094,0.6767158439530183,0.2695251984240002,1.347625992120001,-27.070999999999913,1.0,1.0 m absorbs footprint/roof-eave and sub-pixel projection rounding while remaining far below the locked 20.0 m loss-region split buffer and avoiding adjacent-roof capture,"T0-1 audit-only implementation choice; not a loss address, training prior, or pass/fail threshold",visible iff official P_ref > 0; top 3 deterministic views by official P_ref roof pixel area; tie by view stem,45.7,558.3,556.0
reference_only,self_consistency_not_a_gate,not_applicable,view_candidate,DEBY_LOD2_4907198,DJI_20241217102915_0003_D,DJI_20241217102915_0003_D.JPG,18,False,False,True,this_view,0,59,5187,6900,2939,9148,0.32127240926978573,1,6.0,True,defined,0.11640212686107171,0.5804197699689878,0.2599270968879624,1.5595625813277745,-27.070999999999913,1.0,1.0 m absorbs footprint/roof-eave and sub-pixel projection rounding while remaining far below the locked 20.0 m loss-region split buffer and avoiding adjacent-roof capture,"T0-1 audit-only implementation choice; not a loss address, training prior, or pass/fail threshold",visible iff official P_ref > 0; top 3 deterministic views by official P_ref roof pixel area; tie by view stem,45.7,558.3,556.0
reference_only,self_consistency_not_a_gate,not_applicable,view_candidate,DEBY_LOD2_4907198,DJI_20241217102913_0002_D,DJI_20241217102913_0002_D.JPG,19,False,False,True,this_view,0,59,5171,6876,2926,9121,0.3207981580966999,1,6.0,True,defined,0.1163529403007477,0.5803422414227426,0.25985481748519207,1.5591289049111525,-27.070999999999913,1.0,1.0 m absorbs footprint/roof-eave and sub-pixel projection rounding while remaining far below the locked 20.0 m loss-region split buffer and avoiding adjacent-roof capture,"T0-1 audit-only implementation choice; not a loss address, training prior, or pass/fail threshold",visible iff official P_ref > 0; top 3 deterministic views by official P_ref roof pixel area; tie by view stem,45.7,558.3,556.0
reference_only,self_consistency_not_a_gate,not_applicable,view_candidate,DEBY_LOD2_4907198,DJI_20241217102919_0005_D,DJI_20241217102919_0005_D.JPG,20,False,False,True,this_view,0,59,4845,6425,2748,8522,0.3224595165454119,1,6.0,True,defined,0.11878018407212446,0.603970816703834,0.2678427986380682,1.607056791828409,-27.070999999999913,1.0,1.0 m absorbs footprint/roof-eave and sub-pixel projection rounding while remaining far below the locked 20.0 m loss-region split buffer and avoiding adjacent-roof capture,"T0-1 audit-only implementation choice; not a loss address, training prior, or pass/fail threshold",visible iff official P_ref > 0; top 3 deterministic views by official P_ref roof pixel area; tie by view stem,45.7,558.3,556.0
reference_only,self_consistency_not_a_gate,not_applicable,view_candidate,DEBY_LOD2_4907198,DJI_20241217102703_0007_D,DJI_20241217102703_0007_D.JPG,21,False,False,True,this_view,0,59,4732,8017,2370,10379,0.22834569804412758,1,5.0,True,defined,0.11008992410838254,0.7032415511705932,0.2782441535742159,1.3912207678710795,-27.070999999999913,1.0,1.0 m absorbs footprint/roof-eave and sub-pixel projection rounding while remaining far below the locked 20.0 m loss-region split buffer and avoiding adjacent-roof capture,"T0-1 audit-only implementation choice; not a loss address, training prior, or pass/fail threshold",visible iff official P_ref > 0; top 3 deterministic views by official P_ref roof pixel area; tie by view stem,45.7,558.3,556.0
reference_only,self_consistency_not_a_gate,not_applicable,view_candidate,DEBY_LOD2_4907198,DJI_20241217102531_0018_D,DJI_20241217102531_0018_D.JPG,22,False,False,True,this_view,0,59,4223,6350,2199,8374,0.2625985192261763,1,4.47213595499958,True,defined,0.11556013409395051,0.6922890666322813,0.2828445109451521,1.2649191070720869,-27.070999999999913,1.0,1.0 m absorbs footprint/roof-eave and sub-pixel projection rounding while remaining far below the locked 20.0 m loss-region split buffer and avoiding adjacent-roof capture,"T0-1 audit-only implementation choice; not a loss address, training prior, or pass/fail threshold",visible iff official P_ref > 0; top 3 deterministic views by official P_ref roof pixel area; tie by view stem,45.7,558.3,556.0
reference_only,self_consistency_not_a_gate,not_applicable,view_candidate,DEBY_LOD2_4907198,DJI_20241217102721_0016_D,DJI_20241217102721_0016_D.JPG,23,False,False,True,this_view,0,59,4070,9154,2341,10883,0.2151061288247726,1,7.0,True,defined,0.11022012969294419,0.6186665898338625,0.2611312156142575,1.8279185092998025,-27.070999999999913,1.0,1.0 m absorbs footprint/roof-eave and sub-pixel projection rounding while remaining far below the locked 20.0 m loss-region split buffer and avoiding adjacent-roof capture,"T0-1 audit-only implementation choice; not a loss address, training prior, or pass/fail threshold",visible iff official P_ref > 0; top 3 deterministic views by official P_ref roof pixel area; tie by view stem,45.7,558.3,556.0
reference_only,self_consistency_not_a_gate,not_applicable,view_candidate,DEBY_LOD2_4907198,DJI_20241217102731_0021_D,DJI_20241217102731_0021_D.JPG,24,False,False,True,this_view,0,59,3954,7493,2325,9122,0.25487831615873713,1,7.0,True,defined,0.11437285652361844,0.6594096461472408,0.2746244068707084,1.9223708480949586,-27.070999999999913,1.0,1.0 m absorbs footprint/roof-eave and sub-pixel projection rounding while remaining far below the locked 20.0 m loss-region split buffer and avoiding adjacent-roof capture,"T0-1 audit-only implementation choice; not a loss address, training prior, or pass/fail threshold",visible iff official P_ref > 0; top 3 deterministic views by official P_ref roof pixel area; tie by view stem,45.7,558.3,556.0
reference_only,self_consistency_not_a_gate,not_applicable,view_candidate,DEBY_LOD2_4907198,DJI_20241217102525_0015_D,DJI_20241217102525_0015_D.JPG,25,False,False,True,this_view,0,59,3873,6156,2029,8000,0.253625,1,4.0,True,defined,0.12286949156845016,0.7694040016411876,0.30746752428896246,1.2298700971558498,-27.070999999999913,1.0,1.0 m absorbs footprint/roof-eave and sub-pixel projection rounding while remaining far below the locked 20.0 m loss-region split buffer and avoiding adjacent-roof capture,"T0-1 audit-only implementation choice; not a loss address, training prior, or pass/fail threshold",visible iff official P_ref > 0; top 3 deterministic views by official P_ref roof pixel area; tie by view stem,45.7,558.3,556.0
reference_only,self_consistency_not_a_gate,not_applicable,view_candidate,DEBY_LOD2_4907198,DJI_20241217102729_0020_D,DJI_20241217102729_0020_D.JPG,26,False,False,True,this_view,0,59,3857,8252,2458,9651,0.25468863330224845,1,6.0,True,defined,0.11127235593636019,0.6230274617685774,0.26329780379646195,1.5797868227787717,-27.070999999999913,1.0,1.0 m absorbs footprint/roof-eave and sub-pixel projection rounding while remaining far below the locked 20.0 m loss-region split buffer and avoiding adjacent-roof capture,"T0-1 audit-only implementation choice; not a loss address, training prior, or pass/fail threshold",visible iff official P_ref > 0; top 3 deterministic views by official P_ref roof pixel area; tie by view stem,45.7,558.3,556.0
reference_only,self_consistency_not_a_gate,not_applicable,view_candidate,DEBY_LOD2_4907198,DJI_20241217102941_0016_D,DJI_20241217102941_0016_D.JPG,27,False,False,True,this_view,0,59,3665,5727,2607,6785,0.3842299189388357,1,5.385164807134504,True,defined,0.12763619323250014,0.752651419406247,0.30994444986811953,1.6691019435964618,-27.070999999999913,1.0,1.0 m absorbs footprint/roof-eave and sub-pixel projection rounding while remaining far below the locked 20.0 m loss-region split buffer and avoiding adjacent-roof capture,"T0-1 audit-only implementation choice; not a loss address, training prior, or pass/fail threshold",visible iff official P_ref > 0; top 3 deterministic views by official P_ref roof pixel area; tie by view stem,45.7,558.3,556.0
reference_only,self_consistency_not_a_gate,not_applicable,view_candidate,DEBY_LOD2_4907198,DJI_20241217102943_0017_D,DJI_20241217102943_0017_D.JPG,28,False,False,True,this_view,0,59,3524,4715,2436,5803,0.41978287092882993,1,5.0,True,defined,0.13302567393228448,0.7547508730991436,0.31686155264562105,1.5843077632281053,-27.070999999999913,1.0,1.0 m absorbs footprint/roof-eave and sub-pixel projection rounding while remaining far below the locked 20.0 m loss-region split buffer and avoiding adjacent-roof capture,"T0-1 audit-only implementation choice; not a loss address, training prior, or pass/fail threshold",visible iff official P_ref > 0; top 3 deterministic views by official P_ref roof pixel area; tie by view stem,45.7,558.3,556.0
reference_only,self_consistency_not_a_gate,not_applicable,view_candidate,DEBY_LOD2_4907198,DJI_20241217084849_0188_D,DJI_20241217084849_0188_D.JPG,29,False,False,True,this_view,0,59,3279,4558,2487,5350,0.4648598130841122,1,10.04987562112089,True,defined,0.06495401747410695,0.0655311978303447,0.06524196938299279,0.6556736775760548,-27.070999999999913,1.0,1.0 m absorbs footprint/roof-eave and sub-pixel projection rounding while remaining far below the locked 20.0 m loss-region split buffer and avoiding adjacent-roof capture,"T0-1 audit-only implementation choice; not a loss address, training prior, or pass/fail threshold",visible iff official P_ref > 0; top 3 deterministic views by official P_ref roof pixel area; tie by view stem,45.7,558.3,556.0
reference_only,self_consistency_not_a_gate,not_applicable,view_candidate,DEBY_LOD2_4907198,DJI_20241217102529_0017_D,DJI_20241217102529_0017_D.JPG,30,False,False,True,this_view,0,59,3278,4808,1700,6386,0.2662073285311619,1,4.0,True,defined,0.13289870761344694,0.8115752785823415,0.328416360211571,1.313665440846284,-27.070999999999913,1.0,1.0 m absorbs footprint/roof-eave and sub-pixel projection rounding while remaining far below the locked 20.0 m loss-region split buffer and avoiding adjacent-roof capture,"T0-1 audit-only implementation choice; not a loss address, training prior, or pass/fail threshold",visible iff official P_ref > 0; top 3 deterministic views by official P_ref roof pixel area; tie by view stem,45.7,558.3,556.0
reference_only,self_consistency_not_a_gate,not_applicable,view_candidate,DEBY_LOD2_4907198,DJI_20241217102527_0016_D,DJI_20241217102527_0016_D.JPG,31,False,False,True,this_view,0,59,3260,4945,1703,6502,0.2619194094124885,1,4.0,True,defined,0.1317315848338505,0.8125089799806362,0.32715912890302257,1.3086365156120903,-27.070999999999913,1.0,1.0 m absorbs footprint/roof-eave and sub-pixel projection rounding while remaining far below the locked 20.0 m loss-region split buffer and avoiding adjacent-roof capture,"T0-1 audit-only implementation choice; not a loss address, training prior, or pass/fail threshold",visible iff official P_ref > 0; top 3 deterministic views by official P_ref roof pixel area; tie by view stem,45.7,558.3,556.0
reference_only,self_consistency_not_a_gate,not_applicable,view_candidate,DEBY_LOD2_4907198,DJI_20241217102937_0014_D,DJI_20241217102937_0014_D.JPG,32,False,False,True,this_view,0,59,2592,3543,1767,4368,0.40453296703296704,1,6.0,True,defined,0.12120654283556506,0.7616909249116588,0.3038452298749581,1.8230713792497486,-27.070999999999913,1.0,1.0 m absorbs footprint/roof-eave and sub-pixel projection rounding while remaining far below the locked 20.0 m loss-region split buffer and avoiding adjacent-roof capture,"T0-1 audit-only implementation choice; not a loss address, training prior, or pass/fail threshold",visible iff official P_ref > 0; top 3 deterministic views by official P_ref roof pixel area; tie by view stem,45.7,558.3,556.0
reference_only,self_consistency_not_a_gate,not_applicable,view_candidate,DEBY_LOD2_4907198,DJI_20241217102917_0004_D,DJI_20241217102917_0004_D.JPG,33,False,False,True,this_view,0,59,2024,893,676,2241,0.30165104863900044,1,7.280109889280518,True,defined,0.11387090532798201,0.5528727893277644,0.2509105917492508,1.8266566803189475,-27.070999999999913,1.0,1.0 m absorbs footprint/roof-eave and sub-pixel projection rounding while remaining far below the locked 20.0 m loss-region split buffer and avoiding adjacent-roof capture,"T0-1 audit-only implementation choice; not a loss address, training prior, or pass/fail threshold",visible iff official P_ref > 0; top 3 deterministic views by official P_ref roof pixel area; tie by view stem,45.7,558.3,556.0
reference_only,self_consistency_not_a_gate,not_applicable,view_candidate,DEBY_LOD2_4907198,DJI_20241217084851_0189_D,DJI_20241217084851_0189_D.JPG,34,False,False,True,this_view,0,59,1720,9357,1362,9715,0.14019557385486361,1,3.1622776601683795,True,defined,0.06490807152034518,0.0654473287106042,0.06517714241023027,0.20610822139748425,-27.070999999999913,1.0,1.0 m absorbs footprint/roof-eave and sub-pixel projection rounding while remaining far below the locked 20.0 m loss-region split buffer and avoiding adjacent-roof capture,"T0-1 audit-only implementation choice; not a loss address, training prior, or pass/fail threshold",visible iff official P_ref > 0; top 3 deterministic views by official P_ref roof pixel area; tie by view stem,45.7,558.3,556.0
reference_only,self_consistency_not_a_gate,not_applicable,view_candidate,DEBY_LOD2_4907198,DJI_20241217100255_0002_D,DJI_20241217100255_0002_D.JPG,35,False,False,True,this_view,0,59,1425,2481,850,3056,0.2781413612565445,2,5.0,True,defined,0.1779516383711902,1.3879639109299338,0.4969813396396956,2.484906698198478,-27.070999999999913,1.0,1.0 m absorbs footprint/roof-eave and sub-pixel projection rounding while remaining far below the locked 20.0 m loss-region split buffer and avoiding adjacent-roof capture,"T0-1 audit-only implementation choice; not a loss address, training prior, or pass/fail threshold",visible iff official P_ref > 0; top 3 deterministic views by official P_ref roof pixel area; tie by view stem,45.7,558.3,556.0
reference_only,self_consistency_not_a_gate,not_applicable,view_candidate,DEBY_LOD2_4907198,DJI_20241217100257_0003_D,DJI_20241217100257_0003_D.JPG,36,False,False,True,this_view,0,59,1296,2425,890,2831,0.31437654539032145,2,5.0,True,defined,0.17400698427548364,1.3035586154083278,0.47626495093962995,2.3813247546981495,-27.070999999999913,1.0,1.0 m absorbs footprint/roof-eave and sub-pixel projection rounding while remaining far below the locked 20.0 m loss-region split buffer and avoiding adjacent-roof capture,"T0-1 audit-only implementation choice; not a loss address, training prior, or pass/fail threshold",visible iff official P_ref > 0; top 3 deterministic views by official P_ref roof pixel area; tie by view stem,45.7,558.3,556.0
reference_only,self_consistency_not_a_gate,not_applicable,view_candidate,DEBY_LOD2_4907198,DJI_20241217103457_0038_D,DJI_20241217103457_0038_D.JPG,37,False,False,True,this_view,0,59,1004,2730,375,3359,0.11164036915748735,1,3.0,True,defined,0.19311301398032876,1.1851959137056927,0.4784106552459675,1.4352319657379025,-27.070999999999913,1.0,1.0 m absorbs footprint/roof-eave and sub-pixel projection rounding while remaining far below the locked 20.0 m loss-region split buffer and avoiding adjacent-roof capture,"T0-1 audit-only implementation choice; not a loss address, training prior, or pass/fail threshold",visible iff official P_ref > 0; top 3 deterministic views by official P_ref roof pixel area; tie by view stem,45.7,558.3,556.0
reference_only,self_consistency_not_a_gate,not_applicable,view_candidate,DEBY_LOD2_4907198,DJI_20241217100259_0004_D,DJI_20241217100259_0004_D.JPG,38,False,False,True,this_view,0,59,982,2103,672,2413,0.2784915043514298,2,4.47213595499958,True,defined,0.1749265169058505,1.3185789777442047,0.4802649558754737,2.1478101770969924,-27.070999999999913,1.0,1.0 m absorbs footprint/roof-eave and sub-pixel projection rounding while remaining far below the locked 20.0 m loss-region split buffer and avoiding adjacent-roof capture,"T0-1 audit-only implementation choice; not a loss address, training prior, or pass/fail threshold",visible iff official P_ref > 0; top 3 deterministic views by official P_ref roof pixel area; tie by view stem,45.7,558.3,556.0
reference_only,self_consistency_not_a_gate,not_applicable,view_candidate,DEBY_LOD2_4907198,DJI_20241217100301_0005_D,DJI_20241217100301_0005_D.JPG,39,False,False,True,this_view,0,59,906,2041,625,2322,0.26916451335055985,2,4.73606797749979,True,defined,0.17470881256147994,1.3201620180181604,0.4802540354403281,2.274515758313987,-27.070999999999913,1.0,1.0 m absorbs footprint/roof-eave and sub-pixel projection rounding while remaining far below the locked 20.0 m loss-region split buffer and avoiding adjacent-roof capture,"T0-1 audit-only implementation choice; not a loss address, training prior, or pass/fail threshold",visible iff official P_ref > 0; top 3 deterministic views by official P_ref roof pixel area; tie by view stem,45.7,558.3,556.0
reference_only,self_consistency_not_a_gate,not_applicable,view_candidate,DEBY_LOD2_4907198,DJI_20241217103459_0039_D,DJI_20241217103459_0039_D.JPG,40,False,False,True,this_view,0,59,863,2374,329,2908,0.11313617606602476,1,3.0,True,defined,0.20215652150238678,1.3199220591957972,0.516556726934506,1.5496701808035183,-27.070999999999913,1.0,1.0 m absorbs footprint/roof-eave and sub-pixel projection rounding while remaining far below the locked 20.0 m loss-region split buffer and avoiding adjacent-roof capture,"T0-1 audit-only implementation choice; not a loss address, training prior, or pass/fail threshold",visible iff official P_ref > 0; top 3 deterministic views by official P_ref roof pixel area; tie by view stem,45.7,558.3,556.0
reference_only,self_consistency_not_a_gate,not_applicable,view_candidate,DEBY_LOD2_4907198,DJI_20241217103543_0061_D,DJI_20241217103543_0061_D.JPG,41,False,False,True,this_view,0,59,842,2962,214,3590,0.0596100278551532,1,4.0,True,defined,0.18854277014450932,1.0935878930914833,0.45407938816903565,1.8163175526761426,-27.070999999999913,1.0,1.0 m absorbs footprint/roof-eave and sub-pixel projection rounding while remaining far below the locked 20.0 m loss-region split buffer and avoiding adjacent-roof capture,"T0-1 audit-only implementation choice; not a loss address, training prior, or pass/fail threshold",visible iff official P_ref > 0; top 3 deterministic views by official P_ref roof pixel area; tie by view stem,45.7,558.3,556.0
reference_only,self_consistency_not_a_gate,not_applicable,view_candidate,DEBY_LOD2_4907198,DJI_20241217103553_0066_D,DJI_20241217103553_0066_D.JPG,42,False,False,True,this_view,0,59,820,2260,409,2671,0.15312616997379258,1,3.0,True,defined,0.20040344995155293,1.2109224137902326,0.49261854344637146,1.4778556303391144,-27.070999999999913,1.0,1.0 m absorbs footprint/roof-eave and sub-pixel projection rounding while remaining far below the locked 20.0 m loss-region split buffer and avoiding adjacent-roof capture,"T0-1 audit-only implementation choice; not a loss address, training prior, or pass/fail threshold",visible iff official P_ref > 0; top 3 deterministic views by official P_ref roof pixel area; tie by view stem,45.7,558.3,556.0
reference_only,self_consistency_not_a_gate,not_applicable,view_candidate,DEBY_LOD2_4907198,DJI_20241217103545_0062_D,DJI_20241217103545_0062_D.JPG,43,False,False,True,this_view,0,59,733,2673,191,3215,0.0594090202177294,1,4.0,True,defined,0.19552912375284437,1.1765046952742124,0.4796258251575638,1.9185033006302552,-27.070999999999913,1.0,1.0 m absorbs footprint/roof-eave and sub-pixel projection rounding while remaining far below the locked 20.0 m loss-region split buffer and avoiding adjacent-roof capture,"T0-1 audit-only implementation choice; not a loss address, training prior, or pass/fail threshold",visible iff official P_ref > 0; top 3 deterministic views by official P_ref roof pixel area; tie by view stem,45.7,558.3,556.0
reference_only,self_consistency_not_a_gate,not_applicable,view_candidate,DEBY_LOD2_4907198,DJI_20241217103551_0065_D,DJI_20241217103551_0065_D.JPG,44,False,False,True,this_view,0,59,651,2147,291,2507,0.11607499002792182,1,3.605551275463989,True,defined,0.2069680870886094,1.29780762253992,0.5182709340162761,1.8686524271782972,-27.070999999999913,1.0,1.0 m absorbs footprint/roof-eave and sub-pixel projection rounding while remaining far below the locked 20.0 m loss-region split buffer and avoiding adjacent-roof capture,"T0-1 audit-only implementation choice; not a loss address, training prior, or pass/fail threshold",visible iff official P_ref > 0; top 3 deterministic views by official P_ref roof pixel area; tie by view stem,45.7,558.3,556.0
reference_only,self_consistency_not_a_gate,not_applicable,view_candidate,DEBY_LOD2_4907198,DJI_20241217103549_0064_D,DJI_20241217103549_0064_D.JPG,45,False,False,True,this_view,0,59,642,2225,241,2626,0.09177456207159178,1,4.0,True,defined,0.20545268721724014,1.2779889066089165,0.5124121925721756,2.0496487702887025,-27.070999999999913,1.0,1.0 m absorbs footprint/roof-eave and sub-pixel projection rounding while remaining far below the locked 20.0 m loss-region split buffer and avoiding adjacent-roof capture,"T0-1 audit-only implementation choice; not a loss address, training prior, or pass/fail threshold",visible iff official P_ref > 0; top 3 deterministic views by official P_ref roof pixel area; tie by view stem,45.7,558.3,556.0
reference_only,self_consistency_not_a_gate,not_applicable,view_candidate,DEBY_LOD2_4907198,DJI_20241217095125_0069_D,DJI_20241217095125_0069_D.JPG,46,False,False,True,this_view,0,59,628,1474,398,1704,0.2335680751173709,1,6.0,True,defined,0.13805585620267594,0.9120714026372713,0.3548475706681167,2.1290854240087,-27.070999999999913,1.0,1.0 m absorbs footprint/roof-eave and sub-pixel projection rounding while remaining far below the locked 20.0 m loss-region split buffer and avoiding adjacent-roof capture,"T0-1 audit-only implementation choice; not a loss address, training prior, or pass/fail threshold",visible iff official P_ref > 0; top 3 deterministic views by official P_ref roof pixel area; tie by view stem,45.7,558.3,556.0
reference_only,self_consistency_not_a_gate,not_applicable,view_candidate,DEBY_LOD2_4907198,DJI_20241217103547_0063_D,DJI_20241217103547_0063_D.JPG,47,False,False,True,this_view,0,59,623,2309,192,2740,0.07007299270072993,1,3.0,True,defined,0.20561648804185378,1.288198458818207,0.5146599294710327,1.5439797884130981,-27.070999999999913,1.0,1.0 m absorbs footprint/roof-eave and sub-pixel projection rounding while remaining far below the locked 20.0 m loss-region split buffer and avoiding adjacent-roof capture,"T0-1 audit-only implementation choice; not a loss address, training prior, or pass/fail threshold",visible iff official P_ref > 0; top 3 deterministic views by official P_ref roof pixel area; tie by view stem,45.7,558.3,556.0
reference_only,self_consistency_not_a_gate,not_applicable,view_candidate,DEBY_LOD2_4907198,DJI_20241217095127_0070_D,DJI_20241217095127_0070_D.JPG,48,False,False,True,this_view,0,59,595,1518,370,1743,0.21227768215720022,1,6.0,True,defined,0.13267824849575754,0.8317500948074266,0.3321974499679816,1.9931846998078897,-27.070999999999913,1.0,1.0 m absorbs footprint/roof-eave and sub-pixel projection rounding while remaining far below the locked 20.0 m loss-region split buffer and avoiding adjacent-roof capture,"T0-1 audit-only implementation choice; not a loss address, training prior, or pass/fail threshold",visible iff official P_ref > 0; top 3 deterministic views by official P_ref roof pixel area; tie by view stem,45.7,558.3,556.0
reference_only,self_consistency_not_a_gate,not_applicable,view_candidate,DEBY_LOD2_4907198,DJI_20241217095123_0068_D,DJI_20241217095123_0068_D.JPG,49,False,False,True,this_view,0,59,441,1182,262,1361,0.19250551065393093,1,6.0,True,defined,0.14120226434517352,0.9623324444026896,0.36862381936397653,2.211742916183859,-27.070999999999913,1.0,1.0 m absorbs footprint/roof-eave and sub-pixel projection rounding while remaining far below the locked 20.0 m loss-region split buffer and avoiding adjacent-roof capture,"T0-1 audit-only implementation choice; not a loss address, training prior, or pass/fail threshold",visible iff official P_ref > 0; top 3 deterministic views by official P_ref roof pixel area; tie by view stem,45.7,558.3,556.0
reference_only,self_consistency_not_a_gate,not_applicable,view_candidate,DEBY_LOD2_4907198,DJI_20241217101453_0037_D,DJI_20241217101453_0037_D.JPG,50,False,False,True,this_view,0,59,435,999,133,1301,0.10222905457340507,1,3.0,True,defined,0.26988421097936893,1.80860564277336,0.6986516348458097,2.0959549045374293,-27.070999999999913,1.0,1.0 m absorbs footprint/roof-eave and sub-pixel projection rounding while remaining far below the locked 20.0 m loss-region split buffer and avoiding adjacent-roof capture,"T0-1 audit-only implementation choice; not a loss address, training prior, or pass/fail threshold",visible iff official P_ref > 0; top 3 deterministic views by official P_ref roof pixel area; tie by view stem,45.7,558.3,556.0
reference_only,self_consistency_not_a_gate,not_applicable,view_candidate,DEBY_LOD2_4907198,DJI_20241217102939_0015_D,DJI_20241217102939_0015_D.JPG,51,False,False,True,this_view,0,59,332,1176,32,1476,0.02168021680216802,1,5.5,True,defined,0.11621235415126065,0.7013637100371958,0.28549453210120274,1.570219926556615,-27.070999999999913,1.0,1.0 m absorbs footprint/roof-eave and sub-pixel projection rounding while remaining far below the locked 20.0 m loss-region split buffer and avoiding adjacent-roof capture,"T0-1 audit-only implementation choice; not a loss address, training prior, or pass/fail threshold",visible iff official P_ref > 0; top 3 deterministic views by official P_ref roof pixel area; tie by view stem,45.7,558.3,556.0
reference_only,self_consistency_not_a_gate,not_applicable,view_candidate,DEBY_LOD2_4907198,DJI_20241217101530_0002_D,DJI_20241217101530_0002_D.JPG,52,False,False,True,this_view,0,59,220,722,76,866,0.08775981524249422,1,3.0,True,defined,0.2939765393317399,2.1003107553565235,0.7857748324939806,2.357324497481942,-27.070999999999913,1.0,1.0 m absorbs footprint/roof-eave and sub-pixel projection rounding while remaining far below the locked 20.0 m loss-region split buffer and avoiding adjacent-roof capture,"T0-1 audit-only implementation choice; not a loss address, training prior, or pass/fail threshold",visible iff official P_ref > 0; top 3 deterministic views by official P_ref roof pixel area; tie by view stem,45.7,558.3,556.0
reference_only,self_consistency_not_a_gate,not_applicable,view_candidate,DEBY_LOD2_4907198,DJI_20241217101544_0009_D,DJI_20241217101544_0009_D.JPG,53,False,False,True,this_view,0,59,157,693,89,761,0.11695137976346912,1,2.23606797749979,True,defined,0.28612626520193496,2.746472540214011,0.8864750026995156,1.9822183663904267,-27.070999999999913,1.0,1.0 m absorbs footprint/roof-eave and sub-pixel projection rounding while remaining far below the locked 20.0 m loss-region split buffer and avoiding adjacent-roof capture,"T0-1 audit-only implementation choice; not a loss address, training prior, or pass/fail threshold",visible iff official P_ref > 0; top 3 deterministic views by official P_ref roof pixel area; tie by view stem,45.7,558.3,556.0
reference_only,self_consistency_not_a_gate,not_applicable,view_candidate,DEBY_LOD2_4907198,DJI_20241217101546_0010_D,DJI_20241217101546_0010_D.JPG,54,False,False,True,this_view,0,59,117,621,66,672,0.09821428571428571,1,2.0,True,defined,0.2952205950844841,2.914497720287306,0.9275881367048583,1.8551762734097166,-27.070999999999913,1.0,1.0 m absorbs footprint/roof-eave and sub-pixel projection rounding while remaining far below the locked 20.0 m loss-region split buffer and avoiding adjacent-roof capture,"T0-1 audit-only implementation choice; not a loss address, training prior, or pass/fail threshold",visible iff official P_ref > 0; top 3 deterministic views by official P_ref roof pixel area; tie by view stem,45.7,558.3,556.0
reference_only,self_consistency_not_a_gate,not_applicable,view_candidate,DEBY_LOD2_4907198,DJI_20241217084853_0190_D,DJI_20241217084853_0190_D.JPG,55,False,False,False,this_view,0,59,41,1999,0,2040,0.0,0,16.0,True,defined,0.06480300926508885,0.06522658472753394,0.06501445204282263,1.0402312326851622,-27.070999999999913,1.0,1.0 m absorbs footprint/roof-eave and sub-pixel projection rounding while remaining far below the locked 20.0 m loss-region split buffer and avoiding adjacent-roof capture,"T0-1 audit-only implementation choice; not a loss address, training prior, or pass/fail threshold",visible iff official P_ref > 0; top 3 deterministic views by official P_ref roof pixel area; tie by view stem,45.7,558.3,556.0
reference_only,self_consistency_not_a_gate,not_applicable,view_candidate,DEBY_LOD2_4907198,DJI_20241217102929_0010_D,DJI_20241217102929_0010_D.JPG,56,False,False,False,this_view,0,59,32,0,0,32,0.0,0,,False,undefined_no_measured_boundary,0.08015241838687232,0.28248003710131114,0.1504707882603248,,-27.070999999999913,1.0,1.0 m absorbs footprint/roof-eave and sub-pixel projection rounding while remaining far below the locked 20.0 m loss-region split buffer and avoiding adjacent-roof capture,"T0-1 audit-only implementation choice; not a loss address, training prior, or pass/fail threshold",visible iff official P_ref > 0; top 3 deterministic views by official P_ref roof pixel area; tie by view stem,45.7,558.3,556.0
reference_only,self_consistency_not_a_gate,not_applicable,view_candidate,DEBY_LOD2_4907198,DJI_20241217101556_0015_D,DJI_20241217101556_0015_D.JPG,57,False,False,False,this_view,0,59,30,699,25,704,0.03551136363636364,1,2.0,True,defined,0.27664175734019397,2.5687069757418866,0.8429778240625613,1.6859556481251226,-27.070999999999913,1.0,1.0 m absorbs footprint/roof-eave and sub-pixel projection rounding while remaining far below the locked 20.0 m loss-region split buffer and avoiding adjacent-roof capture,"T0-1 audit-only implementation choice; not a loss address, training prior, or pass/fail threshold",visible iff official P_ref > 0; top 3 deterministic views by official P_ref roof pixel area; tie by view stem,45.7,558.3,556.0
reference_only,self_consistency_not_a_gate,not_applicable,view_candidate,DEBY_LOD2_4907198,DJI_20241217101558_0016_D,DJI_20241217101558_0016_D.JPG,58,False,False,False,this_view,0,59,7,591,7,591,0.011844331641285956,1,1.0,True,defined,0.29334828399955143,2.88957256125114,0.920679722995576,0.920679722995576,-27.070999999999913,1.0,1.0 m absorbs footprint/roof-eave and sub-pixel projection rounding while remaining far below the locked 20.0 m loss-region split buffer and avoiding adjacent-roof capture,"T0-1 audit-only implementation choice; not a loss address, training prior, or pass/fail threshold",visible iff official P_ref > 0; top 3 deterministic views by official P_ref roof pixel area; tie by view stem,45.7,558.3,556.0
reference_only,self_consistency_not_a_gate,not_applicable,view_candidate,DEBY_LOD2_4907198,DJI_20241217095121_0067_D,DJI_20241217095121_0067_D.JPG,59,False,False,False,this_view,0,59,1,595,0,596,0.0,0,6.0,True,defined,0.1449318341393015,1.0223349544628075,0.38492711005463615,2.309562660327817,-27.070999999999913,1.0,1.0 m absorbs footprint/roof-eave and sub-pixel projection rounding while remaining far below the locked 20.0 m loss-region split buffer and avoiding adjacent-roof capture,"T0-1 audit-only implementation choice; not a loss address, training prior, or pass/fail threshold",visible iff official P_ref > 0; top 3 deterministic views by official P_ref roof pixel area; tie by view stem,45.7,558.3,556.0
reference_only,self_consistency_not_a_gate,not_applicable,view_candidate,DEBY_LOD2_4907202,DJI_20241217095441_0023_D,DJI_20241217095441_0023_D.JPG,1,True,True,True,this_view,0,10,83334,101782,82514,102602,0.8042143428003353,2,9.0,True,defined,0.04318965191811629,0.04444298338842338,0.04381183610337086,0.39430652493033774,-37.03899999999999,1.0,1.0 m absorbs footprint/roof-eave and sub-pixel projection rounding while remaining far below the locked 20.0 m loss-region split buffer and avoiding adjacent-roof capture,"T0-1 audit-only implementation choice; not a loss address, training prior, or pass/fail threshold",visible iff official P_ref > 0; top 3 deterministic views by official P_ref roof pixel area; tie by view stem,45.7,558.3,556.0
reference_only,self_consistency_not_a_gate,not_applicable,view_candidate,DEBY_LOD2_4907202,DJI_20241217095439_0022_D,DJI_20241217095439_0022_D.JPG,2,True,True,True,this_view,0,10,53407,62906,52127,64186,0.8121241392203907,3,2.0,True,defined,0.03938941087712085,0.03699983923364909,0.03817593312496265,0.0763518662499253,-37.03899999999999,1.0,1.0 m absorbs footprint/roof-eave and sub-pixel projection rounding while remaining far below the locked 20.0 m loss-region split buffer and avoiding adjacent-roof capture,"T0-1 audit-only implementation choice; not a loss address, training prior, or pass/fail threshold",visible iff official P_ref > 0; top 3 deterministic views by official P_ref roof pixel area; tie by view stem,45.7,558.3,556.0
reference_only,self_consistency_not_a_gate,not_applicable,view_candidate,DEBY_LOD2_4907202,DJI_20241217095443_0024_D,DJI_20241217095443_0024_D.JPG,3,True,True,True,this_view,0,10,32202,35090,31377,35915,0.873646108868161,2,3.0,True,defined,0.03813269093344537,0.0346262074185088,0.036337177459007046,0.10901153237702113,-37.03899999999999,1.0,1.0 m absorbs footprint/roof-eave and sub-pixel projection rounding while remaining far below the locked 20.0 m loss-region split buffer and avoiding adjacent-roof capture,"T0-1 audit-only implementation choice; not a loss address, training prior, or pass/fail threshold",visible iff official P_ref > 0; top 3 deterministic views by official P_ref roof pixel area; tie by view stem,45.7,558.3,556.0
reference_only,self_consistency_not_a_gate,not_applicable,view_candidate,DEBY_LOD2_4907202,DJI_20241217095437_0021_D,DJI_20241217095437_0021_D.JPG,4,False,False,True,this_view,0,10,28899,31447,26912,33434,0.8049291140754921,3,3.0,True,defined,0.037986042914749094,0.03453657288848685,0.03622026697679659,0.10866080093038977,-37.03899999999999,1.0,1.0 m absorbs footprint/roof-eave and sub-pixel projection rounding while remaining far below the locked 20.0 m loss-region split buffer and avoiding adjacent-roof capture,"T0-1 audit-only implementation choice; not a loss address, training prior, or pass/fail threshold",visible iff official P_ref > 0; top 3 deterministic views by official P_ref roof pixel area; tie by view stem,45.7,558.3,556.0
reference_only,self_consistency_not_a_gate,not_applicable,view_candidate,DEBY_LOD2_4907202,DJI_20241217084859_0193_D,DJI_20241217084859_0193_D.JPG,5,False,False,True,this_view,0,10,16118,21518,13203,24433,0.5403757213604551,3,2.0,True,defined,0.075765402253362,0.07639187208551584,0.07607799233317401,0.15215598466634803,-37.03899999999999,1.0,1.0 m absorbs footprint/roof-eave and sub-pixel projection rounding while remaining far below the locked 20.0 m loss-region split buffer and avoiding adjacent-roof capture,"T0-1 audit-only implementation choice; not a loss address, training prior, or pass/fail threshold",visible iff official P_ref > 0; top 3 deterministic views by official P_ref roof pixel area; tie by view stem,45.7,558.3,556.0
reference_only,self_consistency_not_a_gate,not_applicable,view_candidate,DEBY_LOD2_4907202,DJI_20241217084901_0194_D,DJI_20241217084901_0194_D.JPG,6,False,False,True,this_view,0,10,14213,20842,11858,23197,0.5111867913954391,3,2.0,True,defined,0.07563498336278482,0.07612068217967707,0.07587744414662177,0.15175488829324355,-37.03899999999999,1.0,1.0 m absorbs footprint/roof-eave and sub-pixel projection rounding while remaining far below the locked 20.0 m loss-region split buffer and avoiding adjacent-roof capture,"T0-1 audit-only implementation choice; not a loss address, training prior, or pass/fail threshold",visible iff official P_ref > 0; top 3 deterministic views by official P_ref roof pixel area; tie by view stem,45.7,558.3,556.0
reference_only,self_consistency_not_a_gate,not_applicable,view_candidate,DEBY_LOD2_4907202,DJI_20241217084903_0195_D,DJI_20241217084903_0195_D.JPG,7,False,False,True,this_view,0,10,10689,17258,8837,19110,0.46242804814233385,2,1.0,True,defined,0.07549276455273685,0.07585812438945393,0.07567522397684244,0.07567522397684244,-37.03899999999999,1.0,1.0 m absorbs footprint/roof-eave and sub-pixel projection rounding while remaining far below the locked 20.0 m loss-region split buffer and avoiding adjacent-roof capture,"T0-1 audit-only implementation choice; not a loss address, training prior, or pass/fail threshold",visible iff official P_ref > 0; top 3 deterministic views by official P_ref roof pixel area; tie by view stem,45.7,558.3,556.0
reference_only,self_consistency_not_a_gate,not_applicable,view_candidate,DEBY_LOD2_4907202,DJI_20241217084905_0196_D,DJI_20241217084905_0196_D.JPG,8,False,False,True,this_view,0,10,7255,13793,5571,15477,0.35995347935646443,1,1.0,True,defined,0.0753180842321271,0.07559243127242102,0.07545513306520296,0.07545513306520296,-37.03899999999999,1.0,1.0 m absorbs footprint/roof-eave and sub-pixel projection rounding while remaining far below the locked 20.0 m loss-region split buffer and avoiding adjacent-roof capture,"T0-1 audit-only implementation choice; not a loss address, training prior, or pass/fail threshold",visible iff official P_ref > 0; top 3 deterministic views by official P_ref roof pixel area; tie by view stem,45.7,558.3,556.0
reference_only,self_consistency_not_a_gate,not_applicable,view_candidate,DEBY_LOD2_4907202,DJI_20241217084907_0197_D,DJI_20241217084907_0197_D.JPG,9,False,False,True,this_view,0,10,4016,11104,3057,12063,0.25341954737627453,1,2.23606797749979,True,defined,0.07521064101120448,0.07535318280630485,0.07528187817195224,0.16833539706634282,-37.03899999999999,1.0,1.0 m absorbs footprint/roof-eave and sub-pixel projection rounding while remaining far below the locked 20.0 m loss-region split buffer and avoiding adjacent-roof capture,"T0-1 audit-only implementation choice; not a loss address, training prior, or pass/fail threshold",visible iff official P_ref > 0; top 3 deterministic views by official P_ref roof pixel area; tie by view stem,45.7,558.3,556.0
reference_only,self_consistency_not_a_gate,not_applicable,view_candidate,DEBY_LOD2_4907202,DJI_20241217084909_0198_D,DJI_20241217084909_0198_D.JPG,10,False,False,True,this_view,0,10,817,8515,808,8524,0.09479117785077429,1,3.0,True,defined,0.07511908806219755,0.07515737183163494,0.07513822750866506,0.22541468252599517,-37.03899999999999,1.0,1.0 m absorbs footprint/roof-eave and sub-pixel projection rounding while remaining far below the locked 20.0 m loss-region split buffer and avoiding adjacent-roof capture,"T0-1 audit-only implementation choice; not a loss address, training prior, or pass/fail threshold",visible iff official P_ref > 0; top 3 deterministic views by official P_ref roof pixel area; tie by view stem,45.7,558.3,556.0
reference_only,self_consistency_not_a_gate,not_applicable,view_candidate,DEBY_LOD2_4908168,DJI_20241217095623_0074_D,DJI_20241217095623_0074_D.JPG,1,True,True,True,this_view,0,10,8639,7630,6822,9447,0.7221340107970784,1,6.0,True,defined,0.03678132572848992,0.03292975567182483,0.034802299773506025,0.20881379864103616,-37.35349999999994,1.0,1.0 m absorbs footprint/roof-eave and sub-pixel projection rounding while remaining far below the locked 20.0 m loss-region split buffer and avoiding adjacent-roof capture,"T0-1 audit-only implementation choice; not a loss address, training prior, or pass/fail threshold",visible iff official P_ref > 0; top 3 deterministic views by official P_ref roof pixel area; tie by view stem,45.7,558.3,556.0
reference_only,self_consistency_not_a_gate,not_applicable,view_candidate,DEBY_LOD2_4908168,DJI_20241217095615_0070_D,DJI_20241217095615_0070_D.JPG,2,True,True,True,this_view,0,10,7277,5893,4986,8184,0.6092375366568915,1,8.154234499766936,True,defined,0.036622264920148195,0.03286173881518328,0.034691083935593,0.282879233461923,-37.35349999999994,1.0,1.0 m absorbs footprint/roof-eave and sub-pixel projection rounding while remaining far below the locked 20.0 m loss-region split buffer and avoiding adjacent-roof capture,"T0-1 audit-only implementation choice; not a loss address, training prior, or pass/fail threshold",visible iff official P_ref > 0; top 3 deterministic views by official P_ref roof pixel area; tie by view stem,45.7,558.3,556.0
reference_only,self_consistency_not_a_gate,not_applicable,view_candidate,DEBY_LOD2_4908168,DJI_20241217095625_0075_D,DJI_20241217095625_0075_D.JPG,3,True,True,True,this_view,0,10,5373,3780,3628,5525,0.6566515837104072,1,3.0,True,defined,0.03656107707510696,0.03257527019334986,0.03451067898899555,0.10353203696698665,-37.35349999999994,1.0,1.0 m absorbs footprint/roof-eave and sub-pixel projection rounding while remaining far below the locked 20.0 m loss-region split buffer and avoiding adjacent-roof capture,"T0-1 audit-only implementation choice; not a loss address, training prior, or pass/fail threshold",visible iff official P_ref > 0; top 3 deterministic views by official P_ref roof pixel area; tie by view stem,45.7,558.3,556.0
reference_only,self_consistency_not_a_gate,not_applicable,view_candidate,DEBY_LOD2_4908168,DJI_20241217084841_0184_D,DJI_20241217084841_0184_D.JPG,4,False,False,True,this_view,0,10,2733,8690,2614,8809,0.2967419684413668,1,7.0,True,defined,0.0761564789446624,0.07675451175724339,0.07645491062416036,0.5351843743691226,-37.35349999999994,1.0,1.0 m absorbs footprint/roof-eave and sub-pixel projection rounding while remaining far below the locked 20.0 m loss-region split buffer and avoiding adjacent-roof capture,"T0-1 audit-only implementation choice; not a loss address, training prior, or pass/fail threshold",visible iff official P_ref > 0; top 3 deterministic views by official P_ref roof pixel area; tie by view stem,45.7,558.3,556.0
reference_only,self_consistency_not_a_gate,not_applicable,view_candidate,DEBY_LOD2_4908168,DJI_20241217084843_0185_D,DJI_20241217084843_0185_D.JPG,5,False,False,True,this_view,0,10,2401,8775,2220,8956,0.24787851719517642,1,7.280109889280518,True,defined,0.07599196358522291,0.07646465771233045,0.07622794424902163,0.5549478107668263,-37.35349999999994,1.0,1.0 m absorbs footprint/roof-eave and sub-pixel projection rounding while remaining far below the locked 20.0 m loss-region split buffer and avoiding adjacent-roof capture,"T0-1 audit-only implementation choice; not a loss address, training prior, or pass/fail threshold",visible iff official P_ref > 0; top 3 deterministic views by official P_ref roof pixel area; tie by view stem,45.7,558.3,556.0
reference_only,self_consistency_not_a_gate,not_applicable,view_candidate,DEBY_LOD2_4908168,DJI_20241217084845_0186_D,DJI_20241217084845_0186_D.JPG,6,False,False,True,this_view,0,10,1973,9217,1928,9262,0.20816238393435543,1,7.0,True,defined,0.07581182135165393,0.07615122277089874,0.07598133255226165,0.5318693278658315,-37.35349999999994,1.0,1.0 m absorbs footprint/roof-eave and sub-pixel projection rounding while remaining far below the locked 20.0 m loss-region split buffer and avoiding adjacent-roof capture,"T0-1 audit-only implementation choice; not a loss address, training prior, or pass/fail threshold",visible iff official P_ref > 0; top 3 deterministic views by official P_ref roof pixel area; tie by view stem,45.7,558.3,556.0
reference_only,self_consistency_not_a_gate,not_applicable,view_candidate,DEBY_LOD2_4908168,DJI_20241217084847_0187_D,DJI_20241217084847_0187_D.JPG,7,False,False,True,this_view,0,10,1691,9584,1691,9584,0.17643989983305508,1,12.165525060596439,True,defined,0.07562240675070503,0.07584179902304419,0.0757320234407207,0.9213198290577647,-37.35349999999994,1.0,1.0 m absorbs footprint/roof-eave and sub-pixel projection rounding while remaining far below the locked 20.0 m loss-region split buffer and avoiding adjacent-roof capture,"T0-1 audit-only implementation choice; not a loss address, training prior, or pass/fail threshold",visible iff official P_ref > 0; top 3 deterministic views by official P_ref roof pixel area; tie by view stem,45.7,558.3,556.0
reference_only,self_consistency_not_a_gate,not_applicable,view_candidate,DEBY_LOD2_4908168,DJI_20241217084849_0188_D,DJI_20241217084849_0188_D.JPG,8,False,False,True,this_view,0,10,1582,9606,1582,9606,0.16468873620653757,1,10.605318061589779,True,defined,0.07554421635565087,0.07562818234808558,0.07558618769251689,0.8016155615421644,-37.35349999999994,1.0,1.0 m absorbs footprint/roof-eave and sub-pixel projection rounding while remaining far below the locked 20.0 m loss-region split buffer and avoiding adjacent-roof capture,"T0-1 audit-only implementation choice; not a loss address, training prior, or pass/fail threshold",visible iff official P_ref > 0; top 3 deterministic views by official P_ref roof pixel area; tie by view stem,45.7,558.3,556.0
reference_only,self_consistency_not_a_gate,not_applicable,view_candidate,DEBY_LOD2_4908168,DJI_20241217084851_0189_D,DJI_20241217084851_0189_D.JPG,9,False,False,True,this_view,0,10,1296,9070,1296,9070,0.14288864388092612,1,9.667845391150621,True,defined,0.07540825480618822,0.0753796209503096,0.07539393651889276,0.7288969216948799,-37.35349999999994,1.0,1.0 m absorbs footprint/roof-eave and sub-pixel projection rounding while remaining far below the locked 20.0 m loss-region split buffer and avoiding adjacent-roof capture,"T0-1 audit-only implementation choice; not a loss address, training prior, or pass/fail threshold",visible iff official P_ref > 0; top 3 deterministic views by official P_ref roof pixel area; tie by view stem,45.7,558.3,556.0
reference_only,self_consistency_not_a_gate,not_applicable,view_candidate,DEBY_LOD2_4908168,DJI_20241217084839_0183_D,DJI_20241217084839_0183_D.JPG,10,False,False,True,this_view,0,10,70,2074,70,2074,0.033751205400192864,1,1.5,True,defined,0.07624755971871101,0.07689519098371679,0.07657069064996498,0.11485603597494748,-37.35349999999994,1.0,1.0 m absorbs footprint/roof-eave and sub-pixel projection rounding while remaining far below the locked 20.0 m loss-region split buffer and avoiding adjacent-roof capture,"T0-1 audit-only implementation choice; not a loss address, training prior, or pass/fail threshold",visible iff official P_ref > 0; top 3 deterministic views by official P_ref roof pixel area; tie by view stem,45.7,558.3,556.0
reference_only,self_consistency_not_a_gate,not_applicable,view_candidate,DEBY_LOD2_4908178,DJI_20241217095441_0023_D,DJI_20241217095441_0023_D.JPG,1,True,True,True,this_view,0,9,48213,62064,45541,64736,0.7034880128521998,1,19.235384061671343,True,defined,0.046072613069137965,0.04777140897965334,0.04691432235135781,0.9024150084214198,-39.54249999999996,1.0,1.0 m absorbs footprint/roof-eave and sub-pixel projection rounding while remaining far below the locked 20.0 m loss-region split buffer and avoiding adjacent-roof capture,"T0-1 audit-only implementation choice; not a loss address, training prior, or pass/fail threshold",visible iff official P_ref > 0; top 3 deterministic views by official P_ref roof pixel area; tie by view stem,45.7,558.3,556.0
reference_only,self_consistency_not_a_gate,not_applicable,view_candidate,DEBY_LOD2_4908178,DJI_20241217095439_0022_D,DJI_20241217095439_0022_D.JPG,2,True,True,True,this_view,0,9,25228,27852,21676,31404,0.6902305438797606,1,12.0,True,defined,0.04088664737787502,0.03769585766029805,0.039258849190509586,0.471106190286115,-39.54249999999996,1.0,1.0 m absorbs footprint/roof-eave and sub-pixel projection rounding while remaining far below the locked 20.0 m loss-region split buffer and avoiding adjacent-roof capture,"T0-1 audit-only implementation choice; not a loss address, training prior, or pass/fail threshold",visible iff official P_ref > 0; top 3 deterministic views by official P_ref roof pixel area; tie by view stem,45.7,558.3,556.0
reference_only,self_consistency_not_a_gate,not_applicable,view_candidate,DEBY_LOD2_4908178,DJI_20241217084859_0193_D,DJI_20241217084859_0193_D.JPG,3,True,True,True,this_view,0,9,15393,12655,11742,16306,0.7201030295596713,1,7.280109889280518,True,defined,0.07832320949563705,0.07885365924651476,0.07858798682153878,0.5721291800381315,-39.54249999999996,1.0,1.0 m absorbs footprint/roof-eave and sub-pixel projection rounding while remaining far below the locked 20.0 m loss-region split buffer and avoiding adjacent-roof capture,"T0-1 audit-only implementation choice; not a loss address, training prior, or pass/fail threshold",visible iff official P_ref > 0; top 3 deterministic views by official P_ref roof pixel area; tie by view stem,45.7,558.3,556.0
reference_only,self_consistency_not_a_gate,not_applicable,view_candidate,DEBY_LOD2_4908178,DJI_20241217084857_0192_D,DJI_20241217084857_0192_D.JPG,4,False,False,True,this_view,0,9,15220,13878,11328,17770,0.6374788970174451,1,10.0,True,defined,0.07845078102915475,0.07908975182097182,0.07876961851981545,0.7876961851981545,-39.54249999999996,1.0,1.0 m absorbs footprint/roof-eave and sub-pixel projection rounding while remaining far below the locked 20.0 m loss-region split buffer and avoiding adjacent-roof capture,"T0-1 audit-only implementation choice; not a loss address, training prior, or pass/fail threshold",visible iff official P_ref > 0; top 3 deterministic views by official P_ref roof pixel area; tie by view stem,45.7,558.3,556.0
reference_only,self_consistency_not_a_gate,not_applicable,view_candidate,DEBY_LOD2_4908178,DJI_20241217084901_0194_D,DJI_20241217084901_0194_D.JPG,5,False,False,True,this_view,0,9,10750,7808,7254,11304,0.64171974522293,1,4.061552812808831,True,defined,0.07820326773700208,0.07859695709741059,0.07839986530092043,0.3184251934367868,-39.54249999999996,1.0,1.0 m absorbs footprint/roof-eave and sub-pixel projection rounding while remaining far below the locked 20.0 m loss-region split buffer and avoiding adjacent-roof capture,"T0-1 audit-only implementation choice; not a loss address, training prior, or pass/fail threshold",visible iff official P_ref > 0; top 3 deterministic views by official P_ref roof pixel area; tie by view stem,45.7,558.3,556.0
reference_only,self_consistency_not_a_gate,not_applicable,view_candidate,DEBY_LOD2_4908178,DJI_20241217095503_0034_D,DJI_20241217095503_0034_D.JPG,6,False,False,True,this_view,0,9,8283,4900,4900,8283,0.5915731015332609,1,13.0,True,defined,0.039285050824493226,0.03589886914481273,0.03755381337355502,0.48819957385621526,-39.54249999999996,1.0,1.0 m absorbs footprint/roof-eave and sub-pixel projection rounding while remaining far below the locked 20.0 m loss-region split buffer and avoiding adjacent-roof capture,"T0-1 audit-only implementation choice; not a loss address, training prior, or pass/fail threshold",visible iff official P_ref > 0; top 3 deterministic views by official P_ref roof pixel area; tie by view stem,45.7,558.3,556.0
reference_only,self_consistency_not_a_gate,not_applicable,view_candidate,DEBY_LOD2_4908178,DJI_20241217084903_0195_D,DJI_20241217084903_0195_D.JPG,7,False,False,True,this_view,0,9,5791,3070,2322,6539,0.3551001682214406,1,7.140054944640259,True,defined,0.07807319187239127,0.07836356408763778,0.07821824323531291,0.5584825543733705,-39.54249999999996,1.0,1.0 m absorbs footprint/roof-eave and sub-pixel projection rounding while remaining far below the locked 20.0 m loss-region split buffer and avoiding adjacent-roof capture,"T0-1 audit-only implementation choice; not a loss address, training prior, or pass/fail threshold",visible iff official P_ref > 0; top 3 deterministic views by official P_ref roof pixel area; tie by view stem,45.7,558.3,556.0
reference_only,self_consistency_not_a_gate,not_applicable,view_candidate,DEBY_LOD2_4908178,DJI_20241217084855_0191_D,DJI_20241217084855_0191_D.JPG,8,False,False,True,this_view,0,9,1523,2737,988,3272,0.3019559902200489,1,10.0,True,defined,0.07858031117934904,0.07926169558559956,0.07892026801601253,0.7892026801601253,-39.54249999999996,1.0,1.0 m absorbs footprint/roof-eave and sub-pixel projection rounding while remaining far below the locked 20.0 m loss-region split buffer and avoiding adjacent-roof capture,"T0-1 audit-only implementation choice; not a loss address, training prior, or pass/fail threshold",visible iff official P_ref > 0; top 3 deterministic views by official P_ref roof pixel area; tie by view stem,45.7,558.3,556.0
reference_only,self_consistency_not_a_gate,not_applicable,view_candidate,DEBY_LOD2_4908178,DJI_20241217084905_0196_D,DJI_20241217084905_0196_D.JPG,9,False,False,True,this_view,0,9,931,621,83,1469,0.05650102110279102,1,33.865685990727286,True,defined,0.07792666324356363,0.07815676599979486,0.07804162981557995,2.642933329539011,-39.54249999999996,1.0,1.0 m absorbs footprint/roof-eave and sub-pixel projection rounding while remaining far below the locked 20.0 m loss-region split buffer and avoiding adjacent-roof capture,"T0-1 audit-only implementation choice; not a loss address, training prior, or pass/fail threshold",visible iff official P_ref > 0; top 3 deterministic views by official P_ref roof pixel area; tie by view stem,45.7,558.3,556.0
