candidate_id,rank,recommended,recommendation_note,n_buildings,dense_success_count,dense_failure_count,dense_no_points_count,dense_no_planes_count,dense_assembly_failure_count,failure_bucket_counts,failure_reason_counts,manual_review_count,manual_label_counts,ref_mismatch_ids,n_views_nadir_median,n_views_total_median,frac_views_incidence_le60_median,recon_score_median_median,roof_lowtex_v5_median,bbox_minx,bbox_miny,bbox_maxx,bbox_maxy,compactness_diag_m,existing_stage_overlap_count,seed_sparse_source,seed_sparse_clip_possible,seed_dense_source,seed_dense_clip_possible,seed_acmp_source,seed_acmp_clip_possible,building_ids
C001,1,yes,ref-mismatch excluded; includes dense no-points lens; compact among rule-satisfying blocks,18,10,5,5,0,0,1_textureless:4;4_impossible:1,pointcloud_unusable_no_points:5,5,무텍스처:2;복합(소형+가림):1;복합(소형+재질):1;복합(저조도+가림):1,,0.000,135.280,0.107,76.602,0.556,690774.550,5336019.202,690859.713,5336120.410,132.272,0,present,yes,present,yes,present,yes,DEBY_LOD2_108247349;DEBY_LOD2_108247350;DEBY_LOD2_108247351;DEBY_LOD2_4907184;DEBY_LOD2_4907185;DEBY_LOD2_4907186;DEBY_LOD2_4907188;DEBY_LOD2_4907194;DEBY_LOD2_4907195;DEBY_LOD2_4907198;DEBY_LOD2_4907199;DEBY_LOD2_4907202;DEBY_LOD2_4908168;DEBY_LOD2_4908178;DEBY_LOD2_4908179;DEBY_LOD2_60098;DEBY_LOD2_8568391;DEBY_LOD2_8568392
C002,2,no,,17,10,4,4,0,0,1_textureless:3;4_impossible:1,pointcloud_unusable_no_points:4,4,무텍스처:1;복합(소형+가림):1;복합(소형+재질):1;복합(저조도+가림):1,,0.000,134.980,0.109,75.129,0.562,690774.550,5336019.202,690859.713,5336120.410,132.272,0,present,yes,present,yes,present,yes,DEBY_LOD2_108247349;DEBY_LOD2_108247350;DEBY_LOD2_108247351;DEBY_LOD2_4907184;DEBY_LOD2_4907185;DEBY_LOD2_4907186;DEBY_LOD2_4907188;DEBY_LOD2_4907194;DEBY_LOD2_4907195;DEBY_LOD2_4907198;DEBY_LOD2_4907199;DEBY_LOD2_4907202;DEBY_LOD2_4908168;DEBY_LOD2_4908178;DEBY_LOD2_4908179;DEBY_LOD2_60098;DEBY_LOD2_8568392
C003,3,no,,19,10,5,5,0,0,1_textureless:4;4_impossible:1,pointcloud_unusable_no_points:5,5,무텍스처:2;복합(소형+가림):1;복합(소형+재질):1;복합(저조도+가림):1,,0.000,135.580,0.106,75.129,0.562,690774.550,5336019.202,690859.713,5336134.225,143.119,0,present,yes,present,yes,present,yes,DEBY_LOD2_108247349;DEBY_LOD2_108247350;DEBY_LOD2_108247351;DEBY_LOD2_4907184;DEBY_LOD2_4907185;DEBY_LOD2_4907186;DEBY_LOD2_4907188;DEBY_LOD2_4907194;DEBY_LOD2_4907195;DEBY_LOD2_4907198;DEBY_LOD2_4907199;DEBY_LOD2_4907202;DEBY_LOD2_4908168;DEBY_LOD2_4908172;DEBY_LOD2_4908178;DEBY_LOD2_4908179;DEBY_LOD2_60098;DEBY_LOD2_8568391;DEBY_LOD2_8568392
C004,4,no,,19,10,9,8,1,0,3_coverage:6;4_impossible:3,pointcloud_unusable_no_planes:1;pointcloud_unusable_no_points:8,9,가림:3;관측각·커버리지:2;무텍스처:1;복합(소형+가림):1;복합(소형+재질):2,,0.000,120.870,0.202,81.117,0.593,690818.772,5336144.454,690913.984,5336254.434,145.468,0,present,yes,present,yes,present,yes,DEBY_LOD2_42364607;DEBY_LOD2_4907025;DEBY_LOD2_4907026;DEBY_LOD2_4907027;DEBY_LOD2_4907028;DEBY_LOD2_4907030;DEBY_LOD2_4907170;DEBY_LOD2_4907171;DEBY_LOD2_4907172;DEBY_LOD2_4907174;DEBY_LOD2_4907176;DEBY_LOD2_4907177;DEBY_LOD2_4908159;DEBY_LOD2_4908162;DEBY_LOD2_4908163;DEBY_LOD2_4908164;DEBY_LOD2_4908165;DEBY_LOD2_4908167;DEBY_LOD2_60097
C005,5,no,,23,10,11,9,0,2,2_assembly:2;3_coverage:7;4_impossible:2,missing_lod22_geometry:2;pointcloud_unusable_no_points:9,9,가림:5;관측각·커버리지:1;복합(소형+가림):1;복합(소형+재질):1;복합(재질+가림):1,,0.000,140.260,0.163,74.678,0.541,690771.170,5336074.700,690864.200,5336187.715,146.380,0,present,yes,present,yes,present,yes,DEBY_LOD2_104583794;DEBY_LOD2_42364607;DEBY_LOD2_4907164;DEBY_LOD2_4907165;DEBY_LOD2_4907174;DEBY_LOD2_4907175;DEBY_LOD2_4907176;DEBY_LOD2_4907177;DEBY_LOD2_4907181;DEBY_LOD2_4907184;DEBY_LOD2_4907185;DEBY_LOD2_4907186;DEBY_LOD2_4907187;DEBY_LOD2_4907188;DEBY_LOD2_4907195;DEBY_LOD2_4908157;DEBY_LOD2_4908158;DEBY_LOD2_4908159;DEBY_LOD2_4908168;DEBY_LOD2_4908169;DEBY_LOD2_4908170;DEBY_LOD2_4908172;DEBY_LOD2_60098
C006,6,no,,25,10,14,12,0,2,2_assembly:2;3_coverage:10;4_impossible:2,missing_lod22_geometry:2;pointcloud_unusable_no_points:12,12,가림:6;관측각·커버리지:1;무텍스처:1;복합(소형+가림):1;복합(소형+재질):2;복합(재질+가림):1,,0.000,135.460,0.161,83.247,0.541,690784.890,5336083.195,690864.200,5336206.510,146.617,0,present,yes,present,yes,present,yes,DEBY_LOD2_104583794;DEBY_LOD2_42364607;DEBY_LOD2_4907165;DEBY_LOD2_4907174;DEBY_LOD2_4907175;DEBY_LOD2_4907176;DEBY_LOD2_4907177;DEBY_LOD2_4907181;DEBY_LOD2_4907184;DEBY_LOD2_4907185;DEBY_LOD2_4907186;DEBY_LOD2_4907187;DEBY_LOD2_4907188;DEBY_LOD2_4908157;DEBY_LOD2_4908158;DEBY_LOD2_4908159;DEBY_LOD2_4908161;DEBY_LOD2_4908162;DEBY_LOD2_4908163;DEBY_LOD2_4908164;DEBY_LOD2_4908168;DEBY_LOD2_4908169;DEBY_LOD2_4908170;DEBY_LOD2_4908172;DEBY_LOD2_60098
C007,7,no,,23,10,9,8,0,1,1_textureless:4;2_assembly:1;3_coverage:3;4_impossible:1,missing_lod22_geometry:1;pointcloud_unusable_no_points:8,8,가림:1;무텍스처:2;복합(소형+가림):2;복합(소형+재질):1;복합(재질+가림):1;복합(저조도+가림):1,,0.000,136.280,0.109,75.129,0.549,690774.550,5336019.202,690859.713,5336140.538,148.240,0,present,yes,present,yes,present,yes,DEBY_LOD2_104583794;DEBY_LOD2_108247349;DEBY_LOD2_108247350;DEBY_LOD2_108247351;DEBY_LOD2_4907181;DEBY_LOD2_4907184;DEBY_LOD2_4907185;DEBY_LOD2_4907186;DEBY_LOD2_4907187;DEBY_LOD2_4907188;DEBY_LOD2_4907194;DEBY_LOD2_4907195;DEBY_LOD2_4907198;DEBY_LOD2_4907199;DEBY_LOD2_4907202;DEBY_LOD2_4908168;DEBY_LOD2_4908170;DEBY_LOD2_4908172;DEBY_LOD2_4908178;DEBY_LOD2_4908179;DEBY_LOD2_60098;DEBY_LOD2_8568391;DEBY_LOD2_8568392
C008,8,no,,22,10,8,7,0,1,1_textureless:3;2_assembly:1;3_coverage:3;4_impossible:1,missing_lod22_geometry:1;pointcloud_unusable_no_points:7,7,가림:1;무텍스처:1;복합(소형+가림):2;복합(소형+재질):1;복합(재질+가림):1;복합(저조도+가림):1,,0.000,138.035,0.109,75.001,0.556,690774.550,5336019.202,690859.713,5336140.538,148.240,0,present,yes,present,yes,present,yes,DEBY_LOD2_104583794;DEBY_LOD2_108247349;DEBY_LOD2_108247350;DEBY_LOD2_108247351;DEBY_LOD2_4907181;DEBY_LOD2_4907184;DEBY_LOD2_4907185;DEBY_LOD2_4907186;DEBY_LOD2_4907187;DEBY_LOD2_4907188;DEBY_LOD2_4907194;DEBY_LOD2_4907195;DEBY_LOD2_4907198;DEBY_LOD2_4907199;DEBY_LOD2_4907202;DEBY_LOD2_4908168;DEBY_LOD2_4908170;DEBY_LOD2_4908172;DEBY_LOD2_4908178;DEBY_LOD2_4908179;DEBY_LOD2_60098;DEBY_LOD2_8568392
C009,9,no,,22,10,8,7,0,1,1_textureless:4;2_assembly:1;3_coverage:2;4_impossible:1,missing_lod22_geometry:1;pointcloud_unusable_no_points:7,7,가림:1;무텍스처:2;복합(소형+가림):2;복합(소형+재질):1;복합(저조도+가림):1,,0.000,136.065,0.109,76.602,0.549,690774.550,5336019.202,690859.713,5336140.538,148.240,0,present,yes,present,yes,present,yes,DEBY_LOD2_104583794;DEBY_LOD2_108247349;DEBY_LOD2_108247350;DEBY_LOD2_108247351;DEBY_LOD2_4907181;DEBY_LOD2_4907184;DEBY_LOD2_4907185;DEBY_LOD2_4907186;DEBY_LOD2_4907187;DEBY_LOD2_4907188;DEBY_LOD2_4907194;DEBY_LOD2_4907195;DEBY_LOD2_4907198;DEBY_LOD2_4907199;DEBY_LOD2_4907202;DEBY_LOD2_4908168;DEBY_LOD2_4908172;DEBY_LOD2_4908178;DEBY_LOD2_4908179;DEBY_LOD2_60098;DEBY_LOD2_8568391;DEBY_LOD2_8568392
C010,10,no,,21,10,7,6,0,1,1_textureless:3;2_assembly:1;3_coverage:2;4_impossible:1,missing_lod22_geometry:1;pointcloud_unusable_no_points:6,6,가림:1;무텍스처:1;복합(소형+가림):2;복합(소형+재질):1;복합(저조도+가림):1,,0.000,135.850,0.109,75.129,0.549,690774.550,5336019.202,690859.713,5336140.538,148.240,0,present,yes,present,yes,present,yes,DEBY_LOD2_104583794;DEBY_LOD2_108247349;DEBY_LOD2_108247350;DEBY_LOD2_108247351;DEBY_LOD2_4907181;DEBY_LOD2_4907184;DEBY_LOD2_4907185;DEBY_LOD2_4907186;DEBY_LOD2_4907187;DEBY_LOD2_4907188;DEBY_LOD2_4907194;DEBY_LOD2_4907195;DEBY_LOD2_4907198;DEBY_LOD2_4907199;DEBY_LOD2_4907202;DEBY_LOD2_4908168;DEBY_LOD2_4908172;DEBY_LOD2_4908178;DEBY_LOD2_4908179;DEBY_LOD2_60098;DEBY_LOD2_8568392
C011,11,no,,21,10,7,6,0,1,1_textureless:4;2_assembly:1;3_coverage:1;4_impossible:1,missing_lod22_geometry:1;pointcloud_unusable_no_points:6,6,가림:1;무텍스처:2;복합(소형+가림):1;복합(소형+재질):1;복합(저조도+가림):1,,0.000,135.850,0.109,78.074,0.549,690774.550,5336019.202,690859.713,5336140.538,148.240,0,present,yes,present,yes,present,yes,DEBY_LOD2_108247349;DEBY_LOD2_108247350;DEBY_LOD2_108247351;DEBY_LOD2_4907181;DEBY_LOD2_4907184;DEBY_LOD2_4907185;DEBY_LOD2_4907186;DEBY_LOD2_4907187;DEBY_LOD2_4907188;DEBY_LOD2_4907194;DEBY_LOD2_4907195;DEBY_LOD2_4907198;DEBY_LOD2_4907199;DEBY_LOD2_4907202;DEBY_LOD2_4908168;DEBY_LOD2_4908172;DEBY_LOD2_4908178;DEBY_LOD2_4908179;DEBY_LOD2_60098;DEBY_LOD2_8568391;DEBY_LOD2_8568392
C012,12,no,,21,10,7,7,0,0,1_textureless:4;3_coverage:2;4_impossible:1,pointcloud_unusable_no_points:7,7,가림:1;무텍스처:2;복합(소형+가림):2;복합(소형+재질):1;복합(저조도+가림):1,,0.000,135.850,0.109,75.129,0.549,690774.550,5336019.202,690859.713,5336140.538,148.240,0,present,yes,present,yes,present,yes,DEBY_LOD2_104583794;DEBY_LOD2_108247349;DEBY_LOD2_108247350;DEBY_LOD2_108247351;DEBY_LOD2_4907184;DEBY_LOD2_4907185;DEBY_LOD2_4907186;DEBY_LOD2_4907187;DEBY_LOD2_4907188;DEBY_LOD2_4907194;DEBY_LOD2_4907195;DEBY_LOD2_4907198;DEBY_LOD2_4907199;DEBY_LOD2_4907202;DEBY_LOD2_4908168;DEBY_LOD2_4908172;DEBY_LOD2_4908178;DEBY_LOD2_4908179;DEBY_LOD2_60098;DEBY_LOD2_8568391;DEBY_LOD2_8568392
C013,13,no,,20,10,6,6,0,0,1_textureless:3;3_coverage:2;4_impossible:1,pointcloud_unusable_no_points:6,6,가림:1;무텍스처:1;복합(소형+가림):2;복합(소형+재질):1;복합(저조도+가림):1,,0.000,135.715,0.109,75.001,0.556,690774.550,5336019.202,690859.713,5336140.538,148.240,0,present,yes,present,yes,present,yes,DEBY_LOD2_104583794;DEBY_LOD2_108247349;DEBY_LOD2_108247350;DEBY_LOD2_108247351;DEBY_LOD2_4907184;DEBY_LOD2_4907185;DEBY_LOD2_4907186;DEBY_LOD2_4907187;DEBY_LOD2_4907188;DEBY_LOD2_4907194;DEBY_LOD2_4907195;DEBY_LOD2_4907198;DEBY_LOD2_4907199;DEBY_LOD2_4907202;DEBY_LOD2_4908168;DEBY_LOD2_4908172;DEBY_LOD2_4908178;DEBY_LOD2_4908179;DEBY_LOD2_60098;DEBY_LOD2_8568392
C014,14,no,,20,10,6,6,0,0,1_textureless:4;3_coverage:1;4_impossible:1,pointcloud_unusable_no_points:6,6,가림:1;무텍스처:2;복합(소형+가림):1;복합(소형+재질):1;복합(저조도+가림):1,,0.000,135.715,0.107,76.602,0.556,690774.550,5336019.202,690859.713,5336140.538,148.240,0,present,yes,present,yes,present,yes,DEBY_LOD2_108247349;DEBY_LOD2_108247350;DEBY_LOD2_108247351;DEBY_LOD2_4907184;DEBY_LOD2_4907185;DEBY_LOD2_4907186;DEBY_LOD2_4907187;DEBY_LOD2_4907188;DEBY_LOD2_4907194;DEBY_LOD2_4907195;DEBY_LOD2_4907198;DEBY_LOD2_4907199;DEBY_LOD2_4907202;DEBY_LOD2_4908168;DEBY_LOD2_4908172;DEBY_LOD2_4908178;DEBY_LOD2_4908179;DEBY_LOD2_60098;DEBY_LOD2_8568391;DEBY_LOD2_8568392
C015,15,no,,19,10,5,5,0,0,1_textureless:3;3_coverage:1;4_impossible:1,pointcloud_unusable_no_points:5,5,가림:1;무텍스처:1;복합(소형+가림):1;복합(소형+재질):1;복합(저조도+가림):1,,0.000,135.580,0.109,75.129,0.562,690774.550,5336019.202,690859.713,5336140.538,148.240,0,present,yes,present,yes,present,yes,DEBY_LOD2_108247349;DEBY_LOD2_108247350;DEBY_LOD2_108247351;DEBY_LOD2_4907184;DEBY_LOD2_4907185;DEBY_LOD2_4907186;DEBY_LOD2_4907187;DEBY_LOD2_4907188;DEBY_LOD2_4907194;DEBY_LOD2_4907195;DEBY_LOD2_4907198;DEBY_LOD2_4907199;DEBY_LOD2_4907202;DEBY_LOD2_4908168;DEBY_LOD2_4908172;DEBY_LOD2_4908178;DEBY_LOD2_4908179;DEBY_LOD2_60098;DEBY_LOD2_8568392
C016,16,no,,26,10,14,12,0,2,2_assembly:2;3_coverage:10;4_impossible:2,missing_lod22_geometry:2;pointcloud_unusable_no_points:12,12,가림:6;관측각·커버리지:1;무텍스처:1;복합(소형+가림):1;복합(소형+재질):2;복합(재질+가림):1,,0.000,135.220,0.162,82.182,0.537,690780.929,5336083.195,690864.200,5336206.510,148.797,0,present,yes,present,yes,present,yes,DEBY_LOD2_104583794;DEBY_LOD2_42364607;DEBY_LOD2_4907165;DEBY_LOD2_4907166;DEBY_LOD2_4907174;DEBY_LOD2_4907175;DEBY_LOD2_4907176;DEBY_LOD2_4907177;DEBY_LOD2_4907181;DEBY_LOD2_4907184;DEBY_LOD2_4907185;DEBY_LOD2_4907186;DEBY_LOD2_4907187;DEBY_LOD2_4907188;DEBY_LOD2_4908157;DEBY_LOD2_4908158;DEBY_LOD2_4908159;DEBY_LOD2_4908161;DEBY_LOD2_4908162;DEBY_LOD2_4908163;DEBY_LOD2_4908164;DEBY_LOD2_4908168;DEBY_LOD2_4908169;DEBY_LOD2_4908170;DEBY_LOD2_4908172;DEBY_LOD2_60098
C017,17,no,,24,10,11,9,0,2,1_textureless:1;2_assembly:2;3_coverage:7;4_impossible:1,missing_lod22_geometry:2;pointcloud_unusable_no_points:9,9,가림:4;관측각·커버리지:1;복합(소형+가림):2;복합(소형+재질):1;복합(재질+가림):1,,0.000,137.920,0.165,71.340,0.537,690771.170,5336069.080,690864.200,5336187.715,150.761,0,present,yes,present,yes,present,yes,DEBY_LOD2_104583794;DEBY_LOD2_108247350;DEBY_LOD2_4907164;DEBY_LOD2_4907165;DEBY_LOD2_4907166;DEBY_LOD2_4907174;DEBY_LOD2_4907175;DEBY_LOD2_4907176;DEBY_LOD2_4907177;DEBY_LOD2_4907181;DEBY_LOD2_4907184;DEBY_LOD2_4907185;DEBY_LOD2_4907186;DEBY_LOD2_4907187;DEBY_LOD2_4907188;DEBY_LOD2_4907195;DEBY_LOD2_4908157;DEBY_LOD2_4908158;DEBY_LOD2_4908159;DEBY_LOD2_4908168;DEBY_LOD2_4908169;DEBY_LOD2_4908170;DEBY_LOD2_4908172;DEBY_LOD2_60098
C018,18,no,,22,10,8,8,0,0,1_textureless:4;3_coverage:3;4_impossible:1,pointcloud_unusable_no_points:8,8,가림:1;무텍스처:2;복합(소형+가림):2;복합(소형+재질):1;복합(재질+가림):1;복합(저조도+가림):1,,0.000,135.715,0.107,73.477,0.556,690774.550,5336019.202,690843.770,5336156.260,153.546,0,present,yes,present,yes,present,yes,DEBY_LOD2_104583794;DEBY_LOD2_108247349;DEBY_LOD2_108247350;DEBY_LOD2_108247351;DEBY_LOD2_4907165;DEBY_LOD2_4907185;DEBY_LOD2_4907186;DEBY_LOD2_4907187;DEBY_LOD2_4907188;DEBY_LOD2_4907194;DEBY_LOD2_4907195;DEBY_LOD2_4907198;DEBY_LOD2_4907199;DEBY_LOD2_4907202;DEBY_LOD2_4908168;DEBY_LOD2_4908170;DEBY_LOD2_4908172;DEBY_LOD2_4908178;DEBY_LOD2_4908179;DEBY_LOD2_60098;DEBY_LOD2_8568391;DEBY_LOD2_8568392
C019,19,no,,25,10,13,11,0,2,2_assembly:2;3_coverage:9;4_impossible:2,missing_lod22_geometry:2;pointcloud_unusable_no_points:11,11,가림:5;관측각·커버리지:1;무텍스처:1;복합(소형+가림):1;복합(소형+재질):2;복합(재질+가림):1,,0.000,135.460,0.163,78.074,0.541,690771.170,5336074.700,690864.200,5336197.194,153.816,0,present,yes,present,yes,present,yes,DEBY_LOD2_104583794;DEBY_LOD2_42364607;DEBY_LOD2_4907164;DEBY_LOD2_4907165;DEBY_LOD2_4907174;DEBY_LOD2_4907175;DEBY_LOD2_4907176;DEBY_LOD2_4907177;DEBY_LOD2_4907181;DEBY_LOD2_4907184;DEBY_LOD2_4907185;DEBY_LOD2_4907186;DEBY_LOD2_4907187;DEBY_LOD2_4907188;DEBY_LOD2_4907195;DEBY_LOD2_4908157;DEBY_LOD2_4908158;DEBY_LOD2_4908159;DEBY_LOD2_4908162;DEBY_LOD2_4908164;DEBY_LOD2_4908168;DEBY_LOD2_4908169;DEBY_LOD2_4908170;DEBY_LOD2_4908172;DEBY_LOD2_60098
C020,20,no,,24,10,12,10,0,2,2_assembly:2;3_coverage:8;4_impossible:2,missing_lod22_geometry:2;pointcloud_unusable_no_points:10,10,가림:5;관측각·커버리지:1;무텍스처:1;복합(소형+가림):1;복합(소형+재질):1;복합(재질+가림):1,,0.000,137.860,0.162,76.376,0.537,690771.170,5336074.700,690864.200,5336197.194,153.816,0,present,yes,present,yes,present,yes,DEBY_LOD2_104583794;DEBY_LOD2_42364607;DEBY_LOD2_4907164;DEBY_LOD2_4907165;DEBY_LOD2_4907174;DEBY_LOD2_4907175;DEBY_LOD2_4907176;DEBY_LOD2_4907177;DEBY_LOD2_4907181;DEBY_LOD2_4907184;DEBY_LOD2_4907185;DEBY_LOD2_4907186;DEBY_LOD2_4907187;DEBY_LOD2_4907188;DEBY_LOD2_4907195;DEBY_LOD2_4908157;DEBY_LOD2_4908158;DEBY_LOD2_4908159;DEBY_LOD2_4908162;DEBY_LOD2_4908168;DEBY_LOD2_4908169;DEBY_LOD2_4908170;DEBY_LOD2_4908172;DEBY_LOD2_60098
C021,21,no,,28,10,15,12,1,2,2_assembly:2;3_coverage:10;4_impossible:3,missing_lod22_geometry:2;pointcloud_unusable_no_planes:1;pointcloud_unusable_no_points:12,13,가림:6;관측각·커버리지:2;무텍스처:1;복합(소형+가림):1;복합(소형+재질):2;복합(재질+가림):1,,0.000,133.460,0.165,79.596,0.537,690771.170,5336083.195,690864.200,5336206.510,154.471,0,present,yes,present,yes,present,yes,DEBY_LOD2_104583794;DEBY_LOD2_42364607;DEBY_LOD2_4907164;DEBY_LOD2_4907165;DEBY_LOD2_4907166;DEBY_LOD2_4907167;DEBY_LOD2_4907174;DEBY_LOD2_4907175;DEBY_LOD2_4907176;DEBY_LOD2_4907177;DEBY_LOD2_4907181;DEBY_LOD2_4907184;DEBY_LOD2_4907185;DEBY_LOD2_4907186;DEBY_LOD2_4907187;DEBY_LOD2_4907188;DEBY_LOD2_4908157;DEBY_LOD2_4908158;DEBY_LOD2_4908159;DEBY_LOD2_4908161;DEBY_LOD2_4908162;DEBY_LOD2_4908163;DEBY_LOD2_4908164;DEBY_LOD2_4908168;DEBY_LOD2_4908169;DEBY_LOD2_4908170;DEBY_LOD2_4908172;DEBY_LOD2_60098
C022,22,no,,27,10,14,12,0,2,2_assembly:2;3_coverage:10;4_impossible:2,missing_lod22_geometry:2;pointcloud_unusable_no_points:12,12,가림:6;관측각·커버리지:1;무텍스처:1;복합(소형+가림):1;복합(소형+재질):2;복합(재질+가림):1,,0.000,134.980,0.163,81.117,0.533,690771.170,5336083.195,690864.200,5336206.510,154.471,0,present,yes,present,yes,present,yes,DEBY_LOD2_104583794;DEBY_LOD2_42364607;DEBY_LOD2_4907164;DEBY_LOD2_4907165;DEBY_LOD2_4907166;DEBY_LOD2_4907174;DEBY_LOD2_4907175;DEBY_LOD2_4907176;DEBY_LOD2_4907177;DEBY_LOD2_4907181;DEBY_LOD2_4907184;DEBY_LOD2_4907185;DEBY_LOD2_4907186;DEBY_LOD2_4907187;DEBY_LOD2_4907188;DEBY_LOD2_4908157;DEBY_LOD2_4908158;DEBY_LOD2_4908159;DEBY_LOD2_4908161;DEBY_LOD2_4908162;DEBY_LOD2_4908163;DEBY_LOD2_4908164;DEBY_LOD2_4908168;DEBY_LOD2_4908169;DEBY_LOD2_4908170;DEBY_LOD2_4908172;DEBY_LOD2_60098
C023,23,no,,24,10,10,9,0,1,1_textureless:4;2_assembly:1;3_coverage:4;4_impossible:1,missing_lod22_geometry:1;pointcloud_unusable_no_points:9,9,가림:2;무텍스처:2;복합(소형+가림):2;복합(소형+재질):1;복합(재질+가림):1;복합(저조도+가림):1,,0.000,138.250,0.107,75.001,0.549,690774.550,5336019.202,690859.713,5336150.745,156.704,0,present,yes,present,yes,present,yes,DEBY_LOD2_104583794;DEBY_LOD2_108247349;DEBY_LOD2_108247350;DEBY_LOD2_108247351;DEBY_LOD2_4907181;DEBY_LOD2_4907184;DEBY_LOD2_4907185;DEBY_LOD2_4907186;DEBY_LOD2_4907187;DEBY_LOD2_4907188;DEBY_LOD2_4907194;DEBY_LOD2_4907195;DEBY_LOD2_4907198;DEBY_LOD2_4907199;DEBY_LOD2_4907202;DEBY_LOD2_4908157;DEBY_LOD2_4908168;DEBY_LOD2_4908170;DEBY_LOD2_4908172;DEBY_LOD2_4908178;DEBY_LOD2_4908179;DEBY_LOD2_60098;DEBY_LOD2_8568391;DEBY_LOD2_8568392
C024,24,no,,19,10,5,5,0,0,1_textureless:4;4_impossible:1,pointcloud_unusable_no_points:5,5,무텍스처:2;복합(소형+가림):1;복합(소형+재질):1;복합(저조도+가림):1,,0.000,134.980,0.109,75.129,0.562,690774.410,5335988.900,690859.713,5336120.410,156.753,0,present,yes,present,yes,present,yes,DEBY_LOD2_108247349;DEBY_LOD2_108247350;DEBY_LOD2_108247351;DEBY_LOD2_4907184;DEBY_LOD2_4907185;DEBY_LOD2_4907186;DEBY_LOD2_4907188;DEBY_LOD2_4907194;DEBY_LOD2_4907195;DEBY_LOD2_4907198;DEBY_LOD2_4907199;DEBY_LOD2_4907202;DEBY_LOD2_4907208;DEBY_LOD2_4908168;DEBY_LOD2_4908178;DEBY_LOD2_4908179;DEBY_LOD2_60098;DEBY_LOD2_8568391;DEBY_LOD2_8568392
C025,25,no,,20,10,10,9,1,0,3_coverage:7;4_impossible:3,pointcloud_unusable_no_planes:1;pointcloud_unusable_no_points:9,10,가림:4;관측각·커버리지:2;무텍스처:1;복합(소형+가림):1;복합(소형+재질):2,,0.000,119.980,0.198,82.182,0.592,690802.171,5336144.454,690913.984,5336254.434,156.837,0,present,yes,present,yes,present,yes,DEBY_LOD2_42364607;DEBY_LOD2_4907025;DEBY_LOD2_4907026;DEBY_LOD2_4907027;DEBY_LOD2_4907028;DEBY_LOD2_4907030;DEBY_LOD2_4907170;DEBY_LOD2_4907171;DEBY_LOD2_4907172;DEBY_LOD2_4907174;DEBY_LOD2_4907176;DEBY_LOD2_4907177;DEBY_LOD2_4908159;DEBY_LOD2_4908161;DEBY_LOD2_4908162;DEBY_LOD2_4908163;DEBY_LOD2_4908164;DEBY_LOD2_4908165;DEBY_LOD2_4908167;DEBY_LOD2_60097
C026,26,no,,29,10,16,12,1,3,2_assembly:3;3_coverage:10;4_impossible:3,missing_lod22_geometry:3;pointcloud_unusable_no_planes:1;pointcloud_unusable_no_points:12,13,가림:6;관측각·커버리지:2;무텍스처:1;복합(소형+가림):1;복합(소형+재질):2;복합(재질+가림):1,,0.000,131.940,0.166,78.074,0.541,690771.170,5336083.195,690864.200,5336211.256,158.285,0,present,yes,present,yes,present,yes,DEBY_LOD2_104583794;DEBY_LOD2_42364607;DEBY_LOD2_4907164;DEBY_LOD2_4907165;DEBY_LOD2_4907166;DEBY_LOD2_4907167;DEBY_LOD2_4907168;DEBY_LOD2_4907174;DEBY_LOD2_4907175;DEBY_LOD2_4907176;DEBY_LOD2_4907177;DEBY_LOD2_4907181;DEBY_LOD2_4907184;DEBY_LOD2_4907185;DEBY_LOD2_4907186;DEBY_LOD2_4907187;DEBY_LOD2_4907188;DEBY_LOD2_4908157;DEBY_LOD2_4908158;DEBY_LOD2_4908159;DEBY_LOD2_4908161;DEBY_LOD2_4908162;DEBY_LOD2_4908163;DEBY_LOD2_4908164;DEBY_LOD2_4908168;DEBY_LOD2_4908169;DEBY_LOD2_4908170;DEBY_LOD2_4908172;DEBY_LOD2_60098
C027,27,no,,23,10,13,11,1,1,1_textureless:1;2_assembly:1;3_coverage:8;4_impossible:3,missing_lod22_geometry:1;pointcloud_unusable_no_planes:1;pointcloud_unusable_no_points:11,12,가림:4;관측각·커버리지:3;무텍스처:1;복합(소형+가림):2;복합(소형+재질):2,,0.000,115.530,0.193,70.890,0.593,690798.655,5336144.454,690913.984,5336254.434,159.362,0,present,yes,present,yes,present,yes,DEBY_LOD2_42364607;DEBY_LOD2_4907025;DEBY_LOD2_4907026;DEBY_LOD2_4907027;DEBY_LOD2_4907028;DEBY_LOD2_4907030;DEBY_LOD2_4907169;DEBY_LOD2_4907170;DEBY_LOD2_4907171;DEBY_LOD2_4907172;DEBY_LOD2_4907174;DEBY_LOD2_4907176;DEBY_LOD2_4907177;DEBY_LOD2_4908158;DEBY_LOD2_4908159;DEBY_LOD2_4908160;DEBY_LOD2_4908161;DEBY_LOD2_4908162;DEBY_LOD2_4908163;DEBY_LOD2_4908164;DEBY_LOD2_4908165;DEBY_LOD2_4908167;DEBY_LOD2_60097
C028,28,no,,26,10,14,12,0,2,2_assembly:2;3_coverage:10;4_impossible:2,missing_lod22_geometry:2;pointcloud_unusable_no_points:12,12,가림:6;관측각·커버리지:1;무텍스처:1;복합(소형+가림):1;복합(소형+재질):2;복합(재질+가림):1,,0.000,135.220,0.162,79.596,0.537,690771.170,5336074.700,690864.200,5336206.510,161.333,0,present,yes,present,yes,present,yes,DEBY_LOD2_104583794;DEBY_LOD2_42364607;DEBY_LOD2_4907164;DEBY_LOD2_4907165;DEBY_LOD2_4907174;DEBY_LOD2_4907175;DEBY_LOD2_4907176;DEBY_LOD2_4907177;DEBY_LOD2_4907181;DEBY_LOD2_4907184;DEBY_LOD2_4907185;DEBY_LOD2_4907186;DEBY_LOD2_4907187;DEBY_LOD2_4907188;DEBY_LOD2_4907195;DEBY_LOD2_4908157;DEBY_LOD2_4908158;DEBY_LOD2_4908159;DEBY_LOD2_4908161;DEBY_LOD2_4908162;DEBY_LOD2_4908164;DEBY_LOD2_4908168;DEBY_LOD2_4908169;DEBY_LOD2_4908170;DEBY_LOD2_4908172;DEBY_LOD2_60098
C029,29,no,,26,11,11,10,0,1,1_textureless:4;2_assembly:1;3_coverage:4;4_impossible:2,missing_lod22_geometry:1;pointcloud_unusable_no_points:10,10,가림:2;무텍스처:2;복합(소형+가림):2;복합(소형+재질):2;복합(재질+가림):1;복합(저조도+가림):1,,0.000,138.250,0.109,75.001,0.549,690774.550,5336019.202,690859.713,5336156.260,161.362,0,present,yes,present,yes,present,yes,DEBY_LOD2_104583794;DEBY_LOD2_108247349;DEBY_LOD2_108247350;DEBY_LOD2_108247351;DEBY_LOD2_4907165;DEBY_LOD2_4907181;DEBY_LOD2_4907184;DEBY_LOD2_4907185;DEBY_LOD2_4907186;DEBY_LOD2_4907187;DEBY_LOD2_4907188;DEBY_LOD2_4907194;DEBY_LOD2_4907195;DEBY_LOD2_4907198;DEBY_LOD2_4907199;DEBY_LOD2_4907202;DEBY_LOD2_4908157;DEBY_LOD2_4908168;DEBY_LOD2_4908169;DEBY_LOD2_4908170;DEBY_LOD2_4908172;DEBY_LOD2_4908178;DEBY_LOD2_4908179;DEBY_LOD2_60098;DEBY_LOD2_8568391;DEBY_LOD2_8568392
C030,30,no,,25,11,10,9,0,1,1_textureless:4;2_assembly:1;3_coverage:4;4_impossible:1,missing_lod22_geometry:1;pointcloud_unusable_no_points:9,9,가림:2;무텍스처:2;복합(소형+가림):2;복합(소형+재질):1;복합(재질+가림):1;복합(저조도+가림):1,,0.000,136.280,0.109,74.873,0.549,690774.550,5336019.202,690859.713,5336156.260,161.362,0,present,yes,present,yes,present,yes,DEBY_LOD2_104583794;DEBY_LOD2_108247349;DEBY_LOD2_108247350;DEBY_LOD2_108247351;DEBY_LOD2_4907165;DEBY_LOD2_4907181;DEBY_LOD2_4907184;DEBY_LOD2_4907185;DEBY_LOD2_4907186;DEBY_LOD2_4907187;DEBY_LOD2_4907188;DEBY_LOD2_4907194;DEBY_LOD2_4907195;DEBY_LOD2_4907198;DEBY_LOD2_4907199;DEBY_LOD2_4907202;DEBY_LOD2_4908157;DEBY_LOD2_4908168;DEBY_LOD2_4908170;DEBY_LOD2_4908172;DEBY_LOD2_4908178;DEBY_LOD2_4908179;DEBY_LOD2_60098;DEBY_LOD2_8568391;DEBY_LOD2_8568392
C031,31,no,,24,11,9,8,0,1,1_textureless:4;2_assembly:1;3_coverage:3;4_impossible:1,missing_lod22_geometry:1;pointcloud_unusable_no_points:8,8,가림:1;무텍스처:2;복합(소형+가림):2;복합(소형+재질):1;복합(재질+가림):1;복합(저조도+가림):1,,0.000,136.065,0.109,75.001,0.549,690774.550,5336019.202,690859.713,5336156.260,161.362,0,present,yes,present,yes,present,yes,DEBY_LOD2_104583794;DEBY_LOD2_108247349;DEBY_LOD2_108247350;DEBY_LOD2_108247351;DEBY_LOD2_4907165;DEBY_LOD2_4907181;DEBY_LOD2_4907184;DEBY_LOD2_4907185;DEBY_LOD2_4907186;DEBY_LOD2_4907187;DEBY_LOD2_4907188;DEBY_LOD2_4907194;DEBY_LOD2_4907195;DEBY_LOD2_4907198;DEBY_LOD2_4907199;DEBY_LOD2_4907202;DEBY_LOD2_4908168;DEBY_LOD2_4908170;DEBY_LOD2_4908172;DEBY_LOD2_4908178;DEBY_LOD2_4908179;DEBY_LOD2_60098;DEBY_LOD2_8568391;DEBY_LOD2_8568392
C032,32,no,,23,11,8,8,0,0,1_textureless:4;3_coverage:3;4_impossible:1,pointcloud_unusable_no_points:8,8,가림:1;무텍스처:2;복합(소형+가림):2;복합(소형+재질):1;복합(재질+가림):1;복합(저조도+가림):1,,0.000,135.850,0.109,74.873,0.549,690774.550,5336019.202,690859.713,5336156.260,161.362,0,present,yes,present,yes,present,yes,DEBY_LOD2_104583794;DEBY_LOD2_108247349;DEBY_LOD2_108247350;DEBY_LOD2_108247351;DEBY_LOD2_4907165;DEBY_LOD2_4907184;DEBY_LOD2_4907185;DEBY_LOD2_4907186;DEBY_LOD2_4907187;DEBY_LOD2_4907188;DEBY_LOD2_4907194;DEBY_LOD2_4907195;DEBY_LOD2_4907198;DEBY_LOD2_4907199;DEBY_LOD2_4907202;DEBY_LOD2_4908168;DEBY_LOD2_4908170;DEBY_LOD2_4908172;DEBY_LOD2_4908178;DEBY_LOD2_4908179;DEBY_LOD2_60098;DEBY_LOD2_8568391;DEBY_LOD2_8568392
C033,33,no,,29,11,15,12,1,2,2_assembly:2;3_coverage:10;4_impossible:3,missing_lod22_geometry:2;pointcloud_unusable_no_planes:1;pointcloud_unusable_no_points:12,13,가림:6;관측각·커버리지:2;무텍스처:1;복합(소형+가림):1;복합(소형+재질):2;복합(재질+가림):1,,0.000,131.940,0.166,78.074,0.541,690771.170,5336083.195,690865.704,5336214.579,161.859,0,present,yes,present,yes,present,yes,DEBY_LOD2_104583794;DEBY_LOD2_42364607;DEBY_LOD2_4907164;DEBY_LOD2_4907165;DEBY_LOD2_4907166;DEBY_LOD2_4907167;DEBY_LOD2_4907172;DEBY_LOD2_4907174;DEBY_LOD2_4907175;DEBY_LOD2_4907176;DEBY_LOD2_4907177;DEBY_LOD2_4907181;DEBY_LOD2_4907184;DEBY_LOD2_4907185;DEBY_LOD2_4907186;DEBY_LOD2_4907187;DEBY_LOD2_4907188;DEBY_LOD2_4908157;DEBY_LOD2_4908158;DEBY_LOD2_4908159;DEBY_LOD2_4908161;DEBY_LOD2_4908162;DEBY_LOD2_4908163;DEBY_LOD2_4908164;DEBY_LOD2_4908168;DEBY_LOD2_4908169;DEBY_LOD2_4908170;DEBY_LOD2_4908172;DEBY_LOD2_60098
C034,34,no,,28,11,14,12,0,2,2_assembly:2;3_coverage:10;4_impossible:2,missing_lod22_geometry:2;pointcloud_unusable_no_points:12,12,가림:6;관측각·커버리지:1;무텍스처:1;복합(소형+가림):1;복합(소형+재질):2;복합(재질+가림):1,,0.000,133.460,0.165,79.596,0.537,690771.170,5336083.195,690865.704,5336214.579,161.859,0,present,yes,present,yes,present,yes,DEBY_LOD2_104583794;DEBY_LOD2_42364607;DEBY_LOD2_4907164;DEBY_LOD2_4907165;DEBY_LOD2_4907166;DEBY_LOD2_4907172;DEBY_LOD2_4907174;DEBY_LOD2_4907175;DEBY_LOD2_4907176;DEBY_LOD2_4907177;DEBY_LOD2_4907181;DEBY_LOD2_4907184;DEBY_LOD2_4907185;DEBY_LOD2_4907186;DEBY_LOD2_4907187;DEBY_LOD2_4907188;DEBY_LOD2_4908157;DEBY_LOD2_4908158;DEBY_LOD2_4908159;DEBY_LOD2_4908161;DEBY_LOD2_4908162;DEBY_LOD2_4908163;DEBY_LOD2_4908164;DEBY_LOD2_4908168;DEBY_LOD2_4908169;DEBY_LOD2_4908170;DEBY_LOD2_4908172;DEBY_LOD2_60098
C035,35,no,,25,10,15,13,0,2,2_assembly:2;3_coverage:10;4_impossible:3,missing_lod22_geometry:2;pointcloud_unusable_no_points:13,13,가림:6;관측각·커버리지:1;무텍스처:1;복합(소형+가림):1;복합(소형+재질):3;복합(재질+가림):1,,0.000,135.460,0.172,83.434,0.541,690786.190,5336083.195,690873.897,5336219.275,161.896,0,present,yes,present,yes,present,yes,DEBY_LOD2_104583794;DEBY_LOD2_42364607;DEBY_LOD2_4907165;DEBY_LOD2_4907171;DEBY_LOD2_4907172;DEBY_LOD2_4907174;DEBY_LOD2_4907175;DEBY_LOD2_4907176;DEBY_LOD2_4907177;DEBY_LOD2_4907181;DEBY_LOD2_4907184;DEBY_LOD2_4907185;DEBY_LOD2_4907187;DEBY_LOD2_4908157;DEBY_LOD2_4908158;DEBY_LOD2_4908159;DEBY_LOD2_4908161;DEBY_LOD2_4908162;DEBY_LOD2_4908163;DEBY_LOD2_4908164;DEBY_LOD2_4908167;DEBY_LOD2_4908168;DEBY_LOD2_4908169;DEBY_LOD2_4908170;DEBY_LOD2_60098
C036,36,no,,24,10,14,11,1,2,1_textureless:1;2_assembly:2;3_coverage:8;4_impossible:3,missing_lod22_geometry:2;pointcloud_unusable_no_planes:1;pointcloud_unusable_no_points:11,12,가림:4;관측각·커버리지:3;무텍스처:1;복합(소형+가림):2;복합(소형+재질):2,,0.000,113.105,0.195,58.329,0.592,690792.237,5336144.454,690913.984,5336254.434,164.067,0,present,yes,present,yes,present,yes,DEBY_LOD2_42364607;DEBY_LOD2_4907025;DEBY_LOD2_4907026;DEBY_LOD2_4907027;DEBY_LOD2_4907028;DEBY_LOD2_4907030;DEBY_LOD2_4907168;DEBY_LOD2_4907169;DEBY_LOD2_4907170;DEBY_LOD2_4907171;DEBY_LOD2_4907172;DEBY_LOD2_4907174;DEBY_LOD2_4907176;DEBY_LOD2_4907177;DEBY_LOD2_4908158;DEBY_LOD2_4908159;DEBY_LOD2_4908160;DEBY_LOD2_4908161;DEBY_LOD2_4908162;DEBY_LOD2_4908163;DEBY_LOD2_4908164;DEBY_LOD2_4908165;DEBY_LOD2_4908167;DEBY_LOD2_60097
C037,37,no,,28,10,17,13,1,3,2_assembly:3;3_coverage:10;4_impossible:4,missing_lod22_geometry:3;pointcloud_unusable_no_planes:1;pointcloud_unusable_no_points:13,14,가림:6;관측각·커버리지:2;무텍스처:1;복합(소형+가림):1;복합(소형+재질):3;복합(재질+가림):1,,0.000,131.255,0.181,76.376,0.569,690780.929,5336093.763,690878.077,5336226.029,164.110,0,present,yes,present,yes,present,yes,DEBY_LOD2_104583794;DEBY_LOD2_42364607;DEBY_LOD2_4907165;DEBY_LOD2_4907166;DEBY_LOD2_4907167;DEBY_LOD2_4907168;DEBY_LOD2_4907170;DEBY_LOD2_4907171;DEBY_LOD2_4907172;DEBY_LOD2_4907174;DEBY_LOD2_4907175;DEBY_LOD2_4907176;DEBY_LOD2_4907177;DEBY_LOD2_4907181;DEBY_LOD2_4907187;DEBY_LOD2_4908157;DEBY_LOD2_4908158;DEBY_LOD2_4908159;DEBY_LOD2_4908161;DEBY_LOD2_4908162;DEBY_LOD2_4908163;DEBY_LOD2_4908164;DEBY_LOD2_4908167;DEBY_LOD2_4908168;DEBY_LOD2_4908169;DEBY_LOD2_4908170;DEBY_LOD2_60097;DEBY_LOD2_60098
C038,38,no,,27,12,15,13,0,2,2_assembly:2;3_coverage:10;4_impossible:3,missing_lod22_geometry:2;pointcloud_unusable_no_points:13,13,가림:6;관측각·커버리지:1;무텍스처:1;복합(소형+가림):1;복합(소형+재질):3;복합(재질+가림):1,,0.000,134.980,0.172,83.247,0.544,690786.190,5336083.195,690878.077,5336219.275,164.198,0,present,yes,present,yes,present,yes,DEBY_LOD2_104583794;DEBY_LOD2_42364607;DEBY_LOD2_4907165;DEBY_LOD2_4907171;DEBY_LOD2_4907172;DEBY_LOD2_4907174;DEBY_LOD2_4907175;DEBY_LOD2_4907176;DEBY_LOD2_4907177;DEBY_LOD2_4907181;DEBY_LOD2_4907184;DEBY_LOD2_4907185;DEBY_LOD2_4907186;DEBY_LOD2_4907187;DEBY_LOD2_4908157;DEBY_LOD2_4908158;DEBY_LOD2_4908159;DEBY_LOD2_4908161;DEBY_LOD2_4908162;DEBY_LOD2_4908163;DEBY_LOD2_4908164;DEBY_LOD2_4908167;DEBY_LOD2_4908168;DEBY_LOD2_4908169;DEBY_LOD2_4908170;DEBY_LOD2_60097;DEBY_LOD2_60098
C039,39,no,,26,11,15,13,0,2,2_assembly:2;3_coverage:10;4_impossible:3,missing_lod22_geometry:2;pointcloud_unusable_no_points:13,13,가림:6;관측각·커버리지:1;무텍스처:1;복합(소형+가림):1;복합(소형+재질):3;복합(재질+가림):1,,0.000,135.220,0.173,83.340,0.542,690786.190,5336083.195,690878.077,5336219.275,164.198,0,present,yes,present,yes,present,yes,DEBY_LOD2_104583794;DEBY_LOD2_42364607;DEBY_LOD2_4907165;DEBY_LOD2_4907171;DEBY_LOD2_4907172;DEBY_LOD2_4907174;DEBY_LOD2_4907175;DEBY_LOD2_4907176;DEBY_LOD2_4907177;DEBY_LOD2_4907181;DEBY_LOD2_4907184;DEBY_LOD2_4907185;DEBY_LOD2_4907187;DEBY_LOD2_4908157;DEBY_LOD2_4908158;DEBY_LOD2_4908159;DEBY_LOD2_4908161;DEBY_LOD2_4908162;DEBY_LOD2_4908163;DEBY_LOD2_4908164;DEBY_LOD2_4908167;DEBY_LOD2_4908168;DEBY_LOD2_4908169;DEBY_LOD2_4908170;DEBY_LOD2_60097;DEBY_LOD2_60098
C040,40,no,,27,11,12,10,0,2,1_textureless:4;2_assembly:2;3_coverage:4;4_impossible:2,missing_lod22_geometry:2;pointcloud_unusable_no_points:10,10,가림:2;무텍스처:2;복합(소형+가림):2;복합(소형+재질):2;복합(재질+가림):1;복합(저조도+가림):1,,0.000,140.220,0.109,74.873,0.549,690774.550,5336019.202,690859.713,5336160.247,164.762,0,present,yes,present,yes,present,yes,DEBY_LOD2_104583794;DEBY_LOD2_108247349;DEBY_LOD2_108247350;DEBY_LOD2_108247351;DEBY_LOD2_4907165;DEBY_LOD2_4907175;DEBY_LOD2_4907181;DEBY_LOD2_4907184;DEBY_LOD2_4907185;DEBY_LOD2_4907186;DEBY_LOD2_4907187;DEBY_LOD2_4907188;DEBY_LOD2_4907194;DEBY_LOD2_4907195;DEBY_LOD2_4907198;DEBY_LOD2_4907199;DEBY_LOD2_4907202;DEBY_LOD2_4908157;DEBY_LOD2_4908168;DEBY_LOD2_4908169;DEBY_LOD2_4908170;DEBY_LOD2_4908172;DEBY_LOD2_4908178;DEBY_LOD2_4908179;DEBY_LOD2_60098;DEBY_LOD2_8568391;DEBY_LOD2_8568392
C041,41,no,,30,11,16,12,1,3,2_assembly:3;3_coverage:10;4_impossible:3,missing_lod22_geometry:3;pointcloud_unusable_no_planes:1;pointcloud_unusable_no_points:12,13,가림:6;관측각·커버리지:2;무텍스처:1;복합(소형+가림):1;복합(소형+재질):2;복합(재질+가림):1,,0.000,131.905,0.165,76.376,0.542,690771.170,5336074.700,690864.200,5336211.256,165.234,0,present,yes,present,yes,present,yes,DEBY_LOD2_104583794;DEBY_LOD2_42364607;DEBY_LOD2_4907164;DEBY_LOD2_4907165;DEBY_LOD2_4907166;DEBY_LOD2_4907167;DEBY_LOD2_4907168;DEBY_LOD2_4907174;DEBY_LOD2_4907175;DEBY_LOD2_4907176;DEBY_LOD2_4907177;DEBY_LOD2_4907181;DEBY_LOD2_4907184;DEBY_LOD2_4907185;DEBY_LOD2_4907186;DEBY_LOD2_4907187;DEBY_LOD2_4907188;DEBY_LOD2_4907195;DEBY_LOD2_4908157;DEBY_LOD2_4908158;DEBY_LOD2_4908159;DEBY_LOD2_4908161;DEBY_LOD2_4908162;DEBY_LOD2_4908163;DEBY_LOD2_4908164;DEBY_LOD2_4908168;DEBY_LOD2_4908169;DEBY_LOD2_4908170;DEBY_LOD2_4908172;DEBY_LOD2_60098
C042,42,no,,30,12,15,12,1,2,2_assembly:2;3_coverage:10;4_impossible:3,missing_lod22_geometry:2;pointcloud_unusable_no_planes:1;pointcloud_unusable_no_points:12,13,가림:6;관측각·커버리지:2;무텍스처:1;복합(소형+가림):1;복합(소형+재질):2;복합(재질+가림):1,,0.000,131.905,0.169,76.376,0.542,690771.170,5336083.195,690865.704,5336219.275,165.694,0,present,yes,present,yes,present,yes,DEBY_LOD2_104583794;DEBY_LOD2_42364607;DEBY_LOD2_4907164;DEBY_LOD2_4907165;DEBY_LOD2_4907166;DEBY_LOD2_4907167;DEBY_LOD2_4907171;DEBY_LOD2_4907172;DEBY_LOD2_4907174;DEBY_LOD2_4907175;DEBY_LOD2_4907176;DEBY_LOD2_4907177;DEBY_LOD2_4907181;DEBY_LOD2_4907184;DEBY_LOD2_4907185;DEBY_LOD2_4907186;DEBY_LOD2_4907187;DEBY_LOD2_4907188;DEBY_LOD2_4908157;DEBY_LOD2_4908158;DEBY_LOD2_4908159;DEBY_LOD2_4908161;DEBY_LOD2_4908162;DEBY_LOD2_4908163;DEBY_LOD2_4908164;DEBY_LOD2_4908168;DEBY_LOD2_4908169;DEBY_LOD2_4908170;DEBY_LOD2_4908172;DEBY_LOD2_60098
C043,43,no,,26,12,11,9,0,2,1_textureless:3;2_assembly:2;3_coverage:4;4_impossible:2,missing_lod22_geometry:2;pointcloud_unusable_no_points:9,9,가림:2;무텍스처:1;복합(소형+가림):2;복합(소형+재질):2;복합(재질+가림):1;복합(저조도+가림):1,,0.000,140.855,0.117,74.775,0.556,690774.550,5336019.202,690861.615,5336160.247,165.753,0,present,yes,present,yes,present,yes,DEBY_LOD2_104583794;DEBY_LOD2_108247349;DEBY_LOD2_108247350;DEBY_LOD2_108247351;DEBY_LOD2_4907165;DEBY_LOD2_4907175;DEBY_LOD2_4907177;DEBY_LOD2_4907181;DEBY_LOD2_4907184;DEBY_LOD2_4907185;DEBY_LOD2_4907186;DEBY_LOD2_4907187;DEBY_LOD2_4907188;DEBY_LOD2_4907194;DEBY_LOD2_4907195;DEBY_LOD2_4907198;DEBY_LOD2_4907199;DEBY_LOD2_4907202;DEBY_LOD2_4908157;DEBY_LOD2_4908168;DEBY_LOD2_4908169;DEBY_LOD2_4908170;DEBY_LOD2_4908172;DEBY_LOD2_4908178;DEBY_LOD2_60098;DEBY_LOD2_8568392
C044,44,no,,24,11,11,9,0,2,1_textureless:3;2_assembly:2;3_coverage:4;4_impossible:2,missing_lod22_geometry:2;pointcloud_unusable_no_points:9,9,가림:2;무텍스처:1;복합(소형+가림):2;복합(소형+재질):2;복합(재질+가림):1;복합(저조도+가림):1,,0.000,142.450,0.119,74.775,0.549,690774.550,5336019.202,690861.615,5336160.247,165.753,0,present,yes,present,yes,present,yes,DEBY_LOD2_104583794;DEBY_LOD2_108247350;DEBY_LOD2_108247351;DEBY_LOD2_4907165;DEBY_LOD2_4907175;DEBY_LOD2_4907177;DEBY_LOD2_4907181;DEBY_LOD2_4907184;DEBY_LOD2_4907185;DEBY_LOD2_4907186;DEBY_LOD2_4907187;DEBY_LOD2_4907188;DEBY_LOD2_4907194;DEBY_LOD2_4907195;DEBY_LOD2_4907198;DEBY_LOD2_4907199;DEBY_LOD2_4908157;DEBY_LOD2_4908168;DEBY_LOD2_4908169;DEBY_LOD2_4908170;DEBY_LOD2_4908172;DEBY_LOD2_4908178;DEBY_LOD2_60098;DEBY_LOD2_8568392
C045,45,no,,25,11,11,9,0,2,1_textureless:3;2_assembly:2;3_coverage:4;4_impossible:2,missing_lod22_geometry:2;pointcloud_unusable_no_points:9,9,가림:2;무텍스처:1;복합(소형+가림):2;복합(소형+재질):2;복합(재질+가림):1;복합(저조도+가림):1,,0.000,141.490,0.114,74.678,0.549,690774.550,5336019.202,690861.615,5336160.247,165.753,0,present,yes,present,yes,present,yes,DEBY_LOD2_104583794;DEBY_LOD2_108247349;DEBY_LOD2_108247350;DEBY_LOD2_108247351;DEBY_LOD2_4907165;DEBY_LOD2_4907175;DEBY_LOD2_4907177;DEBY_LOD2_4907181;DEBY_LOD2_4907184;DEBY_LOD2_4907185;DEBY_LOD2_4907186;DEBY_LOD2_4907187;DEBY_LOD2_4907188;DEBY_LOD2_4907194;DEBY_LOD2_4907195;DEBY_LOD2_4907198;DEBY_LOD2_4907199;DEBY_LOD2_4908157;DEBY_LOD2_4908168;DEBY_LOD2_4908169;DEBY_LOD2_4908170;DEBY_LOD2_4908172;DEBY_LOD2_4908178;DEBY_LOD2_60098;DEBY_LOD2_8568392
C046,46,no,,23,10,11,9,0,2,1_textureless:3;2_assembly:2;3_coverage:4;4_impossible:2,missing_lod22_geometry:2;pointcloud_unusable_no_points:9,9,가림:2;무텍스처:1;복합(소형+가림):2;복합(소형+재질):2;복합(재질+가림):1;복합(저조도+가림):1,,0.000,143.410,0.114,74.873,0.549,690774.550,5336019.202,690861.615,5336160.247,165.753,0,present,yes,present,yes,present,yes,DEBY_LOD2_104583794;DEBY_LOD2_108247350;DEBY_LOD2_108247351;DEBY_LOD2_4907165;DEBY_LOD2_4907175;DEBY_LOD2_4907177;DEBY_LOD2_4907181;DEBY_LOD2_4907184;DEBY_LOD2_4907185;DEBY_LOD2_4907186;DEBY_LOD2_4907187;DEBY_LOD2_4907188;DEBY_LOD2_4907194;DEBY_LOD2_4907195;DEBY_LOD2_4907198;DEBY_LOD2_4907199;DEBY_LOD2_4908157;DEBY_LOD2_4908168;DEBY_LOD2_4908169;DEBY_LOD2_4908170;DEBY_LOD2_4908172;DEBY_LOD2_60098;DEBY_LOD2_8568392
C047,47,no,,23,10,11,9,0,2,1_textureless:3;2_assembly:2;3_coverage:4;4_impossible:2,missing_lod22_geometry:2;pointcloud_unusable_no_points:9,9,가림:2;무텍스처:1;복합(소형+가림):2;복합(소형+재질):2;복합(재질+가림):1;복합(저조도+가림):1,,0.000,143.410,0.114,74.873,0.549,690774.550,5336019.202,690861.615,5336160.247,165.753,0,present,yes,present,yes,present,yes,DEBY_LOD2_104583794;DEBY_LOD2_108247350;DEBY_LOD2_108247351;DEBY_LOD2_4907175;DEBY_LOD2_4907177;DEBY_LOD2_4907181;DEBY_LOD2_4907184;DEBY_LOD2_4907185;DEBY_LOD2_4907186;DEBY_LOD2_4907187;DEBY_LOD2_4907188;DEBY_LOD2_4907194;DEBY_LOD2_4907195;DEBY_LOD2_4907198;DEBY_LOD2_4907199;DEBY_LOD2_4908157;DEBY_LOD2_4908168;DEBY_LOD2_4908169;DEBY_LOD2_4908170;DEBY_LOD2_4908172;DEBY_LOD2_4908178;DEBY_LOD2_60098;DEBY_LOD2_8568392
C048,48,no,,22,10,10,8,0,2,1_textureless:3;2_assembly:2;3_coverage:4;4_impossible:1,missing_lod22_geometry:2;pointcloud_unusable_no_points:8,8,가림:2;복합(소형+가림):2;복합(소형+재질):2;복합(재질+가림):1;복합(저조도+가림):1,,0.000,143.580,0.119,74.775,0.549,690774.550,5336019.202,690861.615,5336160.247,165.753,0,present,yes,present,yes,present,yes,DEBY_LOD2_104583794;DEBY_LOD2_108247350;DEBY_LOD2_108247351;DEBY_LOD2_4907165;DEBY_LOD2_4907175;DEBY_LOD2_4907177;DEBY_LOD2_4907181;DEBY_LOD2_4907184;DEBY_LOD2_4907185;DEBY_LOD2_4907186;DEBY_LOD2_4907187;DEBY_LOD2_4907188;DEBY_LOD2_4907194;DEBY_LOD2_4907195;DEBY_LOD2_4907198;DEBY_LOD2_4908157;DEBY_LOD2_4908168;DEBY_LOD2_4908169;DEBY_LOD2_4908170;DEBY_LOD2_4908172;DEBY_LOD2_60098;DEBY_LOD2_8568392
C049,49,no,,30,10,16,13,1,2,1_textureless:1;2_assembly:2;3_coverage:10;4_impossible:3,missing_lod22_geometry:2;pointcloud_unusable_no_planes:1;pointcloud_unusable_no_points:13,14,가림:6;관측각·커버리지:2;무텍스처:1;복합(소형+가림):2;복합(소형+재질):2;복합(재질+가림):1,,0.000,133.460,0.162,73.380,0.537,690771.170,5336069.080,690864.200,5336206.510,165.957,0,present,yes,present,yes,present,yes,DEBY_LOD2_104583794;DEBY_LOD2_108247350;DEBY_LOD2_42364607;DEBY_LOD2_4907164;DEBY_LOD2_4907165;DEBY_LOD2_4907166;DEBY_LOD2_4907167;DEBY_LOD2_4907174;DEBY_LOD2_4907175;DEBY_LOD2_4907176;DEBY_LOD2_4907177;DEBY_LOD2_4907181;DEBY_LOD2_4907184;DEBY_LOD2_4907185;DEBY_LOD2_4907186;DEBY_LOD2_4907187;DEBY_LOD2_4907188;DEBY_LOD2_4907194;DEBY_LOD2_4907195;DEBY_LOD2_4908157;DEBY_LOD2_4908158;DEBY_LOD2_4908159;DEBY_LOD2_4908161;DEBY_LOD2_4908162;DEBY_LOD2_4908164;DEBY_LOD2_4908168;DEBY_LOD2_4908169;DEBY_LOD2_4908170;DEBY_LOD2_4908172;DEBY_LOD2_60098
C050,50,no,,27,10,15,13,0,2,1_textureless:1;2_assembly:2;3_coverage:10;4_impossible:2,missing_lod22_geometry:2;pointcloud_unusable_no_points:13,13,가림:6;관측각·커버리지:1;무텍스처:1;복합(소형+가림):2;복합(소형+재질):2;복합(재질+가림):1,,0.000,135.460,0.161,78.074,0.533,690771.170,5336069.080,690864.200,5336206.510,165.957,0,present,yes,present,yes,present,yes,DEBY_LOD2_104583794;DEBY_LOD2_108247350;DEBY_LOD2_42364607;DEBY_LOD2_4907164;DEBY_LOD2_4907165;DEBY_LOD2_4907174;DEBY_LOD2_4907175;DEBY_LOD2_4907176;DEBY_LOD2_4907177;DEBY_LOD2_4907181;DEBY_LOD2_4907184;DEBY_LOD2_4907185;DEBY_LOD2_4907186;DEBY_LOD2_4907187;DEBY_LOD2_4907188;DEBY_LOD2_4907195;DEBY_LOD2_4908157;DEBY_LOD2_4908158;DEBY_LOD2_4908159;DEBY_LOD2_4908161;DEBY_LOD2_4908162;DEBY_LOD2_4908164;DEBY_LOD2_4908168;DEBY_LOD2_4908169;DEBY_LOD2_4908170;DEBY_LOD2_4908172;DEBY_LOD2_60098
C051,51,no,,28,10,15,13,0,2,1_textureless:1;2_assembly:2;3_coverage:10;4_impossible:2,missing_lod22_geometry:2;pointcloud_unusable_no_points:13,13,가림:6;관측각·커버리지:1;무텍스처:1;복합(소형+가림):2;복합(소형+재질):2;복합(재질+가림):1,,0.000,135.220,0.162,76.376,0.533,690771.170,5336069.080,690864.200,5336206.510,165.957,0,present,yes,present,yes,present,yes,DEBY_LOD2_104583794;DEBY_LOD2_108247350;DEBY_LOD2_42364607;DEBY_LOD2_4907164;DEBY_LOD2_4907165;DEBY_LOD2_4907166;DEBY_LOD2_4907174;DEBY_LOD2_4907175;DEBY_LOD2_4907176;DEBY_LOD2_4907177;DEBY_LOD2_4907181;DEBY_LOD2_4907184;DEBY_LOD2_4907185;DEBY_LOD2_4907186;DEBY_LOD2_4907187;DEBY_LOD2_4907188;DEBY_LOD2_4907195;DEBY_LOD2_4908157;DEBY_LOD2_4908158;DEBY_LOD2_4908159;DEBY_LOD2_4908161;DEBY_LOD2_4908162;DEBY_LOD2_4908164;DEBY_LOD2_4908168;DEBY_LOD2_4908169;DEBY_LOD2_4908170;DEBY_LOD2_4908172;DEBY_LOD2_60098
C052,52,no,,28,10,15,12,1,2,1_textureless:1;2_assembly:2;3_coverage:9;4_impossible:3,missing_lod22_geometry:2;pointcloud_unusable_no_planes:1;pointcloud_unusable_no_points:12,13,가림:6;관측각·커버리지:2;무텍스처:1;복합(소형+가림):2;복합(소형+재질):1;복합(재질+가림):1,,0.000,135.220,0.162,73.380,0.533,690771.170,5336069.080,690864.200,5336206.510,165.957,0,present,yes,present,yes,present,yes,DEBY_LOD2_104583794;DEBY_LOD2_108247350;DEBY_LOD2_42364607;DEBY_LOD2_4907164;DEBY_LOD2_4907165;DEBY_LOD2_4907166;DEBY_LOD2_4907167;DEBY_LOD2_4907174;DEBY_LOD2_4907175;DEBY_LOD2_4907176;DEBY_LOD2_4907177;DEBY_LOD2_4907181;DEBY_LOD2_4907184;DEBY_LOD2_4907185;DEBY_LOD2_4907186;DEBY_LOD2_4907187;DEBY_LOD2_4907188;DEBY_LOD2_4907195;DEBY_LOD2_4908157;DEBY_LOD2_4908158;DEBY_LOD2_4908159;DEBY_LOD2_4908161;DEBY_LOD2_4908162;DEBY_LOD2_4908168;DEBY_LOD2_4908169;DEBY_LOD2_4908170;DEBY_LOD2_4908172;DEBY_LOD2_60098
C053,53,no,,29,10,15,12,1,2,1_textureless:1;2_assembly:2;3_coverage:9;4_impossible:3,missing_lod22_geometry:2;pointcloud_unusable_no_planes:1;pointcloud_unusable_no_points:12,13,가림:6;관측각·커버리지:2;무텍스처:1;복합(소형+가림):2;복합(소형+재질):1;복합(재질+가림):1,,0.000,134.980,0.161,72.081,0.533,690771.170,5336069.080,690864.200,5336206.510,165.957,0,present,yes,present,yes,present,yes,DEBY_LOD2_104583794;DEBY_LOD2_108247350;DEBY_LOD2_42364607;DEBY_LOD2_4907164;DEBY_LOD2_4907165;DEBY_LOD2_4907166;DEBY_LOD2_4907167;DEBY_LOD2_4907174;DEBY_LOD2_4907175;DEBY_LOD2_4907176;DEBY_LOD2_4907177;DEBY_LOD2_4907181;DEBY_LOD2_4907184;DEBY_LOD2_4907185;DEBY_LOD2_4907186;DEBY_LOD2_4907187;DEBY_LOD2_4907188;DEBY_LOD2_4907194;DEBY_LOD2_4907195;DEBY_LOD2_4908157;DEBY_LOD2_4908158;DEBY_LOD2_4908159;DEBY_LOD2_4908161;DEBY_LOD2_4908162;DEBY_LOD2_4908168;DEBY_LOD2_4908169;DEBY_LOD2_4908170;DEBY_LOD2_4908172;DEBY_LOD2_60098
C054,54,no,,27,10,14,11,1,2,1_textureless:1;2_assembly:2;3_coverage:8;4_impossible:3,missing_lod22_geometry:2;pointcloud_unusable_no_planes:1;pointcloud_unusable_no_points:11,12,가림:6;관측각·커버리지:2;복합(소형+가림):2;복합(소형+재질):1;복합(재질+가림):1,,0.000,135.460,0.163,72.081,0.533,690771.170,5336069.080,690864.200,5336206.510,165.957,0,present,yes,present,yes,present,yes,DEBY_LOD2_104583794;DEBY_LOD2_108247350;DEBY_LOD2_42364607;DEBY_LOD2_4907164;DEBY_LOD2_4907165;DEBY_LOD2_4907166;DEBY_LOD2_4907167;DEBY_LOD2_4907174;DEBY_LOD2_4907175;DEBY_LOD2_4907176;DEBY_LOD2_4907177;DEBY_LOD2_4907181;DEBY_LOD2_4907184;DEBY_LOD2_4907185;DEBY_LOD2_4907186;DEBY_LOD2_4907187;DEBY_LOD2_4907188;DEBY_LOD2_4907195;DEBY_LOD2_4908157;DEBY_LOD2_4908158;DEBY_LOD2_4908159;DEBY_LOD2_4908161;DEBY_LOD2_4908168;DEBY_LOD2_4908169;DEBY_LOD2_4908170;DEBY_LOD2_4908172;DEBY_LOD2_60098
C055,55,no,,25,10,12,10,0,2,1_textureless:1;2_assembly:2;3_coverage:8;4_impossible:1,missing_lod22_geometry:2;pointcloud_unusable_no_points:10,10,가림:5;관측각·커버리지:1;복합(소형+가림):2;복합(소형+재질):1;복합(재질+가림):1,,0.000,135.580,0.163,72.081,0.533,690771.170,5336069.080,690864.200,5336206.510,165.957,0,present,yes,present,yes,present,yes,DEBY_LOD2_104583794;DEBY_LOD2_108247350;DEBY_LOD2_4907164;DEBY_LOD2_4907165;DEBY_LOD2_4907166;DEBY_LOD2_4907174;DEBY_LOD2_4907175;DEBY_LOD2_4907176;DEBY_LOD2_4907177;DEBY_LOD2_4907181;DEBY_LOD2_4907184;DEBY_LOD2_4907185;DEBY_LOD2_4907186;DEBY_LOD2_4907187;DEBY_LOD2_4907188;DEBY_LOD2_4907195;DEBY_LOD2_4908157;DEBY_LOD2_4908158;DEBY_LOD2_4908159;DEBY_LOD2_4908161;DEBY_LOD2_4908168;DEBY_LOD2_4908169;DEBY_LOD2_4908170;DEBY_LOD2_4908172;DEBY_LOD2_60098
C056,56,no,,26,10,12,10,0,2,1_textureless:1;2_assembly:2;3_coverage:8;4_impossible:1,missing_lod22_geometry:2;pointcloud_unusable_no_points:10,10,가림:5;관측각·커버리지:1;복합(소형+가림):2;복합(소형+재질):1;복합(재질+가림):1,,0.000,135.520,0.148,71.340,0.537,690771.170,5336069.080,690864.200,5336206.510,165.957,0,present,yes,present,yes,present,yes,DEBY_LOD2_104583794;DEBY_LOD2_108247350;DEBY_LOD2_4907164;DEBY_LOD2_4907165;DEBY_LOD2_4907166;DEBY_LOD2_4907174;DEBY_LOD2_4907175;DEBY_LOD2_4907176;DEBY_LOD2_4907177;DEBY_LOD2_4907181;DEBY_LOD2_4907184;DEBY_LOD2_4907185;DEBY_LOD2_4907186;DEBY_LOD2_4907187;DEBY_LOD2_4907188;DEBY_LOD2_4907194;DEBY_LOD2_4907195;DEBY_LOD2_4908157;DEBY_LOD2_4908158;DEBY_LOD2_4908159;DEBY_LOD2_4908161;DEBY_LOD2_4908168;DEBY_LOD2_4908169;DEBY_LOD2_4908170;DEBY_LOD2_4908172;DEBY_LOD2_60098
C057,57,no,,25,10,15,12,1,2,1_textureless:1;2_assembly:2;3_coverage:9;4_impossible:3,missing_lod22_geometry:2;pointcloud_unusable_no_planes:1;pointcloud_unusable_no_points:12,13,가림:4;관측각·커버리지:4;무텍스처:1;복합(소형+가림):2;복합(소형+재질):2,,0.000,110.680,0.197,45.769,0.591,690792.237,5336144.454,690913.984,5336259.030,167.183,0,present,yes,present,yes,present,yes,DEBY_LOD2_42364607;DEBY_LOD2_4907025;DEBY_LOD2_4907026;DEBY_LOD2_4907027;DEBY_LOD2_4907028;DEBY_LOD2_4907030;DEBY_LOD2_4907031;DEBY_LOD2_4907168;DEBY_LOD2_4907169;DEBY_LOD2_4907170;DEBY_LOD2_4907171;DEBY_LOD2_4907172;DEBY_LOD2_4907174;DEBY_LOD2_4907176;DEBY_LOD2_4907177;DEBY_LOD2_4908158;DEBY_LOD2_4908159;DEBY_LOD2_4908160;DEBY_LOD2_4908161;DEBY_LOD2_4908162;DEBY_LOD2_4908163;DEBY_LOD2_4908164;DEBY_LOD2_4908165;DEBY_LOD2_4908167;DEBY_LOD2_60097
C058,58,no,,30,13,16,13,1,2,2_assembly:2;3_coverage:10;4_impossible:4,missing_lod22_geometry:2;pointcloud_unusable_no_planes:1;pointcloud_unusable_no_points:13,14,가림:6;관측각·커버리지:2;무텍스처:1;복합(소형+가림):1;복합(소형+재질):3;복합(재질+가림):1,,0.000,131.905,0.173,79.596,0.554,690780.929,5336083.195,690878.077,5336219.275,167.199,0,present,yes,present,yes,present,yes,DEBY_LOD2_104583794;DEBY_LOD2_42364607;DEBY_LOD2_4907165;DEBY_LOD2_4907166;DEBY_LOD2_4907167;DEBY_LOD2_4907171;DEBY_LOD2_4907172;DEBY_LOD2_4907174;DEBY_LOD2_4907175;DEBY_LOD2_4907176;DEBY_LOD2_4907177;DEBY_LOD2_4907181;DEBY_LOD2_4907184;DEBY_LOD2_4907185;DEBY_LOD2_4907186;DEBY_LOD2_4907187;DEBY_LOD2_4907188;DEBY_LOD2_4908157;DEBY_LOD2_4908158;DEBY_LOD2_4908159;DEBY_LOD2_4908161;DEBY_LOD2_4908162;DEBY_LOD2_4908163;DEBY_LOD2_4908164;DEBY_LOD2_4908167;DEBY_LOD2_4908168;DEBY_LOD2_4908169;DEBY_LOD2_4908170;DEBY_LOD2_60097;DEBY_LOD2_60098
C059,59,no,,29,12,16,13,1,2,2_assembly:2;3_coverage:10;4_impossible:4,missing_lod22_geometry:2;pointcloud_unusable_no_planes:1;pointcloud_unusable_no_points:13,14,가림:6;관측각·커버리지:2;무텍스처:1;복합(소형+가림):1;복합(소형+재질):3;복합(재질+가림):1,,0.000,131.940,0.175,81.117,0.544,690780.929,5336083.195,690878.077,5336219.275,167.199,0,present,yes,present,yes,present,yes,DEBY_LOD2_104583794;DEBY_LOD2_42364607;DEBY_LOD2_4907165;DEBY_LOD2_4907166;DEBY_LOD2_4907167;DEBY_LOD2_4907171;DEBY_LOD2_4907172;DEBY_LOD2_4907174;DEBY_LOD2_4907175;DEBY_LOD2_4907176;DEBY_LOD2_4907177;DEBY_LOD2_4907181;DEBY_LOD2_4907184;DEBY_LOD2_4907185;DEBY_LOD2_4907186;DEBY_LOD2_4907187;DEBY_LOD2_4908157;DEBY_LOD2_4908158;DEBY_LOD2_4908159;DEBY_LOD2_4908161;DEBY_LOD2_4908162;DEBY_LOD2_4908163;DEBY_LOD2_4908164;DEBY_LOD2_4908167;DEBY_LOD2_4908168;DEBY_LOD2_4908169;DEBY_LOD2_4908170;DEBY_LOD2_60097;DEBY_LOD2_60098
C060,60,no,,28,12,15,13,0,2,2_assembly:2;3_coverage:10;4_impossible:3,missing_lod22_geometry:2;pointcloud_unusable_no_points:13,13,가림:6;관측각·커버리지:1;무텍스처:1;복합(소형+가림):1;복합(소형+재질):3;복합(재질+가림):1,,0.000,133.460,0.173,82.182,0.542,690780.929,5336083.195,690878.077,5336219.275,167.199,0,present,yes,present,yes,present,yes,DEBY_LOD2_104583794;DEBY_LOD2_42364607;DEBY_LOD2_4907165;DEBY_LOD2_4907166;DEBY_LOD2_4907171;DEBY_LOD2_4907172;DEBY_LOD2_4907174;DEBY_LOD2_4907175;DEBY_LOD2_4907176;DEBY_LOD2_4907177;DEBY_LOD2_4907181;DEBY_LOD2_4907184;DEBY_LOD2_4907185;DEBY_LOD2_4907186;DEBY_LOD2_4907187;DEBY_LOD2_4908157;DEBY_LOD2_4908158;DEBY_LOD2_4908159;DEBY_LOD2_4908161;DEBY_LOD2_4908162;DEBY_LOD2_4908163;DEBY_LOD2_4908164;DEBY_LOD2_4908167;DEBY_LOD2_4908168;DEBY_LOD2_4908169;DEBY_LOD2_4908170;DEBY_LOD2_60097;DEBY_LOD2_60098
C061,61,no,,30,10,17,12,1,4,2_assembly:4;3_coverage:10;4_impossible:3,missing_lod22_geometry:4;pointcloud_unusable_no_planes:1;pointcloud_unusable_no_points:12,13,가림:6;관측각·커버리지:2;무텍스처:1;복합(소형+가림):1;복합(소형+재질):2;복합(재질+가림):1,,0.000,127.290,0.169,69.438,0.569,690771.170,5336093.763,690865.704,5336232.403,167.803,0,present,yes,present,yes,present,yes,DEBY_LOD2_104583794;DEBY_LOD2_42364607;DEBY_LOD2_4907164;DEBY_LOD2_4907165;DEBY_LOD2_4907166;DEBY_LOD2_4907167;DEBY_LOD2_4907168;DEBY_LOD2_4907169;DEBY_LOD2_4907170;DEBY_LOD2_4907171;DEBY_LOD2_4907172;DEBY_LOD2_4907174;DEBY_LOD2_4907175;DEBY_LOD2_4907176;DEBY_LOD2_4907177;DEBY_LOD2_4907181;DEBY_LOD2_4907186;DEBY_LOD2_4907187;DEBY_LOD2_4907188;DEBY_LOD2_4908157;DEBY_LOD2_4908158;DEBY_LOD2_4908159;DEBY_LOD2_4908161;DEBY_LOD2_4908162;DEBY_LOD2_4908163;DEBY_LOD2_4908164;DEBY_LOD2_4908169;DEBY_LOD2_4908170;DEBY_LOD2_4908172;DEBY_LOD2_60098
C062,62,no,,20,10,5,5,0,0,1_textureless:4;4_impossible:1,pointcloud_unusable_no_points:5,5,무텍스처:2;복합(소형+가림):1;복합(소형+재질):1;복합(저조도+가림):1,,0.000,135.280,0.107,75.001,0.569,690774.410,5335988.900,690859.713,5336134.225,168.511,0,present,yes,present,yes,present,yes,DEBY_LOD2_108247349;DEBY_LOD2_108247350;DEBY_LOD2_108247351;DEBY_LOD2_4907184;DEBY_LOD2_4907185;DEBY_LOD2_4907186;DEBY_LOD2_4907188;DEBY_LOD2_4907194;DEBY_LOD2_4907195;DEBY_LOD2_4907198;DEBY_LOD2_4907199;DEBY_LOD2_4907202;DEBY_LOD2_4907208;DEBY_LOD2_4908168;DEBY_LOD2_4908172;DEBY_LOD2_4908178;DEBY_LOD2_4908179;DEBY_LOD2_60098;DEBY_LOD2_8568391;DEBY_LOD2_8568392
C063,63,no,,29,10,18,13,1,4,2_assembly:4;3_coverage:10;4_impossible:4,missing_lod22_geometry:4;pointcloud_unusable_no_planes:1;pointcloud_unusable_no_points:13,14,가림:6;관측각·커버리지:2;무텍스처:1;복합(소형+가림):1;복합(소형+재질):3;복합(재질+가림):1,,0.000,130.750,0.187,74.678,0.574,690780.929,5336093.763,690878.077,5336232.403,169.289,0,present,yes,present,yes,present,yes,DEBY_LOD2_104583794;DEBY_LOD2_42364607;DEBY_LOD2_4907165;DEBY_LOD2_4907166;DEBY_LOD2_4907167;DEBY_LOD2_4907168;DEBY_LOD2_4907169;DEBY_LOD2_4907170;DEBY_LOD2_4907171;DEBY_LOD2_4907172;DEBY_LOD2_4907174;DEBY_LOD2_4907175;DEBY_LOD2_4907176;DEBY_LOD2_4907177;DEBY_LOD2_4907181;DEBY_LOD2_4907187;DEBY_LOD2_4908157;DEBY_LOD2_4908158;DEBY_LOD2_4908159;DEBY_LOD2_4908161;DEBY_LOD2_4908162;DEBY_LOD2_4908163;DEBY_LOD2_4908164;DEBY_LOD2_4908167;DEBY_LOD2_4908168;DEBY_LOD2_4908169;DEBY_LOD2_4908170;DEBY_LOD2_60097;DEBY_LOD2_60098
C064,64,no,,30,10,17,13,1,3,1_textureless:1;2_assembly:3;3_coverage:10;4_impossible:3,missing_lod22_geometry:3;pointcloud_unusable_no_planes:1;pointcloud_unusable_no_points:13,14,가림:6;관측각·커버리지:2;무텍스처:1;복합(소형+가림):2;복합(소형+재질):2;복합(재질+가림):1,,0.000,131.905,0.162,73.380,0.542,690771.170,5336069.080,690864.200,5336211.256,169.908,0,present,yes,present,yes,present,yes,DEBY_LOD2_104583794;DEBY_LOD2_108247350;DEBY_LOD2_42364607;DEBY_LOD2_4907164;DEBY_LOD2_4907165;DEBY_LOD2_4907166;DEBY_LOD2_4907167;DEBY_LOD2_4907168;DEBY_LOD2_4907174;DEBY_LOD2_4907175;DEBY_LOD2_4907176;DEBY_LOD2_4907177;DEBY_LOD2_4907181;DEBY_LOD2_4907185;DEBY_LOD2_4907186;DEBY_LOD2_4907187;DEBY_LOD2_4907188;DEBY_LOD2_4907195;DEBY_LOD2_4908157;DEBY_LOD2_4908158;DEBY_LOD2_4908159;DEBY_LOD2_4908161;DEBY_LOD2_4908162;DEBY_LOD2_4908163;DEBY_LOD2_4908164;DEBY_LOD2_4908168;DEBY_LOD2_4908169;DEBY_LOD2_4908170;DEBY_LOD2_4908172;DEBY_LOD2_60098
C065,65,no,,28,11,12,10,0,2,1_textureless:4;2_assembly:2;3_coverage:4;4_impossible:2,missing_lod22_geometry:2;pointcloud_unusable_no_points:10,10,가림:2;무텍스처:2;복합(소형+가림):2;복합(소형+재질):2;복합(재질+가림):1;복합(저조도+가림):1,,0.000,138.250,0.112,74.775,0.546,690771.170,5336019.202,690859.713,5336166.519,171.878,0,present,yes,present,yes,present,yes,DEBY_LOD2_104583794;DEBY_LOD2_108247349;DEBY_LOD2_108247350;DEBY_LOD2_108247351;DEBY_LOD2_4907164;DEBY_LOD2_4907165;DEBY_LOD2_4907175;DEBY_LOD2_4907181;DEBY_LOD2_4907184;DEBY_LOD2_4907185;DEBY_LOD2_4907186;DEBY_LOD2_4907187;DEBY_LOD2_4907188;DEBY_LOD2_4907194;DEBY_LOD2_4907195;DEBY_LOD2_4907198;DEBY_LOD2_4907199;DEBY_LOD2_4907202;DEBY_LOD2_4908157;DEBY_LOD2_4908168;DEBY_LOD2_4908169;DEBY_LOD2_4908170;DEBY_LOD2_4908172;DEBY_LOD2_4908178;DEBY_LOD2_4908179;DEBY_LOD2_60098;DEBY_LOD2_8568391;DEBY_LOD2_8568392
C066,66,no,,27,11,11,9,0,2,1_textureless:4;2_assembly:2;3_coverage:4;4_impossible:1,missing_lod22_geometry:2;pointcloud_unusable_no_points:9,9,가림:2;무텍스처:2;복합(소형+가림):2;복합(소형+재질):1;복합(재질+가림):1;복합(저조도+가림):1,,0.000,136.280,0.109,74.678,0.544,690771.170,5336019.202,690859.713,5336166.519,171.878,0,present,yes,present,yes,present,yes,DEBY_LOD2_104583794;DEBY_LOD2_108247349;DEBY_LOD2_108247350;DEBY_LOD2_108247351;DEBY_LOD2_4907164;DEBY_LOD2_4907165;DEBY_LOD2_4907175;DEBY_LOD2_4907181;DEBY_LOD2_4907184;DEBY_LOD2_4907185;DEBY_LOD2_4907186;DEBY_LOD2_4907187;DEBY_LOD2_4907188;DEBY_LOD2_4907194;DEBY_LOD2_4907195;DEBY_LOD2_4907198;DEBY_LOD2_4907199;DEBY_LOD2_4907202;DEBY_LOD2_4908157;DEBY_LOD2_4908168;DEBY_LOD2_4908170;DEBY_LOD2_4908172;DEBY_LOD2_4908178;DEBY_LOD2_4908179;DEBY_LOD2_60098;DEBY_LOD2_8568391;DEBY_LOD2_8568392
C067,67,no,,27,11,11,10,0,1,1_textureless:4;2_assembly:1;3_coverage:4;4_impossible:2,missing_lod22_geometry:1;pointcloud_unusable_no_points:10,10,가림:2;무텍스처:2;복합(소형+가림):2;복합(소형+재질):2;복합(재질+가림):1;복합(저조도+가림):1,,0.000,136.280,0.109,74.873,0.549,690771.170,5336019.202,690859.713,5336166.519,171.878,0,present,yes,present,yes,present,yes,DEBY_LOD2_104583794;DEBY_LOD2_108247349;DEBY_LOD2_108247350;DEBY_LOD2_108247351;DEBY_LOD2_4907164;DEBY_LOD2_4907165;DEBY_LOD2_4907181;DEBY_LOD2_4907184;DEBY_LOD2_4907185;DEBY_LOD2_4907186;DEBY_LOD2_4907187;DEBY_LOD2_4907188;DEBY_LOD2_4907194;DEBY_LOD2_4907195;DEBY_LOD2_4907198;DEBY_LOD2_4907199;DEBY_LOD2_4907202;DEBY_LOD2_4908157;DEBY_LOD2_4908168;DEBY_LOD2_4908169;DEBY_LOD2_4908170;DEBY_LOD2_4908172;DEBY_LOD2_4908178;DEBY_LOD2_4908179;DEBY_LOD2_60098;DEBY_LOD2_8568391;DEBY_LOD2_8568392
C068,68,no,,26,11,10,9,0,1,1_textureless:4;2_assembly:1;3_coverage:4;4_impossible:1,missing_lod22_geometry:1;pointcloud_unusable_no_points:9,9,가림:2;무텍스처:2;복합(소형+가림):2;복합(소형+재질):1;복합(재질+가림):1;복합(저조도+가림):1,,0.000,136.065,0.109,73.477,0.546,690771.170,5336019.202,690859.713,5336166.519,171.878,0,present,yes,present,yes,present,yes,DEBY_LOD2_104583794;DEBY_LOD2_108247349;DEBY_LOD2_108247350;DEBY_LOD2_108247351;DEBY_LOD2_4907164;DEBY_LOD2_4907165;DEBY_LOD2_4907181;DEBY_LOD2_4907184;DEBY_LOD2_4907185;DEBY_LOD2_4907186;DEBY_LOD2_4907187;DEBY_LOD2_4907188;DEBY_LOD2_4907194;DEBY_LOD2_4907195;DEBY_LOD2_4907198;DEBY_LOD2_4907199;DEBY_LOD2_4907202;DEBY_LOD2_4908157;DEBY_LOD2_4908168;DEBY_LOD2_4908170;DEBY_LOD2_4908172;DEBY_LOD2_4908178;DEBY_LOD2_4908179;DEBY_LOD2_60098;DEBY_LOD2_8568391;DEBY_LOD2_8568392
C069,69,no,,25,11,9,8,0,1,1_textureless:4;2_assembly:1;3_coverage:3;4_impossible:1,missing_lod22_geometry:1;pointcloud_unusable_no_points:8,8,가림:1;무텍스처:2;복합(소형+가림):2;복합(소형+재질):1;복합(재질+가림):1;복합(저조도+가림):1,,0.000,135.850,0.109,74.873,0.549,690771.170,5336019.202,690859.713,5336166.519,171.878,0,present,yes,present,yes,present,yes,DEBY_LOD2_104583794;DEBY_LOD2_108247349;DEBY_LOD2_108247350;DEBY_LOD2_108247351;DEBY_LOD2_4907164;DEBY_LOD2_4907165;DEBY_LOD2_4907181;DEBY_LOD2_4907184;DEBY_LOD2_4907185;DEBY_LOD2_4907186;DEBY_LOD2_4907187;DEBY_LOD2_4907188;DEBY_LOD2_4907194;DEBY_LOD2_4907195;DEBY_LOD2_4907198;DEBY_LOD2_4907199;DEBY_LOD2_4907202;DEBY_LOD2_4908168;DEBY_LOD2_4908170;DEBY_LOD2_4908172;DEBY_LOD2_4908178;DEBY_LOD2_4908179;DEBY_LOD2_60098;DEBY_LOD2_8568391;DEBY_LOD2_8568392
C070,70,no,,29,12,12,10,0,2,1_textureless:4;2_assembly:2;3_coverage:4;4_impossible:2,missing_lod22_geometry:2;pointcloud_unusable_no_points:10,10,가림:2;무텍스처:2;복합(소형+가림):2;복합(소형+재질):2;복합(재질+가림):1;복합(저조도+가림):1,,0.000,136.280,0.114,74.873,0.549,690771.170,5336019.202,690861.615,5336166.519,172.866,0,present,yes,present,yes,present,yes,DEBY_LOD2_104583794;DEBY_LOD2_108247349;DEBY_LOD2_108247350;DEBY_LOD2_108247351;DEBY_LOD2_4907164;DEBY_LOD2_4907165;DEBY_LOD2_4907175;DEBY_LOD2_4907177;DEBY_LOD2_4907181;DEBY_LOD2_4907184;DEBY_LOD2_4907185;DEBY_LOD2_4907186;DEBY_LOD2_4907187;DEBY_LOD2_4907188;DEBY_LOD2_4907194;DEBY_LOD2_4907195;DEBY_LOD2_4907198;DEBY_LOD2_4907199;DEBY_LOD2_4907202;DEBY_LOD2_4908157;DEBY_LOD2_4908168;DEBY_LOD2_4908169;DEBY_LOD2_4908170;DEBY_LOD2_4908172;DEBY_LOD2_4908178;DEBY_LOD2_4908179;DEBY_LOD2_60098;DEBY_LOD2_8568391;DEBY_LOD2_8568392
C071,71,no,,24,10,11,9,0,2,1_textureless:3;2_assembly:2;3_coverage:4;4_impossible:2,missing_lod22_geometry:2;pointcloud_unusable_no_points:9,9,가림:2;무텍스처:1;복합(소형+가림):2;복합(소형+재질):2;복합(재질+가림):1;복합(저조도+가림):1,,0.000,142.450,0.119,74.775,0.549,690771.170,5336019.202,690861.615,5336166.519,172.866,0,present,yes,present,yes,present,yes,DEBY_LOD2_104583794;DEBY_LOD2_108247350;DEBY_LOD2_108247351;DEBY_LOD2_4907164;DEBY_LOD2_4907165;DEBY_LOD2_4907175;DEBY_LOD2_4907177;DEBY_LOD2_4907181;DEBY_LOD2_4907184;DEBY_LOD2_4907185;DEBY_LOD2_4907186;DEBY_LOD2_4907187;DEBY_LOD2_4907188;DEBY_LOD2_4907194;DEBY_LOD2_4907195;DEBY_LOD2_4907198;DEBY_LOD2_4907199;DEBY_LOD2_4908157;DEBY_LOD2_4908168;DEBY_LOD2_4908169;DEBY_LOD2_4908170;DEBY_LOD2_4908172;DEBY_LOD2_60098;DEBY_LOD2_8568392
C072,72,no,,30,11,16,13,1,2,1_textureless:1;2_assembly:2;3_coverage:10;4_impossible:3,missing_lod22_geometry:2;pointcloud_unusable_no_planes:1;pointcloud_unusable_no_points:13,14,가림:6;관측각·커버리지:2;무텍스처:1;복합(소형+가림):2;복합(소형+재질):2;복합(재질+가림):1,,0.000,135.220,0.162,76.376,0.537,690771.170,5336060.480,690864.200,5336206.510,173.145,0,present,yes,present,yes,present,yes,DEBY_LOD2_104583794;DEBY_LOD2_108247350;DEBY_LOD2_42364607;DEBY_LOD2_4907164;DEBY_LOD2_4907165;DEBY_LOD2_4907166;DEBY_LOD2_4907167;DEBY_LOD2_4907174;DEBY_LOD2_4907175;DEBY_LOD2_4907176;DEBY_LOD2_4907177;DEBY_LOD2_4907181;DEBY_LOD2_4907184;DEBY_LOD2_4907185;DEBY_LOD2_4907186;DEBY_LOD2_4907187;DEBY_LOD2_4907188;DEBY_LOD2_4907195;DEBY_LOD2_4907198;DEBY_LOD2_4908157;DEBY_LOD2_4908158;DEBY_LOD2_4908159;DEBY_LOD2_4908161;DEBY_LOD2_4908162;DEBY_LOD2_4908164;DEBY_LOD2_4908168;DEBY_LOD2_4908169;DEBY_LOD2_4908170;DEBY_LOD2_4908172;DEBY_LOD2_60098
C073,73,no,,29,11,15,13,0,2,1_textureless:1;2_assembly:2;3_coverage:10;4_impossible:2,missing_lod22_geometry:2;pointcloud_unusable_no_points:13,13,가림:6;관측각·커버리지:1;무텍스처:1;복합(소형+가림):2;복합(소형+재질):2;복합(재질+가림):1,,0.000,135.460,0.161,78.074,0.533,690771.170,5336060.480,690864.200,5336206.510,173.145,0,present,yes,present,yes,present,yes,DEBY_LOD2_104583794;DEBY_LOD2_108247350;DEBY_LOD2_42364607;DEBY_LOD2_4907164;DEBY_LOD2_4907165;DEBY_LOD2_4907166;DEBY_LOD2_4907174;DEBY_LOD2_4907175;DEBY_LOD2_4907176;DEBY_LOD2_4907177;DEBY_LOD2_4907181;DEBY_LOD2_4907184;DEBY_LOD2_4907185;DEBY_LOD2_4907186;DEBY_LOD2_4907187;DEBY_LOD2_4907188;DEBY_LOD2_4907195;DEBY_LOD2_4907198;DEBY_LOD2_4908157;DEBY_LOD2_4908158;DEBY_LOD2_4908159;DEBY_LOD2_4908161;DEBY_LOD2_4908162;DEBY_LOD2_4908164;DEBY_LOD2_4908168;DEBY_LOD2_4908169;DEBY_LOD2_4908170;DEBY_LOD2_4908172;DEBY_LOD2_60098
C074,74,no,,29,11,14,11,1,2,1_textureless:1;2_assembly:2;3_coverage:8;4_impossible:3,missing_lod22_geometry:2;pointcloud_unusable_no_planes:1;pointcloud_unusable_no_points:11,12,가림:6;관측각·커버리지:2;복합(소형+가림):2;복합(소형+재질):1;복합(재질+가림):1,,0.000,135.460,0.132,72.081,0.541,690771.170,5336060.480,690864.200,5336206.510,173.145,0,present,yes,present,yes,present,yes,DEBY_LOD2_104583794;DEBY_LOD2_108247350;DEBY_LOD2_42364607;DEBY_LOD2_4907164;DEBY_LOD2_4907165;DEBY_LOD2_4907166;DEBY_LOD2_4907167;DEBY_LOD2_4907174;DEBY_LOD2_4907175;DEBY_LOD2_4907176;DEBY_LOD2_4907177;DEBY_LOD2_4907181;DEBY_LOD2_4907184;DEBY_LOD2_4907185;DEBY_LOD2_4907186;DEBY_LOD2_4907187;DEBY_LOD2_4907188;DEBY_LOD2_4907194;DEBY_LOD2_4907195;DEBY_LOD2_4907198;DEBY_LOD2_4908157;DEBY_LOD2_4908158;DEBY_LOD2_4908159;DEBY_LOD2_4908161;DEBY_LOD2_4908168;DEBY_LOD2_4908169;DEBY_LOD2_4908170;DEBY_LOD2_4908172;DEBY_LOD2_60098
C075,75,no,,28,11,13,11,0,2,1_textureless:1;2_assembly:2;3_coverage:8;4_impossible:2,missing_lod22_geometry:2;pointcloud_unusable_no_points:11,11,가림:6;관측각·커버리지:1;복합(소형+가림):2;복합(소형+재질):1;복합(재질+가림):1,,0.000,135.520,0.130,73.380,0.537,690771.170,5336060.480,690864.200,5336206.510,173.145,0,present,yes,present,yes,present,yes,DEBY_LOD2_104583794;DEBY_LOD2_108247350;DEBY_LOD2_42364607;DEBY_LOD2_4907164;DEBY_LOD2_4907165;DEBY_LOD2_4907166;DEBY_LOD2_4907174;DEBY_LOD2_4907175;DEBY_LOD2_4907176;DEBY_LOD2_4907177;DEBY_LOD2_4907181;DEBY_LOD2_4907184;DEBY_LOD2_4907185;DEBY_LOD2_4907186;DEBY_LOD2_4907187;DEBY_LOD2_4907188;DEBY_LOD2_4907194;DEBY_LOD2_4907195;DEBY_LOD2_4907198;DEBY_LOD2_4908157;DEBY_LOD2_4908158;DEBY_LOD2_4908159;DEBY_LOD2_4908161;DEBY_LOD2_4908168;DEBY_LOD2_4908169;DEBY_LOD2_4908170;DEBY_LOD2_4908172;DEBY_LOD2_60098
C076,76,no,,27,11,12,10,0,2,1_textureless:1;2_assembly:2;3_coverage:8;4_impossible:1,missing_lod22_geometry:2;pointcloud_unusable_no_points:10,10,가림:5;관측각·커버리지:1;복합(소형+가림):2;복합(소형+재질):1;복합(재질+가림):1,,0.000,135.580,0.132,72.081,0.541,690771.170,5336060.480,690864.200,5336206.510,173.145,0,present,yes,present,yes,present,yes,DEBY_LOD2_104583794;DEBY_LOD2_108247350;DEBY_LOD2_4907164;DEBY_LOD2_4907165;DEBY_LOD2_4907166;DEBY_LOD2_4907174;DEBY_LOD2_4907175;DEBY_LOD2_4907176;DEBY_LOD2_4907177;DEBY_LOD2_4907181;DEBY_LOD2_4907184;DEBY_LOD2_4907185;DEBY_LOD2_4907186;DEBY_LOD2_4907187;DEBY_LOD2_4907188;DEBY_LOD2_4907194;DEBY_LOD2_4907195;DEBY_LOD2_4907198;DEBY_LOD2_4908157;DEBY_LOD2_4908158;DEBY_LOD2_4908159;DEBY_LOD2_4908161;DEBY_LOD2_4908168;DEBY_LOD2_4908169;DEBY_LOD2_4908170;DEBY_LOD2_4908172;DEBY_LOD2_60098
C077,77,no,,24,10,9,8,0,1,1_textureless:4;2_assembly:1;3_coverage:3;4_impossible:1,missing_lod22_geometry:1;pointcloud_unusable_no_points:8,8,가림:1;무텍스처:2;복합(소형+가림):2;복합(소형+재질):1;복합(재질+가림):1;복합(저조도+가림):1,,0.000,136.065,0.109,75.001,0.556,690774.410,5335988.900,690859.713,5336140.538,173.985,0,present,yes,present,yes,present,yes,DEBY_LOD2_104583794;DEBY_LOD2_108247349;DEBY_LOD2_108247350;DEBY_LOD2_108247351;DEBY_LOD2_4907181;DEBY_LOD2_4907184;DEBY_LOD2_4907185;DEBY_LOD2_4907186;DEBY_LOD2_4907187;DEBY_LOD2_4907188;DEBY_LOD2_4907194;DEBY_LOD2_4907195;DEBY_LOD2_4907198;DEBY_LOD2_4907199;DEBY_LOD2_4907202;DEBY_LOD2_4907208;DEBY_LOD2_4908168;DEBY_LOD2_4908170;DEBY_LOD2_4908172;DEBY_LOD2_4908178;DEBY_LOD2_4908179;DEBY_LOD2_60098;DEBY_LOD2_8568391;DEBY_LOD2_8568392
C078,78,no,,23,10,8,7,0,1,1_textureless:4;2_assembly:1;3_coverage:2;4_impossible:1,missing_lod22_geometry:1;pointcloud_unusable_no_points:7,7,가림:1;무텍스처:2;복합(소형+가림):2;복합(소형+재질):1;복합(저조도+가림):1,,0.000,135.850,0.109,75.129,0.549,690774.410,5335988.900,690859.713,5336140.538,173.985,0,present,yes,present,yes,present,yes,DEBY_LOD2_104583794;DEBY_LOD2_108247349;DEBY_LOD2_108247350;DEBY_LOD2_108247351;DEBY_LOD2_4907181;DEBY_LOD2_4907184;DEBY_LOD2_4907185;DEBY_LOD2_4907186;DEBY_LOD2_4907187;DEBY_LOD2_4907188;DEBY_LOD2_4907194;DEBY_LOD2_4907195;DEBY_LOD2_4907198;DEBY_LOD2_4907199;DEBY_LOD2_4907202;DEBY_LOD2_4907208;DEBY_LOD2_4908168;DEBY_LOD2_4908172;DEBY_LOD2_4908178;DEBY_LOD2_4908179;DEBY_LOD2_60098;DEBY_LOD2_8568391;DEBY_LOD2_8568392
C079,79,no,,22,10,7,7,0,0,1_textureless:4;3_coverage:2;4_impossible:1,pointcloud_unusable_no_points:7,7,가림:1;무텍스처:2;복합(소형+가림):2;복합(소형+재질):1;복합(저조도+가림):1,,0.000,135.715,0.109,75.001,0.556,690774.410,5335988.900,690859.713,5336140.538,173.985,0,present,yes,present,yes,present,yes,DEBY_LOD2_104583794;DEBY_LOD2_108247349;DEBY_LOD2_108247350;DEBY_LOD2_108247351;DEBY_LOD2_4907184;DEBY_LOD2_4907185;DEBY_LOD2_4907186;DEBY_LOD2_4907187;DEBY_LOD2_4907188;DEBY_LOD2_4907194;DEBY_LOD2_4907195;DEBY_LOD2_4907198;DEBY_LOD2_4907199;DEBY_LOD2_4907202;DEBY_LOD2_4907208;DEBY_LOD2_4908168;DEBY_LOD2_4908172;DEBY_LOD2_4908178;DEBY_LOD2_4908179;DEBY_LOD2_60098;DEBY_LOD2_8568391;DEBY_LOD2_8568392
C080,80,no,,22,10,7,6,0,1,1_textureless:4;2_assembly:1;3_coverage:1;4_impossible:1,missing_lod22_geometry:1;pointcloud_unusable_no_points:6,6,가림:1;무텍스처:2;복합(소형+가림):1;복합(소형+재질):1;복합(저조도+가림):1,,0.000,135.715,0.112,76.602,0.556,690774.410,5335988.900,690859.713,5336140.538,173.985,0,present,yes,present,yes,present,yes,DEBY_LOD2_108247349;DEBY_LOD2_108247350;DEBY_LOD2_108247351;DEBY_LOD2_4907181;DEBY_LOD2_4907184;DEBY_LOD2_4907185;DEBY_LOD2_4907186;DEBY_LOD2_4907187;DEBY_LOD2_4907188;DEBY_LOD2_4907194;DEBY_LOD2_4907195;DEBY_LOD2_4907198;DEBY_LOD2_4907199;DEBY_LOD2_4907202;DEBY_LOD2_4907208;DEBY_LOD2_4908168;DEBY_LOD2_4908172;DEBY_LOD2_4908178;DEBY_LOD2_4908179;DEBY_LOD2_60098;DEBY_LOD2_8568391;DEBY_LOD2_8568392
C081,81,no,,21,10,6,6,0,0,1_textureless:4;3_coverage:1;4_impossible:1,pointcloud_unusable_no_points:6,6,가림:1;무텍스처:2;복합(소형+가림):1;복합(소형+재질):1;복합(저조도+가림):1,,0.000,135.580,0.109,75.129,0.562,690774.410,5335988.900,690859.713,5336140.538,173.985,0,present,yes,present,yes,present,yes,DEBY_LOD2_108247349;DEBY_LOD2_108247350;DEBY_LOD2_108247351;DEBY_LOD2_4907184;DEBY_LOD2_4907185;DEBY_LOD2_4907186;DEBY_LOD2_4907187;DEBY_LOD2_4907188;DEBY_LOD2_4907194;DEBY_LOD2_4907195;DEBY_LOD2_4907198;DEBY_LOD2_4907199;DEBY_LOD2_4907202;DEBY_LOD2_4907208;DEBY_LOD2_4908168;DEBY_LOD2_4908172;DEBY_LOD2_4908178;DEBY_LOD2_4908179;DEBY_LOD2_60098;DEBY_LOD2_8568391;DEBY_LOD2_8568392
C082,82,no,,30,11,15,12,1,2,1_textureless:2;2_assembly:2;3_coverage:8;4_impossible:3,missing_lod22_geometry:2;pointcloud_unusable_no_planes:1;pointcloud_unusable_no_points:12,13,가림:6;관측각·커버리지:2;복합(소형+가림):2;복합(소형+재질):1;복합(재질+가림):1;복합(저조도+가림):1,,0.000,135.220,0.130,73.380,0.542,690771.170,5336058.990,690864.200,5336206.510,174.404,0,present,yes,present,yes,present,yes,DEBY_LOD2_104583794;DEBY_LOD2_108247350;DEBY_LOD2_108247351;DEBY_LOD2_42364607;DEBY_LOD2_4907164;DEBY_LOD2_4907165;DEBY_LOD2_4907166;DEBY_LOD2_4907167;DEBY_LOD2_4907174;DEBY_LOD2_4907175;DEBY_LOD2_4907176;DEBY_LOD2_4907177;DEBY_LOD2_4907181;DEBY_LOD2_4907184;DEBY_LOD2_4907185;DEBY_LOD2_4907186;DEBY_LOD2_4907187;DEBY_LOD2_4907188;DEBY_LOD2_4907194;DEBY_LOD2_4907195;DEBY_LOD2_4907198;DEBY_LOD2_4908157;DEBY_LOD2_4908158;DEBY_LOD2_4908159;DEBY_LOD2_4908161;DEBY_LOD2_4908168;DEBY_LOD2_4908169;DEBY_LOD2_4908170;DEBY_LOD2_4908172;DEBY_LOD2_60098
C083,83,no,,28,12,13,11,0,2,1_textureless:3;2_assembly:2;3_coverage:6;4_impossible:2,missing_lod22_geometry:2;pointcloud_unusable_no_points:11,11,가림:3;관측각·커버리지:1;무텍스처:1;복합(소형+가림):2;복합(소형+재질):2;복합(재질+가림):1;복합(저조도+가림):1,,0.000,138.035,0.112,73.380,0.569,690774.550,5336019.202,690861.615,5336170.379,174.456,0,present,yes,present,yes,present,yes,DEBY_LOD2_104583794;DEBY_LOD2_108247349;DEBY_LOD2_108247350;DEBY_LOD2_108247351;DEBY_LOD2_4907165;DEBY_LOD2_4907175;DEBY_LOD2_4907177;DEBY_LOD2_4907181;DEBY_LOD2_4907184;DEBY_LOD2_4907185;DEBY_LOD2_4907186;DEBY_LOD2_4907187;DEBY_LOD2_4907188;DEBY_LOD2_4907194;DEBY_LOD2_4907195;DEBY_LOD2_4907198;DEBY_LOD2_4907199;DEBY_LOD2_4907202;DEBY_LOD2_4908157;DEBY_LOD2_4908158;DEBY_LOD2_4908159;DEBY_LOD2_4908168;DEBY_LOD2_4908169;DEBY_LOD2_4908170;DEBY_LOD2_4908172;DEBY_LOD2_4908178;DEBY_LOD2_60098;DEBY_LOD2_8568392
C084,84,no,,27,12,12,10,0,2,1_textureless:3;2_assembly:2;3_coverage:5;4_impossible:2,missing_lod22_geometry:2;pointcloud_unusable_no_points:10,10,가림:2;관측각·커버리지:1;무텍스처:1;복합(소형+가림):2;복합(소형+재질):2;복합(재질+가림):1;복합(저조도+가림):1,,0.000,140.220,0.114,74.678,0.562,690774.550,5336019.202,690861.615,5336170.379,174.456,0,present,yes,present,yes,present,yes,DEBY_LOD2_104583794;DEBY_LOD2_108247349;DEBY_LOD2_108247350;DEBY_LOD2_108247351;DEBY_LOD2_4907165;DEBY_LOD2_4907175;DEBY_LOD2_4907177;DEBY_LOD2_4907181;DEBY_LOD2_4907184;DEBY_LOD2_4907185;DEBY_LOD2_4907186;DEBY_LOD2_4907187;DEBY_LOD2_4907188;DEBY_LOD2_4907194;DEBY_LOD2_4907195;DEBY_LOD2_4907198;DEBY_LOD2_4907199;DEBY_LOD2_4907202;DEBY_LOD2_4908157;DEBY_LOD2_4908158;DEBY_LOD2_4908168;DEBY_LOD2_4908169;DEBY_LOD2_4908170;DEBY_LOD2_4908172;DEBY_LOD2_4908178;DEBY_LOD2_60098;DEBY_LOD2_8568392
C085,85,no,,26,10,12,10,0,2,1_textureless:3;2_assembly:2;3_coverage:5;4_impossible:2,missing_lod22_geometry:2;pointcloud_unusable_no_points:10,10,가림:2;관측각·커버리지:1;무텍스처:1;복합(소형+가림):2;복합(소형+재질):2;복합(재질+가림):1;복합(저조도+가림):1,,0.000,140.855,0.112,71.952,0.549,690771.170,5336019.202,690859.713,5336170.379,175.198,0,present,yes,present,yes,present,yes,DEBY_LOD2_104583794;DEBY_LOD2_108247349;DEBY_LOD2_108247350;DEBY_LOD2_108247351;DEBY_LOD2_4907164;DEBY_LOD2_4907165;DEBY_LOD2_4907175;DEBY_LOD2_4907181;DEBY_LOD2_4907184;DEBY_LOD2_4907185;DEBY_LOD2_4907186;DEBY_LOD2_4907187;DEBY_LOD2_4907188;DEBY_LOD2_4907194;DEBY_LOD2_4907195;DEBY_LOD2_4907198;DEBY_LOD2_4907199;DEBY_LOD2_4908157;DEBY_LOD2_4908158;DEBY_LOD2_4908168;DEBY_LOD2_4908169;DEBY_LOD2_4908170;DEBY_LOD2_4908172;DEBY_LOD2_4908178;DEBY_LOD2_60098;DEBY_LOD2_8568392
C086,86,no,,23,10,13,12,1,0,1_textureless:1;3_coverage:9;4_impossible:3,pointcloud_unusable_no_planes:1;pointcloud_unusable_no_points:12,13,가림:5;관측각·커버리지:3;무텍스처:1;복합(소형+가림):2;복합(소형+재질):2,,0.000,115.530,0.187,72.404,0.591,690802.171,5336144.454,690913.984,5336280.280,175.929,0,present,yes,present,yes,present,yes,DEBY_LOD2_42364607;DEBY_LOD2_4907021;DEBY_LOD2_4907025;DEBY_LOD2_4907026;DEBY_LOD2_4907027;DEBY_LOD2_4907028;DEBY_LOD2_4907030;DEBY_LOD2_4907170;DEBY_LOD2_4907171;DEBY_LOD2_4907172;DEBY_LOD2_4907174;DEBY_LOD2_4907176;DEBY_LOD2_4907177;DEBY_LOD2_4908158;DEBY_LOD2_4908159;DEBY_LOD2_4908160;DEBY_LOD2_4908161;DEBY_LOD2_4908162;DEBY_LOD2_4908163;DEBY_LOD2_4908164;DEBY_LOD2_4908165;DEBY_LOD2_4908167;DEBY_LOD2_60097
C087,87,no,,22,10,12,11,1,0,1_textureless:1;3_coverage:8;4_impossible:3,pointcloud_unusable_no_planes:1;pointcloud_unusable_no_points:11,12,가림:5;관측각·커버리지:2;무텍스처:1;복합(소형+가림):2;복합(소형+재질):2,,0.000,114.885,0.190,76.761,0.591,690802.171,5336144.454,690913.984,5336280.280,175.929,0,present,yes,present,yes,present,yes,DEBY_LOD2_42364607;DEBY_LOD2_4907021;DEBY_LOD2_4907025;DEBY_LOD2_4907026;DEBY_LOD2_4907027;DEBY_LOD2_4907028;DEBY_LOD2_4907030;DEBY_LOD2_4907170;DEBY_LOD2_4907171;DEBY_LOD2_4907172;DEBY_LOD2_4907174;DEBY_LOD2_4907176;DEBY_LOD2_4907177;DEBY_LOD2_4908159;DEBY_LOD2_4908160;DEBY_LOD2_4908161;DEBY_LOD2_4908162;DEBY_LOD2_4908163;DEBY_LOD2_4908164;DEBY_LOD2_4908165;DEBY_LOD2_4908167;DEBY_LOD2_60097
C088,88,no,,22,10,12,11,1,0,3_coverage:9;4_impossible:3,pointcloud_unusable_no_planes:1;pointcloud_unusable_no_points:11,12,가림:5;관측각·커버리지:3;무텍스처:1;복합(소형+가림):1;복합(소형+재질):2,,0.000,117.310,0.190,76.761,0.592,690802.171,5336144.454,690913.984,5336280.280,175.929,0,present,yes,present,yes,present,yes,DEBY_LOD2_42364607;DEBY_LOD2_4907021;DEBY_LOD2_4907025;DEBY_LOD2_4907026;DEBY_LOD2_4907027;DEBY_LOD2_4907028;DEBY_LOD2_4907030;DEBY_LOD2_4907170;DEBY_LOD2_4907171;DEBY_LOD2_4907172;DEBY_LOD2_4907174;DEBY_LOD2_4907176;DEBY_LOD2_4907177;DEBY_LOD2_4908158;DEBY_LOD2_4908159;DEBY_LOD2_4908161;DEBY_LOD2_4908162;DEBY_LOD2_4908163;DEBY_LOD2_4908164;DEBY_LOD2_4908165;DEBY_LOD2_4908167;DEBY_LOD2_60097
C089,89,no,,21,10,11,10,1,0,3_coverage:8;4_impossible:3,pointcloud_unusable_no_planes:1;pointcloud_unusable_no_points:10,11,가림:5;관측각·커버리지:2;무텍스처:1;복합(소형+가림):1;복합(소형+재질):2,,0.000,119.090,0.193,81.117,0.591,690802.171,5336144.454,690913.984,5336280.280,175.929,0,present,yes,present,yes,present,yes,DEBY_LOD2_42364607;DEBY_LOD2_4907021;DEBY_LOD2_4907025;DEBY_LOD2_4907026;DEBY_LOD2_4907027;DEBY_LOD2_4907028;DEBY_LOD2_4907030;DEBY_LOD2_4907170;DEBY_LOD2_4907171;DEBY_LOD2_4907172;DEBY_LOD2_4907174;DEBY_LOD2_4907176;DEBY_LOD2_4907177;DEBY_LOD2_4908159;DEBY_LOD2_4908161;DEBY_LOD2_4908162;DEBY_LOD2_4908163;DEBY_LOD2_4908164;DEBY_LOD2_4908165;DEBY_LOD2_4908167;DEBY_LOD2_60097
C090,90,no,,30,12,13,11,0,2,1_textureless:4;2_assembly:2;3_coverage:5;4_impossible:2,missing_lod22_geometry:2;pointcloud_unusable_no_points:11,11,가림:2;관측각·커버리지:1;무텍스처:2;복합(소형+가림):2;복합(소형+재질):2;복합(재질+가림):1;복합(저조도+가림):1,,0.000,136.065,0.112,74.775,0.549,690771.170,5336019.202,690861.615,5336170.379,176.167,0,present,yes,present,yes,present,yes,DEBY_LOD2_104583794;DEBY_LOD2_108247349;DEBY_LOD2_108247350;DEBY_LOD2_108247351;DEBY_LOD2_4907164;DEBY_LOD2_4907165;DEBY_LOD2_4907175;DEBY_LOD2_4907177;DEBY_LOD2_4907181;DEBY_LOD2_4907184;DEBY_LOD2_4907185;DEBY_LOD2_4907186;DEBY_LOD2_4907187;DEBY_LOD2_4907188;DEBY_LOD2_4907194;DEBY_LOD2_4907195;DEBY_LOD2_4907198;DEBY_LOD2_4907199;DEBY_LOD2_4907202;DEBY_LOD2_4908157;DEBY_LOD2_4908158;DEBY_LOD2_4908168;DEBY_LOD2_4908169;DEBY_LOD2_4908170;DEBY_LOD2_4908172;DEBY_LOD2_4908178;DEBY_LOD2_4908179;DEBY_LOD2_60098;DEBY_LOD2_8568391;DEBY_LOD2_8568392
C091,91,no,,26,10,13,11,0,2,1_textureless:3;2_assembly:2;3_coverage:6;4_impossible:2,missing_lod22_geometry:2;pointcloud_unusable_no_points:11,11,가림:3;관측각·커버리지:1;무텍스처:1;복합(소형+가림):2;복합(소형+재질):2;복합(재질+가림):1;복합(저조도+가림):1,,0.000,138.535,0.112,73.380,0.574,690771.170,5336019.202,690861.615,5336170.379,176.167,0,present,yes,present,yes,present,yes,DEBY_LOD2_104583794;DEBY_LOD2_108247350;DEBY_LOD2_108247351;DEBY_LOD2_4907164;DEBY_LOD2_4907165;DEBY_LOD2_4907175;DEBY_LOD2_4907177;DEBY_LOD2_4907181;DEBY_LOD2_4907184;DEBY_LOD2_4907185;DEBY_LOD2_4907186;DEBY_LOD2_4907187;DEBY_LOD2_4907188;DEBY_LOD2_4907194;DEBY_LOD2_4907195;DEBY_LOD2_4907198;DEBY_LOD2_4907199;DEBY_LOD2_4908157;DEBY_LOD2_4908158;DEBY_LOD2_4908159;DEBY_LOD2_4908168;DEBY_LOD2_4908169;DEBY_LOD2_4908170;DEBY_LOD2_4908172;DEBY_LOD2_60098;DEBY_LOD2_8568392
C092,92,no,,27,11,12,10,0,2,1_textureless:3;2_assembly:2;3_coverage:5;4_impossible:2,missing_lod22_geometry:2;pointcloud_unusable_no_points:10,10,가림:2;관측각·커버리지:1;무텍스처:1;복합(소형+가림):2;복합(소형+재질):2;복합(재질+가림):1;복합(저조도+가림):1,,0.000,140.220,0.114,72.081,0.549,690771.170,5336019.202,690861.615,5336170.379,176.167,0,present,yes,present,yes,present,yes,DEBY_LOD2_104583794;DEBY_LOD2_108247349;DEBY_LOD2_108247350;DEBY_LOD2_108247351;DEBY_LOD2_4907164;DEBY_LOD2_4907165;DEBY_LOD2_4907175;DEBY_LOD2_4907177;DEBY_LOD2_4907181;DEBY_LOD2_4907184;DEBY_LOD2_4907185;DEBY_LOD2_4907186;DEBY_LOD2_4907187;DEBY_LOD2_4907188;DEBY_LOD2_4907194;DEBY_LOD2_4907195;DEBY_LOD2_4907198;DEBY_LOD2_4907199;DEBY_LOD2_4908157;DEBY_LOD2_4908158;DEBY_LOD2_4908168;DEBY_LOD2_4908169;DEBY_LOD2_4908170;DEBY_LOD2_4908172;DEBY_LOD2_4908178;DEBY_LOD2_60098;DEBY_LOD2_8568392
C093,93,no,,25,10,12,10,0,2,1_textureless:3;2_assembly:2;3_coverage:5;4_impossible:2,missing_lod22_geometry:2;pointcloud_unusable_no_points:10,10,가림:2;관측각·커버리지:1;무텍스처:1;복합(소형+가림):2;복합(소형+재질):2;복합(재질+가림):1;복합(저조도+가림):1,,0.000,141.490,0.114,74.678,0.549,690771.170,5336019.202,690861.615,5336170.379,176.167,0,present,yes,present,yes,present,yes,DEBY_LOD2_104583794;DEBY_LOD2_108247350;DEBY_LOD2_108247351;DEBY_LOD2_4907164;DEBY_LOD2_4907165;DEBY_LOD2_4907175;DEBY_LOD2_4907177;DEBY_LOD2_4907181;DEBY_LOD2_4907184;DEBY_LOD2_4907185;DEBY_LOD2_4907186;DEBY_LOD2_4907187;DEBY_LOD2_4907188;DEBY_LOD2_4907194;DEBY_LOD2_4907195;DEBY_LOD2_4907198;DEBY_LOD2_4907199;DEBY_LOD2_4908157;DEBY_LOD2_4908158;DEBY_LOD2_4908168;DEBY_LOD2_4908169;DEBY_LOD2_4908170;DEBY_LOD2_4908172;DEBY_LOD2_60098;DEBY_LOD2_8568392
C094,94,no,,26,10,16,12,1,3,1_textureless:1;2_assembly:3;3_coverage:9;4_impossible:3,missing_lod22_geometry:3;pointcloud_unusable_no_planes:1;pointcloud_unusable_no_points:12,13,가림:4;관측각·커버리지:4;무텍스처:1;복합(소형+가림):2;복합(소형+재질):2,,0.000,113.105,0.198,58.329,0.591,690792.237,5336131.019,690913.984,5336259.030,176.661,0,present,yes,present,yes,present,yes,DEBY_LOD2_42364607;DEBY_LOD2_4907025;DEBY_LOD2_4907026;DEBY_LOD2_4907027;DEBY_LOD2_4907028;DEBY_LOD2_4907030;DEBY_LOD2_4907031;DEBY_LOD2_4907168;DEBY_LOD2_4907169;DEBY_LOD2_4907170;DEBY_LOD2_4907171;DEBY_LOD2_4907172;DEBY_LOD2_4907174;DEBY_LOD2_4907175;DEBY_LOD2_4907176;DEBY_LOD2_4907177;DEBY_LOD2_4908158;DEBY_LOD2_4908159;DEBY_LOD2_4908160;DEBY_LOD2_4908161;DEBY_LOD2_4908162;DEBY_LOD2_4908163;DEBY_LOD2_4908164;DEBY_LOD2_4908165;DEBY_LOD2_4908167;DEBY_LOD2_60097
C095,95,no,,25,10,15,13,1,1,1_textureless:1;2_assembly:1;3_coverage:10;4_impossible:3,missing_lod22_geometry:1;pointcloud_unusable_no_planes:1;pointcloud_unusable_no_points:13,14,가림:5;관측각·커버리지:4;무텍스처:1;복합(소형+가림):2;복합(소형+재질):2,,0.000,110.680,0.193,70.890,0.591,690798.655,5336144.454,690913.984,5336280.280,178.184,0,present,yes,present,yes,present,yes,DEBY_LOD2_42364607;DEBY_LOD2_4907021;DEBY_LOD2_4907025;DEBY_LOD2_4907026;DEBY_LOD2_4907027;DEBY_LOD2_4907028;DEBY_LOD2_4907030;DEBY_LOD2_4907031;DEBY_LOD2_4907169;DEBY_LOD2_4907170;DEBY_LOD2_4907171;DEBY_LOD2_4907172;DEBY_LOD2_4907174;DEBY_LOD2_4907176;DEBY_LOD2_4907177;DEBY_LOD2_4908158;DEBY_LOD2_4908159;DEBY_LOD2_4908160;DEBY_LOD2_4908161;DEBY_LOD2_4908162;DEBY_LOD2_4908163;DEBY_LOD2_4908164;DEBY_LOD2_4908165;DEBY_LOD2_4908167;DEBY_LOD2_60097
C096,96,no,,24,10,14,12,1,1,1_textureless:1;2_assembly:1;3_coverage:9;4_impossible:3,missing_lod22_geometry:1;pointcloud_unusable_no_planes:1;pointcloud_unusable_no_points:12,13,가림:5;관측각·커버리지:3;무텍스처:1;복합(소형+가림):2;복합(소형+재질):2,,0.000,109.765,0.195,71.647,0.591,690798.655,5336144.454,690913.984,5336280.280,178.184,0,present,yes,present,yes,present,yes,DEBY_LOD2_42364607;DEBY_LOD2_4907021;DEBY_LOD2_4907025;DEBY_LOD2_4907026;DEBY_LOD2_4907027;DEBY_LOD2_4907028;DEBY_LOD2_4907030;DEBY_LOD2_4907031;DEBY_LOD2_4907169;DEBY_LOD2_4907170;DEBY_LOD2_4907171;DEBY_LOD2_4907172;DEBY_LOD2_4907174;DEBY_LOD2_4907176;DEBY_LOD2_4907177;DEBY_LOD2_4908159;DEBY_LOD2_4908160;DEBY_LOD2_4908161;DEBY_LOD2_4908162;DEBY_LOD2_4908163;DEBY_LOD2_4908164;DEBY_LOD2_4908165;DEBY_LOD2_4908167;DEBY_LOD2_60097
C097,97,no,,24,10,14,12,1,1,1_textureless:1;2_assembly:1;3_coverage:9;4_impossible:3,missing_lod22_geometry:1;pointcloud_unusable_no_planes:1;pointcloud_unusable_no_points:12,13,가림:5;관측각·커버리지:3;무텍스처:1;복합(소형+가림):2;복합(소형+재질):2,,0.000,113.105,0.190,71.647,0.592,690798.655,5336144.454,690913.984,5336280.280,178.184,0,present,yes,present,yes,present,yes,DEBY_LOD2_42364607;DEBY_LOD2_4907021;DEBY_LOD2_4907025;DEBY_LOD2_4907026;DEBY_LOD2_4907027;DEBY_LOD2_4907028;DEBY_LOD2_4907030;DEBY_LOD2_4907169;DEBY_LOD2_4907170;DEBY_LOD2_4907171;DEBY_LOD2_4907172;DEBY_LOD2_4907174;DEBY_LOD2_4907176;DEBY_LOD2_4907177;DEBY_LOD2_4908158;DEBY_LOD2_4908159;DEBY_LOD2_4908160;DEBY_LOD2_4908161;DEBY_LOD2_4908162;DEBY_LOD2_4908163;DEBY_LOD2_4908164;DEBY_LOD2_4908165;DEBY_LOD2_4908167;DEBY_LOD2_60097
C098,98,no,,23,10,13,11,1,1,1_textureless:1;2_assembly:1;3_coverage:8;4_impossible:3,missing_lod22_geometry:1;pointcloud_unusable_no_planes:1;pointcloud_unusable_no_points:11,12,가림:5;관측각·커버리지:2;무텍스처:1;복합(소형+가림):2;복합(소형+재질):2,,0.000,110.680,0.193,72.404,0.591,690798.655,5336144.454,690913.984,5336280.280,178.184,0,present,yes,present,yes,present,yes,DEBY_LOD2_42364607;DEBY_LOD2_4907021;DEBY_LOD2_4907025;DEBY_LOD2_4907026;DEBY_LOD2_4907027;DEBY_LOD2_4907028;DEBY_LOD2_4907030;DEBY_LOD2_4907169;DEBY_LOD2_4907170;DEBY_LOD2_4907171;DEBY_LOD2_4907172;DEBY_LOD2_4907174;DEBY_LOD2_4907176;DEBY_LOD2_4907177;DEBY_LOD2_4908159;DEBY_LOD2_4908160;DEBY_LOD2_4908161;DEBY_LOD2_4908162;DEBY_LOD2_4908163;DEBY_LOD2_4908164;DEBY_LOD2_4908165;DEBY_LOD2_4908167;DEBY_LOD2_60097
C099,99,no,,30,11,18,13,1,4,2_assembly:4;3_coverage:10;4_impossible:4,missing_lod22_geometry:4;pointcloud_unusable_no_planes:1;pointcloud_unusable_no_points:13,14,가림:6;관측각·커버리지:2;무텍스처:1;복합(소형+가림):1;복합(소형+재질):3;복합(재질+가림):1,,0.000,127.290,0.190,73.380,0.579,690780.929,5336093.763,690880.913,5336241.513,178.401,0,present,yes,present,yes,present,yes,DEBY_LOD2_104583794;DEBY_LOD2_42364607;DEBY_LOD2_4907028;DEBY_LOD2_4907165;DEBY_LOD2_4907166;DEBY_LOD2_4907167;DEBY_LOD2_4907168;DEBY_LOD2_4907169;DEBY_LOD2_4907170;DEBY_LOD2_4907171;DEBY_LOD2_4907172;DEBY_LOD2_4907174;DEBY_LOD2_4907175;DEBY_LOD2_4907176;DEBY_LOD2_4907177;DEBY_LOD2_4907181;DEBY_LOD2_4907187;DEBY_LOD2_4908157;DEBY_LOD2_4908158;DEBY_LOD2_4908159;DEBY_LOD2_4908161;DEBY_LOD2_4908162;DEBY_LOD2_4908163;DEBY_LOD2_4908164;DEBY_LOD2_4908167;DEBY_LOD2_4908168;DEBY_LOD2_4908169;DEBY_LOD2_4908170;DEBY_LOD2_60097;DEBY_LOD2_60098
C100,100,no,,29,11,12,10,0,2,1_textureless:4;2_assembly:2;3_coverage:4;4_impossible:2,missing_lod22_geometry:2;pointcloud_unusable_no_points:10,10,가림:2;무텍스처:2;복합(소형+가림):2;복합(소형+재질):2;복합(재질+가림):1;복합(저조도+가림):1,,0.000,136.280,0.114,74.678,0.544,690771.170,5336019.202,690859.713,5336178.584,182.325,0,present,yes,present,yes,present,yes,DEBY_LOD2_104583794;DEBY_LOD2_108247349;DEBY_LOD2_108247350;DEBY_LOD2_108247351;DEBY_LOD2_4907164;DEBY_LOD2_4907165;DEBY_LOD2_4907166;DEBY_LOD2_4907175;DEBY_LOD2_4907181;DEBY_LOD2_4907184;DEBY_LOD2_4907185;DEBY_LOD2_4907186;DEBY_LOD2_4907187;DEBY_LOD2_4907188;DEBY_LOD2_4907194;DEBY_LOD2_4907195;DEBY_LOD2_4907198;DEBY_LOD2_4907199;DEBY_LOD2_4907202;DEBY_LOD2_4908157;DEBY_LOD2_4908168;DEBY_LOD2_4908169;DEBY_LOD2_4908170;DEBY_LOD2_4908172;DEBY_LOD2_4908178;DEBY_LOD2_4908179;DEBY_LOD2_60098;DEBY_LOD2_8568391;DEBY_LOD2_8568392
C101,101,no,,25,10,10,9,0,1,1_textureless:4;2_assembly:1;3_coverage:4;4_impossible:1,missing_lod22_geometry:1;pointcloud_unusable_no_points:9,9,가림:2;무텍스처:2;복합(소형+가림):2;복합(소형+재질):1;복합(재질+가림):1;복합(저조도+가림):1,,0.000,136.280,0.109,74.873,0.549,690774.410,5335988.900,690859.713,5336150.745,182.949,0,present,yes,present,yes,present,yes,DEBY_LOD2_104583794;DEBY_LOD2_108247349;DEBY_LOD2_108247350;DEBY_LOD2_108247351;DEBY_LOD2_4907181;DEBY_LOD2_4907184;DEBY_LOD2_4907185;DEBY_LOD2_4907186;DEBY_LOD2_4907187;DEBY_LOD2_4907188;DEBY_LOD2_4907194;DEBY_LOD2_4907195;DEBY_LOD2_4907198;DEBY_LOD2_4907199;DEBY_LOD2_4907202;DEBY_LOD2_4907208;DEBY_LOD2_4908157;DEBY_LOD2_4908168;DEBY_LOD2_4908170;DEBY_LOD2_4908172;DEBY_LOD2_4908178;DEBY_LOD2_4908179;DEBY_LOD2_60098;DEBY_LOD2_8568391;DEBY_LOD2_8568392
C102,102,no,,29,11,13,11,0,2,1_textureless:3;2_assembly:2;3_coverage:6;4_impossible:2,missing_lod22_geometry:2;pointcloud_unusable_no_points:11,11,가림:3;관측각·커버리지:1;무텍스처:1;복합(소형+가림):2;복합(소형+재질):2;복합(재질+가림):1;복합(저조도+가림):1,,0.000,135.580,0.114,71.823,0.549,690771.170,5336019.202,690861.615,5336178.584,183.256,0,present,yes,present,yes,present,yes,DEBY_LOD2_104583794;DEBY_LOD2_108247349;DEBY_LOD2_108247350;DEBY_LOD2_108247351;DEBY_LOD2_4907164;DEBY_LOD2_4907165;DEBY_LOD2_4907166;DEBY_LOD2_4907175;DEBY_LOD2_4907177;DEBY_LOD2_4907181;DEBY_LOD2_4907184;DEBY_LOD2_4907185;DEBY_LOD2_4907186;DEBY_LOD2_4907187;DEBY_LOD2_4907188;DEBY_LOD2_4907194;DEBY_LOD2_4907195;DEBY_LOD2_4907198;DEBY_LOD2_4907199;DEBY_LOD2_4908157;DEBY_LOD2_4908158;DEBY_LOD2_4908159;DEBY_LOD2_4908168;DEBY_LOD2_4908169;DEBY_LOD2_4908170;DEBY_LOD2_4908172;DEBY_LOD2_4908178;DEBY_LOD2_60098;DEBY_LOD2_8568392
C103,103,no,,30,12,12,10,0,2,1_textureless:4;2_assembly:2;3_coverage:4;4_impossible:2,missing_lod22_geometry:2;pointcloud_unusable_no_points:10,10,가림:2;무텍스처:2;복합(소형+가림):2;복합(소형+재질):2;복합(재질+가림):1;복합(저조도+가림):1,,0.000,136.065,0.117,74.775,0.546,690771.170,5336019.202,690861.615,5336178.584,183.256,0,present,yes,present,yes,present,yes,DEBY_LOD2_104583794;DEBY_LOD2_108247349;DEBY_LOD2_108247350;DEBY_LOD2_108247351;DEBY_LOD2_4907164;DEBY_LOD2_4907165;DEBY_LOD2_4907166;DEBY_LOD2_4907175;DEBY_LOD2_4907177;DEBY_LOD2_4907181;DEBY_LOD2_4907184;DEBY_LOD2_4907185;DEBY_LOD2_4907186;DEBY_LOD2_4907187;DEBY_LOD2_4907188;DEBY_LOD2_4907194;DEBY_LOD2_4907195;DEBY_LOD2_4907198;DEBY_LOD2_4907199;DEBY_LOD2_4907202;DEBY_LOD2_4908157;DEBY_LOD2_4908168;DEBY_LOD2_4908169;DEBY_LOD2_4908170;DEBY_LOD2_4908172;DEBY_LOD2_4908178;DEBY_LOD2_4908179;DEBY_LOD2_60098;DEBY_LOD2_8568391;DEBY_LOD2_8568392
C104,104,no,,28,11,12,10,0,2,1_textureless:3;2_assembly:2;3_coverage:5;4_impossible:2,missing_lod22_geometry:2;pointcloud_unusable_no_points:10,10,가림:2;관측각·커버리지:1;무텍스처:1;복합(소형+가림):2;복합(소형+재질):2;복합(재질+가림):1;복합(저조도+가림):1,,0.000,137.900,0.119,71.952,0.549,690771.170,5336019.202,690861.615,5336178.584,183.256,0,present,yes,present,yes,present,yes,DEBY_LOD2_104583794;DEBY_LOD2_108247349;DEBY_LOD2_108247350;DEBY_LOD2_108247351;DEBY_LOD2_4907164;DEBY_LOD2_4907165;DEBY_LOD2_4907166;DEBY_LOD2_4907175;DEBY_LOD2_4907177;DEBY_LOD2_4907181;DEBY_LOD2_4907184;DEBY_LOD2_4907185;DEBY_LOD2_4907186;DEBY_LOD2_4907187;DEBY_LOD2_4907188;DEBY_LOD2_4907194;DEBY_LOD2_4907195;DEBY_LOD2_4907198;DEBY_LOD2_4907199;DEBY_LOD2_4908157;DEBY_LOD2_4908158;DEBY_LOD2_4908168;DEBY_LOD2_4908169;DEBY_LOD2_4908170;DEBY_LOD2_4908172;DEBY_LOD2_4908178;DEBY_LOD2_60098;DEBY_LOD2_8568392
C105,105,no,,28,10,18,15,1,2,1_textureless:1;2_assembly:2;3_coverage:12;4_impossible:3,missing_lod22_geometry:2;pointcloud_unusable_no_planes:1;pointcloud_unusable_no_points:15,16,가림:6;관측각·커버리지:4;무텍스처:1;복합(소형+가림):2;복합(소형+재질):2;복합(스침각+가림):1,,0.000,110.915,0.190,68.812,0.587,690798.655,5336144.454,690913.984,5336287.058,183.403,0,present,yes,present,yes,present,yes,DEBY_LOD2_42364607;DEBY_LOD2_4907021;DEBY_LOD2_4907025;DEBY_LOD2_4907026;DEBY_LOD2_4907027;DEBY_LOD2_4907028;DEBY_LOD2_4907030;DEBY_LOD2_4907031;DEBY_LOD2_4907169;DEBY_LOD2_4907170;DEBY_LOD2_4907171;DEBY_LOD2_4907172;DEBY_LOD2_4907174;DEBY_LOD2_4907176;DEBY_LOD2_4907177;DEBY_LOD2_4908048;DEBY_LOD2_4908051;DEBY_LOD2_4908052;DEBY_LOD2_4908158;DEBY_LOD2_4908159;DEBY_LOD2_4908160;DEBY_LOD2_4908161;DEBY_LOD2_4908162;DEBY_LOD2_4908163;DEBY_LOD2_4908164;DEBY_LOD2_4908165;DEBY_LOD2_4908167;DEBY_LOD2_60097
C106,106,no,,27,10,17,15,1,1,1_textureless:1;2_assembly:1;3_coverage:12;4_impossible:3,missing_lod22_geometry:1;pointcloud_unusable_no_planes:1;pointcloud_unusable_no_points:15,16,가림:6;관측각·커버리지:4;무텍스처:1;복합(소형+가림):2;복합(소형+재질):2;복합(스침각+가림):1,,0.000,110.680,0.187,66.734,0.590,690798.655,5336144.454,690913.984,5336287.058,183.403,0,present,yes,present,yes,present,yes,DEBY_LOD2_42364607;DEBY_LOD2_4907021;DEBY_LOD2_4907025;DEBY_LOD2_4907026;DEBY_LOD2_4907027;DEBY_LOD2_4907028;DEBY_LOD2_4907030;DEBY_LOD2_4907031;DEBY_LOD2_4907169;DEBY_LOD2_4907170;DEBY_LOD2_4907171;DEBY_LOD2_4907172;DEBY_LOD2_4907174;DEBY_LOD2_4907176;DEBY_LOD2_4907177;DEBY_LOD2_4908051;DEBY_LOD2_4908052;DEBY_LOD2_4908158;DEBY_LOD2_4908159;DEBY_LOD2_4908160;DEBY_LOD2_4908161;DEBY_LOD2_4908162;DEBY_LOD2_4908163;DEBY_LOD2_4908164;DEBY_LOD2_4908165;DEBY_LOD2_4908167;DEBY_LOD2_60097
C107,107,no,,26,10,16,14,1,1,1_textureless:1;2_assembly:1;3_coverage:11;4_impossible:3,missing_lod22_geometry:1;pointcloud_unusable_no_planes:1;pointcloud_unusable_no_points:14,15,가림:6;관측각·커버리지:4;무텍스처:1;복합(소형+가림):2;복합(소형+재질):2,,0.000,110.915,0.190,68.812,0.591,690798.655,5336144.454,690913.984,5336287.058,183.403,0,present,yes,present,yes,present,yes,DEBY_LOD2_42364607;DEBY_LOD2_4907021;DEBY_LOD2_4907025;DEBY_LOD2_4907026;DEBY_LOD2_4907027;DEBY_LOD2_4907028;DEBY_LOD2_4907030;DEBY_LOD2_4907031;DEBY_LOD2_4907169;DEBY_LOD2_4907170;DEBY_LOD2_4907171;DEBY_LOD2_4907172;DEBY_LOD2_4907174;DEBY_LOD2_4907176;DEBY_LOD2_4907177;DEBY_LOD2_4908051;DEBY_LOD2_4908158;DEBY_LOD2_4908159;DEBY_LOD2_4908160;DEBY_LOD2_4908161;DEBY_LOD2_4908162;DEBY_LOD2_4908163;DEBY_LOD2_4908164;DEBY_LOD2_4908165;DEBY_LOD2_4908167;DEBY_LOD2_60097
C108,108,no,,29,13,13,11,0,2,1_textureless:3;2_assembly:2;3_coverage:6;4_impossible:2,missing_lod22_geometry:2;pointcloud_unusable_no_points:11,11,가림:3;관측각·커버리지:1;무텍스처:1;복합(소형+가림):2;복합(소형+재질):2;복합(재질+가림):1;복합(저조도+가림):1,,0.000,140.220,0.114,74.678,0.562,690774.550,5336019.202,690864.200,5336182.000,185.850,0,present,yes,present,yes,present,yes,DEBY_LOD2_104583794;DEBY_LOD2_108247349;DEBY_LOD2_108247350;DEBY_LOD2_108247351;DEBY_LOD2_4907165;DEBY_LOD2_4907175;DEBY_LOD2_4907176;DEBY_LOD2_4907177;DEBY_LOD2_4907181;DEBY_LOD2_4907184;DEBY_LOD2_4907185;DEBY_LOD2_4907186;DEBY_LOD2_4907187;DEBY_LOD2_4907188;DEBY_LOD2_4907194;DEBY_LOD2_4907195;DEBY_LOD2_4907198;DEBY_LOD2_4907199;DEBY_LOD2_4907202;DEBY_LOD2_4908157;DEBY_LOD2_4908158;DEBY_LOD2_4908159;DEBY_LOD2_4908168;DEBY_LOD2_4908169;DEBY_LOD2_4908170;DEBY_LOD2_4908172;DEBY_LOD2_4908178;DEBY_LOD2_60098;DEBY_LOD2_8568392
C109,109,no,,30,13,13,11,0,2,1_textureless:3;2_assembly:2;3_coverage:6;4_impossible:2,missing_lod22_geometry:2;pointcloud_unusable_no_points:11,11,가림:3;관측각·커버리지:1;무텍스처:1;복합(소형+가림):2;복합(소형+재질):2;복합(재질+가림):1;복합(저조도+가림):1,,0.000,138.035,0.112,74.775,0.556,690774.550,5336019.202,690864.200,5336182.000,185.850,0,present,yes,present,yes,present,yes,DEBY_LOD2_104583794;DEBY_LOD2_108247349;DEBY_LOD2_108247350;DEBY_LOD2_108247351;DEBY_LOD2_4907165;DEBY_LOD2_4907175;DEBY_LOD2_4907176;DEBY_LOD2_4907177;DEBY_LOD2_4907181;DEBY_LOD2_4907184;DEBY_LOD2_4907185;DEBY_LOD2_4907186;DEBY_LOD2_4907187;DEBY_LOD2_4907188;DEBY_LOD2_4907194;DEBY_LOD2_4907195;DEBY_LOD2_4907198;DEBY_LOD2_4907199;DEBY_LOD2_4907202;DEBY_LOD2_4908157;DEBY_LOD2_4908158;DEBY_LOD2_4908159;DEBY_LOD2_4908168;DEBY_LOD2_4908169;DEBY_LOD2_4908170;DEBY_LOD2_4908172;DEBY_LOD2_4908178;DEBY_LOD2_4908179;DEBY_LOD2_60098;DEBY_LOD2_8568392
C110,110,no,,27,12,13,11,0,2,1_textureless:3;2_assembly:2;3_coverage:6;4_impossible:2,missing_lod22_geometry:2;pointcloud_unusable_no_points:11,11,가림:3;관측각·커버리지:1;무텍스처:1;복합(소형+가림):2;복합(소형+재질):2;복합(재질+가림):1;복합(저조도+가림):1,,0.000,140.260,0.114,74.678,0.549,690774.550,5336019.202,690864.200,5336182.000,185.850,0,present,yes,present,yes,present,yes,DEBY_LOD2_104583794;DEBY_LOD2_108247350;DEBY_LOD2_108247351;DEBY_LOD2_4907165;DEBY_LOD2_4907175;DEBY_LOD2_4907176;DEBY_LOD2_4907177;DEBY_LOD2_4907181;DEBY_LOD2_4907184;DEBY_LOD2_4907185;DEBY_LOD2_4907186;DEBY_LOD2_4907187;DEBY_LOD2_4907188;DEBY_LOD2_4907194;DEBY_LOD2_4907195;DEBY_LOD2_4907198;DEBY_LOD2_4907199;DEBY_LOD2_4908157;DEBY_LOD2_4908158;DEBY_LOD2_4908159;DEBY_LOD2_4908168;DEBY_LOD2_4908169;DEBY_LOD2_4908170;DEBY_LOD2_4908172;DEBY_LOD2_4908178;DEBY_LOD2_60098;DEBY_LOD2_8568392
C111,111,no,,26,11,13,11,0,2,1_textureless:3;2_assembly:2;3_coverage:6;4_impossible:2,missing_lod22_geometry:2;pointcloud_unusable_no_points:11,11,가림:3;관측각·커버리지:1;무텍스처:1;복합(소형+가림):2;복합(소형+재질):2;복합(재질+가림):1;복합(저조도+가림):1,,0.000,140.875,0.112,74.775,0.574,690774.550,5336019.202,690864.200,5336182.000,185.850,0,present,yes,present,yes,present,yes,DEBY_LOD2_104583794;DEBY_LOD2_108247350;DEBY_LOD2_108247351;DEBY_LOD2_4907165;DEBY_LOD2_4907175;DEBY_LOD2_4907176;DEBY_LOD2_4907177;DEBY_LOD2_4907181;DEBY_LOD2_4907184;DEBY_LOD2_4907185;DEBY_LOD2_4907186;DEBY_LOD2_4907187;DEBY_LOD2_4907188;DEBY_LOD2_4907194;DEBY_LOD2_4907195;DEBY_LOD2_4907198;DEBY_LOD2_4907199;DEBY_LOD2_4908157;DEBY_LOD2_4908158;DEBY_LOD2_4908159;DEBY_LOD2_4908168;DEBY_LOD2_4908169;DEBY_LOD2_4908170;DEBY_LOD2_4908172;DEBY_LOD2_60098;DEBY_LOD2_8568392
C112,112,no,,28,13,12,10,0,2,1_textureless:3;2_assembly:2;3_coverage:5;4_impossible:2,missing_lod22_geometry:2;pointcloud_unusable_no_points:10,10,가림:3;무텍스처:1;복합(소형+가림):2;복합(소형+재질):2;복합(재질+가림):1;복합(저조도+가림):1,,0.000,140.240,0.117,74.775,0.556,690774.550,5336019.202,690864.200,5336182.000,185.850,0,present,yes,present,yes,present,yes,DEBY_LOD2_104583794;DEBY_LOD2_108247349;DEBY_LOD2_108247350;DEBY_LOD2_108247351;DEBY_LOD2_4907165;DEBY_LOD2_4907175;DEBY_LOD2_4907176;DEBY_LOD2_4907177;DEBY_LOD2_4907181;DEBY_LOD2_4907184;DEBY_LOD2_4907185;DEBY_LOD2_4907186;DEBY_LOD2_4907187;DEBY_LOD2_4907188;DEBY_LOD2_4907194;DEBY_LOD2_4907195;DEBY_LOD2_4907198;DEBY_LOD2_4907199;DEBY_LOD2_4907202;DEBY_LOD2_4908157;DEBY_LOD2_4908159;DEBY_LOD2_4908168;DEBY_LOD2_4908169;DEBY_LOD2_4908170;DEBY_LOD2_4908172;DEBY_LOD2_4908178;DEBY_LOD2_60098;DEBY_LOD2_8568392
C113,113,no,,25,11,12,10,0,2,1_textureless:3;2_assembly:2;3_coverage:5;4_impossible:2,missing_lod22_geometry:2;pointcloud_unusable_no_points:10,10,가림:3;무텍스처:1;복합(소형+가림):2;복합(소형+재질):2;복합(재질+가림):1;복합(저조도+가림):1,,0.000,141.490,0.114,74.873,0.549,690774.550,5336019.202,690864.200,5336182.000,185.850,0,present,yes,present,yes,present,yes,DEBY_LOD2_104583794;DEBY_LOD2_108247350;DEBY_LOD2_108247351;DEBY_LOD2_4907165;DEBY_LOD2_4907175;DEBY_LOD2_4907176;DEBY_LOD2_4907177;DEBY_LOD2_4907181;DEBY_LOD2_4907184;DEBY_LOD2_4907185;DEBY_LOD2_4907186;DEBY_LOD2_4907187;DEBY_LOD2_4907188;DEBY_LOD2_4907194;DEBY_LOD2_4907195;DEBY_LOD2_4907198;DEBY_LOD2_4907199;DEBY_LOD2_4908157;DEBY_LOD2_4908159;DEBY_LOD2_4908168;DEBY_LOD2_4908169;DEBY_LOD2_4908170;DEBY_LOD2_4908172;DEBY_LOD2_60098;DEBY_LOD2_8568392
C114,114,no,,27,13,11,9,0,2,1_textureless:3;2_assembly:2;3_coverage:4;4_impossible:2,missing_lod22_geometry:2;pointcloud_unusable_no_points:9,9,가림:2;무텍스처:1;복합(소형+가림):2;복합(소형+재질):2;복합(재질+가림):1;복합(저조도+가림):1,,0.000,140.260,0.121,74.873,0.549,690774.550,5336019.202,690864.200,5336182.000,185.850,0,present,yes,present,yes,present,yes,DEBY_LOD2_104583794;DEBY_LOD2_108247349;DEBY_LOD2_108247350;DEBY_LOD2_108247351;DEBY_LOD2_4907165;DEBY_LOD2_4907175;DEBY_LOD2_4907176;DEBY_LOD2_4907177;DEBY_LOD2_4907181;DEBY_LOD2_4907184;DEBY_LOD2_4907185;DEBY_LOD2_4907186;DEBY_LOD2_4907187;DEBY_LOD2_4907188;DEBY_LOD2_4907194;DEBY_LOD2_4907195;DEBY_LOD2_4907198;DEBY_LOD2_4907199;DEBY_LOD2_4907202;DEBY_LOD2_4908157;DEBY_LOD2_4908168;DEBY_LOD2_4908169;DEBY_LOD2_4908170;DEBY_LOD2_4908172;DEBY_LOD2_4908178;DEBY_LOD2_60098;DEBY_LOD2_8568392
C115,115,no,,25,12,11,9,0,2,1_textureless:3;2_assembly:2;3_coverage:4;4_impossible:2,missing_lod22_geometry:2;pointcloud_unusable_no_points:9,9,가림:2;무텍스처:1;복합(소형+가림):2;복합(소형+재질):2;복합(재질+가림):1;복합(저조도+가림):1,,0.000,141.490,0.124,74.873,0.549,690774.550,5336019.202,690864.200,5336182.000,185.850,0,present,yes,present,yes,present,yes,DEBY_LOD2_104583794;DEBY_LOD2_108247350;DEBY_LOD2_108247351;DEBY_LOD2_4907165;DEBY_LOD2_4907175;DEBY_LOD2_4907176;DEBY_LOD2_4907177;DEBY_LOD2_4907181;DEBY_LOD2_4907184;DEBY_LOD2_4907185;DEBY_LOD2_4907186;DEBY_LOD2_4907187;DEBY_LOD2_4907188;DEBY_LOD2_4907194;DEBY_LOD2_4907195;DEBY_LOD2_4907198;DEBY_LOD2_4907199;DEBY_LOD2_4908157;DEBY_LOD2_4908168;DEBY_LOD2_4908169;DEBY_LOD2_4908170;DEBY_LOD2_4908172;DEBY_LOD2_4908178;DEBY_LOD2_60098;DEBY_LOD2_8568392
C116,116,no,,26,12,11,9,0,2,1_textureless:3;2_assembly:2;3_coverage:4;4_impossible:2,missing_lod22_geometry:2;pointcloud_unusable_no_points:9,9,가림:2;무텍스처:1;복합(소형+가림):2;복합(소형+재질):2;복합(재질+가림):1;복합(저조도+가림):1,,0.000,140.875,0.119,74.775,0.549,690774.550,5336019.202,690864.200,5336182.000,185.850,0,present,yes,present,yes,present,yes,DEBY_LOD2_104583794;DEBY_LOD2_108247349;DEBY_LOD2_108247350;DEBY_LOD2_108247351;DEBY_LOD2_4907165;DEBY_LOD2_4907175;DEBY_LOD2_4907176;DEBY_LOD2_4907177;DEBY_LOD2_4907181;DEBY_LOD2_4907184;DEBY_LOD2_4907185;DEBY_LOD2_4907186;DEBY_LOD2_4907187;DEBY_LOD2_4907188;DEBY_LOD2_4907194;DEBY_LOD2_4907195;DEBY_LOD2_4907198;DEBY_LOD2_4907199;DEBY_LOD2_4908157;DEBY_LOD2_4908168;DEBY_LOD2_4908169;DEBY_LOD2_4908170;DEBY_LOD2_4908172;DEBY_LOD2_4908178;DEBY_LOD2_60098;DEBY_LOD2_8568392
C117,117,no,,24,11,11,9,0,2,1_textureless:3;2_assembly:2;3_coverage:4;4_impossible:2,missing_lod22_geometry:2;pointcloud_unusable_no_points:9,9,가림:2;무텍스처:1;복합(소형+가림):2;복합(소형+재질):2;복합(재질+가림):1;복합(저조도+가림):1,,0.000,142.450,0.119,76.474,0.549,690774.550,5336019.202,690864.200,5336182.000,185.850,0,present,yes,present,yes,present,yes,DEBY_LOD2_104583794;DEBY_LOD2_108247350;DEBY_LOD2_108247351;DEBY_LOD2_4907165;DEBY_LOD2_4907175;DEBY_LOD2_4907176;DEBY_LOD2_4907177;DEBY_LOD2_4907181;DEBY_LOD2_4907184;DEBY_LOD2_4907185;DEBY_LOD2_4907186;DEBY_LOD2_4907187;DEBY_LOD2_4907188;DEBY_LOD2_4907194;DEBY_LOD2_4907195;DEBY_LOD2_4907198;DEBY_LOD2_4907199;DEBY_LOD2_4908157;DEBY_LOD2_4908168;DEBY_LOD2_4908169;DEBY_LOD2_4908170;DEBY_LOD2_4908172;DEBY_LOD2_60098;DEBY_LOD2_8568392
C118,118,no,,28,10,18,14,2,2,1_textureless:1;2_assembly:2;3_coverage:11;4_impossible:4,missing_lod22_geometry:2;pointcloud_unusable_no_planes:2;pointcloud_unusable_no_points:14,16,가림:4;관측각·커버리지:6;무텍스처:1;복합(소형+가림):2;복합(소형+재질):2;복합(스침각+가림):1,,0.000,108.145,0.198,45.417,0.592,690785.740,5336144.454,690913.984,5336280.344,186.849,0,present,yes,present,yes,present,yes,DEBY_LOD2_42364607;DEBY_LOD2_4907025;DEBY_LOD2_4907026;DEBY_LOD2_4907027;DEBY_LOD2_4907028;DEBY_LOD2_4907030;DEBY_LOD2_4907031;DEBY_LOD2_4907033;DEBY_LOD2_4907167;DEBY_LOD2_4907168;DEBY_LOD2_4907169;DEBY_LOD2_4907170;DEBY_LOD2_4907171;DEBY_LOD2_4907172;DEBY_LOD2_4907174;DEBY_LOD2_4907176;DEBY_LOD2_4907177;DEBY_LOD2_4908052;DEBY_LOD2_4908158;DEBY_LOD2_4908159;DEBY_LOD2_4908160;DEBY_LOD2_4908161;DEBY_LOD2_4908162;DEBY_LOD2_4908163;DEBY_LOD2_4908164;DEBY_LOD2_4908165;DEBY_LOD2_4908167;DEBY_LOD2_60097
C119,119,no,,29,10,19,15,1,3,1_textureless:1;2_assembly:3;3_coverage:12;4_impossible:3,missing_lod22_geometry:3;pointcloud_unusable_no_planes:1;pointcloud_unusable_no_points:15,16,가림:6;관측각·커버리지:4;무텍스처:1;복합(소형+가림):2;복합(소형+재질):2;복합(스침각+가림):1,,0.000,110.680,0.193,66.734,0.583,690792.237,5336144.454,690913.984,5336287.058,187.505,0,present,yes,present,yes,present,yes,DEBY_LOD2_42364607;DEBY_LOD2_4907021;DEBY_LOD2_4907025;DEBY_LOD2_4907026;DEBY_LOD2_4907027;DEBY_LOD2_4907028;DEBY_LOD2_4907030;DEBY_LOD2_4907031;DEBY_LOD2_4907168;DEBY_LOD2_4907169;DEBY_LOD2_4907170;DEBY_LOD2_4907171;DEBY_LOD2_4907172;DEBY_LOD2_4907174;DEBY_LOD2_4907176;DEBY_LOD2_4907177;DEBY_LOD2_4908048;DEBY_LOD2_4908051;DEBY_LOD2_4908052;DEBY_LOD2_4908158;DEBY_LOD2_4908159;DEBY_LOD2_4908160;DEBY_LOD2_4908161;DEBY_LOD2_4908162;DEBY_LOD2_4908163;DEBY_LOD2_4908164;DEBY_LOD2_4908165;DEBY_LOD2_4908167;DEBY_LOD2_60097
C120,120,no,,27,11,11,10,0,1,1_textureless:4;2_assembly:1;3_coverage:4;4_impossible:2,missing_lod22_geometry:1;pointcloud_unusable_no_points:10,10,가림:2;무텍스처:2;복합(소형+가림):2;복합(소형+재질):2;복합(재질+가림):1;복합(저조도+가림):1,,0.000,136.280,0.109,74.873,0.549,690774.410,5335988.900,690859.713,5336156.260,187.846,0,present,yes,present,yes,present,yes,DEBY_LOD2_104583794;DEBY_LOD2_108247349;DEBY_LOD2_108247350;DEBY_LOD2_108247351;DEBY_LOD2_4907165;DEBY_LOD2_4907181;DEBY_LOD2_4907184;DEBY_LOD2_4907185;DEBY_LOD2_4907186;DEBY_LOD2_4907187;DEBY_LOD2_4907188;DEBY_LOD2_4907194;DEBY_LOD2_4907195;DEBY_LOD2_4907198;DEBY_LOD2_4907199;DEBY_LOD2_4907202;DEBY_LOD2_4907208;DEBY_LOD2_4908157;DEBY_LOD2_4908168;DEBY_LOD2_4908169;DEBY_LOD2_4908170;DEBY_LOD2_4908172;DEBY_LOD2_4908178;DEBY_LOD2_4908179;DEBY_LOD2_60098;DEBY_LOD2_8568391;DEBY_LOD2_8568392
C121,121,no,,26,11,10,9,0,1,1_textureless:4;2_assembly:1;3_coverage:4;4_impossible:1,missing_lod22_geometry:1;pointcloud_unusable_no_points:9,9,가림:2;무텍스처:2;복합(소형+가림):2;복합(소형+재질):1;복합(재질+가림):1;복합(저조도+가림):1,,0.000,136.065,0.109,73.477,0.549,690774.410,5335988.900,690859.713,5336156.260,187.846,0,present,yes,present,yes,present,yes,DEBY_LOD2_104583794;DEBY_LOD2_108247349;DEBY_LOD2_108247350;DEBY_LOD2_108247351;DEBY_LOD2_4907165;DEBY_LOD2_4907181;DEBY_LOD2_4907184;DEBY_LOD2_4907185;DEBY_LOD2_4907186;DEBY_LOD2_4907187;DEBY_LOD2_4907188;DEBY_LOD2_4907194;DEBY_LOD2_4907195;DEBY_LOD2_4907198;DEBY_LOD2_4907199;DEBY_LOD2_4907202;DEBY_LOD2_4907208;DEBY_LOD2_4908157;DEBY_LOD2_4908168;DEBY_LOD2_4908170;DEBY_LOD2_4908172;DEBY_LOD2_4908178;DEBY_LOD2_4908179;DEBY_LOD2_60098;DEBY_LOD2_8568391;DEBY_LOD2_8568392
C122,122,no,,25,11,9,8,0,1,1_textureless:4;2_assembly:1;3_coverage:3;4_impossible:1,missing_lod22_geometry:1;pointcloud_unusable_no_points:8,8,가림:1;무텍스처:2;복합(소형+가림):2;복합(소형+재질):1;복합(재질+가림):1;복합(저조도+가림):1,,0.000,135.850,0.109,74.873,0.549,690774.410,5335988.900,690859.713,5336156.260,187.846,0,present,yes,present,yes,present,yes,DEBY_LOD2_104583794;DEBY_LOD2_108247349;DEBY_LOD2_108247350;DEBY_LOD2_108247351;DEBY_LOD2_4907165;DEBY_LOD2_4907181;DEBY_LOD2_4907184;DEBY_LOD2_4907185;DEBY_LOD2_4907186;DEBY_LOD2_4907187;DEBY_LOD2_4907188;DEBY_LOD2_4907194;DEBY_LOD2_4907195;DEBY_LOD2_4907198;DEBY_LOD2_4907199;DEBY_LOD2_4907202;DEBY_LOD2_4907208;DEBY_LOD2_4908168;DEBY_LOD2_4908170;DEBY_LOD2_4908172;DEBY_LOD2_4908178;DEBY_LOD2_4908179;DEBY_LOD2_60098;DEBY_LOD2_8568391;DEBY_LOD2_8568392
C123,123,no,,25,10,15,12,1,2,1_textureless:1;2_assembly:2;3_coverage:9;4_impossible:3,missing_lod22_geometry:2;pointcloud_unusable_no_planes:1;pointcloud_unusable_no_points:12,13,가림:5;관측각·커버리지:3;무텍스처:1;복합(소형+가림):2;복합(소형+재질):2,,0.000,115.530,0.193,72.404,0.591,690798.655,5336131.019,690913.984,5336280.280,188.626,0,present,yes,present,yes,present,yes,DEBY_LOD2_42364607;DEBY_LOD2_4907021;DEBY_LOD2_4907025;DEBY_LOD2_4907026;DEBY_LOD2_4907027;DEBY_LOD2_4907028;DEBY_LOD2_4907030;DEBY_LOD2_4907169;DEBY_LOD2_4907170;DEBY_LOD2_4907171;DEBY_LOD2_4907172;DEBY_LOD2_4907174;DEBY_LOD2_4907175;DEBY_LOD2_4907176;DEBY_LOD2_4907177;DEBY_LOD2_4908158;DEBY_LOD2_4908159;DEBY_LOD2_4908160;DEBY_LOD2_4908161;DEBY_LOD2_4908162;DEBY_LOD2_4908163;DEBY_LOD2_4908164;DEBY_LOD2_4908165;DEBY_LOD2_4908167;DEBY_LOD2_60097
C124,124,no,,29,10,14,12,0,2,1_textureless:3;2_assembly:2;3_coverage:7;4_impossible:2,missing_lod22_geometry:2;pointcloud_unusable_no_points:12,12,가림:4;관측각·커버리지:1;무텍스처:1;복합(소형+가림):2;복합(소형+재질):2;복합(재질+가림):1;복합(저조도+가림):1,,0.000,135.580,0.114,71.823,0.549,690771.170,5336019.202,690859.713,5336187.715,190.359,0,present,yes,present,yes,present,yes,DEBY_LOD2_104583794;DEBY_LOD2_108247349;DEBY_LOD2_108247350;DEBY_LOD2_108247351;DEBY_LOD2_4907164;DEBY_LOD2_4907165;DEBY_LOD2_4907166;DEBY_LOD2_4907174;DEBY_LOD2_4907175;DEBY_LOD2_4907181;DEBY_LOD2_4907184;DEBY_LOD2_4907185;DEBY_LOD2_4907186;DEBY_LOD2_4907187;DEBY_LOD2_4907188;DEBY_LOD2_4907194;DEBY_LOD2_4907195;DEBY_LOD2_4907198;DEBY_LOD2_4907199;DEBY_LOD2_4908157;DEBY_LOD2_4908158;DEBY_LOD2_4908159;DEBY_LOD2_4908168;DEBY_LOD2_4908169;DEBY_LOD2_4908170;DEBY_LOD2_4908172;DEBY_LOD2_4908178;DEBY_LOD2_60098;DEBY_LOD2_8568392
C125,125,no,,30,13,14,12,0,2,1_textureless:3;2_assembly:2;3_coverage:7;4_impossible:2,missing_lod22_geometry:2;pointcloud_unusable_no_points:12,12,가림:4;관측각·커버리지:1;무텍스처:1;복합(소형+가림):2;복합(소형+재질):2;복합(재질+가림):1;복합(저조도+가림):1,,0.000,138.035,0.117,74.775,0.556,690774.550,5336019.202,690864.200,5336187.715,190.876,0,present,yes,present,yes,present,yes,DEBY_LOD2_104583794;DEBY_LOD2_108247349;DEBY_LOD2_108247350;DEBY_LOD2_108247351;DEBY_LOD2_4907165;DEBY_LOD2_4907174;DEBY_LOD2_4907175;DEBY_LOD2_4907176;DEBY_LOD2_4907177;DEBY_LOD2_4907181;DEBY_LOD2_4907184;DEBY_LOD2_4907185;DEBY_LOD2_4907186;DEBY_LOD2_4907187;DEBY_LOD2_4907188;DEBY_LOD2_4907194;DEBY_LOD2_4907195;DEBY_LOD2_4907198;DEBY_LOD2_4907199;DEBY_LOD2_4907202;DEBY_LOD2_4908157;DEBY_LOD2_4908158;DEBY_LOD2_4908159;DEBY_LOD2_4908168;DEBY_LOD2_4908169;DEBY_LOD2_4908170;DEBY_LOD2_4908172;DEBY_LOD2_4908178;DEBY_LOD2_60098;DEBY_LOD2_8568392
C126,126,no,,28,12,14,12,0,2,1_textureless:3;2_assembly:2;3_coverage:7;4_impossible:2,missing_lod22_geometry:2;pointcloud_unusable_no_points:12,12,가림:4;관측각·커버리지:1;무텍스처:1;복합(소형+가림):2;복합(소형+재질):2;복합(재질+가림):1;복합(저조도+가림):1,,0.000,140.240,0.119,74.775,0.549,690774.550,5336019.202,690864.200,5336187.715,190.876,0,present,yes,present,yes,present,yes,DEBY_LOD2_104583794;DEBY_LOD2_108247350;DEBY_LOD2_108247351;DEBY_LOD2_4907165;DEBY_LOD2_4907174;DEBY_LOD2_4907175;DEBY_LOD2_4907176;DEBY_LOD2_4907177;DEBY_LOD2_4907181;DEBY_LOD2_4907184;DEBY_LOD2_4907185;DEBY_LOD2_4907186;DEBY_LOD2_4907187;DEBY_LOD2_4907188;DEBY_LOD2_4907194;DEBY_LOD2_4907195;DEBY_LOD2_4907198;DEBY_LOD2_4907199;DEBY_LOD2_4908157;DEBY_LOD2_4908158;DEBY_LOD2_4908159;DEBY_LOD2_4908168;DEBY_LOD2_4908169;DEBY_LOD2_4908170;DEBY_LOD2_4908172;DEBY_LOD2_4908178;DEBY_LOD2_60098;DEBY_LOD2_8568392
C127,127,no,,29,12,14,12,0,2,1_textureless:3;2_assembly:2;3_coverage:7;4_impossible:2,missing_lod22_geometry:2;pointcloud_unusable_no_points:12,12,가림:4;관측각·커버리지:1;무텍스처:1;복합(소형+가림):2;복합(소형+재질):2;복합(재질+가림):1;복합(저조도+가림):1,,0.000,140.220,0.114,74.678,0.549,690774.550,5336019.202,690864.200,5336187.715,190.876,0,present,yes,present,yes,present,yes,DEBY_LOD2_104583794;DEBY_LOD2_108247349;DEBY_LOD2_108247350;DEBY_LOD2_108247351;DEBY_LOD2_4907165;DEBY_LOD2_4907174;DEBY_LOD2_4907175;DEBY_LOD2_4907176;DEBY_LOD2_4907177;DEBY_LOD2_4907181;DEBY_LOD2_4907184;DEBY_LOD2_4907185;DEBY_LOD2_4907186;DEBY_LOD2_4907187;DEBY_LOD2_4907188;DEBY_LOD2_4907194;DEBY_LOD2_4907195;DEBY_LOD2_4907198;DEBY_LOD2_4907199;DEBY_LOD2_4908157;DEBY_LOD2_4908158;DEBY_LOD2_4908159;DEBY_LOD2_4908168;DEBY_LOD2_4908169;DEBY_LOD2_4908170;DEBY_LOD2_4908172;DEBY_LOD2_4908178;DEBY_LOD2_60098;DEBY_LOD2_8568392
C128,128,no,,30,11,14,12,0,2,1_textureless:3;2_assembly:2;3_coverage:7;4_impossible:2,missing_lod22_geometry:2;pointcloud_unusable_no_points:12,12,가림:4;관측각·커버리지:1;무텍스처:1;복합(소형+가림):2;복합(소형+재질):2;복합(재질+가림):1;복합(저조도+가림):1,,0.000,135.520,0.119,71.952,0.549,690771.170,5336019.202,690861.615,5336187.715,191.251,0,present,yes,present,yes,present,yes,DEBY_LOD2_104583794;DEBY_LOD2_108247349;DEBY_LOD2_108247350;DEBY_LOD2_108247351;DEBY_LOD2_4907164;DEBY_LOD2_4907165;DEBY_LOD2_4907166;DEBY_LOD2_4907174;DEBY_LOD2_4907175;DEBY_LOD2_4907177;DEBY_LOD2_4907181;DEBY_LOD2_4907184;DEBY_LOD2_4907185;DEBY_LOD2_4907186;DEBY_LOD2_4907187;DEBY_LOD2_4907188;DEBY_LOD2_4907194;DEBY_LOD2_4907195;DEBY_LOD2_4907198;DEBY_LOD2_4907199;DEBY_LOD2_4908157;DEBY_LOD2_4908158;DEBY_LOD2_4908159;DEBY_LOD2_4908168;DEBY_LOD2_4908169;DEBY_LOD2_4908170;DEBY_LOD2_4908172;DEBY_LOD2_4908178;DEBY_LOD2_60098;DEBY_LOD2_8568392
C129,129,no,,27,10,14,12,0,2,1_textureless:3;2_assembly:2;3_coverage:7;4_impossible:2,missing_lod22_geometry:2;pointcloud_unusable_no_points:12,12,가림:4;관측각·커버리지:1;무텍스처:1;복합(소형+가림):2;복합(소형+재질):2;복합(재질+가림):1;복합(저조도+가림):1,,0.000,135.580,0.114,74.678,0.549,690771.170,5336019.202,690861.615,5336187.715,191.251,0,present,yes,present,yes,present,yes,DEBY_LOD2_104583794;DEBY_LOD2_108247350;DEBY_LOD2_108247351;DEBY_LOD2_4907164;DEBY_LOD2_4907165;DEBY_LOD2_4907174;DEBY_LOD2_4907175;DEBY_LOD2_4907177;DEBY_LOD2_4907181;DEBY_LOD2_4907184;DEBY_LOD2_4907185;DEBY_LOD2_4907186;DEBY_LOD2_4907187;DEBY_LOD2_4907188;DEBY_LOD2_4907194;DEBY_LOD2_4907195;DEBY_LOD2_4907198;DEBY_LOD2_4907199;DEBY_LOD2_4908157;DEBY_LOD2_4908158;DEBY_LOD2_4908159;DEBY_LOD2_4908168;DEBY_LOD2_4908169;DEBY_LOD2_4908170;DEBY_LOD2_4908172;DEBY_LOD2_60098;DEBY_LOD2_8568392
C130,130,no,,28,10,14,12,0,2,1_textureless:3;2_assembly:2;3_coverage:7;4_impossible:2,missing_lod22_geometry:2;pointcloud_unusable_no_points:12,12,가림:4;관측각·커버리지:1;무텍스처:1;복합(소형+가림):2;복합(소형+재질):2;복합(재질+가림):1;복합(저조도+가림):1,,0.000,135.520,0.112,73.380,0.562,690771.170,5336019.202,690861.615,5336187.715,191.251,0,present,yes,present,yes,present,yes,DEBY_LOD2_104583794;DEBY_LOD2_108247349;DEBY_LOD2_108247350;DEBY_LOD2_108247351;DEBY_LOD2_4907164;DEBY_LOD2_4907165;DEBY_LOD2_4907174;DEBY_LOD2_4907175;DEBY_LOD2_4907177;DEBY_LOD2_4907181;DEBY_LOD2_4907184;DEBY_LOD2_4907185;DEBY_LOD2_4907186;DEBY_LOD2_4907187;DEBY_LOD2_4907188;DEBY_LOD2_4907194;DEBY_LOD2_4907195;DEBY_LOD2_4907198;DEBY_LOD2_4907199;DEBY_LOD2_4908157;DEBY_LOD2_4908158;DEBY_LOD2_4908159;DEBY_LOD2_4908168;DEBY_LOD2_4908169;DEBY_LOD2_4908170;DEBY_LOD2_4908172;DEBY_LOD2_60098;DEBY_LOD2_8568392
C131,131,no,,28,11,12,10,0,2,1_textureless:4;2_assembly:2;3_coverage:4;4_impossible:2,missing_lod22_geometry:2;pointcloud_unusable_no_points:10,10,가림:2;무텍스처:2;복합(소형+가림):2;복합(소형+재질):2;복합(재질+가림):1;복합(저조도+가림):1,,0.000,138.250,0.112,74.775,0.549,690774.410,5335988.900,690859.713,5336160.247,191.406,0,present,yes,present,yes,present,yes,DEBY_LOD2_104583794;DEBY_LOD2_108247349;DEBY_LOD2_108247350;DEBY_LOD2_108247351;DEBY_LOD2_4907165;DEBY_LOD2_4907175;DEBY_LOD2_4907181;DEBY_LOD2_4907184;DEBY_LOD2_4907185;DEBY_LOD2_4907186;DEBY_LOD2_4907187;DEBY_LOD2_4907188;DEBY_LOD2_4907194;DEBY_LOD2_4907195;DEBY_LOD2_4907198;DEBY_LOD2_4907199;DEBY_LOD2_4907202;DEBY_LOD2_4907208;DEBY_LOD2_4908157;DEBY_LOD2_4908168;DEBY_LOD2_4908169;DEBY_LOD2_4908170;DEBY_LOD2_4908172;DEBY_LOD2_4908178;DEBY_LOD2_4908179;DEBY_LOD2_60098;DEBY_LOD2_8568391;DEBY_LOD2_8568392
C132,132,no,,30,12,14,12,0,2,1_textureless:3;2_assembly:2;3_coverage:7;4_impossible:2,missing_lod22_geometry:2;pointcloud_unusable_no_points:12,12,가림:4;관측각·커버리지:1;무텍스처:1;복합(소형+가림):2;복합(소형+재질):2;복합(재질+가림):1;복합(저조도+가림):1,,0.000,137.900,0.119,73.380,0.549,690771.170,5336019.202,690864.200,5336187.715,192.487,0,present,yes,present,yes,present,yes,DEBY_LOD2_104583794;DEBY_LOD2_108247349;DEBY_LOD2_108247350;DEBY_LOD2_108247351;DEBY_LOD2_4907164;DEBY_LOD2_4907165;DEBY_LOD2_4907174;DEBY_LOD2_4907175;DEBY_LOD2_4907176;DEBY_LOD2_4907177;DEBY_LOD2_4907181;DEBY_LOD2_4907184;DEBY_LOD2_4907185;DEBY_LOD2_4907186;DEBY_LOD2_4907187;DEBY_LOD2_4907188;DEBY_LOD2_4907194;DEBY_LOD2_4907195;DEBY_LOD2_4907198;DEBY_LOD2_4907199;DEBY_LOD2_4908157;DEBY_LOD2_4908158;DEBY_LOD2_4908159;DEBY_LOD2_4908168;DEBY_LOD2_4908169;DEBY_LOD2_4908170;DEBY_LOD2_4908172;DEBY_LOD2_4908178;DEBY_LOD2_60098;DEBY_LOD2_8568392
C133,133,no,,29,11,14,12,0,2,1_textureless:3;2_assembly:2;3_coverage:7;4_impossible:2,missing_lod22_geometry:2;pointcloud_unusable_no_points:12,12,가림:4;관측각·커버리지:1;무텍스처:1;복합(소형+가림):2;복합(소형+재질):2;복합(재질+가림):1;복합(저조도+가림):1,,0.000,135.580,0.114,74.678,0.549,690771.170,5336019.202,690864.200,5336187.715,192.487,0,present,yes,present,yes,present,yes,DEBY_LOD2_104583794;DEBY_LOD2_108247349;DEBY_LOD2_108247350;DEBY_LOD2_108247351;DEBY_LOD2_4907164;DEBY_LOD2_4907165;DEBY_LOD2_4907174;DEBY_LOD2_4907175;DEBY_LOD2_4907176;DEBY_LOD2_4907177;DEBY_LOD2_4907181;DEBY_LOD2_4907184;DEBY_LOD2_4907185;DEBY_LOD2_4907186;DEBY_LOD2_4907187;DEBY_LOD2_4907188;DEBY_LOD2_4907194;DEBY_LOD2_4907195;DEBY_LOD2_4907198;DEBY_LOD2_4907199;DEBY_LOD2_4908157;DEBY_LOD2_4908158;DEBY_LOD2_4908159;DEBY_LOD2_4908168;DEBY_LOD2_4908169;DEBY_LOD2_4908170;DEBY_LOD2_4908172;DEBY_LOD2_60098;DEBY_LOD2_8568392
C134,134,no,,27,10,17,13,1,3,1_textureless:1;2_assembly:3;3_coverage:9;4_impossible:4,missing_lod22_geometry:3;pointcloud_unusable_no_planes:1;pointcloud_unusable_no_points:13,14,가림:4;관측각·커버리지:4;무텍스처:1;복합(소형+가림):2;복합(소형+재질):3,,0.000,115.530,0.197,70.890,0.591,690792.237,5336104.800,690913.984,5336259.030,196.492,0,present,yes,present,yes,present,yes,DEBY_LOD2_42364607;DEBY_LOD2_4907025;DEBY_LOD2_4907026;DEBY_LOD2_4907027;DEBY_LOD2_4907028;DEBY_LOD2_4907030;DEBY_LOD2_4907031;DEBY_LOD2_4907168;DEBY_LOD2_4907169;DEBY_LOD2_4907170;DEBY_LOD2_4907171;DEBY_LOD2_4907172;DEBY_LOD2_4907174;DEBY_LOD2_4907175;DEBY_LOD2_4907176;DEBY_LOD2_4907177;DEBY_LOD2_4908158;DEBY_LOD2_4908159;DEBY_LOD2_4908160;DEBY_LOD2_4908161;DEBY_LOD2_4908162;DEBY_LOD2_4908163;DEBY_LOD2_4908164;DEBY_LOD2_4908165;DEBY_LOD2_4908167;DEBY_LOD2_4908169;DEBY_LOD2_60097
C135,135,no,,30,10,15,12,1,2,1_textureless:3;2_assembly:2;3_coverage:7;4_impossible:3,missing_lod22_geometry:2;pointcloud_unusable_no_planes:1;pointcloud_unusable_no_points:12,13,가림:4;관측각·커버리지:2;무텍스처:1;복합(소형+가림):2;복합(소형+재질):2;복합(재질+가림):1;복합(저조도+가림):1,,0.000,135.520,0.119,71.212,0.549,690771.170,5336019.202,690859.713,5336194.892,196.741,0,present,yes,present,yes,present,yes,DEBY_LOD2_104583794;DEBY_LOD2_108247349;DEBY_LOD2_108247350;DEBY_LOD2_108247351;DEBY_LOD2_4907164;DEBY_LOD2_4907165;DEBY_LOD2_4907166;DEBY_LOD2_4907167;DEBY_LOD2_4907174;DEBY_LOD2_4907175;DEBY_LOD2_4907181;DEBY_LOD2_4907184;DEBY_LOD2_4907185;DEBY_LOD2_4907186;DEBY_LOD2_4907187;DEBY_LOD2_4907188;DEBY_LOD2_4907194;DEBY_LOD2_4907195;DEBY_LOD2_4907198;DEBY_LOD2_4907199;DEBY_LOD2_4908157;DEBY_LOD2_4908158;DEBY_LOD2_4908159;DEBY_LOD2_4908168;DEBY_LOD2_4908169;DEBY_LOD2_4908170;DEBY_LOD2_4908172;DEBY_LOD2_4908178;DEBY_LOD2_60098;DEBY_LOD2_8568392
C136,136,no,,30,10,20,15,2,3,1_textureless:1;2_assembly:3;3_coverage:12;4_impossible:4,missing_lod22_geometry:3;pointcloud_unusable_no_planes:2;pointcloud_unusable_no_points:15,17,가림:5;관측각·커버리지:6;무텍스처:1;복합(소형+가림):2;복합(소형+재질):2;복합(스침각+가림):1,,0.000,108.145,0.198,50.587,0.591,690785.740,5336131.019,690913.984,5336280.344,196.836,0,present,yes,present,yes,present,yes,DEBY_LOD2_42364607;DEBY_LOD2_4907021;DEBY_LOD2_4907025;DEBY_LOD2_4907026;DEBY_LOD2_4907027;DEBY_LOD2_4907028;DEBY_LOD2_4907030;DEBY_LOD2_4907031;DEBY_LOD2_4907033;DEBY_LOD2_4907167;DEBY_LOD2_4907168;DEBY_LOD2_4907169;DEBY_LOD2_4907170;DEBY_LOD2_4907171;DEBY_LOD2_4907172;DEBY_LOD2_4907174;DEBY_LOD2_4907175;DEBY_LOD2_4907176;DEBY_LOD2_4907177;DEBY_LOD2_4908052;DEBY_LOD2_4908158;DEBY_LOD2_4908159;DEBY_LOD2_4908160;DEBY_LOD2_4908161;DEBY_LOD2_4908162;DEBY_LOD2_4908163;DEBY_LOD2_4908164;DEBY_LOD2_4908165;DEBY_LOD2_4908167;DEBY_LOD2_60097
C137,137,no,,29,10,19,14,2,3,1_textureless:1;2_assembly:3;3_coverage:11;4_impossible:4,missing_lod22_geometry:3;pointcloud_unusable_no_planes:2;pointcloud_unusable_no_points:14,16,가림:4;관측각·커버리지:6;무텍스처:1;복합(소형+가림):2;복합(소형+재질):2;복합(스침각+가림):1,,0.000,108.850,0.199,45.769,0.591,690785.740,5336131.019,690913.984,5336280.344,196.836,0,present,yes,present,yes,present,yes,DEBY_LOD2_42364607;DEBY_LOD2_4907025;DEBY_LOD2_4907026;DEBY_LOD2_4907027;DEBY_LOD2_4907028;DEBY_LOD2_4907030;DEBY_LOD2_4907031;DEBY_LOD2_4907033;DEBY_LOD2_4907167;DEBY_LOD2_4907168;DEBY_LOD2_4907169;DEBY_LOD2_4907170;DEBY_LOD2_4907171;DEBY_LOD2_4907172;DEBY_LOD2_4907174;DEBY_LOD2_4907175;DEBY_LOD2_4907176;DEBY_LOD2_4907177;DEBY_LOD2_4908052;DEBY_LOD2_4908158;DEBY_LOD2_4908159;DEBY_LOD2_4908160;DEBY_LOD2_4908161;DEBY_LOD2_4908162;DEBY_LOD2_4908163;DEBY_LOD2_4908164;DEBY_LOD2_4908165;DEBY_LOD2_4908167;DEBY_LOD2_60097
C138,138,no,,30,10,20,15,1,4,1_textureless:1;2_assembly:4;3_coverage:12;4_impossible:3,missing_lod22_geometry:4;pointcloud_unusable_no_planes:1;pointcloud_unusable_no_points:15,16,가림:6;관측각·커버리지:4;무텍스처:1;복합(소형+가림):2;복합(소형+재질):2;복합(스침각+가림):1,,0.000,110.915,0.195,68.812,0.581,690792.237,5336131.019,690913.984,5336287.058,197.915,0,present,yes,present,yes,present,yes,DEBY_LOD2_42364607;DEBY_LOD2_4907021;DEBY_LOD2_4907025;DEBY_LOD2_4907026;DEBY_LOD2_4907027;DEBY_LOD2_4907028;DEBY_LOD2_4907030;DEBY_LOD2_4907031;DEBY_LOD2_4907168;DEBY_LOD2_4907169;DEBY_LOD2_4907170;DEBY_LOD2_4907171;DEBY_LOD2_4907172;DEBY_LOD2_4907174;DEBY_LOD2_4907175;DEBY_LOD2_4907176;DEBY_LOD2_4907177;DEBY_LOD2_4908048;DEBY_LOD2_4908051;DEBY_LOD2_4908052;DEBY_LOD2_4908158;DEBY_LOD2_4908159;DEBY_LOD2_4908160;DEBY_LOD2_4908161;DEBY_LOD2_4908162;DEBY_LOD2_4908163;DEBY_LOD2_4908164;DEBY_LOD2_4908165;DEBY_LOD2_4908167;DEBY_LOD2_60097
C139,139,no,,29,11,12,10,0,2,1_textureless:4;2_assembly:2;3_coverage:4;4_impossible:2,missing_lod22_geometry:2;pointcloud_unusable_no_points:10,10,가림:2;무텍스처:2;복합(소형+가림):2;복합(소형+재질):2;복합(재질+가림):1;복합(저조도+가림):1,,0.000,136.280,0.114,74.678,0.549,690771.170,5335988.900,690859.713,5336166.519,198.465,0,present,yes,present,yes,present,yes,DEBY_LOD2_104583794;DEBY_LOD2_108247349;DEBY_LOD2_108247350;DEBY_LOD2_108247351;DEBY_LOD2_4907164;DEBY_LOD2_4907165;DEBY_LOD2_4907175;DEBY_LOD2_4907181;DEBY_LOD2_4907184;DEBY_LOD2_4907185;DEBY_LOD2_4907186;DEBY_LOD2_4907187;DEBY_LOD2_4907188;DEBY_LOD2_4907194;DEBY_LOD2_4907195;DEBY_LOD2_4907198;DEBY_LOD2_4907199;DEBY_LOD2_4907202;DEBY_LOD2_4907208;DEBY_LOD2_4908157;DEBY_LOD2_4908168;DEBY_LOD2_4908169;DEBY_LOD2_4908170;DEBY_LOD2_4908172;DEBY_LOD2_4908178;DEBY_LOD2_4908179;DEBY_LOD2_60098;DEBY_LOD2_8568391;DEBY_LOD2_8568392
C140,140,no,,28,11,11,10,0,1,1_textureless:4;2_assembly:1;3_coverage:4;4_impossible:2,missing_lod22_geometry:1;pointcloud_unusable_no_points:10,10,가림:2;무텍스처:2;복합(소형+가림):2;복합(소형+재질):2;복합(재질+가림):1;복합(저조도+가림):1,,0.000,136.065,0.112,73.477,0.549,690771.170,5335988.900,690859.713,5336166.519,198.465,0,present,yes,present,yes,present,yes,DEBY_LOD2_104583794;DEBY_LOD2_108247349;DEBY_LOD2_108247350;DEBY_LOD2_108247351;DEBY_LOD2_4907164;DEBY_LOD2_4907165;DEBY_LOD2_4907181;DEBY_LOD2_4907184;DEBY_LOD2_4907185;DEBY_LOD2_4907186;DEBY_LOD2_4907187;DEBY_LOD2_4907188;DEBY_LOD2_4907194;DEBY_LOD2_4907195;DEBY_LOD2_4907198;DEBY_LOD2_4907199;DEBY_LOD2_4907202;DEBY_LOD2_4907208;DEBY_LOD2_4908157;DEBY_LOD2_4908168;DEBY_LOD2_4908169;DEBY_LOD2_4908170;DEBY_LOD2_4908172;DEBY_LOD2_4908178;DEBY_LOD2_4908179;DEBY_LOD2_60098;DEBY_LOD2_8568391;DEBY_LOD2_8568392
C141,141,no,,27,11,10,9,0,1,1_textureless:4;2_assembly:1;3_coverage:4;4_impossible:1,missing_lod22_geometry:1;pointcloud_unusable_no_points:9,9,가림:2;무텍스처:2;복합(소형+가림):2;복합(소형+재질):1;복합(재질+가림):1;복합(저조도+가림):1,,0.000,135.850,0.109,72.081,0.549,690771.170,5335988.900,690859.713,5336166.519,198.465,0,present,yes,present,yes,present,yes,DEBY_LOD2_104583794;DEBY_LOD2_108247349;DEBY_LOD2_108247350;DEBY_LOD2_108247351;DEBY_LOD2_4907164;DEBY_LOD2_4907165;DEBY_LOD2_4907181;DEBY_LOD2_4907184;DEBY_LOD2_4907185;DEBY_LOD2_4907186;DEBY_LOD2_4907187;DEBY_LOD2_4907188;DEBY_LOD2_4907194;DEBY_LOD2_4907195;DEBY_LOD2_4907198;DEBY_LOD2_4907199;DEBY_LOD2_4907202;DEBY_LOD2_4907208;DEBY_LOD2_4908157;DEBY_LOD2_4908168;DEBY_LOD2_4908170;DEBY_LOD2_4908172;DEBY_LOD2_4908178;DEBY_LOD2_4908179;DEBY_LOD2_60098;DEBY_LOD2_8568391;DEBY_LOD2_8568392
C142,142,no,,30,12,12,10,0,2,1_textureless:4;2_assembly:2;3_coverage:4;4_impossible:2,missing_lod22_geometry:2;pointcloud_unusable_no_points:10,10,가림:2;무텍스처:2;복합(소형+가림):2;복합(소형+재질):2;복합(재질+가림):1;복합(저조도+가림):1,,0.000,136.065,0.117,74.775,0.549,690771.170,5335988.900,690861.615,5336166.519,199.321,0,present,yes,present,yes,present,yes,DEBY_LOD2_104583794;DEBY_LOD2_108247349;DEBY_LOD2_108247350;DEBY_LOD2_108247351;DEBY_LOD2_4907164;DEBY_LOD2_4907165;DEBY_LOD2_4907175;DEBY_LOD2_4907177;DEBY_LOD2_4907181;DEBY_LOD2_4907184;DEBY_LOD2_4907185;DEBY_LOD2_4907186;DEBY_LOD2_4907187;DEBY_LOD2_4907188;DEBY_LOD2_4907194;DEBY_LOD2_4907195;DEBY_LOD2_4907198;DEBY_LOD2_4907199;DEBY_LOD2_4907202;DEBY_LOD2_4907208;DEBY_LOD2_4908157;DEBY_LOD2_4908168;DEBY_LOD2_4908169;DEBY_LOD2_4908170;DEBY_LOD2_4908172;DEBY_LOD2_4908178;DEBY_LOD2_4908179;DEBY_LOD2_60098;DEBY_LOD2_8568391;DEBY_LOD2_8568392
C143,143,no,,30,11,12,10,0,2,1_textureless:4;2_assembly:2;3_coverage:4;4_impossible:2,missing_lod22_geometry:2;pointcloud_unusable_no_points:10,10,가림:2;무텍스처:2;복합(소형+가림):2;복합(소형+재질):2;복합(재질+가림):1;복합(저조도+가림):1,,0.000,136.065,0.117,73.380,0.546,690771.170,5335988.900,690859.713,5336178.584,209.332,0,present,yes,present,yes,present,yes,DEBY_LOD2_104583794;DEBY_LOD2_108247349;DEBY_LOD2_108247350;DEBY_LOD2_108247351;DEBY_LOD2_4907164;DEBY_LOD2_4907165;DEBY_LOD2_4907166;DEBY_LOD2_4907175;DEBY_LOD2_4907181;DEBY_LOD2_4907184;DEBY_LOD2_4907185;DEBY_LOD2_4907186;DEBY_LOD2_4907187;DEBY_LOD2_4907188;DEBY_LOD2_4907194;DEBY_LOD2_4907195;DEBY_LOD2_4907198;DEBY_LOD2_4907199;DEBY_LOD2_4907202;DEBY_LOD2_4907208;DEBY_LOD2_4908157;DEBY_LOD2_4908168;DEBY_LOD2_4908169;DEBY_LOD2_4908170;DEBY_LOD2_4908172;DEBY_LOD2_4908178;DEBY_LOD2_4908179;DEBY_LOD2_60098;DEBY_LOD2_8568391;DEBY_LOD2_8568392
C144,144,no,,27,10,17,14,1,2,1_textureless:1;2_assembly:2;3_coverage:10;4_impossible:4,missing_lod22_geometry:2;pointcloud_unusable_no_planes:1;pointcloud_unusable_no_points:14,15,가림:5;관측각·커버리지:4;무텍스처:1;복합(소형+가림):2;복합(소형+재질):3,,0.000,115.530,0.193,72.404,0.591,690798.655,5336104.800,690913.984,5336280.280,209.986,0,present,yes,present,yes,present,yes,DEBY_LOD2_42364607;DEBY_LOD2_4907021;DEBY_LOD2_4907025;DEBY_LOD2_4907026;DEBY_LOD2_4907027;DEBY_LOD2_4907028;DEBY_LOD2_4907030;DEBY_LOD2_4907031;DEBY_LOD2_4907169;DEBY_LOD2_4907170;DEBY_LOD2_4907171;DEBY_LOD2_4907172;DEBY_LOD2_4907174;DEBY_LOD2_4907175;DEBY_LOD2_4907176;DEBY_LOD2_4907177;DEBY_LOD2_4908158;DEBY_LOD2_4908159;DEBY_LOD2_4908160;DEBY_LOD2_4908161;DEBY_LOD2_4908162;DEBY_LOD2_4908163;DEBY_LOD2_4908164;DEBY_LOD2_4908165;DEBY_LOD2_4908167;DEBY_LOD2_4908169;DEBY_LOD2_60097
C145,145,no,,26,10,16,13,1,2,1_textureless:1;2_assembly:2;3_coverage:9;4_impossible:4,missing_lod22_geometry:2;pointcloud_unusable_no_planes:1;pointcloud_unusable_no_points:13,14,가림:5;관측각·커버리지:3;무텍스처:1;복합(소형+가림):2;복합(소형+재질):3,,0.000,117.310,0.190,73.541,0.592,690798.655,5336104.800,690913.984,5336280.280,209.986,0,present,yes,present,yes,present,yes,DEBY_LOD2_42364607;DEBY_LOD2_4907021;DEBY_LOD2_4907025;DEBY_LOD2_4907026;DEBY_LOD2_4907027;DEBY_LOD2_4907028;DEBY_LOD2_4907030;DEBY_LOD2_4907169;DEBY_LOD2_4907170;DEBY_LOD2_4907171;DEBY_LOD2_4907172;DEBY_LOD2_4907174;DEBY_LOD2_4907175;DEBY_LOD2_4907176;DEBY_LOD2_4907177;DEBY_LOD2_4908158;DEBY_LOD2_4908159;DEBY_LOD2_4908160;DEBY_LOD2_4908161;DEBY_LOD2_4908162;DEBY_LOD2_4908163;DEBY_LOD2_4908164;DEBY_LOD2_4908165;DEBY_LOD2_4908167;DEBY_LOD2_4908169;DEBY_LOD2_60097
C146,146,no,,28,10,18,14,1,3,1_textureless:1;2_assembly:3;3_coverage:10;4_impossible:4,missing_lod22_geometry:3;pointcloud_unusable_no_planes:1;pointcloud_unusable_no_points:14,15,가림:5;관측각·커버리지:4;무텍스처:1;복합(소형+가림):2;복합(소형+재질):3,,0.000,113.105,0.195,71.647,0.591,690792.237,5336104.800,690913.984,5336280.280,213.578,0,present,yes,present,yes,present,yes,DEBY_LOD2_42364607;DEBY_LOD2_4907021;DEBY_LOD2_4907025;DEBY_LOD2_4907026;DEBY_LOD2_4907027;DEBY_LOD2_4907028;DEBY_LOD2_4907030;DEBY_LOD2_4907031;DEBY_LOD2_4907168;DEBY_LOD2_4907169;DEBY_LOD2_4907170;DEBY_LOD2_4907171;DEBY_LOD2_4907172;DEBY_LOD2_4907174;DEBY_LOD2_4907175;DEBY_LOD2_4907176;DEBY_LOD2_4907177;DEBY_LOD2_4908158;DEBY_LOD2_4908159;DEBY_LOD2_4908160;DEBY_LOD2_4908161;DEBY_LOD2_4908162;DEBY_LOD2_4908163;DEBY_LOD2_4908164;DEBY_LOD2_4908165;DEBY_LOD2_4908167;DEBY_LOD2_4908169;DEBY_LOD2_60097
C147,147,no,,30,10,20,15,2,3,1_textureless:1;2_assembly:3;3_coverage:11;4_impossible:5,missing_lod22_geometry:3;pointcloud_unusable_no_planes:2;pointcloud_unusable_no_points:15,17,가림:5;관측각·커버리지:6;무텍스처:1;복합(소형+가림):2;복합(소형+재질):3,,0.000,109.765,0.198,58.329,0.592,690785.740,5336104.800,690913.984,5336280.280,217.347,0,present,yes,present,yes,present,yes,DEBY_LOD2_42364607;DEBY_LOD2_4907021;DEBY_LOD2_4907025;DEBY_LOD2_4907026;DEBY_LOD2_4907027;DEBY_LOD2_4907028;DEBY_LOD2_4907030;DEBY_LOD2_4907031;DEBY_LOD2_4907033;DEBY_LOD2_4907167;DEBY_LOD2_4907168;DEBY_LOD2_4907169;DEBY_LOD2_4907170;DEBY_LOD2_4907171;DEBY_LOD2_4907172;DEBY_LOD2_4907174;DEBY_LOD2_4907175;DEBY_LOD2_4907176;DEBY_LOD2_4907177;DEBY_LOD2_4908158;DEBY_LOD2_4908159;DEBY_LOD2_4908160;DEBY_LOD2_4908161;DEBY_LOD2_4908162;DEBY_LOD2_4908163;DEBY_LOD2_4908164;DEBY_LOD2_4908165;DEBY_LOD2_4908167;DEBY_LOD2_4908169;DEBY_LOD2_60097
C148,148,no,,29,10,19,14,2,3,1_textureless:1;2_assembly:3;3_coverage:10;4_impossible:5,missing_lod22_geometry:3;pointcloud_unusable_no_planes:2;pointcloud_unusable_no_points:14,16,가림:5;관측각·커버리지:5;무텍스처:1;복합(소형+가림):2;복합(소형+재질):3,,0.000,110.680,0.197,70.890,0.591,690785.740,5336104.800,690913.984,5336280.280,217.347,0,present,yes,present,yes,present,yes,DEBY_LOD2_42364607;DEBY_LOD2_4907021;DEBY_LOD2_4907025;DEBY_LOD2_4907026;DEBY_LOD2_4907027;DEBY_LOD2_4907028;DEBY_LOD2_4907030;DEBY_LOD2_4907031;DEBY_LOD2_4907167;DEBY_LOD2_4907168;DEBY_LOD2_4907169;DEBY_LOD2_4907170;DEBY_LOD2_4907171;DEBY_LOD2_4907172;DEBY_LOD2_4907174;DEBY_LOD2_4907175;DEBY_LOD2_4907176;DEBY_LOD2_4907177;DEBY_LOD2_4908158;DEBY_LOD2_4908159;DEBY_LOD2_4908160;DEBY_LOD2_4908161;DEBY_LOD2_4908162;DEBY_LOD2_4908163;DEBY_LOD2_4908164;DEBY_LOD2_4908165;DEBY_LOD2_4908167;DEBY_LOD2_4908169;DEBY_LOD2_60097
C149,149,no,,30,10,20,16,1,3,1_textureless:1;2_assembly:3;3_coverage:12;4_impossible:4,missing_lod22_geometry:3;pointcloud_unusable_no_planes:1;pointcloud_unusable_no_points:16,17,가림:6;관측각·커버리지:4;무텍스처:1;복합(소형+가림):2;복합(소형+재질):3;복합(스침각+가림):1,,0.000,110.915,0.190,68.812,0.587,690792.237,5336104.800,690913.984,5336287.058,219.181,0,present,yes,present,yes,present,yes,DEBY_LOD2_42364607;DEBY_LOD2_4907021;DEBY_LOD2_4907025;DEBY_LOD2_4907026;DEBY_LOD2_4907027;DEBY_LOD2_4907028;DEBY_LOD2_4907030;DEBY_LOD2_4907031;DEBY_LOD2_4907168;DEBY_LOD2_4907169;DEBY_LOD2_4907170;DEBY_LOD2_4907171;DEBY_LOD2_4907172;DEBY_LOD2_4907174;DEBY_LOD2_4907175;DEBY_LOD2_4907176;DEBY_LOD2_4907177;DEBY_LOD2_4908051;DEBY_LOD2_4908052;DEBY_LOD2_4908158;DEBY_LOD2_4908159;DEBY_LOD2_4908160;DEBY_LOD2_4908161;DEBY_LOD2_4908162;DEBY_LOD2_4908163;DEBY_LOD2_4908164;DEBY_LOD2_4908165;DEBY_LOD2_4908167;DEBY_LOD2_4908169;DEBY_LOD2_60097
C150,150,no,,29,10,19,15,1,3,1_textureless:1;2_assembly:3;3_coverage:11;4_impossible:4,missing_lod22_geometry:3;pointcloud_unusable_no_planes:1;pointcloud_unusable_no_points:15,16,가림:6;관측각·커버리지:4;무텍스처:1;복합(소형+가림):2;복합(소형+재질):3,,0.000,111.150,0.193,70.890,0.590,690792.237,5336104.800,690913.984,5336287.058,219.181,0,present,yes,present,yes,present,yes,DEBY_LOD2_42364607;DEBY_LOD2_4907021;DEBY_LOD2_4907025;DEBY_LOD2_4907026;DEBY_LOD2_4907027;DEBY_LOD2_4907028;DEBY_LOD2_4907030;DEBY_LOD2_4907031;DEBY_LOD2_4907168;DEBY_LOD2_4907169;DEBY_LOD2_4907170;DEBY_LOD2_4907171;DEBY_LOD2_4907172;DEBY_LOD2_4907174;DEBY_LOD2_4907175;DEBY_LOD2_4907176;DEBY_LOD2_4907177;DEBY_LOD2_4908051;DEBY_LOD2_4908158;DEBY_LOD2_4908159;DEBY_LOD2_4908160;DEBY_LOD2_4908161;DEBY_LOD2_4908162;DEBY_LOD2_4908163;DEBY_LOD2_4908164;DEBY_LOD2_4908165;DEBY_LOD2_4908167;DEBY_LOD2_4908169;DEBY_LOD2_60097
C151,151,no,,20,10,5,5,0,0,1_textureless:4;4_impossible:1,pointcloud_unusable_no_points:5,5,무텍스처:2;복합(소형+가림):1;복합(소형+재질):1;복합(저조도+가림):1,,0.000,133.425,0.107,75.001,0.556,690729.070,5335934.090,690859.713,5336120.410,227.558,0,present,yes,present,yes,present,no,DEBY_LOD2_108247349;DEBY_LOD2_108247350;DEBY_LOD2_108247351;DEBY_LOD2_4907184;DEBY_LOD2_4907185;DEBY_LOD2_4907186;DEBY_LOD2_4907188;DEBY_LOD2_4907194;DEBY_LOD2_4907195;DEBY_LOD2_4907198;DEBY_LOD2_4907199;DEBY_LOD2_4907202;DEBY_LOD2_4907208;DEBY_LOD2_4908168;DEBY_LOD2_4908178;DEBY_LOD2_4908179;DEBY_LOD2_60098;DEBY_LOD2_60109;DEBY_LOD2_8568391;DEBY_LOD2_8568392
C152,152,no,,21,10,5,5,0,0,1_textureless:4;4_impossible:1,pointcloud_unusable_no_points:5,5,무텍스처:2;복합(소형+가림):1;복합(소형+재질):1;복합(저조도+가림):1,,0.000,134.980,0.106,74.873,0.562,690729.070,5335934.090,690859.713,5336134.225,239.001,0,present,yes,present,yes,present,no,DEBY_LOD2_108247349;DEBY_LOD2_108247350;DEBY_LOD2_108247351;DEBY_LOD2_4907184;DEBY_LOD2_4907185;DEBY_LOD2_4907186;DEBY_LOD2_4907188;DEBY_LOD2_4907194;DEBY_LOD2_4907195;DEBY_LOD2_4907198;DEBY_LOD2_4907199;DEBY_LOD2_4907202;DEBY_LOD2_4907208;DEBY_LOD2_4908168;DEBY_LOD2_4908172;DEBY_LOD2_4908178;DEBY_LOD2_4908179;DEBY_LOD2_60098;DEBY_LOD2_60109;DEBY_LOD2_8568391;DEBY_LOD2_8568392
C153,153,no,,25,10,9,8,0,1,1_textureless:4;2_assembly:1;3_coverage:3;4_impossible:1,missing_lod22_geometry:1;pointcloud_unusable_no_points:8,8,가림:1;무텍스처:2;복합(소형+가림):2;복합(소형+재질):1;복합(재질+가림):1;복합(저조도+가림):1,,0.000,135.850,0.109,74.873,0.549,690729.070,5335934.090,690859.713,5336140.538,244.312,0,present,yes,present,yes,present,no,DEBY_LOD2_104583794;DEBY_LOD2_108247349;DEBY_LOD2_108247350;DEBY_LOD2_108247351;DEBY_LOD2_4907181;DEBY_LOD2_4907184;DEBY_LOD2_4907185;DEBY_LOD2_4907186;DEBY_LOD2_4907187;DEBY_LOD2_4907188;DEBY_LOD2_4907194;DEBY_LOD2_4907195;DEBY_LOD2_4907198;DEBY_LOD2_4907199;DEBY_LOD2_4907202;DEBY_LOD2_4907208;DEBY_LOD2_4908168;DEBY_LOD2_4908170;DEBY_LOD2_4908172;DEBY_LOD2_4908178;DEBY_LOD2_4908179;DEBY_LOD2_60098;DEBY_LOD2_60109;DEBY_LOD2_8568391;DEBY_LOD2_8568392
C154,154,no,,24,10,8,7,0,1,1_textureless:4;2_assembly:1;3_coverage:2;4_impossible:1,missing_lod22_geometry:1;pointcloud_unusable_no_points:7,7,가림:1;무텍스처:2;복합(소형+가림):2;복합(소형+재질):1;복합(저조도+가림):1,,0.000,135.715,0.109,75.001,0.549,690729.070,5335934.090,690859.713,5336140.538,244.312,0,present,yes,present,yes,present,no,DEBY_LOD2_104583794;DEBY_LOD2_108247349;DEBY_LOD2_108247350;DEBY_LOD2_108247351;DEBY_LOD2_4907181;DEBY_LOD2_4907184;DEBY_LOD2_4907185;DEBY_LOD2_4907186;DEBY_LOD2_4907187;DEBY_LOD2_4907188;DEBY_LOD2_4907194;DEBY_LOD2_4907195;DEBY_LOD2_4907198;DEBY_LOD2_4907199;DEBY_LOD2_4907202;DEBY_LOD2_4907208;DEBY_LOD2_4908168;DEBY_LOD2_4908172;DEBY_LOD2_4908178;DEBY_LOD2_4908179;DEBY_LOD2_60098;DEBY_LOD2_60109;DEBY_LOD2_8568391;DEBY_LOD2_8568392
C155,155,no,,23,10,7,7,0,0,1_textureless:4;3_coverage:2;4_impossible:1,pointcloud_unusable_no_points:7,7,가림:1;무텍스처:2;복합(소형+가림):2;복합(소형+재질):1;복합(저조도+가림):1,,0.000,135.580,0.109,74.873,0.549,690729.070,5335934.090,690859.713,5336140.538,244.312,0,present,yes,present,yes,present,no,DEBY_LOD2_104583794;DEBY_LOD2_108247349;DEBY_LOD2_108247350;DEBY_LOD2_108247351;DEBY_LOD2_4907184;DEBY_LOD2_4907185;DEBY_LOD2_4907186;DEBY_LOD2_4907187;DEBY_LOD2_4907188;DEBY_LOD2_4907194;DEBY_LOD2_4907195;DEBY_LOD2_4907198;DEBY_LOD2_4907199;DEBY_LOD2_4907202;DEBY_LOD2_4907208;DEBY_LOD2_4908168;DEBY_LOD2_4908172;DEBY_LOD2_4908178;DEBY_LOD2_4908179;DEBY_LOD2_60098;DEBY_LOD2_60109;DEBY_LOD2_8568391;DEBY_LOD2_8568392
C156,156,no,,22,10,6,6,0,0,1_textureless:4;3_coverage:1;4_impossible:1,pointcloud_unusable_no_points:6,6,가림:1;무텍스처:2;복합(소형+가림):1;복합(소형+재질):1;복합(저조도+가림):1,,0.000,135.280,0.107,75.001,0.556,690729.070,5335934.090,690859.713,5336140.538,244.312,0,present,yes,present,yes,present,no,DEBY_LOD2_108247349;DEBY_LOD2_108247350;DEBY_LOD2_108247351;DEBY_LOD2_4907184;DEBY_LOD2_4907185;DEBY_LOD2_4907186;DEBY_LOD2_4907187;DEBY_LOD2_4907188;DEBY_LOD2_4907194;DEBY_LOD2_4907195;DEBY_LOD2_4907198;DEBY_LOD2_4907199;DEBY_LOD2_4907202;DEBY_LOD2_4907208;DEBY_LOD2_4908168;DEBY_LOD2_4908172;DEBY_LOD2_4908178;DEBY_LOD2_4908179;DEBY_LOD2_60098;DEBY_LOD2_60109;DEBY_LOD2_8568391;DEBY_LOD2_8568392
C157,157,no,,16,10,6,5,0,1,2_assembly:1;3_coverage:2;4_impossible:3,missing_lod22_geometry:1;pointcloud_unusable_no_points:5,5,가림:1;무텍스처:1;복합(소형+재질):3,,0.030,131.850,0.231,102.603,0.569,690823.901,5336076.700,691006.100,5336249.426,251.059,0,present,yes,present,yes,present,yes,DEBY_LOD2_42364607;DEBY_LOD2_4906975;DEBY_LOD2_4907025;DEBY_LOD2_4907026;DEBY_LOD2_4907028;DEBY_LOD2_4907172;DEBY_LOD2_4907175;DEBY_LOD2_4907176;DEBY_LOD2_4907177;DEBY_LOD2_4907184;DEBY_LOD2_4908162;DEBY_LOD2_4908164;DEBY_LOD2_4908167;DEBY_LOD2_4908169;DEBY_LOD2_60042;DEBY_LOD2_60097
C158,158,no,,15,10,5,4,0,1,2_assembly:1;3_coverage:1;4_impossible:3,missing_lod22_geometry:1;pointcloud_unusable_no_points:4,4,가림:1;복합(소형+재질):3,,0.060,131.940,0.245,103.410,0.574,690823.901,5336076.700,691006.100,5336249.426,251.059,0,present,yes,present,yes,present,yes,DEBY_LOD2_42364607;DEBY_LOD2_4906975;DEBY_LOD2_4907025;DEBY_LOD2_4907026;DEBY_LOD2_4907028;DEBY_LOD2_4907172;DEBY_LOD2_4907175;DEBY_LOD2_4907176;DEBY_LOD2_4907177;DEBY_LOD2_4907184;DEBY_LOD2_4908164;DEBY_LOD2_4908167;DEBY_LOD2_4908169;DEBY_LOD2_60042;DEBY_LOD2_60097
C159,159,no,,26,10,10,9,0,1,1_textureless:4;2_assembly:1;3_coverage:4;4_impossible:1,missing_lod22_geometry:1;pointcloud_unusable_no_points:9,9,가림:2;무텍스처:2;복합(소형+가림):2;복합(소형+재질):1;복합(재질+가림):1;복합(저조도+가림):1,,0.000,136.065,0.107,74.258,0.549,690729.070,5335934.090,690859.713,5336150.745,252.996,0,present,yes,present,yes,present,no,DEBY_LOD2_104583794;DEBY_LOD2_108247349;DEBY_LOD2_108247350;DEBY_LOD2_108247351;DEBY_LOD2_4907181;DEBY_LOD2_4907184;DEBY_LOD2_4907185;DEBY_LOD2_4907186;DEBY_LOD2_4907187;DEBY_LOD2_4907188;DEBY_LOD2_4907194;DEBY_LOD2_4907195;DEBY_LOD2_4907198;DEBY_LOD2_4907199;DEBY_LOD2_4907202;DEBY_LOD2_4907208;DEBY_LOD2_4908157;DEBY_LOD2_4908168;DEBY_LOD2_4908170;DEBY_LOD2_4908172;DEBY_LOD2_4908178;DEBY_LOD2_4908179;DEBY_LOD2_60098;DEBY_LOD2_60109;DEBY_LOD2_8568391;DEBY_LOD2_8568392
C160,160,no,,19,11,8,6,0,2,2_assembly:2;3_coverage:3;4_impossible:3,missing_lod22_geometry:2;pointcloud_unusable_no_points:6,6,가림:2;무텍스처:1;복합(소형+재질):3,,0.000,131.940,0.217,89.699,0.574,690820.660,5336076.700,691006.100,5336249.426,253.421,0,present,yes,present,yes,present,yes,DEBY_LOD2_42364607;DEBY_LOD2_4906975;DEBY_LOD2_4907025;DEBY_LOD2_4907026;DEBY_LOD2_4907028;DEBY_LOD2_4907171;DEBY_LOD2_4907172;DEBY_LOD2_4907175;DEBY_LOD2_4907176;DEBY_LOD2_4907177;DEBY_LOD2_4907181;DEBY_LOD2_4907184;DEBY_LOD2_4908159;DEBY_LOD2_4908162;DEBY_LOD2_4908164;DEBY_LOD2_4908167;DEBY_LOD2_4908169;DEBY_LOD2_60042;DEBY_LOD2_60097
C161,161,no,,18,11,7,5,0,2,2_assembly:2;3_coverage:2;4_impossible:3,missing_lod22_geometry:2;pointcloud_unusable_no_points:5,5,가림:1;무텍스처:1;복합(소형+재질):3,,0.030,131.850,0.231,95.748,0.569,690820.660,5336076.700,691006.100,5336249.426,253.421,0,present,yes,present,yes,present,yes,DEBY_LOD2_42364607;DEBY_LOD2_4906975;DEBY_LOD2_4907025;DEBY_LOD2_4907026;DEBY_LOD2_4907028;DEBY_LOD2_4907171;DEBY_LOD2_4907172;DEBY_LOD2_4907175;DEBY_LOD2_4907176;DEBY_LOD2_4907177;DEBY_LOD2_4907181;DEBY_LOD2_4907184;DEBY_LOD2_4908162;DEBY_LOD2_4908164;DEBY_LOD2_4908167;DEBY_LOD2_4908169;DEBY_LOD2_60042;DEBY_LOD2_60097
C162,162,no,,17,10,7,5,0,2,2_assembly:2;3_coverage:2;4_impossible:3,missing_lod22_geometry:2;pointcloud_unusable_no_points:5,5,가림:1;무텍스처:1;복합(소형+재질):3,,0.060,131.940,0.217,101.797,0.564,690820.660,5336076.700,691006.100,5336249.426,253.421,0,present,yes,present,yes,present,yes,DEBY_LOD2_42364607;DEBY_LOD2_4906975;DEBY_LOD2_4907025;DEBY_LOD2_4907026;DEBY_LOD2_4907028;DEBY_LOD2_4907172;DEBY_LOD2_4907175;DEBY_LOD2_4907176;DEBY_LOD2_4907177;DEBY_LOD2_4907181;DEBY_LOD2_4907184;DEBY_LOD2_4908162;DEBY_LOD2_4908164;DEBY_LOD2_4908167;DEBY_LOD2_4908169;DEBY_LOD2_60042;DEBY_LOD2_60097
C163,163,no,,23,13,10,7,1,2,2_assembly:2;3_coverage:4;4_impossible:4,missing_lod22_geometry:2;pointcloud_unusable_no_planes:1;pointcloud_unusable_no_points:7,8,가림:3;무텍스처:1;복합(소형+가림):1;복합(소형+재질):3,,0.000,131.760,0.198,89.699,0.574,690819.510,5336076.700,691006.100,5336249.426,254.264,0,present,yes,present,yes,present,yes,DEBY_LOD2_42364607;DEBY_LOD2_4906975;DEBY_LOD2_4907025;DEBY_LOD2_4907026;DEBY_LOD2_4907028;DEBY_LOD2_4907171;DEBY_LOD2_4907172;DEBY_LOD2_4907174;DEBY_LOD2_4907175;DEBY_LOD2_4907176;DEBY_LOD2_4907177;DEBY_LOD2_4907181;DEBY_LOD2_4907184;DEBY_LOD2_4908159;DEBY_LOD2_4908162;DEBY_LOD2_4908163;DEBY_LOD2_4908164;DEBY_LOD2_4908165;DEBY_LOD2_4908167;DEBY_LOD2_4908168;DEBY_LOD2_4908169;DEBY_LOD2_60042;DEBY_LOD2_60097
C164,164,no,,22,13,9,7,0,2,2_assembly:2;3_coverage:4;4_impossible:3,missing_lod22_geometry:2;pointcloud_unusable_no_points:7,7,가림:3;무텍스처:1;복합(소형+재질):3,,0.000,131.850,0.208,89.476,0.579,690819.510,5336076.700,691006.100,5336249.426,254.264,0,present,yes,present,yes,present,yes,DEBY_LOD2_42364607;DEBY_LOD2_4906975;DEBY_LOD2_4907025;DEBY_LOD2_4907026;DEBY_LOD2_4907028;DEBY_LOD2_4907171;DEBY_LOD2_4907172;DEBY_LOD2_4907174;DEBY_LOD2_4907175;DEBY_LOD2_4907176;DEBY_LOD2_4907177;DEBY_LOD2_4907181;DEBY_LOD2_4907184;DEBY_LOD2_4908159;DEBY_LOD2_4908162;DEBY_LOD2_4908163;DEBY_LOD2_4908164;DEBY_LOD2_4908167;DEBY_LOD2_4908168;DEBY_LOD2_4908169;DEBY_LOD2_60042;DEBY_LOD2_60097
C165,165,no,,21,12,9,7,0,2,2_assembly:2;3_coverage:4;4_impossible:3,missing_lod22_geometry:2;pointcloud_unusable_no_points:7,7,가림:3;무텍스처:1;복합(소형+재질):3,,0.000,131.940,0.217,89.699,0.574,690819.510,5336076.700,691006.100,5336249.426,254.264,0,present,yes,present,yes,present,yes,DEBY_LOD2_42364607;DEBY_LOD2_4906975;DEBY_LOD2_4907025;DEBY_LOD2_4907026;DEBY_LOD2_4907028;DEBY_LOD2_4907171;DEBY_LOD2_4907172;DEBY_LOD2_4907174;DEBY_LOD2_4907175;DEBY_LOD2_4907176;DEBY_LOD2_4907177;DEBY_LOD2_4907181;DEBY_LOD2_4907184;DEBY_LOD2_4908159;DEBY_LOD2_4908162;DEBY_LOD2_4908164;DEBY_LOD2_4908167;DEBY_LOD2_4908168;DEBY_LOD2_4908169;DEBY_LOD2_60042;DEBY_LOD2_60097
C166,166,no,,20,11,9,7,0,2,2_assembly:2;3_coverage:4;4_impossible:3,missing_lod22_geometry:2;pointcloud_unusable_no_points:7,7,가림:3;무텍스처:1;복합(소형+재질):3,,0.000,131.850,0.208,87.060,0.569,690819.510,5336076.700,691006.100,5336249.426,254.264,0,present,yes,present,yes,present,yes,DEBY_LOD2_42364607;DEBY_LOD2_4906975;DEBY_LOD2_4907025;DEBY_LOD2_4907026;DEBY_LOD2_4907028;DEBY_LOD2_4907171;DEBY_LOD2_4907172;DEBY_LOD2_4907174;DEBY_LOD2_4907175;DEBY_LOD2_4907176;DEBY_LOD2_4907177;DEBY_LOD2_4907181;DEBY_LOD2_4907184;DEBY_LOD2_4908159;DEBY_LOD2_4908162;DEBY_LOD2_4908164;DEBY_LOD2_4908167;DEBY_LOD2_4908169;DEBY_LOD2_60042;DEBY_LOD2_60097
C167,167,no,,27,11,10,9,0,1,1_textureless:4;2_assembly:1;3_coverage:4;4_impossible:1,missing_lod22_geometry:1;pointcloud_unusable_no_points:9,9,가림:2;무텍스처:2;복합(소형+가림):2;복합(소형+재질):1;복합(재질+가림):1;복합(저조도+가림):1,,0.000,135.850,0.109,73.644,0.549,690729.070,5335934.090,690859.713,5336156.260,257.735,0,present,yes,present,yes,present,no,DEBY_LOD2_104583794;DEBY_LOD2_108247349;DEBY_LOD2_108247350;DEBY_LOD2_108247351;DEBY_LOD2_4907165;DEBY_LOD2_4907181;DEBY_LOD2_4907184;DEBY_LOD2_4907185;DEBY_LOD2_4907186;DEBY_LOD2_4907187;DEBY_LOD2_4907188;DEBY_LOD2_4907194;DEBY_LOD2_4907195;DEBY_LOD2_4907198;DEBY_LOD2_4907199;DEBY_LOD2_4907202;DEBY_LOD2_4907208;DEBY_LOD2_4908157;DEBY_LOD2_4908168;DEBY_LOD2_4908170;DEBY_LOD2_4908172;DEBY_LOD2_4908178;DEBY_LOD2_4908179;DEBY_LOD2_60098;DEBY_LOD2_60109;DEBY_LOD2_8568391;DEBY_LOD2_8568392
C168,168,no,,26,11,9,8,0,1,1_textureless:4;2_assembly:1;3_coverage:3;4_impossible:1,missing_lod22_geometry:1;pointcloud_unusable_no_points:8,8,가림:1;무텍스처:2;복합(소형+가림):2;복합(소형+재질):1;복합(재질+가림):1;복합(저조도+가림):1,,0.000,135.715,0.109,74.258,0.549,690729.070,5335934.090,690859.713,5336156.260,257.735,0,present,yes,present,yes,present,no,DEBY_LOD2_104583794;DEBY_LOD2_108247349;DEBY_LOD2_108247350;DEBY_LOD2_108247351;DEBY_LOD2_4907165;DEBY_LOD2_4907181;DEBY_LOD2_4907184;DEBY_LOD2_4907185;DEBY_LOD2_4907186;DEBY_LOD2_4907187;DEBY_LOD2_4907188;DEBY_LOD2_4907194;DEBY_LOD2_4907195;DEBY_LOD2_4907198;DEBY_LOD2_4907199;DEBY_LOD2_4907202;DEBY_LOD2_4907208;DEBY_LOD2_4908168;DEBY_LOD2_4908170;DEBY_LOD2_4908172;DEBY_LOD2_4908178;DEBY_LOD2_4908179;DEBY_LOD2_60098;DEBY_LOD2_60109;DEBY_LOD2_8568391;DEBY_LOD2_8568392
C169,169,no,,24,13,11,8,1,2,2_assembly:2;3_coverage:5;4_impossible:4,missing_lod22_geometry:2;pointcloud_unusable_no_planes:1;pointcloud_unusable_no_points:8,9,가림:4;무텍스처:1;복합(소형+가림):1;복합(소형+재질):3,,0.000,131.850,0.196,89.476,0.569,690810.697,5336076.700,691006.100,5336249.426,260.800,0,present,yes,present,yes,present,yes,DEBY_LOD2_42364607;DEBY_LOD2_4906975;DEBY_LOD2_4907025;DEBY_LOD2_4907026;DEBY_LOD2_4907028;DEBY_LOD2_4907171;DEBY_LOD2_4907172;DEBY_LOD2_4907174;DEBY_LOD2_4907175;DEBY_LOD2_4907176;DEBY_LOD2_4907177;DEBY_LOD2_4907181;DEBY_LOD2_4907184;DEBY_LOD2_4908157;DEBY_LOD2_4908159;DEBY_LOD2_4908162;DEBY_LOD2_4908163;DEBY_LOD2_4908164;DEBY_LOD2_4908165;DEBY_LOD2_4908167;DEBY_LOD2_4908168;DEBY_LOD2_4908169;DEBY_LOD2_60042;DEBY_LOD2_60097
C170,170,no,,28,14,14,11,1,2,2_assembly:2;3_coverage:8;4_impossible:4,missing_lod22_geometry:2;pointcloud_unusable_no_planes:1;pointcloud_unusable_no_points:11,12,가림:5;관측각·커버리지:2;무텍스처:1;복합(소형+가림):1;복합(소형+재질):3,,0.000,131.850,0.208,86.838,0.569,690804.482,5336076.700,691006.100,5336249.426,265.488,0,present,yes,present,yes,present,yes,DEBY_LOD2_42364607;DEBY_LOD2_4906975;DEBY_LOD2_4907025;DEBY_LOD2_4907026;DEBY_LOD2_4907027;DEBY_LOD2_4907028;DEBY_LOD2_4907171;DEBY_LOD2_4907172;DEBY_LOD2_4907174;DEBY_LOD2_4907175;DEBY_LOD2_4907176;DEBY_LOD2_4907177;DEBY_LOD2_4907181;DEBY_LOD2_4907184;DEBY_LOD2_4907185;DEBY_LOD2_4907187;DEBY_LOD2_4908157;DEBY_LOD2_4908158;DEBY_LOD2_4908159;DEBY_LOD2_4908162;DEBY_LOD2_4908163;DEBY_LOD2_4908164;DEBY_LOD2_4908165;DEBY_LOD2_4908167;DEBY_LOD2_4908168;DEBY_LOD2_4908169;DEBY_LOD2_60042;DEBY_LOD2_60097
C171,171,no,,27,14,13,10,1,2,2_assembly:2;3_coverage:7;4_impossible:4,missing_lod22_geometry:2;pointcloud_unusable_no_planes:1;pointcloud_unusable_no_points:10,11,가림:4;관측각·커버리지:2;무텍스처:1;복합(소형+가림):1;복합(소형+재질):3,,0.000,131.760,0.198,89.253,0.574,690804.482,5336076.700,691006.100,5336249.426,265.488,0,present,yes,present,yes,present,yes,DEBY_LOD2_42364607;DEBY_LOD2_4906975;DEBY_LOD2_4907025;DEBY_LOD2_4907026;DEBY_LOD2_4907027;DEBY_LOD2_4907028;DEBY_LOD2_4907171;DEBY_LOD2_4907172;DEBY_LOD2_4907174;DEBY_LOD2_4907175;DEBY_LOD2_4907176;DEBY_LOD2_4907177;DEBY_LOD2_4907181;DEBY_LOD2_4907184;DEBY_LOD2_4907185;DEBY_LOD2_4908157;DEBY_LOD2_4908158;DEBY_LOD2_4908159;DEBY_LOD2_4908162;DEBY_LOD2_4908163;DEBY_LOD2_4908164;DEBY_LOD2_4908165;DEBY_LOD2_4908167;DEBY_LOD2_4908168;DEBY_LOD2_4908169;DEBY_LOD2_60042;DEBY_LOD2_60097
C172,172,no,,26,14,12,9,1,2,2_assembly:2;3_coverage:6;4_impossible:4,missing_lod22_geometry:2;pointcloud_unusable_no_planes:1;pointcloud_unusable_no_points:9,10,가림:4;관측각·커버리지:1;무텍스처:1;복합(소형+가림):1;복합(소형+재질):3,,0.000,131.850,0.196,89.476,0.569,690804.482,5336076.700,691006.100,5336249.426,265.488,0,present,yes,present,yes,present,yes,DEBY_LOD2_42364607;DEBY_LOD2_4906975;DEBY_LOD2_4907025;DEBY_LOD2_4907026;DEBY_LOD2_4907028;DEBY_LOD2_4907171;DEBY_LOD2_4907172;DEBY_LOD2_4907174;DEBY_LOD2_4907175;DEBY_LOD2_4907176;DEBY_LOD2_4907177;DEBY_LOD2_4907181;DEBY_LOD2_4907184;DEBY_LOD2_4907185;DEBY_LOD2_4908157;DEBY_LOD2_4908158;DEBY_LOD2_4908159;DEBY_LOD2_4908162;DEBY_LOD2_4908163;DEBY_LOD2_4908164;DEBY_LOD2_4908165;DEBY_LOD2_4908167;DEBY_LOD2_4908168;DEBY_LOD2_4908169;DEBY_LOD2_60042;DEBY_LOD2_60097
C173,173,no,,25,13,12,9,1,2,2_assembly:2;3_coverage:6;4_impossible:4,missing_lod22_geometry:2;pointcloud_unusable_no_planes:1;pointcloud_unusable_no_points:9,10,가림:4;관측각·커버리지:1;무텍스처:1;복합(소형+가림):1;복합(소형+재질):3,,0.000,131.760,0.193,89.253,0.574,690804.482,5336076.700,691006.100,5336249.426,265.488,0,present,yes,present,yes,present,yes,DEBY_LOD2_42364607;DEBY_LOD2_4906975;DEBY_LOD2_4907025;DEBY_LOD2_4907026;DEBY_LOD2_4907028;DEBY_LOD2_4907171;DEBY_LOD2_4907172;DEBY_LOD2_4907174;DEBY_LOD2_4907175;DEBY_LOD2_4907176;DEBY_LOD2_4907177;DEBY_LOD2_4907181;DEBY_LOD2_4907184;DEBY_LOD2_4908157;DEBY_LOD2_4908158;DEBY_LOD2_4908159;DEBY_LOD2_4908162;DEBY_LOD2_4908163;DEBY_LOD2_4908164;DEBY_LOD2_4908165;DEBY_LOD2_4908167;DEBY_LOD2_4908168;DEBY_LOD2_4908169;DEBY_LOD2_60042;DEBY_LOD2_60097
C174,174,no,,30,11,12,10,0,2,1_textureless:4;2_assembly:2;3_coverage:4;4_impossible:2,missing_lod22_geometry:2;pointcloud_unusable_no_points:10,10,가림:2;무텍스처:2;복합(소형+가림):2;복합(소형+재질):2;복합(재질+가림):1;복합(저조도+가림):1,,0.000,136.065,0.112,74.161,0.546,690729.070,5335934.090,690859.713,5336166.519,266.629,0,present,yes,present,yes,present,no,DEBY_LOD2_104583794;DEBY_LOD2_108247349;DEBY_LOD2_108247350;DEBY_LOD2_108247351;DEBY_LOD2_4907164;DEBY_LOD2_4907165;DEBY_LOD2_4907175;DEBY_LOD2_4907181;DEBY_LOD2_4907184;DEBY_LOD2_4907185;DEBY_LOD2_4907186;DEBY_LOD2_4907187;DEBY_LOD2_4907188;DEBY_LOD2_4907194;DEBY_LOD2_4907195;DEBY_LOD2_4907198;DEBY_LOD2_4907199;DEBY_LOD2_4907202;DEBY_LOD2_4907208;DEBY_LOD2_4908157;DEBY_LOD2_4908168;DEBY_LOD2_4908169;DEBY_LOD2_4908170;DEBY_LOD2_4908172;DEBY_LOD2_4908178;DEBY_LOD2_4908179;DEBY_LOD2_60098;DEBY_LOD2_60109;DEBY_LOD2_8568391;DEBY_LOD2_8568392
C175,175,no,,29,11,11,10,0,1,1_textureless:4;2_assembly:1;3_coverage:4;4_impossible:2,missing_lod22_geometry:1;pointcloud_unusable_no_points:10,10,가림:2;무텍스처:2;복합(소형+가림):2;복합(소형+재질):2;복합(재질+가림):1;복합(저조도+가림):1,,0.000,135.850,0.109,73.644,0.549,690729.070,5335934.090,690859.713,5336166.519,266.629,0,present,yes,present,yes,present,no,DEBY_LOD2_104583794;DEBY_LOD2_108247349;DEBY_LOD2_108247350;DEBY_LOD2_108247351;DEBY_LOD2_4907164;DEBY_LOD2_4907165;DEBY_LOD2_4907181;DEBY_LOD2_4907184;DEBY_LOD2_4907185;DEBY_LOD2_4907186;DEBY_LOD2_4907187;DEBY_LOD2_4907188;DEBY_LOD2_4907194;DEBY_LOD2_4907195;DEBY_LOD2_4907198;DEBY_LOD2_4907199;DEBY_LOD2_4907202;DEBY_LOD2_4907208;DEBY_LOD2_4908157;DEBY_LOD2_4908168;DEBY_LOD2_4908169;DEBY_LOD2_4908170;DEBY_LOD2_4908172;DEBY_LOD2_4908178;DEBY_LOD2_4908179;DEBY_LOD2_60098;DEBY_LOD2_60109;DEBY_LOD2_8568391;DEBY_LOD2_8568392
C176,176,no,,28,11,10,9,0,1,1_textureless:4;2_assembly:1;3_coverage:4;4_impossible:1,missing_lod22_geometry:1;pointcloud_unusable_no_points:9,9,가림:2;무텍스처:2;복합(소형+가림):2;복합(소형+재질):1;복합(재질+가림):1;복합(저조도+가림):1,,0.000,135.715,0.109,72.863,0.546,690729.070,5335934.090,690859.713,5336166.519,266.629,0,present,yes,present,yes,present,no,DEBY_LOD2_104583794;DEBY_LOD2_108247349;DEBY_LOD2_108247350;DEBY_LOD2_108247351;DEBY_LOD2_4907164;DEBY_LOD2_4907165;DEBY_LOD2_4907181;DEBY_LOD2_4907184;DEBY_LOD2_4907185;DEBY_LOD2_4907186;DEBY_LOD2_4907187;DEBY_LOD2_4907188;DEBY_LOD2_4907194;DEBY_LOD2_4907195;DEBY_LOD2_4907198;DEBY_LOD2_4907199;DEBY_LOD2_4907202;DEBY_LOD2_4907208;DEBY_LOD2_4908157;DEBY_LOD2_4908168;DEBY_LOD2_4908170;DEBY_LOD2_4908172;DEBY_LOD2_4908178;DEBY_LOD2_4908179;DEBY_LOD2_60098;DEBY_LOD2_60109;DEBY_LOD2_8568391;DEBY_LOD2_8568392
C177,177,no,,30,15,15,12,1,2,2_assembly:2;3_coverage:9;4_impossible:4,missing_lod22_geometry:2;pointcloud_unusable_no_planes:1;pointcloud_unusable_no_points:12,13,가림:6;관측각·커버리지:2;무텍스처:1;복합(소형+가림):1;복합(소형+재질):3,,0.000,131.850,0.207,85.188,0.554,690802.171,5336076.700,691006.100,5336249.426,267.248,0,present,yes,present,yes,present,yes,DEBY_LOD2_42364607;DEBY_LOD2_4906975;DEBY_LOD2_4907025;DEBY_LOD2_4907026;DEBY_LOD2_4907027;DEBY_LOD2_4907028;DEBY_LOD2_4907171;DEBY_LOD2_4907172;DEBY_LOD2_4907174;DEBY_LOD2_4907175;DEBY_LOD2_4907176;DEBY_LOD2_4907177;DEBY_LOD2_4907181;DEBY_LOD2_4907184;DEBY_LOD2_4907185;DEBY_LOD2_4907187;DEBY_LOD2_4908157;DEBY_LOD2_4908158;DEBY_LOD2_4908159;DEBY_LOD2_4908161;DEBY_LOD2_4908162;DEBY_LOD2_4908163;DEBY_LOD2_4908164;DEBY_LOD2_4908165;DEBY_LOD2_4908167;DEBY_LOD2_4908168;DEBY_LOD2_4908169;DEBY_LOD2_60042;DEBY_LOD2_60097;DEBY_LOD2_60098
C178,178,no,,29,14,15,12,1,2,2_assembly:2;3_coverage:9;4_impossible:4,missing_lod22_geometry:2;pointcloud_unusable_no_planes:1;pointcloud_unusable_no_points:12,13,가림:6;관측각·커버리지:2;무텍스처:1;복합(소형+가림):1;복합(소형+재질):3,,0.000,131.760,0.198,85.954,0.564,690802.171,5336076.700,691006.100,5336249.426,267.248,0,present,yes,present,yes,present,yes,DEBY_LOD2_42364607;DEBY_LOD2_4906975;DEBY_LOD2_4907025;DEBY_LOD2_4907026;DEBY_LOD2_4907027;DEBY_LOD2_4907028;DEBY_LOD2_4907171;DEBY_LOD2_4907172;DEBY_LOD2_4907174;DEBY_LOD2_4907175;DEBY_LOD2_4907176;DEBY_LOD2_4907177;DEBY_LOD2_4907181;DEBY_LOD2_4907184;DEBY_LOD2_4907185;DEBY_LOD2_4907187;DEBY_LOD2_4908157;DEBY_LOD2_4908158;DEBY_LOD2_4908159;DEBY_LOD2_4908161;DEBY_LOD2_4908162;DEBY_LOD2_4908163;DEBY_LOD2_4908164;DEBY_LOD2_4908165;DEBY_LOD2_4908167;DEBY_LOD2_4908168;DEBY_LOD2_4908169;DEBY_LOD2_60042;DEBY_LOD2_60097
C179,179,no,,21,11,5,5,0,0,1_textureless:4;4_impossible:1,pointcloud_unusable_no_points:5,5,무텍스처:2;복합(소형+가림):1;복합(소형+재질):1;복합(저조도+가림):1,,0.000,134.980,0.109,75.129,0.562,690729.070,5335934.090,690928.630,5336120.410,273.019,0,present,yes,present,yes,present,no,DEBY_LOD2_108247349;DEBY_LOD2_108247350;DEBY_LOD2_108247351;DEBY_LOD2_4906965;DEBY_LOD2_4907184;DEBY_LOD2_4907185;DEBY_LOD2_4907186;DEBY_LOD2_4907188;DEBY_LOD2_4907194;DEBY_LOD2_4907195;DEBY_LOD2_4907198;DEBY_LOD2_4907199;DEBY_LOD2_4907202;DEBY_LOD2_4907208;DEBY_LOD2_4908168;DEBY_LOD2_4908178;DEBY_LOD2_4908179;DEBY_LOD2_60098;DEBY_LOD2_60109;DEBY_LOD2_8568391;DEBY_LOD2_8568392
C180,180,no,,21,10,6,5,0,1,1_textureless:4;2_assembly:1;4_impossible:1,missing_lod22_geometry:1;pointcloud_unusable_no_points:5,5,무텍스처:2;복합(소형+가림):1;복합(소형+재질):1;복합(저조도+가림):1,,0.000,128.240,0.114,84.473,0.561,690729.070,5335907.180,690928.630,5336096.540,275.103,0,present,yes,present,yes,present,no,DEBY_LOD2_108247349;DEBY_LOD2_108247350;DEBY_LOD2_108247351;DEBY_LOD2_108247714;DEBY_LOD2_4906965;DEBY_LOD2_4907194;DEBY_LOD2_4907195;DEBY_LOD2_4907198;DEBY_LOD2_4907199;DEBY_LOD2_4907202;DEBY_LOD2_4907208;DEBY_LOD2_4907505;DEBY_LOD2_4907508;DEBY_LOD2_4908178;DEBY_LOD2_4908179;DEBY_LOD2_4908351;DEBY_LOD2_4908354;DEBY_LOD2_60109;DEBY_LOD2_8568391;DEBY_LOD2_8568392;DEBY_LOD2_8568403
C181,181,no,,22,11,6,5,0,1,1_textureless:4;2_assembly:1;4_impossible:1,missing_lod22_geometry:1;pointcloud_unusable_no_points:5,5,무텍스처:2;복합(소형+가림):1;복합(소형+재질):1;복합(저조도+가림):1,,0.045,130.065,0.117,84.546,0.555,690729.070,5335907.180,690928.630,5336104.576,280.694,0,present,yes,present,yes,present,no,DEBY_LOD2_108247349;DEBY_LOD2_108247350;DEBY_LOD2_108247351;DEBY_LOD2_108247714;DEBY_LOD2_4906965;DEBY_LOD2_4907185;DEBY_LOD2_4907194;DEBY_LOD2_4907195;DEBY_LOD2_4907198;DEBY_LOD2_4907199;DEBY_LOD2_4907202;DEBY_LOD2_4907208;DEBY_LOD2_4907505;DEBY_LOD2_4907508;DEBY_LOD2_4908178;DEBY_LOD2_4908179;DEBY_LOD2_4908351;DEBY_LOD2_4908354;DEBY_LOD2_60109;DEBY_LOD2_8568391;DEBY_LOD2_8568392;DEBY_LOD2_8568403
C182,182,no,,22,11,5,5,0,0,1_textureless:4;4_impossible:1,pointcloud_unusable_no_points:5,5,무텍스처:2;복합(소형+가림):1;복합(소형+재질):1;복합(저조도+가림):1,,0.000,135.280,0.107,75.001,0.569,690729.070,5335934.090,690928.630,5336134.225,282.627,0,present,yes,present,yes,present,no,DEBY_LOD2_108247349;DEBY_LOD2_108247350;DEBY_LOD2_108247351;DEBY_LOD2_4906965;DEBY_LOD2_4907184;DEBY_LOD2_4907185;DEBY_LOD2_4907186;DEBY_LOD2_4907188;DEBY_LOD2_4907194;DEBY_LOD2_4907195;DEBY_LOD2_4907198;DEBY_LOD2_4907199;DEBY_LOD2_4907202;DEBY_LOD2_4907208;DEBY_LOD2_4908168;DEBY_LOD2_4908172;DEBY_LOD2_4908178;DEBY_LOD2_4908179;DEBY_LOD2_60098;DEBY_LOD2_60109;DEBY_LOD2_8568391;DEBY_LOD2_8568392
C183,183,no,,24,11,7,6,0,1,1_textureless:4;2_assembly:1;3_coverage:1;4_impossible:1,missing_lod22_geometry:1;pointcloud_unusable_no_points:6,6,가림:1;무텍스처:2;복합(소형+가림):1;복합(소형+재질):1;복합(저조도+가림):1,,0.000,135.715,0.112,76.602,0.556,690729.070,5335934.090,690928.630,5336140.538,287.132,0,present,yes,present,yes,present,no,DEBY_LOD2_108247349;DEBY_LOD2_108247350;DEBY_LOD2_108247351;DEBY_LOD2_4906965;DEBY_LOD2_4907181;DEBY_LOD2_4907184;DEBY_LOD2_4907185;DEBY_LOD2_4907186;DEBY_LOD2_4907187;DEBY_LOD2_4907188;DEBY_LOD2_4907194;DEBY_LOD2_4907195;DEBY_LOD2_4907198;DEBY_LOD2_4907199;DEBY_LOD2_4907202;DEBY_LOD2_4907208;DEBY_LOD2_4908168;DEBY_LOD2_4908172;DEBY_LOD2_4908178;DEBY_LOD2_4908179;DEBY_LOD2_60098;DEBY_LOD2_60109;DEBY_LOD2_8568391;DEBY_LOD2_8568392
C184,184,no,,23,11,6,6,0,0,1_textureless:4;3_coverage:1;4_impossible:1,pointcloud_unusable_no_points:6,6,가림:1;무텍스처:2;복합(소형+가림):1;복합(소형+재질):1;복합(저조도+가림):1,,0.000,135.580,0.109,75.129,0.562,690729.070,5335934.090,690928.630,5336140.538,287.132,0,present,yes,present,yes,present,no,DEBY_LOD2_108247349;DEBY_LOD2_108247350;DEBY_LOD2_108247351;DEBY_LOD2_4906965;DEBY_LOD2_4907184;DEBY_LOD2_4907185;DEBY_LOD2_4907186;DEBY_LOD2_4907187;DEBY_LOD2_4907188;DEBY_LOD2_4907194;DEBY_LOD2_4907195;DEBY_LOD2_4907198;DEBY_LOD2_4907199;DEBY_LOD2_4907202;DEBY_LOD2_4907208;DEBY_LOD2_4908168;DEBY_LOD2_4908172;DEBY_LOD2_4908178;DEBY_LOD2_4908179;DEBY_LOD2_60098;DEBY_LOD2_60109;DEBY_LOD2_8568391;DEBY_LOD2_8568392
C185,185,no,,23,12,5,5,0,0,1_textureless:4;4_impossible:1,pointcloud_unusable_no_points:5,5,무텍스처:2;복합(소형+가림):1;복합(소형+재질):1;복합(저조도+가림):1,,0.000,134.980,0.109,74.873,0.576,690729.070,5335926.234,690928.630,5336134.225,288.244,0,present,yes,present,yes,present,no,DEBY_LOD2_108247349;DEBY_LOD2_108247350;DEBY_LOD2_108247351;DEBY_LOD2_4906965;DEBY_LOD2_4907184;DEBY_LOD2_4907185;DEBY_LOD2_4907186;DEBY_LOD2_4907188;DEBY_LOD2_4907194;DEBY_LOD2_4907195;DEBY_LOD2_4907198;DEBY_LOD2_4907199;DEBY_LOD2_4907202;DEBY_LOD2_4907208;DEBY_LOD2_4907505;DEBY_LOD2_4908168;DEBY_LOD2_4908172;DEBY_LOD2_4908178;DEBY_LOD2_4908179;DEBY_LOD2_60098;DEBY_LOD2_60109;DEBY_LOD2_8568391;DEBY_LOD2_8568392
C186,186,no,,27,12,9,8,0,1,1_textureless:4;2_assembly:1;3_coverage:3;4_impossible:1,missing_lod22_geometry:1;pointcloud_unusable_no_points:8,8,가림:1;무텍스처:2;복합(소형+가림):2;복합(소형+재질):1;복합(재질+가림):1;복합(저조도+가림):1,,0.000,135.850,0.109,74.873,0.562,690729.070,5335926.234,690928.630,5336140.538,292.832,0,present,yes,present,yes,present,no,DEBY_LOD2_104583794;DEBY_LOD2_108247349;DEBY_LOD2_108247350;DEBY_LOD2_108247351;DEBY_LOD2_4906965;DEBY_LOD2_4907181;DEBY_LOD2_4907184;DEBY_LOD2_4907185;DEBY_LOD2_4907186;DEBY_LOD2_4907187;DEBY_LOD2_4907188;DEBY_LOD2_4907194;DEBY_LOD2_4907195;DEBY_LOD2_4907198;DEBY_LOD2_4907199;DEBY_LOD2_4907202;DEBY_LOD2_4907208;DEBY_LOD2_4907505;DEBY_LOD2_4908168;DEBY_LOD2_4908170;DEBY_LOD2_4908172;DEBY_LOD2_4908178;DEBY_LOD2_4908179;DEBY_LOD2_60098;DEBY_LOD2_60109;DEBY_LOD2_8568391;DEBY_LOD2_8568392
C187,187,no,,26,12,8,7,0,1,1_textureless:4;2_assembly:1;3_coverage:2;4_impossible:1,missing_lod22_geometry:1;pointcloud_unusable_no_points:7,7,가림:1;무텍스처:2;복합(소형+가림):2;복합(소형+재질):1;복합(저조도+가림):1,,0.000,135.715,0.112,75.001,0.556,690729.070,5335926.234,690928.630,5336140.538,292.832,0,present,yes,present,yes,present,no,DEBY_LOD2_104583794;DEBY_LOD2_108247349;DEBY_LOD2_108247350;DEBY_LOD2_108247351;DEBY_LOD2_4906965;DEBY_LOD2_4907181;DEBY_LOD2_4907184;DEBY_LOD2_4907185;DEBY_LOD2_4907186;DEBY_LOD2_4907187;DEBY_LOD2_4907188;DEBY_LOD2_4907194;DEBY_LOD2_4907195;DEBY_LOD2_4907198;DEBY_LOD2_4907199;DEBY_LOD2_4907202;DEBY_LOD2_4907208;DEBY_LOD2_4907505;DEBY_LOD2_4908168;DEBY_LOD2_4908172;DEBY_LOD2_4908178;DEBY_LOD2_4908179;DEBY_LOD2_60098;DEBY_LOD2_60109;DEBY_LOD2_8568391;DEBY_LOD2_8568392
C188,188,no,,25,12,7,6,0,1,1_textureless:4;2_assembly:1;3_coverage:1;4_impossible:1,missing_lod22_geometry:1;pointcloud_unusable_no_points:6,6,가림:1;무텍스처:2;복합(소형+가림):1;복합(소형+재질):1;복합(저조도+가림):1,,0.000,135.580,0.114,75.129,0.562,690729.070,5335926.234,690928.630,5336140.538,292.832,0,present,yes,present,yes,present,no,DEBY_LOD2_108247349;DEBY_LOD2_108247350;DEBY_LOD2_108247351;DEBY_LOD2_4906965;DEBY_LOD2_4907181;DEBY_LOD2_4907184;DEBY_LOD2_4907185;DEBY_LOD2_4907186;DEBY_LOD2_4907187;DEBY_LOD2_4907188;DEBY_LOD2_4907194;DEBY_LOD2_4907195;DEBY_LOD2_4907198;DEBY_LOD2_4907199;DEBY_LOD2_4907202;DEBY_LOD2_4907208;DEBY_LOD2_4907505;DEBY_LOD2_4908168;DEBY_LOD2_4908172;DEBY_LOD2_4908178;DEBY_LOD2_4908179;DEBY_LOD2_60098;DEBY_LOD2_60109;DEBY_LOD2_8568391;DEBY_LOD2_8568392
C189,189,no,,24,12,6,6,0,0,1_textureless:4;3_coverage:1;4_impossible:1,pointcloud_unusable_no_points:6,6,가림:1;무텍스처:2;복합(소형+가림):1;복합(소형+재질):1;복합(저조도+가림):1,,0.000,135.280,0.112,75.001,0.569,690729.070,5335926.234,690928.630,5336140.538,292.832,0,present,yes,present,yes,present,no,DEBY_LOD2_108247349;DEBY_LOD2_108247350;DEBY_LOD2_108247351;DEBY_LOD2_4906965;DEBY_LOD2_4907184;DEBY_LOD2_4907185;DEBY_LOD2_4907186;DEBY_LOD2_4907187;DEBY_LOD2_4907188;DEBY_LOD2_4907194;DEBY_LOD2_4907195;DEBY_LOD2_4907198;DEBY_LOD2_4907199;DEBY_LOD2_4907202;DEBY_LOD2_4907208;DEBY_LOD2_4907505;DEBY_LOD2_4908168;DEBY_LOD2_4908172;DEBY_LOD2_4908178;DEBY_LOD2_4908179;DEBY_LOD2_60098;DEBY_LOD2_60109;DEBY_LOD2_8568391;DEBY_LOD2_8568392
C190,190,no,,29,10,19,16,1,2,1_textureless:1;2_assembly:2;3_coverage:12;4_impossible:4,missing_lod22_geometry:2;pointcloud_unusable_no_planes:1;pointcloud_unusable_no_points:16,17,가림:4;관측각·커버리지:6;무텍스처:2;복합(소형+가림):2;복합(소형+재질):2;복합(스침각+가림):1,,0.000,107.440,0.199,66.734,0.578,690813.077,5336096.010,691006.100,5336317.390,293.712,0,present,yes,present,yes,present,yes,DEBY_LOD2_42364607;DEBY_LOD2_4907019;DEBY_LOD2_4907021;DEBY_LOD2_4907022;DEBY_LOD2_4907025;DEBY_LOD2_4907026;DEBY_LOD2_4907027;DEBY_LOD2_4907028;DEBY_LOD2_4907030;DEBY_LOD2_4907031;DEBY_LOD2_4907170;DEBY_LOD2_4907171;DEBY_LOD2_4907172;DEBY_LOD2_4907176;DEBY_LOD2_4908046;DEBY_LOD2_4908048;DEBY_LOD2_4908049;DEBY_LOD2_4908051;DEBY_LOD2_4908052;DEBY_LOD2_4908053;DEBY_LOD2_4908054;DEBY_LOD2_4908160;DEBY_LOD2_4908162;DEBY_LOD2_4908163;DEBY_LOD2_4908164;DEBY_LOD2_4908165;DEBY_LOD2_4908167;DEBY_LOD2_60042;DEBY_LOD2_60097
C191,191,no,,28,10,18,15,1,2,1_textureless:1;2_assembly:2;3_coverage:12;4_impossible:3,missing_lod22_geometry:2;pointcloud_unusable_no_planes:1;pointcloud_unusable_no_points:15,16,가림:4;관측각·커버리지:5;무텍스처:2;복합(소형+가림):2;복합(소형+재질):2;복합(스침각+가림):1,,0.000,108.145,0.201,68.812,0.571,690813.077,5336096.010,691006.100,5336317.390,293.712,0,present,yes,present,yes,present,yes,DEBY_LOD2_42364607;DEBY_LOD2_4907019;DEBY_LOD2_4907021;DEBY_LOD2_4907022;DEBY_LOD2_4907025;DEBY_LOD2_4907026;DEBY_LOD2_4907027;DEBY_LOD2_4907028;DEBY_LOD2_4907030;DEBY_LOD2_4907031;DEBY_LOD2_4907170;DEBY_LOD2_4907171;DEBY_LOD2_4907172;DEBY_LOD2_4907176;DEBY_LOD2_4908046;DEBY_LOD2_4908048;DEBY_LOD2_4908049;DEBY_LOD2_4908051;DEBY_LOD2_4908052;DEBY_LOD2_4908053;DEBY_LOD2_4908160;DEBY_LOD2_4908162;DEBY_LOD2_4908163;DEBY_LOD2_4908164;DEBY_LOD2_4908165;DEBY_LOD2_4908167;DEBY_LOD2_60042;DEBY_LOD2_60097
C192,192,no,,27,11,10,9,0,1,1_textureless:4;2_assembly:1;3_coverage:4;4_impossible:1,missing_lod22_geometry:1;pointcloud_unusable_no_points:9,9,가림:2;무텍스처:2;복합(소형+가림):2;복합(소형+재질):1;복합(재질+가림):1;복합(저조도+가림):1,,0.000,136.280,0.109,74.873,0.549,690729.070,5335934.090,690928.630,5336150.745,294.557,0,present,yes,present,yes,present,no,DEBY_LOD2_104583794;DEBY_LOD2_108247349;DEBY_LOD2_108247350;DEBY_LOD2_108247351;DEBY_LOD2_4906965;DEBY_LOD2_4907181;DEBY_LOD2_4907184;DEBY_LOD2_4907185;DEBY_LOD2_4907186;DEBY_LOD2_4907187;DEBY_LOD2_4907188;DEBY_LOD2_4907194;DEBY_LOD2_4907195;DEBY_LOD2_4907198;DEBY_LOD2_4907199;DEBY_LOD2_4907202;DEBY_LOD2_4907208;DEBY_LOD2_4908157;DEBY_LOD2_4908168;DEBY_LOD2_4908170;DEBY_LOD2_4908172;DEBY_LOD2_4908178;DEBY_LOD2_4908179;DEBY_LOD2_60098;DEBY_LOD2_60109;DEBY_LOD2_8568391;DEBY_LOD2_8568392
C193,193,no,,28,14,8,7,0,1,1_textureless:4;2_assembly:1;3_coverage:2;4_impossible:1,missing_lod22_geometry:1;pointcloud_unusable_no_points:7,7,가림:1;무텍스처:2;복합(소형+가림):2;복합(소형+재질):1;복합(저조도+가림):1,,0.000,135.280,0.117,76.602,0.562,690729.070,5335919.796,690928.630,5336140.538,297.576,0,present,yes,present,yes,present,no,DEBY_LOD2_104583794;DEBY_LOD2_108247349;DEBY_LOD2_108247350;DEBY_LOD2_108247351;DEBY_LOD2_4906965;DEBY_LOD2_4907181;DEBY_LOD2_4907184;DEBY_LOD2_4907185;DEBY_LOD2_4907186;DEBY_LOD2_4907187;DEBY_LOD2_4907188;DEBY_LOD2_4907194;DEBY_LOD2_4907195;DEBY_LOD2_4907198;DEBY_LOD2_4907199;DEBY_LOD2_4907202;DEBY_LOD2_4907208;DEBY_LOD2_4907505;DEBY_LOD2_4908168;DEBY_LOD2_4908172;DEBY_LOD2_4908178;DEBY_LOD2_4908179;DEBY_LOD2_4908351;DEBY_LOD2_60098;DEBY_LOD2_60109;DEBY_LOD2_8568391;DEBY_LOD2_8568392;DEBY_LOD2_8568403
C194,194,no,,27,13,8,7,0,1,1_textureless:4;2_assembly:1;3_coverage:2;4_impossible:1,missing_lod22_geometry:1;pointcloud_unusable_no_points:7,7,가림:1;무텍스처:2;복합(소형+가림):2;복합(소형+재질):1;복합(저조도+가림):1,,0.000,135.580,0.114,75.129,0.562,690729.070,5335919.796,690928.630,5336140.538,297.576,0,present,yes,present,yes,present,no,DEBY_LOD2_104583794;DEBY_LOD2_108247349;DEBY_LOD2_108247350;DEBY_LOD2_108247351;DEBY_LOD2_4906965;DEBY_LOD2_4907181;DEBY_LOD2_4907184;DEBY_LOD2_4907185;DEBY_LOD2_4907186;DEBY_LOD2_4907187;DEBY_LOD2_4907188;DEBY_LOD2_4907194;DEBY_LOD2_4907195;DEBY_LOD2_4907198;DEBY_LOD2_4907199;DEBY_LOD2_4907202;DEBY_LOD2_4907208;DEBY_LOD2_4907505;DEBY_LOD2_4908168;DEBY_LOD2_4908172;DEBY_LOD2_4908178;DEBY_LOD2_4908179;DEBY_LOD2_4908351;DEBY_LOD2_60098;DEBY_LOD2_60109;DEBY_LOD2_8568391;DEBY_LOD2_8568392
C195,195,no,,26,13,7,7,0,0,1_textureless:4;3_coverage:2;4_impossible:1,pointcloud_unusable_no_points:7,7,가림:1;무텍스처:2;복합(소형+가림):2;복합(소형+재질):1;복합(저조도+가림):1,,0.000,135.280,0.112,75.001,0.569,690729.070,5335919.796,690928.630,5336140.538,297.576,0,present,yes,present,yes,present,no,DEBY_LOD2_104583794;DEBY_LOD2_108247349;DEBY_LOD2_108247350;DEBY_LOD2_108247351;DEBY_LOD2_4906965;DEBY_LOD2_4907184;DEBY_LOD2_4907185;DEBY_LOD2_4907186;DEBY_LOD2_4907187;DEBY_LOD2_4907188;DEBY_LOD2_4907194;DEBY_LOD2_4907195;DEBY_LOD2_4907198;DEBY_LOD2_4907199;DEBY_LOD2_4907202;DEBY_LOD2_4907208;DEBY_LOD2_4907505;DEBY_LOD2_4908168;DEBY_LOD2_4908172;DEBY_LOD2_4908178;DEBY_LOD2_4908179;DEBY_LOD2_4908351;DEBY_LOD2_60098;DEBY_LOD2_60109;DEBY_LOD2_8568391;DEBY_LOD2_8568392
C196,196,no,,25,13,6,6,0,0,1_textureless:4;3_coverage:1;4_impossible:1,pointcloud_unusable_no_points:6,6,가림:1;무텍스처:2;복합(소형+가림):1;복합(소형+재질):1;복합(저조도+가림):1,,0.000,134.980,0.114,75.129,0.576,690729.070,5335919.796,690928.630,5336140.538,297.576,0,present,yes,present,yes,present,no,DEBY_LOD2_108247349;DEBY_LOD2_108247350;DEBY_LOD2_108247351;DEBY_LOD2_4906965;DEBY_LOD2_4907184;DEBY_LOD2_4907185;DEBY_LOD2_4907186;DEBY_LOD2_4907187;DEBY_LOD2_4907188;DEBY_LOD2_4907194;DEBY_LOD2_4907195;DEBY_LOD2_4907198;DEBY_LOD2_4907199;DEBY_LOD2_4907202;DEBY_LOD2_4907208;DEBY_LOD2_4907505;DEBY_LOD2_4908168;DEBY_LOD2_4908172;DEBY_LOD2_4908178;DEBY_LOD2_4908179;DEBY_LOD2_4908351;DEBY_LOD2_60098;DEBY_LOD2_60109;DEBY_LOD2_8568391;DEBY_LOD2_8568392
C197,197,no,,29,12,11,10,0,1,1_textureless:4;2_assembly:1;3_coverage:4;4_impossible:2,missing_lod22_geometry:1;pointcloud_unusable_no_points:10,10,가림:2;무텍스처:2;복합(소형+가림):2;복합(소형+재질):2;복합(재질+가림):1;복합(저조도+가림):1,,0.000,136.280,0.109,74.873,0.549,690729.070,5335934.090,690928.630,5336156.260,298.636,0,present,yes,present,yes,present,no,DEBY_LOD2_104583794;DEBY_LOD2_108247349;DEBY_LOD2_108247350;DEBY_LOD2_108247351;DEBY_LOD2_4906965;DEBY_LOD2_4907165;DEBY_LOD2_4907181;DEBY_LOD2_4907184;DEBY_LOD2_4907185;DEBY_LOD2_4907186;DEBY_LOD2_4907187;DEBY_LOD2_4907188;DEBY_LOD2_4907194;DEBY_LOD2_4907195;DEBY_LOD2_4907198;DEBY_LOD2_4907199;DEBY_LOD2_4907202;DEBY_LOD2_4907208;DEBY_LOD2_4908157;DEBY_LOD2_4908168;DEBY_LOD2_4908169;DEBY_LOD2_4908170;DEBY_LOD2_4908172;DEBY_LOD2_4908178;DEBY_LOD2_4908179;DEBY_LOD2_60098;DEBY_LOD2_60109;DEBY_LOD2_8568391;DEBY_LOD2_8568392
C198,198,no,,28,12,10,9,0,1,1_textureless:4;2_assembly:1;3_coverage:4;4_impossible:1,missing_lod22_geometry:1;pointcloud_unusable_no_points:9,9,가림:2;무텍스처:2;복합(소형+가림):2;복합(소형+재질):1;복합(재질+가림):1;복합(저조도+가림):1,,0.000,136.065,0.109,74.258,0.549,690729.070,5335934.090,690928.630,5336156.260,298.636,0,present,yes,present,yes,present,no,DEBY_LOD2_104583794;DEBY_LOD2_108247349;DEBY_LOD2_108247350;DEBY_LOD2_108247351;DEBY_LOD2_4906965;DEBY_LOD2_4907165;DEBY_LOD2_4907181;DEBY_LOD2_4907184;DEBY_LOD2_4907185;DEBY_LOD2_4907186;DEBY_LOD2_4907187;DEBY_LOD2_4907188;DEBY_LOD2_4907194;DEBY_LOD2_4907195;DEBY_LOD2_4907198;DEBY_LOD2_4907199;DEBY_LOD2_4907202;DEBY_LOD2_4907208;DEBY_LOD2_4908157;DEBY_LOD2_4908168;DEBY_LOD2_4908170;DEBY_LOD2_4908172;DEBY_LOD2_4908178;DEBY_LOD2_4908179;DEBY_LOD2_60098;DEBY_LOD2_60109;DEBY_LOD2_8568391;DEBY_LOD2_8568392
C199,199,no,,30,10,20,17,1,2,1_textureless:1;2_assembly:2;3_coverage:13;4_impossible:4,missing_lod22_geometry:2;pointcloud_unusable_no_planes:1;pointcloud_unusable_no_points:17,18,가림:4;관측각·커버리지:7;무텍스처:2;복합(소형+가림):2;복합(소형+재질):2;복합(스침각+가림):1,,0.000,104.555,0.201,65.559,0.581,690805.075,5336096.010,691006.100,5336317.390,299.032,0,present,yes,present,yes,present,yes,DEBY_LOD2_42364607;DEBY_LOD2_4907019;DEBY_LOD2_4907021;DEBY_LOD2_4907022;DEBY_LOD2_4907025;DEBY_LOD2_4907026;DEBY_LOD2_4907027;DEBY_LOD2_4907028;DEBY_LOD2_4907030;DEBY_LOD2_4907031;DEBY_LOD2_4907033;DEBY_LOD2_4907170;DEBY_LOD2_4907171;DEBY_LOD2_4907172;DEBY_LOD2_4907176;DEBY_LOD2_4908046;DEBY_LOD2_4908048;DEBY_LOD2_4908049;DEBY_LOD2_4908051;DEBY_LOD2_4908052;DEBY_LOD2_4908053;DEBY_LOD2_4908054;DEBY_LOD2_4908160;DEBY_LOD2_4908162;DEBY_LOD2_4908163;DEBY_LOD2_4908164;DEBY_LOD2_4908165;DEBY_LOD2_4908167;DEBY_LOD2_60042;DEBY_LOD2_60097
C200,200,no,,28,12,10,9,0,1,1_textureless:4;2_assembly:1;3_coverage:4;4_impossible:1,missing_lod22_geometry:1;pointcloud_unusable_no_points:9,9,가림:2;무텍스처:2;복합(소형+가림):2;복합(소형+재질):1;복합(재질+가림):1;복합(저조도+가림):1,,0.000,136.065,0.109,74.258,0.556,690729.070,5335926.234,690928.630,5336150.745,300.382,0,present,yes,present,yes,present,no,DEBY_LOD2_104583794;DEBY_LOD2_108247349;DEBY_LOD2_108247350;DEBY_LOD2_108247351;DEBY_LOD2_4906965;DEBY_LOD2_4907181;DEBY_LOD2_4907184;DEBY_LOD2_4907185;DEBY_LOD2_4907186;DEBY_LOD2_4907187;DEBY_LOD2_4907188;DEBY_LOD2_4907194;DEBY_LOD2_4907195;DEBY_LOD2_4907198;DEBY_LOD2_4907199;DEBY_LOD2_4907202;DEBY_LOD2_4907208;DEBY_LOD2_4907505;DEBY_LOD2_4908157;DEBY_LOD2_4908168;DEBY_LOD2_4908170;DEBY_LOD2_4908172;DEBY_LOD2_4908178;DEBY_LOD2_4908179;DEBY_LOD2_60098;DEBY_LOD2_60109;DEBY_LOD2_8568391;DEBY_LOD2_8568392
C201,201,no,,30,12,12,10,0,2,1_textureless:4;2_assembly:2;3_coverage:4;4_impossible:2,missing_lod22_geometry:2;pointcloud_unusable_no_points:10,10,가림:2;무텍스처:2;복합(소형+가림):2;복합(소형+재질):2;복합(재질+가림):1;복합(저조도+가림):1,,0.000,138.250,0.112,74.775,0.549,690729.070,5335934.090,690928.630,5336160.247,301.614,0,present,yes,present,yes,present,no,DEBY_LOD2_104583794;DEBY_LOD2_108247349;DEBY_LOD2_108247350;DEBY_LOD2_108247351;DEBY_LOD2_4906965;DEBY_LOD2_4907165;DEBY_LOD2_4907175;DEBY_LOD2_4907181;DEBY_LOD2_4907184;DEBY_LOD2_4907185;DEBY_LOD2_4907186;DEBY_LOD2_4907187;DEBY_LOD2_4907188;DEBY_LOD2_4907194;DEBY_LOD2_4907195;DEBY_LOD2_4907198;DEBY_LOD2_4907199;DEBY_LOD2_4907202;DEBY_LOD2_4907208;DEBY_LOD2_4908157;DEBY_LOD2_4908168;DEBY_LOD2_4908169;DEBY_LOD2_4908170;DEBY_LOD2_4908172;DEBY_LOD2_4908178;DEBY_LOD2_4908179;DEBY_LOD2_60098;DEBY_LOD2_60109;DEBY_LOD2_8568391;DEBY_LOD2_8568392
C202,202,no,,29,14,9,7,0,2,1_textureless:4;2_assembly:2;3_coverage:2;4_impossible:1,missing_lod22_geometry:2;pointcloud_unusable_no_points:7,7,가림:1;무텍스처:2;복합(소형+가림):2;복합(소형+재질):1;복합(저조도+가림):1,,0.000,134.980,0.121,78.074,0.561,690729.070,5335911.220,690928.630,5336140.538,303.992,0,present,yes,present,yes,present,no,DEBY_LOD2_104583794;DEBY_LOD2_108247349;DEBY_LOD2_108247350;DEBY_LOD2_108247351;DEBY_LOD2_4906965;DEBY_LOD2_4907181;DEBY_LOD2_4907184;DEBY_LOD2_4907185;DEBY_LOD2_4907186;DEBY_LOD2_4907187;DEBY_LOD2_4907188;DEBY_LOD2_4907194;DEBY_LOD2_4907195;DEBY_LOD2_4907198;DEBY_LOD2_4907199;DEBY_LOD2_4907202;DEBY_LOD2_4907208;DEBY_LOD2_4907505;DEBY_LOD2_4907508;DEBY_LOD2_4908168;DEBY_LOD2_4908172;DEBY_LOD2_4908178;DEBY_LOD2_4908179;DEBY_LOD2_4908351;DEBY_LOD2_60098;DEBY_LOD2_60109;DEBY_LOD2_8568391;DEBY_LOD2_8568392;DEBY_LOD2_8568403
C203,203,no,,29,13,10,9,0,1,1_textureless:4;2_assembly:1;3_coverage:4;4_impossible:1,missing_lod22_geometry:1;pointcloud_unusable_no_points:9,9,가림:2;무텍스처:2;복합(소형+가림):2;복합(소형+재질):1;복합(재질+가림):1;복합(저조도+가림):1,,0.000,135.850,0.109,73.644,0.549,690729.070,5335926.234,690928.630,5336156.260,304.526,0,present,yes,present,yes,present,no,DEBY_LOD2_104583794;DEBY_LOD2_108247349;DEBY_LOD2_108247350;DEBY_LOD2_108247351;DEBY_LOD2_4906965;DEBY_LOD2_4907165;DEBY_LOD2_4907181;DEBY_LOD2_4907184;DEBY_LOD2_4907185;DEBY_LOD2_4907186;DEBY_LOD2_4907187;DEBY_LOD2_4907188;DEBY_LOD2_4907194;DEBY_LOD2_4907195;DEBY_LOD2_4907198;DEBY_LOD2_4907199;DEBY_LOD2_4907202;DEBY_LOD2_4907208;DEBY_LOD2_4907505;DEBY_LOD2_4908157;DEBY_LOD2_4908168;DEBY_LOD2_4908170;DEBY_LOD2_4908172;DEBY_LOD2_4908178;DEBY_LOD2_4908179;DEBY_LOD2_60098;DEBY_LOD2_60109;DEBY_LOD2_8568391;DEBY_LOD2_8568392
C204,204,no,,29,13,10,9,0,1,1_textureless:4;2_assembly:1;3_coverage:4;4_impossible:1,missing_lod22_geometry:1;pointcloud_unusable_no_points:9,9,가림:2;무텍스처:2;복합(소형+가림):2;복합(소형+재질):1;복합(재질+가림):1;복합(저조도+가림):1,,0.000,135.850,0.109,74.873,0.562,690729.070,5335919.796,690928.630,5336150.745,305.224,0,present,yes,present,yes,present,no,DEBY_LOD2_104583794;DEBY_LOD2_108247349;DEBY_LOD2_108247350;DEBY_LOD2_108247351;DEBY_LOD2_4906965;DEBY_LOD2_4907181;DEBY_LOD2_4907184;DEBY_LOD2_4907185;DEBY_LOD2_4907186;DEBY_LOD2_4907187;DEBY_LOD2_4907188;DEBY_LOD2_4907194;DEBY_LOD2_4907195;DEBY_LOD2_4907198;DEBY_LOD2_4907199;DEBY_LOD2_4907202;DEBY_LOD2_4907208;DEBY_LOD2_4907505;DEBY_LOD2_4908157;DEBY_LOD2_4908168;DEBY_LOD2_4908170;DEBY_LOD2_4908172;DEBY_LOD2_4908178;DEBY_LOD2_4908179;DEBY_LOD2_4908351;DEBY_LOD2_60098;DEBY_LOD2_60109;DEBY_LOD2_8568391;DEBY_LOD2_8568392
C205,205,no,,30,15,9,7,0,2,1_textureless:4;2_assembly:2;3_coverage:2;4_impossible:1,missing_lod22_geometry:2;pointcloud_unusable_no_points:7,7,가림:1;무텍스처:2;복합(소형+가림):2;복합(소형+재질):1;복합(저조도+가림):1,,0.000,135.280,0.122,80.754,0.555,690729.070,5335907.180,690928.630,5336140.538,307.051,0,present,yes,present,yes,present,no,DEBY_LOD2_104583794;DEBY_LOD2_108247349;DEBY_LOD2_108247350;DEBY_LOD2_108247351;DEBY_LOD2_108247714;DEBY_LOD2_4906965;DEBY_LOD2_4907181;DEBY_LOD2_4907184;DEBY_LOD2_4907185;DEBY_LOD2_4907186;DEBY_LOD2_4907187;DEBY_LOD2_4907188;DEBY_LOD2_4907194;DEBY_LOD2_4907195;DEBY_LOD2_4907198;DEBY_LOD2_4907199;DEBY_LOD2_4907202;DEBY_LOD2_4907208;DEBY_LOD2_4907505;DEBY_LOD2_4907508;DEBY_LOD2_4908168;DEBY_LOD2_4908172;DEBY_LOD2_4908178;DEBY_LOD2_4908179;DEBY_LOD2_4908351;DEBY_LOD2_60098;DEBY_LOD2_60109;DEBY_LOD2_8568391;DEBY_LOD2_8568392;DEBY_LOD2_8568403
C206,206,no,,30,14,10,9,0,1,1_textureless:4;2_assembly:1;3_coverage:4;4_impossible:1,missing_lod22_geometry:1;pointcloud_unusable_no_points:9,9,가림:2;무텍스처:2;복합(소형+가림):2;복합(소형+재질):1;복합(재질+가림):1;복합(저조도+가림):1,,0.000,135.715,0.112,74.258,0.556,690729.070,5335919.796,690928.630,5336156.260,309.418,0,present,yes,present,yes,present,no,DEBY_LOD2_104583794;DEBY_LOD2_108247349;DEBY_LOD2_108247350;DEBY_LOD2_108247351;DEBY_LOD2_4906965;DEBY_LOD2_4907165;DEBY_LOD2_4907181;DEBY_LOD2_4907184;DEBY_LOD2_4907185;DEBY_LOD2_4907186;DEBY_LOD2_4907187;DEBY_LOD2_4907188;DEBY_LOD2_4907194;DEBY_LOD2_4907195;DEBY_LOD2_4907198;DEBY_LOD2_4907199;DEBY_LOD2_4907202;DEBY_LOD2_4907208;DEBY_LOD2_4907505;DEBY_LOD2_4908157;DEBY_LOD2_4908168;DEBY_LOD2_4908170;DEBY_LOD2_4908172;DEBY_LOD2_4908178;DEBY_LOD2_4908179;DEBY_LOD2_4908351;DEBY_LOD2_60098;DEBY_LOD2_60109;DEBY_LOD2_8568391;DEBY_LOD2_8568392
C207,207,no,,30,13,10,9,0,1,1_textureless:4;2_assembly:1;3_coverage:4;4_impossible:1,missing_lod22_geometry:1;pointcloud_unusable_no_points:9,9,가림:2;무텍스처:2;복합(소형+가림):2;복합(소형+재질):1;복합(재질+가림):1;복합(저조도+가림):1,,0.000,135.715,0.112,72.863,0.549,690729.070,5335926.234,690928.630,5336166.519,312.348,0,present,yes,present,yes,present,no,DEBY_LOD2_104583794;DEBY_LOD2_108247349;DEBY_LOD2_108247350;DEBY_LOD2_108247351;DEBY_LOD2_4906965;DEBY_LOD2_4907164;DEBY_LOD2_4907165;DEBY_LOD2_4907181;DEBY_LOD2_4907184;DEBY_LOD2_4907185;DEBY_LOD2_4907186;DEBY_LOD2_4907187;DEBY_LOD2_4907188;DEBY_LOD2_4907194;DEBY_LOD2_4907195;DEBY_LOD2_4907198;DEBY_LOD2_4907199;DEBY_LOD2_4907202;DEBY_LOD2_4907208;DEBY_LOD2_4907505;DEBY_LOD2_4908157;DEBY_LOD2_4908168;DEBY_LOD2_4908170;DEBY_LOD2_4908172;DEBY_LOD2_4908178;DEBY_LOD2_4908179;DEBY_LOD2_60098;DEBY_LOD2_60109;DEBY_LOD2_8568391;DEBY_LOD2_8568392
C208,208,no,,20,10,7,5,0,2,2_assembly:2;3_coverage:5,missing_lod22_geometry:2;pointcloud_unusable_no_points:5,5,가림:1;관측각·커버리지:3;무텍스처:1,,0.000,94.605,0.256,76.558,0.480,690871.710,5336174.330,691115.520,5336374.162,315.240,0,present,yes,present,yes,present,yes,DEBY_LOD2_104583447;DEBY_LOD2_108250120;DEBY_LOD2_4906985;DEBY_LOD2_4906989;DEBY_LOD2_4906990;DEBY_LOD2_4906997;DEBY_LOD2_4906998;DEBY_LOD2_4906999;DEBY_LOD2_4907016;DEBY_LOD2_4907017;DEBY_LOD2_4907019;DEBY_LOD2_4907022;DEBY_LOD2_4907025;DEBY_LOD2_4907026;DEBY_LOD2_4908046;DEBY_LOD2_4908048;DEBY_LOD2_4908049;DEBY_LOD2_4959465;DEBY_LOD2_4959753;DEBY_LOD2_8573848
C209,209,no,,21,10,7,5,0,2,2_assembly:2;3_coverage:5,missing_lod22_geometry:2;pointcloud_unusable_no_points:5,5,가림:1;관측각·커버리지:3;무텍스처:1,,0.000,93.250,0.257,69.829,0.482,690871.710,5336174.330,691115.520,5336374.162,315.240,0,present,yes,present,yes,present,yes,DEBY_LOD2_104583447;DEBY_LOD2_108250120;DEBY_LOD2_4906985;DEBY_LOD2_4906989;DEBY_LOD2_4906990;DEBY_LOD2_4906997;DEBY_LOD2_4906998;DEBY_LOD2_4906999;DEBY_LOD2_4907000;DEBY_LOD2_4907016;DEBY_LOD2_4907017;DEBY_LOD2_4907019;DEBY_LOD2_4907022;DEBY_LOD2_4907025;DEBY_LOD2_4907026;DEBY_LOD2_4908046;DEBY_LOD2_4908048;DEBY_LOD2_4908049;DEBY_LOD2_4959465;DEBY_LOD2_4959753;DEBY_LOD2_8573848
C210,210,no,,24,10,9,7,0,2,2_assembly:2;3_coverage:7,missing_lod22_geometry:2;pointcloud_unusable_no_points:7,7,가림:3;관측각·커버리지:3;무텍스처:1,,0.000,94.605,0.249,71.773,0.480,690864.735,5336174.330,691115.520,5336374.162,320.665,0,present,yes,present,yes,present,yes,DEBY_LOD2_104583447;DEBY_LOD2_108250120;DEBY_LOD2_42364661;DEBY_LOD2_4906985;DEBY_LOD2_4906989;DEBY_LOD2_4906990;DEBY_LOD2_4906997;DEBY_LOD2_4906998;DEBY_LOD2_4906999;DEBY_LOD2_4907000;DEBY_LOD2_4907016;DEBY_LOD2_4907017;DEBY_LOD2_4907019;DEBY_LOD2_4907021;DEBY_LOD2_4907022;DEBY_LOD2_4907025;DEBY_LOD2_4907026;DEBY_LOD2_4908045;DEBY_LOD2_4908046;DEBY_LOD2_4908048;DEBY_LOD2_4908049;DEBY_LOD2_4959465;DEBY_LOD2_4959753;DEBY_LOD2_8573848
C211,211,no,,22,10,8,6,0,2,2_assembly:2;3_coverage:6,missing_lod22_geometry:2;pointcloud_unusable_no_points:6,6,가림:2;관측각·커버리지:3;무텍스처:1,,0.000,94.605,0.256,71.117,0.480,690864.735,5336174.330,691115.520,5336374.162,320.665,0,present,yes,present,yes,present,yes,DEBY_LOD2_104583447;DEBY_LOD2_108250120;DEBY_LOD2_4906985;DEBY_LOD2_4906989;DEBY_LOD2_4906990;DEBY_LOD2_4906997;DEBY_LOD2_4906998;DEBY_LOD2_4906999;DEBY_LOD2_4907000;DEBY_LOD2_4907016;DEBY_LOD2_4907017;DEBY_LOD2_4907019;DEBY_LOD2_4907021;DEBY_LOD2_4907022;DEBY_LOD2_4907025;DEBY_LOD2_4907026;DEBY_LOD2_4908046;DEBY_LOD2_4908048;DEBY_LOD2_4908049;DEBY_LOD2_4959465;DEBY_LOD2_4959753;DEBY_LOD2_8573848
C212,212,no,,23,10,8,6,0,2,2_assembly:2;3_coverage:6,missing_lod22_geometry:2;pointcloud_unusable_no_points:6,6,가림:2;관측각·커버리지:3;무텍스처:1,,0.000,93.250,0.254,72.404,0.478,690864.735,5336174.330,691115.520,5336374.162,320.665,0,present,yes,present,yes,present,yes,DEBY_LOD2_104583447;DEBY_LOD2_108250120;DEBY_LOD2_42364661;DEBY_LOD2_4906985;DEBY_LOD2_4906989;DEBY_LOD2_4906990;DEBY_LOD2_4906997;DEBY_LOD2_4906998;DEBY_LOD2_4906999;DEBY_LOD2_4907000;DEBY_LOD2_4907016;DEBY_LOD2_4907017;DEBY_LOD2_4907019;DEBY_LOD2_4907021;DEBY_LOD2_4907022;DEBY_LOD2_4907025;DEBY_LOD2_4907026;DEBY_LOD2_4908046;DEBY_LOD2_4908048;DEBY_LOD2_4908049;DEBY_LOD2_4959465;DEBY_LOD2_4959753;DEBY_LOD2_8573848
C213,213,no,,26,11,10,8,0,2,2_assembly:2;3_coverage:8,missing_lod22_geometry:2;pointcloud_unusable_no_points:8,8,가림:3;관측각·커버리지:4;무텍스처:1,,0.000,94.605,0.249,71.773,0.476,690864.735,5336174.330,691132.510,5336374.162,334.120,0,present,yes,present,yes,present,yes,DEBY_LOD2_104583447;DEBY_LOD2_108250120;DEBY_LOD2_108580335;DEBY_LOD2_42364661;DEBY_LOD2_4906985;DEBY_LOD2_4906989;DEBY_LOD2_4906990;DEBY_LOD2_4906997;DEBY_LOD2_4906998;DEBY_LOD2_4906999;DEBY_LOD2_4907000;DEBY_LOD2_4907015;DEBY_LOD2_4907016;DEBY_LOD2_4907017;DEBY_LOD2_4907019;DEBY_LOD2_4907021;DEBY_LOD2_4907022;DEBY_LOD2_4907025;DEBY_LOD2_4907026;DEBY_LOD2_4908045;DEBY_LOD2_4908046;DEBY_LOD2_4908048;DEBY_LOD2_4908049;DEBY_LOD2_4959465;DEBY_LOD2_4959753;DEBY_LOD2_8573848
C214,214,no,,25,11,9,7,0,2,2_assembly:2;3_coverage:7,missing_lod22_geometry:2;pointcloud_unusable_no_points:7,7,가림:3;관측각·커버리지:3;무텍스처:1,,0.000,95.960,0.245,72.404,0.478,690864.735,5336174.330,691132.510,5336374.162,334.120,0,present,yes,present,yes,present,yes,DEBY_LOD2_104583447;DEBY_LOD2_108250120;DEBY_LOD2_108580335;DEBY_LOD2_42364661;DEBY_LOD2_4906985;DEBY_LOD2_4906989;DEBY_LOD2_4906990;DEBY_LOD2_4906997;DEBY_LOD2_4906998;DEBY_LOD2_4906999;DEBY_LOD2_4907000;DEBY_LOD2_4907016;DEBY_LOD2_4907017;DEBY_LOD2_4907019;DEBY_LOD2_4907021;DEBY_LOD2_4907022;DEBY_LOD2_4907025;DEBY_LOD2_4907026;DEBY_LOD2_4908045;DEBY_LOD2_4908046;DEBY_LOD2_4908048;DEBY_LOD2_4908049;DEBY_LOD2_4959465;DEBY_LOD2_4959753;DEBY_LOD2_8573848
C215,215,no,,28,12,11,9,0,2,2_assembly:2;3_coverage:9,missing_lod22_geometry:2;pointcloud_unusable_no_points:9,9,가림:4;관측각·커버리지:4;무텍스처:1,,0.000,94.605,0.249,70.486,0.476,690861.173,5336174.330,691132.510,5336374.162,336.982,0,present,yes,present,yes,present,yes,DEBY_LOD2_104583447;DEBY_LOD2_108250120;DEBY_LOD2_108580335;DEBY_LOD2_42364661;DEBY_LOD2_4906985;DEBY_LOD2_4906989;DEBY_LOD2_4906990;DEBY_LOD2_4906997;DEBY_LOD2_4906998;DEBY_LOD2_4906999;DEBY_LOD2_4907000;DEBY_LOD2_4907015;DEBY_LOD2_4907016;DEBY_LOD2_4907017;DEBY_LOD2_4907019;DEBY_LOD2_4907021;DEBY_LOD2_4907022;DEBY_LOD2_4907025;DEBY_LOD2_4907026;DEBY_LOD2_4907028;DEBY_LOD2_4908044;DEBY_LOD2_4908045;DEBY_LOD2_4908046;DEBY_LOD2_4908048;DEBY_LOD2_4908049;DEBY_LOD2_4959465;DEBY_LOD2_4959753;DEBY_LOD2_8573848
C216,216,no,,27,12,10,8,0,2,2_assembly:2;3_coverage:8,missing_lod22_geometry:2;pointcloud_unusable_no_points:8,8,가림:3;관측각·커버리지:4;무텍스처:1,,0.000,95.960,0.254,71.143,0.478,690861.173,5336174.330,691132.510,5336374.162,336.982,0,present,yes,present,yes,present,yes,DEBY_LOD2_104583447;DEBY_LOD2_108250120;DEBY_LOD2_108580335;DEBY_LOD2_42364661;DEBY_LOD2_4906985;DEBY_LOD2_4906989;DEBY_LOD2_4906990;DEBY_LOD2_4906997;DEBY_LOD2_4906998;DEBY_LOD2_4906999;DEBY_LOD2_4907000;DEBY_LOD2_4907015;DEBY_LOD2_4907016;DEBY_LOD2_4907017;DEBY_LOD2_4907019;DEBY_LOD2_4907021;DEBY_LOD2_4907022;DEBY_LOD2_4907025;DEBY_LOD2_4907026;DEBY_LOD2_4907028;DEBY_LOD2_4908045;DEBY_LOD2_4908046;DEBY_LOD2_4908048;DEBY_LOD2_4908049;DEBY_LOD2_4959465;DEBY_LOD2_4959753;DEBY_LOD2_8573848
C217,217,no,,29,12,12,9,1,2,2_assembly:2;3_coverage:9;4_impossible:1,missing_lod22_geometry:2;pointcloud_unusable_no_planes:1;pointcloud_unusable_no_points:9,10,가림:4;관측각·커버리지:4;무텍스처:1;복합(소형+가림):1,,0.000,95.960,0.245,71.143,0.478,690854.695,5336174.330,691132.510,5336374.162,342.219,0,present,yes,present,yes,present,yes,DEBY_LOD2_104583447;DEBY_LOD2_108250120;DEBY_LOD2_108580335;DEBY_LOD2_42364661;DEBY_LOD2_4906985;DEBY_LOD2_4906989;DEBY_LOD2_4906990;DEBY_LOD2_4906997;DEBY_LOD2_4906998;DEBY_LOD2_4906999;DEBY_LOD2_4907000;DEBY_LOD2_4907015;DEBY_LOD2_4907016;DEBY_LOD2_4907017;DEBY_LOD2_4907019;DEBY_LOD2_4907021;DEBY_LOD2_4907022;DEBY_LOD2_4907025;DEBY_LOD2_4907026;DEBY_LOD2_4907028;DEBY_LOD2_4908044;DEBY_LOD2_4908045;DEBY_LOD2_4908046;DEBY_LOD2_4908048;DEBY_LOD2_4908049;DEBY_LOD2_4908165;DEBY_LOD2_4959465;DEBY_LOD2_4959753;DEBY_LOD2_8573848
C218,218,no,,23,12,11,9,0,2,2_assembly:2;3_coverage:6;4_impossible:3,missing_lod22_geometry:2;pointcloud_unusable_no_points:9,9,가림:5;무텍스처:1;복합(소형+재질):3,,0.060,141.490,0.215,101.797,0.541,690809.546,5335963.820,691006.100,5336249.426,346.705,0,present,yes,present,yes,present,yes,DEBY_LOD2_42364607;DEBY_LOD2_4906967;DEBY_LOD2_4906975;DEBY_LOD2_4907025;DEBY_LOD2_4907172;DEBY_LOD2_4907174;DEBY_LOD2_4907175;DEBY_LOD2_4907176;DEBY_LOD2_4907177;DEBY_LOD2_4907181;DEBY_LOD2_4907184;DEBY_LOD2_4907185;DEBY_LOD2_4907187;DEBY_LOD2_4908157;DEBY_LOD2_4908159;DEBY_LOD2_4908162;DEBY_LOD2_4908164;DEBY_LOD2_4908167;DEBY_LOD2_4908168;DEBY_LOD2_4908169;DEBY_LOD2_60042;DEBY_LOD2_60097;DEBY_LOD2_60098
C219,219,no,,22,12,10,8,0,2,2_assembly:2;3_coverage:5;4_impossible:3,missing_lod22_geometry:2;pointcloud_unusable_no_points:8,8,가림:5;복합(소형+재질):3,,0.065,142.450,0.216,96.554,0.542,690809.546,5335963.820,691006.100,5336249.426,346.705,0,present,yes,present,yes,present,yes,DEBY_LOD2_42364607;DEBY_LOD2_4906967;DEBY_LOD2_4906975;DEBY_LOD2_4907025;DEBY_LOD2_4907172;DEBY_LOD2_4907174;DEBY_LOD2_4907175;DEBY_LOD2_4907176;DEBY_LOD2_4907177;DEBY_LOD2_4907181;DEBY_LOD2_4907184;DEBY_LOD2_4907185;DEBY_LOD2_4907187;DEBY_LOD2_4908157;DEBY_LOD2_4908159;DEBY_LOD2_4908164;DEBY_LOD2_4908167;DEBY_LOD2_4908168;DEBY_LOD2_4908169;DEBY_LOD2_60042;DEBY_LOD2_60097;DEBY_LOD2_60098
C220,220,no,,21,12,9,7,0,2,2_assembly:2;3_coverage:4;4_impossible:3,missing_lod22_geometry:2;pointcloud_unusable_no_points:7,7,가림:4;복합(소형+재질):3,,0.070,143.410,0.217,103.410,0.544,690809.546,5335963.820,691006.100,5336249.426,346.705,0,present,yes,present,yes,present,yes,DEBY_LOD2_42364607;DEBY_LOD2_4906967;DEBY_LOD2_4906975;DEBY_LOD2_4907025;DEBY_LOD2_4907172;DEBY_LOD2_4907175;DEBY_LOD2_4907176;DEBY_LOD2_4907177;DEBY_LOD2_4907181;DEBY_LOD2_4907184;DEBY_LOD2_4907185;DEBY_LOD2_4907187;DEBY_LOD2_4908157;DEBY_LOD2_4908159;DEBY_LOD2_4908164;DEBY_LOD2_4908167;DEBY_LOD2_4908168;DEBY_LOD2_4908169;DEBY_LOD2_60042;DEBY_LOD2_60097;DEBY_LOD2_60098
C221,221,no,,20,12,8,6,0,2,2_assembly:2;3_coverage:4;4_impossible:2,missing_lod22_geometry:2;pointcloud_unusable_no_points:6,6,가림:3;복합(소형+재질):3,,0.070,144.410,0.240,103.965,0.554,690809.546,5335963.820,691006.100,5336249.426,346.705,0,present,yes,present,yes,present,yes,DEBY_LOD2_4906967;DEBY_LOD2_4906975;DEBY_LOD2_4907025;DEBY_LOD2_4907172;DEBY_LOD2_4907175;DEBY_LOD2_4907176;DEBY_LOD2_4907177;DEBY_LOD2_4907181;DEBY_LOD2_4907184;DEBY_LOD2_4907185;DEBY_LOD2_4907187;DEBY_LOD2_4908157;DEBY_LOD2_4908159;DEBY_LOD2_4908164;DEBY_LOD2_4908167;DEBY_LOD2_4908168;DEBY_LOD2_4908169;DEBY_LOD2_60042;DEBY_LOD2_60097;DEBY_LOD2_60098
C222,222,no,,19,12,7,5,0,2,2_assembly:2;3_coverage:3;4_impossible:2,missing_lod22_geometry:2;pointcloud_unusable_no_points:5,5,가림:2;복합(소형+재질):3,,0.070,145.410,0.263,104.520,0.544,690809.546,5335963.820,691006.100,5336249.426,346.705,0,present,yes,present,yes,present,yes,DEBY_LOD2_4906967;DEBY_LOD2_4906975;DEBY_LOD2_4907025;DEBY_LOD2_4907172;DEBY_LOD2_4907175;DEBY_LOD2_4907176;DEBY_LOD2_4907177;DEBY_LOD2_4907181;DEBY_LOD2_4907184;DEBY_LOD2_4907185;DEBY_LOD2_4907187;DEBY_LOD2_4908157;DEBY_LOD2_4908164;DEBY_LOD2_4908167;DEBY_LOD2_4908168;DEBY_LOD2_4908169;DEBY_LOD2_60042;DEBY_LOD2_60097;DEBY_LOD2_60098
C223,223,no,,18,12,6,4,0,2,2_assembly:2;3_coverage:2;4_impossible:2,missing_lod22_geometry:2;pointcloud_unusable_no_points:4,4,가림:2;복합(소형+재질):2,,0.110,147.495,0.264,105.870,0.542,690809.546,5335963.820,691006.100,5336249.426,346.705,0,present,yes,present,yes,present,yes,DEBY_LOD2_4906967;DEBY_LOD2_4906975;DEBY_LOD2_4907025;DEBY_LOD2_4907172;DEBY_LOD2_4907175;DEBY_LOD2_4907176;DEBY_LOD2_4907177;DEBY_LOD2_4907181;DEBY_LOD2_4907184;DEBY_LOD2_4907185;DEBY_LOD2_4907187;DEBY_LOD2_4908157;DEBY_LOD2_4908167;DEBY_LOD2_4908168;DEBY_LOD2_4908169;DEBY_LOD2_60042;DEBY_LOD2_60097;DEBY_LOD2_60098
C224,224,no,,17,12,5,3,0,2,2_assembly:2;3_coverage:1;4_impossible:2,missing_lod22_geometry:2;pointcloud_unusable_no_points:3,3,가림:1;복합(소형+재질):2,,0.150,149.580,0.264,108.330,0.544,690809.546,5335963.820,691006.100,5336249.426,346.705,0,present,yes,present,yes,present,yes,DEBY_LOD2_4906967;DEBY_LOD2_4906975;DEBY_LOD2_4907025;DEBY_LOD2_4907172;DEBY_LOD2_4907175;DEBY_LOD2_4907176;DEBY_LOD2_4907177;DEBY_LOD2_4907181;DEBY_LOD2_4907184;DEBY_LOD2_4907185;DEBY_LOD2_4907187;DEBY_LOD2_4908167;DEBY_LOD2_4908168;DEBY_LOD2_4908169;DEBY_LOD2_60042;DEBY_LOD2_60097;DEBY_LOD2_60098
C225,225,no,,16,12,4,2,0,2,2_assembly:2;4_impossible:2,missing_lod22_geometry:2;pointcloud_unusable_no_points:2,2,복합(소형+재질):2,,0.400,146.495,0.264,117.681,0.554,690809.546,5335963.820,691006.100,5336249.426,346.705,0,present,yes,present,yes,present,yes,DEBY_LOD2_4906967;DEBY_LOD2_4906975;DEBY_LOD2_4907025;DEBY_LOD2_4907172;DEBY_LOD2_4907175;DEBY_LOD2_4907176;DEBY_LOD2_4907177;DEBY_LOD2_4907181;DEBY_LOD2_4907184;DEBY_LOD2_4907185;DEBY_LOD2_4908167;DEBY_LOD2_4908168;DEBY_LOD2_4908169;DEBY_LOD2_60042;DEBY_LOD2_60097;DEBY_LOD2_60098
C226,226,no,,15,11,4,2,0,2,2_assembly:2;4_impossible:2,missing_lod22_geometry:2;pointcloud_unusable_no_points:2,2,복합(소형+재질):2,,0.650,149.580,0.263,127.033,0.544,690809.546,5335963.820,691006.100,5336249.426,346.705,0,present,yes,present,yes,present,yes,DEBY_LOD2_4906967;DEBY_LOD2_4906975;DEBY_LOD2_4907025;DEBY_LOD2_4907175;DEBY_LOD2_4907176;DEBY_LOD2_4907177;DEBY_LOD2_4907181;DEBY_LOD2_4907184;DEBY_LOD2_4907185;DEBY_LOD2_4908167;DEBY_LOD2_4908168;DEBY_LOD2_4908169;DEBY_LOD2_60042;DEBY_LOD2_60097;DEBY_LOD2_60098
C227,227,no,,25,13,12,10,0,2,2_assembly:2;3_coverage:7;4_impossible:3,missing_lod22_geometry:2;pointcloud_unusable_no_points:10,10,가림:5;무텍스처:1;복합(소형+가림):1;복합(소형+재질):3,,0.060,143.410,0.198,89.699,0.541,690794.980,5335963.820,691006.100,5336249.426,355.165,0,present,yes,present,yes,present,yes,DEBY_LOD2_104583794;DEBY_LOD2_42364607;DEBY_LOD2_4906967;DEBY_LOD2_4906975;DEBY_LOD2_4907025;DEBY_LOD2_4907172;DEBY_LOD2_4907174;DEBY_LOD2_4907175;DEBY_LOD2_4907176;DEBY_LOD2_4907177;DEBY_LOD2_4907181;DEBY_LOD2_4907184;DEBY_LOD2_4907185;DEBY_LOD2_4907187;DEBY_LOD2_4907198;DEBY_LOD2_4908157;DEBY_LOD2_4908159;DEBY_LOD2_4908162;DEBY_LOD2_4908164;DEBY_LOD2_4908167;DEBY_LOD2_4908168;DEBY_LOD2_4908169;DEBY_LOD2_60042;DEBY_LOD2_60097;DEBY_LOD2_60098
C228,228,no,,24,13,11,9,0,2,2_assembly:2;3_coverage:6;4_impossible:3,missing_lod22_geometry:2;pointcloud_unusable_no_points:9,9,가림:5;무텍스처:1;복합(소형+재질):3,,0.065,142.450,0.207,95.748,0.542,690794.980,5335963.820,691006.100,5336249.426,355.165,0,present,yes,present,yes,present,yes,DEBY_LOD2_42364607;DEBY_LOD2_4906967;DEBY_LOD2_4906975;DEBY_LOD2_4907025;DEBY_LOD2_4907172;DEBY_LOD2_4907174;DEBY_LOD2_4907175;DEBY_LOD2_4907176;DEBY_LOD2_4907177;DEBY_LOD2_4907181;DEBY_LOD2_4907184;DEBY_LOD2_4907185;DEBY_LOD2_4907187;DEBY_LOD2_4907198;DEBY_LOD2_4908157;DEBY_LOD2_4908159;DEBY_LOD2_4908162;DEBY_LOD2_4908164;DEBY_LOD2_4908167;DEBY_LOD2_4908168;DEBY_LOD2_4908169;DEBY_LOD2_60042;DEBY_LOD2_60097;DEBY_LOD2_60098
C229,229,no,,30,13,12,9,1,2,2_assembly:2;3_coverage:9;4_impossible:1,missing_lod22_geometry:2;pointcloud_unusable_no_planes:1;pointcloud_unusable_no_points:9,10,가림:4;관측각·커버리지:4;무텍스처:1;복합(소형+가림):1,,0.000,96.335,0.249,71.773,0.480,690854.695,5336145.250,691132.510,5336374.162,359.975,0,present,yes,present,yes,present,yes,DEBY_LOD2_104583447;DEBY_LOD2_108250120;DEBY_LOD2_108580335;DEBY_LOD2_42364661;DEBY_LOD2_4906985;DEBY_LOD2_4906989;DEBY_LOD2_4906990;DEBY_LOD2_4906997;DEBY_LOD2_4906998;DEBY_LOD2_4906999;DEBY_LOD2_4907000;DEBY_LOD2_4907015;DEBY_LOD2_4907016;DEBY_LOD2_4907017;DEBY_LOD2_4907019;DEBY_LOD2_4907021;DEBY_LOD2_4907022;DEBY_LOD2_4907025;DEBY_LOD2_4907026;DEBY_LOD2_4907028;DEBY_LOD2_4908044;DEBY_LOD2_4908045;DEBY_LOD2_4908046;DEBY_LOD2_4908048;DEBY_LOD2_4908049;DEBY_LOD2_4908165;DEBY_LOD2_4959326;DEBY_LOD2_4959465;DEBY_LOD2_4959753;DEBY_LOD2_8573848
C230,230,no,,28,16,12,10,0,2,2_assembly:2;3_coverage:7;4_impossible:3,missing_lod22_geometry:2;pointcloud_unusable_no_points:10,10,가림:5;무텍스처:1;복합(소형+가림):1;복합(소형+재질):3,,0.030,142.450,0.207,87.884,0.542,690794.980,5335938.400,691006.100,5336249.426,375.911,0,present,yes,present,yes,present,yes,DEBY_LOD2_104583794;DEBY_LOD2_42364607;DEBY_LOD2_4906965;DEBY_LOD2_4906967;DEBY_LOD2_4906975;DEBY_LOD2_4907025;DEBY_LOD2_4907026;DEBY_LOD2_4907172;DEBY_LOD2_4907174;DEBY_LOD2_4907175;DEBY_LOD2_4907176;DEBY_LOD2_4907177;DEBY_LOD2_4907181;DEBY_LOD2_4907184;DEBY_LOD2_4907185;DEBY_LOD2_4907186;DEBY_LOD2_4907187;DEBY_LOD2_4907198;DEBY_LOD2_4908157;DEBY_LOD2_4908159;DEBY_LOD2_4908162;DEBY_LOD2_4908164;DEBY_LOD2_4908167;DEBY_LOD2_4908168;DEBY_LOD2_4908169;DEBY_LOD2_60042;DEBY_LOD2_60097;DEBY_LOD2_60098
C231,231,no,,27,15,12,10,0,2,2_assembly:2;3_coverage:7;4_impossible:3,missing_lod22_geometry:2;pointcloud_unusable_no_points:10,10,가림:5;무텍스처:1;복합(소형+가림):1;복합(소형+재질):3,,0.060,143.410,0.198,89.699,0.544,690794.980,5335938.400,691006.100,5336249.426,375.911,0,present,yes,present,yes,present,yes,DEBY_LOD2_104583794;DEBY_LOD2_42364607;DEBY_LOD2_4906965;DEBY_LOD2_4906967;DEBY_LOD2_4906975;DEBY_LOD2_4907025;DEBY_LOD2_4907172;DEBY_LOD2_4907174;DEBY_LOD2_4907175;DEBY_LOD2_4907176;DEBY_LOD2_4907177;DEBY_LOD2_4907181;DEBY_LOD2_4907184;DEBY_LOD2_4907185;DEBY_LOD2_4907186;DEBY_LOD2_4907187;DEBY_LOD2_4907198;DEBY_LOD2_4908157;DEBY_LOD2_4908159;DEBY_LOD2_4908162;DEBY_LOD2_4908164;DEBY_LOD2_4908167;DEBY_LOD2_4908168;DEBY_LOD2_4908169;DEBY_LOD2_60042;DEBY_LOD2_60097;DEBY_LOD2_60098
C232,232,no,,26,14,12,10,0,2,2_assembly:2;3_coverage:7;4_impossible:3,missing_lod22_geometry:2;pointcloud_unusable_no_points:10,10,가림:5;무텍스처:1;복합(소형+가림):1;복합(소형+재질):3,,0.065,144.280,0.207,95.748,0.542,690794.980,5335938.400,691006.100,5336249.426,375.911,0,present,yes,present,yes,present,yes,DEBY_LOD2_104583794;DEBY_LOD2_42364607;DEBY_LOD2_4906965;DEBY_LOD2_4906967;DEBY_LOD2_4906975;DEBY_LOD2_4907025;DEBY_LOD2_4907172;DEBY_LOD2_4907174;DEBY_LOD2_4907175;DEBY_LOD2_4907176;DEBY_LOD2_4907177;DEBY_LOD2_4907181;DEBY_LOD2_4907184;DEBY_LOD2_4907185;DEBY_LOD2_4907187;DEBY_LOD2_4907198;DEBY_LOD2_4908157;DEBY_LOD2_4908159;DEBY_LOD2_4908162;DEBY_LOD2_4908164;DEBY_LOD2_4908167;DEBY_LOD2_4908168;DEBY_LOD2_4908169;DEBY_LOD2_60042;DEBY_LOD2_60097;DEBY_LOD2_60098
C233,233,no,,26,10,9,6,0,3,2_assembly:3;3_coverage:6,missing_lod22_geometry:3;pointcloud_unusable_no_points:6,6,가림:2;관측각·커버리지:3;무텍스처:1,,0.000,87.690,0.206,70.548,0.484,690871.710,5336145.250,691172.350,5336374.162,377.869,0,present,yes,present,yes,present,yes,DEBY_LOD2_104583447;DEBY_LOD2_108250120;DEBY_LOD2_108580335;DEBY_LOD2_42364661;DEBY_LOD2_4906985;DEBY_LOD2_4906989;DEBY_LOD2_4906990;DEBY_LOD2_4906997;DEBY_LOD2_4906998;DEBY_LOD2_4906999;DEBY_LOD2_4907000;DEBY_LOD2_4907016;DEBY_LOD2_4907017;DEBY_LOD2_4907019;DEBY_LOD2_4907022;DEBY_LOD2_4908045;DEBY_LOD2_4908046;DEBY_LOD2_4908048;DEBY_LOD2_4908049;DEBY_LOD2_4959326;DEBY_LOD2_4959465;DEBY_LOD2_4959753;DEBY_LOD2_4959758;DEBY_LOD2_4959759;DEBY_LOD2_8573847;DEBY_LOD2_8573848
C234,234,no,,25,10,8,5,0,3,2_assembly:3;3_coverage:5,missing_lod22_geometry:3;pointcloud_unusable_no_points:5,5,가림:1;관측각·커버리지:3;무텍스처:1,,0.000,86.540,0.224,71.143,0.482,690871.710,5336145.250,691172.350,5336374.162,377.869,0,present,yes,present,yes,present,yes,DEBY_LOD2_104583447;DEBY_LOD2_108250120;DEBY_LOD2_108580335;DEBY_LOD2_42364661;DEBY_LOD2_4906985;DEBY_LOD2_4906989;DEBY_LOD2_4906990;DEBY_LOD2_4906997;DEBY_LOD2_4906998;DEBY_LOD2_4906999;DEBY_LOD2_4907000;DEBY_LOD2_4907016;DEBY_LOD2_4907017;DEBY_LOD2_4907019;DEBY_LOD2_4908045;DEBY_LOD2_4908046;DEBY_LOD2_4908048;DEBY_LOD2_4908049;DEBY_LOD2_4959326;DEBY_LOD2_4959465;DEBY_LOD2_4959753;DEBY_LOD2_4959758;DEBY_LOD2_4959759;DEBY_LOD2_8573847;DEBY_LOD2_8573848
C235,235,no,,24,10,7,4,0,3,2_assembly:3;3_coverage:4,missing_lod22_geometry:3;pointcloud_unusable_no_points:4,4,관측각·커버리지:3;무텍스처:1,,0.000,83.825,0.239,76.620,0.480,690871.710,5336145.250,691172.350,5336374.162,377.869,0,present,yes,present,yes,present,yes,DEBY_LOD2_104583447;DEBY_LOD2_108250120;DEBY_LOD2_108580335;DEBY_LOD2_42364661;DEBY_LOD2_4906985;DEBY_LOD2_4906989;DEBY_LOD2_4906990;DEBY_LOD2_4906997;DEBY_LOD2_4906998;DEBY_LOD2_4906999;DEBY_LOD2_4907000;DEBY_LOD2_4907016;DEBY_LOD2_4907017;DEBY_LOD2_4907019;DEBY_LOD2_4908046;DEBY_LOD2_4908048;DEBY_LOD2_4908049;DEBY_LOD2_4959326;DEBY_LOD2_4959465;DEBY_LOD2_4959753;DEBY_LOD2_4959758;DEBY_LOD2_4959759;DEBY_LOD2_8573847;DEBY_LOD2_8573848
C236,236,no,,23,10,6,3,0,3,2_assembly:3;3_coverage:3,missing_lod22_geometry:3;pointcloud_unusable_no_points:3,3,관측각·커버리지:2;무텍스처:1,,0.000,86.540,0.254,83.287,0.478,690871.710,5336145.250,691172.350,5336374.162,377.869,0,present,yes,present,yes,present,yes,DEBY_LOD2_104583447;DEBY_LOD2_108250120;DEBY_LOD2_108580335;DEBY_LOD2_42364661;DEBY_LOD2_4906985;DEBY_LOD2_4906989;DEBY_LOD2_4906990;DEBY_LOD2_4906997;DEBY_LOD2_4906998;DEBY_LOD2_4906999;DEBY_LOD2_4907000;DEBY_LOD2_4907016;DEBY_LOD2_4907017;DEBY_LOD2_4908046;DEBY_LOD2_4908048;DEBY_LOD2_4908049;DEBY_LOD2_4959326;DEBY_LOD2_4959465;DEBY_LOD2_4959753;DEBY_LOD2_4959758;DEBY_LOD2_4959759;DEBY_LOD2_8573847;DEBY_LOD2_8573848
C237,237,no,,22,10,5,3,0,2,2_assembly:2;3_coverage:3,missing_lod22_geometry:2;pointcloud_unusable_no_points:3,3,관측각·커버리지:2;무텍스처:1,,0.000,83.705,0.239,76.620,0.480,690871.710,5336145.250,691172.350,5336374.162,377.869,0,present,yes,present,yes,present,yes,DEBY_LOD2_104583447;DEBY_LOD2_108250120;DEBY_LOD2_108580335;DEBY_LOD2_42364661;DEBY_LOD2_4906985;DEBY_LOD2_4906989;DEBY_LOD2_4906990;DEBY_LOD2_4906997;DEBY_LOD2_4906998;DEBY_LOD2_4906999;DEBY_LOD2_4907000;DEBY_LOD2_4907016;DEBY_LOD2_4907017;DEBY_LOD2_4908046;DEBY_LOD2_4908049;DEBY_LOD2_4959326;DEBY_LOD2_4959465;DEBY_LOD2_4959753;DEBY_LOD2_4959758;DEBY_LOD2_4959759;DEBY_LOD2_8573847;DEBY_LOD2_8573848
C238,238,no,,28,11,10,7,0,3,2_assembly:3;3_coverage:7,missing_lod22_geometry:3;pointcloud_unusable_no_points:7,7,가림:2;관측각·커버리지:4;무텍스처:1,,0.000,87.690,0.239,70.548,0.484,690868.866,5336145.250,691172.350,5336374.162,380.136,0,present,yes,present,yes,present,yes,DEBY_LOD2_104583447;DEBY_LOD2_108250120;DEBY_LOD2_108580335;DEBY_LOD2_42364661;DEBY_LOD2_4906985;DEBY_LOD2_4906989;DEBY_LOD2_4906990;DEBY_LOD2_4906997;DEBY_LOD2_4906998;DEBY_LOD2_4906999;DEBY_LOD2_4907000;DEBY_LOD2_4907015;DEBY_LOD2_4907016;DEBY_LOD2_4907017;DEBY_LOD2_4907019;DEBY_LOD2_4907022;DEBY_LOD2_4907025;DEBY_LOD2_4908045;DEBY_LOD2_4908046;DEBY_LOD2_4908048;DEBY_LOD2_4908049;DEBY_LOD2_4959326;DEBY_LOD2_4959465;DEBY_LOD2_4959753;DEBY_LOD2_4959758;DEBY_LOD2_4959759;DEBY_LOD2_8573847;DEBY_LOD2_8573848
C239,239,no,,27,10,10,7,0,3,2_assembly:3;3_coverage:7,missing_lod22_geometry:3;pointcloud_unusable_no_points:7,7,가림:2;관측각·커버리지:4;무텍스처:1,,0.000,86.540,0.224,69.954,0.482,690868.866,5336145.250,691172.350,5336374.162,380.136,0,present,yes,present,yes,present,yes,DEBY_LOD2_104583447;DEBY_LOD2_108250120;DEBY_LOD2_108580335;DEBY_LOD2_42364661;DEBY_LOD2_4906985;DEBY_LOD2_4906989;DEBY_LOD2_4906990;DEBY_LOD2_4906997;DEBY_LOD2_4906998;DEBY_LOD2_4906999;DEBY_LOD2_4907000;DEBY_LOD2_4907015;DEBY_LOD2_4907016;DEBY_LOD2_4907017;DEBY_LOD2_4907019;DEBY_LOD2_4907022;DEBY_LOD2_4908045;DEBY_LOD2_4908046;DEBY_LOD2_4908048;DEBY_LOD2_4908049;DEBY_LOD2_4959326;DEBY_LOD2_4959465;DEBY_LOD2_4959753;DEBY_LOD2_4959758;DEBY_LOD2_4959759;DEBY_LOD2_8573847;DEBY_LOD2_8573848
C240,240,no,,29,11,11,8,0,3,2_assembly:3;3_coverage:8,missing_lod22_geometry:3;pointcloud_unusable_no_points:8,8,가림:3;관측각·커버리지:4;무텍스처:1,,0.000,88.840,0.224,69.954,0.482,690864.498,5336145.250,691172.350,5336374.162,383.632,0,present,yes,present,yes,present,yes,DEBY_LOD2_104583447;DEBY_LOD2_108250120;DEBY_LOD2_108580335;DEBY_LOD2_42364661;DEBY_LOD2_4906985;DEBY_LOD2_4906989;DEBY_LOD2_4906990;DEBY_LOD2_4906997;DEBY_LOD2_4906998;DEBY_LOD2_4906999;DEBY_LOD2_4907000;DEBY_LOD2_4907015;DEBY_LOD2_4907016;DEBY_LOD2_4907017;DEBY_LOD2_4907019;DEBY_LOD2_4907022;DEBY_LOD2_4907025;DEBY_LOD2_4908044;DEBY_LOD2_4908045;DEBY_LOD2_4908046;DEBY_LOD2_4908048;DEBY_LOD2_4908049;DEBY_LOD2_4959326;DEBY_LOD2_4959465;DEBY_LOD2_4959753;DEBY_LOD2_4959758;DEBY_LOD2_4959759;DEBY_LOD2_8573847;DEBY_LOD2_8573848
C241,241,no,,28,11,9,6,0,3,2_assembly:3;3_coverage:6,missing_lod22_geometry:3;pointcloud_unusable_no_points:6,6,가림:2;관측각·커버리지:3;무텍스처:1,,0.000,91.045,0.206,73.296,0.484,690871.710,5336145.250,691188.310,5336374.162,390.687,0,present,yes,present,yes,present,no,DEBY_LOD2_104583447;DEBY_LOD2_108250120;DEBY_LOD2_108580335;DEBY_LOD2_42364661;DEBY_LOD2_4906985;DEBY_LOD2_4906989;DEBY_LOD2_4906990;DEBY_LOD2_4906997;DEBY_LOD2_4906998;DEBY_LOD2_4906999;DEBY_LOD2_4907000;DEBY_LOD2_4907016;DEBY_LOD2_4907017;DEBY_LOD2_4907019;DEBY_LOD2_4907022;DEBY_LOD2_4907025;DEBY_LOD2_4908045;DEBY_LOD2_4908046;DEBY_LOD2_4908048;DEBY_LOD2_4908049;DEBY_LOD2_4959314;DEBY_LOD2_4959326;DEBY_LOD2_4959465;DEBY_LOD2_4959753;DEBY_LOD2_4959758;DEBY_LOD2_4959759;DEBY_LOD2_8573847;DEBY_LOD2_8573848
C242,242,no,,27,11,8,5,0,3,2_assembly:3;3_coverage:5,missing_lod22_geometry:3;pointcloud_unusable_no_points:5,5,가림:1;관측각·커버리지:3;무텍스처:1,,0.000,88.840,0.224,75.448,0.482,690871.710,5336145.250,691188.310,5336374.162,390.687,0,present,yes,present,yes,present,no,DEBY_LOD2_104583447;DEBY_LOD2_108250120;DEBY_LOD2_108580335;DEBY_LOD2_42364661;DEBY_LOD2_4906985;DEBY_LOD2_4906989;DEBY_LOD2_4906990;DEBY_LOD2_4906997;DEBY_LOD2_4906998;DEBY_LOD2_4906999;DEBY_LOD2_4907000;DEBY_LOD2_4907016;DEBY_LOD2_4907017;DEBY_LOD2_4907019;DEBY_LOD2_4907022;DEBY_LOD2_4907025;DEBY_LOD2_4908046;DEBY_LOD2_4908048;DEBY_LOD2_4908049;DEBY_LOD2_4959314;DEBY_LOD2_4959326;DEBY_LOD2_4959465;DEBY_LOD2_4959753;DEBY_LOD2_4959758;DEBY_LOD2_4959759;DEBY_LOD2_8573847;DEBY_LOD2_8573848
C243,243,no,,26,11,7,4,0,3,2_assembly:3;3_coverage:4,missing_lod22_geometry:3;pointcloud_unusable_no_points:4,4,관측각·커버리지:3;무텍스처:1,,0.000,87.690,0.239,79.368,0.480,690871.710,5336145.250,691188.310,5336374.162,390.687,0,present,yes,present,yes,present,no,DEBY_LOD2_104583447;DEBY_LOD2_108250120;DEBY_LOD2_108580335;DEBY_LOD2_42364661;DEBY_LOD2_4906985;DEBY_LOD2_4906989;DEBY_LOD2_4906990;DEBY_LOD2_4906997;DEBY_LOD2_4906998;DEBY_LOD2_4906999;DEBY_LOD2_4907000;DEBY_LOD2_4907016;DEBY_LOD2_4907017;DEBY_LOD2_4907019;DEBY_LOD2_4907025;DEBY_LOD2_4908046;DEBY_LOD2_4908048;DEBY_LOD2_4908049;DEBY_LOD2_4959314;DEBY_LOD2_4959326;DEBY_LOD2_4959465;DEBY_LOD2_4959753;DEBY_LOD2_4959758;DEBY_LOD2_4959759;DEBY_LOD2_8573847;DEBY_LOD2_8573848
C244,244,no,,25,10,7,4,0,3,2_assembly:3;3_coverage:4,missing_lod22_geometry:3;pointcloud_unusable_no_points:4,4,관측각·커버리지:3;무텍스처:1,,0.000,86.540,0.224,75.448,0.478,690871.710,5336145.250,691188.310,5336374.162,390.687,0,present,yes,present,yes,present,no,DEBY_LOD2_104583447;DEBY_LOD2_108250120;DEBY_LOD2_108580335;DEBY_LOD2_42364661;DEBY_LOD2_4906985;DEBY_LOD2_4906989;DEBY_LOD2_4906990;DEBY_LOD2_4906997;DEBY_LOD2_4906998;DEBY_LOD2_4906999;DEBY_LOD2_4907000;DEBY_LOD2_4907016;DEBY_LOD2_4907017;DEBY_LOD2_4907019;DEBY_LOD2_4908046;DEBY_LOD2_4908048;DEBY_LOD2_4908049;DEBY_LOD2_4959314;DEBY_LOD2_4959326;DEBY_LOD2_4959465;DEBY_LOD2_4959753;DEBY_LOD2_4959758;DEBY_LOD2_4959759;DEBY_LOD2_8573847;DEBY_LOD2_8573848
C245,245,no,,24,10,6,4,0,2,2_assembly:2;3_coverage:4,missing_lod22_geometry:2;pointcloud_unusable_no_points:4,4,관측각·커버리지:3;무텍스처:1,,0.000,83.825,0.206,72.701,0.480,690871.710,5336145.250,691188.310,5336374.162,390.687,0,present,yes,present,yes,present,no,DEBY_LOD2_104583447;DEBY_LOD2_108250120;DEBY_LOD2_108580335;DEBY_LOD2_42364661;DEBY_LOD2_4906985;DEBY_LOD2_4906989;DEBY_LOD2_4906990;DEBY_LOD2_4906997;DEBY_LOD2_4906998;DEBY_LOD2_4906999;DEBY_LOD2_4907000;DEBY_LOD2_4907016;DEBY_LOD2_4907017;DEBY_LOD2_4907019;DEBY_LOD2_4908046;DEBY_LOD2_4908049;DEBY_LOD2_4959314;DEBY_LOD2_4959326;DEBY_LOD2_4959465;DEBY_LOD2_4959753;DEBY_LOD2_4959758;DEBY_LOD2_4959759;DEBY_LOD2_8573847;DEBY_LOD2_8573848
C246,246,no,,24,10,6,3,0,3,2_assembly:3;3_coverage:3,missing_lod22_geometry:3;pointcloud_unusable_no_points:3,3,관측각·커버리지:2;무텍스처:1,,0.000,87.690,0.239,79.368,0.476,690871.710,5336145.250,691188.310,5336374.162,390.687,0,present,yes,present,yes,present,no,DEBY_LOD2_104583447;DEBY_LOD2_108250120;DEBY_LOD2_108580335;DEBY_LOD2_42364661;DEBY_LOD2_4906985;DEBY_LOD2_4906989;DEBY_LOD2_4906990;DEBY_LOD2_4906997;DEBY_LOD2_4906998;DEBY_LOD2_4906999;DEBY_LOD2_4907000;DEBY_LOD2_4907016;DEBY_LOD2_4907017;DEBY_LOD2_4908046;DEBY_LOD2_4908048;DEBY_LOD2_4908049;DEBY_LOD2_4959314;DEBY_LOD2_4959326;DEBY_LOD2_4959465;DEBY_LOD2_4959753;DEBY_LOD2_4959758;DEBY_LOD2_4959759;DEBY_LOD2_8573847;DEBY_LOD2_8573848
C247,247,no,,23,10,5,3,0,2,2_assembly:2;3_coverage:3,missing_lod22_geometry:2;pointcloud_unusable_no_points:3,3,관측각·커버리지:2;무텍스처:1,,0.000,86.540,0.224,75.448,0.478,690871.710,5336145.250,691188.310,5336374.162,390.687,0,present,yes,present,yes,present,no,DEBY_LOD2_104583447;DEBY_LOD2_108250120;DEBY_LOD2_108580335;DEBY_LOD2_42364661;DEBY_LOD2_4906985;DEBY_LOD2_4906989;DEBY_LOD2_4906990;DEBY_LOD2_4906997;DEBY_LOD2_4906998;DEBY_LOD2_4906999;DEBY_LOD2_4907000;DEBY_LOD2_4907016;DEBY_LOD2_4907017;DEBY_LOD2_4908046;DEBY_LOD2_4908049;DEBY_LOD2_4959314;DEBY_LOD2_4959326;DEBY_LOD2_4959465;DEBY_LOD2_4959753;DEBY_LOD2_4959758;DEBY_LOD2_4959759;DEBY_LOD2_8573847;DEBY_LOD2_8573848
C248,248,no,,29,11,10,7,0,3,2_assembly:3;3_coverage:7,missing_lod22_geometry:3;pointcloud_unusable_no_points:7,7,가림:2;관측각·커버리지:4;무텍스처:1,,0.000,88.840,0.224,71.143,0.482,690868.866,5336145.250,691188.310,5336374.162,392.995,0,present,yes,present,yes,present,no,DEBY_LOD2_104583447;DEBY_LOD2_108250120;DEBY_LOD2_108580335;DEBY_LOD2_42364661;DEBY_LOD2_4906985;DEBY_LOD2_4906989;DEBY_LOD2_4906990;DEBY_LOD2_4906997;DEBY_LOD2_4906998;DEBY_LOD2_4906999;DEBY_LOD2_4907000;DEBY_LOD2_4907015;DEBY_LOD2_4907016;DEBY_LOD2_4907017;DEBY_LOD2_4907019;DEBY_LOD2_4907022;DEBY_LOD2_4907025;DEBY_LOD2_4908045;DEBY_LOD2_4908046;DEBY_LOD2_4908048;DEBY_LOD2_4908049;DEBY_LOD2_4959314;DEBY_LOD2_4959326;DEBY_LOD2_4959465;DEBY_LOD2_4959753;DEBY_LOD2_4959758;DEBY_LOD2_4959759;DEBY_LOD2_8573847;DEBY_LOD2_8573848
C249,249,no,,28,10,10,7,0,3,2_assembly:3;3_coverage:7,missing_lod22_geometry:3;pointcloud_unusable_no_points:7,7,가림:2;관측각·커버리지:4;무텍스처:1,,0.000,87.690,0.206,70.548,0.480,690868.866,5336145.250,691188.310,5336374.162,392.995,0,present,yes,present,yes,present,no,DEBY_LOD2_104583447;DEBY_LOD2_108250120;DEBY_LOD2_108580335;DEBY_LOD2_42364661;DEBY_LOD2_4906985;DEBY_LOD2_4906989;DEBY_LOD2_4906990;DEBY_LOD2_4906997;DEBY_LOD2_4906998;DEBY_LOD2_4906999;DEBY_LOD2_4907000;DEBY_LOD2_4907015;DEBY_LOD2_4907016;DEBY_LOD2_4907017;DEBY_LOD2_4907019;DEBY_LOD2_4907022;DEBY_LOD2_4908045;DEBY_LOD2_4908046;DEBY_LOD2_4908048;DEBY_LOD2_4908049;DEBY_LOD2_4959314;DEBY_LOD2_4959326;DEBY_LOD2_4959465;DEBY_LOD2_4959753;DEBY_LOD2_4959758;DEBY_LOD2_4959759;DEBY_LOD2_8573847;DEBY_LOD2_8573848
C250,250,no,,28,11,9,6,0,3,2_assembly:3;3_coverage:6,missing_lod22_geometry:3;pointcloud_unusable_no_points:6,6,가림:1;관측각·커버리지:4;무텍스처:1,,0.000,87.690,0.239,73.296,0.480,690868.866,5336145.250,691188.310,5336374.162,392.995,0,present,yes,present,yes,present,no,DEBY_LOD2_104583447;DEBY_LOD2_108250120;DEBY_LOD2_108580335;DEBY_LOD2_42364661;DEBY_LOD2_4906985;DEBY_LOD2_4906989;DEBY_LOD2_4906990;DEBY_LOD2_4906997;DEBY_LOD2_4906998;DEBY_LOD2_4906999;DEBY_LOD2_4907000;DEBY_LOD2_4907015;DEBY_LOD2_4907016;DEBY_LOD2_4907017;DEBY_LOD2_4907019;DEBY_LOD2_4907025;DEBY_LOD2_4908045;DEBY_LOD2_4908046;DEBY_LOD2_4908048;DEBY_LOD2_4908049;DEBY_LOD2_4959314;DEBY_LOD2_4959326;DEBY_LOD2_4959465;DEBY_LOD2_4959753;DEBY_LOD2_4959758;DEBY_LOD2_4959759;DEBY_LOD2_8573847;DEBY_LOD2_8573848
C251,251,no,,27,10,9,6,0,3,2_assembly:3;3_coverage:6,missing_lod22_geometry:3;pointcloud_unusable_no_points:6,6,가림:1;관측각·커버리지:4;무텍스처:1,,0.000,86.540,0.224,71.143,0.478,690868.866,5336145.250,691188.310,5336374.162,392.995,0,present,yes,present,yes,present,no,DEBY_LOD2_104583447;DEBY_LOD2_108250120;DEBY_LOD2_108580335;DEBY_LOD2_42364661;DEBY_LOD2_4906985;DEBY_LOD2_4906989;DEBY_LOD2_4906990;DEBY_LOD2_4906997;DEBY_LOD2_4906998;DEBY_LOD2_4906999;DEBY_LOD2_4907000;DEBY_LOD2_4907015;DEBY_LOD2_4907016;DEBY_LOD2_4907017;DEBY_LOD2_4907019;DEBY_LOD2_4908045;DEBY_LOD2_4908046;DEBY_LOD2_4908048;DEBY_LOD2_4908049;DEBY_LOD2_4959314;DEBY_LOD2_4959326;DEBY_LOD2_4959465;DEBY_LOD2_4959753;DEBY_LOD2_4959758;DEBY_LOD2_4959759;DEBY_LOD2_8573847;DEBY_LOD2_8573848
C252,252,no,,26,10,8,5,0,3,2_assembly:3;3_coverage:5,missing_lod22_geometry:3;pointcloud_unusable_no_points:5,5,관측각·커버리지:4;무텍스처:1,,0.000,83.825,0.239,72.701,0.476,690868.866,5336145.250,691188.310,5336374.162,392.995,0,present,yes,present,yes,present,no,DEBY_LOD2_104583447;DEBY_LOD2_108250120;DEBY_LOD2_108580335;DEBY_LOD2_42364661;DEBY_LOD2_4906985;DEBY_LOD2_4906989;DEBY_LOD2_4906990;DEBY_LOD2_4906997;DEBY_LOD2_4906998;DEBY_LOD2_4906999;DEBY_LOD2_4907000;DEBY_LOD2_4907015;DEBY_LOD2_4907016;DEBY_LOD2_4907017;DEBY_LOD2_4907019;DEBY_LOD2_4908046;DEBY_LOD2_4908048;DEBY_LOD2_4908049;DEBY_LOD2_4959314;DEBY_LOD2_4959326;DEBY_LOD2_4959465;DEBY_LOD2_4959753;DEBY_LOD2_4959758;DEBY_LOD2_4959759;DEBY_LOD2_8573847;DEBY_LOD2_8573848
C253,253,no,,30,11,11,8,0,3,2_assembly:3;3_coverage:8,missing_lod22_geometry:3;pointcloud_unusable_no_points:8,8,가림:3;관측각·커버리지:4;무텍스처:1,,0.000,90.820,0.206,70.548,0.480,690864.498,5336145.250,691188.310,5336374.162,396.554,0,present,yes,present,yes,present,no,DEBY_LOD2_104583447;DEBY_LOD2_108250120;DEBY_LOD2_108580335;DEBY_LOD2_42364661;DEBY_LOD2_4906985;DEBY_LOD2_4906989;DEBY_LOD2_4906990;DEBY_LOD2_4906997;DEBY_LOD2_4906998;DEBY_LOD2_4906999;DEBY_LOD2_4907000;DEBY_LOD2_4907015;DEBY_LOD2_4907016;DEBY_LOD2_4907017;DEBY_LOD2_4907019;DEBY_LOD2_4907022;DEBY_LOD2_4907025;DEBY_LOD2_4908044;DEBY_LOD2_4908045;DEBY_LOD2_4908046;DEBY_LOD2_4908048;DEBY_LOD2_4908049;DEBY_LOD2_4959314;DEBY_LOD2_4959326;DEBY_LOD2_4959465;DEBY_LOD2_4959753;DEBY_LOD2_4959758;DEBY_LOD2_4959759;DEBY_LOD2_8573847;DEBY_LOD2_8573848
C254,254,no,,29,10,11,8,0,3,2_assembly:3;3_coverage:8,missing_lod22_geometry:3;pointcloud_unusable_no_points:8,8,가림:3;관측각·커버리지:4;무텍스처:1,,0.000,88.840,0.188,69.954,0.478,690864.498,5336145.250,691188.310,5336374.162,396.554,0,present,yes,present,yes,present,no,DEBY_LOD2_104583447;DEBY_LOD2_108250120;DEBY_LOD2_108580335;DEBY_LOD2_42364661;DEBY_LOD2_4906985;DEBY_LOD2_4906989;DEBY_LOD2_4906990;DEBY_LOD2_4906997;DEBY_LOD2_4906998;DEBY_LOD2_4906999;DEBY_LOD2_4907000;DEBY_LOD2_4907015;DEBY_LOD2_4907016;DEBY_LOD2_4907017;DEBY_LOD2_4907019;DEBY_LOD2_4907022;DEBY_LOD2_4908044;DEBY_LOD2_4908045;DEBY_LOD2_4908046;DEBY_LOD2_4908048;DEBY_LOD2_4908049;DEBY_LOD2_4959314;DEBY_LOD2_4959326;DEBY_LOD2_4959465;DEBY_LOD2_4959753;DEBY_LOD2_4959758;DEBY_LOD2_4959759;DEBY_LOD2_8573847;DEBY_LOD2_8573848
C255,255,no,,30,10,12,9,0,3,2_assembly:3;3_coverage:9,missing_lod22_geometry:3;pointcloud_unusable_no_points:9,9,가림:3;관측각·커버리지:5;무텍스처:1,,0.000,87.690,0.206,69.891,0.476,690856.256,5336145.250,691188.310,5336374.162,403.312,0,present,yes,present,yes,present,no,DEBY_LOD2_104583447;DEBY_LOD2_108250120;DEBY_LOD2_108580335;DEBY_LOD2_42364661;DEBY_LOD2_4906985;DEBY_LOD2_4906989;DEBY_LOD2_4906990;DEBY_LOD2_4906997;DEBY_LOD2_4906998;DEBY_LOD2_4906999;DEBY_LOD2_4907000;DEBY_LOD2_4907014;DEBY_LOD2_4907015;DEBY_LOD2_4907016;DEBY_LOD2_4907017;DEBY_LOD2_4907019;DEBY_LOD2_4907022;DEBY_LOD2_4908044;DEBY_LOD2_4908045;DEBY_LOD2_4908046;DEBY_LOD2_4908048;DEBY_LOD2_4908049;DEBY_LOD2_4959314;DEBY_LOD2_4959326;DEBY_LOD2_4959465;DEBY_LOD2_4959753;DEBY_LOD2_4959758;DEBY_LOD2_4959759;DEBY_LOD2_8573847;DEBY_LOD2_8573848
C256,256,no,,29,12,9,6,0,3,2_assembly:3;3_coverage:6,missing_lod22_geometry:3;pointcloud_unusable_no_points:6,6,가림:2;관측각·커버리지:3;무텍스처:1,,0.000,93.250,0.224,75.448,0.482,690871.710,5336096.010,691188.310,5336374.162,421.431,0,present,yes,present,yes,present,no,DEBY_LOD2_104583447;DEBY_LOD2_108250120;DEBY_LOD2_108580335;DEBY_LOD2_42364661;DEBY_LOD2_4906985;DEBY_LOD2_4906989;DEBY_LOD2_4906990;DEBY_LOD2_4906997;DEBY_LOD2_4906998;DEBY_LOD2_4906999;DEBY_LOD2_4907000;DEBY_LOD2_4907016;DEBY_LOD2_4907017;DEBY_LOD2_4907019;DEBY_LOD2_4907022;DEBY_LOD2_4907025;DEBY_LOD2_4908045;DEBY_LOD2_4908046;DEBY_LOD2_4908048;DEBY_LOD2_4908049;DEBY_LOD2_4959314;DEBY_LOD2_4959326;DEBY_LOD2_4959465;DEBY_LOD2_4959753;DEBY_LOD2_4959758;DEBY_LOD2_4959759;DEBY_LOD2_60042;DEBY_LOD2_8573847;DEBY_LOD2_8573848
C257,257,no,,30,12,10,7,0,3,2_assembly:3;3_coverage:7,missing_lod22_geometry:3;pointcloud_unusable_no_points:7,7,가림:2;관측각·커버리지:4;무텍스처:1,,0.000,91.045,0.239,73.296,0.480,690868.866,5336096.010,691188.310,5336374.162,423.572,0,present,yes,present,yes,present,no,DEBY_LOD2_104583447;DEBY_LOD2_108250120;DEBY_LOD2_108580335;DEBY_LOD2_42364661;DEBY_LOD2_4906985;DEBY_LOD2_4906989;DEBY_LOD2_4906990;DEBY_LOD2_4906997;DEBY_LOD2_4906998;DEBY_LOD2_4906999;DEBY_LOD2_4907000;DEBY_LOD2_4907015;DEBY_LOD2_4907016;DEBY_LOD2_4907017;DEBY_LOD2_4907019;DEBY_LOD2_4907022;DEBY_LOD2_4907025;DEBY_LOD2_4908045;DEBY_LOD2_4908046;DEBY_LOD2_4908048;DEBY_LOD2_4908049;DEBY_LOD2_4959314;DEBY_LOD2_4959326;DEBY_LOD2_4959465;DEBY_LOD2_4959753;DEBY_LOD2_4959758;DEBY_LOD2_4959759;DEBY_LOD2_60042;DEBY_LOD2_8573847;DEBY_LOD2_8573848
C258,258,no,,24,12,5,2,0,3,2_assembly:3;3_coverage:2,missing_lod22_geometry:3;pointcloud_unusable_no_points:2,2,관측각·커버리지:1;무텍스처:1,,0.035,101.890,0.211,90.599,0.469,690876.700,5336076.700,691188.310,5336374.162,430.795,0,present,yes,present,yes,present,no,DEBY_LOD2_108250120;DEBY_LOD2_108580335;DEBY_LOD2_42364661;DEBY_LOD2_4906975;DEBY_LOD2_4906985;DEBY_LOD2_4906989;DEBY_LOD2_4906990;DEBY_LOD2_4906997;DEBY_LOD2_4906998;DEBY_LOD2_4906999;DEBY_LOD2_4907017;DEBY_LOD2_4907025;DEBY_LOD2_4908046;DEBY_LOD2_4908048;DEBY_LOD2_4908049;DEBY_LOD2_4959314;DEBY_LOD2_4959326;DEBY_LOD2_4959465;DEBY_LOD2_4959753;DEBY_LOD2_4959758;DEBY_LOD2_4959759;DEBY_LOD2_60042;DEBY_LOD2_8573847;DEBY_LOD2_8573848
C259,259,no,,23,12,4,1,0,3,2_assembly:3;3_coverage:1,missing_lod22_geometry:3;pointcloud_unusable_no_points:1,1,무텍스처:1,,0.070,107.820,0.198,90.953,0.474,690876.700,5336076.700,691188.310,5336374.162,430.795,0,present,yes,present,yes,present,no,DEBY_LOD2_108250120;DEBY_LOD2_108580335;DEBY_LOD2_42364661;DEBY_LOD2_4906975;DEBY_LOD2_4906985;DEBY_LOD2_4906989;DEBY_LOD2_4906990;DEBY_LOD2_4906997;DEBY_LOD2_4906998;DEBY_LOD2_4907017;DEBY_LOD2_4907025;DEBY_LOD2_4908046;DEBY_LOD2_4908048;DEBY_LOD2_4908049;DEBY_LOD2_4959314;DEBY_LOD2_4959326;DEBY_LOD2_4959465;DEBY_LOD2_4959753;DEBY_LOD2_4959758;DEBY_LOD2_4959759;DEBY_LOD2_60042;DEBY_LOD2_8573847;DEBY_LOD2_8573848
C260,260,no,,22,11,4,1,0,3,2_assembly:3;3_coverage:1,missing_lod22_geometry:3;pointcloud_unusable_no_points:1,1,무텍스처:1,,0.190,108.965,0.193,94.210,0.468,690876.700,5336076.700,691188.310,5336374.162,430.795,0,present,yes,present,yes,present,no,DEBY_LOD2_108250120;DEBY_LOD2_108580335;DEBY_LOD2_42364661;DEBY_LOD2_4906975;DEBY_LOD2_4906985;DEBY_LOD2_4906989;DEBY_LOD2_4906990;DEBY_LOD2_4906997;DEBY_LOD2_4906998;DEBY_LOD2_4907025;DEBY_LOD2_4908046;DEBY_LOD2_4908048;DEBY_LOD2_4908049;DEBY_LOD2_4959314;DEBY_LOD2_4959326;DEBY_LOD2_4959465;DEBY_LOD2_4959753;DEBY_LOD2_4959758;DEBY_LOD2_4959759;DEBY_LOD2_60042;DEBY_LOD2_8573847;DEBY_LOD2_8573848
C261,261,no,,21,11,3,1,0,2,2_assembly:2;3_coverage:1,missing_lod22_geometry:2;pointcloud_unusable_no_points:1,1,무텍스처:1,,0.310,107.820,0.188,90.953,0.474,690876.700,5336076.700,691188.310,5336374.162,430.795,0,present,yes,present,yes,present,no,DEBY_LOD2_108250120;DEBY_LOD2_108580335;DEBY_LOD2_42364661;DEBY_LOD2_4906975;DEBY_LOD2_4906985;DEBY_LOD2_4906989;DEBY_LOD2_4906990;DEBY_LOD2_4906997;DEBY_LOD2_4906998;DEBY_LOD2_4907025;DEBY_LOD2_4908046;DEBY_LOD2_4908049;DEBY_LOD2_4959314;DEBY_LOD2_4959326;DEBY_LOD2_4959465;DEBY_LOD2_4959753;DEBY_LOD2_4959758;DEBY_LOD2_4959759;DEBY_LOD2_60042;DEBY_LOD2_8573847;DEBY_LOD2_8573848
C262,262,no,,26,13,6,3,0,3,2_assembly:3;3_coverage:3,missing_lod22_geometry:3;pointcloud_unusable_no_points:3,3,관측각·커버리지:2;무텍스처:1,,0.000,98.815,0.211,86.766,0.469,690876.499,5336076.700,691188.310,5336374.162,430.941,0,present,yes,present,yes,present,no,DEBY_LOD2_108250120;DEBY_LOD2_108580335;DEBY_LOD2_42364661;DEBY_LOD2_4906975;DEBY_LOD2_4906985;DEBY_LOD2_4906989;DEBY_LOD2_4906990;DEBY_LOD2_4906997;DEBY_LOD2_4906998;DEBY_LOD2_4906999;DEBY_LOD2_4907017;DEBY_LOD2_4907019;DEBY_LOD2_4907025;DEBY_LOD2_4907026;DEBY_LOD2_4908046;DEBY_LOD2_4908048;DEBY_LOD2_4908049;DEBY_LOD2_4959314;DEBY_LOD2_4959326;DEBY_LOD2_4959465;DEBY_LOD2_4959753;DEBY_LOD2_4959758;DEBY_LOD2_4959759;DEBY_LOD2_60042;DEBY_LOD2_8573847;DEBY_LOD2_8573848
C263,263,no,,25,13,5,2,0,3,2_assembly:3;3_coverage:2,missing_lod22_geometry:3;pointcloud_unusable_no_points:2,2,관측각·커버리지:1;무텍스처:1,,0.000,101.670,0.224,90.245,0.464,690876.499,5336076.700,691188.310,5336374.162,430.941,0,present,yes,present,yes,present,no,DEBY_LOD2_108250120;DEBY_LOD2_108580335;DEBY_LOD2_42364661;DEBY_LOD2_4906975;DEBY_LOD2_4906985;DEBY_LOD2_4906989;DEBY_LOD2_4906990;DEBY_LOD2_4906997;DEBY_LOD2_4906998;DEBY_LOD2_4906999;DEBY_LOD2_4907017;DEBY_LOD2_4907025;DEBY_LOD2_4907026;DEBY_LOD2_4908046;DEBY_LOD2_4908048;DEBY_LOD2_4908049;DEBY_LOD2_4959314;DEBY_LOD2_4959326;DEBY_LOD2_4959465;DEBY_LOD2_4959753;DEBY_LOD2_4959758;DEBY_LOD2_4959759;DEBY_LOD2_60042;DEBY_LOD2_8573847;DEBY_LOD2_8573848
C264,264,no,,28,13,8,5,0,3,2_assembly:3;3_coverage:5,missing_lod22_geometry:3;pointcloud_unusable_no_points:5,5,가림:1;관측각·커버리지:3;무텍스처:1,,0.000,94.605,0.211,79.368,0.476,690872.852,5336076.700,691188.310,5336374.162,433.587,0,present,yes,present,yes,present,no,DEBY_LOD2_108250120;DEBY_LOD2_108580335;DEBY_LOD2_42364661;DEBY_LOD2_4906975;DEBY_LOD2_4906985;DEBY_LOD2_4906989;DEBY_LOD2_4906990;DEBY_LOD2_4906997;DEBY_LOD2_4906998;DEBY_LOD2_4906999;DEBY_LOD2_4907016;DEBY_LOD2_4907017;DEBY_LOD2_4907019;DEBY_LOD2_4907022;DEBY_LOD2_4907025;DEBY_LOD2_4907026;DEBY_LOD2_4908046;DEBY_LOD2_4908048;DEBY_LOD2_4908049;DEBY_LOD2_4959314;DEBY_LOD2_4959326;DEBY_LOD2_4959465;DEBY_LOD2_4959753;DEBY_LOD2_4959758;DEBY_LOD2_4959759;DEBY_LOD2_60042;DEBY_LOD2_8573847;DEBY_LOD2_8573848
C265,265,no,,27,13,7,4,0,3,2_assembly:3;3_coverage:4,missing_lod22_geometry:3;pointcloud_unusable_no_points:4,4,가림:1;관측각·커버리지:2;무텍스처:1,,0.000,95.960,0.198,83.287,0.474,690872.852,5336076.700,691188.310,5336374.162,433.587,0,present,yes,present,yes,present,no,DEBY_LOD2_108250120;DEBY_LOD2_108580335;DEBY_LOD2_42364661;DEBY_LOD2_4906975;DEBY_LOD2_4906985;DEBY_LOD2_4906989;DEBY_LOD2_4906990;DEBY_LOD2_4906997;DEBY_LOD2_4906998;DEBY_LOD2_4906999;DEBY_LOD2_4907017;DEBY_LOD2_4907019;DEBY_LOD2_4907022;DEBY_LOD2_4907025;DEBY_LOD2_4907026;DEBY_LOD2_4908046;DEBY_LOD2_4908048;DEBY_LOD2_4908049;DEBY_LOD2_4959314;DEBY_LOD2_4959326;DEBY_LOD2_4959465;DEBY_LOD2_4959753;DEBY_LOD2_4959758;DEBY_LOD2_4959759;DEBY_LOD2_60042;DEBY_LOD2_8573847;DEBY_LOD2_8573848
C266,266,no,,29,13,9,6,0,3,2_assembly:3;3_coverage:6,missing_lod22_geometry:3;pointcloud_unusable_no_points:6,6,가림:2;관측각·커버리지:3;무텍스처:1,,0.000,95.960,0.198,75.448,0.474,690864.735,5336076.700,691188.310,5336374.162,439.527,0,present,yes,present,yes,present,no,DEBY_LOD2_108250120;DEBY_LOD2_108580335;DEBY_LOD2_42364661;DEBY_LOD2_4906975;DEBY_LOD2_4906985;DEBY_LOD2_4906989;DEBY_LOD2_4906990;DEBY_LOD2_4906997;DEBY_LOD2_4906998;DEBY_LOD2_4906999;DEBY_LOD2_4907016;DEBY_LOD2_4907017;DEBY_LOD2_4907019;DEBY_LOD2_4907021;DEBY_LOD2_4907022;DEBY_LOD2_4907025;DEBY_LOD2_4907026;DEBY_LOD2_4908046;DEBY_LOD2_4908048;DEBY_LOD2_4908049;DEBY_LOD2_4959314;DEBY_LOD2_4959326;DEBY_LOD2_4959465;DEBY_LOD2_4959753;DEBY_LOD2_4959758;DEBY_LOD2_4959759;DEBY_LOD2_60042;DEBY_LOD2_8573847;DEBY_LOD2_8573848
C267,267,no,,30,14,9,6,0,3,2_assembly:3;3_coverage:6,missing_lod22_geometry:3;pointcloud_unusable_no_points:6,6,가림:2;관측각·커버리지:3;무텍스처:1,,0.000,96.335,0.211,73.926,0.476,690861.173,5336076.700,691188.310,5336374.162,442.156,0,present,yes,present,yes,present,no,DEBY_LOD2_108250120;DEBY_LOD2_108580335;DEBY_LOD2_42364661;DEBY_LOD2_4906975;DEBY_LOD2_4906985;DEBY_LOD2_4906989;DEBY_LOD2_4906990;DEBY_LOD2_4906997;DEBY_LOD2_4906998;DEBY_LOD2_4906999;DEBY_LOD2_4907016;DEBY_LOD2_4907017;DEBY_LOD2_4907019;DEBY_LOD2_4907021;DEBY_LOD2_4907022;DEBY_LOD2_4907025;DEBY_LOD2_4907026;DEBY_LOD2_4907028;DEBY_LOD2_4908046;DEBY_LOD2_4908048;DEBY_LOD2_4908049;DEBY_LOD2_4959314;DEBY_LOD2_4959326;DEBY_LOD2_4959465;DEBY_LOD2_4959753;DEBY_LOD2_4959758;DEBY_LOD2_4959759;DEBY_LOD2_60042;DEBY_LOD2_8573847;DEBY_LOD2_8573848
C268,268,no,,30,17,13,11,0,2,2_assembly:2;3_coverage:8;4_impossible:3,missing_lod22_geometry:2;pointcloud_unusable_no_points:11,11,가림:5;관측각·커버리지:1;무텍스처:1;복합(소형+가림):1;복합(소형+재질):3,,0.030,142.450,0.207,87.884,0.544,690794.980,5335938.400,691118.080,5336249.426,448.476,0,present,yes,present,yes,present,yes,DEBY_LOD2_104583794;DEBY_LOD2_42364607;DEBY_LOD2_4906965;DEBY_LOD2_4906967;DEBY_LOD2_4906975;DEBY_LOD2_4907025;DEBY_LOD2_4907026;DEBY_LOD2_4907172;DEBY_LOD2_4907174;DEBY_LOD2_4907175;DEBY_LOD2_4907176;DEBY_LOD2_4907177;DEBY_LOD2_4907181;DEBY_LOD2_4907184;DEBY_LOD2_4907185;DEBY_LOD2_4907186;DEBY_LOD2_4907187;DEBY_LOD2_4907198;DEBY_LOD2_4908157;DEBY_LOD2_4908158;DEBY_LOD2_4908159;DEBY_LOD2_4908162;DEBY_LOD2_4908164;DEBY_LOD2_4908167;DEBY_LOD2_4908168;DEBY_LOD2_4908169;DEBY_LOD2_4959326;DEBY_LOD2_60042;DEBY_LOD2_60097;DEBY_LOD2_60098
C269,269,no,,29,17,12,10,0,2,2_assembly:2;3_coverage:7;4_impossible:3,missing_lod22_geometry:2;pointcloud_unusable_no_points:10,10,가림:5;무텍스처:1;복합(소형+가림):1;복합(소형+재질):3,,0.060,143.410,0.215,89.699,0.544,690794.980,5335938.400,691118.080,5336249.426,448.476,0,present,yes,present,yes,present,yes,DEBY_LOD2_104583794;DEBY_LOD2_42364607;DEBY_LOD2_4906965;DEBY_LOD2_4906967;DEBY_LOD2_4906975;DEBY_LOD2_4907025;DEBY_LOD2_4907026;DEBY_LOD2_4907172;DEBY_LOD2_4907174;DEBY_LOD2_4907175;DEBY_LOD2_4907176;DEBY_LOD2_4907177;DEBY_LOD2_4907181;DEBY_LOD2_4907184;DEBY_LOD2_4907185;DEBY_LOD2_4907186;DEBY_LOD2_4907187;DEBY_LOD2_4907198;DEBY_LOD2_4908157;DEBY_LOD2_4908159;DEBY_LOD2_4908162;DEBY_LOD2_4908164;DEBY_LOD2_4908167;DEBY_LOD2_4908168;DEBY_LOD2_4908169;DEBY_LOD2_4959326;DEBY_LOD2_60042;DEBY_LOD2_60097;DEBY_LOD2_60098
C270,270,no,,22,12,4,1,0,3,2_assembly:3;3_coverage:1,missing_lod22_geometry:3;pointcloud_unusable_no_points:1,1,무텍스처:1,,0.190,108.965,0.193,94.210,0.468,690876.499,5335924.800,691230.160,5336369.250,567.989,0,present,yes,present,yes,present,no,DEBY_LOD2_108250120;DEBY_LOD2_108580335;DEBY_LOD2_42364661;DEBY_LOD2_4906975;DEBY_LOD2_4906985;DEBY_LOD2_4906989;DEBY_LOD2_4906990;DEBY_LOD2_4907025;DEBY_LOD2_4907026;DEBY_LOD2_4908046;DEBY_LOD2_4908048;DEBY_LOD2_4908049;DEBY_LOD2_4959314;DEBY_LOD2_4959320;DEBY_LOD2_4959326;DEBY_LOD2_4959465;DEBY_LOD2_4959753;DEBY_LOD2_4959758;DEBY_LOD2_4959759;DEBY_LOD2_60042;DEBY_LOD2_8573847;DEBY_LOD2_8573848
C271,271,no,,23,12,4,1,0,3,2_assembly:3;3_coverage:1,missing_lod22_geometry:3;pointcloud_unusable_no_points:1,1,무텍스처:1,,0.070,107.820,0.188,90.953,0.474,690876.700,5335924.800,691230.160,5336374.162,571.717,0,present,yes,present,yes,present,no,DEBY_LOD2_108250120;DEBY_LOD2_108580335;DEBY_LOD2_42364661;DEBY_LOD2_4906975;DEBY_LOD2_4906985;DEBY_LOD2_4906989;DEBY_LOD2_4906990;DEBY_LOD2_4906997;DEBY_LOD2_4906998;DEBY_LOD2_4907025;DEBY_LOD2_4908046;DEBY_LOD2_4908048;DEBY_LOD2_4908049;DEBY_LOD2_4959314;DEBY_LOD2_4959320;DEBY_LOD2_4959326;DEBY_LOD2_4959465;DEBY_LOD2_4959753;DEBY_LOD2_4959758;DEBY_LOD2_4959759;DEBY_LOD2_60042;DEBY_LOD2_8573847;DEBY_LOD2_8573848
C272,272,no,,25,14,4,1,0,3,2_assembly:3;3_coverage:1,missing_lod22_geometry:3;pointcloud_unusable_no_points:1,1,무텍스처:1,,0.070,101.670,0.198,90.245,0.474,690876.499,5335924.800,691230.160,5336374.162,571.841,0,present,yes,present,yes,present,no,DEBY_LOD2_108250120;DEBY_LOD2_108580335;DEBY_LOD2_42364661;DEBY_LOD2_4906975;DEBY_LOD2_4906985;DEBY_LOD2_4906989;DEBY_LOD2_4906990;DEBY_LOD2_4906997;DEBY_LOD2_4906998;DEBY_LOD2_4907017;DEBY_LOD2_4907025;DEBY_LOD2_4907026;DEBY_LOD2_4908046;DEBY_LOD2_4908048;DEBY_LOD2_4908049;DEBY_LOD2_4959314;DEBY_LOD2_4959320;DEBY_LOD2_4959326;DEBY_LOD2_4959465;DEBY_LOD2_4959753;DEBY_LOD2_4959758;DEBY_LOD2_4959759;DEBY_LOD2_60042;DEBY_LOD2_8573847;DEBY_LOD2_8573848
C273,273,no,,24,13,4,1,0,3,2_assembly:3;3_coverage:1,missing_lod22_geometry:3;pointcloud_unusable_no_points:1,1,무텍스처:1,,0.070,104.745,0.193,90.599,0.468,690876.499,5335924.800,691230.160,5336374.162,571.841,0,present,yes,present,yes,present,no,DEBY_LOD2_108250120;DEBY_LOD2_108580335;DEBY_LOD2_42364661;DEBY_LOD2_4906975;DEBY_LOD2_4906985;DEBY_LOD2_4906989;DEBY_LOD2_4906990;DEBY_LOD2_4906997;DEBY_LOD2_4906998;DEBY_LOD2_4907025;DEBY_LOD2_4907026;DEBY_LOD2_4908046;DEBY_LOD2_4908048;DEBY_LOD2_4908049;DEBY_LOD2_4959314;DEBY_LOD2_4959320;DEBY_LOD2_4959326;DEBY_LOD2_4959465;DEBY_LOD2_4959753;DEBY_LOD2_4959758;DEBY_LOD2_4959759;DEBY_LOD2_60042;DEBY_LOD2_8573847;DEBY_LOD2_8573848
C274,274,no,,24,13,5,2,0,3,2_assembly:3;3_coverage:1;4_impossible:1,missing_lod22_geometry:3;pointcloud_unusable_no_points:2,2,무텍스처:1;복합(소형+재질):1,,0.190,108.965,0.211,94.210,0.476,690866.492,5335924.800,691230.160,5336369.250,574.274,0,present,yes,present,yes,present,no,DEBY_LOD2_108250120;DEBY_LOD2_108580335;DEBY_LOD2_42364661;DEBY_LOD2_4906975;DEBY_LOD2_4906985;DEBY_LOD2_4906989;DEBY_LOD2_4906990;DEBY_LOD2_4906998;DEBY_LOD2_4907025;DEBY_LOD2_4907026;DEBY_LOD2_4908046;DEBY_LOD2_4908048;DEBY_LOD2_4908049;DEBY_LOD2_4908167;DEBY_LOD2_4959314;DEBY_LOD2_4959320;DEBY_LOD2_4959326;DEBY_LOD2_4959465;DEBY_LOD2_4959753;DEBY_LOD2_4959758;DEBY_LOD2_4959759;DEBY_LOD2_60042;DEBY_LOD2_8573847;DEBY_LOD2_8573848
C275,275,no,,23,12,5,2,0,3,2_assembly:3;3_coverage:1;4_impossible:1,missing_lod22_geometry:3;pointcloud_unusable_no_points:2,2,무텍스처:1;복합(소형+재질):1,,0.310,110.110,0.198,97.467,0.474,690866.492,5335924.800,691230.160,5336369.250,574.274,0,present,yes,present,yes,present,no,DEBY_LOD2_108250120;DEBY_LOD2_108580335;DEBY_LOD2_42364661;DEBY_LOD2_4906975;DEBY_LOD2_4906985;DEBY_LOD2_4906989;DEBY_LOD2_4906990;DEBY_LOD2_4907025;DEBY_LOD2_4907026;DEBY_LOD2_4908046;DEBY_LOD2_4908048;DEBY_LOD2_4908049;DEBY_LOD2_4908167;DEBY_LOD2_4959314;DEBY_LOD2_4959320;DEBY_LOD2_4959326;DEBY_LOD2_4959465;DEBY_LOD2_4959753;DEBY_LOD2_4959758;DEBY_LOD2_4959759;DEBY_LOD2_60042;DEBY_LOD2_8573847;DEBY_LOD2_8573848
C276,276,no,,25,14,5,2,0,3,2_assembly:3;3_coverage:1;4_impossible:1,missing_lod22_geometry:3;pointcloud_unusable_no_points:2,2,무텍스처:1;복합(소형+재질):1,,0.070,108.850,0.224,90.953,0.478,690861.331,5335924.800,691230.160,5336369.250,577.556,0,present,yes,present,yes,present,no,DEBY_LOD2_108250120;DEBY_LOD2_108580335;DEBY_LOD2_42364661;DEBY_LOD2_4906975;DEBY_LOD2_4906985;DEBY_LOD2_4906989;DEBY_LOD2_4906990;DEBY_LOD2_4906998;DEBY_LOD2_4907025;DEBY_LOD2_4907026;DEBY_LOD2_4908046;DEBY_LOD2_4908048;DEBY_LOD2_4908049;DEBY_LOD2_4908167;DEBY_LOD2_4959314;DEBY_LOD2_4959320;DEBY_LOD2_4959326;DEBY_LOD2_4959465;DEBY_LOD2_4959753;DEBY_LOD2_4959758;DEBY_LOD2_4959759;DEBY_LOD2_60042;DEBY_LOD2_60097;DEBY_LOD2_8573847;DEBY_LOD2_8573848
C277,277,no,,26,14,5,2,0,3,2_assembly:3;3_coverage:1;4_impossible:1,missing_lod22_geometry:3;pointcloud_unusable_no_points:2,2,무텍스처:1;복합(소형+재질):1,,0.070,104.745,0.211,90.599,0.476,690866.492,5335924.800,691230.160,5336374.162,578.084,0,present,yes,present,yes,present,no,DEBY_LOD2_108250120;DEBY_LOD2_108580335;DEBY_LOD2_42364661;DEBY_LOD2_4906975;DEBY_LOD2_4906985;DEBY_LOD2_4906989;DEBY_LOD2_4906990;DEBY_LOD2_4906997;DEBY_LOD2_4906998;DEBY_LOD2_4907017;DEBY_LOD2_4907025;DEBY_LOD2_4907026;DEBY_LOD2_4908046;DEBY_LOD2_4908048;DEBY_LOD2_4908049;DEBY_LOD2_4908167;DEBY_LOD2_4959314;DEBY_LOD2_4959320;DEBY_LOD2_4959326;DEBY_LOD2_4959465;DEBY_LOD2_4959753;DEBY_LOD2_4959758;DEBY_LOD2_4959759;DEBY_LOD2_60042;DEBY_LOD2_8573847;DEBY_LOD2_8573848
C278,278,no,,27,15,5,2,0,3,2_assembly:3;3_coverage:1;4_impossible:1,missing_lod22_geometry:3;pointcloud_unusable_no_points:2,2,무텍스처:1;복합(소형+재질):1,,0.070,107.820,0.224,90.245,0.478,690861.331,5335924.800,691230.160,5336374.162,581.344,0,present,yes,present,yes,present,no,DEBY_LOD2_108250120;DEBY_LOD2_108580335;DEBY_LOD2_42364661;DEBY_LOD2_4906975;DEBY_LOD2_4906985;DEBY_LOD2_4906989;DEBY_LOD2_4906990;DEBY_LOD2_4906997;DEBY_LOD2_4906998;DEBY_LOD2_4907017;DEBY_LOD2_4907025;DEBY_LOD2_4907026;DEBY_LOD2_4908046;DEBY_LOD2_4908048;DEBY_LOD2_4908049;DEBY_LOD2_4908167;DEBY_LOD2_4959314;DEBY_LOD2_4959320;DEBY_LOD2_4959326;DEBY_LOD2_4959465;DEBY_LOD2_4959753;DEBY_LOD2_4959758;DEBY_LOD2_4959759;DEBY_LOD2_60042;DEBY_LOD2_60097;DEBY_LOD2_8573847;DEBY_LOD2_8573848
C279,279,no,,26,14,5,2,0,3,2_assembly:3;3_coverage:1;4_impossible:1,missing_lod22_geometry:3;pointcloud_unusable_no_points:2,2,무텍스처:1;복합(소형+재질):1,,0.070,108.335,0.211,90.599,0.476,690861.331,5335924.800,691230.160,5336374.162,581.344,0,present,yes,present,yes,present,no,DEBY_LOD2_108250120;DEBY_LOD2_108580335;DEBY_LOD2_42364661;DEBY_LOD2_4906975;DEBY_LOD2_4906985;DEBY_LOD2_4906989;DEBY_LOD2_4906990;DEBY_LOD2_4906997;DEBY_LOD2_4906998;DEBY_LOD2_4907025;DEBY_LOD2_4907026;DEBY_LOD2_4908046;DEBY_LOD2_4908048;DEBY_LOD2_4908049;DEBY_LOD2_4908167;DEBY_LOD2_4959314;DEBY_LOD2_4959320;DEBY_LOD2_4959326;DEBY_LOD2_4959465;DEBY_LOD2_4959753;DEBY_LOD2_4959758;DEBY_LOD2_4959759;DEBY_LOD2_60042;DEBY_LOD2_60097;DEBY_LOD2_8573847;DEBY_LOD2_8573848
C280,280,no,,30,16,7,4,0,3,2_assembly:3;3_coverage:3;4_impossible:1,missing_lod22_geometry:3;pointcloud_unusable_no_points:4,4,가림:1;관측각·커버리지:1;무텍스처:1;복합(소형+재질):1,,0.000,99.190,0.234,79.368,0.480,690861.173,5335924.800,691230.160,5336374.162,581.444,0,present,yes,present,yes,present,no,DEBY_LOD2_108250120;DEBY_LOD2_108580335;DEBY_LOD2_42364661;DEBY_LOD2_4906975;DEBY_LOD2_4906985;DEBY_LOD2_4906989;DEBY_LOD2_4906990;DEBY_LOD2_4906997;DEBY_LOD2_4906998;DEBY_LOD2_4906999;DEBY_LOD2_4907017;DEBY_LOD2_4907022;DEBY_LOD2_4907025;DEBY_LOD2_4907026;DEBY_LOD2_4907028;DEBY_LOD2_4908046;DEBY_LOD2_4908048;DEBY_LOD2_4908049;DEBY_LOD2_4908167;DEBY_LOD2_4959314;DEBY_LOD2_4959320;DEBY_LOD2_4959326;DEBY_LOD2_4959465;DEBY_LOD2_4959753;DEBY_LOD2_4959758;DEBY_LOD2_4959759;DEBY_LOD2_60042;DEBY_LOD2_60097;DEBY_LOD2_8573847;DEBY_LOD2_8573848
C281,281,no,,30,16,7,4,0,3,2_assembly:3;3_coverage:3;4_impossible:1,missing_lod22_geometry:3;pointcloud_unusable_no_points:4,4,가림:2;무텍스처:1;복합(소형+재질):1,,0.000,100.085,0.211,79.368,0.480,690861.173,5335924.800,691230.160,5336374.162,581.444,0,present,yes,present,yes,present,no,DEBY_LOD2_108250120;DEBY_LOD2_108580335;DEBY_LOD2_42364661;DEBY_LOD2_4906975;DEBY_LOD2_4906985;DEBY_LOD2_4906989;DEBY_LOD2_4906990;DEBY_LOD2_4906997;DEBY_LOD2_4906998;DEBY_LOD2_4907017;DEBY_LOD2_4907021;DEBY_LOD2_4907022;DEBY_LOD2_4907025;DEBY_LOD2_4907026;DEBY_LOD2_4907028;DEBY_LOD2_4908046;DEBY_LOD2_4908048;DEBY_LOD2_4908049;DEBY_LOD2_4908167;DEBY_LOD2_4959314;DEBY_LOD2_4959320;DEBY_LOD2_4959326;DEBY_LOD2_4959465;DEBY_LOD2_4959753;DEBY_LOD2_4959758;DEBY_LOD2_4959759;DEBY_LOD2_60042;DEBY_LOD2_60097;DEBY_LOD2_8573847;DEBY_LOD2_8573848
C282,282,no,,29,16,6,3,0,3,2_assembly:3;3_coverage:2;4_impossible:1,missing_lod22_geometry:3;pointcloud_unusable_no_points:3,3,가림:1;무텍스처:1;복합(소형+재질):1,,0.000,101.670,0.224,83.287,0.482,690861.173,5335924.800,691230.160,5336374.162,581.444,0,present,yes,present,yes,present,no,DEBY_LOD2_108250120;DEBY_LOD2_108580335;DEBY_LOD2_42364661;DEBY_LOD2_4906975;DEBY_LOD2_4906985;DEBY_LOD2_4906989;DEBY_LOD2_4906990;DEBY_LOD2_4906997;DEBY_LOD2_4906998;DEBY_LOD2_4907017;DEBY_LOD2_4907022;DEBY_LOD2_4907025;DEBY_LOD2_4907026;DEBY_LOD2_4907028;DEBY_LOD2_4908046;DEBY_LOD2_4908048;DEBY_LOD2_4908049;DEBY_LOD2_4908167;DEBY_LOD2_4959314;DEBY_LOD2_4959320;DEBY_LOD2_4959326;DEBY_LOD2_4959465;DEBY_LOD2_4959753;DEBY_LOD2_4959758;DEBY_LOD2_4959759;DEBY_LOD2_60042;DEBY_LOD2_60097;DEBY_LOD2_8573847;DEBY_LOD2_8573848
C283,283,no,,29,16,6,3,0,3,2_assembly:3;3_coverage:2;4_impossible:1,missing_lod22_geometry:3;pointcloud_unusable_no_points:3,3,가림:1;무텍스처:1;복합(소형+재질):1,,0.000,101.670,0.224,83.287,0.478,690861.173,5335924.800,691230.160,5336374.162,581.444,0,present,yes,present,yes,present,no,DEBY_LOD2_108250120;DEBY_LOD2_108580335;DEBY_LOD2_42364661;DEBY_LOD2_4906975;DEBY_LOD2_4906985;DEBY_LOD2_4906989;DEBY_LOD2_4906990;DEBY_LOD2_4906997;DEBY_LOD2_4906998;DEBY_LOD2_4907017;DEBY_LOD2_4907021;DEBY_LOD2_4907025;DEBY_LOD2_4907026;DEBY_LOD2_4907028;DEBY_LOD2_4908046;DEBY_LOD2_4908048;DEBY_LOD2_4908049;DEBY_LOD2_4908167;DEBY_LOD2_4959314;DEBY_LOD2_4959320;DEBY_LOD2_4959326;DEBY_LOD2_4959465;DEBY_LOD2_4959753;DEBY_LOD2_4959758;DEBY_LOD2_4959759;DEBY_LOD2_60042;DEBY_LOD2_60097;DEBY_LOD2_8573847;DEBY_LOD2_8573848
C284,284,no,,28,16,5,2,0,3,2_assembly:3;3_coverage:1;4_impossible:1,missing_lod22_geometry:3;pointcloud_unusable_no_points:2,2,무텍스처:1;복합(소형+재질):1,,0.035,104.745,0.234,86.766,0.480,690861.173,5335924.800,691230.160,5336374.162,581.444,0,present,yes,present,yes,present,no,DEBY_LOD2_108250120;DEBY_LOD2_108580335;DEBY_LOD2_42364661;DEBY_LOD2_4906975;DEBY_LOD2_4906985;DEBY_LOD2_4906989;DEBY_LOD2_4906990;DEBY_LOD2_4906997;DEBY_LOD2_4906998;DEBY_LOD2_4907017;DEBY_LOD2_4907025;DEBY_LOD2_4907026;DEBY_LOD2_4907028;DEBY_LOD2_4908046;DEBY_LOD2_4908048;DEBY_LOD2_4908049;DEBY_LOD2_4908167;DEBY_LOD2_4959314;DEBY_LOD2_4959320;DEBY_LOD2_4959326;DEBY_LOD2_4959465;DEBY_LOD2_4959753;DEBY_LOD2_4959758;DEBY_LOD2_4959759;DEBY_LOD2_60042;DEBY_LOD2_60097;DEBY_LOD2_8573847;DEBY_LOD2_8573848
C285,285,no,,18,10,2,0,0,2,2_assembly:2,missing_lod22_geometry:2,0,,,0.580,109.250,0.185,94.210,0.456,690876.700,5336076.700,691188.310,5336369.250,427.418,0,present,yes,present,yes,present,no,DEBY_LOD2_108250120;DEBY_LOD2_108580335;DEBY_LOD2_42364661;DEBY_LOD2_4906975;DEBY_LOD2_4906985;DEBY_LOD2_4906989;DEBY_LOD2_4906990;DEBY_LOD2_4907025;DEBY_LOD2_4908048;DEBY_LOD2_4959314;DEBY_LOD2_4959326;DEBY_LOD2_4959465;DEBY_LOD2_4959753;DEBY_LOD2_4959758;DEBY_LOD2_4959759;DEBY_LOD2_60042;DEBY_LOD2_8573847;DEBY_LOD2_8573848
C286,286,no,,20,11,2,0,0,2,2_assembly:2,missing_lod22_geometry:2,0,,,0.370,101.890,0.185,90.599,0.468,690876.700,5336076.700,691188.310,5336374.162,430.795,0,present,yes,present,yes,present,no,DEBY_LOD2_108250120;DEBY_LOD2_108580335;DEBY_LOD2_42364661;DEBY_LOD2_4906975;DEBY_LOD2_4906985;DEBY_LOD2_4906989;DEBY_LOD2_4906990;DEBY_LOD2_4906997;DEBY_LOD2_4906998;DEBY_LOD2_4907025;DEBY_LOD2_4908046;DEBY_LOD2_4959314;DEBY_LOD2_4959326;DEBY_LOD2_4959465;DEBY_LOD2_4959753;DEBY_LOD2_4959758;DEBY_LOD2_4959759;DEBY_LOD2_60042;DEBY_LOD2_8573847;DEBY_LOD2_8573848
C287,287,no,,19,10,2,0,0,2,2_assembly:2,missing_lod22_geometry:2,0,,,0.430,95.960,0.183,90.245,0.462,690876.700,5336076.700,691188.310,5336374.162,430.795,0,present,yes,present,yes,present,no,DEBY_LOD2_108250120;DEBY_LOD2_108580335;DEBY_LOD2_42364661;DEBY_LOD2_4906975;DEBY_LOD2_4906985;DEBY_LOD2_4906989;DEBY_LOD2_4906990;DEBY_LOD2_4906997;DEBY_LOD2_4906998;DEBY_LOD2_4908046;DEBY_LOD2_4959314;DEBY_LOD2_4959326;DEBY_LOD2_4959465;DEBY_LOD2_4959753;DEBY_LOD2_4959758;DEBY_LOD2_4959759;DEBY_LOD2_60042;DEBY_LOD2_8573847;DEBY_LOD2_8573848
C288,288,no,,21,12,3,0,0,3,2_assembly:3,missing_lod22_geometry:3,0,,,0.310,107.820,0.188,90.953,0.474,690876.700,5335924.800,691230.160,5336369.250,567.864,0,present,yes,present,yes,present,no,DEBY_LOD2_108250120;DEBY_LOD2_108580335;DEBY_LOD2_42364661;DEBY_LOD2_4906975;DEBY_LOD2_4906985;DEBY_LOD2_4906989;DEBY_LOD2_4906990;DEBY_LOD2_4906998;DEBY_LOD2_4907025;DEBY_LOD2_4908046;DEBY_LOD2_4908048;DEBY_LOD2_4959314;DEBY_LOD2_4959320;DEBY_LOD2_4959326;DEBY_LOD2_4959465;DEBY_LOD2_4959753;DEBY_LOD2_4959758;DEBY_LOD2_4959759;DEBY_LOD2_60042;DEBY_LOD2_8573847;DEBY_LOD2_8573848
C289,289,no,,20,12,2,0,0,2,2_assembly:2,missing_lod22_geometry:2,0,,,0.370,101.890,0.185,90.599,0.476,690876.700,5335924.800,691230.160,5336369.250,567.864,0,present,yes,present,yes,present,no,DEBY_LOD2_108250120;DEBY_LOD2_108580335;DEBY_LOD2_42364661;DEBY_LOD2_4906975;DEBY_LOD2_4906985;DEBY_LOD2_4906989;DEBY_LOD2_4906990;DEBY_LOD2_4906998;DEBY_LOD2_4907025;DEBY_LOD2_4908048;DEBY_LOD2_4959314;DEBY_LOD2_4959320;DEBY_LOD2_4959326;DEBY_LOD2_4959465;DEBY_LOD2_4959753;DEBY_LOD2_4959758;DEBY_LOD2_4959759;DEBY_LOD2_60042;DEBY_LOD2_8573847;DEBY_LOD2_8573848
C290,290,no,,19,11,2,0,0,2,2_assembly:2,missing_lod22_geometry:2,0,,,0.430,107.820,0.183,90.953,0.474,690876.700,5335924.800,691230.160,5336369.250,567.864,0,present,yes,present,yes,present,no,DEBY_LOD2_108250120;DEBY_LOD2_108580335;DEBY_LOD2_42364661;DEBY_LOD2_4906975;DEBY_LOD2_4906985;DEBY_LOD2_4906989;DEBY_LOD2_4906990;DEBY_LOD2_4907025;DEBY_LOD2_4908048;DEBY_LOD2_4959314;DEBY_LOD2_4959320;DEBY_LOD2_4959326;DEBY_LOD2_4959465;DEBY_LOD2_4959753;DEBY_LOD2_4959758;DEBY_LOD2_4959759;DEBY_LOD2_60042;DEBY_LOD2_8573847;DEBY_LOD2_8573848
C291,291,no,,21,12,3,0,0,3,2_assembly:3,missing_lod22_geometry:3,0,,,0.310,107.820,0.188,90.953,0.462,690876.499,5335924.800,691230.160,5336369.250,567.989,0,present,yes,present,yes,present,no,DEBY_LOD2_108250120;DEBY_LOD2_108580335;DEBY_LOD2_42364661;DEBY_LOD2_4906975;DEBY_LOD2_4906985;DEBY_LOD2_4906989;DEBY_LOD2_4906990;DEBY_LOD2_4907025;DEBY_LOD2_4907026;DEBY_LOD2_4908046;DEBY_LOD2_4908048;DEBY_LOD2_4959314;DEBY_LOD2_4959320;DEBY_LOD2_4959326;DEBY_LOD2_4959465;DEBY_LOD2_4959753;DEBY_LOD2_4959758;DEBY_LOD2_4959759;DEBY_LOD2_60042;DEBY_LOD2_8573847;DEBY_LOD2_8573848
C292,292,no,,20,12,2,0,0,2,2_assembly:2,missing_lod22_geometry:2,0,,,0.370,104.745,0.185,90.599,0.456,690876.499,5335924.800,691230.160,5336369.250,567.989,0,present,yes,present,yes,present,no,DEBY_LOD2_108250120;DEBY_LOD2_108580335;DEBY_LOD2_42364661;DEBY_LOD2_4906975;DEBY_LOD2_4906985;DEBY_LOD2_4906989;DEBY_LOD2_4906990;DEBY_LOD2_4907025;DEBY_LOD2_4907026;DEBY_LOD2_4908048;DEBY_LOD2_4959314;DEBY_LOD2_4959320;DEBY_LOD2_4959326;DEBY_LOD2_4959465;DEBY_LOD2_4959753;DEBY_LOD2_4959758;DEBY_LOD2_4959759;DEBY_LOD2_60042;DEBY_LOD2_8573847;DEBY_LOD2_8573848
C293,293,no,,22,12,3,0,0,3,2_assembly:3,missing_lod22_geometry:3,0,,,0.190,101.890,0.185,90.599,0.468,690876.700,5335924.800,691230.160,5336374.162,571.717,0,present,yes,present,yes,present,no,DEBY_LOD2_108250120;DEBY_LOD2_108580335;DEBY_LOD2_42364661;DEBY_LOD2_4906975;DEBY_LOD2_4906985;DEBY_LOD2_4906989;DEBY_LOD2_4906990;DEBY_LOD2_4906997;DEBY_LOD2_4906998;DEBY_LOD2_4907025;DEBY_LOD2_4908046;DEBY_LOD2_4908048;DEBY_LOD2_4959314;DEBY_LOD2_4959320;DEBY_LOD2_4959326;DEBY_LOD2_4959465;DEBY_LOD2_4959753;DEBY_LOD2_4959758;DEBY_LOD2_4959759;DEBY_LOD2_60042;DEBY_LOD2_8573847;DEBY_LOD2_8573848
C294,294,no,,22,10,7,5,0,2,1_textureless:4;2_assembly:2;4_impossible:1,missing_lod22_geometry:2;pointcloud_unusable_no_points:5,5,무텍스처:2;복합(소형+가림):1;복합(소형+재질):1;복합(저조도+가림):1,DEBY_LOD2_104586480,0.045,130.065,0.117,84.546,0.555,690729.070,5335907.180,690928.630,5336096.540,275.103,0,present,yes,present,yes,present,no,DEBY_LOD2_104586480;DEBY_LOD2_108247349;DEBY_LOD2_108247350;DEBY_LOD2_108247351;DEBY_LOD2_108247714;DEBY_LOD2_4906965;DEBY_LOD2_4907194;DEBY_LOD2_4907195;DEBY_LOD2_4907198;DEBY_LOD2_4907199;DEBY_LOD2_4907202;DEBY_LOD2_4907208;DEBY_LOD2_4907505;DEBY_LOD2_4907508;DEBY_LOD2_4908178;DEBY_LOD2_4908179;DEBY_LOD2_4908351;DEBY_LOD2_4908354;DEBY_LOD2_60109;DEBY_LOD2_8568391;DEBY_LOD2_8568392;DEBY_LOD2_8568403
C295,295,no,,23,11,7,5,0,2,1_textureless:4;2_assembly:2;4_impossible:1,missing_lod22_geometry:2;pointcloud_unusable_no_points:5,5,무텍스처:2;복합(소형+가림):1;복합(소형+재질):1;복합(저조도+가림):1,DEBY_LOD2_104586480,0.090,131.890,0.121,84.618,0.549,690729.070,5335907.180,690928.630,5336104.576,280.694,0,present,yes,present,yes,present,no,DEBY_LOD2_104586480;DEBY_LOD2_108247349;DEBY_LOD2_108247350;DEBY_LOD2_108247351;DEBY_LOD2_108247714;DEBY_LOD2_4906965;DEBY_LOD2_4907185;DEBY_LOD2_4907194;DEBY_LOD2_4907195;DEBY_LOD2_4907198;DEBY_LOD2_4907199;DEBY_LOD2_4907202;DEBY_LOD2_4907208;DEBY_LOD2_4907505;DEBY_LOD2_4907508;DEBY_LOD2_4908178;DEBY_LOD2_4908179;DEBY_LOD2_4908351;DEBY_LOD2_4908354;DEBY_LOD2_60109;DEBY_LOD2_8568391;DEBY_LOD2_8568392;DEBY_LOD2_8568403
C296,296,no,,21,10,7,5,0,2,1_textureless:4;2_assembly:2;4_impossible:1,missing_lod22_geometry:2;pointcloud_unusable_no_points:5,5,무텍스처:2;복합(소형+가림):1;복합(소형+재질):1;복합(저조도+가림):1,DEBY_LOD2_104586480,0.320,135.580,0.124,86.069,0.549,690729.070,5335907.180,690944.530,5336087.310,280.838,0,present,yes,present,yes,present,no,DEBY_LOD2_104586480;DEBY_LOD2_108247349;DEBY_LOD2_108247350;DEBY_LOD2_108247351;DEBY_LOD2_108247714;DEBY_LOD2_4906965;DEBY_LOD2_4906967;DEBY_LOD2_4907198;DEBY_LOD2_4907199;DEBY_LOD2_4907202;DEBY_LOD2_4907208;DEBY_LOD2_4907505;DEBY_LOD2_4907508;DEBY_LOD2_4908178;DEBY_LOD2_4908179;DEBY_LOD2_4908351;DEBY_LOD2_4908354;DEBY_LOD2_60109;DEBY_LOD2_8568391;DEBY_LOD2_8568392;DEBY_LOD2_8568403
C297,297,no,,20,10,6,4,0,2,1_textureless:3;2_assembly:2;4_impossible:1,missing_lod22_geometry:2;pointcloud_unusable_no_points:4,4,무텍스처:2;복합(소형+재질):1;복합(저조도+가림):1,DEBY_LOD2_104586480,0.510,133.870,0.132,86.471,0.549,690729.070,5335907.180,690944.530,5336087.310,280.838,0,present,yes,present,yes,present,no,DEBY_LOD2_104586480;DEBY_LOD2_108247349;DEBY_LOD2_108247351;DEBY_LOD2_108247714;DEBY_LOD2_4906965;DEBY_LOD2_4906967;DEBY_LOD2_4907198;DEBY_LOD2_4907199;DEBY_LOD2_4907202;DEBY_LOD2_4907208;DEBY_LOD2_4907505;DEBY_LOD2_4907508;DEBY_LOD2_4908178;DEBY_LOD2_4908179;DEBY_LOD2_4908351;DEBY_LOD2_4908354;DEBY_LOD2_60109;DEBY_LOD2_8568391;DEBY_LOD2_8568392;DEBY_LOD2_8568403
C298,298,no,,19,10,5,3,0,2,1_textureless:2;2_assembly:2;4_impossible:1,missing_lod22_geometry:2;pointcloud_unusable_no_points:3,3,무텍스처:2;복합(소형+재질):1,DEBY_LOD2_104586480,0.700,135.850,0.140,86.872,0.549,690729.070,5335907.180,690944.530,5336087.310,280.838,0,present,yes,present,yes,present,no,DEBY_LOD2_104586480;DEBY_LOD2_108247349;DEBY_LOD2_108247714;DEBY_LOD2_4906965;DEBY_LOD2_4906967;DEBY_LOD2_4907198;DEBY_LOD2_4907199;DEBY_LOD2_4907202;DEBY_LOD2_4907208;DEBY_LOD2_4907505;DEBY_LOD2_4907508;DEBY_LOD2_4908178;DEBY_LOD2_4908179;DEBY_LOD2_4908351;DEBY_LOD2_4908354;DEBY_LOD2_60109;DEBY_LOD2_8568391;DEBY_LOD2_8568392;DEBY_LOD2_8568403
C299,299,no,,23,11,7,5,0,2,1_textureless:4;2_assembly:2;4_impossible:1,missing_lod22_geometry:2;pointcloud_unusable_no_points:5,5,무텍스처:2;복합(소형+가림):1;복합(소형+재질):1;복합(저조도+가림):1,DEBY_LOD2_104586480,0.090,131.890,0.121,84.618,0.549,690729.070,5335907.180,690944.530,5336096.540,286.845,0,present,yes,present,yes,present,no,DEBY_LOD2_104586480;DEBY_LOD2_108247349;DEBY_LOD2_108247350;DEBY_LOD2_108247351;DEBY_LOD2_108247714;DEBY_LOD2_4906965;DEBY_LOD2_4906967;DEBY_LOD2_4907194;DEBY_LOD2_4907195;DEBY_LOD2_4907198;DEBY_LOD2_4907199;DEBY_LOD2_4907202;DEBY_LOD2_4907208;DEBY_LOD2_4907505;DEBY_LOD2_4907508;DEBY_LOD2_4908178;DEBY_LOD2_4908179;DEBY_LOD2_4908351;DEBY_LOD2_4908354;DEBY_LOD2_60109;DEBY_LOD2_8568391;DEBY_LOD2_8568392;DEBY_LOD2_8568403
C300,300,no,,25,13,7,5,0,2,1_textureless:4;2_assembly:2;4_impossible:1,missing_lod22_geometry:2;pointcloud_unusable_no_points:5,5,무텍스처:2;복합(소형+가림):1;복합(소형+재질):1;복합(저조도+가림):1,DEBY_LOD2_104586480,0.090,131.890,0.124,84.618,0.549,690729.070,5335907.180,690928.630,5336115.932,288.793,0,present,yes,present,yes,present,no,DEBY_LOD2_104586480;DEBY_LOD2_108247349;DEBY_LOD2_108247350;DEBY_LOD2_108247351;DEBY_LOD2_108247714;DEBY_LOD2_4906965;DEBY_LOD2_4907184;DEBY_LOD2_4907185;DEBY_LOD2_4907186;DEBY_LOD2_4907194;DEBY_LOD2_4907195;DEBY_LOD2_4907198;DEBY_LOD2_4907199;DEBY_LOD2_4907202;DEBY_LOD2_4907208;DEBY_LOD2_4907505;DEBY_LOD2_4907508;DEBY_LOD2_4908178;DEBY_LOD2_4908179;DEBY_LOD2_4908351;DEBY_LOD2_4908354;DEBY_LOD2_60109;DEBY_LOD2_8568391;DEBY_LOD2_8568392;DEBY_LOD2_8568403
C301,301,no,,24,12,7,5,0,2,1_textureless:4;2_assembly:2;4_impossible:1,missing_lod22_geometry:2;pointcloud_unusable_no_points:5,5,무텍스처:2;복합(소형+가림):1;복합(소형+재질):1;복합(저조도+가림):1,DEBY_LOD2_104586480,0.045,130.065,0.122,84.546,0.555,690729.070,5335907.180,690928.630,5336115.932,288.793,0,present,yes,present,yes,present,no,DEBY_LOD2_104586480;DEBY_LOD2_108247349;DEBY_LOD2_108247350;DEBY_LOD2_108247351;DEBY_LOD2_108247714;DEBY_LOD2_4906965;DEBY_LOD2_4907185;DEBY_LOD2_4907186;DEBY_LOD2_4907194;DEBY_LOD2_4907195;DEBY_LOD2_4907198;DEBY_LOD2_4907199;DEBY_LOD2_4907202;DEBY_LOD2_4907208;DEBY_LOD2_4907505;DEBY_LOD2_4907508;DEBY_LOD2_4908178;DEBY_LOD2_4908179;DEBY_LOD2_4908351;DEBY_LOD2_4908354;DEBY_LOD2_60109;DEBY_LOD2_8568391;DEBY_LOD2_8568392;DEBY_LOD2_8568403
C302,302,no,,28,16,7,5,0,2,1_textureless:4;2_assembly:2;4_impossible:1,missing_lod22_geometry:2;pointcloud_unusable_no_points:5,5,무텍스처:2;복합(소형+가림):1;복합(소형+재질):1;복합(저조도+가림):1,DEBY_LOD2_104586480,0.045,133.435,0.132,84.546,0.555,690729.070,5335907.180,690928.630,5336120.410,292.047,0,present,yes,present,yes,present,no,DEBY_LOD2_104586480;DEBY_LOD2_108247349;DEBY_LOD2_108247350;DEBY_LOD2_108247351;DEBY_LOD2_108247714;DEBY_LOD2_4906965;DEBY_LOD2_4907184;DEBY_LOD2_4907185;DEBY_LOD2_4907186;DEBY_LOD2_4907188;DEBY_LOD2_4907194;DEBY_LOD2_4907195;DEBY_LOD2_4907198;DEBY_LOD2_4907199;DEBY_LOD2_4907202;DEBY_LOD2_4907208;DEBY_LOD2_4907505;DEBY_LOD2_4907508;DEBY_LOD2_4908168;DEBY_LOD2_4908178;DEBY_LOD2_4908179;DEBY_LOD2_4908351;DEBY_LOD2_4908354;DEBY_LOD2_60098;DEBY_LOD2_60109;DEBY_LOD2_8568391;DEBY_LOD2_8568392;DEBY_LOD2_8568403
C303,303,no,,27,15,7,5,0,2,1_textureless:4;2_assembly:2;4_impossible:1,missing_lod22_geometry:2;pointcloud_unusable_no_points:5,5,무텍스처:2;복합(소형+가림):1;복합(소형+재질):1;복합(저조도+가림):1,DEBY_LOD2_104586480,0.000,131.890,0.124,84.473,0.549,690729.070,5335907.180,690928.630,5336120.410,292.047,0,present,yes,present,yes,present,no,DEBY_LOD2_104586480;DEBY_LOD2_108247349;DEBY_LOD2_108247350;DEBY_LOD2_108247351;DEBY_LOD2_108247714;DEBY_LOD2_4906965;DEBY_LOD2_4907184;DEBY_LOD2_4907185;DEBY_LOD2_4907186;DEBY_LOD2_4907188;DEBY_LOD2_4907194;DEBY_LOD2_4907195;DEBY_LOD2_4907198;DEBY_LOD2_4907199;DEBY_LOD2_4907202;DEBY_LOD2_4907208;DEBY_LOD2_4907505;DEBY_LOD2_4907508;DEBY_LOD2_4908178;DEBY_LOD2_4908179;DEBY_LOD2_4908351;DEBY_LOD2_4908354;DEBY_LOD2_60098;DEBY_LOD2_60109;DEBY_LOD2_8568391;DEBY_LOD2_8568392;DEBY_LOD2_8568403
C304,304,no,,26,14,7,5,0,2,1_textureless:4;2_assembly:2;4_impossible:1,missing_lod22_geometry:2;pointcloud_unusable_no_points:5,5,무텍스처:2;복합(소형+가림):1;복합(소형+재질):1;복합(저조도+가림):1,DEBY_LOD2_104586480,0.045,131.880,0.122,84.546,0.555,690729.070,5335907.180,690928.630,5336120.410,292.047,0,present,yes,present,yes,present,no,DEBY_LOD2_104586480;DEBY_LOD2_108247349;DEBY_LOD2_108247350;DEBY_LOD2_108247351;DEBY_LOD2_108247714;DEBY_LOD2_4906965;DEBY_LOD2_4907184;DEBY_LOD2_4907185;DEBY_LOD2_4907186;DEBY_LOD2_4907188;DEBY_LOD2_4907194;DEBY_LOD2_4907195;DEBY_LOD2_4907198;DEBY_LOD2_4907199;DEBY_LOD2_4907202;DEBY_LOD2_4907208;DEBY_LOD2_4907505;DEBY_LOD2_4907508;DEBY_LOD2_4908178;DEBY_LOD2_4908179;DEBY_LOD2_4908351;DEBY_LOD2_4908354;DEBY_LOD2_60109;DEBY_LOD2_8568391;DEBY_LOD2_8568392;DEBY_LOD2_8568403
C305,305,no,,24,12,7,5,0,2,1_textureless:4;2_assembly:2;4_impossible:1,missing_lod22_geometry:2;pointcloud_unusable_no_points:5,5,무텍스처:2;복합(소형+가림):1;복합(소형+재질):1;복합(저조도+가림):1,DEBY_LOD2_104586480,0.205,133.735,0.122,85.344,0.549,690729.070,5335907.180,690944.530,5336104.576,292.213,0,present,yes,present,yes,present,no,DEBY_LOD2_104586480;DEBY_LOD2_108247349;DEBY_LOD2_108247350;DEBY_LOD2_108247351;DEBY_LOD2_108247714;DEBY_LOD2_4906965;DEBY_LOD2_4906967;DEBY_LOD2_4907185;DEBY_LOD2_4907194;DEBY_LOD2_4907195;DEBY_LOD2_4907198;DEBY_LOD2_4907199;DEBY_LOD2_4907202;DEBY_LOD2_4907208;DEBY_LOD2_4907505;DEBY_LOD2_4907508;DEBY_LOD2_4908178;DEBY_LOD2_4908179;DEBY_LOD2_4908351;DEBY_LOD2_4908354;DEBY_LOD2_60109;DEBY_LOD2_8568391;DEBY_LOD2_8568392;DEBY_LOD2_8568403
C306,306,no,,15,10,3,1,0,2,1_textureless:1;2_assembly:2,missing_lod22_geometry:2;pointcloud_unusable_no_points:1,1,무텍스처:1,DEBY_LOD2_104586480,1.940,136.280,0.220,116.357,0.506,690729.070,5335883.810,690975.600,5336048.060,296.235,0,present,yes,present,yes,present,no,DEBY_LOD2_104586480;DEBY_LOD2_108247714;DEBY_LOD2_4906965;DEBY_LOD2_4906967;DEBY_LOD2_4907202;DEBY_LOD2_4907208;DEBY_LOD2_4907505;DEBY_LOD2_4907508;DEBY_LOD2_4907520;DEBY_LOD2_4908178;DEBY_LOD2_4908351;DEBY_LOD2_4908354;DEBY_LOD2_60109;DEBY_LOD2_8568391;DEBY_LOD2_8568403
C307,307,no,,20,11,5,3,0,2,1_textureless:2;2_assembly:2;4_impossible:1,missing_lod22_geometry:2;pointcloud_unusable_no_points:3,3,무텍스처:2;복합(소형+재질):1,DEBY_LOD2_104586480,0.860,136.065,0.144,90.730,0.542,690729.070,5335907.180,690944.530,5336111.925,297.226,0,present,yes,present,yes,present,no,DEBY_LOD2_104586480;DEBY_LOD2_108247349;DEBY_LOD2_108247714;DEBY_LOD2_4906965;DEBY_LOD2_4906967;DEBY_LOD2_4907184;DEBY_LOD2_4907198;DEBY_LOD2_4907199;DEBY_LOD2_4907202;DEBY_LOD2_4907208;DEBY_LOD2_4907505;DEBY_LOD2_4907508;DEBY_LOD2_4908178;DEBY_LOD2_4908179;DEBY_LOD2_4908351;DEBY_LOD2_4908354;DEBY_LOD2_60109;DEBY_LOD2_8568391;DEBY_LOD2_8568392;DEBY_LOD2_8568403
C308,308,no,,25,13,7,5,0,2,1_textureless:4;2_assembly:2;4_impossible:1,missing_lod22_geometry:2;pointcloud_unusable_no_points:5,5,무텍스처:2;복합(소형+가림):1;복합(소형+재질):1;복합(저조도+가림):1,DEBY_LOD2_104586480,0.090,131.890,0.124,84.618,0.549,690729.070,5335907.180,690944.530,5336115.932,300.001,0,present,yes,present,yes,present,no,DEBY_LOD2_104586480;DEBY_LOD2_108247349;DEBY_LOD2_108247350;DEBY_LOD2_108247351;DEBY_LOD2_108247714;DEBY_LOD2_4906965;DEBY_LOD2_4906967;DEBY_LOD2_4907185;DEBY_LOD2_4907186;DEBY_LOD2_4907194;DEBY_LOD2_4907195;DEBY_LOD2_4907198;DEBY_LOD2_4907199;DEBY_LOD2_4907202;DEBY_LOD2_4907208;DEBY_LOD2_4907505;DEBY_LOD2_4907508;DEBY_LOD2_4908178;DEBY_LOD2_4908179;DEBY_LOD2_4908351;DEBY_LOD2_4908354;DEBY_LOD2_60109;DEBY_LOD2_8568391;DEBY_LOD2_8568392;DEBY_LOD2_8568403
C309,309,no,,16,10,3,1,0,2,1_textureless:1;2_assembly:2,missing_lod22_geometry:2;pointcloud_unusable_no_points:1,1,무텍스처:1,DEBY_LOD2_104586480,1.480,136.065,0.195,106.367,0.475,690729.070,5335883.810,690975.600,5336057.150,301.370,0,present,yes,present,yes,present,no,DEBY_LOD2_104586480;DEBY_LOD2_108247714;DEBY_LOD2_4906965;DEBY_LOD2_4906967;DEBY_LOD2_4907202;DEBY_LOD2_4907208;DEBY_LOD2_4907505;DEBY_LOD2_4907508;DEBY_LOD2_4907520;DEBY_LOD2_4908178;DEBY_LOD2_4908179;DEBY_LOD2_4908351;DEBY_LOD2_4908354;DEBY_LOD2_60109;DEBY_LOD2_8568391;DEBY_LOD2_8568403
C310,310,no,,29,17,7,5,0,2,1_textureless:4;2_assembly:2;4_impossible:1,missing_lod22_geometry:2;pointcloud_unusable_no_points:5,5,무텍스처:2;복합(소형+가림):1;복합(소형+재질):1;복합(저조도+가림):1,DEBY_LOD2_104586480,0.090,134.980,0.140,84.618,0.549,690729.070,5335907.180,690944.530,5336120.410,303.134,0,present,yes,present,yes,present,no,DEBY_LOD2_104586480;DEBY_LOD2_108247349;DEBY_LOD2_108247350;DEBY_LOD2_108247351;DEBY_LOD2_108247714;DEBY_LOD2_4906965;DEBY_LOD2_4906967;DEBY_LOD2_4907184;DEBY_LOD2_4907185;DEBY_LOD2_4907186;DEBY_LOD2_4907188;DEBY_LOD2_4907194;DEBY_LOD2_4907195;DEBY_LOD2_4907198;DEBY_LOD2_4907199;DEBY_LOD2_4907202;DEBY_LOD2_4907208;DEBY_LOD2_4907505;DEBY_LOD2_4907508;DEBY_LOD2_4908168;DEBY_LOD2_4908178;DEBY_LOD2_4908179;DEBY_LOD2_4908351;DEBY_LOD2_4908354;DEBY_LOD2_60098;DEBY_LOD2_60109;DEBY_LOD2_8568391;DEBY_LOD2_8568392;DEBY_LOD2_8568403
C311,311,no,,28,16,7,5,0,2,1_textureless:4;2_assembly:2;4_impossible:1,missing_lod22_geometry:2;pointcloud_unusable_no_points:5,5,무텍스처:2;복합(소형+가림):1;복합(소형+재질):1;복합(저조도+가림):1,DEBY_LOD2_104586480,0.045,133.435,0.132,84.546,0.549,690729.070,5335907.180,690944.530,5336120.410,303.134,0,present,yes,present,yes,present,no,DEBY_LOD2_104586480;DEBY_LOD2_108247349;DEBY_LOD2_108247350;DEBY_LOD2_108247351;DEBY_LOD2_108247714;DEBY_LOD2_4906965;DEBY_LOD2_4906967;DEBY_LOD2_4907184;DEBY_LOD2_4907185;DEBY_LOD2_4907186;DEBY_LOD2_4907188;DEBY_LOD2_4907194;DEBY_LOD2_4907195;DEBY_LOD2_4907198;DEBY_LOD2_4907199;DEBY_LOD2_4907202;DEBY_LOD2_4907208;DEBY_LOD2_4907505;DEBY_LOD2_4907508;DEBY_LOD2_4908178;DEBY_LOD2_4908179;DEBY_LOD2_4908351;DEBY_LOD2_4908354;DEBY_LOD2_60098;DEBY_LOD2_60109;DEBY_LOD2_8568391;DEBY_LOD2_8568392;DEBY_LOD2_8568403
C312,312,no,,27,15,7,5,0,2,1_textureless:4;2_assembly:2;4_impossible:1,missing_lod22_geometry:2;pointcloud_unusable_no_points:5,5,무텍스처:2;복합(소형+가림):1;복합(소형+재질):1;복합(저조도+가림):1,DEBY_LOD2_104586480,0.090,131.890,0.124,84.618,0.549,690729.070,5335907.180,690944.530,5336120.410,303.134,0,present,yes,present,yes,present,no,DEBY_LOD2_104586480;DEBY_LOD2_108247349;DEBY_LOD2_108247350;DEBY_LOD2_108247351;DEBY_LOD2_108247714;DEBY_LOD2_4906965;DEBY_LOD2_4906967;DEBY_LOD2_4907184;DEBY_LOD2_4907185;DEBY_LOD2_4907186;DEBY_LOD2_4907188;DEBY_LOD2_4907194;DEBY_LOD2_4907195;DEBY_LOD2_4907198;DEBY_LOD2_4907199;DEBY_LOD2_4907202;DEBY_LOD2_4907208;DEBY_LOD2_4907505;DEBY_LOD2_4907508;DEBY_LOD2_4908178;DEBY_LOD2_4908179;DEBY_LOD2_4908351;DEBY_LOD2_4908354;DEBY_LOD2_60109;DEBY_LOD2_8568391;DEBY_LOD2_8568392;DEBY_LOD2_8568403
C313,313,no,,26,14,7,5,0,2,1_textureless:4;2_assembly:2;4_impossible:1,missing_lod22_geometry:2;pointcloud_unusable_no_points:5,5,무텍스처:2;복합(소형+가림):1;복합(소형+재질):1;복합(저조도+가림):1,DEBY_LOD2_104586480,0.045,131.880,0.122,84.546,0.555,690729.070,5335907.180,690944.530,5336120.410,303.134,0,present,yes,present,yes,present,no,DEBY_LOD2_104586480;DEBY_LOD2_108247349;DEBY_LOD2_108247350;DEBY_LOD2_108247351;DEBY_LOD2_108247714;DEBY_LOD2_4906965;DEBY_LOD2_4906967;DEBY_LOD2_4907185;DEBY_LOD2_4907186;DEBY_LOD2_4907188;DEBY_LOD2_4907194;DEBY_LOD2_4907195;DEBY_LOD2_4907198;DEBY_LOD2_4907199;DEBY_LOD2_4907202;DEBY_LOD2_4907208;DEBY_LOD2_4907505;DEBY_LOD2_4907508;DEBY_LOD2_4908178;DEBY_LOD2_4908179;DEBY_LOD2_4908351;DEBY_LOD2_4908354;DEBY_LOD2_60109;DEBY_LOD2_8568391;DEBY_LOD2_8568392;DEBY_LOD2_8568403
C314,314,no,,19,10,5,3,0,2,1_textureless:2;2_assembly:2;4_impossible:1,missing_lod22_geometry:2;pointcloud_unusable_no_points:3,3,무텍스처:2;복합(소형+재질):1,DEBY_LOD2_104586480,1.020,135.850,0.147,94.587,0.536,690729.070,5335883.810,690975.600,5336063.540,305.090,0,present,yes,present,yes,present,no,DEBY_LOD2_104586480;DEBY_LOD2_108247349;DEBY_LOD2_108247714;DEBY_LOD2_4906965;DEBY_LOD2_4906967;DEBY_LOD2_4907199;DEBY_LOD2_4907202;DEBY_LOD2_4907208;DEBY_LOD2_4907505;DEBY_LOD2_4907508;DEBY_LOD2_4907520;DEBY_LOD2_4908178;DEBY_LOD2_4908179;DEBY_LOD2_4908351;DEBY_LOD2_4908354;DEBY_LOD2_60109;DEBY_LOD2_8568391;DEBY_LOD2_8568392;DEBY_LOD2_8568403
C315,315,no,,18,10,4,2,0,2,1_textureless:1;2_assembly:2;4_impossible:1,missing_lod22_geometry:2;pointcloud_unusable_no_points:2,2,무텍스처:2,DEBY_LOD2_104586480,0.860,133.870,0.158,91.624,0.521,690729.070,5335883.810,690975.600,5336063.540,305.090,0,present,yes,present,yes,present,no,DEBY_LOD2_104586480;DEBY_LOD2_108247349;DEBY_LOD2_108247714;DEBY_LOD2_4906965;DEBY_LOD2_4906967;DEBY_LOD2_4907199;DEBY_LOD2_4907202;DEBY_LOD2_4907208;DEBY_LOD2_4907505;DEBY_LOD2_4907508;DEBY_LOD2_4907520;DEBY_LOD2_4908178;DEBY_LOD2_4908179;DEBY_LOD2_4908351;DEBY_LOD2_4908354;DEBY_LOD2_60109;DEBY_LOD2_8568391;DEBY_LOD2_8568403
C316,316,no,,17,10,3,1,0,2,1_textureless:1;2_assembly:2,missing_lod22_geometry:2;pointcloud_unusable_no_points:1,1,무텍스처:1,DEBY_LOD2_104586480,1.020,135.850,0.169,96.377,0.506,690729.070,5335883.810,690975.600,5336063.540,305.090,0,present,yes,present,yes,present,no,DEBY_LOD2_104586480;DEBY_LOD2_108247349;DEBY_LOD2_108247714;DEBY_LOD2_4906965;DEBY_LOD2_4906967;DEBY_LOD2_4907202;DEBY_LOD2_4907208;DEBY_LOD2_4907505;DEBY_LOD2_4907508;DEBY_LOD2_4907520;DEBY_LOD2_4908178;DEBY_LOD2_4908179;DEBY_LOD2_4908351;DEBY_LOD2_4908354;DEBY_LOD2_60109;DEBY_LOD2_8568391;DEBY_LOD2_8568403
C317,317,no,,30,17,7,5,0,2,1_textureless:4;2_assembly:2;4_impossible:1,missing_lod22_geometry:2;pointcloud_unusable_no_points:5,5,무텍스처:2;복합(소형+가림):1;복합(소형+재질):1;복합(저조도+가림):1,DEBY_LOD2_104586480,0.045,135.280,0.132,84.546,0.555,690729.070,5335907.180,690944.530,5336134.225,313.006,0,present,yes,present,yes,present,no,DEBY_LOD2_104586480;DEBY_LOD2_108247349;DEBY_LOD2_108247350;DEBY_LOD2_108247351;DEBY_LOD2_108247714;DEBY_LOD2_4906965;DEBY_LOD2_4906967;DEBY_LOD2_4907184;DEBY_LOD2_4907185;DEBY_LOD2_4907186;DEBY_LOD2_4907188;DEBY_LOD2_4907194;DEBY_LOD2_4907195;DEBY_LOD2_4907198;DEBY_LOD2_4907199;DEBY_LOD2_4907202;DEBY_LOD2_4907208;DEBY_LOD2_4907505;DEBY_LOD2_4907508;DEBY_LOD2_4908168;DEBY_LOD2_4908172;DEBY_LOD2_4908178;DEBY_LOD2_4908179;DEBY_LOD2_4908351;DEBY_LOD2_4908354;DEBY_LOD2_60098;DEBY_LOD2_60109;DEBY_LOD2_8568391;DEBY_LOD2_8568392;DEBY_LOD2_8568403
C318,318,no,,15,10,3,1,0,2,1_textureless:1;2_assembly:2,missing_lod22_geometry:2;pointcloud_unusable_no_points:1,1,무텍스처:1,DEBY_LOD2_104586480,2.470,135.850,0.220,116.357,0.536,690729.070,5335874.970,690997.090,5336037.480,313.439,0,present,yes,present,yes,present,no,DEBY_LOD2_104586480;DEBY_LOD2_108247714;DEBY_LOD2_4906965;DEBY_LOD2_4906967;DEBY_LOD2_4907202;DEBY_LOD2_4907208;DEBY_LOD2_4907505;DEBY_LOD2_4907508;DEBY_LOD2_4907520;DEBY_LOD2_4907521;DEBY_LOD2_4908351;DEBY_LOD2_4908354;DEBY_LOD2_60109;DEBY_LOD2_8568391;DEBY_LOD2_8568403
C319,319,no,,15,12,3,1,0,2,1_textureless:1;2_assembly:2,missing_lod22_geometry:2;pointcloud_unusable_no_points:1,1,무텍스처:1,DEBY_LOD2_104586480,4.000,145.790,0.229,128.726,0.506,690786.390,5335883.810,690990.560,5336124.070,315.294,0,present,yes,present,yes,present,yes,DEBY_LOD2_104586480;DEBY_LOD2_108247714;DEBY_LOD2_4906965;DEBY_LOD2_4906967;DEBY_LOD2_4906975;DEBY_LOD2_4907184;DEBY_LOD2_4907202;DEBY_LOD2_4907505;DEBY_LOD2_4907508;DEBY_LOD2_4907520;DEBY_LOD2_4908178;DEBY_LOD2_4908351;DEBY_LOD2_4908354;DEBY_LOD2_8568391;DEBY_LOD2_8568403
C320,320,no,,16,11,3,1,0,2,1_textureless:1;2_assembly:2,missing_lod22_geometry:2;pointcloud_unusable_no_points:1,1,무텍스처:1,DEBY_LOD2_104586480,2.205,136.065,0.195,106.367,0.521,690729.070,5335874.970,690997.090,5336048.060,319.053,0,present,yes,present,yes,present,no,DEBY_LOD2_104586480;DEBY_LOD2_108247714;DEBY_LOD2_4906965;DEBY_LOD2_4906967;DEBY_LOD2_4907202;DEBY_LOD2_4907208;DEBY_LOD2_4907505;DEBY_LOD2_4907508;DEBY_LOD2_4907520;DEBY_LOD2_4907521;DEBY_LOD2_4908178;DEBY_LOD2_4908351;DEBY_LOD2_4908354;DEBY_LOD2_60109;DEBY_LOD2_8568391;DEBY_LOD2_8568403
C321,321,no,,22,11,7,5,0,2,1_textureless:4;2_assembly:2;4_impossible:1,missing_lod22_geometry:2;pointcloud_unusable_no_points:5,5,무텍스처:2;복합(소형+가림):1;복합(소형+재질):1;복합(저조도+가림):1,DEBY_LOD2_104586480,0.510,135.715,0.132,86.471,0.542,690729.070,5335883.810,690975.600,5336087.310,319.671,0,present,yes,present,yes,present,no,DEBY_LOD2_104586480;DEBY_LOD2_108247349;DEBY_LOD2_108247350;DEBY_LOD2_108247351;DEBY_LOD2_108247714;DEBY_LOD2_4906965;DEBY_LOD2_4906967;DEBY_LOD2_4907198;DEBY_LOD2_4907199;DEBY_LOD2_4907202;DEBY_LOD2_4907208;DEBY_LOD2_4907505;DEBY_LOD2_4907508;DEBY_LOD2_4907520;DEBY_LOD2_4908178;DEBY_LOD2_4908179;DEBY_LOD2_4908351;DEBY_LOD2_4908354;DEBY_LOD2_60109;DEBY_LOD2_8568391;DEBY_LOD2_8568392;DEBY_LOD2_8568403
C322,322,no,,21,11,6,4,0,2,1_textureless:3;2_assembly:2;4_impossible:1,missing_lod22_geometry:2;pointcloud_unusable_no_points:4,4,무텍스처:2;복합(소형+재질):1;복합(저조도+가림):1,DEBY_LOD2_104586480,0.700,135.850,0.140,86.872,0.549,690729.070,5335883.810,690975.600,5336087.310,319.671,0,present,yes,present,yes,present,no,DEBY_LOD2_104586480;DEBY_LOD2_108247349;DEBY_LOD2_108247351;DEBY_LOD2_108247714;DEBY_LOD2_4906965;DEBY_LOD2_4906967;DEBY_LOD2_4907198;DEBY_LOD2_4907199;DEBY_LOD2_4907202;DEBY_LOD2_4907208;DEBY_LOD2_4907505;DEBY_LOD2_4907508;DEBY_LOD2_4907520;DEBY_LOD2_4908178;DEBY_LOD2_4908179;DEBY_LOD2_4908351;DEBY_LOD2_4908354;DEBY_LOD2_60109;DEBY_LOD2_8568391;DEBY_LOD2_8568392;DEBY_LOD2_8568403
C323,323,no,,20,11,5,3,0,2,1_textureless:2;2_assembly:2;4_impossible:1,missing_lod22_geometry:2;pointcloud_unusable_no_points:3,3,무텍스처:2;복합(소형+재질):1,DEBY_LOD2_104586480,0.860,136.065,0.144,90.730,0.542,690729.070,5335883.810,690975.600,5336087.310,319.671,0,present,yes,present,yes,present,no,DEBY_LOD2_104586480;DEBY_LOD2_108247349;DEBY_LOD2_108247714;DEBY_LOD2_4906965;DEBY_LOD2_4906967;DEBY_LOD2_4907198;DEBY_LOD2_4907199;DEBY_LOD2_4907202;DEBY_LOD2_4907208;DEBY_LOD2_4907505;DEBY_LOD2_4907508;DEBY_LOD2_4907520;DEBY_LOD2_4908178;DEBY_LOD2_4908179;DEBY_LOD2_4908351;DEBY_LOD2_4908354;DEBY_LOD2_60109;DEBY_LOD2_8568391;DEBY_LOD2_8568392;DEBY_LOD2_8568403
C324,324,no,,23,12,7,5,0,2,1_textureless:4;2_assembly:2;4_impossible:1,missing_lod22_geometry:2;pointcloud_unusable_no_points:5,5,무텍스처:2;복합(소형+가림):1;복합(소형+재질):1;복합(저조도+가림):1,DEBY_LOD2_104586480,0.320,135.580,0.124,86.069,0.549,690729.070,5335883.810,690975.600,5336091.970,322.657,0,present,yes,present,yes,present,no,DEBY_LOD2_104586480;DEBY_LOD2_108247349;DEBY_LOD2_108247350;DEBY_LOD2_108247351;DEBY_LOD2_108247714;DEBY_LOD2_4906965;DEBY_LOD2_4906967;DEBY_LOD2_4907195;DEBY_LOD2_4907198;DEBY_LOD2_4907199;DEBY_LOD2_4907202;DEBY_LOD2_4907208;DEBY_LOD2_4907505;DEBY_LOD2_4907508;DEBY_LOD2_4907520;DEBY_LOD2_4908178;DEBY_LOD2_4908179;DEBY_LOD2_4908351;DEBY_LOD2_4908354;DEBY_LOD2_60109;DEBY_LOD2_8568391;DEBY_LOD2_8568392;DEBY_LOD2_8568403
C325,325,no,,21,15,5,3,0,2,1_textureless:2;2_assembly:2;4_impossible:1,missing_lod22_geometry:2;pointcloud_unusable_no_points:3,3,무텍스처:2;복합(소형+재질):1,DEBY_LOD2_104586480,1.940,143.750,0.220,127.033,0.549,690774.410,5335883.810,690990.560,5336124.070,323.181,0,present,yes,present,yes,present,yes,DEBY_LOD2_104586480;DEBY_LOD2_108247714;DEBY_LOD2_4906965;DEBY_LOD2_4906967;DEBY_LOD2_4906975;DEBY_LOD2_4907184;DEBY_LOD2_4907185;DEBY_LOD2_4907198;DEBY_LOD2_4907199;DEBY_LOD2_4907202;DEBY_LOD2_4907208;DEBY_LOD2_4907505;DEBY_LOD2_4907508;DEBY_LOD2_4907520;DEBY_LOD2_4908168;DEBY_LOD2_4908178;DEBY_LOD2_4908351;DEBY_LOD2_4908354;DEBY_LOD2_8568391;DEBY_LOD2_8568392;DEBY_LOD2_8568403
C326,326,no,,22,15,5,3,0,2,1_textureless:2;2_assembly:2;4_impossible:1,missing_lod22_geometry:2;pointcloud_unusable_no_points:3,3,무텍스처:2;복합(소형+재질):1,DEBY_LOD2_104586480,1.680,143.580,0.209,121.695,0.542,690774.410,5335883.810,690990.560,5336124.070,323.181,0,present,yes,present,yes,present,yes,DEBY_LOD2_104586480;DEBY_LOD2_108247714;DEBY_LOD2_4906965;DEBY_LOD2_4906967;DEBY_LOD2_4906975;DEBY_LOD2_4907184;DEBY_LOD2_4907185;DEBY_LOD2_4907198;DEBY_LOD2_4907199;DEBY_LOD2_4907202;DEBY_LOD2_4907208;DEBY_LOD2_4907505;DEBY_LOD2_4907508;DEBY_LOD2_4907520;DEBY_LOD2_4908168;DEBY_LOD2_4908178;DEBY_LOD2_4908179;DEBY_LOD2_4908351;DEBY_LOD2_4908354;DEBY_LOD2_8568391;DEBY_LOD2_8568392;DEBY_LOD2_8568403
C327,327,no,,20,15,4,2,0,2,1_textureless:1;2_assembly:2;4_impossible:1,missing_lod22_geometry:2;pointcloud_unusable_no_points:2,2,무텍스처:2,DEBY_LOD2_104586480,1.680,144.280,0.225,127.880,0.548,690774.410,5335883.810,690990.560,5336124.070,323.181,0,present,yes,present,yes,present,yes,DEBY_LOD2_104586480;DEBY_LOD2_108247714;DEBY_LOD2_4906965;DEBY_LOD2_4906967;DEBY_LOD2_4906975;DEBY_LOD2_4907184;DEBY_LOD2_4907185;DEBY_LOD2_4907198;DEBY_LOD2_4907199;DEBY_LOD2_4907202;DEBY_LOD2_4907208;DEBY_LOD2_4907505;DEBY_LOD2_4907508;DEBY_LOD2_4907520;DEBY_LOD2_4908168;DEBY_LOD2_4908178;DEBY_LOD2_4908351;DEBY_LOD2_4908354;DEBY_LOD2_8568391;DEBY_LOD2_8568403
C328,328,no,,19,14,4,2,0,2,1_textureless:1;2_assembly:2;4_impossible:1,missing_lod22_geometry:2;pointcloud_unusable_no_points:2,2,무텍스처:2,DEBY_LOD2_104586480,1.420,143.410,0.220,127.033,0.536,690774.410,5335883.810,690990.560,5336124.070,323.181,0,present,yes,present,yes,present,yes,DEBY_LOD2_104586480;DEBY_LOD2_108247714;DEBY_LOD2_4906965;DEBY_LOD2_4906967;DEBY_LOD2_4906975;DEBY_LOD2_4907184;DEBY_LOD2_4907185;DEBY_LOD2_4907198;DEBY_LOD2_4907199;DEBY_LOD2_4907202;DEBY_LOD2_4907208;DEBY_LOD2_4907505;DEBY_LOD2_4907508;DEBY_LOD2_4907520;DEBY_LOD2_4908178;DEBY_LOD2_4908351;DEBY_LOD2_4908354;DEBY_LOD2_8568391;DEBY_LOD2_8568403
C329,329,no,,18,14,3,1,0,2,1_textureless:1;2_assembly:2,missing_lod22_geometry:2;pointcloud_unusable_no_points:1,1,무텍스처:1,DEBY_LOD2_104586480,1.680,144.280,0.225,127.880,0.521,690774.410,5335883.810,690990.560,5336124.070,323.181,0,present,yes,present,yes,present,yes,DEBY_LOD2_104586480;DEBY_LOD2_108247714;DEBY_LOD2_4906965;DEBY_LOD2_4906967;DEBY_LOD2_4906975;DEBY_LOD2_4907184;DEBY_LOD2_4907185;DEBY_LOD2_4907198;DEBY_LOD2_4907202;DEBY_LOD2_4907208;DEBY_LOD2_4907505;DEBY_LOD2_4907508;DEBY_LOD2_4907520;DEBY_LOD2_4908178;DEBY_LOD2_4908351;DEBY_LOD2_4908354;DEBY_LOD2_8568391;DEBY_LOD2_8568403
C330,330,no,,17,13,3,1,0,2,1_textureless:1;2_assembly:2,missing_lod22_geometry:2;pointcloud_unusable_no_points:1,1,무텍스처:1,DEBY_LOD2_104586480,1.940,143.410,0.229,128.726,0.506,690774.410,5335883.810,690990.560,5336124.070,323.181,0,present,yes,present,yes,present,yes,DEBY_LOD2_104586480;DEBY_LOD2_108247714;DEBY_LOD2_4906965;DEBY_LOD2_4906967;DEBY_LOD2_4906975;DEBY_LOD2_4907184;DEBY_LOD2_4907185;DEBY_LOD2_4907202;DEBY_LOD2_4907208;DEBY_LOD2_4907505;DEBY_LOD2_4907508;DEBY_LOD2_4907520;DEBY_LOD2_4908178;DEBY_LOD2_4908351;DEBY_LOD2_4908354;DEBY_LOD2_8568391;DEBY_LOD2_8568403
C331,331,no,,16,12,3,1,0,2,1_textureless:1;2_assembly:2,missing_lod22_geometry:2;pointcloud_unusable_no_points:1,1,무텍스처:1,DEBY_LOD2_104586480,2.970,143.005,0.225,127.880,0.521,690774.410,5335883.810,690990.560,5336124.070,323.181,0,present,yes,present,yes,present,yes,DEBY_LOD2_104586480;DEBY_LOD2_108247714;DEBY_LOD2_4906965;DEBY_LOD2_4906967;DEBY_LOD2_4906975;DEBY_LOD2_4907184;DEBY_LOD2_4907202;DEBY_LOD2_4907208;DEBY_LOD2_4907505;DEBY_LOD2_4907508;DEBY_LOD2_4907520;DEBY_LOD2_4908178;DEBY_LOD2_4908351;DEBY_LOD2_4908354;DEBY_LOD2_8568391;DEBY_LOD2_8568403
C332,332,no,,17,11,3,1,0,2,1_textureless:1;2_assembly:2,missing_lod22_geometry:2;pointcloud_unusable_no_points:1,1,무텍스처:1,DEBY_LOD2_104586480,1.940,135.850,0.169,96.377,0.506,690729.070,5335874.970,690997.090,5336057.150,324.074,0,present,yes,present,yes,present,no,DEBY_LOD2_104586480;DEBY_LOD2_108247714;DEBY_LOD2_4906965;DEBY_LOD2_4906967;DEBY_LOD2_4907202;DEBY_LOD2_4907208;DEBY_LOD2_4907505;DEBY_LOD2_4907508;DEBY_LOD2_4907520;DEBY_LOD2_4907521;DEBY_LOD2_4908178;DEBY_LOD2_4908179;DEBY_LOD2_4908351;DEBY_LOD2_4908354;DEBY_LOD2_60109;DEBY_LOD2_8568391;DEBY_LOD2_8568403
C333,333,no,,24,12,7,5,0,2,1_textureless:4;2_assembly:2;4_impossible:1,missing_lod22_geometry:2;pointcloud_unusable_no_points:5,5,무텍스처:2;복합(소형+가림):1;복합(소형+재질):1;복합(저조도+가림):1,DEBY_LOD2_104586480,0.205,133.735,0.122,85.344,0.549,690729.070,5335883.810,690975.600,5336096.540,325.624,0,present,yes,present,yes,present,no,DEBY_LOD2_104586480;DEBY_LOD2_108247349;DEBY_LOD2_108247350;DEBY_LOD2_108247351;DEBY_LOD2_108247714;DEBY_LOD2_4906965;DEBY_LOD2_4906967;DEBY_LOD2_4907194;DEBY_LOD2_4907195;DEBY_LOD2_4907198;DEBY_LOD2_4907199;DEBY_LOD2_4907202;DEBY_LOD2_4907208;DEBY_LOD2_4907505;DEBY_LOD2_4907508;DEBY_LOD2_4907520;DEBY_LOD2_4908178;DEBY_LOD2_4908179;DEBY_LOD2_4908351;DEBY_LOD2_4908354;DEBY_LOD2_60109;DEBY_LOD2_8568391;DEBY_LOD2_8568392;DEBY_LOD2_8568403
C334,334,no,,19,11,5,3,0,2,1_textureless:2;2_assembly:2;4_impossible:1,missing_lod22_geometry:2;pointcloud_unusable_no_points:3,3,무텍스처:2;복합(소형+재질):1,DEBY_LOD2_104586480,1.940,135.850,0.147,94.587,0.536,690729.070,5335874.970,690997.090,5336063.250,327.542,0,present,yes,present,yes,present,no,DEBY_LOD2_104586480;DEBY_LOD2_108247714;DEBY_LOD2_4906965;DEBY_LOD2_4906967;DEBY_LOD2_4907199;DEBY_LOD2_4907202;DEBY_LOD2_4907208;DEBY_LOD2_4907505;DEBY_LOD2_4907508;DEBY_LOD2_4907520;DEBY_LOD2_4907521;DEBY_LOD2_4908178;DEBY_LOD2_4908179;DEBY_LOD2_4908351;DEBY_LOD2_4908354;DEBY_LOD2_60109;DEBY_LOD2_8568391;DEBY_LOD2_8568392;DEBY_LOD2_8568403
C335,335,no,,18,11,4,2,0,2,1_textureless:1;2_assembly:2;4_impossible:1,missing_lod22_geometry:2;pointcloud_unusable_no_points:2,2,무텍스처:2,DEBY_LOD2_104586480,1.480,133.870,0.158,91.624,0.521,690729.070,5335874.970,690997.090,5336063.250,327.542,0,present,yes,present,yes,present,no,DEBY_LOD2_104586480;DEBY_LOD2_108247714;DEBY_LOD2_4906965;DEBY_LOD2_4906967;DEBY_LOD2_4907199;DEBY_LOD2_4907202;DEBY_LOD2_4907208;DEBY_LOD2_4907505;DEBY_LOD2_4907508;DEBY_LOD2_4907520;DEBY_LOD2_4907521;DEBY_LOD2_4908178;DEBY_LOD2_4908179;DEBY_LOD2_4908351;DEBY_LOD2_4908354;DEBY_LOD2_60109;DEBY_LOD2_8568391;DEBY_LOD2_8568403
C336,336,no,,20,11,5,3,0,2,1_textureless:2;2_assembly:2;4_impossible:1,missing_lod22_geometry:2;pointcloud_unusable_no_points:3,3,무텍스처:2;복합(소형+재질):1,DEBY_LOD2_104586480,1.480,133.870,0.144,90.730,0.542,690729.070,5335874.970,690997.090,5336063.540,327.709,0,present,yes,present,yes,present,no,DEBY_LOD2_104586480;DEBY_LOD2_108247349;DEBY_LOD2_108247714;DEBY_LOD2_4906965;DEBY_LOD2_4906967;DEBY_LOD2_4907199;DEBY_LOD2_4907202;DEBY_LOD2_4907208;DEBY_LOD2_4907505;DEBY_LOD2_4907508;DEBY_LOD2_4907520;DEBY_LOD2_4907521;DEBY_LOD2_4908178;DEBY_LOD2_4908179;DEBY_LOD2_4908351;DEBY_LOD2_4908354;DEBY_LOD2_60109;DEBY_LOD2_8568391;DEBY_LOD2_8568392;DEBY_LOD2_8568403
C337,337,no,,19,11,4,2,0,2,1_textureless:1;2_assembly:2;4_impossible:1,missing_lod22_geometry:2;pointcloud_unusable_no_points:2,2,무텍스처:2,DEBY_LOD2_104586480,1.020,131.890,0.147,86.872,0.536,690729.070,5335874.970,690997.090,5336063.540,327.709,0,present,yes,present,yes,present,no,DEBY_LOD2_104586480;DEBY_LOD2_108247349;DEBY_LOD2_108247714;DEBY_LOD2_4906965;DEBY_LOD2_4906967;DEBY_LOD2_4907199;DEBY_LOD2_4907202;DEBY_LOD2_4907208;DEBY_LOD2_4907505;DEBY_LOD2_4907508;DEBY_LOD2_4907520;DEBY_LOD2_4907521;DEBY_LOD2_4908178;DEBY_LOD2_4908179;DEBY_LOD2_4908351;DEBY_LOD2_4908354;DEBY_LOD2_60109;DEBY_LOD2_8568391;DEBY_LOD2_8568403
C338,338,no,,18,11,3,1,0,2,1_textureless:1;2_assembly:2,missing_lod22_geometry:2;pointcloud_unusable_no_points:1,1,무텍스처:1,DEBY_LOD2_104586480,1.480,133.870,0.158,91.624,0.521,690729.070,5335874.970,690997.090,5336063.540,327.709,0,present,yes,present,yes,present,no,DEBY_LOD2_104586480;DEBY_LOD2_108247349;DEBY_LOD2_108247714;DEBY_LOD2_4906965;DEBY_LOD2_4906967;DEBY_LOD2_4907202;DEBY_LOD2_4907208;DEBY_LOD2_4907505;DEBY_LOD2_4907508;DEBY_LOD2_4907520;DEBY_LOD2_4907521;DEBY_LOD2_4908178;DEBY_LOD2_4908179;DEBY_LOD2_4908351;DEBY_LOD2_4908354;DEBY_LOD2_60109;DEBY_LOD2_8568391;DEBY_LOD2_8568403
C339,339,no,,25,13,7,5,0,2,1_textureless:4;2_assembly:2;4_impossible:1,missing_lod22_geometry:2;pointcloud_unusable_no_points:5,5,무텍스처:2;복합(소형+가림):1;복합(소형+재질):1;복합(저조도+가림):1,DEBY_LOD2_104586480,0.320,135.580,0.124,86.069,0.549,690729.070,5335883.810,690975.600,5336104.576,330.930,0,present,yes,present,yes,present,no,DEBY_LOD2_104586480;DEBY_LOD2_108247349;DEBY_LOD2_108247350;DEBY_LOD2_108247351;DEBY_LOD2_108247714;DEBY_LOD2_4906965;DEBY_LOD2_4906967;DEBY_LOD2_4907185;DEBY_LOD2_4907194;DEBY_LOD2_4907195;DEBY_LOD2_4907198;DEBY_LOD2_4907199;DEBY_LOD2_4907202;DEBY_LOD2_4907208;DEBY_LOD2_4907505;DEBY_LOD2_4907508;DEBY_LOD2_4907520;DEBY_LOD2_4908178;DEBY_LOD2_4908179;DEBY_LOD2_4908351;DEBY_LOD2_4908354;DEBY_LOD2_60109;DEBY_LOD2_8568391;DEBY_LOD2_8568392;DEBY_LOD2_8568403
C340,340,no,,28,18,7,5,0,2,1_textureless:4;2_assembly:2;4_impossible:1,missing_lod22_geometry:2;pointcloud_unusable_no_points:5,5,무텍스처:2;복합(소형+가림):1;복합(소형+재질):1;복합(저조도+가림):1,DEBY_LOD2_104586480,0.860,136.065,0.158,90.730,0.549,690774.410,5335874.970,690997.090,5336124.070,334.122,0,present,yes,present,yes,present,yes,DEBY_LOD2_104586480;DEBY_LOD2_108247349;DEBY_LOD2_108247350;DEBY_LOD2_108247351;DEBY_LOD2_108247714;DEBY_LOD2_4906965;DEBY_LOD2_4906967;DEBY_LOD2_4906975;DEBY_LOD2_4907184;DEBY_LOD2_4907185;DEBY_LOD2_4907195;DEBY_LOD2_4907198;DEBY_LOD2_4907199;DEBY_LOD2_4907202;DEBY_LOD2_4907208;DEBY_LOD2_4907505;DEBY_LOD2_4907508;DEBY_LOD2_4907520;DEBY_LOD2_4907521;DEBY_LOD2_4908168;DEBY_LOD2_4908178;DEBY_LOD2_4908179;DEBY_LOD2_4908351;DEBY_LOD2_4908354;DEBY_LOD2_60098;DEBY_LOD2_8568391;DEBY_LOD2_8568392;DEBY_LOD2_8568403
C341,341,no,,27,17,7,5,0,2,1_textureless:4;2_assembly:2;4_impossible:1,missing_lod22_geometry:2;pointcloud_unusable_no_points:5,5,무텍스처:2;복합(소형+가림):1;복합(소형+재질):1;복합(저조도+가림):1,DEBY_LOD2_104586480,1.020,136.280,0.147,94.587,0.549,690774.410,5335874.970,690997.090,5336124.070,334.122,0,present,yes,present,yes,present,yes,DEBY_LOD2_104586480;DEBY_LOD2_108247349;DEBY_LOD2_108247350;DEBY_LOD2_108247351;DEBY_LOD2_108247714;DEBY_LOD2_4906965;DEBY_LOD2_4906967;DEBY_LOD2_4906975;DEBY_LOD2_4907184;DEBY_LOD2_4907185;DEBY_LOD2_4907195;DEBY_LOD2_4907198;DEBY_LOD2_4907199;DEBY_LOD2_4907202;DEBY_LOD2_4907208;DEBY_LOD2_4907505;DEBY_LOD2_4907508;DEBY_LOD2_4907520;DEBY_LOD2_4907521;DEBY_LOD2_4908168;DEBY_LOD2_4908178;DEBY_LOD2_4908179;DEBY_LOD2_4908351;DEBY_LOD2_4908354;DEBY_LOD2_8568391;DEBY_LOD2_8568392;DEBY_LOD2_8568403
C342,342,no,,26,16,7,5,0,2,1_textureless:4;2_assembly:2;4_impossible:1,missing_lod22_geometry:2;pointcloud_unusable_no_points:5,5,무텍스처:2;복합(소형+가림):1;복합(소형+재질):1;복합(저조도+가림):1,DEBY_LOD2_104586480,1.220,138.250,0.158,95.482,0.549,690774.410,5335874.970,690997.090,5336124.070,334.122,0,present,yes,present,yes,present,yes,DEBY_LOD2_104586480;DEBY_LOD2_108247349;DEBY_LOD2_108247350;DEBY_LOD2_108247351;DEBY_LOD2_108247714;DEBY_LOD2_4906965;DEBY_LOD2_4906967;DEBY_LOD2_4906975;DEBY_LOD2_4907184;DEBY_LOD2_4907185;DEBY_LOD2_4907198;DEBY_LOD2_4907199;DEBY_LOD2_4907202;DEBY_LOD2_4907208;DEBY_LOD2_4907505;DEBY_LOD2_4907508;DEBY_LOD2_4907520;DEBY_LOD2_4907521;DEBY_LOD2_4908168;DEBY_LOD2_4908178;DEBY_LOD2_4908179;DEBY_LOD2_4908351;DEBY_LOD2_4908354;DEBY_LOD2_8568391;DEBY_LOD2_8568392;DEBY_LOD2_8568403
C343,343,no,,25,16,6,4,0,2,1_textureless:3;2_assembly:2;4_impossible:1,missing_lod22_geometry:2;pointcloud_unusable_no_points:4,4,무텍스처:2;복합(소형+재질):1;복합(저조도+가림):1,DEBY_LOD2_104586480,1.420,140.220,0.169,96.377,0.549,690774.410,5335874.970,690997.090,5336124.070,334.122,0,present,yes,present,yes,present,yes,DEBY_LOD2_104586480;DEBY_LOD2_108247349;DEBY_LOD2_108247351;DEBY_LOD2_108247714;DEBY_LOD2_4906965;DEBY_LOD2_4906967;DEBY_LOD2_4906975;DEBY_LOD2_4907184;DEBY_LOD2_4907185;DEBY_LOD2_4907198;DEBY_LOD2_4907199;DEBY_LOD2_4907202;DEBY_LOD2_4907208;DEBY_LOD2_4907505;DEBY_LOD2_4907508;DEBY_LOD2_4907520;DEBY_LOD2_4907521;DEBY_LOD2_4908168;DEBY_LOD2_4908178;DEBY_LOD2_4908179;DEBY_LOD2_4908351;DEBY_LOD2_4908354;DEBY_LOD2_8568391;DEBY_LOD2_8568392;DEBY_LOD2_8568403
C344,344,no,,23,16,5,3,0,2,1_textureless:2;2_assembly:2;4_impossible:1,missing_lod22_geometry:2;pointcloud_unusable_no_points:3,3,무텍스처:2;복합(소형+재질):1,DEBY_LOD2_104586480,1.940,143.410,0.198,116.357,0.549,690774.410,5335874.970,690997.090,5336124.070,334.122,0,present,yes,present,yes,present,yes,DEBY_LOD2_104586480;DEBY_LOD2_108247714;DEBY_LOD2_4906965;DEBY_LOD2_4906967;DEBY_LOD2_4906975;DEBY_LOD2_4907184;DEBY_LOD2_4907185;DEBY_LOD2_4907198;DEBY_LOD2_4907199;DEBY_LOD2_4907202;DEBY_LOD2_4907208;DEBY_LOD2_4907505;DEBY_LOD2_4907508;DEBY_LOD2_4907520;DEBY_LOD2_4907521;DEBY_LOD2_4908168;DEBY_LOD2_4908178;DEBY_LOD2_4908179;DEBY_LOD2_4908351;DEBY_LOD2_4908354;DEBY_LOD2_8568391;DEBY_LOD2_8568392;DEBY_LOD2_8568403
C345,345,no,,24,16,5,3,0,2,1_textureless:2;2_assembly:2;4_impossible:1,missing_lod22_geometry:2;pointcloud_unusable_no_points:3,3,무텍스처:2;복합(소형+재질):1,DEBY_LOD2_104586480,1.680,141.815,0.183,106.367,0.555,690774.410,5335874.970,690997.090,5336124.070,334.122,0,present,yes,present,yes,present,yes,DEBY_LOD2_104586480;DEBY_LOD2_108247349;DEBY_LOD2_108247714;DEBY_LOD2_4906965;DEBY_LOD2_4906967;DEBY_LOD2_4906975;DEBY_LOD2_4907184;DEBY_LOD2_4907185;DEBY_LOD2_4907198;DEBY_LOD2_4907199;DEBY_LOD2_4907202;DEBY_LOD2_4907208;DEBY_LOD2_4907505;DEBY_LOD2_4907508;DEBY_LOD2_4907520;DEBY_LOD2_4907521;DEBY_LOD2_4908168;DEBY_LOD2_4908178;DEBY_LOD2_4908179;DEBY_LOD2_4908351;DEBY_LOD2_4908354;DEBY_LOD2_8568391;DEBY_LOD2_8568392;DEBY_LOD2_8568403
C346,346,no,,26,14,7,5,0,2,1_textureless:4;2_assembly:2;4_impossible:1,missing_lod22_geometry:2;pointcloud_unusable_no_points:5,5,무텍스처:2;복합(소형+가림):1;복합(소형+재질):1;복합(저조도+가림):1,DEBY_LOD2_104586480,0.485,135.715,0.132,86.471,0.542,690729.070,5335883.810,690975.600,5336111.925,335.877,0,present,yes,present,yes,present,no,DEBY_LOD2_104586480;DEBY_LOD2_108247349;DEBY_LOD2_108247350;DEBY_LOD2_108247351;DEBY_LOD2_108247714;DEBY_LOD2_4906965;DEBY_LOD2_4906967;DEBY_LOD2_4907184;DEBY_LOD2_4907185;DEBY_LOD2_4907194;DEBY_LOD2_4907195;DEBY_LOD2_4907198;DEBY_LOD2_4907199;DEBY_LOD2_4907202;DEBY_LOD2_4907208;DEBY_LOD2_4907505;DEBY_LOD2_4907508;DEBY_LOD2_4907520;DEBY_LOD2_4908178;DEBY_LOD2_4908179;DEBY_LOD2_4908351;DEBY_LOD2_4908354;DEBY_LOD2_60109;DEBY_LOD2_8568391;DEBY_LOD2_8568392;DEBY_LOD2_8568403
C347,347,no,,24,13,7,5,0,2,1_textureless:4;2_assembly:2;4_impossible:1,missing_lod22_geometry:2;pointcloud_unusable_no_points:5,5,무텍스처:2;복합(소형+가림):1;복합(소형+재질):1;복합(저조도+가림):1,DEBY_LOD2_104586480,0.675,136.065,0.144,90.730,0.521,690729.070,5335883.810,690975.600,5336111.925,335.877,0,present,yes,present,yes,present,no,DEBY_LOD2_104586480;DEBY_LOD2_108247349;DEBY_LOD2_108247350;DEBY_LOD2_108247351;DEBY_LOD2_108247714;DEBY_LOD2_4906965;DEBY_LOD2_4906967;DEBY_LOD2_4907184;DEBY_LOD2_4907185;DEBY_LOD2_4907198;DEBY_LOD2_4907199;DEBY_LOD2_4907202;DEBY_LOD2_4907208;DEBY_LOD2_4907505;DEBY_LOD2_4907508;DEBY_LOD2_4907520;DEBY_LOD2_4908178;DEBY_LOD2_4908179;DEBY_LOD2_4908351;DEBY_LOD2_4908354;DEBY_LOD2_60109;DEBY_LOD2_8568391;DEBY_LOD2_8568392;DEBY_LOD2_8568403
C348,348,no,,23,13,6,4,0,2,1_textureless:3;2_assembly:2;4_impossible:1,missing_lod22_geometry:2;pointcloud_unusable_no_points:4,4,무텍스처:2;복합(소형+재질):1;복합(저조도+가림):1,DEBY_LOD2_104586480,0.700,136.280,0.147,94.587,0.536,690729.070,5335883.810,690975.600,5336111.925,335.877,0,present,yes,present,yes,present,no,DEBY_LOD2_104586480;DEBY_LOD2_108247349;DEBY_LOD2_108247351;DEBY_LOD2_108247714;DEBY_LOD2_4906965;DEBY_LOD2_4906967;DEBY_LOD2_4907184;DEBY_LOD2_4907185;DEBY_LOD2_4907198;DEBY_LOD2_4907199;DEBY_LOD2_4907202;DEBY_LOD2_4907208;DEBY_LOD2_4907505;DEBY_LOD2_4907508;DEBY_LOD2_4907520;DEBY_LOD2_4908178;DEBY_LOD2_4908179;DEBY_LOD2_4908351;DEBY_LOD2_4908354;DEBY_LOD2_60109;DEBY_LOD2_8568391;DEBY_LOD2_8568392;DEBY_LOD2_8568403
C349,349,no,,22,12,6,4,0,2,1_textureless:3;2_assembly:2;4_impossible:1,missing_lod22_geometry:2;pointcloud_unusable_no_points:4,4,무텍스처:2;복합(소형+재질):1;복합(저조도+가림):1,DEBY_LOD2_104586480,0.860,136.065,0.144,90.730,0.542,690729.070,5335883.810,690975.600,5336111.925,335.877,0,present,yes,present,yes,present,no,DEBY_LOD2_104586480;DEBY_LOD2_108247349;DEBY_LOD2_108247351;DEBY_LOD2_108247714;DEBY_LOD2_4906965;DEBY_LOD2_4906967;DEBY_LOD2_4907184;DEBY_LOD2_4907198;DEBY_LOD2_4907199;DEBY_LOD2_4907202;DEBY_LOD2_4907208;DEBY_LOD2_4907505;DEBY_LOD2_4907508;DEBY_LOD2_4907520;DEBY_LOD2_4908178;DEBY_LOD2_4908179;DEBY_LOD2_4908351;DEBY_LOD2_4908354;DEBY_LOD2_60109;DEBY_LOD2_8568391;DEBY_LOD2_8568392;DEBY_LOD2_8568403
C350,350,no,,21,12,5,3,0,2,1_textureless:2;2_assembly:2;4_impossible:1,missing_lod22_geometry:2;pointcloud_unusable_no_points:3,3,무텍스처:2;복합(소형+재질):1,DEBY_LOD2_104586480,1.020,136.280,0.147,94.587,0.536,690729.070,5335883.810,690975.600,5336111.925,335.877,0,present,yes,present,yes,present,no,DEBY_LOD2_104586480;DEBY_LOD2_108247349;DEBY_LOD2_108247714;DEBY_LOD2_4906965;DEBY_LOD2_4906967;DEBY_LOD2_4907184;DEBY_LOD2_4907198;DEBY_LOD2_4907199;DEBY_LOD2_4907202;DEBY_LOD2_4907208;DEBY_LOD2_4907505;DEBY_LOD2_4907508;DEBY_LOD2_4907520;DEBY_LOD2_4908178;DEBY_LOD2_4908179;DEBY_LOD2_4908351;DEBY_LOD2_4908354;DEBY_LOD2_60109;DEBY_LOD2_8568391;DEBY_LOD2_8568392;DEBY_LOD2_8568403
C351,351,no,,28,16,7,5,0,2,1_textureless:4;2_assembly:2;4_impossible:1,missing_lod22_geometry:2;pointcloud_unusable_no_points:5,5,무텍스처:2;복합(소형+가림):1;복합(소형+재질):1;복합(저조도+가림):1,DEBY_LOD2_104586480,0.485,135.715,0.144,86.471,0.546,690729.070,5335883.810,690975.600,5336116.120,338.740,0,present,yes,present,yes,present,no,DEBY_LOD2_104586480;DEBY_LOD2_108247349;DEBY_LOD2_108247350;DEBY_LOD2_108247351;DEBY_LOD2_108247714;DEBY_LOD2_4906965;DEBY_LOD2_4906967;DEBY_LOD2_4907184;DEBY_LOD2_4907185;DEBY_LOD2_4907194;DEBY_LOD2_4907195;DEBY_LOD2_4907198;DEBY_LOD2_4907199;DEBY_LOD2_4907202;DEBY_LOD2_4907208;DEBY_LOD2_4907505;DEBY_LOD2_4907508;DEBY_LOD2_4907520;DEBY_LOD2_4908168;DEBY_LOD2_4908178;DEBY_LOD2_4908179;DEBY_LOD2_4908351;DEBY_LOD2_4908354;DEBY_LOD2_60098;DEBY_LOD2_60109;DEBY_LOD2_8568391;DEBY_LOD2_8568392;DEBY_LOD2_8568403
C352,352,no,,28,16,7,5,0,2,1_textureless:4;2_assembly:2;4_impossible:1,missing_lod22_geometry:2;pointcloud_unusable_no_points:5,5,무텍스처:2;복합(소형+가림):1;복합(소형+재질):1;복합(저조도+가림):1,DEBY_LOD2_104586480,0.485,135.715,0.144,86.471,0.549,690729.070,5335883.810,690975.600,5336116.120,338.740,0,present,yes,present,yes,present,no,DEBY_LOD2_104586480;DEBY_LOD2_108247349;DEBY_LOD2_108247350;DEBY_LOD2_108247351;DEBY_LOD2_108247714;DEBY_LOD2_4906965;DEBY_LOD2_4906967;DEBY_LOD2_4907184;DEBY_LOD2_4907185;DEBY_LOD2_4907186;DEBY_LOD2_4907194;DEBY_LOD2_4907195;DEBY_LOD2_4907198;DEBY_LOD2_4907199;DEBY_LOD2_4907202;DEBY_LOD2_4907208;DEBY_LOD2_4907505;DEBY_LOD2_4907508;DEBY_LOD2_4907520;DEBY_LOD2_4908168;DEBY_LOD2_4908178;DEBY_LOD2_4908179;DEBY_LOD2_4908351;DEBY_LOD2_4908354;DEBY_LOD2_60109;DEBY_LOD2_8568391;DEBY_LOD2_8568392;DEBY_LOD2_8568403
C353,353,no,,26,15,7,5,0,2,1_textureless:4;2_assembly:2;4_impossible:1,missing_lod22_geometry:2;pointcloud_unusable_no_points:5,5,무텍스처:2;복합(소형+가림):1;복합(소형+재질):1;복합(저조도+가림):1,DEBY_LOD2_104586480,0.675,136.065,0.144,90.730,0.542,690729.070,5335883.810,690975.600,5336116.120,338.740,0,present,yes,present,yes,present,no,DEBY_LOD2_104586480;DEBY_LOD2_108247349;DEBY_LOD2_108247350;DEBY_LOD2_108247351;DEBY_LOD2_108247714;DEBY_LOD2_4906965;DEBY_LOD2_4906967;DEBY_LOD2_4907184;DEBY_LOD2_4907185;DEBY_LOD2_4907195;DEBY_LOD2_4907198;DEBY_LOD2_4907199;DEBY_LOD2_4907202;DEBY_LOD2_4907208;DEBY_LOD2_4907505;DEBY_LOD2_4907508;DEBY_LOD2_4907520;DEBY_LOD2_4908168;DEBY_LOD2_4908178;DEBY_LOD2_4908179;DEBY_LOD2_4908351;DEBY_LOD2_4908354;DEBY_LOD2_60109;DEBY_LOD2_8568391;DEBY_LOD2_8568392;DEBY_LOD2_8568403
C354,354,no,,27,15,7,5,0,2,1_textureless:4;2_assembly:2;4_impossible:1,missing_lod22_geometry:2;pointcloud_unusable_no_points:5,5,무텍스처:2;복합(소형+가림):1;복합(소형+재질):1;복합(저조도+가림):1,DEBY_LOD2_104586480,0.650,135.850,0.140,86.872,0.549,690729.070,5335883.810,690975.600,5336116.120,338.740,0,present,yes,present,yes,present,no,DEBY_LOD2_104586480;DEBY_LOD2_108247349;DEBY_LOD2_108247350;DEBY_LOD2_108247351;DEBY_LOD2_108247714;DEBY_LOD2_4906965;DEBY_LOD2_4906967;DEBY_LOD2_4907184;DEBY_LOD2_4907185;DEBY_LOD2_4907194;DEBY_LOD2_4907195;DEBY_LOD2_4907198;DEBY_LOD2_4907199;DEBY_LOD2_4907202;DEBY_LOD2_4907208;DEBY_LOD2_4907505;DEBY_LOD2_4907508;DEBY_LOD2_4907520;DEBY_LOD2_4908168;DEBY_LOD2_4908178;DEBY_LOD2_4908179;DEBY_LOD2_4908351;DEBY_LOD2_4908354;DEBY_LOD2_60109;DEBY_LOD2_8568391;DEBY_LOD2_8568392;DEBY_LOD2_8568403
C355,355,no,,25,14,7,5,0,2,1_textureless:4;2_assembly:2;4_impossible:1,missing_lod22_geometry:2;pointcloud_unusable_no_points:5,5,무텍스처:2;복합(소형+가림):1;복합(소형+재질):1;복합(저조도+가림):1,DEBY_LOD2_104586480,0.700,136.280,0.147,94.587,0.536,690729.070,5335883.810,690975.600,5336116.120,338.740,0,present,yes,present,yes,present,no,DEBY_LOD2_104586480;DEBY_LOD2_108247349;DEBY_LOD2_108247350;DEBY_LOD2_108247351;DEBY_LOD2_108247714;DEBY_LOD2_4906965;DEBY_LOD2_4906967;DEBY_LOD2_4907184;DEBY_LOD2_4907185;DEBY_LOD2_4907198;DEBY_LOD2_4907199;DEBY_LOD2_4907202;DEBY_LOD2_4907208;DEBY_LOD2_4907505;DEBY_LOD2_4907508;DEBY_LOD2_4907520;DEBY_LOD2_4908168;DEBY_LOD2_4908178;DEBY_LOD2_4908179;DEBY_LOD2_4908351;DEBY_LOD2_4908354;DEBY_LOD2_60109;DEBY_LOD2_8568391;DEBY_LOD2_8568392;DEBY_LOD2_8568403
C356,356,no,,23,12,7,5,0,2,1_textureless:4;2_assembly:2;4_impossible:1,missing_lod22_geometry:2;pointcloud_unusable_no_points:5,5,무텍스처:2;복합(소형+가림):1;복합(소형+재질):1;복합(저조도+가림):1,DEBY_LOD2_104586480,0.700,135.580,0.129,86.069,0.549,690729.070,5335874.970,690997.090,5336087.310,341.940,0,present,yes,present,yes,present,no,DEBY_LOD2_104586480;DEBY_LOD2_108247349;DEBY_LOD2_108247350;DEBY_LOD2_108247351;DEBY_LOD2_108247714;DEBY_LOD2_4906965;DEBY_LOD2_4906967;DEBY_LOD2_4907198;DEBY_LOD2_4907199;DEBY_LOD2_4907202;DEBY_LOD2_4907208;DEBY_LOD2_4907505;DEBY_LOD2_4907508;DEBY_LOD2_4907520;DEBY_LOD2_4907521;DEBY_LOD2_4908178;DEBY_LOD2_4908179;DEBY_LOD2_4908351;DEBY_LOD2_4908354;DEBY_LOD2_60109;DEBY_LOD2_8568391;DEBY_LOD2_8568392;DEBY_LOD2_8568403
C357,357,no,,22,12,6,4,0,2,1_textureless:3;2_assembly:2;4_impossible:1,missing_lod22_geometry:2;pointcloud_unusable_no_points:4,4,무텍스처:2;복합(소형+재질):1;복합(저조도+가림):1,DEBY_LOD2_104586480,0.860,133.870,0.135,86.471,0.549,690729.070,5335874.970,690997.090,5336087.310,341.940,0,present,yes,present,yes,present,no,DEBY_LOD2_104586480;DEBY_LOD2_108247349;DEBY_LOD2_108247351;DEBY_LOD2_108247714;DEBY_LOD2_4906965;DEBY_LOD2_4906967;DEBY_LOD2_4907198;DEBY_LOD2_4907199;DEBY_LOD2_4907202;DEBY_LOD2_4907208;DEBY_LOD2_4907505;DEBY_LOD2_4907508;DEBY_LOD2_4907520;DEBY_LOD2_4907521;DEBY_LOD2_4908178;DEBY_LOD2_4908179;DEBY_LOD2_4908351;DEBY_LOD2_4908354;DEBY_LOD2_60109;DEBY_LOD2_8568391;DEBY_LOD2_8568392;DEBY_LOD2_8568403
C358,358,no,,21,12,5,3,0,2,1_textureless:2;2_assembly:2;4_impossible:1,missing_lod22_geometry:2;pointcloud_unusable_no_points:3,3,무텍스처:2;복합(소형+재질):1,DEBY_LOD2_104586480,1.020,135.850,0.140,86.872,0.549,690729.070,5335874.970,690997.090,5336087.310,341.940,0,present,yes,present,yes,present,no,DEBY_LOD2_104586480;DEBY_LOD2_108247349;DEBY_LOD2_108247714;DEBY_LOD2_4906965;DEBY_LOD2_4906967;DEBY_LOD2_4907198;DEBY_LOD2_4907199;DEBY_LOD2_4907202;DEBY_LOD2_4907208;DEBY_LOD2_4907505;DEBY_LOD2_4907508;DEBY_LOD2_4907520;DEBY_LOD2_4907521;DEBY_LOD2_4908178;DEBY_LOD2_4908179;DEBY_LOD2_4908351;DEBY_LOD2_4908354;DEBY_LOD2_60109;DEBY_LOD2_8568391;DEBY_LOD2_8568392;DEBY_LOD2_8568403
C359,359,no,,24,13,7,5,0,2,1_textureless:4;2_assembly:2;4_impossible:1,missing_lod22_geometry:2;pointcloud_unusable_no_points:5,5,무텍스처:2;복합(소형+가림):1;복합(소형+재질):1;복합(저조도+가림):1,DEBY_LOD2_104586480,0.510,133.735,0.127,85.344,0.549,690729.070,5335874.970,690997.090,5336091.970,344.853,0,present,yes,present,yes,present,no,DEBY_LOD2_104586480;DEBY_LOD2_108247349;DEBY_LOD2_108247350;DEBY_LOD2_108247351;DEBY_LOD2_108247714;DEBY_LOD2_4906965;DEBY_LOD2_4906967;DEBY_LOD2_4907195;DEBY_LOD2_4907198;DEBY_LOD2_4907199;DEBY_LOD2_4907202;DEBY_LOD2_4907208;DEBY_LOD2_4907505;DEBY_LOD2_4907508;DEBY_LOD2_4907520;DEBY_LOD2_4907521;DEBY_LOD2_4908178;DEBY_LOD2_4908179;DEBY_LOD2_4908351;DEBY_LOD2_4908354;DEBY_LOD2_60109;DEBY_LOD2_8568391;DEBY_LOD2_8568392;DEBY_LOD2_8568403
C360,360,no,,25,13,7,5,0,2,1_textureless:4;2_assembly:2;4_impossible:1,missing_lod22_geometry:2;pointcloud_unusable_no_points:5,5,무텍스처:2;복합(소형+가림):1;복합(소형+재질):1;복합(저조도+가림):1,DEBY_LOD2_104586480,0.320,131.890,0.124,84.618,0.549,690729.070,5335874.970,690997.090,5336096.540,347.747,0,present,yes,present,yes,present,no,DEBY_LOD2_104586480;DEBY_LOD2_108247349;DEBY_LOD2_108247350;DEBY_LOD2_108247351;DEBY_LOD2_108247714;DEBY_LOD2_4906965;DEBY_LOD2_4906967;DEBY_LOD2_4907194;DEBY_LOD2_4907195;DEBY_LOD2_4907198;DEBY_LOD2_4907199;DEBY_LOD2_4907202;DEBY_LOD2_4907208;DEBY_LOD2_4907505;DEBY_LOD2_4907508;DEBY_LOD2_4907520;DEBY_LOD2_4907521;DEBY_LOD2_4908178;DEBY_LOD2_4908179;DEBY_LOD2_4908351;DEBY_LOD2_4908354;DEBY_LOD2_60109;DEBY_LOD2_8568391;DEBY_LOD2_8568392;DEBY_LOD2_8568403
C361,361,no,,26,15,7,5,0,2,1_textureless:4;2_assembly:2;4_impossible:1,missing_lod22_geometry:2;pointcloud_unusable_no_points:5,5,무텍스처:2;복합(소형+가림):1;복합(소형+재질):1;복합(저조도+가림):1,DEBY_LOD2_104586480,0.675,135.715,0.135,86.471,0.542,690729.070,5335874.970,690997.090,5336111.925,357.746,0,present,yes,present,yes,present,no,DEBY_LOD2_104586480;DEBY_LOD2_108247349;DEBY_LOD2_108247350;DEBY_LOD2_108247351;DEBY_LOD2_108247714;DEBY_LOD2_4906965;DEBY_LOD2_4906967;DEBY_LOD2_4907184;DEBY_LOD2_4907185;DEBY_LOD2_4907195;DEBY_LOD2_4907198;DEBY_LOD2_4907199;DEBY_LOD2_4907202;DEBY_LOD2_4907208;DEBY_LOD2_4907505;DEBY_LOD2_4907508;DEBY_LOD2_4907520;DEBY_LOD2_4907521;DEBY_LOD2_4908178;DEBY_LOD2_4908179;DEBY_LOD2_4908351;DEBY_LOD2_4908354;DEBY_LOD2_60109;DEBY_LOD2_8568391;DEBY_LOD2_8568392;DEBY_LOD2_8568403
C362,362,no,,27,15,7,5,0,2,1_textureless:4;2_assembly:2;4_impossible:1,missing_lod22_geometry:2;pointcloud_unusable_no_points:5,5,무텍스처:2;복합(소형+가림):1;복합(소형+재질):1;복합(저조도+가림):1,DEBY_LOD2_104586480,0.650,135.580,0.129,86.069,0.549,690729.070,5335874.970,690997.090,5336111.925,357.746,0,present,yes,present,yes,present,no,DEBY_LOD2_104586480;DEBY_LOD2_108247349;DEBY_LOD2_108247350;DEBY_LOD2_108247351;DEBY_LOD2_108247714;DEBY_LOD2_4906965;DEBY_LOD2_4906967;DEBY_LOD2_4907184;DEBY_LOD2_4907185;DEBY_LOD2_4907194;DEBY_LOD2_4907195;DEBY_LOD2_4907198;DEBY_LOD2_4907199;DEBY_LOD2_4907202;DEBY_LOD2_4907208;DEBY_LOD2_4907505;DEBY_LOD2_4907508;DEBY_LOD2_4907520;DEBY_LOD2_4907521;DEBY_LOD2_4908178;DEBY_LOD2_4908179;DEBY_LOD2_4908351;DEBY_LOD2_4908354;DEBY_LOD2_60109;DEBY_LOD2_8568391;DEBY_LOD2_8568392;DEBY_LOD2_8568403
C363,363,no,,25,14,7,5,0,2,1_textureless:4;2_assembly:2;4_impossible:1,missing_lod22_geometry:2;pointcloud_unusable_no_points:5,5,무텍스처:2;복합(소형+가림):1;복합(소형+재질):1;복합(저조도+가림):1,DEBY_LOD2_104586480,0.700,135.580,0.129,86.069,0.549,690729.070,5335874.970,690997.090,5336111.925,357.746,0,present,yes,present,yes,present,no,DEBY_LOD2_104586480;DEBY_LOD2_108247349;DEBY_LOD2_108247350;DEBY_LOD2_108247351;DEBY_LOD2_108247714;DEBY_LOD2_4906965;DEBY_LOD2_4906967;DEBY_LOD2_4907184;DEBY_LOD2_4907195;DEBY_LOD2_4907198;DEBY_LOD2_4907199;DEBY_LOD2_4907202;DEBY_LOD2_4907208;DEBY_LOD2_4907505;DEBY_LOD2_4907508;DEBY_LOD2_4907520;DEBY_LOD2_4907521;DEBY_LOD2_4908178;DEBY_LOD2_4908179;DEBY_LOD2_4908351;DEBY_LOD2_4908354;DEBY_LOD2_60109;DEBY_LOD2_8568391;DEBY_LOD2_8568392;DEBY_LOD2_8568403
C364,364,no,,26,14,7,5,0,2,1_textureless:4;2_assembly:2;4_impossible:1,missing_lod22_geometry:2;pointcloud_unusable_no_points:5,5,무텍스처:2;복합(소형+가림):1;복합(소형+재질):1;복합(저조도+가림):1,DEBY_LOD2_104586480,0.510,133.735,0.127,85.344,0.549,690729.070,5335874.970,690997.090,5336111.925,357.746,0,present,yes,present,yes,present,no,DEBY_LOD2_104586480;DEBY_LOD2_108247349;DEBY_LOD2_108247350;DEBY_LOD2_108247351;DEBY_LOD2_108247714;DEBY_LOD2_4906965;DEBY_LOD2_4906967;DEBY_LOD2_4907184;DEBY_LOD2_4907194;DEBY_LOD2_4907195;DEBY_LOD2_4907198;DEBY_LOD2_4907199;DEBY_LOD2_4907202;DEBY_LOD2_4907208;DEBY_LOD2_4907505;DEBY_LOD2_4907508;DEBY_LOD2_4907520;DEBY_LOD2_4907521;DEBY_LOD2_4908178;DEBY_LOD2_4908179;DEBY_LOD2_4908351;DEBY_LOD2_4908354;DEBY_LOD2_60109;DEBY_LOD2_8568391;DEBY_LOD2_8568392;DEBY_LOD2_8568403
C365,365,no,,24,13,7,5,0,2,1_textureless:4;2_assembly:2;4_impossible:1,missing_lod22_geometry:2;pointcloud_unusable_no_points:5,5,무텍스처:2;복합(소형+가림):1;복합(소형+재질):1;복합(저조도+가림):1,DEBY_LOD2_104586480,0.860,135.715,0.135,86.471,0.542,690729.070,5335874.970,690997.090,5336111.925,357.746,0,present,yes,present,yes,present,no,DEBY_LOD2_104586480;DEBY_LOD2_108247349;DEBY_LOD2_108247350;DEBY_LOD2_108247351;DEBY_LOD2_108247714;DEBY_LOD2_4906965;DEBY_LOD2_4906967;DEBY_LOD2_4907184;DEBY_LOD2_4907198;DEBY_LOD2_4907199;DEBY_LOD2_4907202;DEBY_LOD2_4907208;DEBY_LOD2_4907505;DEBY_LOD2_4907508;DEBY_LOD2_4907520;DEBY_LOD2_4907521;DEBY_LOD2_4908178;DEBY_LOD2_4908179;DEBY_LOD2_4908351;DEBY_LOD2_4908354;DEBY_LOD2_60109;DEBY_LOD2_8568391;DEBY_LOD2_8568392;DEBY_LOD2_8568403
C366,366,no,,24,14,6,4,0,2,1_textureless:3;2_assembly:2;4_impossible:1,missing_lod22_geometry:2;pointcloud_unusable_no_points:4,4,무텍스처:2;복합(소형+재질):1;복합(저조도+가림):1,DEBY_LOD2_104586480,0.860,136.065,0.144,90.730,0.542,690729.070,5335874.970,690997.090,5336111.925,357.746,0,present,yes,present,yes,present,no,DEBY_LOD2_104586480;DEBY_LOD2_108247349;DEBY_LOD2_108247351;DEBY_LOD2_108247714;DEBY_LOD2_4906965;DEBY_LOD2_4906967;DEBY_LOD2_4907184;DEBY_LOD2_4907185;DEBY_LOD2_4907198;DEBY_LOD2_4907199;DEBY_LOD2_4907202;DEBY_LOD2_4907208;DEBY_LOD2_4907505;DEBY_LOD2_4907508;DEBY_LOD2_4907520;DEBY_LOD2_4907521;DEBY_LOD2_4908178;DEBY_LOD2_4908179;DEBY_LOD2_4908351;DEBY_LOD2_4908354;DEBY_LOD2_60109;DEBY_LOD2_8568391;DEBY_LOD2_8568392;DEBY_LOD2_8568403
C367,367,no,,23,14,5,3,0,2,1_textureless:2;2_assembly:2;4_impossible:1,missing_lod22_geometry:2;pointcloud_unusable_no_points:3,3,무텍스처:2;복합(소형+재질):1,DEBY_LOD2_104586480,1.020,136.280,0.147,94.587,0.536,690729.070,5335874.970,690997.090,5336111.925,357.746,0,present,yes,present,yes,present,no,DEBY_LOD2_104586480;DEBY_LOD2_108247349;DEBY_LOD2_108247714;DEBY_LOD2_4906965;DEBY_LOD2_4906967;DEBY_LOD2_4907184;DEBY_LOD2_4907185;DEBY_LOD2_4907198;DEBY_LOD2_4907199;DEBY_LOD2_4907202;DEBY_LOD2_4907208;DEBY_LOD2_4907505;DEBY_LOD2_4907508;DEBY_LOD2_4907520;DEBY_LOD2_4907521;DEBY_LOD2_4908178;DEBY_LOD2_4908179;DEBY_LOD2_4908351;DEBY_LOD2_4908354;DEBY_LOD2_60109;DEBY_LOD2_8568391;DEBY_LOD2_8568392;DEBY_LOD2_8568403
C368,368,no,,22,13,5,3,0,2,1_textureless:2;2_assembly:2;4_impossible:1,missing_lod22_geometry:2;pointcloud_unusable_no_points:3,3,무텍스처:2;복합(소형+재질):1,DEBY_LOD2_104586480,1.220,136.065,0.144,90.730,0.542,690729.070,5335874.970,690997.090,5336111.925,357.746,0,present,yes,present,yes,present,no,DEBY_LOD2_104586480;DEBY_LOD2_108247349;DEBY_LOD2_108247714;DEBY_LOD2_4906965;DEBY_LOD2_4906967;DEBY_LOD2_4907184;DEBY_LOD2_4907198;DEBY_LOD2_4907199;DEBY_LOD2_4907202;DEBY_LOD2_4907208;DEBY_LOD2_4907505;DEBY_LOD2_4907508;DEBY_LOD2_4907520;DEBY_LOD2_4907521;DEBY_LOD2_4908178;DEBY_LOD2_4908179;DEBY_LOD2_4908351;DEBY_LOD2_4908354;DEBY_LOD2_60109;DEBY_LOD2_8568391;DEBY_LOD2_8568392;DEBY_LOD2_8568403
C369,369,no,,30,18,7,5,0,2,1_textureless:4;2_assembly:2;4_impossible:1,missing_lod22_geometry:2;pointcloud_unusable_no_points:5,5,무텍스처:2;복합(소형+가림):1;복합(소형+재질):1;복합(저조도+가림):1,DEBY_LOD2_104586480,0.485,135.280,0.144,85.344,0.549,690729.070,5335874.970,690997.090,5336116.120,360.539,0,present,yes,present,yes,present,no,DEBY_LOD2_104586480;DEBY_LOD2_108247349;DEBY_LOD2_108247350;DEBY_LOD2_108247351;DEBY_LOD2_108247714;DEBY_LOD2_4906965;DEBY_LOD2_4906967;DEBY_LOD2_4907184;DEBY_LOD2_4907185;DEBY_LOD2_4907186;DEBY_LOD2_4907194;DEBY_LOD2_4907195;DEBY_LOD2_4907198;DEBY_LOD2_4907199;DEBY_LOD2_4907202;DEBY_LOD2_4907208;DEBY_LOD2_4907505;DEBY_LOD2_4907508;DEBY_LOD2_4907520;DEBY_LOD2_4907521;DEBY_LOD2_4908168;DEBY_LOD2_4908178;DEBY_LOD2_4908179;DEBY_LOD2_4908351;DEBY_LOD2_4908354;DEBY_LOD2_60098;DEBY_LOD2_60109;DEBY_LOD2_8568391;DEBY_LOD2_8568392;DEBY_LOD2_8568403
C370,370,no,,29,17,7,5,0,2,1_textureless:4;2_assembly:2;4_impossible:1,missing_lod22_geometry:2;pointcloud_unusable_no_points:5,5,무텍스처:2;복합(소형+가림):1;복합(소형+재질):1;복합(저조도+가림):1,DEBY_LOD2_104586480,0.650,135.580,0.140,86.069,0.549,690729.070,5335874.970,690997.090,5336116.120,360.539,0,present,yes,present,yes,present,no,DEBY_LOD2_104586480;DEBY_LOD2_108247349;DEBY_LOD2_108247350;DEBY_LOD2_108247351;DEBY_LOD2_108247714;DEBY_LOD2_4906965;DEBY_LOD2_4906967;DEBY_LOD2_4907184;DEBY_LOD2_4907185;DEBY_LOD2_4907194;DEBY_LOD2_4907195;DEBY_LOD2_4907198;DEBY_LOD2_4907199;DEBY_LOD2_4907202;DEBY_LOD2_4907208;DEBY_LOD2_4907505;DEBY_LOD2_4907508;DEBY_LOD2_4907520;DEBY_LOD2_4907521;DEBY_LOD2_4908168;DEBY_LOD2_4908178;DEBY_LOD2_4908179;DEBY_LOD2_4908351;DEBY_LOD2_4908354;DEBY_LOD2_60098;DEBY_LOD2_60109;DEBY_LOD2_8568391;DEBY_LOD2_8568392;DEBY_LOD2_8568403
C371,371,no,,29,17,7,5,0,2,1_textureless:4;2_assembly:2;4_impossible:1,missing_lod22_geometry:2;pointcloud_unusable_no_points:5,5,무텍스처:2;복합(소형+가림):1;복합(소형+재질):1;복합(저조도+가림):1,DEBY_LOD2_104586480,0.650,135.580,0.140,86.069,0.549,690729.070,5335874.970,690997.090,5336116.120,360.539,0,present,yes,present,yes,present,no,DEBY_LOD2_104586480;DEBY_LOD2_108247349;DEBY_LOD2_108247350;DEBY_LOD2_108247351;DEBY_LOD2_108247714;DEBY_LOD2_4906965;DEBY_LOD2_4906967;DEBY_LOD2_4907184;DEBY_LOD2_4907185;DEBY_LOD2_4907186;DEBY_LOD2_4907194;DEBY_LOD2_4907195;DEBY_LOD2_4907198;DEBY_LOD2_4907199;DEBY_LOD2_4907202;DEBY_LOD2_4907208;DEBY_LOD2_4907505;DEBY_LOD2_4907508;DEBY_LOD2_4907520;DEBY_LOD2_4907521;DEBY_LOD2_4908168;DEBY_LOD2_4908178;DEBY_LOD2_4908179;DEBY_LOD2_4908351;DEBY_LOD2_4908354;DEBY_LOD2_60109;DEBY_LOD2_8568391;DEBY_LOD2_8568392;DEBY_LOD2_8568403
C372,372,no,,27,16,7,5,0,2,1_textureless:4;2_assembly:2;4_impossible:1,missing_lod22_geometry:2;pointcloud_unusable_no_points:5,5,무텍스처:2;복합(소형+가림):1;복합(소형+재질):1;복합(저조도+가림):1,DEBY_LOD2_104586480,0.700,135.850,0.140,86.872,0.549,690729.070,5335874.970,690997.090,5336116.120,360.539,0,present,yes,present,yes,present,no,DEBY_LOD2_104586480;DEBY_LOD2_108247349;DEBY_LOD2_108247350;DEBY_LOD2_108247351;DEBY_LOD2_108247714;DEBY_LOD2_4906965;DEBY_LOD2_4906967;DEBY_LOD2_4907184;DEBY_LOD2_4907185;DEBY_LOD2_4907195;DEBY_LOD2_4907198;DEBY_LOD2_4907199;DEBY_LOD2_4907202;DEBY_LOD2_4907208;DEBY_LOD2_4907505;DEBY_LOD2_4907508;DEBY_LOD2_4907520;DEBY_LOD2_4907521;DEBY_LOD2_4908168;DEBY_LOD2_4908178;DEBY_LOD2_4908179;DEBY_LOD2_4908351;DEBY_LOD2_4908354;DEBY_LOD2_60109;DEBY_LOD2_8568391;DEBY_LOD2_8568392;DEBY_LOD2_8568403
C373,373,no,,28,16,7,5,0,2,1_textureless:4;2_assembly:2;4_impossible:1,missing_lod22_geometry:2;pointcloud_unusable_no_points:5,5,무텍스처:2;복합(소형+가림):1;복합(소형+재질):1;복합(저조도+가림):1,DEBY_LOD2_104586480,0.675,135.715,0.135,86.471,0.549,690729.070,5335874.970,690997.090,5336116.120,360.539,0,present,yes,present,yes,present,no,DEBY_LOD2_104586480;DEBY_LOD2_108247349;DEBY_LOD2_108247350;DEBY_LOD2_108247351;DEBY_LOD2_108247714;DEBY_LOD2_4906965;DEBY_LOD2_4906967;DEBY_LOD2_4907184;DEBY_LOD2_4907185;DEBY_LOD2_4907194;DEBY_LOD2_4907195;DEBY_LOD2_4907198;DEBY_LOD2_4907199;DEBY_LOD2_4907202;DEBY_LOD2_4907208;DEBY_LOD2_4907505;DEBY_LOD2_4907508;DEBY_LOD2_4907520;DEBY_LOD2_4907521;DEBY_LOD2_4908168;DEBY_LOD2_4908178;DEBY_LOD2_4908179;DEBY_LOD2_4908351;DEBY_LOD2_4908354;DEBY_LOD2_60109;DEBY_LOD2_8568391;DEBY_LOD2_8568392;DEBY_LOD2_8568403
C374,374,no,,26,15,7,5,0,2,1_textureless:4;2_assembly:2;4_impossible:1,missing_lod22_geometry:2;pointcloud_unusable_no_points:5,5,무텍스처:2;복합(소형+가림):1;복합(소형+재질):1;복합(저조도+가림):1,DEBY_LOD2_104586480,0.860,136.065,0.144,90.730,0.542,690729.070,5335874.970,690997.090,5336116.120,360.539,0,present,yes,present,yes,present,no,DEBY_LOD2_104586480;DEBY_LOD2_108247349;DEBY_LOD2_108247350;DEBY_LOD2_108247351;DEBY_LOD2_108247714;DEBY_LOD2_4906965;DEBY_LOD2_4906967;DEBY_LOD2_4907184;DEBY_LOD2_4907185;DEBY_LOD2_4907198;DEBY_LOD2_4907199;DEBY_LOD2_4907202;DEBY_LOD2_4907208;DEBY_LOD2_4907505;DEBY_LOD2_4907508;DEBY_LOD2_4907520;DEBY_LOD2_4907521;DEBY_LOD2_4908168;DEBY_LOD2_4908178;DEBY_LOD2_4908179;DEBY_LOD2_4908351;DEBY_LOD2_4908354;DEBY_LOD2_60109;DEBY_LOD2_8568391;DEBY_LOD2_8568392;DEBY_LOD2_8568403
C375,375,no,,25,15,6,4,0,2,1_textureless:3;2_assembly:2;4_impossible:1,missing_lod22_geometry:2;pointcloud_unusable_no_points:4,4,무텍스처:2;복합(소형+재질):1;복합(저조도+가림):1,DEBY_LOD2_104586480,1.020,136.280,0.147,94.587,0.549,690729.070,5335874.970,690997.090,5336116.120,360.539,0,present,yes,present,yes,present,no,DEBY_LOD2_104586480;DEBY_LOD2_108247349;DEBY_LOD2_108247351;DEBY_LOD2_108247714;DEBY_LOD2_4906965;DEBY_LOD2_4906967;DEBY_LOD2_4907184;DEBY_LOD2_4907185;DEBY_LOD2_4907198;DEBY_LOD2_4907199;DEBY_LOD2_4907202;DEBY_LOD2_4907208;DEBY_LOD2_4907505;DEBY_LOD2_4907508;DEBY_LOD2_4907520;DEBY_LOD2_4907521;DEBY_LOD2_4908168;DEBY_LOD2_4908178;DEBY_LOD2_4908179;DEBY_LOD2_4908351;DEBY_LOD2_4908354;DEBY_LOD2_60109;DEBY_LOD2_8568391;DEBY_LOD2_8568392;DEBY_LOD2_8568403
C376,376,no,,30,19,7,5,0,2,1_textureless:4;2_assembly:2;4_impossible:1,missing_lod22_geometry:2;pointcloud_unusable_no_points:5,5,무텍스처:2;복합(소형+가림):1;복합(소형+재질):1;복합(저조도+가림):1,DEBY_LOD2_104586480,0.675,135.715,0.157,86.471,0.549,690729.070,5335874.970,690997.090,5336124.070,365.904,0,present,yes,present,yes,present,no,DEBY_LOD2_104586480;DEBY_LOD2_108247349;DEBY_LOD2_108247350;DEBY_LOD2_108247351;DEBY_LOD2_108247714;DEBY_LOD2_4906965;DEBY_LOD2_4906967;DEBY_LOD2_4906975;DEBY_LOD2_4907184;DEBY_LOD2_4907185;DEBY_LOD2_4907186;DEBY_LOD2_4907195;DEBY_LOD2_4907198;DEBY_LOD2_4907199;DEBY_LOD2_4907202;DEBY_LOD2_4907208;DEBY_LOD2_4907505;DEBY_LOD2_4907508;DEBY_LOD2_4907520;DEBY_LOD2_4907521;DEBY_LOD2_4908168;DEBY_LOD2_4908178;DEBY_LOD2_4908179;DEBY_LOD2_4908351;DEBY_LOD2_4908354;DEBY_LOD2_60098;DEBY_LOD2_60109;DEBY_LOD2_8568391;DEBY_LOD2_8568392;DEBY_LOD2_8568403
C377,377,no,,29,18,7,5,0,2,1_textureless:4;2_assembly:2;4_impossible:1,missing_lod22_geometry:2;pointcloud_unusable_no_points:5,5,무텍스처:2;복합(소형+가림):1;복합(소형+재질):1;복합(저조도+가림):1,DEBY_LOD2_104586480,0.700,135.850,0.147,86.872,0.549,690729.070,5335874.970,690997.090,5336124.070,365.904,0,present,yes,present,yes,present,no,DEBY_LOD2_104586480;DEBY_LOD2_108247349;DEBY_LOD2_108247350;DEBY_LOD2_108247351;DEBY_LOD2_108247714;DEBY_LOD2_4906965;DEBY_LOD2_4906967;DEBY_LOD2_4906975;DEBY_LOD2_4907184;DEBY_LOD2_4907185;DEBY_LOD2_4907195;DEBY_LOD2_4907198;DEBY_LOD2_4907199;DEBY_LOD2_4907202;DEBY_LOD2_4907208;DEBY_LOD2_4907505;DEBY_LOD2_4907508;DEBY_LOD2_4907520;DEBY_LOD2_4907521;DEBY_LOD2_4908168;DEBY_LOD2_4908178;DEBY_LOD2_4908179;DEBY_LOD2_4908351;DEBY_LOD2_4908354;DEBY_LOD2_60098;DEBY_LOD2_60109;DEBY_LOD2_8568391;DEBY_LOD2_8568392;DEBY_LOD2_8568403
C378,378,no,,30,18,7,5,0,2,1_textureless:4;2_assembly:2;4_impossible:1,missing_lod22_geometry:2;pointcloud_unusable_no_points:5,5,무텍스처:2;복합(소형+가림):1;복합(소형+재질):1;복합(저조도+가림):1,DEBY_LOD2_104586480,0.675,135.715,0.144,86.471,0.549,690729.070,5335874.970,690997.090,5336124.070,365.904,0,present,yes,present,yes,present,no,DEBY_LOD2_104586480;DEBY_LOD2_108247349;DEBY_LOD2_108247350;DEBY_LOD2_108247351;DEBY_LOD2_108247714;DEBY_LOD2_4906965;DEBY_LOD2_4906967;DEBY_LOD2_4906975;DEBY_LOD2_4907184;DEBY_LOD2_4907185;DEBY_LOD2_4907194;DEBY_LOD2_4907195;DEBY_LOD2_4907198;DEBY_LOD2_4907199;DEBY_LOD2_4907202;DEBY_LOD2_4907208;DEBY_LOD2_4907505;DEBY_LOD2_4907508;DEBY_LOD2_4907520;DEBY_LOD2_4907521;DEBY_LOD2_4908168;DEBY_LOD2_4908178;DEBY_LOD2_4908179;DEBY_LOD2_4908351;DEBY_LOD2_4908354;DEBY_LOD2_60098;DEBY_LOD2_60109;DEBY_LOD2_8568391;DEBY_LOD2_8568392;DEBY_LOD2_8568403
C379,379,no,,28,17,7,5,0,2,1_textureless:4;2_assembly:2;4_impossible:1,missing_lod22_geometry:2;pointcloud_unusable_no_points:5,5,무텍스처:2;복합(소형+가림):1;복합(소형+재질):1;복합(저조도+가림):1,DEBY_LOD2_104586480,0.860,136.065,0.144,90.730,0.549,690729.070,5335874.970,690997.090,5336124.070,365.904,0,present,yes,present,yes,present,no,DEBY_LOD2_104586480;DEBY_LOD2_108247349;DEBY_LOD2_108247350;DEBY_LOD2_108247351;DEBY_LOD2_108247714;DEBY_LOD2_4906965;DEBY_LOD2_4906967;DEBY_LOD2_4906975;DEBY_LOD2_4907184;DEBY_LOD2_4907185;DEBY_LOD2_4907195;DEBY_LOD2_4907198;DEBY_LOD2_4907199;DEBY_LOD2_4907202;DEBY_LOD2_4907208;DEBY_LOD2_4907505;DEBY_LOD2_4907508;DEBY_LOD2_4907520;DEBY_LOD2_4907521;DEBY_LOD2_4908168;DEBY_LOD2_4908178;DEBY_LOD2_4908179;DEBY_LOD2_4908351;DEBY_LOD2_4908354;DEBY_LOD2_60109;DEBY_LOD2_8568391;DEBY_LOD2_8568392;DEBY_LOD2_8568403
C380,380,no,,29,17,7,5,0,2,1_textureless:4;2_assembly:2;4_impossible:1,missing_lod22_geometry:2;pointcloud_unusable_no_points:5,5,무텍스처:2;복합(소형+가림):1;복합(소형+재질):1;복합(저조도+가림):1,DEBY_LOD2_104586480,0.700,135.850,0.140,86.872,0.549,690729.070,5335874.970,690997.090,5336124.070,365.904,0,present,yes,present,yes,present,no,DEBY_LOD2_104586480;DEBY_LOD2_108247349;DEBY_LOD2_108247350;DEBY_LOD2_108247351;DEBY_LOD2_108247714;DEBY_LOD2_4906965;DEBY_LOD2_4906967;DEBY_LOD2_4906975;DEBY_LOD2_4907184;DEBY_LOD2_4907185;DEBY_LOD2_4907194;DEBY_LOD2_4907195;DEBY_LOD2_4907198;DEBY_LOD2_4907199;DEBY_LOD2_4907202;DEBY_LOD2_4907208;DEBY_LOD2_4907505;DEBY_LOD2_4907508;DEBY_LOD2_4907520;DEBY_LOD2_4907521;DEBY_LOD2_4908168;DEBY_LOD2_4908178;DEBY_LOD2_4908179;DEBY_LOD2_4908351;DEBY_LOD2_4908354;DEBY_LOD2_60109;DEBY_LOD2_8568391;DEBY_LOD2_8568392;DEBY_LOD2_8568403
C381,381,no,,29,18,7,5,0,2,1_textureless:4;2_assembly:2;4_impossible:1,missing_lod22_geometry:2;pointcloud_unusable_no_points:5,5,무텍스처:2;복합(소형+가림):1;복합(소형+재질):1;복합(저조도+가림):1,DEBY_LOD2_104586480,0.700,135.850,0.140,86.872,0.549,690729.070,5335874.970,691230.160,5336124.070,559.591,0,present,yes,present,yes,present,no,DEBY_LOD2_104586480;DEBY_LOD2_108247349;DEBY_LOD2_108247350;DEBY_LOD2_108247351;DEBY_LOD2_108247714;DEBY_LOD2_4906965;DEBY_LOD2_4906967;DEBY_LOD2_4906975;DEBY_LOD2_4907184;DEBY_LOD2_4907185;DEBY_LOD2_4907195;DEBY_LOD2_4907198;DEBY_LOD2_4907199;DEBY_LOD2_4907202;DEBY_LOD2_4907208;DEBY_LOD2_4907505;DEBY_LOD2_4907508;DEBY_LOD2_4907520;DEBY_LOD2_4907521;DEBY_LOD2_4908168;DEBY_LOD2_4908178;DEBY_LOD2_4908179;DEBY_LOD2_4908351;DEBY_LOD2_4908354;DEBY_LOD2_4959320;DEBY_LOD2_60109;DEBY_LOD2_8568391;DEBY_LOD2_8568392;DEBY_LOD2_8568403
C382,382,no,,28,17,7,5,0,2,1_textureless:4;2_assembly:2;4_impossible:1,missing_lod22_geometry:2;pointcloud_unusable_no_points:5,5,무텍스처:2;복합(소형+가림):1;복합(소형+재질):1;복합(저조도+가림):1,DEBY_LOD2_104586480,0.860,136.065,0.144,90.730,0.542,690729.070,5335874.970,691230.160,5336124.070,559.591,0,present,yes,present,yes,present,no,DEBY_LOD2_104586480;DEBY_LOD2_108247349;DEBY_LOD2_108247350;DEBY_LOD2_108247351;DEBY_LOD2_108247714;DEBY_LOD2_4906965;DEBY_LOD2_4906967;DEBY_LOD2_4906975;DEBY_LOD2_4907184;DEBY_LOD2_4907185;DEBY_LOD2_4907198;DEBY_LOD2_4907199;DEBY_LOD2_4907202;DEBY_LOD2_4907208;DEBY_LOD2_4907505;DEBY_LOD2_4907508;DEBY_LOD2_4907520;DEBY_LOD2_4907521;DEBY_LOD2_4908168;DEBY_LOD2_4908178;DEBY_LOD2_4908179;DEBY_LOD2_4908351;DEBY_LOD2_4908354;DEBY_LOD2_4959320;DEBY_LOD2_60109;DEBY_LOD2_8568391;DEBY_LOD2_8568392;DEBY_LOD2_8568403
C383,383,no,,27,17,6,4,0,2,1_textureless:3;2_assembly:2;4_impossible:1,missing_lod22_geometry:2;pointcloud_unusable_no_points:4,4,무텍스처:2;복합(소형+재질):1;복합(저조도+가림):1,DEBY_LOD2_104586480,1.020,136.280,0.147,94.587,0.549,690729.070,5335874.970,691230.160,5336124.070,559.591,0,present,yes,present,yes,present,no,DEBY_LOD2_104586480;DEBY_LOD2_108247349;DEBY_LOD2_108247351;DEBY_LOD2_108247714;DEBY_LOD2_4906965;DEBY_LOD2_4906967;DEBY_LOD2_4906975;DEBY_LOD2_4907184;DEBY_LOD2_4907185;DEBY_LOD2_4907198;DEBY_LOD2_4907199;DEBY_LOD2_4907202;DEBY_LOD2_4907208;DEBY_LOD2_4907505;DEBY_LOD2_4907508;DEBY_LOD2_4907520;DEBY_LOD2_4907521;DEBY_LOD2_4908168;DEBY_LOD2_4908178;DEBY_LOD2_4908179;DEBY_LOD2_4908351;DEBY_LOD2_4908354;DEBY_LOD2_4959320;DEBY_LOD2_60109;DEBY_LOD2_8568391;DEBY_LOD2_8568392;DEBY_LOD2_8568403
C384,384,no,,26,17,5,3,0,2,1_textureless:2;2_assembly:2;4_impossible:1,missing_lod22_geometry:2;pointcloud_unusable_no_points:3,3,무텍스처:2;복합(소형+재질):1,DEBY_LOD2_104586480,1.220,138.250,0.158,95.482,0.542,690729.070,5335874.970,691230.160,5336124.070,559.591,0,present,yes,present,yes,present,no,DEBY_LOD2_104586480;DEBY_LOD2_108247349;DEBY_LOD2_108247714;DEBY_LOD2_4906965;DEBY_LOD2_4906967;DEBY_LOD2_4906975;DEBY_LOD2_4907184;DEBY_LOD2_4907185;DEBY_LOD2_4907198;DEBY_LOD2_4907199;DEBY_LOD2_4907202;DEBY_LOD2_4907208;DEBY_LOD2_4907505;DEBY_LOD2_4907508;DEBY_LOD2_4907520;DEBY_LOD2_4907521;DEBY_LOD2_4908168;DEBY_LOD2_4908178;DEBY_LOD2_4908179;DEBY_LOD2_4908351;DEBY_LOD2_4908354;DEBY_LOD2_4959320;DEBY_LOD2_60109;DEBY_LOD2_8568391;DEBY_LOD2_8568392;DEBY_LOD2_8568403
C385,385,no,,24,16,5,3,0,2,1_textureless:2;2_assembly:2;4_impossible:1,missing_lod22_geometry:2;pointcloud_unusable_no_points:3,3,무텍스처:2;복합(소형+재질):1,DEBY_LOD2_104586480,1.220,138.250,0.158,95.482,0.521,690729.070,5335874.970,691230.160,5336124.070,559.591,0,present,yes,present,yes,present,no,DEBY_LOD2_104586480;DEBY_LOD2_108247714;DEBY_LOD2_4906965;DEBY_LOD2_4906967;DEBY_LOD2_4906975;DEBY_LOD2_4907184;DEBY_LOD2_4907185;DEBY_LOD2_4907198;DEBY_LOD2_4907199;DEBY_LOD2_4907202;DEBY_LOD2_4907208;DEBY_LOD2_4907505;DEBY_LOD2_4907508;DEBY_LOD2_4907520;DEBY_LOD2_4907521;DEBY_LOD2_4908178;DEBY_LOD2_4908179;DEBY_LOD2_4908351;DEBY_LOD2_4908354;DEBY_LOD2_4959320;DEBY_LOD2_60109;DEBY_LOD2_8568391;DEBY_LOD2_8568392;DEBY_LOD2_8568403
C386,386,no,,25,16,5,3,0,2,1_textureless:2;2_assembly:2;4_impossible:1,missing_lod22_geometry:2;pointcloud_unusable_no_points:3,3,무텍스처:2;복합(소형+재질):1,DEBY_LOD2_104586480,1.020,136.280,0.147,94.587,0.536,690729.070,5335874.970,691230.160,5336124.070,559.591,0,present,yes,present,yes,present,no,DEBY_LOD2_104586480;DEBY_LOD2_108247349;DEBY_LOD2_108247714;DEBY_LOD2_4906965;DEBY_LOD2_4906967;DEBY_LOD2_4906975;DEBY_LOD2_4907184;DEBY_LOD2_4907185;DEBY_LOD2_4907198;DEBY_LOD2_4907199;DEBY_LOD2_4907202;DEBY_LOD2_4907208;DEBY_LOD2_4907505;DEBY_LOD2_4907508;DEBY_LOD2_4907520;DEBY_LOD2_4907521;DEBY_LOD2_4908178;DEBY_LOD2_4908179;DEBY_LOD2_4908351;DEBY_LOD2_4908354;DEBY_LOD2_4959320;DEBY_LOD2_60109;DEBY_LOD2_8568391;DEBY_LOD2_8568392;DEBY_LOD2_8568403
C387,387,no,,23,15,5,3,0,2,1_textureless:2;2_assembly:2;4_impossible:1,missing_lod22_geometry:2;pointcloud_unusable_no_points:3,3,무텍스처:2;복합(소형+재질):1,DEBY_LOD2_104586480,1.420,136.280,0.147,94.587,0.536,690729.070,5335874.970,691230.160,5336124.070,559.591,0,present,yes,present,yes,present,no,DEBY_LOD2_104586480;DEBY_LOD2_108247714;DEBY_LOD2_4906965;DEBY_LOD2_4906967;DEBY_LOD2_4906975;DEBY_LOD2_4907184;DEBY_LOD2_4907198;DEBY_LOD2_4907199;DEBY_LOD2_4907202;DEBY_LOD2_4907208;DEBY_LOD2_4907505;DEBY_LOD2_4907508;DEBY_LOD2_4907520;DEBY_LOD2_4907521;DEBY_LOD2_4908178;DEBY_LOD2_4908179;DEBY_LOD2_4908351;DEBY_LOD2_4908354;DEBY_LOD2_4959320;DEBY_LOD2_60109;DEBY_LOD2_8568391;DEBY_LOD2_8568392;DEBY_LOD2_8568403
C388,388,no,,24,15,5,3,0,2,1_textureless:2;2_assembly:2;4_impossible:1,missing_lod22_geometry:2;pointcloud_unusable_no_points:3,3,무텍스처:2;복합(소형+재질):1,DEBY_LOD2_104586480,1.220,136.065,0.144,90.730,0.542,690729.070,5335874.970,691230.160,5336124.070,559.591,0,present,yes,present,yes,present,no,DEBY_LOD2_104586480;DEBY_LOD2_108247349;DEBY_LOD2_108247714;DEBY_LOD2_4906965;DEBY_LOD2_4906967;DEBY_LOD2_4906975;DEBY_LOD2_4907184;DEBY_LOD2_4907198;DEBY_LOD2_4907199;DEBY_LOD2_4907202;DEBY_LOD2_4907208;DEBY_LOD2_4907505;DEBY_LOD2_4907508;DEBY_LOD2_4907520;DEBY_LOD2_4907521;DEBY_LOD2_4908178;DEBY_LOD2_4908179;DEBY_LOD2_4908351;DEBY_LOD2_4908354;DEBY_LOD2_4959320;DEBY_LOD2_60109;DEBY_LOD2_8568391;DEBY_LOD2_8568392;DEBY_LOD2_8568403
C389,389,no,,22,15,4,2,0,2,1_textureless:1;2_assembly:2;4_impossible:1,missing_lod22_geometry:2;pointcloud_unusable_no_points:2,2,무텍스처:2,DEBY_LOD2_104586480,1.220,136.065,0.158,91.624,0.521,690729.070,5335874.970,691230.160,5336124.070,559.591,0,present,yes,present,yes,present,no,DEBY_LOD2_104586480;DEBY_LOD2_108247714;DEBY_LOD2_4906965;DEBY_LOD2_4906967;DEBY_LOD2_4906975;DEBY_LOD2_4907184;DEBY_LOD2_4907198;DEBY_LOD2_4907199;DEBY_LOD2_4907202;DEBY_LOD2_4907208;DEBY_LOD2_4907505;DEBY_LOD2_4907508;DEBY_LOD2_4907520;DEBY_LOD2_4907521;DEBY_LOD2_4908178;DEBY_LOD2_4908179;DEBY_LOD2_4908351;DEBY_LOD2_4908354;DEBY_LOD2_4959320;DEBY_LOD2_60109;DEBY_LOD2_8568391;DEBY_LOD2_8568403
C390,390,no,,21,14,4,2,0,2,1_textureless:1;2_assembly:2;4_impossible:1,missing_lod22_geometry:2;pointcloud_unusable_no_points:2,2,무텍스처:2,DEBY_LOD2_104586480,1.420,135.850,0.169,96.377,0.506,690729.070,5335874.970,691230.160,5336124.070,559.591,0,present,yes,present,yes,present,no,DEBY_LOD2_104586480;DEBY_LOD2_108247714;DEBY_LOD2_4906965;DEBY_LOD2_4906967;DEBY_LOD2_4906975;DEBY_LOD2_4907184;DEBY_LOD2_4907199;DEBY_LOD2_4907202;DEBY_LOD2_4907208;DEBY_LOD2_4907505;DEBY_LOD2_4907508;DEBY_LOD2_4907520;DEBY_LOD2_4907521;DEBY_LOD2_4908178;DEBY_LOD2_4908179;DEBY_LOD2_4908351;DEBY_LOD2_4908354;DEBY_LOD2_4959320;DEBY_LOD2_60109;DEBY_LOD2_8568391;DEBY_LOD2_8568403
C391,391,no,,19,14,3,1,0,2,1_textureless:1;2_assembly:2,missing_lod22_geometry:2;pointcloud_unusable_no_points:1,1,무텍스처:1,DEBY_LOD2_104586480,1.940,136.280,0.198,116.357,0.506,690729.070,5335874.970,691230.160,5336124.070,559.591,0,present,yes,present,yes,present,no,DEBY_LOD2_104586480;DEBY_LOD2_108247714;DEBY_LOD2_4906965;DEBY_LOD2_4906967;DEBY_LOD2_4906975;DEBY_LOD2_4907184;DEBY_LOD2_4907202;DEBY_LOD2_4907208;DEBY_LOD2_4907505;DEBY_LOD2_4907508;DEBY_LOD2_4907520;DEBY_LOD2_4907521;DEBY_LOD2_4908178;DEBY_LOD2_4908351;DEBY_LOD2_4908354;DEBY_LOD2_4959320;DEBY_LOD2_60109;DEBY_LOD2_8568391;DEBY_LOD2_8568403
C392,392,no,,20,14,3,1,0,2,1_textureless:1;2_assembly:2,missing_lod22_geometry:2;pointcloud_unusable_no_points:1,1,무텍스처:1,DEBY_LOD2_104586480,1.680,136.065,0.183,106.367,0.495,690729.070,5335874.970,691230.160,5336124.070,559.591,0,present,yes,present,yes,present,no,DEBY_LOD2_104586480;DEBY_LOD2_108247714;DEBY_LOD2_4906965;DEBY_LOD2_4906967;DEBY_LOD2_4906975;DEBY_LOD2_4907184;DEBY_LOD2_4907202;DEBY_LOD2_4907208;DEBY_LOD2_4907505;DEBY_LOD2_4907508;DEBY_LOD2_4907520;DEBY_LOD2_4907521;DEBY_LOD2_4908178;DEBY_LOD2_4908179;DEBY_LOD2_4908351;DEBY_LOD2_4908354;DEBY_LOD2_4959320;DEBY_LOD2_60109;DEBY_LOD2_8568391;DEBY_LOD2_8568403
C393,393,no,,18,13,3,1,0,2,1_textureless:1;2_assembly:2,missing_lod22_geometry:2;pointcloud_unusable_no_points:1,1,무텍스처:1,DEBY_LOD2_104586480,2.205,136.065,0.183,106.367,0.521,690729.070,5335874.970,691230.160,5336124.070,559.591,0,present,yes,present,yes,present,no,DEBY_LOD2_104586480;DEBY_LOD2_108247714;DEBY_LOD2_4906965;DEBY_LOD2_4906967;DEBY_LOD2_4906975;DEBY_LOD2_4907202;DEBY_LOD2_4907208;DEBY_LOD2_4907505;DEBY_LOD2_4907508;DEBY_LOD2_4907520;DEBY_LOD2_4907521;DEBY_LOD2_4908178;DEBY_LOD2_4908351;DEBY_LOD2_4908354;DEBY_LOD2_4959320;DEBY_LOD2_60109;DEBY_LOD2_8568391;DEBY_LOD2_8568403
C394,394,no,,17,12,3,1,0,2,1_textureless:1;2_assembly:2,missing_lod22_geometry:2;pointcloud_unusable_no_points:1,1,무텍스처:1,DEBY_LOD2_104586480,2.470,135.850,0.198,116.357,0.536,690729.070,5335874.970,691230.160,5336124.070,559.591,0,present,yes,present,yes,present,no,DEBY_LOD2_104586480;DEBY_LOD2_108247714;DEBY_LOD2_4906965;DEBY_LOD2_4906967;DEBY_LOD2_4906975;DEBY_LOD2_4907202;DEBY_LOD2_4907208;DEBY_LOD2_4907505;DEBY_LOD2_4907508;DEBY_LOD2_4907520;DEBY_LOD2_4907521;DEBY_LOD2_4908351;DEBY_LOD2_4908354;DEBY_LOD2_4959320;DEBY_LOD2_60109;DEBY_LOD2_8568391;DEBY_LOD2_8568403
C395,395,no,,30,19,7,5,0,2,1_textureless:4;2_assembly:2;4_impossible:1,missing_lod22_geometry:2;pointcloud_unusable_no_points:5,5,무텍스처:2;복합(소형+가림):1;복합(소형+재질):1;복합(저조도+가림):1,DEBY_LOD2_104586480,0.860,136.065,0.144,90.730,0.542,690729.070,5335874.970,691230.160,5336191.760,592.830,0,present,yes,present,yes,present,no,DEBY_LOD2_104586480;DEBY_LOD2_108247349;DEBY_LOD2_108247350;DEBY_LOD2_108247351;DEBY_LOD2_108247714;DEBY_LOD2_4906965;DEBY_LOD2_4906967;DEBY_LOD2_4906975;DEBY_LOD2_4907184;DEBY_LOD2_4907185;DEBY_LOD2_4907195;DEBY_LOD2_4907198;DEBY_LOD2_4907199;DEBY_LOD2_4907202;DEBY_LOD2_4907208;DEBY_LOD2_4907505;DEBY_LOD2_4907508;DEBY_LOD2_4907520;DEBY_LOD2_4907521;DEBY_LOD2_4908168;DEBY_LOD2_4908178;DEBY_LOD2_4908179;DEBY_LOD2_4908351;DEBY_LOD2_4908354;DEBY_LOD2_4959320;DEBY_LOD2_60042;DEBY_LOD2_60109;DEBY_LOD2_8568391;DEBY_LOD2_8568392;DEBY_LOD2_8568403
C396,396,no,,29,18,7,5,0,2,1_textureless:4;2_assembly:2;4_impossible:1,missing_lod22_geometry:2;pointcloud_unusable_no_points:5,5,무텍스처:2;복합(소형+가림):1;복합(소형+재질):1;복합(저조도+가림):1,DEBY_LOD2_104586480,1.020,136.280,0.147,94.587,0.536,690729.070,5335874.970,691230.160,5336191.760,592.830,0,present,yes,present,yes,present,no,DEBY_LOD2_104586480;DEBY_LOD2_108247349;DEBY_LOD2_108247350;DEBY_LOD2_108247351;DEBY_LOD2_108247714;DEBY_LOD2_4906965;DEBY_LOD2_4906967;DEBY_LOD2_4906975;DEBY_LOD2_4907184;DEBY_LOD2_4907185;DEBY_LOD2_4907198;DEBY_LOD2_4907199;DEBY_LOD2_4907202;DEBY_LOD2_4907208;DEBY_LOD2_4907505;DEBY_LOD2_4907508;DEBY_LOD2_4907520;DEBY_LOD2_4907521;DEBY_LOD2_4908168;DEBY_LOD2_4908178;DEBY_LOD2_4908179;DEBY_LOD2_4908351;DEBY_LOD2_4908354;DEBY_LOD2_4959320;DEBY_LOD2_60042;DEBY_LOD2_60109;DEBY_LOD2_8568391;DEBY_LOD2_8568392;DEBY_LOD2_8568403
C397,397,no,,28,18,6,4,0,2,1_textureless:3;2_assembly:2;4_impossible:1,missing_lod22_geometry:2;pointcloud_unusable_no_points:4,4,무텍스처:2;복합(소형+재질):1;복합(저조도+가림):1,DEBY_LOD2_104586480,1.220,138.250,0.158,95.482,0.542,690729.070,5335874.970,691230.160,5336191.760,592.830,0,present,yes,present,yes,present,no,DEBY_LOD2_104586480;DEBY_LOD2_108247349;DEBY_LOD2_108247351;DEBY_LOD2_108247714;DEBY_LOD2_4906965;DEBY_LOD2_4906967;DEBY_LOD2_4906975;DEBY_LOD2_4907184;DEBY_LOD2_4907185;DEBY_LOD2_4907198;DEBY_LOD2_4907199;DEBY_LOD2_4907202;DEBY_LOD2_4907208;DEBY_LOD2_4907505;DEBY_LOD2_4907508;DEBY_LOD2_4907520;DEBY_LOD2_4907521;DEBY_LOD2_4908168;DEBY_LOD2_4908178;DEBY_LOD2_4908179;DEBY_LOD2_4908351;DEBY_LOD2_4908354;DEBY_LOD2_4959320;DEBY_LOD2_60042;DEBY_LOD2_60109;DEBY_LOD2_8568391;DEBY_LOD2_8568392;DEBY_LOD2_8568403
C398,398,no,,25,19,4,1,0,3,2_assembly:3;4_impossible:1,missing_lod22_geometry:3;pointcloud_unusable_no_points:1,1,복합(소형+재질):1,DEBY_LOD2_104586480,3.000,145.790,0.224,127.817,0.484,690804.080,5335874.970,691230.160,5336340.460,631.051,0,present,yes,present,yes,present,no,DEBY_LOD2_104586480;DEBY_LOD2_108247714;DEBY_LOD2_108580335;DEBY_LOD2_4906965;DEBY_LOD2_4906967;DEBY_LOD2_4906975;DEBY_LOD2_4906985;DEBY_LOD2_4907177;DEBY_LOD2_4907181;DEBY_LOD2_4907184;DEBY_LOD2_4907185;DEBY_LOD2_4907505;DEBY_LOD2_4907508;DEBY_LOD2_4907520;DEBY_LOD2_4907521;DEBY_LOD2_4908168;DEBY_LOD2_4908169;DEBY_LOD2_4908351;DEBY_LOD2_4908354;DEBY_LOD2_4959314;DEBY_LOD2_4959320;DEBY_LOD2_4959326;DEBY_LOD2_60042;DEBY_LOD2_8568403;DEBY_LOD2_8573847
C399,399,no,,24,19,3,1,0,2,2_assembly:2;4_impossible:1,missing_lod22_geometry:2;pointcloud_unusable_no_points:1,1,복합(소형+재질):1,DEBY_LOD2_104586480,3.040,144.600,0.227,128.272,0.464,690804.080,5335874.970,691230.160,5336340.460,631.051,0,present,yes,present,yes,present,no,DEBY_LOD2_104586480;DEBY_LOD2_108247714;DEBY_LOD2_108580335;DEBY_LOD2_4906965;DEBY_LOD2_4906967;DEBY_LOD2_4906975;DEBY_LOD2_4906985;DEBY_LOD2_4907177;DEBY_LOD2_4907184;DEBY_LOD2_4907185;DEBY_LOD2_4907505;DEBY_LOD2_4907508;DEBY_LOD2_4907520;DEBY_LOD2_4907521;DEBY_LOD2_4908168;DEBY_LOD2_4908169;DEBY_LOD2_4908351;DEBY_LOD2_4908354;DEBY_LOD2_4959314;DEBY_LOD2_4959320;DEBY_LOD2_4959326;DEBY_LOD2_60042;DEBY_LOD2_8568403;DEBY_LOD2_8573847
C400,400,no,,30,23,5,1,0,4,2_assembly:4;4_impossible:1,missing_lod22_geometry:4;pointcloud_unusable_no_points:1,1,복합(소형+재질):1,DEBY_LOD2_104586480,2.205,142.845,0.208,113.583,0.491,690788.390,5335874.970,691230.160,5336340.460,641.749,0,present,yes,present,yes,present,no,DEBY_LOD2_104586480;DEBY_LOD2_108247714;DEBY_LOD2_108580335;DEBY_LOD2_4906965;DEBY_LOD2_4906967;DEBY_LOD2_4906975;DEBY_LOD2_4906985;DEBY_LOD2_4907175;DEBY_LOD2_4907176;DEBY_LOD2_4907177;DEBY_LOD2_4907181;DEBY_LOD2_4907184;DEBY_LOD2_4907185;DEBY_LOD2_4907198;DEBY_LOD2_4907202;DEBY_LOD2_4907505;DEBY_LOD2_4907508;DEBY_LOD2_4907520;DEBY_LOD2_4907521;DEBY_LOD2_4908168;DEBY_LOD2_4908169;DEBY_LOD2_4908178;DEBY_LOD2_4908351;DEBY_LOD2_4908354;DEBY_LOD2_4959314;DEBY_LOD2_4959320;DEBY_LOD2_4959326;DEBY_LOD2_60042;DEBY_LOD2_8568403;DEBY_LOD2_8573847
C401,401,no,,29,23,4,1,0,3,2_assembly:3;4_impossible:1,missing_lod22_geometry:3;pointcloud_unusable_no_points:1,1,복합(소형+재질):1,DEBY_LOD2_104586480,2.470,143.410,0.198,116.357,0.498,690788.390,5335874.970,691230.160,5336340.460,641.749,0,present,yes,present,yes,present,no,DEBY_LOD2_104586480;DEBY_LOD2_108247714;DEBY_LOD2_108580335;DEBY_LOD2_4906965;DEBY_LOD2_4906967;DEBY_LOD2_4906975;DEBY_LOD2_4906985;DEBY_LOD2_4907176;DEBY_LOD2_4907177;DEBY_LOD2_4907181;DEBY_LOD2_4907184;DEBY_LOD2_4907185;DEBY_LOD2_4907198;DEBY_LOD2_4907202;DEBY_LOD2_4907505;DEBY_LOD2_4907508;DEBY_LOD2_4907520;DEBY_LOD2_4907521;DEBY_LOD2_4908168;DEBY_LOD2_4908169;DEBY_LOD2_4908178;DEBY_LOD2_4908351;DEBY_LOD2_4908354;DEBY_LOD2_4959314;DEBY_LOD2_4959320;DEBY_LOD2_4959326;DEBY_LOD2_60042;DEBY_LOD2_8568403;DEBY_LOD2_8573847
C402,402,no,,28,22,4,1,0,3,2_assembly:3;4_impossible:1,missing_lod22_geometry:3;pointcloud_unusable_no_points:1,1,복합(소형+재질):1,DEBY_LOD2_104586480,2.685,144.280,0.209,121.695,0.495,690788.390,5335874.970,691230.160,5336340.460,641.749,0,present,yes,present,yes,present,no,DEBY_LOD2_104586480;DEBY_LOD2_108247714;DEBY_LOD2_108580335;DEBY_LOD2_4906965;DEBY_LOD2_4906967;DEBY_LOD2_4906975;DEBY_LOD2_4906985;DEBY_LOD2_4907177;DEBY_LOD2_4907181;DEBY_LOD2_4907184;DEBY_LOD2_4907185;DEBY_LOD2_4907198;DEBY_LOD2_4907202;DEBY_LOD2_4907505;DEBY_LOD2_4907508;DEBY_LOD2_4907520;DEBY_LOD2_4907521;DEBY_LOD2_4908168;DEBY_LOD2_4908169;DEBY_LOD2_4908178;DEBY_LOD2_4908351;DEBY_LOD2_4908354;DEBY_LOD2_4959314;DEBY_LOD2_4959320;DEBY_LOD2_4959326;DEBY_LOD2_60042;DEBY_LOD2_8568403;DEBY_LOD2_8573847
C403,403,no,,27,21,4,1,0,3,2_assembly:3;4_impossible:1,missing_lod22_geometry:3;pointcloud_unusable_no_points:1,1,복합(소형+재질):1,DEBY_LOD2_104586480,2.900,145.150,0.220,127.033,0.506,690788.390,5335874.970,691230.160,5336340.460,641.749,0,present,yes,present,yes,present,no,DEBY_LOD2_104586480;DEBY_LOD2_108247714;DEBY_LOD2_108580335;DEBY_LOD2_4906965;DEBY_LOD2_4906967;DEBY_LOD2_4906975;DEBY_LOD2_4906985;DEBY_LOD2_4907177;DEBY_LOD2_4907181;DEBY_LOD2_4907184;DEBY_LOD2_4907185;DEBY_LOD2_4907198;DEBY_LOD2_4907202;DEBY_LOD2_4907505;DEBY_LOD2_4907508;DEBY_LOD2_4907520;DEBY_LOD2_4907521;DEBY_LOD2_4908168;DEBY_LOD2_4908169;DEBY_LOD2_4908351;DEBY_LOD2_4908354;DEBY_LOD2_4959314;DEBY_LOD2_4959320;DEBY_LOD2_4959326;DEBY_LOD2_60042;DEBY_LOD2_8568403;DEBY_LOD2_8573847
C404,404,no,,26,20,4,1,0,3,2_assembly:3;4_impossible:1,missing_lod22_geometry:3;pointcloud_unusable_no_points:1,1,복합(소형+재질):1,DEBY_LOD2_104586480,2.950,144.600,0.222,127.425,0.495,690788.390,5335874.970,691230.160,5336340.460,641.749,0,present,yes,present,yes,present,no,DEBY_LOD2_104586480;DEBY_LOD2_108247714;DEBY_LOD2_108580335;DEBY_LOD2_4906965;DEBY_LOD2_4906967;DEBY_LOD2_4906975;DEBY_LOD2_4906985;DEBY_LOD2_4907177;DEBY_LOD2_4907181;DEBY_LOD2_4907184;DEBY_LOD2_4907185;DEBY_LOD2_4907202;DEBY_LOD2_4907505;DEBY_LOD2_4907508;DEBY_LOD2_4907520;DEBY_LOD2_4907521;DEBY_LOD2_4908168;DEBY_LOD2_4908169;DEBY_LOD2_4908351;DEBY_LOD2_4908354;DEBY_LOD2_4959314;DEBY_LOD2_4959320;DEBY_LOD2_4959326;DEBY_LOD2_60042;DEBY_LOD2_8568403;DEBY_LOD2_8573847
C405,405,no,,16,12,2,0,0,2,2_assembly:2,missing_lod22_geometry:2,0,,DEBY_LOD2_104586480,3.235,133.870,0.209,122.541,0.534,690729.070,5335874.970,691230.160,5336124.070,559.591,0,present,yes,present,yes,present,no,DEBY_LOD2_104586480;DEBY_LOD2_108247714;DEBY_LOD2_4906965;DEBY_LOD2_4906967;DEBY_LOD2_4906975;DEBY_LOD2_4907202;DEBY_LOD2_4907208;DEBY_LOD2_4907505;DEBY_LOD2_4907508;DEBY_LOD2_4907520;DEBY_LOD2_4907521;DEBY_LOD2_4908351;DEBY_LOD2_4908354;DEBY_LOD2_4959320;DEBY_LOD2_60109;DEBY_LOD2_8568403
C406,406,no,,15,11,2,0,0,2,2_assembly:2,missing_lod22_geometry:2,0,,DEBY_LOD2_104586480,4.000,131.890,0.220,128.726,0.506,690729.070,5335874.970,691230.160,5336124.070,559.591,0,present,yes,present,yes,present,no,DEBY_LOD2_104586480;DEBY_LOD2_108247714;DEBY_LOD2_4906965;DEBY_LOD2_4906967;DEBY_LOD2_4906975;DEBY_LOD2_4907208;DEBY_LOD2_4907505;DEBY_LOD2_4907508;DEBY_LOD2_4907520;DEBY_LOD2_4907521;DEBY_LOD2_4908351;DEBY_LOD2_4908354;DEBY_LOD2_4959320;DEBY_LOD2_60109;DEBY_LOD2_8568403
C407,407,no,,20,17,2,0,0,2,2_assembly:2,missing_lod22_geometry:2,0,,DEBY_LOD2_104586480,3.780,148.330,0.247,129.331,0.464,690804.080,5335874.970,691230.160,5336257.760,572.776,0,present,yes,present,yes,present,no,DEBY_LOD2_104586480;DEBY_LOD2_108247714;DEBY_LOD2_108580335;DEBY_LOD2_4906965;DEBY_LOD2_4906967;DEBY_LOD2_4906975;DEBY_LOD2_4907184;DEBY_LOD2_4907185;DEBY_LOD2_4907505;DEBY_LOD2_4907508;DEBY_LOD2_4907520;DEBY_LOD2_4907521;DEBY_LOD2_4908168;DEBY_LOD2_4908351;DEBY_LOD2_4908354;DEBY_LOD2_4959314;DEBY_LOD2_4959320;DEBY_LOD2_4959326;DEBY_LOD2_60042;DEBY_LOD2_8568403
C408,408,no,,19,16,2,0,0,2,2_assembly:2,missing_lod22_geometry:2,0,,DEBY_LOD2_104586480,4.000,150.870,0.263,129.596,0.444,690804.080,5335874.970,691230.160,5336257.760,572.776,0,present,yes,present,yes,present,no,DEBY_LOD2_104586480;DEBY_LOD2_108247714;DEBY_LOD2_108580335;DEBY_LOD2_4906965;DEBY_LOD2_4906967;DEBY_LOD2_4906975;DEBY_LOD2_4907184;DEBY_LOD2_4907185;DEBY_LOD2_4907505;DEBY_LOD2_4907508;DEBY_LOD2_4907520;DEBY_LOD2_4907521;DEBY_LOD2_4908168;DEBY_LOD2_4908354;DEBY_LOD2_4959314;DEBY_LOD2_4959320;DEBY_LOD2_4959326;DEBY_LOD2_60042;DEBY_LOD2_8568403
C409,409,no,,18,15,2,0,0,2,2_assembly:2,missing_lod22_geometry:2,0,,DEBY_LOD2_104586480,4.075,151.640,0.256,132.742,0.464,690804.080,5335874.970,691230.160,5336257.760,572.776,0,present,yes,present,yes,present,no,DEBY_LOD2_104586480;DEBY_LOD2_108247714;DEBY_LOD2_108580335;DEBY_LOD2_4906965;DEBY_LOD2_4906967;DEBY_LOD2_4906975;DEBY_LOD2_4907184;DEBY_LOD2_4907505;DEBY_LOD2_4907508;DEBY_LOD2_4907520;DEBY_LOD2_4907521;DEBY_LOD2_4908168;DEBY_LOD2_4908354;DEBY_LOD2_4959314;DEBY_LOD2_4959320;DEBY_LOD2_4959326;DEBY_LOD2_60042;DEBY_LOD2_8568403
C410,410,no,,21,18,2,0,0,2,2_assembly:2,missing_lod22_geometry:2,0,,DEBY_LOD2_104586480,3.560,145.790,0.232,129.066,0.444,690804.080,5335874.970,691230.160,5336298.850,601.014,0,present,yes,present,yes,present,no,DEBY_LOD2_104586480;DEBY_LOD2_108247714;DEBY_LOD2_108580335;DEBY_LOD2_4906965;DEBY_LOD2_4906967;DEBY_LOD2_4906975;DEBY_LOD2_4906985;DEBY_LOD2_4907184;DEBY_LOD2_4907185;DEBY_LOD2_4907505;DEBY_LOD2_4907508;DEBY_LOD2_4907520;DEBY_LOD2_4907521;DEBY_LOD2_4908168;DEBY_LOD2_4908351;DEBY_LOD2_4908354;DEBY_LOD2_4959314;DEBY_LOD2_4959320;DEBY_LOD2_4959326;DEBY_LOD2_60042;DEBY_LOD2_8568403
C411,411,no,,23,19,2,0,0,2,2_assembly:2,missing_lod22_geometry:2,0,,DEBY_LOD2_104586480,3.080,143.410,0.229,128.726,0.444,690804.080,5335874.970,691230.160,5336340.460,631.051,0,present,yes,present,yes,present,no,DEBY_LOD2_104586480;DEBY_LOD2_108247714;DEBY_LOD2_108580335;DEBY_LOD2_4906965;DEBY_LOD2_4906967;DEBY_LOD2_4906975;DEBY_LOD2_4906985;DEBY_LOD2_4907177;DEBY_LOD2_4907184;DEBY_LOD2_4907185;DEBY_LOD2_4907505;DEBY_LOD2_4907508;DEBY_LOD2_4907520;DEBY_LOD2_4907521;DEBY_LOD2_4908168;DEBY_LOD2_4908351;DEBY_LOD2_4908354;DEBY_LOD2_4959314;DEBY_LOD2_4959320;DEBY_LOD2_4959326;DEBY_LOD2_60042;DEBY_LOD2_8568403;DEBY_LOD2_8573847
C412,412,no,,22,18,2,0,0,2,2_assembly:2,missing_lod22_geometry:2,0,,DEBY_LOD2_104586480,3.320,144.600,0.231,128.896,0.441,690804.080,5335874.970,691230.160,5336340.460,631.051,0,present,yes,present,yes,present,no,DEBY_LOD2_104586480;DEBY_LOD2_108247714;DEBY_LOD2_108580335;DEBY_LOD2_4906965;DEBY_LOD2_4906967;DEBY_LOD2_4906975;DEBY_LOD2_4906985;DEBY_LOD2_4907184;DEBY_LOD2_4907185;DEBY_LOD2_4907505;DEBY_LOD2_4907508;DEBY_LOD2_4907520;DEBY_LOD2_4907521;DEBY_LOD2_4908168;DEBY_LOD2_4908351;DEBY_LOD2_4908354;DEBY_LOD2_4959314;DEBY_LOD2_4959320;DEBY_LOD2_4959326;DEBY_LOD2_60042;DEBY_LOD2_8568403;DEBY_LOD2_8573847
