condition_id,cell_m,window_radius_cells,window_radius_m,passes,building_id,refinement_method,input_laz,input_laz_sha256,refined_laz,refined_laz_sha256,building_point_count,median_abs_point_dz_m,p95_abs_point_dz_m,roofer_status,roofer_reason,rf_extrusion_mode,has_lod22,lod1_fallback,val3dity_valid,roof_face_count_model,roof_face_count_ref,face_count_ratio,roof_rms_m,roof_hausdorff_m,roof_distance_samples,roof_completeness,model_roof_xy_area_m2,reference_roof_xy_area_m2,roof_overlap_xy_area_m2,baseline_has_lod22,baseline_val3dity_valid,baseline_face_count_ratio,baseline_roof_rms_m,baseline_roof_hausdorff_m,baseline_roof_completeness,delta_has_lod22,delta_face_count_ratio,delta_roof_rms_m,delta_roof_completeness,roofer_cityjson,roofer_cityjson_sha256,val3dity_report,val3dity_exit_code,crs,z_shift_to_reference_m,gt_role,learning_runs_started,new_inference_runs
cell025_win1_pass1,0.250000000,1,0.250000000,1,DEBY_LOD2_108247349,overseg_smooth.py MLS-style local plane fit and z projection on roof-top class-6 points,phases/p2-gsjso/runs/20260717_qs_cheap_refine_pilot/input/dense_w2_1_c001_classified.laz,e9acd5eb90dc42d88f13485a73fbaf8d10cff76cb5a3063f5f5bc72f51454c4a,phases/p2-gsjso/runs/20260718_qs_cheap_refine_sweep/jobs/cell025_win1_pass1/dense_w2_1_c001_cell025_win1_pass1.laz,b4316d817c5c5baa1353007fd39187aa2652b2fb93e431d65e9021a265b14e28,0,,,failure,pointcloud_unusable_no_points,skip,false,false,true,0,1,0.000000000,,,0,0.000000000,0.000000000,101.102650001,0.000000000,false,false,0.000000000,,,0.000000000,0,0.000000000,,0.000000000,phases/p2-gsjso/runs/20260718_qs_cheap_refine_sweep/jobs/cell025_win1_pass1/dense_w2_1_c001_cell025_win1_pass1.city.json,880b8be5398e0edddea1414df1f1afd24be4f787e1ae6b1244c86280250e9120,phases/p2-gsjso/runs/20260718_qs_cheap_refine_sweep/jobs/cell025_win1_pass1/dense_w2_1_c001_cell025_win1_pass1_val3dity.json,0,EPSG:25832,0.000000000,LoD2 reference opened only after all 18 Roofer conditions; used for scoring and figure only,0,0
cell025_win1_pass1,0.250000000,1,0.250000000,1,DEBY_LOD2_108247350,overseg_smooth.py MLS-style local plane fit and z projection on roof-top class-6 points,phases/p2-gsjso/runs/20260717_qs_cheap_refine_pilot/input/dense_w2_1_c001_classified.laz,e9acd5eb90dc42d88f13485a73fbaf8d10cff76cb5a3063f5f5bc72f51454c4a,phases/p2-gsjso/runs/20260718_qs_cheap_refine_sweep/jobs/cell025_win1_pass1/dense_w2_1_c001_cell025_win1_pass1.laz,b4316d817c5c5baa1353007fd39187aa2652b2fb93e431d65e9021a265b14e28,3,0.010000000,0.010000000,failure,pointcloud_unusable_no_points,skip,false,false,true,0,1,0.000000000,,,0,0.000000000,0.000000000,12.137050000,0.000000000,false,true,0.000000000,,,0.000000000,0,0.000000000,,0.000000000,phases/p2-gsjso/runs/20260718_qs_cheap_refine_sweep/jobs/cell025_win1_pass1/dense_w2_1_c001_cell025_win1_pass1.city.json,880b8be5398e0edddea1414df1f1afd24be4f787e1ae6b1244c86280250e9120,phases/p2-gsjso/runs/20260718_qs_cheap_refine_sweep/jobs/cell025_win1_pass1/dense_w2_1_c001_cell025_win1_pass1_val3dity.json,0,EPSG:25832,0.000000000,LoD2 reference opened only after all 18 Roofer conditions; used for scoring and figure only,0,0
cell025_win1_pass1,0.250000000,1,0.250000000,1,DEBY_LOD2_108247351,overseg_smooth.py MLS-style local plane fit and z projection on roof-top class-6 points,phases/p2-gsjso/runs/20260717_qs_cheap_refine_pilot/input/dense_w2_1_c001_classified.laz,e9acd5eb90dc42d88f13485a73fbaf8d10cff76cb5a3063f5f5bc72f51454c4a,phases/p2-gsjso/runs/20260718_qs_cheap_refine_sweep/jobs/cell025_win1_pass1/dense_w2_1_c001_cell025_win1_pass1.laz,b4316d817c5c5baa1353007fd39187aa2652b2fb93e431d65e9021a265b14e28,0,,,failure,pointcloud_unusable_no_points,skip,false,false,true,0,1,0.000000000,,,0,0.000000000,0.000000000,65.278499998,0.000000000,false,true,0.000000000,,,0.000000000,0,0.000000000,,0.000000000,phases/p2-gsjso/runs/20260718_qs_cheap_refine_sweep/jobs/cell025_win1_pass1/dense_w2_1_c001_cell025_win1_pass1.city.json,880b8be5398e0edddea1414df1f1afd24be4f787e1ae6b1244c86280250e9120,phases/p2-gsjso/runs/20260718_qs_cheap_refine_sweep/jobs/cell025_win1_pass1/dense_w2_1_c001_cell025_win1_pass1_val3dity.json,0,EPSG:25832,0.000000000,LoD2 reference opened only after all 18 Roofer conditions; used for scoring and figure only,0,0
cell025_win1_pass1,0.250000000,1,0.250000000,1,DEBY_LOD2_4907184,overseg_smooth.py MLS-style local plane fit and z projection on roof-top class-6 points,phases/p2-gsjso/runs/20260717_qs_cheap_refine_pilot/input/dense_w2_1_c001_classified.laz,e9acd5eb90dc42d88f13485a73fbaf8d10cff76cb5a3063f5f5bc72f51454c4a,phases/p2-gsjso/runs/20260718_qs_cheap_refine_sweep/jobs/cell025_win1_pass1/dense_w2_1_c001_cell025_win1_pass1.laz,b4316d817c5c5baa1353007fd39187aa2652b2fb93e431d65e9021a265b14e28,201892,0.020000000,0.360000000,success,success,standard,true,false,true,5,4,1.250000000,0.375494168,2.635668157,1342,0.994938305,336.191805997,337.863561498,336.153399116,true,true,1.500000000,0.354716522,2.638333513,0.995567105,0,-0.250000000,0.020777646,-0.000628800,phases/p2-gsjso/runs/20260718_qs_cheap_refine_sweep/jobs/cell025_win1_pass1/dense_w2_1_c001_cell025_win1_pass1.city.json,880b8be5398e0edddea1414df1f1afd24be4f787e1ae6b1244c86280250e9120,phases/p2-gsjso/runs/20260718_qs_cheap_refine_sweep/jobs/cell025_win1_pass1/dense_w2_1_c001_cell025_win1_pass1_val3dity.json,0,EPSG:25832,0.000000000,LoD2 reference opened only after all 18 Roofer conditions; used for scoring and figure only,0,0
cell025_win1_pass1,0.250000000,1,0.250000000,1,DEBY_LOD2_4907185,overseg_smooth.py MLS-style local plane fit and z projection on roof-top class-6 points,phases/p2-gsjso/runs/20260717_qs_cheap_refine_pilot/input/dense_w2_1_c001_classified.laz,e9acd5eb90dc42d88f13485a73fbaf8d10cff76cb5a3063f5f5bc72f51454c4a,phases/p2-gsjso/runs/20260718_qs_cheap_refine_sweep/jobs/cell025_win1_pass1/dense_w2_1_c001_cell025_win1_pass1.laz,b4316d817c5c5baa1353007fd39187aa2652b2fb93e431d65e9021a265b14e28,3488,0.000000000,0.340000000,success,success,standard,true,false,true,5,2,2.500000000,2.023548050,9.325674506,652,0.999974613,161.065157501,160.981467003,160.977380162,true,true,1.500000000,2.613993006,10.997450351,0.999948727,0,1.000000000,-0.590444956,0.000025886,phases/p2-gsjso/runs/20260718_qs_cheap_refine_sweep/jobs/cell025_win1_pass1/dense_w2_1_c001_cell025_win1_pass1.city.json,880b8be5398e0edddea1414df1f1afd24be4f787e1ae6b1244c86280250e9120,phases/p2-gsjso/runs/20260718_qs_cheap_refine_sweep/jobs/cell025_win1_pass1/dense_w2_1_c001_cell025_win1_pass1_val3dity.json,0,EPSG:25832,0.000000000,LoD2 reference opened only after all 18 Roofer conditions; used for scoring and figure only,0,0
cell025_win1_pass1,0.250000000,1,0.250000000,1,DEBY_LOD2_4907186,overseg_smooth.py MLS-style local plane fit and z projection on roof-top class-6 points,phases/p2-gsjso/runs/20260717_qs_cheap_refine_pilot/input/dense_w2_1_c001_classified.laz,e9acd5eb90dc42d88f13485a73fbaf8d10cff76cb5a3063f5f5bc72f51454c4a,phases/p2-gsjso/runs/20260718_qs_cheap_refine_sweep/jobs/cell025_win1_pass1/dense_w2_1_c001_cell025_win1_pass1.laz,b4316d817c5c5baa1353007fd39187aa2652b2fb93e431d65e9021a265b14e28,480,0.060000000,0.360500000,success,success,standard,true,false,true,2,2,1.000000000,1.450057737,7.929940276,676,0.999856828,167.885082498,167.832339001,167.808310105,true,true,1.000000000,3.543989669,11.354917333,0.999810607,0,0.000000000,-2.093931932,0.000046221,phases/p2-gsjso/runs/20260718_qs_cheap_refine_sweep/jobs/cell025_win1_pass1/dense_w2_1_c001_cell025_win1_pass1.city.json,880b8be5398e0edddea1414df1f1afd24be4f787e1ae6b1244c86280250e9120,phases/p2-gsjso/runs/20260718_qs_cheap_refine_sweep/jobs/cell025_win1_pass1/dense_w2_1_c001_cell025_win1_pass1_val3dity.json,0,EPSG:25832,0.000000000,LoD2 reference opened only after all 18 Roofer conditions; used for scoring and figure only,0,0
cell025_win1_pass1,0.250000000,1,0.250000000,1,DEBY_LOD2_4907188,overseg_smooth.py MLS-style local plane fit and z projection on roof-top class-6 points,phases/p2-gsjso/runs/20260717_qs_cheap_refine_pilot/input/dense_w2_1_c001_classified.laz,e9acd5eb90dc42d88f13485a73fbaf8d10cff76cb5a3063f5f5bc72f51454c4a,phases/p2-gsjso/runs/20260718_qs_cheap_refine_sweep/jobs/cell025_win1_pass1/dense_w2_1_c001_cell025_win1_pass1.laz,b4316d817c5c5baa1353007fd39187aa2652b2fb93e431d65e9021a265b14e28,1118,0.070000000,0.541500000,success,success,standard,true,false,true,3,2,1.500000000,1.332124918,3.766011377,666,0.999912779,165.883355502,165.881390000,165.866921598,true,true,1.500000000,1.354221199,4.138715144,0.999949573,0,0.000000000,-0.022096281,-0.000036794,phases/p2-gsjso/runs/20260718_qs_cheap_refine_sweep/jobs/cell025_win1_pass1/dense_w2_1_c001_cell025_win1_pass1.city.json,880b8be5398e0edddea1414df1f1afd24be4f787e1ae6b1244c86280250e9120,phases/p2-gsjso/runs/20260718_qs_cheap_refine_sweep/jobs/cell025_win1_pass1/dense_w2_1_c001_cell025_win1_pass1_val3dity.json,0,EPSG:25832,0.000000000,LoD2 reference opened only after all 18 Roofer conditions; used for scoring and figure only,0,0
cell025_win1_pass1,0.250000000,1,0.250000000,1,DEBY_LOD2_4907194,overseg_smooth.py MLS-style local plane fit and z projection on roof-top class-6 points,phases/p2-gsjso/runs/20260717_qs_cheap_refine_pilot/input/dense_w2_1_c001_classified.laz,e9acd5eb90dc42d88f13485a73fbaf8d10cff76cb5a3063f5f5bc72f51454c4a,phases/p2-gsjso/runs/20260718_qs_cheap_refine_sweep/jobs/cell025_win1_pass1/dense_w2_1_c001_cell025_win1_pass1.laz,b4316d817c5c5baa1353007fd39187aa2652b2fb93e431d65e9021a265b14e28,47,0.020000000,0.124000000,failure,missing_lod22_geometry,standard,false,false,true,0,2,0.000000000,,,0,0.000000000,0.000000000,212.725209999,0.000000000,false,false,0.000000000,,,0.000000000,0,0.000000000,,0.000000000,phases/p2-gsjso/runs/20260718_qs_cheap_refine_sweep/jobs/cell025_win1_pass1/dense_w2_1_c001_cell025_win1_pass1.city.json,880b8be5398e0edddea1414df1f1afd24be4f787e1ae6b1244c86280250e9120,phases/p2-gsjso/runs/20260718_qs_cheap_refine_sweep/jobs/cell025_win1_pass1/dense_w2_1_c001_cell025_win1_pass1_val3dity.json,0,EPSG:25832,0.000000000,LoD2 reference opened only after all 18 Roofer conditions; used for scoring and figure only,0,0
cell025_win1_pass1,0.250000000,1,0.250000000,1,DEBY_LOD2_4907195,overseg_smooth.py MLS-style local plane fit and z projection on roof-top class-6 points,phases/p2-gsjso/runs/20260717_qs_cheap_refine_pilot/input/dense_w2_1_c001_classified.laz,e9acd5eb90dc42d88f13485a73fbaf8d10cff76cb5a3063f5f5bc72f51454c4a,phases/p2-gsjso/runs/20260718_qs_cheap_refine_sweep/jobs/cell025_win1_pass1/dense_w2_1_c001_cell025_win1_pass1.laz,b4316d817c5c5baa1353007fd39187aa2652b2fb93e431d65e9021a265b14e28,686,0.080000000,0.430000000,success,success,standard,true,false,true,1,2,0.500000000,0.373293946,0.769841921,160,0.225407848,40.086550000,177.839580000,40.086436990,true,true,1.000000000,0.269773262,0.570649324,0.082079788,0,-0.500000000,0.103520684,0.143328060,phases/p2-gsjso/runs/20260718_qs_cheap_refine_sweep/jobs/cell025_win1_pass1/dense_w2_1_c001_cell025_win1_pass1.city.json,880b8be5398e0edddea1414df1f1afd24be4f787e1ae6b1244c86280250e9120,phases/p2-gsjso/runs/20260718_qs_cheap_refine_sweep/jobs/cell025_win1_pass1/dense_w2_1_c001_cell025_win1_pass1_val3dity.json,0,EPSG:25832,0.000000000,LoD2 reference opened only after all 18 Roofer conditions; used for scoring and figure only,0,0
cell025_win1_pass1,0.250000000,1,0.250000000,1,DEBY_LOD2_4907198,overseg_smooth.py MLS-style local plane fit and z projection on roof-top class-6 points,phases/p2-gsjso/runs/20260717_qs_cheap_refine_pilot/input/dense_w2_1_c001_classified.laz,e9acd5eb90dc42d88f13485a73fbaf8d10cff76cb5a3063f5f5bc72f51454c4a,phases/p2-gsjso/runs/20260718_qs_cheap_refine_sweep/jobs/cell025_win1_pass1/dense_w2_1_c001_cell025_win1_pass1.laz,b4316d817c5c5baa1353007fd39187aa2652b2fb93e431d65e9021a265b14e28,1309,0.040000000,0.550000000,success,success,standard,true,false,true,2,4,0.500000000,1.668983372,5.127826679,997,0.694281207,249.822253003,359.797467497,249.800620185,true,true,0.250000000,2.127468875,2.595384354,0.014397369,0,0.250000000,-0.458485503,0.679883838,phases/p2-gsjso/runs/20260718_qs_cheap_refine_sweep/jobs/cell025_win1_pass1/dense_w2_1_c001_cell025_win1_pass1.city.json,880b8be5398e0edddea1414df1f1afd24be4f787e1ae6b1244c86280250e9120,phases/p2-gsjso/runs/20260718_qs_cheap_refine_sweep/jobs/cell025_win1_pass1/dense_w2_1_c001_cell025_win1_pass1_val3dity.json,0,EPSG:25832,0.000000000,LoD2 reference opened only after all 18 Roofer conditions; used for scoring and figure only,0,0
cell025_win1_pass1,0.250000000,1,0.250000000,1,DEBY_LOD2_4907199,overseg_smooth.py MLS-style local plane fit and z projection on roof-top class-6 points,phases/p2-gsjso/runs/20260717_qs_cheap_refine_pilot/input/dense_w2_1_c001_classified.laz,e9acd5eb90dc42d88f13485a73fbaf8d10cff76cb5a3063f5f5bc72f51454c4a,phases/p2-gsjso/runs/20260718_qs_cheap_refine_sweep/jobs/cell025_win1_pass1/dense_w2_1_c001_cell025_win1_pass1.laz,b4316d817c5c5baa1353007fd39187aa2652b2fb93e431d65e9021a265b14e28,4,0.005000000,0.035500000,failure,pointcloud_unusable_no_points,skip,false,false,true,0,1,0.000000000,,,0,0.000000000,0.000000000,98.346449999,0.000000000,false,true,0.000000000,,,0.000000000,0,0.000000000,,0.000000000,phases/p2-gsjso/runs/20260718_qs_cheap_refine_sweep/jobs/cell025_win1_pass1/dense_w2_1_c001_cell025_win1_pass1.city.json,880b8be5398e0edddea1414df1f1afd24be4f787e1ae6b1244c86280250e9120,phases/p2-gsjso/runs/20260718_qs_cheap_refine_sweep/jobs/cell025_win1_pass1/dense_w2_1_c001_cell025_win1_pass1_val3dity.json,0,EPSG:25832,0.000000000,LoD2 reference opened only after all 18 Roofer conditions; used for scoring and figure only,0,0
cell025_win1_pass1,0.250000000,1,0.250000000,1,DEBY_LOD2_4907202,overseg_smooth.py MLS-style local plane fit and z projection on roof-top class-6 points,phases/p2-gsjso/runs/20260717_qs_cheap_refine_pilot/input/dense_w2_1_c001_classified.laz,e9acd5eb90dc42d88f13485a73fbaf8d10cff76cb5a3063f5f5bc72f51454c4a,phases/p2-gsjso/runs/20260718_qs_cheap_refine_sweep/jobs/cell025_win1_pass1/dense_w2_1_c001_cell025_win1_pass1.laz,b4316d817c5c5baa1353007fd39187aa2652b2fb93e431d65e9021a265b14e28,5229,0.020000000,0.290000000,success,success,standard,true,false,true,3,2,1.500000000,0.452765116,3.834872786,638,0.990674998,159.115339998,160.461520004,158.965216060,true,true,1.500000000,0.563657590,3.486506786,0.994591924,0,0.000000000,-0.110892474,-0.003916926,phases/p2-gsjso/runs/20260718_qs_cheap_refine_sweep/jobs/cell025_win1_pass1/dense_w2_1_c001_cell025_win1_pass1.city.json,880b8be5398e0edddea1414df1f1afd24be4f787e1ae6b1244c86280250e9120,phases/p2-gsjso/runs/20260718_qs_cheap_refine_sweep/jobs/cell025_win1_pass1/dense_w2_1_c001_cell025_win1_pass1_val3dity.json,0,EPSG:25832,0.000000000,LoD2 reference opened only after all 18 Roofer conditions; used for scoring and figure only,0,0
cell025_win1_pass1,0.250000000,1,0.250000000,1,DEBY_LOD2_4908168,overseg_smooth.py MLS-style local plane fit and z projection on roof-top class-6 points,phases/p2-gsjso/runs/20260717_qs_cheap_refine_pilot/input/dense_w2_1_c001_classified.laz,e9acd5eb90dc42d88f13485a73fbaf8d10cff76cb5a3063f5f5bc72f51454c4a,phases/p2-gsjso/runs/20260718_qs_cheap_refine_sweep/jobs/cell025_win1_pass1/dense_w2_1_c001_cell025_win1_pass1.laz,b4316d817c5c5baa1353007fd39187aa2652b2fb93e431d65e9021a265b14e28,752,0.010000000,0.080000000,success,success,standard,true,false,true,1,1,1.000000000,0.186856346,0.460543340,114,0.999745093,28.825925500,28.831400000,28.824050666,true,true,1.000000000,0.178913202,0.442979418,0.999879645,0,0.000000000,0.007943144,-0.000134552,phases/p2-gsjso/runs/20260718_qs_cheap_refine_sweep/jobs/cell025_win1_pass1/dense_w2_1_c001_cell025_win1_pass1.city.json,880b8be5398e0edddea1414df1f1afd24be4f787e1ae6b1244c86280250e9120,phases/p2-gsjso/runs/20260718_qs_cheap_refine_sweep/jobs/cell025_win1_pass1/dense_w2_1_c001_cell025_win1_pass1_val3dity.json,0,EPSG:25832,0.000000000,LoD2 reference opened only after all 18 Roofer conditions; used for scoring and figure only,0,0
cell025_win1_pass1,0.250000000,1,0.250000000,1,DEBY_LOD2_4908178,overseg_smooth.py MLS-style local plane fit and z projection on roof-top class-6 points,phases/p2-gsjso/runs/20260717_qs_cheap_refine_pilot/input/dense_w2_1_c001_classified.laz,e9acd5eb90dc42d88f13485a73fbaf8d10cff76cb5a3063f5f5bc72f51454c4a,phases/p2-gsjso/runs/20260718_qs_cheap_refine_sweep/jobs/cell025_win1_pass1/dense_w2_1_c001_cell025_win1_pass1.laz,b4316d817c5c5baa1353007fd39187aa2652b2fb93e431d65e9021a265b14e28,421,0.010000000,0.130000000,success,success,standard,true,false,true,1,2,0.500000000,0.596204376,1.444148440,454,0.999917318,113.406055506,113.412679999,113.403302816,true,true,0.500000000,0.624888129,1.520071182,0.999921002,0,0.000000000,-0.028683753,-0.000003684,phases/p2-gsjso/runs/20260718_qs_cheap_refine_sweep/jobs/cell025_win1_pass1/dense_w2_1_c001_cell025_win1_pass1.city.json,880b8be5398e0edddea1414df1f1afd24be4f787e1ae6b1244c86280250e9120,phases/p2-gsjso/runs/20260718_qs_cheap_refine_sweep/jobs/cell025_win1_pass1/dense_w2_1_c001_cell025_win1_pass1_val3dity.json,0,EPSG:25832,0.000000000,LoD2 reference opened only after all 18 Roofer conditions; used for scoring and figure only,0,0
cell025_win1_pass1,0.250000000,1,0.250000000,1,DEBY_LOD2_4908179,overseg_smooth.py MLS-style local plane fit and z projection on roof-top class-6 points,phases/p2-gsjso/runs/20260717_qs_cheap_refine_pilot/input/dense_w2_1_c001_classified.laz,e9acd5eb90dc42d88f13485a73fbaf8d10cff76cb5a3063f5f5bc72f51454c4a,phases/p2-gsjso/runs/20260718_qs_cheap_refine_sweep/jobs/cell025_win1_pass1/dense_w2_1_c001_cell025_win1_pass1.laz,b4316d817c5c5baa1353007fd39187aa2652b2fb93e431d65e9021a265b14e28,0,,,failure,pointcloud_unusable_no_points,skip,false,false,true,0,1,0.000000000,,,0,0.000000000,0.000000000,118.249599998,0.000000000,false,false,0.000000000,,,0.000000000,0,0.000000000,,0.000000000,phases/p2-gsjso/runs/20260718_qs_cheap_refine_sweep/jobs/cell025_win1_pass1/dense_w2_1_c001_cell025_win1_pass1.city.json,880b8be5398e0edddea1414df1f1afd24be4f787e1ae6b1244c86280250e9120,phases/p2-gsjso/runs/20260718_qs_cheap_refine_sweep/jobs/cell025_win1_pass1/dense_w2_1_c001_cell025_win1_pass1_val3dity.json,0,EPSG:25832,0.000000000,LoD2 reference opened only after all 18 Roofer conditions; used for scoring and figure only,0,0
cell025_win1_pass1,0.250000000,1,0.250000000,1,DEBY_LOD2_60098,overseg_smooth.py MLS-style local plane fit and z projection on roof-top class-6 points,phases/p2-gsjso/runs/20260717_qs_cheap_refine_pilot/input/dense_w2_1_c001_classified.laz,e9acd5eb90dc42d88f13485a73fbaf8d10cff76cb5a3063f5f5bc72f51454c4a,phases/p2-gsjso/runs/20260718_qs_cheap_refine_sweep/jobs/cell025_win1_pass1/dense_w2_1_c001_cell025_win1_pass1.laz,b4316d817c5c5baa1353007fd39187aa2652b2fb93e431d65e9021a265b14e28,668,0.080000000,0.360000000,success,success,standard,true,false,true,3,2,1.500000000,1.652701064,5.078553998,784,0.999913239,195.937234000,195.925425003,195.908426305,true,true,1.500000000,2.991955569,9.730518924,0.999898969,0,0.000000000,-1.339254505,0.000014270,phases/p2-gsjso/runs/20260718_qs_cheap_refine_sweep/jobs/cell025_win1_pass1/dense_w2_1_c001_cell025_win1_pass1.city.json,880b8be5398e0edddea1414df1f1afd24be4f787e1ae6b1244c86280250e9120,phases/p2-gsjso/runs/20260718_qs_cheap_refine_sweep/jobs/cell025_win1_pass1/dense_w2_1_c001_cell025_win1_pass1_val3dity.json,0,EPSG:25832,0.000000000,LoD2 reference opened only after all 18 Roofer conditions; used for scoring and figure only,0,0
cell025_win1_pass1,0.250000000,1,0.250000000,1,DEBY_LOD2_8568391,overseg_smooth.py MLS-style local plane fit and z projection on roof-top class-6 points,phases/p2-gsjso/runs/20260717_qs_cheap_refine_pilot/input/dense_w2_1_c001_classified.laz,e9acd5eb90dc42d88f13485a73fbaf8d10cff76cb5a3063f5f5bc72f51454c4a,phases/p2-gsjso/runs/20260718_qs_cheap_refine_sweep/jobs/cell025_win1_pass1/dense_w2_1_c001_cell025_win1_pass1.laz,b4316d817c5c5baa1353007fd39187aa2652b2fb93e431d65e9021a265b14e28,0,,,failure,pointcloud_unusable_no_points,skip,false,false,true,0,1,0.000000000,,,0,0.000000000,0.000000000,55.535699997,0.000000000,false,true,0.000000000,,,0.000000000,0,0.000000000,,0.000000000,phases/p2-gsjso/runs/20260718_qs_cheap_refine_sweep/jobs/cell025_win1_pass1/dense_w2_1_c001_cell025_win1_pass1.city.json,880b8be5398e0edddea1414df1f1afd24be4f787e1ae6b1244c86280250e9120,phases/p2-gsjso/runs/20260718_qs_cheap_refine_sweep/jobs/cell025_win1_pass1/dense_w2_1_c001_cell025_win1_pass1_val3dity.json,0,EPSG:25832,0.000000000,LoD2 reference opened only after all 18 Roofer conditions; used for scoring and figure only,0,0
cell025_win1_pass1,0.250000000,1,0.250000000,1,DEBY_LOD2_8568392,overseg_smooth.py MLS-style local plane fit and z projection on roof-top class-6 points,phases/p2-gsjso/runs/20260717_qs_cheap_refine_pilot/input/dense_w2_1_c001_classified.laz,e9acd5eb90dc42d88f13485a73fbaf8d10cff76cb5a3063f5f5bc72f51454c4a,phases/p2-gsjso/runs/20260718_qs_cheap_refine_sweep/jobs/cell025_win1_pass1/dense_w2_1_c001_cell025_win1_pass1.laz,b4316d817c5c5baa1353007fd39187aa2652b2fb93e431d65e9021a265b14e28,0,,,failure,pointcloud_unusable_no_points,skip,false,false,true,0,1,0.000000000,,,0,0.000000000,0.000000000,5.797516501,0.000000000,false,true,0.000000000,,,0.000000000,0,0.000000000,,0.000000000,phases/p2-gsjso/runs/20260718_qs_cheap_refine_sweep/jobs/cell025_win1_pass1/dense_w2_1_c001_cell025_win1_pass1.city.json,880b8be5398e0edddea1414df1f1afd24be4f787e1ae6b1244c86280250e9120,phases/p2-gsjso/runs/20260718_qs_cheap_refine_sweep/jobs/cell025_win1_pass1/dense_w2_1_c001_cell025_win1_pass1_val3dity.json,0,EPSG:25832,0.000000000,LoD2 reference opened only after all 18 Roofer conditions; used for scoring and figure only,0,0
cell025_win1_pass2,0.250000000,1,0.250000000,2,DEBY_LOD2_108247349,overseg_smooth.py MLS-style local plane fit and z projection on roof-top class-6 points,phases/p2-gsjso/runs/20260717_qs_cheap_refine_pilot/input/dense_w2_1_c001_classified.laz,e9acd5eb90dc42d88f13485a73fbaf8d10cff76cb5a3063f5f5bc72f51454c4a,phases/p2-gsjso/runs/20260718_qs_cheap_refine_sweep/jobs/cell025_win1_pass2/dense_w2_1_c001_cell025_win1_pass2.laz,d862809b2e2ac36851c8d9f1dc15e5313788bfe4d24d2bdd1ea6aee03b45c6d7,0,,,failure,pointcloud_unusable_no_points,skip,false,false,true,0,1,0.000000000,,,0,0.000000000,0.000000000,101.102650001,0.000000000,false,false,0.000000000,,,0.000000000,0,0.000000000,,0.000000000,phases/p2-gsjso/runs/20260718_qs_cheap_refine_sweep/jobs/cell025_win1_pass2/dense_w2_1_c001_cell025_win1_pass2.city.json,d868d40c4b32ecdc0604aa2a5ae953285f16bded10dff866365858892180e1ca,phases/p2-gsjso/runs/20260718_qs_cheap_refine_sweep/jobs/cell025_win1_pass2/dense_w2_1_c001_cell025_win1_pass2_val3dity.json,0,EPSG:25832,0.000000000,LoD2 reference opened only after all 18 Roofer conditions; used for scoring and figure only,0,0
cell025_win1_pass2,0.250000000,1,0.250000000,2,DEBY_LOD2_108247350,overseg_smooth.py MLS-style local plane fit and z projection on roof-top class-6 points,phases/p2-gsjso/runs/20260717_qs_cheap_refine_pilot/input/dense_w2_1_c001_classified.laz,e9acd5eb90dc42d88f13485a73fbaf8d10cff76cb5a3063f5f5bc72f51454c4a,phases/p2-gsjso/runs/20260718_qs_cheap_refine_sweep/jobs/cell025_win1_pass2/dense_w2_1_c001_cell025_win1_pass2.laz,d862809b2e2ac36851c8d9f1dc15e5313788bfe4d24d2bdd1ea6aee03b45c6d7,3,0.010000000,0.010000000,failure,pointcloud_unusable_no_points,skip,false,false,true,0,1,0.000000000,,,0,0.000000000,0.000000000,12.137050000,0.000000000,false,true,0.000000000,,,0.000000000,0,0.000000000,,0.000000000,phases/p2-gsjso/runs/20260718_qs_cheap_refine_sweep/jobs/cell025_win1_pass2/dense_w2_1_c001_cell025_win1_pass2.city.json,d868d40c4b32ecdc0604aa2a5ae953285f16bded10dff866365858892180e1ca,phases/p2-gsjso/runs/20260718_qs_cheap_refine_sweep/jobs/cell025_win1_pass2/dense_w2_1_c001_cell025_win1_pass2_val3dity.json,0,EPSG:25832,0.000000000,LoD2 reference opened only after all 18 Roofer conditions; used for scoring and figure only,0,0
cell025_win1_pass2,0.250000000,1,0.250000000,2,DEBY_LOD2_108247351,overseg_smooth.py MLS-style local plane fit and z projection on roof-top class-6 points,phases/p2-gsjso/runs/20260717_qs_cheap_refine_pilot/input/dense_w2_1_c001_classified.laz,e9acd5eb90dc42d88f13485a73fbaf8d10cff76cb5a3063f5f5bc72f51454c4a,phases/p2-gsjso/runs/20260718_qs_cheap_refine_sweep/jobs/cell025_win1_pass2/dense_w2_1_c001_cell025_win1_pass2.laz,d862809b2e2ac36851c8d9f1dc15e5313788bfe4d24d2bdd1ea6aee03b45c6d7,0,,,failure,pointcloud_unusable_no_points,skip,false,false,true,0,1,0.000000000,,,0,0.000000000,0.000000000,65.278499998,0.000000000,false,true,0.000000000,,,0.000000000,0,0.000000000,,0.000000000,phases/p2-gsjso/runs/20260718_qs_cheap_refine_sweep/jobs/cell025_win1_pass2/dense_w2_1_c001_cell025_win1_pass2.city.json,d868d40c4b32ecdc0604aa2a5ae953285f16bded10dff866365858892180e1ca,phases/p2-gsjso/runs/20260718_qs_cheap_refine_sweep/jobs/cell025_win1_pass2/dense_w2_1_c001_cell025_win1_pass2_val3dity.json,0,EPSG:25832,0.000000000,LoD2 reference opened only after all 18 Roofer conditions; used for scoring and figure only,0,0
cell025_win1_pass2,0.250000000,1,0.250000000,2,DEBY_LOD2_4907184,overseg_smooth.py MLS-style local plane fit and z projection on roof-top class-6 points,phases/p2-gsjso/runs/20260717_qs_cheap_refine_pilot/input/dense_w2_1_c001_classified.laz,e9acd5eb90dc42d88f13485a73fbaf8d10cff76cb5a3063f5f5bc72f51454c4a,phases/p2-gsjso/runs/20260718_qs_cheap_refine_sweep/jobs/cell025_win1_pass2/dense_w2_1_c001_cell025_win1_pass2.laz,d862809b2e2ac36851c8d9f1dc15e5313788bfe4d24d2bdd1ea6aee03b45c6d7,201892,0.020000000,0.380000000,success,success,standard,true,false,true,6,4,1.500000000,0.344901469,1.857189842,1340,0.995208583,336.280730000,337.863561498,336.244716159,true,true,1.500000000,0.354716522,2.638333513,0.995567105,0,0.000000000,-0.009815053,-0.000358522,phases/p2-gsjso/runs/20260718_qs_cheap_refine_sweep/jobs/cell025_win1_pass2/dense_w2_1_c001_cell025_win1_pass2.city.json,d868d40c4b32ecdc0604aa2a5ae953285f16bded10dff866365858892180e1ca,phases/p2-gsjso/runs/20260718_qs_cheap_refine_sweep/jobs/cell025_win1_pass2/dense_w2_1_c001_cell025_win1_pass2_val3dity.json,0,EPSG:25832,0.000000000,LoD2 reference opened only after all 18 Roofer conditions; used for scoring and figure only,0,0
cell025_win1_pass2,0.250000000,1,0.250000000,2,DEBY_LOD2_4907185,overseg_smooth.py MLS-style local plane fit and z projection on roof-top class-6 points,phases/p2-gsjso/runs/20260717_qs_cheap_refine_pilot/input/dense_w2_1_c001_classified.laz,e9acd5eb90dc42d88f13485a73fbaf8d10cff76cb5a3063f5f5bc72f51454c4a,phases/p2-gsjso/runs/20260718_qs_cheap_refine_sweep/jobs/cell025_win1_pass2/dense_w2_1_c001_cell025_win1_pass2.laz,d862809b2e2ac36851c8d9f1dc15e5313788bfe4d24d2bdd1ea6aee03b45c6d7,3488,0.000000000,0.360000000,success,success,standard,true,false,true,4,2,2.000000000,3.247500568,8.364195241,649,0.999966991,161.059297998,160.981467003,160.976153189,true,true,1.500000000,2.613993006,10.997450351,0.999948727,0,0.500000000,0.633507562,0.000018264,phases/p2-gsjso/runs/20260718_qs_cheap_refine_sweep/jobs/cell025_win1_pass2/dense_w2_1_c001_cell025_win1_pass2.city.json,d868d40c4b32ecdc0604aa2a5ae953285f16bded10dff866365858892180e1ca,phases/p2-gsjso/runs/20260718_qs_cheap_refine_sweep/jobs/cell025_win1_pass2/dense_w2_1_c001_cell025_win1_pass2_val3dity.json,0,EPSG:25832,0.000000000,LoD2 reference opened only after all 18 Roofer conditions; used for scoring and figure only,0,0
cell025_win1_pass2,0.250000000,1,0.250000000,2,DEBY_LOD2_4907186,overseg_smooth.py MLS-style local plane fit and z projection on roof-top class-6 points,phases/p2-gsjso/runs/20260717_qs_cheap_refine_pilot/input/dense_w2_1_c001_classified.laz,e9acd5eb90dc42d88f13485a73fbaf8d10cff76cb5a3063f5f5bc72f51454c4a,phases/p2-gsjso/runs/20260718_qs_cheap_refine_sweep/jobs/cell025_win1_pass2/dense_w2_1_c001_cell025_win1_pass2.laz,d862809b2e2ac36851c8d9f1dc15e5313788bfe4d24d2bdd1ea6aee03b45c6d7,480,0.060000000,0.350000000,success,success,standard,true,false,true,2,2,1.000000000,3.659510408,11.685023067,672,0.999839915,167.884133998,167.832339001,167.805471573,true,true,1.000000000,3.543989669,11.354917333,0.999810607,0,0.000000000,0.115520739,0.000029308,phases/p2-gsjso/runs/20260718_qs_cheap_refine_sweep/jobs/cell025_win1_pass2/dense_w2_1_c001_cell025_win1_pass2.city.json,d868d40c4b32ecdc0604aa2a5ae953285f16bded10dff866365858892180e1ca,phases/p2-gsjso/runs/20260718_qs_cheap_refine_sweep/jobs/cell025_win1_pass2/dense_w2_1_c001_cell025_win1_pass2_val3dity.json,0,EPSG:25832,0.000000000,LoD2 reference opened only after all 18 Roofer conditions; used for scoring and figure only,0,0
cell025_win1_pass2,0.250000000,1,0.250000000,2,DEBY_LOD2_4907188,overseg_smooth.py MLS-style local plane fit and z projection on roof-top class-6 points,phases/p2-gsjso/runs/20260717_qs_cheap_refine_pilot/input/dense_w2_1_c001_classified.laz,e9acd5eb90dc42d88f13485a73fbaf8d10cff76cb5a3063f5f5bc72f51454c4a,phases/p2-gsjso/runs/20260718_qs_cheap_refine_sweep/jobs/cell025_win1_pass2/dense_w2_1_c001_cell025_win1_pass2.laz,d862809b2e2ac36851c8d9f1dc15e5313788bfe4d24d2bdd1ea6aee03b45c6d7,1118,0.080000000,0.551500000,success,success,standard,true,false,true,6,2,3.000000000,1.351582230,3.610485674,665,0.999931861,165.883201999,165.881390000,165.870086947,true,true,1.500000000,1.354221199,4.138715144,0.999949573,0,1.500000000,-0.002638969,-0.000017712,phases/p2-gsjso/runs/20260718_qs_cheap_refine_sweep/jobs/cell025_win1_pass2/dense_w2_1_c001_cell025_win1_pass2.city.json,d868d40c4b32ecdc0604aa2a5ae953285f16bded10dff866365858892180e1ca,phases/p2-gsjso/runs/20260718_qs_cheap_refine_sweep/jobs/cell025_win1_pass2/dense_w2_1_c001_cell025_win1_pass2_val3dity.json,0,EPSG:25832,0.000000000,LoD2 reference opened only after all 18 Roofer conditions; used for scoring and figure only,0,0
cell025_win1_pass2,0.250000000,1,0.250000000,2,DEBY_LOD2_4907194,overseg_smooth.py MLS-style local plane fit and z projection on roof-top class-6 points,phases/p2-gsjso/runs/20260717_qs_cheap_refine_pilot/input/dense_w2_1_c001_classified.laz,e9acd5eb90dc42d88f13485a73fbaf8d10cff76cb5a3063f5f5bc72f51454c4a,phases/p2-gsjso/runs/20260718_qs_cheap_refine_sweep/jobs/cell025_win1_pass2/dense_w2_1_c001_cell025_win1_pass2.laz,d862809b2e2ac36851c8d9f1dc15e5313788bfe4d24d2bdd1ea6aee03b45c6d7,47,0.020000000,0.166000000,failure,missing_lod22_geometry,standard,false,false,true,0,2,0.000000000,,,0,0.000000000,0.000000000,212.725209999,0.000000000,false,false,0.000000000,,,0.000000000,0,0.000000000,,0.000000000,phases/p2-gsjso/runs/20260718_qs_cheap_refine_sweep/jobs/cell025_win1_pass2/dense_w2_1_c001_cell025_win1_pass2.city.json,d868d40c4b32ecdc0604aa2a5ae953285f16bded10dff866365858892180e1ca,phases/p2-gsjso/runs/20260718_qs_cheap_refine_sweep/jobs/cell025_win1_pass2/dense_w2_1_c001_cell025_win1_pass2_val3dity.json,0,EPSG:25832,0.000000000,LoD2 reference opened only after all 18 Roofer conditions; used for scoring and figure only,0,0
cell025_win1_pass2,0.250000000,1,0.250000000,2,DEBY_LOD2_4907195,overseg_smooth.py MLS-style local plane fit and z projection on roof-top class-6 points,phases/p2-gsjso/runs/20260717_qs_cheap_refine_pilot/input/dense_w2_1_c001_classified.laz,e9acd5eb90dc42d88f13485a73fbaf8d10cff76cb5a3063f5f5bc72f51454c4a,phases/p2-gsjso/runs/20260718_qs_cheap_refine_sweep/jobs/cell025_win1_pass2/dense_w2_1_c001_cell025_win1_pass2.laz,d862809b2e2ac36851c8d9f1dc15e5313788bfe4d24d2bdd1ea6aee03b45c6d7,686,0.080000000,0.440000000,success,success,standard,true,false,true,1,2,0.500000000,0.372645790,0.768968840,157,0.221420146,39.377322497,177.839580000,39.377265733,true,true,1.000000000,0.269773262,0.570649324,0.082079788,0,-0.500000000,0.102872528,0.139340358,phases/p2-gsjso/runs/20260718_qs_cheap_refine_sweep/jobs/cell025_win1_pass2/dense_w2_1_c001_cell025_win1_pass2.city.json,d868d40c4b32ecdc0604aa2a5ae953285f16bded10dff866365858892180e1ca,phases/p2-gsjso/runs/20260718_qs_cheap_refine_sweep/jobs/cell025_win1_pass2/dense_w2_1_c001_cell025_win1_pass2_val3dity.json,0,EPSG:25832,0.000000000,LoD2 reference opened only after all 18 Roofer conditions; used for scoring and figure only,0,0
cell025_win1_pass2,0.250000000,1,0.250000000,2,DEBY_LOD2_4907198,overseg_smooth.py MLS-style local plane fit and z projection on roof-top class-6 points,phases/p2-gsjso/runs/20260717_qs_cheap_refine_pilot/input/dense_w2_1_c001_classified.laz,e9acd5eb90dc42d88f13485a73fbaf8d10cff76cb5a3063f5f5bc72f51454c4a,phases/p2-gsjso/runs/20260718_qs_cheap_refine_sweep/jobs/cell025_win1_pass2/dense_w2_1_c001_cell025_win1_pass2.laz,d862809b2e2ac36851c8d9f1dc15e5313788bfe4d24d2bdd1ea6aee03b45c6d7,1309,0.040000000,0.576000000,success,success,standard,true,false,true,1,4,0.250000000,1.848073779,2.849215411,35,0.023720606,8.534806499,359.797467497,8.534614046,true,true,0.250000000,2.127468875,2.595384354,0.014397369,0,0.000000000,-0.279395096,0.009323237,phases/p2-gsjso/runs/20260718_qs_cheap_refine_sweep/jobs/cell025_win1_pass2/dense_w2_1_c001_cell025_win1_pass2.city.json,d868d40c4b32ecdc0604aa2a5ae953285f16bded10dff866365858892180e1ca,phases/p2-gsjso/runs/20260718_qs_cheap_refine_sweep/jobs/cell025_win1_pass2/dense_w2_1_c001_cell025_win1_pass2_val3dity.json,0,EPSG:25832,0.000000000,LoD2 reference opened only after all 18 Roofer conditions; used for scoring and figure only,0,0
cell025_win1_pass2,0.250000000,1,0.250000000,2,DEBY_LOD2_4907199,overseg_smooth.py MLS-style local plane fit and z projection on roof-top class-6 points,phases/p2-gsjso/runs/20260717_qs_cheap_refine_pilot/input/dense_w2_1_c001_classified.laz,e9acd5eb90dc42d88f13485a73fbaf8d10cff76cb5a3063f5f5bc72f51454c4a,phases/p2-gsjso/runs/20260718_qs_cheap_refine_sweep/jobs/cell025_win1_pass2/dense_w2_1_c001_cell025_win1_pass2.laz,d862809b2e2ac36851c8d9f1dc15e5313788bfe4d24d2bdd1ea6aee03b45c6d7,4,0.015000000,0.028500000,failure,pointcloud_unusable_no_points,skip,false,false,true,0,1,0.000000000,,,0,0.000000000,0.000000000,98.346449999,0.000000000,false,true,0.000000000,,,0.000000000,0,0.000000000,,0.000000000,phases/p2-gsjso/runs/20260718_qs_cheap_refine_sweep/jobs/cell025_win1_pass2/dense_w2_1_c001_cell025_win1_pass2.city.json,d868d40c4b32ecdc0604aa2a5ae953285f16bded10dff866365858892180e1ca,phases/p2-gsjso/runs/20260718_qs_cheap_refine_sweep/jobs/cell025_win1_pass2/dense_w2_1_c001_cell025_win1_pass2_val3dity.json,0,EPSG:25832,0.000000000,LoD2 reference opened only after all 18 Roofer conditions; used for scoring and figure only,0,0
cell025_win1_pass2,0.250000000,1,0.250000000,2,DEBY_LOD2_4907202,overseg_smooth.py MLS-style local plane fit and z projection on roof-top class-6 points,phases/p2-gsjso/runs/20260717_qs_cheap_refine_pilot/input/dense_w2_1_c001_classified.laz,e9acd5eb90dc42d88f13485a73fbaf8d10cff76cb5a3063f5f5bc72f51454c4a,phases/p2-gsjso/runs/20260718_qs_cheap_refine_sweep/jobs/cell025_win1_pass2/dense_w2_1_c001_cell025_win1_pass2.laz,d862809b2e2ac36851c8d9f1dc15e5313788bfe4d24d2bdd1ea6aee03b45c6d7,5229,0.030000000,0.340000000,success,success,standard,true,false,true,2,2,1.000000000,0.554556102,3.174836099,644,0.999894406,160.587602000,160.461520004,160.444576308,true,true,1.500000000,0.563657590,3.486506786,0.994591924,0,-0.500000000,-0.009101488,0.005302482,phases/p2-gsjso/runs/20260718_qs_cheap_refine_sweep/jobs/cell025_win1_pass2/dense_w2_1_c001_cell025_win1_pass2.city.json,d868d40c4b32ecdc0604aa2a5ae953285f16bded10dff866365858892180e1ca,phases/p2-gsjso/runs/20260718_qs_cheap_refine_sweep/jobs/cell025_win1_pass2/dense_w2_1_c001_cell025_win1_pass2_val3dity.json,0,EPSG:25832,0.000000000,LoD2 reference opened only after all 18 Roofer conditions; used for scoring and figure only,0,0
cell025_win1_pass2,0.250000000,1,0.250000000,2,DEBY_LOD2_4908168,overseg_smooth.py MLS-style local plane fit and z projection on roof-top class-6 points,phases/p2-gsjso/runs/20260717_qs_cheap_refine_pilot/input/dense_w2_1_c001_classified.laz,e9acd5eb90dc42d88f13485a73fbaf8d10cff76cb5a3063f5f5bc72f51454c4a,phases/p2-gsjso/runs/20260718_qs_cheap_refine_sweep/jobs/cell025_win1_pass2/dense_w2_1_c001_cell025_win1_pass2.laz,d862809b2e2ac36851c8d9f1dc15e5313788bfe4d24d2bdd1ea6aee03b45c6d7,752,0.010000000,0.090000000,success,success,standard,true,false,true,1,1,1.000000000,0.186988412,0.461124945,114,0.999745093,28.825925500,28.831400000,28.824050666,true,true,1.000000000,0.178913202,0.442979418,0.999879645,0,0.000000000,0.008075210,-0.000134552,phases/p2-gsjso/runs/20260718_qs_cheap_refine_sweep/jobs/cell025_win1_pass2/dense_w2_1_c001_cell025_win1_pass2.city.json,d868d40c4b32ecdc0604aa2a5ae953285f16bded10dff866365858892180e1ca,phases/p2-gsjso/runs/20260718_qs_cheap_refine_sweep/jobs/cell025_win1_pass2/dense_w2_1_c001_cell025_win1_pass2_val3dity.json,0,EPSG:25832,0.000000000,LoD2 reference opened only after all 18 Roofer conditions; used for scoring and figure only,0,0
cell025_win1_pass2,0.250000000,1,0.250000000,2,DEBY_LOD2_4908178,overseg_smooth.py MLS-style local plane fit and z projection on roof-top class-6 points,phases/p2-gsjso/runs/20260717_qs_cheap_refine_pilot/input/dense_w2_1_c001_classified.laz,e9acd5eb90dc42d88f13485a73fbaf8d10cff76cb5a3063f5f5bc72f51454c4a,phases/p2-gsjso/runs/20260718_qs_cheap_refine_sweep/jobs/cell025_win1_pass2/dense_w2_1_c001_cell025_win1_pass2.laz,d862809b2e2ac36851c8d9f1dc15e5313788bfe4d24d2bdd1ea6aee03b45c6d7,421,0.010000000,0.160000000,failure,missing_lod22_geometry,standard,false,false,true,0,2,0.000000000,,,0,0.000000000,0.000000000,113.412679999,0.000000000,true,true,0.500000000,0.624888129,1.520071182,0.999921002,-1,-0.500000000,,-0.999921002,phases/p2-gsjso/runs/20260718_qs_cheap_refine_sweep/jobs/cell025_win1_pass2/dense_w2_1_c001_cell025_win1_pass2.city.json,d868d40c4b32ecdc0604aa2a5ae953285f16bded10dff866365858892180e1ca,phases/p2-gsjso/runs/20260718_qs_cheap_refine_sweep/jobs/cell025_win1_pass2/dense_w2_1_c001_cell025_win1_pass2_val3dity.json,0,EPSG:25832,0.000000000,LoD2 reference opened only after all 18 Roofer conditions; used for scoring and figure only,0,0
cell025_win1_pass2,0.250000000,1,0.250000000,2,DEBY_LOD2_4908179,overseg_smooth.py MLS-style local plane fit and z projection on roof-top class-6 points,phases/p2-gsjso/runs/20260717_qs_cheap_refine_pilot/input/dense_w2_1_c001_classified.laz,e9acd5eb90dc42d88f13485a73fbaf8d10cff76cb5a3063f5f5bc72f51454c4a,phases/p2-gsjso/runs/20260718_qs_cheap_refine_sweep/jobs/cell025_win1_pass2/dense_w2_1_c001_cell025_win1_pass2.laz,d862809b2e2ac36851c8d9f1dc15e5313788bfe4d24d2bdd1ea6aee03b45c6d7,0,,,failure,pointcloud_unusable_no_points,skip,false,false,true,0,1,0.000000000,,,0,0.000000000,0.000000000,118.249599998,0.000000000,false,false,0.000000000,,,0.000000000,0,0.000000000,,0.000000000,phases/p2-gsjso/runs/20260718_qs_cheap_refine_sweep/jobs/cell025_win1_pass2/dense_w2_1_c001_cell025_win1_pass2.city.json,d868d40c4b32ecdc0604aa2a5ae953285f16bded10dff866365858892180e1ca,phases/p2-gsjso/runs/20260718_qs_cheap_refine_sweep/jobs/cell025_win1_pass2/dense_w2_1_c001_cell025_win1_pass2_val3dity.json,0,EPSG:25832,0.000000000,LoD2 reference opened only after all 18 Roofer conditions; used for scoring and figure only,0,0
cell025_win1_pass2,0.250000000,1,0.250000000,2,DEBY_LOD2_60098,overseg_smooth.py MLS-style local plane fit and z projection on roof-top class-6 points,phases/p2-gsjso/runs/20260717_qs_cheap_refine_pilot/input/dense_w2_1_c001_classified.laz,e9acd5eb90dc42d88f13485a73fbaf8d10cff76cb5a3063f5f5bc72f51454c4a,phases/p2-gsjso/runs/20260718_qs_cheap_refine_sweep/jobs/cell025_win1_pass2/dense_w2_1_c001_cell025_win1_pass2.laz,d862809b2e2ac36851c8d9f1dc15e5313788bfe4d24d2bdd1ea6aee03b45c6d7,668,0.090000000,0.366500000,success,success,standard,true,false,true,3,2,1.500000000,2.904219147,9.580954880,783,0.999914687,195.941210002,195.925425003,195.908710059,true,true,1.500000000,2.991955569,9.730518924,0.999898969,0,0.000000000,-0.087736422,0.000015718,phases/p2-gsjso/runs/20260718_qs_cheap_refine_sweep/jobs/cell025_win1_pass2/dense_w2_1_c001_cell025_win1_pass2.city.json,d868d40c4b32ecdc0604aa2a5ae953285f16bded10dff866365858892180e1ca,phases/p2-gsjso/runs/20260718_qs_cheap_refine_sweep/jobs/cell025_win1_pass2/dense_w2_1_c001_cell025_win1_pass2_val3dity.json,0,EPSG:25832,0.000000000,LoD2 reference opened only after all 18 Roofer conditions; used for scoring and figure only,0,0
cell025_win1_pass2,0.250000000,1,0.250000000,2,DEBY_LOD2_8568391,overseg_smooth.py MLS-style local plane fit and z projection on roof-top class-6 points,phases/p2-gsjso/runs/20260717_qs_cheap_refine_pilot/input/dense_w2_1_c001_classified.laz,e9acd5eb90dc42d88f13485a73fbaf8d10cff76cb5a3063f5f5bc72f51454c4a,phases/p2-gsjso/runs/20260718_qs_cheap_refine_sweep/jobs/cell025_win1_pass2/dense_w2_1_c001_cell025_win1_pass2.laz,d862809b2e2ac36851c8d9f1dc15e5313788bfe4d24d2bdd1ea6aee03b45c6d7,0,,,failure,pointcloud_unusable_no_points,skip,false,false,true,0,1,0.000000000,,,0,0.000000000,0.000000000,55.535699997,0.000000000,false,true,0.000000000,,,0.000000000,0,0.000000000,,0.000000000,phases/p2-gsjso/runs/20260718_qs_cheap_refine_sweep/jobs/cell025_win1_pass2/dense_w2_1_c001_cell025_win1_pass2.city.json,d868d40c4b32ecdc0604aa2a5ae953285f16bded10dff866365858892180e1ca,phases/p2-gsjso/runs/20260718_qs_cheap_refine_sweep/jobs/cell025_win1_pass2/dense_w2_1_c001_cell025_win1_pass2_val3dity.json,0,EPSG:25832,0.000000000,LoD2 reference opened only after all 18 Roofer conditions; used for scoring and figure only,0,0
cell025_win1_pass2,0.250000000,1,0.250000000,2,DEBY_LOD2_8568392,overseg_smooth.py MLS-style local plane fit and z projection on roof-top class-6 points,phases/p2-gsjso/runs/20260717_qs_cheap_refine_pilot/input/dense_w2_1_c001_classified.laz,e9acd5eb90dc42d88f13485a73fbaf8d10cff76cb5a3063f5f5bc72f51454c4a,phases/p2-gsjso/runs/20260718_qs_cheap_refine_sweep/jobs/cell025_win1_pass2/dense_w2_1_c001_cell025_win1_pass2.laz,d862809b2e2ac36851c8d9f1dc15e5313788bfe4d24d2bdd1ea6aee03b45c6d7,0,,,failure,pointcloud_unusable_no_points,skip,false,false,true,0,1,0.000000000,,,0,0.000000000,0.000000000,5.797516501,0.000000000,false,true,0.000000000,,,0.000000000,0,0.000000000,,0.000000000,phases/p2-gsjso/runs/20260718_qs_cheap_refine_sweep/jobs/cell025_win1_pass2/dense_w2_1_c001_cell025_win1_pass2.city.json,d868d40c4b32ecdc0604aa2a5ae953285f16bded10dff866365858892180e1ca,phases/p2-gsjso/runs/20260718_qs_cheap_refine_sweep/jobs/cell025_win1_pass2/dense_w2_1_c001_cell025_win1_pass2_val3dity.json,0,EPSG:25832,0.000000000,LoD2 reference opened only after all 18 Roofer conditions; used for scoring and figure only,0,0
cell025_win2_pass1,0.250000000,2,0.500000000,1,DEBY_LOD2_108247349,overseg_smooth.py MLS-style local plane fit and z projection on roof-top class-6 points,phases/p2-gsjso/runs/20260717_qs_cheap_refine_pilot/input/dense_w2_1_c001_classified.laz,e9acd5eb90dc42d88f13485a73fbaf8d10cff76cb5a3063f5f5bc72f51454c4a,phases/p2-gsjso/runs/20260718_qs_cheap_refine_sweep/jobs/cell025_win2_pass1/dense_w2_1_c001_cell025_win2_pass1.laz,8c5175efab34a2195313f2d4c98b83540b9803da10c194b53e4dc33c43ec3d49,0,,,failure,pointcloud_unusable_no_points,skip,false,false,true,0,1,0.000000000,,,0,0.000000000,0.000000000,101.102650001,0.000000000,false,false,0.000000000,,,0.000000000,0,0.000000000,,0.000000000,phases/p2-gsjso/runs/20260718_qs_cheap_refine_sweep/jobs/cell025_win2_pass1/dense_w2_1_c001_cell025_win2_pass1.city.json,138fad382f4af8126ed5989f1c2c072eca92f21f03c4280d3c972946b186e01b,phases/p2-gsjso/runs/20260718_qs_cheap_refine_sweep/jobs/cell025_win2_pass1/dense_w2_1_c001_cell025_win2_pass1_val3dity.json,0,EPSG:25832,0.000000000,LoD2 reference opened only after all 18 Roofer conditions; used for scoring and figure only,0,0
cell025_win2_pass1,0.250000000,2,0.500000000,1,DEBY_LOD2_108247350,overseg_smooth.py MLS-style local plane fit and z projection on roof-top class-6 points,phases/p2-gsjso/runs/20260717_qs_cheap_refine_pilot/input/dense_w2_1_c001_classified.laz,e9acd5eb90dc42d88f13485a73fbaf8d10cff76cb5a3063f5f5bc72f51454c4a,phases/p2-gsjso/runs/20260718_qs_cheap_refine_sweep/jobs/cell025_win2_pass1/dense_w2_1_c001_cell025_win2_pass1.laz,8c5175efab34a2195313f2d4c98b83540b9803da10c194b53e4dc33c43ec3d49,3,0.010000000,0.010000000,failure,pointcloud_unusable_no_points,skip,false,false,true,0,1,0.000000000,,,0,0.000000000,0.000000000,12.137050000,0.000000000,false,true,0.000000000,,,0.000000000,0,0.000000000,,0.000000000,phases/p2-gsjso/runs/20260718_qs_cheap_refine_sweep/jobs/cell025_win2_pass1/dense_w2_1_c001_cell025_win2_pass1.city.json,138fad382f4af8126ed5989f1c2c072eca92f21f03c4280d3c972946b186e01b,phases/p2-gsjso/runs/20260718_qs_cheap_refine_sweep/jobs/cell025_win2_pass1/dense_w2_1_c001_cell025_win2_pass1_val3dity.json,0,EPSG:25832,0.000000000,LoD2 reference opened only after all 18 Roofer conditions; used for scoring and figure only,0,0
cell025_win2_pass1,0.250000000,2,0.500000000,1,DEBY_LOD2_108247351,overseg_smooth.py MLS-style local plane fit and z projection on roof-top class-6 points,phases/p2-gsjso/runs/20260717_qs_cheap_refine_pilot/input/dense_w2_1_c001_classified.laz,e9acd5eb90dc42d88f13485a73fbaf8d10cff76cb5a3063f5f5bc72f51454c4a,phases/p2-gsjso/runs/20260718_qs_cheap_refine_sweep/jobs/cell025_win2_pass1/dense_w2_1_c001_cell025_win2_pass1.laz,8c5175efab34a2195313f2d4c98b83540b9803da10c194b53e4dc33c43ec3d49,0,,,failure,pointcloud_unusable_no_points,skip,false,false,true,0,1,0.000000000,,,0,0.000000000,0.000000000,65.278499998,0.000000000,false,true,0.000000000,,,0.000000000,0,0.000000000,,0.000000000,phases/p2-gsjso/runs/20260718_qs_cheap_refine_sweep/jobs/cell025_win2_pass1/dense_w2_1_c001_cell025_win2_pass1.city.json,138fad382f4af8126ed5989f1c2c072eca92f21f03c4280d3c972946b186e01b,phases/p2-gsjso/runs/20260718_qs_cheap_refine_sweep/jobs/cell025_win2_pass1/dense_w2_1_c001_cell025_win2_pass1_val3dity.json,0,EPSG:25832,0.000000000,LoD2 reference opened only after all 18 Roofer conditions; used for scoring and figure only,0,0
cell025_win2_pass1,0.250000000,2,0.500000000,1,DEBY_LOD2_4907184,overseg_smooth.py MLS-style local plane fit and z projection on roof-top class-6 points,phases/p2-gsjso/runs/20260717_qs_cheap_refine_pilot/input/dense_w2_1_c001_classified.laz,e9acd5eb90dc42d88f13485a73fbaf8d10cff76cb5a3063f5f5bc72f51454c4a,phases/p2-gsjso/runs/20260718_qs_cheap_refine_sweep/jobs/cell025_win2_pass1/dense_w2_1_c001_cell025_win2_pass1.laz,8c5175efab34a2195313f2d4c98b83540b9803da10c194b53e4dc33c43ec3d49,201892,0.030000000,0.430000000,failure,val3dity_invalid,standard,true,false,false,6,4,1.500000000,0.417924239,2.615782591,1347,0.994876394,336.171086501,337.863561498,336.132481792,true,true,1.500000000,0.354716522,2.638333513,0.995567105,0,0.000000000,0.063207717,-0.000690711,phases/p2-gsjso/runs/20260718_qs_cheap_refine_sweep/jobs/cell025_win2_pass1/dense_w2_1_c001_cell025_win2_pass1.city.json,138fad382f4af8126ed5989f1c2c072eca92f21f03c4280d3c972946b186e01b,phases/p2-gsjso/runs/20260718_qs_cheap_refine_sweep/jobs/cell025_win2_pass1/dense_w2_1_c001_cell025_win2_pass1_val3dity.json,0,EPSG:25832,0.000000000,LoD2 reference opened only after all 18 Roofer conditions; used for scoring and figure only,0,0
cell025_win2_pass1,0.250000000,2,0.500000000,1,DEBY_LOD2_4907185,overseg_smooth.py MLS-style local plane fit and z projection on roof-top class-6 points,phases/p2-gsjso/runs/20260717_qs_cheap_refine_pilot/input/dense_w2_1_c001_classified.laz,e9acd5eb90dc42d88f13485a73fbaf8d10cff76cb5a3063f5f5bc72f51454c4a,phases/p2-gsjso/runs/20260718_qs_cheap_refine_sweep/jobs/cell025_win2_pass1/dense_w2_1_c001_cell025_win2_pass1.laz,8c5175efab34a2195313f2d4c98b83540b9803da10c194b53e4dc33c43ec3d49,3488,0.000000000,0.450000000,success,success,standard,true,false,true,4,2,2.000000000,3.107441742,8.792682502,646,0.999972126,161.059773000,160.981467003,160.976979790,true,true,1.500000000,2.613993006,10.997450351,0.999948727,0,0.500000000,0.493448736,0.000023399,phases/p2-gsjso/runs/20260718_qs_cheap_refine_sweep/jobs/cell025_win2_pass1/dense_w2_1_c001_cell025_win2_pass1.city.json,138fad382f4af8126ed5989f1c2c072eca92f21f03c4280d3c972946b186e01b,phases/p2-gsjso/runs/20260718_qs_cheap_refine_sweep/jobs/cell025_win2_pass1/dense_w2_1_c001_cell025_win2_pass1_val3dity.json,0,EPSG:25832,0.000000000,LoD2 reference opened only after all 18 Roofer conditions; used for scoring and figure only,0,0
cell025_win2_pass1,0.250000000,2,0.500000000,1,DEBY_LOD2_4907186,overseg_smooth.py MLS-style local plane fit and z projection on roof-top class-6 points,phases/p2-gsjso/runs/20260717_qs_cheap_refine_pilot/input/dense_w2_1_c001_classified.laz,e9acd5eb90dc42d88f13485a73fbaf8d10cff76cb5a3063f5f5bc72f51454c4a,phases/p2-gsjso/runs/20260718_qs_cheap_refine_sweep/jobs/cell025_win2_pass1/dense_w2_1_c001_cell025_win2_pass1.laz,8c5175efab34a2195313f2d4c98b83540b9803da10c194b53e4dc33c43ec3d49,480,0.050000000,0.400500000,success,success,standard,true,false,true,2,2,1.000000000,4.026842348,12.726726408,672,0.999848843,167.884626500,167.832339001,167.806969892,true,true,1.000000000,3.543989669,11.354917333,0.999810607,0,0.000000000,0.482852679,0.000038236,phases/p2-gsjso/runs/20260718_qs_cheap_refine_sweep/jobs/cell025_win2_pass1/dense_w2_1_c001_cell025_win2_pass1.city.json,138fad382f4af8126ed5989f1c2c072eca92f21f03c4280d3c972946b186e01b,phases/p2-gsjso/runs/20260718_qs_cheap_refine_sweep/jobs/cell025_win2_pass1/dense_w2_1_c001_cell025_win2_pass1_val3dity.json,0,EPSG:25832,0.000000000,LoD2 reference opened only after all 18 Roofer conditions; used for scoring and figure only,0,0
cell025_win2_pass1,0.250000000,2,0.500000000,1,DEBY_LOD2_4907188,overseg_smooth.py MLS-style local plane fit and z projection on roof-top class-6 points,phases/p2-gsjso/runs/20260717_qs_cheap_refine_pilot/input/dense_w2_1_c001_classified.laz,e9acd5eb90dc42d88f13485a73fbaf8d10cff76cb5a3063f5f5bc72f51454c4a,phases/p2-gsjso/runs/20260718_qs_cheap_refine_sweep/jobs/cell025_win2_pass1/dense_w2_1_c001_cell025_win2_pass1.laz,8c5175efab34a2195313f2d4c98b83540b9803da10c194b53e4dc33c43ec3d49,1118,0.080000000,0.611500000,success,success,standard,true,false,true,4,2,2.000000000,1.324468626,3.847381337,667,0.999897858,165.875052498,165.881390000,165.864446484,true,true,1.500000000,1.354221199,4.138715144,0.999949573,0,0.500000000,-0.029752573,-0.000051715,phases/p2-gsjso/runs/20260718_qs_cheap_refine_sweep/jobs/cell025_win2_pass1/dense_w2_1_c001_cell025_win2_pass1.city.json,138fad382f4af8126ed5989f1c2c072eca92f21f03c4280d3c972946b186e01b,phases/p2-gsjso/runs/20260718_qs_cheap_refine_sweep/jobs/cell025_win2_pass1/dense_w2_1_c001_cell025_win2_pass1_val3dity.json,0,EPSG:25832,0.000000000,LoD2 reference opened only after all 18 Roofer conditions; used for scoring and figure only,0,0
cell025_win2_pass1,0.250000000,2,0.500000000,1,DEBY_LOD2_4907194,overseg_smooth.py MLS-style local plane fit and z projection on roof-top class-6 points,phases/p2-gsjso/runs/20260717_qs_cheap_refine_pilot/input/dense_w2_1_c001_classified.laz,e9acd5eb90dc42d88f13485a73fbaf8d10cff76cb5a3063f5f5bc72f51454c4a,phases/p2-gsjso/runs/20260718_qs_cheap_refine_sweep/jobs/cell025_win2_pass1/dense_w2_1_c001_cell025_win2_pass1.laz,8c5175efab34a2195313f2d4c98b83540b9803da10c194b53e4dc33c43ec3d49,47,0.030000000,0.154000000,failure,missing_lod22_geometry,standard,false,false,true,0,2,0.000000000,,,0,0.000000000,0.000000000,212.725209999,0.000000000,false,false,0.000000000,,,0.000000000,0,0.000000000,,0.000000000,phases/p2-gsjso/runs/20260718_qs_cheap_refine_sweep/jobs/cell025_win2_pass1/dense_w2_1_c001_cell025_win2_pass1.city.json,138fad382f4af8126ed5989f1c2c072eca92f21f03c4280d3c972946b186e01b,phases/p2-gsjso/runs/20260718_qs_cheap_refine_sweep/jobs/cell025_win2_pass1/dense_w2_1_c001_cell025_win2_pass1_val3dity.json,0,EPSG:25832,0.000000000,LoD2 reference opened only after all 18 Roofer conditions; used for scoring and figure only,0,0
cell025_win2_pass1,0.250000000,2,0.500000000,1,DEBY_LOD2_4907195,overseg_smooth.py MLS-style local plane fit and z projection on roof-top class-6 points,phases/p2-gsjso/runs/20260717_qs_cheap_refine_pilot/input/dense_w2_1_c001_classified.laz,e9acd5eb90dc42d88f13485a73fbaf8d10cff76cb5a3063f5f5bc72f51454c4a,phases/p2-gsjso/runs/20260718_qs_cheap_refine_sweep/jobs/cell025_win2_pass1/dense_w2_1_c001_cell025_win2_pass1.laz,8c5175efab34a2195313f2d4c98b83540b9803da10c194b53e4dc33c43ec3d49,686,0.080000000,0.490000000,success,success,standard,true,false,true,1,2,0.500000000,0.390551357,0.787537719,167,0.230987808,41.078912001,177.839580000,41.078774786,true,true,1.000000000,0.269773262,0.570649324,0.082079788,0,-0.500000000,0.120778095,0.148908020,phases/p2-gsjso/runs/20260718_qs_cheap_refine_sweep/jobs/cell025_win2_pass1/dense_w2_1_c001_cell025_win2_pass1.city.json,138fad382f4af8126ed5989f1c2c072eca92f21f03c4280d3c972946b186e01b,phases/p2-gsjso/runs/20260718_qs_cheap_refine_sweep/jobs/cell025_win2_pass1/dense_w2_1_c001_cell025_win2_pass1_val3dity.json,0,EPSG:25832,0.000000000,LoD2 reference opened only after all 18 Roofer conditions; used for scoring and figure only,0,0
cell025_win2_pass1,0.250000000,2,0.500000000,1,DEBY_LOD2_4907198,overseg_smooth.py MLS-style local plane fit and z projection on roof-top class-6 points,phases/p2-gsjso/runs/20260717_qs_cheap_refine_pilot/input/dense_w2_1_c001_classified.laz,e9acd5eb90dc42d88f13485a73fbaf8d10cff76cb5a3063f5f5bc72f51454c4a,phases/p2-gsjso/runs/20260718_qs_cheap_refine_sweep/jobs/cell025_win2_pass1/dense_w2_1_c001_cell025_win2_pass1.laz,8c5175efab34a2195313f2d4c98b83540b9803da10c194b53e4dc33c43ec3d49,1309,0.040000000,0.610000000,success,success,standard,true,false,true,1,4,0.250000000,1.947195170,2.614107309,28,0.019616281,7.057931501,359.797467497,7.057888396,true,true,0.250000000,2.127468875,2.595384354,0.014397369,0,0.000000000,-0.180273705,0.005218912,phases/p2-gsjso/runs/20260718_qs_cheap_refine_sweep/jobs/cell025_win2_pass1/dense_w2_1_c001_cell025_win2_pass1.city.json,138fad382f4af8126ed5989f1c2c072eca92f21f03c4280d3c972946b186e01b,phases/p2-gsjso/runs/20260718_qs_cheap_refine_sweep/jobs/cell025_win2_pass1/dense_w2_1_c001_cell025_win2_pass1_val3dity.json,0,EPSG:25832,0.000000000,LoD2 reference opened only after all 18 Roofer conditions; used for scoring and figure only,0,0
cell025_win2_pass1,0.250000000,2,0.500000000,1,DEBY_LOD2_4907199,overseg_smooth.py MLS-style local plane fit and z projection on roof-top class-6 points,phases/p2-gsjso/runs/20260717_qs_cheap_refine_pilot/input/dense_w2_1_c001_classified.laz,e9acd5eb90dc42d88f13485a73fbaf8d10cff76cb5a3063f5f5bc72f51454c4a,phases/p2-gsjso/runs/20260718_qs_cheap_refine_sweep/jobs/cell025_win2_pass1/dense_w2_1_c001_cell025_win2_pass1.laz,8c5175efab34a2195313f2d4c98b83540b9803da10c194b53e4dc33c43ec3d49,4,0.025000000,0.038500000,failure,pointcloud_unusable_no_points,skip,false,false,true,0,1,0.000000000,,,0,0.000000000,0.000000000,98.346449999,0.000000000,false,true,0.000000000,,,0.000000000,0,0.000000000,,0.000000000,phases/p2-gsjso/runs/20260718_qs_cheap_refine_sweep/jobs/cell025_win2_pass1/dense_w2_1_c001_cell025_win2_pass1.city.json,138fad382f4af8126ed5989f1c2c072eca92f21f03c4280d3c972946b186e01b,phases/p2-gsjso/runs/20260718_qs_cheap_refine_sweep/jobs/cell025_win2_pass1/dense_w2_1_c001_cell025_win2_pass1_val3dity.json,0,EPSG:25832,0.000000000,LoD2 reference opened only after all 18 Roofer conditions; used for scoring and figure only,0,0
cell025_win2_pass1,0.250000000,2,0.500000000,1,DEBY_LOD2_4907202,overseg_smooth.py MLS-style local plane fit and z projection on roof-top class-6 points,phases/p2-gsjso/runs/20260717_qs_cheap_refine_pilot/input/dense_w2_1_c001_classified.laz,e9acd5eb90dc42d88f13485a73fbaf8d10cff76cb5a3063f5f5bc72f51454c4a,phases/p2-gsjso/runs/20260718_qs_cheap_refine_sweep/jobs/cell025_win2_pass1/dense_w2_1_c001_cell025_win2_pass1.laz,8c5175efab34a2195313f2d4c98b83540b9803da10c194b53e4dc33c43ec3d49,5229,0.040000000,0.490000000,success,success,standard,true,false,true,2,2,1.000000000,0.491245136,3.741478309,643,0.999893014,160.591035498,160.461520004,160.444352803,true,true,1.500000000,0.563657590,3.486506786,0.994591924,0,-0.500000000,-0.072412454,0.005301090,phases/p2-gsjso/runs/20260718_qs_cheap_refine_sweep/jobs/cell025_win2_pass1/dense_w2_1_c001_cell025_win2_pass1.city.json,138fad382f4af8126ed5989f1c2c072eca92f21f03c4280d3c972946b186e01b,phases/p2-gsjso/runs/20260718_qs_cheap_refine_sweep/jobs/cell025_win2_pass1/dense_w2_1_c001_cell025_win2_pass1_val3dity.json,0,EPSG:25832,0.000000000,LoD2 reference opened only after all 18 Roofer conditions; used for scoring and figure only,0,0
cell025_win2_pass1,0.250000000,2,0.500000000,1,DEBY_LOD2_4908168,overseg_smooth.py MLS-style local plane fit and z projection on roof-top class-6 points,phases/p2-gsjso/runs/20260717_qs_cheap_refine_pilot/input/dense_w2_1_c001_classified.laz,e9acd5eb90dc42d88f13485a73fbaf8d10cff76cb5a3063f5f5bc72f51454c4a,phases/p2-gsjso/runs/20260718_qs_cheap_refine_sweep/jobs/cell025_win2_pass1/dense_w2_1_c001_cell025_win2_pass1.laz,8c5175efab34a2195313f2d4c98b83540b9803da10c194b53e4dc33c43ec3d49,752,0.010000000,0.104500000,success,success,standard,true,false,true,1,1,1.000000000,0.187773137,0.462638618,114,0.999745093,28.825925500,28.831400000,28.824050666,true,true,1.000000000,0.178913202,0.442979418,0.999879645,0,0.000000000,0.008859935,-0.000134552,phases/p2-gsjso/runs/20260718_qs_cheap_refine_sweep/jobs/cell025_win2_pass1/dense_w2_1_c001_cell025_win2_pass1.city.json,138fad382f4af8126ed5989f1c2c072eca92f21f03c4280d3c972946b186e01b,phases/p2-gsjso/runs/20260718_qs_cheap_refine_sweep/jobs/cell025_win2_pass1/dense_w2_1_c001_cell025_win2_pass1_val3dity.json,0,EPSG:25832,0.000000000,LoD2 reference opened only after all 18 Roofer conditions; used for scoring and figure only,0,0
cell025_win2_pass1,0.250000000,2,0.500000000,1,DEBY_LOD2_4908178,overseg_smooth.py MLS-style local plane fit and z projection on roof-top class-6 points,phases/p2-gsjso/runs/20260717_qs_cheap_refine_pilot/input/dense_w2_1_c001_classified.laz,e9acd5eb90dc42d88f13485a73fbaf8d10cff76cb5a3063f5f5bc72f51454c4a,phases/p2-gsjso/runs/20260718_qs_cheap_refine_sweep/jobs/cell025_win2_pass1/dense_w2_1_c001_cell025_win2_pass1.laz,8c5175efab34a2195313f2d4c98b83540b9803da10c194b53e4dc33c43ec3d49,421,0.020000000,0.190000000,failure,missing_lod22_geometry,standard,false,false,true,0,2,0.000000000,,,0,0.000000000,0.000000000,113.412679999,0.000000000,true,true,0.500000000,0.624888129,1.520071182,0.999921002,-1,-0.500000000,,-0.999921002,phases/p2-gsjso/runs/20260718_qs_cheap_refine_sweep/jobs/cell025_win2_pass1/dense_w2_1_c001_cell025_win2_pass1.city.json,138fad382f4af8126ed5989f1c2c072eca92f21f03c4280d3c972946b186e01b,phases/p2-gsjso/runs/20260718_qs_cheap_refine_sweep/jobs/cell025_win2_pass1/dense_w2_1_c001_cell025_win2_pass1_val3dity.json,0,EPSG:25832,0.000000000,LoD2 reference opened only after all 18 Roofer conditions; used for scoring and figure only,0,0
cell025_win2_pass1,0.250000000,2,0.500000000,1,DEBY_LOD2_4908179,overseg_smooth.py MLS-style local plane fit and z projection on roof-top class-6 points,phases/p2-gsjso/runs/20260717_qs_cheap_refine_pilot/input/dense_w2_1_c001_classified.laz,e9acd5eb90dc42d88f13485a73fbaf8d10cff76cb5a3063f5f5bc72f51454c4a,phases/p2-gsjso/runs/20260718_qs_cheap_refine_sweep/jobs/cell025_win2_pass1/dense_w2_1_c001_cell025_win2_pass1.laz,8c5175efab34a2195313f2d4c98b83540b9803da10c194b53e4dc33c43ec3d49,0,,,failure,pointcloud_unusable_no_points,skip,false,false,true,0,1,0.000000000,,,0,0.000000000,0.000000000,118.249599998,0.000000000,false,false,0.000000000,,,0.000000000,0,0.000000000,,0.000000000,phases/p2-gsjso/runs/20260718_qs_cheap_refine_sweep/jobs/cell025_win2_pass1/dense_w2_1_c001_cell025_win2_pass1.city.json,138fad382f4af8126ed5989f1c2c072eca92f21f03c4280d3c972946b186e01b,phases/p2-gsjso/runs/20260718_qs_cheap_refine_sweep/jobs/cell025_win2_pass1/dense_w2_1_c001_cell025_win2_pass1_val3dity.json,0,EPSG:25832,0.000000000,LoD2 reference opened only after all 18 Roofer conditions; used for scoring and figure only,0,0
cell025_win2_pass1,0.250000000,2,0.500000000,1,DEBY_LOD2_60098,overseg_smooth.py MLS-style local plane fit and z projection on roof-top class-6 points,phases/p2-gsjso/runs/20260717_qs_cheap_refine_pilot/input/dense_w2_1_c001_classified.laz,e9acd5eb90dc42d88f13485a73fbaf8d10cff76cb5a3063f5f5bc72f51454c4a,phases/p2-gsjso/runs/20260718_qs_cheap_refine_sweep/jobs/cell025_win2_pass1/dense_w2_1_c001_cell025_win2_pass1.laz,8c5175efab34a2195313f2d4c98b83540b9803da10c194b53e4dc33c43ec3d49,668,0.080000000,0.366500000,success,success,standard,true,false,true,3,2,1.500000000,2.907184254,9.637451567,785,0.999924030,195.943577002,195.925425003,195.910540553,true,true,1.500000000,2.991955569,9.730518924,0.999898969,0,0.000000000,-0.084771315,0.000025061,phases/p2-gsjso/runs/20260718_qs_cheap_refine_sweep/jobs/cell025_win2_pass1/dense_w2_1_c001_cell025_win2_pass1.city.json,138fad382f4af8126ed5989f1c2c072eca92f21f03c4280d3c972946b186e01b,phases/p2-gsjso/runs/20260718_qs_cheap_refine_sweep/jobs/cell025_win2_pass1/dense_w2_1_c001_cell025_win2_pass1_val3dity.json,0,EPSG:25832,0.000000000,LoD2 reference opened only after all 18 Roofer conditions; used for scoring and figure only,0,0
cell025_win2_pass1,0.250000000,2,0.500000000,1,DEBY_LOD2_8568391,overseg_smooth.py MLS-style local plane fit and z projection on roof-top class-6 points,phases/p2-gsjso/runs/20260717_qs_cheap_refine_pilot/input/dense_w2_1_c001_classified.laz,e9acd5eb90dc42d88f13485a73fbaf8d10cff76cb5a3063f5f5bc72f51454c4a,phases/p2-gsjso/runs/20260718_qs_cheap_refine_sweep/jobs/cell025_win2_pass1/dense_w2_1_c001_cell025_win2_pass1.laz,8c5175efab34a2195313f2d4c98b83540b9803da10c194b53e4dc33c43ec3d49,0,,,failure,pointcloud_unusable_no_points,skip,false,false,true,0,1,0.000000000,,,0,0.000000000,0.000000000,55.535699997,0.000000000,false,true,0.000000000,,,0.000000000,0,0.000000000,,0.000000000,phases/p2-gsjso/runs/20260718_qs_cheap_refine_sweep/jobs/cell025_win2_pass1/dense_w2_1_c001_cell025_win2_pass1.city.json,138fad382f4af8126ed5989f1c2c072eca92f21f03c4280d3c972946b186e01b,phases/p2-gsjso/runs/20260718_qs_cheap_refine_sweep/jobs/cell025_win2_pass1/dense_w2_1_c001_cell025_win2_pass1_val3dity.json,0,EPSG:25832,0.000000000,LoD2 reference opened only after all 18 Roofer conditions; used for scoring and figure only,0,0
cell025_win2_pass1,0.250000000,2,0.500000000,1,DEBY_LOD2_8568392,overseg_smooth.py MLS-style local plane fit and z projection on roof-top class-6 points,phases/p2-gsjso/runs/20260717_qs_cheap_refine_pilot/input/dense_w2_1_c001_classified.laz,e9acd5eb90dc42d88f13485a73fbaf8d10cff76cb5a3063f5f5bc72f51454c4a,phases/p2-gsjso/runs/20260718_qs_cheap_refine_sweep/jobs/cell025_win2_pass1/dense_w2_1_c001_cell025_win2_pass1.laz,8c5175efab34a2195313f2d4c98b83540b9803da10c194b53e4dc33c43ec3d49,0,,,failure,pointcloud_unusable_no_points,skip,false,false,true,0,1,0.000000000,,,0,0.000000000,0.000000000,5.797516501,0.000000000,false,true,0.000000000,,,0.000000000,0,0.000000000,,0.000000000,phases/p2-gsjso/runs/20260718_qs_cheap_refine_sweep/jobs/cell025_win2_pass1/dense_w2_1_c001_cell025_win2_pass1.city.json,138fad382f4af8126ed5989f1c2c072eca92f21f03c4280d3c972946b186e01b,phases/p2-gsjso/runs/20260718_qs_cheap_refine_sweep/jobs/cell025_win2_pass1/dense_w2_1_c001_cell025_win2_pass1_val3dity.json,0,EPSG:25832,0.000000000,LoD2 reference opened only after all 18 Roofer conditions; used for scoring and figure only,0,0
cell025_win2_pass2,0.250000000,2,0.500000000,2,DEBY_LOD2_108247349,overseg_smooth.py MLS-style local plane fit and z projection on roof-top class-6 points,phases/p2-gsjso/runs/20260717_qs_cheap_refine_pilot/input/dense_w2_1_c001_classified.laz,e9acd5eb90dc42d88f13485a73fbaf8d10cff76cb5a3063f5f5bc72f51454c4a,phases/p2-gsjso/runs/20260718_qs_cheap_refine_sweep/jobs/cell025_win2_pass2/dense_w2_1_c001_cell025_win2_pass2.laz,6f65eefdfa036a221e3b76943e7f3387d9fca73df68aec8a767f571849528e1e,0,,,failure,pointcloud_unusable_no_points,skip,false,false,true,0,1,0.000000000,,,0,0.000000000,0.000000000,101.102650001,0.000000000,false,false,0.000000000,,,0.000000000,0,0.000000000,,0.000000000,phases/p2-gsjso/runs/20260718_qs_cheap_refine_sweep/jobs/cell025_win2_pass2/dense_w2_1_c001_cell025_win2_pass2.city.json,b372ad4f51f2d455854adff33a8d4bed5a45cc1b0be650a6cfcf82a00f8fd6b6,phases/p2-gsjso/runs/20260718_qs_cheap_refine_sweep/jobs/cell025_win2_pass2/dense_w2_1_c001_cell025_win2_pass2_val3dity.json,0,EPSG:25832,0.000000000,LoD2 reference opened only after all 18 Roofer conditions; used for scoring and figure only,0,0
cell025_win2_pass2,0.250000000,2,0.500000000,2,DEBY_LOD2_108247350,overseg_smooth.py MLS-style local plane fit and z projection on roof-top class-6 points,phases/p2-gsjso/runs/20260717_qs_cheap_refine_pilot/input/dense_w2_1_c001_classified.laz,e9acd5eb90dc42d88f13485a73fbaf8d10cff76cb5a3063f5f5bc72f51454c4a,phases/p2-gsjso/runs/20260718_qs_cheap_refine_sweep/jobs/cell025_win2_pass2/dense_w2_1_c001_cell025_win2_pass2.laz,6f65eefdfa036a221e3b76943e7f3387d9fca73df68aec8a767f571849528e1e,3,0.010000000,0.010000000,failure,pointcloud_unusable_no_points,skip,false,false,true,0,1,0.000000000,,,0,0.000000000,0.000000000,12.137050000,0.000000000,false,true,0.000000000,,,0.000000000,0,0.000000000,,0.000000000,phases/p2-gsjso/runs/20260718_qs_cheap_refine_sweep/jobs/cell025_win2_pass2/dense_w2_1_c001_cell025_win2_pass2.city.json,b372ad4f51f2d455854adff33a8d4bed5a45cc1b0be650a6cfcf82a00f8fd6b6,phases/p2-gsjso/runs/20260718_qs_cheap_refine_sweep/jobs/cell025_win2_pass2/dense_w2_1_c001_cell025_win2_pass2_val3dity.json,0,EPSG:25832,0.000000000,LoD2 reference opened only after all 18 Roofer conditions; used for scoring and figure only,0,0
cell025_win2_pass2,0.250000000,2,0.500000000,2,DEBY_LOD2_108247351,overseg_smooth.py MLS-style local plane fit and z projection on roof-top class-6 points,phases/p2-gsjso/runs/20260717_qs_cheap_refine_pilot/input/dense_w2_1_c001_classified.laz,e9acd5eb90dc42d88f13485a73fbaf8d10cff76cb5a3063f5f5bc72f51454c4a,phases/p2-gsjso/runs/20260718_qs_cheap_refine_sweep/jobs/cell025_win2_pass2/dense_w2_1_c001_cell025_win2_pass2.laz,6f65eefdfa036a221e3b76943e7f3387d9fca73df68aec8a767f571849528e1e,0,,,failure,pointcloud_unusable_no_points,skip,false,false,true,0,1,0.000000000,,,0,0.000000000,0.000000000,65.278499998,0.000000000,false,true,0.000000000,,,0.000000000,0,0.000000000,,0.000000000,phases/p2-gsjso/runs/20260718_qs_cheap_refine_sweep/jobs/cell025_win2_pass2/dense_w2_1_c001_cell025_win2_pass2.city.json,b372ad4f51f2d455854adff33a8d4bed5a45cc1b0be650a6cfcf82a00f8fd6b6,phases/p2-gsjso/runs/20260718_qs_cheap_refine_sweep/jobs/cell025_win2_pass2/dense_w2_1_c001_cell025_win2_pass2_val3dity.json,0,EPSG:25832,0.000000000,LoD2 reference opened only after all 18 Roofer conditions; used for scoring and figure only,0,0
cell025_win2_pass2,0.250000000,2,0.500000000,2,DEBY_LOD2_4907184,overseg_smooth.py MLS-style local plane fit and z projection on roof-top class-6 points,phases/p2-gsjso/runs/20260717_qs_cheap_refine_pilot/input/dense_w2_1_c001_classified.laz,e9acd5eb90dc42d88f13485a73fbaf8d10cff76cb5a3063f5f5bc72f51454c4a,phases/p2-gsjso/runs/20260718_qs_cheap_refine_sweep/jobs/cell025_win2_pass2/dense_w2_1_c001_cell025_win2_pass2.laz,6f65eefdfa036a221e3b76943e7f3387d9fca73df68aec8a767f571849528e1e,201892,0.040000000,0.490000000,success,success,standard,true,false,true,7,4,1.750000000,0.506618305,4.968392311,1354,0.999944918,337.889673999,337.863561498,337.844951292,true,true,1.500000000,0.354716522,2.638333513,0.995567105,0,0.250000000,0.151901783,0.004377813,phases/p2-gsjso/runs/20260718_qs_cheap_refine_sweep/jobs/cell025_win2_pass2/dense_w2_1_c001_cell025_win2_pass2.city.json,b372ad4f51f2d455854adff33a8d4bed5a45cc1b0be650a6cfcf82a00f8fd6b6,phases/p2-gsjso/runs/20260718_qs_cheap_refine_sweep/jobs/cell025_win2_pass2/dense_w2_1_c001_cell025_win2_pass2_val3dity.json,0,EPSG:25832,0.000000000,LoD2 reference opened only after all 18 Roofer conditions; used for scoring and figure only,0,0
cell025_win2_pass2,0.250000000,2,0.500000000,2,DEBY_LOD2_4907185,overseg_smooth.py MLS-style local plane fit and z projection on roof-top class-6 points,phases/p2-gsjso/runs/20260717_qs_cheap_refine_pilot/input/dense_w2_1_c001_classified.laz,e9acd5eb90dc42d88f13485a73fbaf8d10cff76cb5a3063f5f5bc72f51454c4a,phases/p2-gsjso/runs/20260718_qs_cheap_refine_sweep/jobs/cell025_win2_pass2/dense_w2_1_c001_cell025_win2_pass2.laz,6f65eefdfa036a221e3b76943e7f3387d9fca73df68aec8a767f571849528e1e,3488,0.000000000,0.500000000,success,success,standard,true,false,true,4,2,2.000000000,3.128289063,8.716110632,647,0.999950903,161.056677495,160.981467003,160.973563345,true,true,1.500000000,2.613993006,10.997450351,0.999948727,0,0.500000000,0.514296057,0.000002176,phases/p2-gsjso/runs/20260718_qs_cheap_refine_sweep/jobs/cell025_win2_pass2/dense_w2_1_c001_cell025_win2_pass2.city.json,b372ad4f51f2d455854adff33a8d4bed5a45cc1b0be650a6cfcf82a00f8fd6b6,phases/p2-gsjso/runs/20260718_qs_cheap_refine_sweep/jobs/cell025_win2_pass2/dense_w2_1_c001_cell025_win2_pass2_val3dity.json,0,EPSG:25832,0.000000000,LoD2 reference opened only after all 18 Roofer conditions; used for scoring and figure only,0,0
cell025_win2_pass2,0.250000000,2,0.500000000,2,DEBY_LOD2_4907186,overseg_smooth.py MLS-style local plane fit and z projection on roof-top class-6 points,phases/p2-gsjso/runs/20260717_qs_cheap_refine_pilot/input/dense_w2_1_c001_classified.laz,e9acd5eb90dc42d88f13485a73fbaf8d10cff76cb5a3063f5f5bc72f51454c4a,phases/p2-gsjso/runs/20260718_qs_cheap_refine_sweep/jobs/cell025_win2_pass2/dense_w2_1_c001_cell025_win2_pass2.laz,6f65eefdfa036a221e3b76943e7f3387d9fca73df68aec8a767f571849528e1e,480,0.060000000,0.480500000,success,success,standard,true,false,true,2,2,1.000000000,3.845314292,12.194886210,672,0.999854935,167.886673498,167.832339001,167.807992413,true,true,1.000000000,3.543989669,11.354917333,0.999810607,0,0.000000000,0.301324623,0.000044328,phases/p2-gsjso/runs/20260718_qs_cheap_refine_sweep/jobs/cell025_win2_pass2/dense_w2_1_c001_cell025_win2_pass2.city.json,b372ad4f51f2d455854adff33a8d4bed5a45cc1b0be650a6cfcf82a00f8fd6b6,phases/p2-gsjso/runs/20260718_qs_cheap_refine_sweep/jobs/cell025_win2_pass2/dense_w2_1_c001_cell025_win2_pass2_val3dity.json,0,EPSG:25832,0.000000000,LoD2 reference opened only after all 18 Roofer conditions; used for scoring and figure only,0,0
cell025_win2_pass2,0.250000000,2,0.500000000,2,DEBY_LOD2_4907188,overseg_smooth.py MLS-style local plane fit and z projection on roof-top class-6 points,phases/p2-gsjso/runs/20260717_qs_cheap_refine_pilot/input/dense_w2_1_c001_classified.laz,e9acd5eb90dc42d88f13485a73fbaf8d10cff76cb5a3063f5f5bc72f51454c4a,phases/p2-gsjso/runs/20260718_qs_cheap_refine_sweep/jobs/cell025_win2_pass2/dense_w2_1_c001_cell025_win2_pass2.laz,6f65eefdfa036a221e3b76943e7f3387d9fca73df68aec8a767f571849528e1e,1118,0.090000000,0.610000000,success,success,standard,true,false,true,4,2,2.000000000,1.292456589,3.655489741,667,0.999900531,165.878238997,165.881390000,165.864889901,true,true,1.500000000,1.354221199,4.138715144,0.999949573,0,0.500000000,-0.061764610,-0.000049042,phases/p2-gsjso/runs/20260718_qs_cheap_refine_sweep/jobs/cell025_win2_pass2/dense_w2_1_c001_cell025_win2_pass2.city.json,b372ad4f51f2d455854adff33a8d4bed5a45cc1b0be650a6cfcf82a00f8fd6b6,phases/p2-gsjso/runs/20260718_qs_cheap_refine_sweep/jobs/cell025_win2_pass2/dense_w2_1_c001_cell025_win2_pass2_val3dity.json,0,EPSG:25832,0.000000000,LoD2 reference opened only after all 18 Roofer conditions; used for scoring and figure only,0,0
cell025_win2_pass2,0.250000000,2,0.500000000,2,DEBY_LOD2_4907194,overseg_smooth.py MLS-style local plane fit and z projection on roof-top class-6 points,phases/p2-gsjso/runs/20260717_qs_cheap_refine_pilot/input/dense_w2_1_c001_classified.laz,e9acd5eb90dc42d88f13485a73fbaf8d10cff76cb5a3063f5f5bc72f51454c4a,phases/p2-gsjso/runs/20260718_qs_cheap_refine_sweep/jobs/cell025_win2_pass2/dense_w2_1_c001_cell025_win2_pass2.laz,6f65eefdfa036a221e3b76943e7f3387d9fca73df68aec8a767f571849528e1e,47,0.030000000,0.134000000,failure,missing_lod22_geometry,standard,false,false,true,0,2,0.000000000,,,0,0.000000000,0.000000000,212.725209999,0.000000000,false,false,0.000000000,,,0.000000000,0,0.000000000,,0.000000000,phases/p2-gsjso/runs/20260718_qs_cheap_refine_sweep/jobs/cell025_win2_pass2/dense_w2_1_c001_cell025_win2_pass2.city.json,b372ad4f51f2d455854adff33a8d4bed5a45cc1b0be650a6cfcf82a00f8fd6b6,phases/p2-gsjso/runs/20260718_qs_cheap_refine_sweep/jobs/cell025_win2_pass2/dense_w2_1_c001_cell025_win2_pass2_val3dity.json,0,EPSG:25832,0.000000000,LoD2 reference opened only after all 18 Roofer conditions; used for scoring and figure only,0,0
cell025_win2_pass2,0.250000000,2,0.500000000,2,DEBY_LOD2_4907195,overseg_smooth.py MLS-style local plane fit and z projection on roof-top class-6 points,phases/p2-gsjso/runs/20260717_qs_cheap_refine_pilot/input/dense_w2_1_c001_classified.laz,e9acd5eb90dc42d88f13485a73fbaf8d10cff76cb5a3063f5f5bc72f51454c4a,phases/p2-gsjso/runs/20260718_qs_cheap_refine_sweep/jobs/cell025_win2_pass2/dense_w2_1_c001_cell025_win2_pass2.laz,6f65eefdfa036a221e3b76943e7f3387d9fca73df68aec8a767f571849528e1e,686,0.090000000,0.500000000,success,success,standard,true,false,true,1,2,0.500000000,0.377685695,0.793045209,158,0.220380214,39.192328500,177.839580000,39.192324718,true,true,1.000000000,0.269773262,0.570649324,0.082079788,0,-0.500000000,0.107912433,0.138300426,phases/p2-gsjso/runs/20260718_qs_cheap_refine_sweep/jobs/cell025_win2_pass2/dense_w2_1_c001_cell025_win2_pass2.city.json,b372ad4f51f2d455854adff33a8d4bed5a45cc1b0be650a6cfcf82a00f8fd6b6,phases/p2-gsjso/runs/20260718_qs_cheap_refine_sweep/jobs/cell025_win2_pass2/dense_w2_1_c001_cell025_win2_pass2_val3dity.json,0,EPSG:25832,0.000000000,LoD2 reference opened only after all 18 Roofer conditions; used for scoring and figure only,0,0
cell025_win2_pass2,0.250000000,2,0.500000000,2,DEBY_LOD2_4907198,overseg_smooth.py MLS-style local plane fit and z projection on roof-top class-6 points,phases/p2-gsjso/runs/20260717_qs_cheap_refine_pilot/input/dense_w2_1_c001_classified.laz,e9acd5eb90dc42d88f13485a73fbaf8d10cff76cb5a3063f5f5bc72f51454c4a,phases/p2-gsjso/runs/20260718_qs_cheap_refine_sweep/jobs/cell025_win2_pass2/dense_w2_1_c001_cell025_win2_pass2.laz,6f65eefdfa036a221e3b76943e7f3387d9fca73df68aec8a767f571849528e1e,1309,0.050000000,0.640000000,success,success,standard,true,false,true,1,4,0.250000000,1.949471445,2.622207998,28,0.019603032,7.054096000,359.797467497,7.053121399,true,true,0.250000000,2.127468875,2.595384354,0.014397369,0,0.000000000,-0.177997430,0.005205663,phases/p2-gsjso/runs/20260718_qs_cheap_refine_sweep/jobs/cell025_win2_pass2/dense_w2_1_c001_cell025_win2_pass2.city.json,b372ad4f51f2d455854adff33a8d4bed5a45cc1b0be650a6cfcf82a00f8fd6b6,phases/p2-gsjso/runs/20260718_qs_cheap_refine_sweep/jobs/cell025_win2_pass2/dense_w2_1_c001_cell025_win2_pass2_val3dity.json,0,EPSG:25832,0.000000000,LoD2 reference opened only after all 18 Roofer conditions; used for scoring and figure only,0,0
cell025_win2_pass2,0.250000000,2,0.500000000,2,DEBY_LOD2_4907199,overseg_smooth.py MLS-style local plane fit and z projection on roof-top class-6 points,phases/p2-gsjso/runs/20260717_qs_cheap_refine_pilot/input/dense_w2_1_c001_classified.laz,e9acd5eb90dc42d88f13485a73fbaf8d10cff76cb5a3063f5f5bc72f51454c4a,phases/p2-gsjso/runs/20260718_qs_cheap_refine_sweep/jobs/cell025_win2_pass2/dense_w2_1_c001_cell025_win2_pass2.laz,6f65eefdfa036a221e3b76943e7f3387d9fca73df68aec8a767f571849528e1e,4,0.035000000,0.040000000,failure,pointcloud_unusable_no_points,skip,false,false,true,0,1,0.000000000,,,0,0.000000000,0.000000000,98.346449999,0.000000000,false,true,0.000000000,,,0.000000000,0,0.000000000,,0.000000000,phases/p2-gsjso/runs/20260718_qs_cheap_refine_sweep/jobs/cell025_win2_pass2/dense_w2_1_c001_cell025_win2_pass2.city.json,b372ad4f51f2d455854adff33a8d4bed5a45cc1b0be650a6cfcf82a00f8fd6b6,phases/p2-gsjso/runs/20260718_qs_cheap_refine_sweep/jobs/cell025_win2_pass2/dense_w2_1_c001_cell025_win2_pass2_val3dity.json,0,EPSG:25832,0.000000000,LoD2 reference opened only after all 18 Roofer conditions; used for scoring and figure only,0,0
cell025_win2_pass2,0.250000000,2,0.500000000,2,DEBY_LOD2_4907202,overseg_smooth.py MLS-style local plane fit and z projection on roof-top class-6 points,phases/p2-gsjso/runs/20260717_qs_cheap_refine_pilot/input/dense_w2_1_c001_classified.laz,e9acd5eb90dc42d88f13485a73fbaf8d10cff76cb5a3063f5f5bc72f51454c4a,phases/p2-gsjso/runs/20260718_qs_cheap_refine_sweep/jobs/cell025_win2_pass2/dense_w2_1_c001_cell025_win2_pass2.laz,6f65eefdfa036a221e3b76943e7f3387d9fca73df68aec8a767f571849528e1e,5229,0.060000000,0.600000000,success,success,standard,true,false,true,2,2,1.000000000,0.583332214,3.699420307,641,0.999888076,160.588825501,160.461520004,160.443560540,true,true,1.500000000,0.563657590,3.486506786,0.994591924,0,-0.500000000,0.019674624,0.005296152,phases/p2-gsjso/runs/20260718_qs_cheap_refine_sweep/jobs/cell025_win2_pass2/dense_w2_1_c001_cell025_win2_pass2.city.json,b372ad4f51f2d455854adff33a8d4bed5a45cc1b0be650a6cfcf82a00f8fd6b6,phases/p2-gsjso/runs/20260718_qs_cheap_refine_sweep/jobs/cell025_win2_pass2/dense_w2_1_c001_cell025_win2_pass2_val3dity.json,0,EPSG:25832,0.000000000,LoD2 reference opened only after all 18 Roofer conditions; used for scoring and figure only,0,0
cell025_win2_pass2,0.250000000,2,0.500000000,2,DEBY_LOD2_4908168,overseg_smooth.py MLS-style local plane fit and z projection on roof-top class-6 points,phases/p2-gsjso/runs/20260717_qs_cheap_refine_pilot/input/dense_w2_1_c001_classified.laz,e9acd5eb90dc42d88f13485a73fbaf8d10cff76cb5a3063f5f5bc72f51454c4a,phases/p2-gsjso/runs/20260718_qs_cheap_refine_sweep/jobs/cell025_win2_pass2/dense_w2_1_c001_cell025_win2_pass2.laz,6f65eefdfa036a221e3b76943e7f3387d9fca73df68aec8a767f571849528e1e,752,0.010000000,0.114500000,success,success,standard,true,false,true,1,1,1.000000000,0.176499935,0.437634166,114,0.999745093,28.825925500,28.831400000,28.824050666,true,true,1.000000000,0.178913202,0.442979418,0.999879645,0,0.000000000,-0.002413267,-0.000134552,phases/p2-gsjso/runs/20260718_qs_cheap_refine_sweep/jobs/cell025_win2_pass2/dense_w2_1_c001_cell025_win2_pass2.city.json,b372ad4f51f2d455854adff33a8d4bed5a45cc1b0be650a6cfcf82a00f8fd6b6,phases/p2-gsjso/runs/20260718_qs_cheap_refine_sweep/jobs/cell025_win2_pass2/dense_w2_1_c001_cell025_win2_pass2_val3dity.json,0,EPSG:25832,0.000000000,LoD2 reference opened only after all 18 Roofer conditions; used for scoring and figure only,0,0
cell025_win2_pass2,0.250000000,2,0.500000000,2,DEBY_LOD2_4908178,overseg_smooth.py MLS-style local plane fit and z projection on roof-top class-6 points,phases/p2-gsjso/runs/20260717_qs_cheap_refine_pilot/input/dense_w2_1_c001_classified.laz,e9acd5eb90dc42d88f13485a73fbaf8d10cff76cb5a3063f5f5bc72f51454c4a,phases/p2-gsjso/runs/20260718_qs_cheap_refine_sweep/jobs/cell025_win2_pass2/dense_w2_1_c001_cell025_win2_pass2.laz,6f65eefdfa036a221e3b76943e7f3387d9fca73df68aec8a767f571849528e1e,421,0.020000000,0.250000000,failure,missing_lod22_geometry,standard,false,false,true,0,2,0.000000000,,,0,0.000000000,0.000000000,113.412679999,0.000000000,true,true,0.500000000,0.624888129,1.520071182,0.999921002,-1,-0.500000000,,-0.999921002,phases/p2-gsjso/runs/20260718_qs_cheap_refine_sweep/jobs/cell025_win2_pass2/dense_w2_1_c001_cell025_win2_pass2.city.json,b372ad4f51f2d455854adff33a8d4bed5a45cc1b0be650a6cfcf82a00f8fd6b6,phases/p2-gsjso/runs/20260718_qs_cheap_refine_sweep/jobs/cell025_win2_pass2/dense_w2_1_c001_cell025_win2_pass2_val3dity.json,0,EPSG:25832,0.000000000,LoD2 reference opened only after all 18 Roofer conditions; used for scoring and figure only,0,0
cell025_win2_pass2,0.250000000,2,0.500000000,2,DEBY_LOD2_4908179,overseg_smooth.py MLS-style local plane fit and z projection on roof-top class-6 points,phases/p2-gsjso/runs/20260717_qs_cheap_refine_pilot/input/dense_w2_1_c001_classified.laz,e9acd5eb90dc42d88f13485a73fbaf8d10cff76cb5a3063f5f5bc72f51454c4a,phases/p2-gsjso/runs/20260718_qs_cheap_refine_sweep/jobs/cell025_win2_pass2/dense_w2_1_c001_cell025_win2_pass2.laz,6f65eefdfa036a221e3b76943e7f3387d9fca73df68aec8a767f571849528e1e,0,,,failure,pointcloud_unusable_no_points,skip,false,false,true,0,1,0.000000000,,,0,0.000000000,0.000000000,118.249599998,0.000000000,false,false,0.000000000,,,0.000000000,0,0.000000000,,0.000000000,phases/p2-gsjso/runs/20260718_qs_cheap_refine_sweep/jobs/cell025_win2_pass2/dense_w2_1_c001_cell025_win2_pass2.city.json,b372ad4f51f2d455854adff33a8d4bed5a45cc1b0be650a6cfcf82a00f8fd6b6,phases/p2-gsjso/runs/20260718_qs_cheap_refine_sweep/jobs/cell025_win2_pass2/dense_w2_1_c001_cell025_win2_pass2_val3dity.json,0,EPSG:25832,0.000000000,LoD2 reference opened only after all 18 Roofer conditions; used for scoring and figure only,0,0
cell025_win2_pass2,0.250000000,2,0.500000000,2,DEBY_LOD2_60098,overseg_smooth.py MLS-style local plane fit and z projection on roof-top class-6 points,phases/p2-gsjso/runs/20260717_qs_cheap_refine_pilot/input/dense_w2_1_c001_classified.laz,e9acd5eb90dc42d88f13485a73fbaf8d10cff76cb5a3063f5f5bc72f51454c4a,phases/p2-gsjso/runs/20260718_qs_cheap_refine_sweep/jobs/cell025_win2_pass2/dense_w2_1_c001_cell025_win2_pass2.laz,6f65eefdfa036a221e3b76943e7f3387d9fca73df68aec8a767f571849528e1e,668,0.090000000,0.390000000,success,success,standard,true,false,true,3,2,1.500000000,2.869238860,9.495564718,783,0.999913677,195.942989996,195.925425003,195.908512132,true,true,1.500000000,2.991955569,9.730518924,0.999898969,0,0.000000000,-0.122716709,0.000014708,phases/p2-gsjso/runs/20260718_qs_cheap_refine_sweep/jobs/cell025_win2_pass2/dense_w2_1_c001_cell025_win2_pass2.city.json,b372ad4f51f2d455854adff33a8d4bed5a45cc1b0be650a6cfcf82a00f8fd6b6,phases/p2-gsjso/runs/20260718_qs_cheap_refine_sweep/jobs/cell025_win2_pass2/dense_w2_1_c001_cell025_win2_pass2_val3dity.json,0,EPSG:25832,0.000000000,LoD2 reference opened only after all 18 Roofer conditions; used for scoring and figure only,0,0
cell025_win2_pass2,0.250000000,2,0.500000000,2,DEBY_LOD2_8568391,overseg_smooth.py MLS-style local plane fit and z projection on roof-top class-6 points,phases/p2-gsjso/runs/20260717_qs_cheap_refine_pilot/input/dense_w2_1_c001_classified.laz,e9acd5eb90dc42d88f13485a73fbaf8d10cff76cb5a3063f5f5bc72f51454c4a,phases/p2-gsjso/runs/20260718_qs_cheap_refine_sweep/jobs/cell025_win2_pass2/dense_w2_1_c001_cell025_win2_pass2.laz,6f65eefdfa036a221e3b76943e7f3387d9fca73df68aec8a767f571849528e1e,0,,,failure,pointcloud_unusable_no_points,skip,false,false,true,0,1,0.000000000,,,0,0.000000000,0.000000000,55.535699997,0.000000000,false,true,0.000000000,,,0.000000000,0,0.000000000,,0.000000000,phases/p2-gsjso/runs/20260718_qs_cheap_refine_sweep/jobs/cell025_win2_pass2/dense_w2_1_c001_cell025_win2_pass2.city.json,b372ad4f51f2d455854adff33a8d4bed5a45cc1b0be650a6cfcf82a00f8fd6b6,phases/p2-gsjso/runs/20260718_qs_cheap_refine_sweep/jobs/cell025_win2_pass2/dense_w2_1_c001_cell025_win2_pass2_val3dity.json,0,EPSG:25832,0.000000000,LoD2 reference opened only after all 18 Roofer conditions; used for scoring and figure only,0,0
cell025_win2_pass2,0.250000000,2,0.500000000,2,DEBY_LOD2_8568392,overseg_smooth.py MLS-style local plane fit and z projection on roof-top class-6 points,phases/p2-gsjso/runs/20260717_qs_cheap_refine_pilot/input/dense_w2_1_c001_classified.laz,e9acd5eb90dc42d88f13485a73fbaf8d10cff76cb5a3063f5f5bc72f51454c4a,phases/p2-gsjso/runs/20260718_qs_cheap_refine_sweep/jobs/cell025_win2_pass2/dense_w2_1_c001_cell025_win2_pass2.laz,6f65eefdfa036a221e3b76943e7f3387d9fca73df68aec8a767f571849528e1e,0,,,failure,pointcloud_unusable_no_points,skip,false,false,true,0,1,0.000000000,,,0,0.000000000,0.000000000,5.797516501,0.000000000,false,true,0.000000000,,,0.000000000,0,0.000000000,,0.000000000,phases/p2-gsjso/runs/20260718_qs_cheap_refine_sweep/jobs/cell025_win2_pass2/dense_w2_1_c001_cell025_win2_pass2.city.json,b372ad4f51f2d455854adff33a8d4bed5a45cc1b0be650a6cfcf82a00f8fd6b6,phases/p2-gsjso/runs/20260718_qs_cheap_refine_sweep/jobs/cell025_win2_pass2/dense_w2_1_c001_cell025_win2_pass2_val3dity.json,0,EPSG:25832,0.000000000,LoD2 reference opened only after all 18 Roofer conditions; used for scoring and figure only,0,0
cell025_win3_pass1,0.250000000,3,0.750000000,1,DEBY_LOD2_108247349,overseg_smooth.py MLS-style local plane fit and z projection on roof-top class-6 points,phases/p2-gsjso/runs/20260717_qs_cheap_refine_pilot/input/dense_w2_1_c001_classified.laz,e9acd5eb90dc42d88f13485a73fbaf8d10cff76cb5a3063f5f5bc72f51454c4a,phases/p2-gsjso/runs/20260718_qs_cheap_refine_sweep/jobs/cell025_win3_pass1/dense_w2_1_c001_cell025_win3_pass1.laz,39316909f2dbc3ca38b92dc3c4f568c711bd0c548f40741fa3ae762e16db98fa,0,,,failure,pointcloud_unusable_no_points,skip,false,false,true,0,1,0.000000000,,,0,0.000000000,0.000000000,101.102650001,0.000000000,false,false,0.000000000,,,0.000000000,0,0.000000000,,0.000000000,phases/p2-gsjso/runs/20260718_qs_cheap_refine_sweep/jobs/cell025_win3_pass1/dense_w2_1_c001_cell025_win3_pass1.city.json,cef0baa877ed98b6d3a065e4c9b7245f08509c900c60b11e22360d7b75596f11,phases/p2-gsjso/runs/20260718_qs_cheap_refine_sweep/jobs/cell025_win3_pass1/dense_w2_1_c001_cell025_win3_pass1_val3dity.json,0,EPSG:25832,0.000000000,LoD2 reference opened only after all 18 Roofer conditions; used for scoring and figure only,0,0
cell025_win3_pass1,0.250000000,3,0.750000000,1,DEBY_LOD2_108247350,overseg_smooth.py MLS-style local plane fit and z projection on roof-top class-6 points,phases/p2-gsjso/runs/20260717_qs_cheap_refine_pilot/input/dense_w2_1_c001_classified.laz,e9acd5eb90dc42d88f13485a73fbaf8d10cff76cb5a3063f5f5bc72f51454c4a,phases/p2-gsjso/runs/20260718_qs_cheap_refine_sweep/jobs/cell025_win3_pass1/dense_w2_1_c001_cell025_win3_pass1.laz,39316909f2dbc3ca38b92dc3c4f568c711bd0c548f40741fa3ae762e16db98fa,3,0.010000000,0.010000000,failure,pointcloud_unusable_no_points,skip,false,false,true,0,1,0.000000000,,,0,0.000000000,0.000000000,12.137050000,0.000000000,false,true,0.000000000,,,0.000000000,0,0.000000000,,0.000000000,phases/p2-gsjso/runs/20260718_qs_cheap_refine_sweep/jobs/cell025_win3_pass1/dense_w2_1_c001_cell025_win3_pass1.city.json,cef0baa877ed98b6d3a065e4c9b7245f08509c900c60b11e22360d7b75596f11,phases/p2-gsjso/runs/20260718_qs_cheap_refine_sweep/jobs/cell025_win3_pass1/dense_w2_1_c001_cell025_win3_pass1_val3dity.json,0,EPSG:25832,0.000000000,LoD2 reference opened only after all 18 Roofer conditions; used for scoring and figure only,0,0
cell025_win3_pass1,0.250000000,3,0.750000000,1,DEBY_LOD2_108247351,overseg_smooth.py MLS-style local plane fit and z projection on roof-top class-6 points,phases/p2-gsjso/runs/20260717_qs_cheap_refine_pilot/input/dense_w2_1_c001_classified.laz,e9acd5eb90dc42d88f13485a73fbaf8d10cff76cb5a3063f5f5bc72f51454c4a,phases/p2-gsjso/runs/20260718_qs_cheap_refine_sweep/jobs/cell025_win3_pass1/dense_w2_1_c001_cell025_win3_pass1.laz,39316909f2dbc3ca38b92dc3c4f568c711bd0c548f40741fa3ae762e16db98fa,0,,,failure,pointcloud_unusable_no_points,skip,false,false,true,0,1,0.000000000,,,0,0.000000000,0.000000000,65.278499998,0.000000000,false,true,0.000000000,,,0.000000000,0,0.000000000,,0.000000000,phases/p2-gsjso/runs/20260718_qs_cheap_refine_sweep/jobs/cell025_win3_pass1/dense_w2_1_c001_cell025_win3_pass1.city.json,cef0baa877ed98b6d3a065e4c9b7245f08509c900c60b11e22360d7b75596f11,phases/p2-gsjso/runs/20260718_qs_cheap_refine_sweep/jobs/cell025_win3_pass1/dense_w2_1_c001_cell025_win3_pass1_val3dity.json,0,EPSG:25832,0.000000000,LoD2 reference opened only after all 18 Roofer conditions; used for scoring and figure only,0,0
cell025_win3_pass1,0.250000000,3,0.750000000,1,DEBY_LOD2_4907184,overseg_smooth.py MLS-style local plane fit and z projection on roof-top class-6 points,phases/p2-gsjso/runs/20260717_qs_cheap_refine_pilot/input/dense_w2_1_c001_classified.laz,e9acd5eb90dc42d88f13485a73fbaf8d10cff76cb5a3063f5f5bc72f51454c4a,phases/p2-gsjso/runs/20260718_qs_cheap_refine_sweep/jobs/cell025_win3_pass1/dense_w2_1_c001_cell025_win3_pass1.laz,39316909f2dbc3ca38b92dc3c4f568c711bd0c548f40741fa3ae762e16db98fa,201892,0.040000000,0.510000000,failure,val3dity_invalid,standard,true,false,false,6,4,1.500000000,0.380608192,2.119431659,1354,0.999934111,337.882717497,337.863561498,337.841300116,true,true,1.500000000,0.354716522,2.638333513,0.995567105,0,0.000000000,0.025891670,0.004367006,phases/p2-gsjso/runs/20260718_qs_cheap_refine_sweep/jobs/cell025_win3_pass1/dense_w2_1_c001_cell025_win3_pass1.city.json,cef0baa877ed98b6d3a065e4c9b7245f08509c900c60b11e22360d7b75596f11,phases/p2-gsjso/runs/20260718_qs_cheap_refine_sweep/jobs/cell025_win3_pass1/dense_w2_1_c001_cell025_win3_pass1_val3dity.json,0,EPSG:25832,0.000000000,LoD2 reference opened only after all 18 Roofer conditions; used for scoring and figure only,0,0
cell025_win3_pass1,0.250000000,3,0.750000000,1,DEBY_LOD2_4907185,overseg_smooth.py MLS-style local plane fit and z projection on roof-top class-6 points,phases/p2-gsjso/runs/20260717_qs_cheap_refine_pilot/input/dense_w2_1_c001_classified.laz,e9acd5eb90dc42d88f13485a73fbaf8d10cff76cb5a3063f5f5bc72f51454c4a,phases/p2-gsjso/runs/20260718_qs_cheap_refine_sweep/jobs/cell025_win3_pass1/dense_w2_1_c001_cell025_win3_pass1.laz,39316909f2dbc3ca38b92dc3c4f568c711bd0c548f40741fa3ae762e16db98fa,3488,0.000000000,0.540000000,success,success,standard,true,false,true,4,2,2.000000000,3.499307522,8.658795388,647,0.999956705,161.058249001,160.981467003,160.974497322,true,true,1.500000000,2.613993006,10.997450351,0.999948727,0,0.500000000,0.885314516,0.000007978,phases/p2-gsjso/runs/20260718_qs_cheap_refine_sweep/jobs/cell025_win3_pass1/dense_w2_1_c001_cell025_win3_pass1.city.json,cef0baa877ed98b6d3a065e4c9b7245f08509c900c60b11e22360d7b75596f11,phases/p2-gsjso/runs/20260718_qs_cheap_refine_sweep/jobs/cell025_win3_pass1/dense_w2_1_c001_cell025_win3_pass1_val3dity.json,0,EPSG:25832,0.000000000,LoD2 reference opened only after all 18 Roofer conditions; used for scoring and figure only,0,0
cell025_win3_pass1,0.250000000,3,0.750000000,1,DEBY_LOD2_4907186,overseg_smooth.py MLS-style local plane fit and z projection on roof-top class-6 points,phases/p2-gsjso/runs/20260717_qs_cheap_refine_pilot/input/dense_w2_1_c001_classified.laz,e9acd5eb90dc42d88f13485a73fbaf8d10cff76cb5a3063f5f5bc72f51454c4a,phases/p2-gsjso/runs/20260718_qs_cheap_refine_sweep/jobs/cell025_win3_pass1/dense_w2_1_c001_cell025_win3_pass1.laz,39316909f2dbc3ca38b92dc3c4f568c711bd0c548f40741fa3ae762e16db98fa,480,0.050000000,0.520000000,success,success,standard,true,false,true,2,2,1.000000000,3.929886076,12.439733995,672,0.999862483,167.889366500,167.832339001,167.809259148,true,true,1.000000000,3.543989669,11.354917333,0.999810607,0,0.000000000,0.385896407,0.000051876,phases/p2-gsjso/runs/20260718_qs_cheap_refine_sweep/jobs/cell025_win3_pass1/dense_w2_1_c001_cell025_win3_pass1.city.json,cef0baa877ed98b6d3a065e4c9b7245f08509c900c60b11e22360d7b75596f11,phases/p2-gsjso/runs/20260718_qs_cheap_refine_sweep/jobs/cell025_win3_pass1/dense_w2_1_c001_cell025_win3_pass1_val3dity.json,0,EPSG:25832,0.000000000,LoD2 reference opened only after all 18 Roofer conditions; used for scoring and figure only,0,0
cell025_win3_pass1,0.250000000,3,0.750000000,1,DEBY_LOD2_4907188,overseg_smooth.py MLS-style local plane fit and z projection on roof-top class-6 points,phases/p2-gsjso/runs/20260717_qs_cheap_refine_pilot/input/dense_w2_1_c001_classified.laz,e9acd5eb90dc42d88f13485a73fbaf8d10cff76cb5a3063f5f5bc72f51454c4a,phases/p2-gsjso/runs/20260718_qs_cheap_refine_sweep/jobs/cell025_win3_pass1/dense_w2_1_c001_cell025_win3_pass1.laz,39316909f2dbc3ca38b92dc3c4f568c711bd0c548f40741fa3ae762e16db98fa,1118,0.085000000,0.660000000,success,success,standard,true,false,true,5,2,2.500000000,1.419264738,4.207877770,665,0.999914840,165.881286502,165.881390000,165.867263613,true,true,1.500000000,1.354221199,4.138715144,0.999949573,0,1.000000000,0.065043539,-0.000034733,phases/p2-gsjso/runs/20260718_qs_cheap_refine_sweep/jobs/cell025_win3_pass1/dense_w2_1_c001_cell025_win3_pass1.city.json,cef0baa877ed98b6d3a065e4c9b7245f08509c900c60b11e22360d7b75596f11,phases/p2-gsjso/runs/20260718_qs_cheap_refine_sweep/jobs/cell025_win3_pass1/dense_w2_1_c001_cell025_win3_pass1_val3dity.json,0,EPSG:25832,0.000000000,LoD2 reference opened only after all 18 Roofer conditions; used for scoring and figure only,0,0
cell025_win3_pass1,0.250000000,3,0.750000000,1,DEBY_LOD2_4907194,overseg_smooth.py MLS-style local plane fit and z projection on roof-top class-6 points,phases/p2-gsjso/runs/20260717_qs_cheap_refine_pilot/input/dense_w2_1_c001_classified.laz,e9acd5eb90dc42d88f13485a73fbaf8d10cff76cb5a3063f5f5bc72f51454c4a,phases/p2-gsjso/runs/20260718_qs_cheap_refine_sweep/jobs/cell025_win3_pass1/dense_w2_1_c001_cell025_win3_pass1.laz,39316909f2dbc3ca38b92dc3c4f568c711bd0c548f40741fa3ae762e16db98fa,47,0.050000000,0.137000000,failure,missing_lod22_geometry,standard,false,false,true,0,2,0.000000000,,,0,0.000000000,0.000000000,212.725209999,0.000000000,false,false,0.000000000,,,0.000000000,0,0.000000000,,0.000000000,phases/p2-gsjso/runs/20260718_qs_cheap_refine_sweep/jobs/cell025_win3_pass1/dense_w2_1_c001_cell025_win3_pass1.city.json,cef0baa877ed98b6d3a065e4c9b7245f08509c900c60b11e22360d7b75596f11,phases/p2-gsjso/runs/20260718_qs_cheap_refine_sweep/jobs/cell025_win3_pass1/dense_w2_1_c001_cell025_win3_pass1_val3dity.json,0,EPSG:25832,0.000000000,LoD2 reference opened only after all 18 Roofer conditions; used for scoring and figure only,0,0
cell025_win3_pass1,0.250000000,3,0.750000000,1,DEBY_LOD2_4907195,overseg_smooth.py MLS-style local plane fit and z projection on roof-top class-6 points,phases/p2-gsjso/runs/20260717_qs_cheap_refine_pilot/input/dense_w2_1_c001_classified.laz,e9acd5eb90dc42d88f13485a73fbaf8d10cff76cb5a3063f5f5bc72f51454c4a,phases/p2-gsjso/runs/20260718_qs_cheap_refine_sweep/jobs/cell025_win3_pass1/dense_w2_1_c001_cell025_win3_pass1.laz,39316909f2dbc3ca38b92dc3c4f568c711bd0c548f40741fa3ae762e16db98fa,686,0.090000000,0.517500000,success,success,standard,true,false,true,1,2,0.500000000,0.372525057,0.785486193,163,0.227118655,40.390690004,177.839580000,40.390686222,true,true,1.000000000,0.269773262,0.570649324,0.082079788,0,-0.500000000,0.102751795,0.145038867,phases/p2-gsjso/runs/20260718_qs_cheap_refine_sweep/jobs/cell025_win3_pass1/dense_w2_1_c001_cell025_win3_pass1.city.json,cef0baa877ed98b6d3a065e4c9b7245f08509c900c60b11e22360d7b75596f11,phases/p2-gsjso/runs/20260718_qs_cheap_refine_sweep/jobs/cell025_win3_pass1/dense_w2_1_c001_cell025_win3_pass1_val3dity.json,0,EPSG:25832,0.000000000,LoD2 reference opened only after all 18 Roofer conditions; used for scoring and figure only,0,0
cell025_win3_pass1,0.250000000,3,0.750000000,1,DEBY_LOD2_4907198,overseg_smooth.py MLS-style local plane fit and z projection on roof-top class-6 points,phases/p2-gsjso/runs/20260717_qs_cheap_refine_pilot/input/dense_w2_1_c001_classified.laz,e9acd5eb90dc42d88f13485a73fbaf8d10cff76cb5a3063f5f5bc72f51454c4a,phases/p2-gsjso/runs/20260718_qs_cheap_refine_sweep/jobs/cell025_win3_pass1/dense_w2_1_c001_cell025_win3_pass1.laz,39316909f2dbc3ca38b92dc3c4f568c711bd0c548f40741fa3ae762e16db98fa,1309,0.040000000,0.640000000,success,success,standard,true,false,true,2,4,0.500000000,1.498341081,2.653372003,45,0.029978831,10.786967999,359.797467497,10.786307313,true,true,0.250000000,2.127468875,2.595384354,0.014397369,0,0.250000000,-0.629127794,0.015581462,phases/p2-gsjso/runs/20260718_qs_cheap_refine_sweep/jobs/cell025_win3_pass1/dense_w2_1_c001_cell025_win3_pass1.city.json,cef0baa877ed98b6d3a065e4c9b7245f08509c900c60b11e22360d7b75596f11,phases/p2-gsjso/runs/20260718_qs_cheap_refine_sweep/jobs/cell025_win3_pass1/dense_w2_1_c001_cell025_win3_pass1_val3dity.json,0,EPSG:25832,0.000000000,LoD2 reference opened only after all 18 Roofer conditions; used for scoring and figure only,0,0
cell025_win3_pass1,0.250000000,3,0.750000000,1,DEBY_LOD2_4907199,overseg_smooth.py MLS-style local plane fit and z projection on roof-top class-6 points,phases/p2-gsjso/runs/20260717_qs_cheap_refine_pilot/input/dense_w2_1_c001_classified.laz,e9acd5eb90dc42d88f13485a73fbaf8d10cff76cb5a3063f5f5bc72f51454c4a,phases/p2-gsjso/runs/20260718_qs_cheap_refine_sweep/jobs/cell025_win3_pass1/dense_w2_1_c001_cell025_win3_pass1.laz,39316909f2dbc3ca38b92dc3c4f568c711bd0c548f40741fa3ae762e16db98fa,4,0.035000000,0.040000000,failure,pointcloud_unusable_no_points,skip,false,false,true,0,1,0.000000000,,,0,0.000000000,0.000000000,98.346449999,0.000000000,false,true,0.000000000,,,0.000000000,0,0.000000000,,0.000000000,phases/p2-gsjso/runs/20260718_qs_cheap_refine_sweep/jobs/cell025_win3_pass1/dense_w2_1_c001_cell025_win3_pass1.city.json,cef0baa877ed98b6d3a065e4c9b7245f08509c900c60b11e22360d7b75596f11,phases/p2-gsjso/runs/20260718_qs_cheap_refine_sweep/jobs/cell025_win3_pass1/dense_w2_1_c001_cell025_win3_pass1_val3dity.json,0,EPSG:25832,0.000000000,LoD2 reference opened only after all 18 Roofer conditions; used for scoring and figure only,0,0
cell025_win3_pass1,0.250000000,3,0.750000000,1,DEBY_LOD2_4907202,overseg_smooth.py MLS-style local plane fit and z projection on roof-top class-6 points,phases/p2-gsjso/runs/20260717_qs_cheap_refine_pilot/input/dense_w2_1_c001_classified.laz,e9acd5eb90dc42d88f13485a73fbaf8d10cff76cb5a3063f5f5bc72f51454c4a,phases/p2-gsjso/runs/20260718_qs_cheap_refine_sweep/jobs/cell025_win3_pass1/dense_w2_1_c001_cell025_win3_pass1.laz,39316909f2dbc3ca38b92dc3c4f568c711bd0c548f40741fa3ae762e16db98fa,5229,0.060000000,0.660000000,success,success,standard,true,false,true,2,2,1.000000000,0.463470128,2.777573231,580,0.901854300,144.850534998,160.461520004,144.712911880,true,true,1.500000000,0.563657590,3.486506786,0.994591924,0,-0.500000000,-0.100187462,-0.092737624,phases/p2-gsjso/runs/20260718_qs_cheap_refine_sweep/jobs/cell025_win3_pass1/dense_w2_1_c001_cell025_win3_pass1.city.json,cef0baa877ed98b6d3a065e4c9b7245f08509c900c60b11e22360d7b75596f11,phases/p2-gsjso/runs/20260718_qs_cheap_refine_sweep/jobs/cell025_win3_pass1/dense_w2_1_c001_cell025_win3_pass1_val3dity.json,0,EPSG:25832,0.000000000,LoD2 reference opened only after all 18 Roofer conditions; used for scoring and figure only,0,0
cell025_win3_pass1,0.250000000,3,0.750000000,1,DEBY_LOD2_4908168,overseg_smooth.py MLS-style local plane fit and z projection on roof-top class-6 points,phases/p2-gsjso/runs/20260717_qs_cheap_refine_pilot/input/dense_w2_1_c001_classified.laz,e9acd5eb90dc42d88f13485a73fbaf8d10cff76cb5a3063f5f5bc72f51454c4a,phases/p2-gsjso/runs/20260718_qs_cheap_refine_sweep/jobs/cell025_win3_pass1/dense_w2_1_c001_cell025_win3_pass1.laz,39316909f2dbc3ca38b92dc3c4f568c711bd0c548f40741fa3ae762e16db98fa,752,0.010000000,0.110000000,success,success,standard,true,false,true,1,1,1.000000000,0.183939212,0.453975145,114,0.999745093,28.825925500,28.831400000,28.824050666,true,true,1.000000000,0.178913202,0.442979418,0.999879645,0,0.000000000,0.005026010,-0.000134552,phases/p2-gsjso/runs/20260718_qs_cheap_refine_sweep/jobs/cell025_win3_pass1/dense_w2_1_c001_cell025_win3_pass1.city.json,cef0baa877ed98b6d3a065e4c9b7245f08509c900c60b11e22360d7b75596f11,phases/p2-gsjso/runs/20260718_qs_cheap_refine_sweep/jobs/cell025_win3_pass1/dense_w2_1_c001_cell025_win3_pass1_val3dity.json,0,EPSG:25832,0.000000000,LoD2 reference opened only after all 18 Roofer conditions; used for scoring and figure only,0,0
cell025_win3_pass1,0.250000000,3,0.750000000,1,DEBY_LOD2_4908178,overseg_smooth.py MLS-style local plane fit and z projection on roof-top class-6 points,phases/p2-gsjso/runs/20260717_qs_cheap_refine_pilot/input/dense_w2_1_c001_classified.laz,e9acd5eb90dc42d88f13485a73fbaf8d10cff76cb5a3063f5f5bc72f51454c4a,phases/p2-gsjso/runs/20260718_qs_cheap_refine_sweep/jobs/cell025_win3_pass1/dense_w2_1_c001_cell025_win3_pass1.laz,39316909f2dbc3ca38b92dc3c4f568c711bd0c548f40741fa3ae762e16db98fa,421,0.020000000,0.220000000,failure,missing_lod22_geometry,standard,false,false,true,0,2,0.000000000,,,0,0.000000000,0.000000000,113.412679999,0.000000000,true,true,0.500000000,0.624888129,1.520071182,0.999921002,-1,-0.500000000,,-0.999921002,phases/p2-gsjso/runs/20260718_qs_cheap_refine_sweep/jobs/cell025_win3_pass1/dense_w2_1_c001_cell025_win3_pass1.city.json,cef0baa877ed98b6d3a065e4c9b7245f08509c900c60b11e22360d7b75596f11,phases/p2-gsjso/runs/20260718_qs_cheap_refine_sweep/jobs/cell025_win3_pass1/dense_w2_1_c001_cell025_win3_pass1_val3dity.json,0,EPSG:25832,0.000000000,LoD2 reference opened only after all 18 Roofer conditions; used for scoring and figure only,0,0
cell025_win3_pass1,0.250000000,3,0.750000000,1,DEBY_LOD2_4908179,overseg_smooth.py MLS-style local plane fit and z projection on roof-top class-6 points,phases/p2-gsjso/runs/20260717_qs_cheap_refine_pilot/input/dense_w2_1_c001_classified.laz,e9acd5eb90dc42d88f13485a73fbaf8d10cff76cb5a3063f5f5bc72f51454c4a,phases/p2-gsjso/runs/20260718_qs_cheap_refine_sweep/jobs/cell025_win3_pass1/dense_w2_1_c001_cell025_win3_pass1.laz,39316909f2dbc3ca38b92dc3c4f568c711bd0c548f40741fa3ae762e16db98fa,0,,,failure,pointcloud_unusable_no_points,skip,false,false,true,0,1,0.000000000,,,0,0.000000000,0.000000000,118.249599998,0.000000000,false,false,0.000000000,,,0.000000000,0,0.000000000,,0.000000000,phases/p2-gsjso/runs/20260718_qs_cheap_refine_sweep/jobs/cell025_win3_pass1/dense_w2_1_c001_cell025_win3_pass1.city.json,cef0baa877ed98b6d3a065e4c9b7245f08509c900c60b11e22360d7b75596f11,phases/p2-gsjso/runs/20260718_qs_cheap_refine_sweep/jobs/cell025_win3_pass1/dense_w2_1_c001_cell025_win3_pass1_val3dity.json,0,EPSG:25832,0.000000000,LoD2 reference opened only after all 18 Roofer conditions; used for scoring and figure only,0,0
cell025_win3_pass1,0.250000000,3,0.750000000,1,DEBY_LOD2_60098,overseg_smooth.py MLS-style local plane fit and z projection on roof-top class-6 points,phases/p2-gsjso/runs/20260717_qs_cheap_refine_pilot/input/dense_w2_1_c001_classified.laz,e9acd5eb90dc42d88f13485a73fbaf8d10cff76cb5a3063f5f5bc72f51454c4a,phases/p2-gsjso/runs/20260718_qs_cheap_refine_sweep/jobs/cell025_win3_pass1/dense_w2_1_c001_cell025_win3_pass1.laz,39316909f2dbc3ca38b92dc3c4f568c711bd0c548f40741fa3ae762e16db98fa,668,0.090000000,0.400000000,success,success,standard,true,false,true,3,2,1.500000000,2.941682503,9.292241361,786,0.999909999,195.940090501,195.925425003,195.907791592,true,true,1.500000000,2.991955569,9.730518924,0.999898969,0,0.000000000,-0.050273066,0.000011030,phases/p2-gsjso/runs/20260718_qs_cheap_refine_sweep/jobs/cell025_win3_pass1/dense_w2_1_c001_cell025_win3_pass1.city.json,cef0baa877ed98b6d3a065e4c9b7245f08509c900c60b11e22360d7b75596f11,phases/p2-gsjso/runs/20260718_qs_cheap_refine_sweep/jobs/cell025_win3_pass1/dense_w2_1_c001_cell025_win3_pass1_val3dity.json,0,EPSG:25832,0.000000000,LoD2 reference opened only after all 18 Roofer conditions; used for scoring and figure only,0,0
cell025_win3_pass1,0.250000000,3,0.750000000,1,DEBY_LOD2_8568391,overseg_smooth.py MLS-style local plane fit and z projection on roof-top class-6 points,phases/p2-gsjso/runs/20260717_qs_cheap_refine_pilot/input/dense_w2_1_c001_classified.laz,e9acd5eb90dc42d88f13485a73fbaf8d10cff76cb5a3063f5f5bc72f51454c4a,phases/p2-gsjso/runs/20260718_qs_cheap_refine_sweep/jobs/cell025_win3_pass1/dense_w2_1_c001_cell025_win3_pass1.laz,39316909f2dbc3ca38b92dc3c4f568c711bd0c548f40741fa3ae762e16db98fa,0,,,failure,pointcloud_unusable_no_points,skip,false,false,true,0,1,0.000000000,,,0,0.000000000,0.000000000,55.535699997,0.000000000,false,true,0.000000000,,,0.000000000,0,0.000000000,,0.000000000,phases/p2-gsjso/runs/20260718_qs_cheap_refine_sweep/jobs/cell025_win3_pass1/dense_w2_1_c001_cell025_win3_pass1.city.json,cef0baa877ed98b6d3a065e4c9b7245f08509c900c60b11e22360d7b75596f11,phases/p2-gsjso/runs/20260718_qs_cheap_refine_sweep/jobs/cell025_win3_pass1/dense_w2_1_c001_cell025_win3_pass1_val3dity.json,0,EPSG:25832,0.000000000,LoD2 reference opened only after all 18 Roofer conditions; used for scoring and figure only,0,0
cell025_win3_pass1,0.250000000,3,0.750000000,1,DEBY_LOD2_8568392,overseg_smooth.py MLS-style local plane fit and z projection on roof-top class-6 points,phases/p2-gsjso/runs/20260717_qs_cheap_refine_pilot/input/dense_w2_1_c001_classified.laz,e9acd5eb90dc42d88f13485a73fbaf8d10cff76cb5a3063f5f5bc72f51454c4a,phases/p2-gsjso/runs/20260718_qs_cheap_refine_sweep/jobs/cell025_win3_pass1/dense_w2_1_c001_cell025_win3_pass1.laz,39316909f2dbc3ca38b92dc3c4f568c711bd0c548f40741fa3ae762e16db98fa,0,,,failure,pointcloud_unusable_no_points,skip,false,false,true,0,1,0.000000000,,,0,0.000000000,0.000000000,5.797516501,0.000000000,false,true,0.000000000,,,0.000000000,0,0.000000000,,0.000000000,phases/p2-gsjso/runs/20260718_qs_cheap_refine_sweep/jobs/cell025_win3_pass1/dense_w2_1_c001_cell025_win3_pass1.city.json,cef0baa877ed98b6d3a065e4c9b7245f08509c900c60b11e22360d7b75596f11,phases/p2-gsjso/runs/20260718_qs_cheap_refine_sweep/jobs/cell025_win3_pass1/dense_w2_1_c001_cell025_win3_pass1_val3dity.json,0,EPSG:25832,0.000000000,LoD2 reference opened only after all 18 Roofer conditions; used for scoring and figure only,0,0
cell025_win3_pass2,0.250000000,3,0.750000000,2,DEBY_LOD2_108247349,overseg_smooth.py MLS-style local plane fit and z projection on roof-top class-6 points,phases/p2-gsjso/runs/20260717_qs_cheap_refine_pilot/input/dense_w2_1_c001_classified.laz,e9acd5eb90dc42d88f13485a73fbaf8d10cff76cb5a3063f5f5bc72f51454c4a,phases/p2-gsjso/runs/20260718_qs_cheap_refine_sweep/jobs/cell025_win3_pass2/dense_w2_1_c001_cell025_win3_pass2.laz,bd0a8c9b4703abf3743af98b7f267f20e4c548dcd8c1887e386196ad745b4db2,0,,,failure,pointcloud_unusable_no_points,skip,false,false,true,0,1,0.000000000,,,0,0.000000000,0.000000000,101.102650001,0.000000000,false,false,0.000000000,,,0.000000000,0,0.000000000,,0.000000000,phases/p2-gsjso/runs/20260718_qs_cheap_refine_sweep/jobs/cell025_win3_pass2/dense_w2_1_c001_cell025_win3_pass2.city.json,a4e127a64077bed13beb773078be3eb55ab3cd5a983152dadb98899778a1459f,phases/p2-gsjso/runs/20260718_qs_cheap_refine_sweep/jobs/cell025_win3_pass2/dense_w2_1_c001_cell025_win3_pass2_val3dity.json,0,EPSG:25832,0.000000000,LoD2 reference opened only after all 18 Roofer conditions; used for scoring and figure only,0,0
cell025_win3_pass2,0.250000000,3,0.750000000,2,DEBY_LOD2_108247350,overseg_smooth.py MLS-style local plane fit and z projection on roof-top class-6 points,phases/p2-gsjso/runs/20260717_qs_cheap_refine_pilot/input/dense_w2_1_c001_classified.laz,e9acd5eb90dc42d88f13485a73fbaf8d10cff76cb5a3063f5f5bc72f51454c4a,phases/p2-gsjso/runs/20260718_qs_cheap_refine_sweep/jobs/cell025_win3_pass2/dense_w2_1_c001_cell025_win3_pass2.laz,bd0a8c9b4703abf3743af98b7f267f20e4c548dcd8c1887e386196ad745b4db2,3,0.010000000,0.010000000,failure,pointcloud_unusable_no_points,skip,false,false,true,0,1,0.000000000,,,0,0.000000000,0.000000000,12.137050000,0.000000000,false,true,0.000000000,,,0.000000000,0,0.000000000,,0.000000000,phases/p2-gsjso/runs/20260718_qs_cheap_refine_sweep/jobs/cell025_win3_pass2/dense_w2_1_c001_cell025_win3_pass2.city.json,a4e127a64077bed13beb773078be3eb55ab3cd5a983152dadb98899778a1459f,phases/p2-gsjso/runs/20260718_qs_cheap_refine_sweep/jobs/cell025_win3_pass2/dense_w2_1_c001_cell025_win3_pass2_val3dity.json,0,EPSG:25832,0.000000000,LoD2 reference opened only after all 18 Roofer conditions; used for scoring and figure only,0,0
cell025_win3_pass2,0.250000000,3,0.750000000,2,DEBY_LOD2_108247351,overseg_smooth.py MLS-style local plane fit and z projection on roof-top class-6 points,phases/p2-gsjso/runs/20260717_qs_cheap_refine_pilot/input/dense_w2_1_c001_classified.laz,e9acd5eb90dc42d88f13485a73fbaf8d10cff76cb5a3063f5f5bc72f51454c4a,phases/p2-gsjso/runs/20260718_qs_cheap_refine_sweep/jobs/cell025_win3_pass2/dense_w2_1_c001_cell025_win3_pass2.laz,bd0a8c9b4703abf3743af98b7f267f20e4c548dcd8c1887e386196ad745b4db2,0,,,failure,pointcloud_unusable_no_points,skip,false,false,true,0,1,0.000000000,,,0,0.000000000,0.000000000,65.278499998,0.000000000,false,true,0.000000000,,,0.000000000,0,0.000000000,,0.000000000,phases/p2-gsjso/runs/20260718_qs_cheap_refine_sweep/jobs/cell025_win3_pass2/dense_w2_1_c001_cell025_win3_pass2.city.json,a4e127a64077bed13beb773078be3eb55ab3cd5a983152dadb98899778a1459f,phases/p2-gsjso/runs/20260718_qs_cheap_refine_sweep/jobs/cell025_win3_pass2/dense_w2_1_c001_cell025_win3_pass2_val3dity.json,0,EPSG:25832,0.000000000,LoD2 reference opened only after all 18 Roofer conditions; used for scoring and figure only,0,0
cell025_win3_pass2,0.250000000,3,0.750000000,2,DEBY_LOD2_4907184,overseg_smooth.py MLS-style local plane fit and z projection on roof-top class-6 points,phases/p2-gsjso/runs/20260717_qs_cheap_refine_pilot/input/dense_w2_1_c001_classified.laz,e9acd5eb90dc42d88f13485a73fbaf8d10cff76cb5a3063f5f5bc72f51454c4a,phases/p2-gsjso/runs/20260718_qs_cheap_refine_sweep/jobs/cell025_win3_pass2/dense_w2_1_c001_cell025_win3_pass2.laz,bd0a8c9b4703abf3743af98b7f267f20e4c548dcd8c1887e386196ad745b4db2,201892,0.060000000,0.580000000,success,success,standard,true,false,true,8,4,2.000000000,0.462775380,5.121273002,1352,0.999924321,337.876474997,337.863561498,337.837992385,true,true,1.500000000,0.354716522,2.638333513,0.995567105,0,0.500000000,0.108058858,0.004357216,phases/p2-gsjso/runs/20260718_qs_cheap_refine_sweep/jobs/cell025_win3_pass2/dense_w2_1_c001_cell025_win3_pass2.city.json,a4e127a64077bed13beb773078be3eb55ab3cd5a983152dadb98899778a1459f,phases/p2-gsjso/runs/20260718_qs_cheap_refine_sweep/jobs/cell025_win3_pass2/dense_w2_1_c001_cell025_win3_pass2_val3dity.json,0,EPSG:25832,0.000000000,LoD2 reference opened only after all 18 Roofer conditions; used for scoring and figure only,0,0
cell025_win3_pass2,0.250000000,3,0.750000000,2,DEBY_LOD2_4907185,overseg_smooth.py MLS-style local plane fit and z projection on roof-top class-6 points,phases/p2-gsjso/runs/20260717_qs_cheap_refine_pilot/input/dense_w2_1_c001_classified.laz,e9acd5eb90dc42d88f13485a73fbaf8d10cff76cb5a3063f5f5bc72f51454c4a,phases/p2-gsjso/runs/20260718_qs_cheap_refine_sweep/jobs/cell025_win3_pass2/dense_w2_1_c001_cell025_win3_pass2.laz,bd0a8c9b4703abf3743af98b7f267f20e4c548dcd8c1887e386196ad745b4db2,3488,0.000000000,0.580000000,success,success,standard,true,false,true,3,2,1.500000000,3.299416993,8.467314433,647,0.999971487,161.062551999,160.981467003,160.976876885,true,true,1.500000000,2.613993006,10.997450351,0.999948727,0,0.000000000,0.685423987,0.000022760,phases/p2-gsjso/runs/20260718_qs_cheap_refine_sweep/jobs/cell025_win3_pass2/dense_w2_1_c001_cell025_win3_pass2.city.json,a4e127a64077bed13beb773078be3eb55ab3cd5a983152dadb98899778a1459f,phases/p2-gsjso/runs/20260718_qs_cheap_refine_sweep/jobs/cell025_win3_pass2/dense_w2_1_c001_cell025_win3_pass2_val3dity.json,0,EPSG:25832,0.000000000,LoD2 reference opened only after all 18 Roofer conditions; used for scoring and figure only,0,0
cell025_win3_pass2,0.250000000,3,0.750000000,2,DEBY_LOD2_4907186,overseg_smooth.py MLS-style local plane fit and z projection on roof-top class-6 points,phases/p2-gsjso/runs/20260717_qs_cheap_refine_pilot/input/dense_w2_1_c001_classified.laz,e9acd5eb90dc42d88f13485a73fbaf8d10cff76cb5a3063f5f5bc72f51454c4a,phases/p2-gsjso/runs/20260718_qs_cheap_refine_sweep/jobs/cell025_win3_pass2/dense_w2_1_c001_cell025_win3_pass2.laz,bd0a8c9b4703abf3743af98b7f267f20e4c548dcd8c1887e386196ad745b4db2,480,0.060000000,0.561000000,success,success,standard,true,false,true,2,2,1.000000000,3.888742958,12.321281116,672,0.999858776,167.888019999,167.832339001,167.808637071,true,true,1.000000000,3.543989669,11.354917333,0.999810607,0,0.000000000,0.344753289,0.000048169,phases/p2-gsjso/runs/20260718_qs_cheap_refine_sweep/jobs/cell025_win3_pass2/dense_w2_1_c001_cell025_win3_pass2.city.json,a4e127a64077bed13beb773078be3eb55ab3cd5a983152dadb98899778a1459f,phases/p2-gsjso/runs/20260718_qs_cheap_refine_sweep/jobs/cell025_win3_pass2/dense_w2_1_c001_cell025_win3_pass2_val3dity.json,0,EPSG:25832,0.000000000,LoD2 reference opened only after all 18 Roofer conditions; used for scoring and figure only,0,0
cell025_win3_pass2,0.250000000,3,0.750000000,2,DEBY_LOD2_4907188,overseg_smooth.py MLS-style local plane fit and z projection on roof-top class-6 points,phases/p2-gsjso/runs/20260717_qs_cheap_refine_pilot/input/dense_w2_1_c001_classified.laz,e9acd5eb90dc42d88f13485a73fbaf8d10cff76cb5a3063f5f5bc72f51454c4a,phases/p2-gsjso/runs/20260718_qs_cheap_refine_sweep/jobs/cell025_win3_pass2/dense_w2_1_c001_cell025_win3_pass2.laz,bd0a8c9b4703abf3743af98b7f267f20e4c548dcd8c1887e386196ad745b4db2,1118,0.100000000,0.670000000,success,success,standard,true,false,true,5,2,2.500000000,1.468697110,4.498875626,665,0.999949928,165.886659000,165.881390000,165.873083911,true,true,1.500000000,1.354221199,4.138715144,0.999949573,0,1.000000000,0.114475911,0.000000355,phases/p2-gsjso/runs/20260718_qs_cheap_refine_sweep/jobs/cell025_win3_pass2/dense_w2_1_c001_cell025_win3_pass2.city.json,a4e127a64077bed13beb773078be3eb55ab3cd5a983152dadb98899778a1459f,phases/p2-gsjso/runs/20260718_qs_cheap_refine_sweep/jobs/cell025_win3_pass2/dense_w2_1_c001_cell025_win3_pass2_val3dity.json,0,EPSG:25832,0.000000000,LoD2 reference opened only after all 18 Roofer conditions; used for scoring and figure only,0,0
cell025_win3_pass2,0.250000000,3,0.750000000,2,DEBY_LOD2_4907194,overseg_smooth.py MLS-style local plane fit and z projection on roof-top class-6 points,phases/p2-gsjso/runs/20260717_qs_cheap_refine_pilot/input/dense_w2_1_c001_classified.laz,e9acd5eb90dc42d88f13485a73fbaf8d10cff76cb5a3063f5f5bc72f51454c4a,phases/p2-gsjso/runs/20260718_qs_cheap_refine_sweep/jobs/cell025_win3_pass2/dense_w2_1_c001_cell025_win3_pass2.laz,bd0a8c9b4703abf3743af98b7f267f20e4c548dcd8c1887e386196ad745b4db2,47,0.060000000,0.154000000,failure,missing_lod22_geometry,standard,false,false,true,0,2,0.000000000,,,0,0.000000000,0.000000000,212.725209999,0.000000000,false,false,0.000000000,,,0.000000000,0,0.000000000,,0.000000000,phases/p2-gsjso/runs/20260718_qs_cheap_refine_sweep/jobs/cell025_win3_pass2/dense_w2_1_c001_cell025_win3_pass2.city.json,a4e127a64077bed13beb773078be3eb55ab3cd5a983152dadb98899778a1459f,phases/p2-gsjso/runs/20260718_qs_cheap_refine_sweep/jobs/cell025_win3_pass2/dense_w2_1_c001_cell025_win3_pass2_val3dity.json,0,EPSG:25832,0.000000000,LoD2 reference opened only after all 18 Roofer conditions; used for scoring and figure only,0,0
cell025_win3_pass2,0.250000000,3,0.750000000,2,DEBY_LOD2_4907195,overseg_smooth.py MLS-style local plane fit and z projection on roof-top class-6 points,phases/p2-gsjso/runs/20260717_qs_cheap_refine_pilot/input/dense_w2_1_c001_classified.laz,e9acd5eb90dc42d88f13485a73fbaf8d10cff76cb5a3063f5f5bc72f51454c4a,phases/p2-gsjso/runs/20260718_qs_cheap_refine_sweep/jobs/cell025_win3_pass2/dense_w2_1_c001_cell025_win3_pass2.laz,bd0a8c9b4703abf3743af98b7f267f20e4c548dcd8c1887e386196ad745b4db2,686,0.095000000,0.527500000,success,success,standard,true,false,true,1,2,0.500000000,0.375495433,0.762654467,163,0.227240260,40.412356997,177.839580000,40.412312484,true,true,1.000000000,0.269773262,0.570649324,0.082079788,0,-0.500000000,0.105722171,0.145160472,phases/p2-gsjso/runs/20260718_qs_cheap_refine_sweep/jobs/cell025_win3_pass2/dense_w2_1_c001_cell025_win3_pass2.city.json,a4e127a64077bed13beb773078be3eb55ab3cd5a983152dadb98899778a1459f,phases/p2-gsjso/runs/20260718_qs_cheap_refine_sweep/jobs/cell025_win3_pass2/dense_w2_1_c001_cell025_win3_pass2_val3dity.json,0,EPSG:25832,0.000000000,LoD2 reference opened only after all 18 Roofer conditions; used for scoring and figure only,0,0
cell025_win3_pass2,0.250000000,3,0.750000000,2,DEBY_LOD2_4907198,overseg_smooth.py MLS-style local plane fit and z projection on roof-top class-6 points,phases/p2-gsjso/runs/20260717_qs_cheap_refine_pilot/input/dense_w2_1_c001_classified.laz,e9acd5eb90dc42d88f13485a73fbaf8d10cff76cb5a3063f5f5bc72f51454c4a,phases/p2-gsjso/runs/20260718_qs_cheap_refine_sweep/jobs/cell025_win3_pass2/dense_w2_1_c001_cell025_win3_pass2.laz,bd0a8c9b4703abf3743af98b7f267f20e4c548dcd8c1887e386196ad745b4db2,1309,0.050000000,0.696000000,success,success,standard,true,false,true,2,4,0.500000000,1.868489443,2.807007282,43,0.028106026,10.115042499,359.797467497,10.112476998,true,true,0.250000000,2.127468875,2.595384354,0.014397369,0,0.250000000,-0.258979432,0.013708657,phases/p2-gsjso/runs/20260718_qs_cheap_refine_sweep/jobs/cell025_win3_pass2/dense_w2_1_c001_cell025_win3_pass2.city.json,a4e127a64077bed13beb773078be3eb55ab3cd5a983152dadb98899778a1459f,phases/p2-gsjso/runs/20260718_qs_cheap_refine_sweep/jobs/cell025_win3_pass2/dense_w2_1_c001_cell025_win3_pass2_val3dity.json,0,EPSG:25832,0.000000000,LoD2 reference opened only after all 18 Roofer conditions; used for scoring and figure only,0,0
cell025_win3_pass2,0.250000000,3,0.750000000,2,DEBY_LOD2_4907199,overseg_smooth.py MLS-style local plane fit and z projection on roof-top class-6 points,phases/p2-gsjso/runs/20260717_qs_cheap_refine_pilot/input/dense_w2_1_c001_classified.laz,e9acd5eb90dc42d88f13485a73fbaf8d10cff76cb5a3063f5f5bc72f51454c4a,phases/p2-gsjso/runs/20260718_qs_cheap_refine_sweep/jobs/cell025_win3_pass2/dense_w2_1_c001_cell025_win3_pass2.laz,bd0a8c9b4703abf3743af98b7f267f20e4c548dcd8c1887e386196ad745b4db2,4,0.030000000,0.038500000,failure,pointcloud_unusable_no_points,skip,false,false,true,0,1,0.000000000,,,0,0.000000000,0.000000000,98.346449999,0.000000000,false,true,0.000000000,,,0.000000000,0,0.000000000,,0.000000000,phases/p2-gsjso/runs/20260718_qs_cheap_refine_sweep/jobs/cell025_win3_pass2/dense_w2_1_c001_cell025_win3_pass2.city.json,a4e127a64077bed13beb773078be3eb55ab3cd5a983152dadb98899778a1459f,phases/p2-gsjso/runs/20260718_qs_cheap_refine_sweep/jobs/cell025_win3_pass2/dense_w2_1_c001_cell025_win3_pass2_val3dity.json,0,EPSG:25832,0.000000000,LoD2 reference opened only after all 18 Roofer conditions; used for scoring and figure only,0,0
cell025_win3_pass2,0.250000000,3,0.750000000,2,DEBY_LOD2_4907202,overseg_smooth.py MLS-style local plane fit and z projection on roof-top class-6 points,phases/p2-gsjso/runs/20260717_qs_cheap_refine_pilot/input/dense_w2_1_c001_classified.laz,e9acd5eb90dc42d88f13485a73fbaf8d10cff76cb5a3063f5f5bc72f51454c4a,phases/p2-gsjso/runs/20260718_qs_cheap_refine_sweep/jobs/cell025_win3_pass2/dense_w2_1_c001_cell025_win3_pass2.laz,bd0a8c9b4703abf3743af98b7f267f20e4c548dcd8c1887e386196ad745b4db2,5229,0.090000000,0.790000000,success,success,standard,true,false,true,2,2,1.000000000,0.533545138,3.630636463,642,0.999888080,160.594226500,160.461520004,160.443561078,true,true,1.500000000,0.563657590,3.486506786,0.994591924,0,-0.500000000,-0.030112452,0.005296156,phases/p2-gsjso/runs/20260718_qs_cheap_refine_sweep/jobs/cell025_win3_pass2/dense_w2_1_c001_cell025_win3_pass2.city.json,a4e127a64077bed13beb773078be3eb55ab3cd5a983152dadb98899778a1459f,phases/p2-gsjso/runs/20260718_qs_cheap_refine_sweep/jobs/cell025_win3_pass2/dense_w2_1_c001_cell025_win3_pass2_val3dity.json,0,EPSG:25832,0.000000000,LoD2 reference opened only after all 18 Roofer conditions; used for scoring and figure only,0,0
cell025_win3_pass2,0.250000000,3,0.750000000,2,DEBY_LOD2_4908168,overseg_smooth.py MLS-style local plane fit and z projection on roof-top class-6 points,phases/p2-gsjso/runs/20260717_qs_cheap_refine_pilot/input/dense_w2_1_c001_classified.laz,e9acd5eb90dc42d88f13485a73fbaf8d10cff76cb5a3063f5f5bc72f51454c4a,phases/p2-gsjso/runs/20260718_qs_cheap_refine_sweep/jobs/cell025_win3_pass2/dense_w2_1_c001_cell025_win3_pass2.laz,bd0a8c9b4703abf3743af98b7f267f20e4c548dcd8c1887e386196ad745b4db2,752,0.010000000,0.120000000,success,success,standard,true,false,true,1,1,1.000000000,0.174365208,0.432375266,114,0.999745093,28.825925500,28.831400000,28.824050666,true,true,1.000000000,0.178913202,0.442979418,0.999879645,0,0.000000000,-0.004547994,-0.000134552,phases/p2-gsjso/runs/20260718_qs_cheap_refine_sweep/jobs/cell025_win3_pass2/dense_w2_1_c001_cell025_win3_pass2.city.json,a4e127a64077bed13beb773078be3eb55ab3cd5a983152dadb98899778a1459f,phases/p2-gsjso/runs/20260718_qs_cheap_refine_sweep/jobs/cell025_win3_pass2/dense_w2_1_c001_cell025_win3_pass2_val3dity.json,0,EPSG:25832,0.000000000,LoD2 reference opened only after all 18 Roofer conditions; used for scoring and figure only,0,0
cell025_win3_pass2,0.250000000,3,0.750000000,2,DEBY_LOD2_4908178,overseg_smooth.py MLS-style local plane fit and z projection on roof-top class-6 points,phases/p2-gsjso/runs/20260717_qs_cheap_refine_pilot/input/dense_w2_1_c001_classified.laz,e9acd5eb90dc42d88f13485a73fbaf8d10cff76cb5a3063f5f5bc72f51454c4a,phases/p2-gsjso/runs/20260718_qs_cheap_refine_sweep/jobs/cell025_win3_pass2/dense_w2_1_c001_cell025_win3_pass2.laz,bd0a8c9b4703abf3743af98b7f267f20e4c548dcd8c1887e386196ad745b4db2,421,0.030000000,0.280000000,failure,missing_lod22_geometry,standard,false,false,true,0,2,0.000000000,,,0,0.000000000,0.000000000,113.412679999,0.000000000,true,true,0.500000000,0.624888129,1.520071182,0.999921002,-1,-0.500000000,,-0.999921002,phases/p2-gsjso/runs/20260718_qs_cheap_refine_sweep/jobs/cell025_win3_pass2/dense_w2_1_c001_cell025_win3_pass2.city.json,a4e127a64077bed13beb773078be3eb55ab3cd5a983152dadb98899778a1459f,phases/p2-gsjso/runs/20260718_qs_cheap_refine_sweep/jobs/cell025_win3_pass2/dense_w2_1_c001_cell025_win3_pass2_val3dity.json,0,EPSG:25832,0.000000000,LoD2 reference opened only after all 18 Roofer conditions; used for scoring and figure only,0,0
cell025_win3_pass2,0.250000000,3,0.750000000,2,DEBY_LOD2_4908179,overseg_smooth.py MLS-style local plane fit and z projection on roof-top class-6 points,phases/p2-gsjso/runs/20260717_qs_cheap_refine_pilot/input/dense_w2_1_c001_classified.laz,e9acd5eb90dc42d88f13485a73fbaf8d10cff76cb5a3063f5f5bc72f51454c4a,phases/p2-gsjso/runs/20260718_qs_cheap_refine_sweep/jobs/cell025_win3_pass2/dense_w2_1_c001_cell025_win3_pass2.laz,bd0a8c9b4703abf3743af98b7f267f20e4c548dcd8c1887e386196ad745b4db2,0,,,failure,pointcloud_unusable_no_points,skip,false,false,true,0,1,0.000000000,,,0,0.000000000,0.000000000,118.249599998,0.000000000,false,false,0.000000000,,,0.000000000,0,0.000000000,,0.000000000,phases/p2-gsjso/runs/20260718_qs_cheap_refine_sweep/jobs/cell025_win3_pass2/dense_w2_1_c001_cell025_win3_pass2.city.json,a4e127a64077bed13beb773078be3eb55ab3cd5a983152dadb98899778a1459f,phases/p2-gsjso/runs/20260718_qs_cheap_refine_sweep/jobs/cell025_win3_pass2/dense_w2_1_c001_cell025_win3_pass2_val3dity.json,0,EPSG:25832,0.000000000,LoD2 reference opened only after all 18 Roofer conditions; used for scoring and figure only,0,0
cell025_win3_pass2,0.250000000,3,0.750000000,2,DEBY_LOD2_60098,overseg_smooth.py MLS-style local plane fit and z projection on roof-top class-6 points,phases/p2-gsjso/runs/20260717_qs_cheap_refine_pilot/input/dense_w2_1_c001_classified.laz,e9acd5eb90dc42d88f13485a73fbaf8d10cff76cb5a3063f5f5bc72f51454c4a,phases/p2-gsjso/runs/20260718_qs_cheap_refine_sweep/jobs/cell025_win3_pass2/dense_w2_1_c001_cell025_win3_pass2.laz,bd0a8c9b4703abf3743af98b7f267f20e4c548dcd8c1887e386196ad745b4db2,668,0.110000000,0.430000000,success,success,standard,true,false,true,3,2,1.500000000,2.743157336,9.072465734,786,0.999918221,195.941417500,195.925425003,195.909402451,true,true,1.500000000,2.991955569,9.730518924,0.999898969,0,0.000000000,-0.248798233,0.000019252,phases/p2-gsjso/runs/20260718_qs_cheap_refine_sweep/jobs/cell025_win3_pass2/dense_w2_1_c001_cell025_win3_pass2.city.json,a4e127a64077bed13beb773078be3eb55ab3cd5a983152dadb98899778a1459f,phases/p2-gsjso/runs/20260718_qs_cheap_refine_sweep/jobs/cell025_win3_pass2/dense_w2_1_c001_cell025_win3_pass2_val3dity.json,0,EPSG:25832,0.000000000,LoD2 reference opened only after all 18 Roofer conditions; used for scoring and figure only,0,0
cell025_win3_pass2,0.250000000,3,0.750000000,2,DEBY_LOD2_8568391,overseg_smooth.py MLS-style local plane fit and z projection on roof-top class-6 points,phases/p2-gsjso/runs/20260717_qs_cheap_refine_pilot/input/dense_w2_1_c001_classified.laz,e9acd5eb90dc42d88f13485a73fbaf8d10cff76cb5a3063f5f5bc72f51454c4a,phases/p2-gsjso/runs/20260718_qs_cheap_refine_sweep/jobs/cell025_win3_pass2/dense_w2_1_c001_cell025_win3_pass2.laz,bd0a8c9b4703abf3743af98b7f267f20e4c548dcd8c1887e386196ad745b4db2,0,,,failure,pointcloud_unusable_no_points,skip,false,false,true,0,1,0.000000000,,,0,0.000000000,0.000000000,55.535699997,0.000000000,false,true,0.000000000,,,0.000000000,0,0.000000000,,0.000000000,phases/p2-gsjso/runs/20260718_qs_cheap_refine_sweep/jobs/cell025_win3_pass2/dense_w2_1_c001_cell025_win3_pass2.city.json,a4e127a64077bed13beb773078be3eb55ab3cd5a983152dadb98899778a1459f,phases/p2-gsjso/runs/20260718_qs_cheap_refine_sweep/jobs/cell025_win3_pass2/dense_w2_1_c001_cell025_win3_pass2_val3dity.json,0,EPSG:25832,0.000000000,LoD2 reference opened only after all 18 Roofer conditions; used for scoring and figure only,0,0
cell025_win3_pass2,0.250000000,3,0.750000000,2,DEBY_LOD2_8568392,overseg_smooth.py MLS-style local plane fit and z projection on roof-top class-6 points,phases/p2-gsjso/runs/20260717_qs_cheap_refine_pilot/input/dense_w2_1_c001_classified.laz,e9acd5eb90dc42d88f13485a73fbaf8d10cff76cb5a3063f5f5bc72f51454c4a,phases/p2-gsjso/runs/20260718_qs_cheap_refine_sweep/jobs/cell025_win3_pass2/dense_w2_1_c001_cell025_win3_pass2.laz,bd0a8c9b4703abf3743af98b7f267f20e4c548dcd8c1887e386196ad745b4db2,0,,,failure,pointcloud_unusable_no_points,skip,false,false,true,0,1,0.000000000,,,0,0.000000000,0.000000000,5.797516501,0.000000000,false,true,0.000000000,,,0.000000000,0,0.000000000,,0.000000000,phases/p2-gsjso/runs/20260718_qs_cheap_refine_sweep/jobs/cell025_win3_pass2/dense_w2_1_c001_cell025_win3_pass2.city.json,a4e127a64077bed13beb773078be3eb55ab3cd5a983152dadb98899778a1459f,phases/p2-gsjso/runs/20260718_qs_cheap_refine_sweep/jobs/cell025_win3_pass2/dense_w2_1_c001_cell025_win3_pass2_val3dity.json,0,EPSG:25832,0.000000000,LoD2 reference opened only after all 18 Roofer conditions; used for scoring and figure only,0,0
cell050_win1_pass1,0.500000000,1,0.500000000,1,DEBY_LOD2_108247349,overseg_smooth.py MLS-style local plane fit and z projection on roof-top class-6 points,phases/p2-gsjso/runs/20260717_qs_cheap_refine_pilot/input/dense_w2_1_c001_classified.laz,e9acd5eb90dc42d88f13485a73fbaf8d10cff76cb5a3063f5f5bc72f51454c4a,phases/p2-gsjso/runs/20260718_qs_cheap_refine_sweep/jobs/cell050_win1_pass1/dense_w2_1_c001_cell050_win1_pass1.laz,f37a98938b1d4ac6ce858f9af1683d8af799195f48bb381054aa04593390292e,0,,,failure,pointcloud_unusable_no_points,skip,false,false,true,0,1,0.000000000,,,0,0.000000000,0.000000000,101.102650001,0.000000000,false,false,0.000000000,,,0.000000000,0,0.000000000,,0.000000000,phases/p2-gsjso/runs/20260718_qs_cheap_refine_sweep/jobs/cell050_win1_pass1/dense_w2_1_c001_cell050_win1_pass1.city.json,31ee383244987daab6754f072abb31e6da31d881a9e95bd9d5410c41974da874,phases/p2-gsjso/runs/20260718_qs_cheap_refine_sweep/jobs/cell050_win1_pass1/dense_w2_1_c001_cell050_win1_pass1_val3dity.json,0,EPSG:25832,0.000000000,LoD2 reference opened only after all 18 Roofer conditions; used for scoring and figure only,0,0
cell050_win1_pass1,0.500000000,1,0.500000000,1,DEBY_LOD2_108247350,overseg_smooth.py MLS-style local plane fit and z projection on roof-top class-6 points,phases/p2-gsjso/runs/20260717_qs_cheap_refine_pilot/input/dense_w2_1_c001_classified.laz,e9acd5eb90dc42d88f13485a73fbaf8d10cff76cb5a3063f5f5bc72f51454c4a,phases/p2-gsjso/runs/20260718_qs_cheap_refine_sweep/jobs/cell050_win1_pass1/dense_w2_1_c001_cell050_win1_pass1.laz,f37a98938b1d4ac6ce858f9af1683d8af799195f48bb381054aa04593390292e,3,0.010000000,0.010000000,failure,pointcloud_unusable_no_points,skip,false,false,true,0,1,0.000000000,,,0,0.000000000,0.000000000,12.137050000,0.000000000,false,true,0.000000000,,,0.000000000,0,0.000000000,,0.000000000,phases/p2-gsjso/runs/20260718_qs_cheap_refine_sweep/jobs/cell050_win1_pass1/dense_w2_1_c001_cell050_win1_pass1.city.json,31ee383244987daab6754f072abb31e6da31d881a9e95bd9d5410c41974da874,phases/p2-gsjso/runs/20260718_qs_cheap_refine_sweep/jobs/cell050_win1_pass1/dense_w2_1_c001_cell050_win1_pass1_val3dity.json,0,EPSG:25832,0.000000000,LoD2 reference opened only after all 18 Roofer conditions; used for scoring and figure only,0,0
cell050_win1_pass1,0.500000000,1,0.500000000,1,DEBY_LOD2_108247351,overseg_smooth.py MLS-style local plane fit and z projection on roof-top class-6 points,phases/p2-gsjso/runs/20260717_qs_cheap_refine_pilot/input/dense_w2_1_c001_classified.laz,e9acd5eb90dc42d88f13485a73fbaf8d10cff76cb5a3063f5f5bc72f51454c4a,phases/p2-gsjso/runs/20260718_qs_cheap_refine_sweep/jobs/cell050_win1_pass1/dense_w2_1_c001_cell050_win1_pass1.laz,f37a98938b1d4ac6ce858f9af1683d8af799195f48bb381054aa04593390292e,0,,,failure,pointcloud_unusable_no_points,skip,false,false,true,0,1,0.000000000,,,0,0.000000000,0.000000000,65.278499998,0.000000000,false,true,0.000000000,,,0.000000000,0,0.000000000,,0.000000000,phases/p2-gsjso/runs/20260718_qs_cheap_refine_sweep/jobs/cell050_win1_pass1/dense_w2_1_c001_cell050_win1_pass1.city.json,31ee383244987daab6754f072abb31e6da31d881a9e95bd9d5410c41974da874,phases/p2-gsjso/runs/20260718_qs_cheap_refine_sweep/jobs/cell050_win1_pass1/dense_w2_1_c001_cell050_win1_pass1_val3dity.json,0,EPSG:25832,0.000000000,LoD2 reference opened only after all 18 Roofer conditions; used for scoring and figure only,0,0
cell050_win1_pass1,0.500000000,1,0.500000000,1,DEBY_LOD2_4907184,overseg_smooth.py MLS-style local plane fit and z projection on roof-top class-6 points,phases/p2-gsjso/runs/20260717_qs_cheap_refine_pilot/input/dense_w2_1_c001_classified.laz,e9acd5eb90dc42d88f13485a73fbaf8d10cff76cb5a3063f5f5bc72f51454c4a,phases/p2-gsjso/runs/20260718_qs_cheap_refine_sweep/jobs/cell050_win1_pass1/dense_w2_1_c001_cell050_win1_pass1.laz,f37a98938b1d4ac6ce858f9af1683d8af799195f48bb381054aa04593390292e,201892,0.030000000,0.460000000,success,success,standard,true,false,true,8,4,2.000000000,0.503800821,5.148099435,1350,0.999931037,337.879644998,337.863561498,337.840261421,true,true,1.500000000,0.354716522,2.638333513,0.995567105,0,0.500000000,0.149084299,0.004363932,phases/p2-gsjso/runs/20260718_qs_cheap_refine_sweep/jobs/cell050_win1_pass1/dense_w2_1_c001_cell050_win1_pass1.city.json,31ee383244987daab6754f072abb31e6da31d881a9e95bd9d5410c41974da874,phases/p2-gsjso/runs/20260718_qs_cheap_refine_sweep/jobs/cell050_win1_pass1/dense_w2_1_c001_cell050_win1_pass1_val3dity.json,0,EPSG:25832,0.000000000,LoD2 reference opened only after all 18 Roofer conditions; used for scoring and figure only,0,0
cell050_win1_pass1,0.500000000,1,0.500000000,1,DEBY_LOD2_4907185,overseg_smooth.py MLS-style local plane fit and z projection on roof-top class-6 points,phases/p2-gsjso/runs/20260717_qs_cheap_refine_pilot/input/dense_w2_1_c001_classified.laz,e9acd5eb90dc42d88f13485a73fbaf8d10cff76cb5a3063f5f5bc72f51454c4a,phases/p2-gsjso/runs/20260718_qs_cheap_refine_sweep/jobs/cell050_win1_pass1/dense_w2_1_c001_cell050_win1_pass1.laz,f37a98938b1d4ac6ce858f9af1683d8af799195f48bb381054aa04593390292e,3488,0.000000000,0.460000000,success,success,standard,true,false,true,4,2,2.000000000,3.514731656,8.644168811,644,0.999955458,161.055017998,160.981467003,160.974296623,true,true,1.500000000,2.613993006,10.997450351,0.999948727,0,0.500000000,0.900738650,0.000006731,phases/p2-gsjso/runs/20260718_qs_cheap_refine_sweep/jobs/cell050_win1_pass1/dense_w2_1_c001_cell050_win1_pass1.city.json,31ee383244987daab6754f072abb31e6da31d881a9e95bd9d5410c41974da874,phases/p2-gsjso/runs/20260718_qs_cheap_refine_sweep/jobs/cell050_win1_pass1/dense_w2_1_c001_cell050_win1_pass1_val3dity.json,0,EPSG:25832,0.000000000,LoD2 reference opened only after all 18 Roofer conditions; used for scoring and figure only,0,0
cell050_win1_pass1,0.500000000,1,0.500000000,1,DEBY_LOD2_4907186,overseg_smooth.py MLS-style local plane fit and z projection on roof-top class-6 points,phases/p2-gsjso/runs/20260717_qs_cheap_refine_pilot/input/dense_w2_1_c001_classified.laz,e9acd5eb90dc42d88f13485a73fbaf8d10cff76cb5a3063f5f5bc72f51454c4a,phases/p2-gsjso/runs/20260718_qs_cheap_refine_sweep/jobs/cell050_win1_pass1/dense_w2_1_c001_cell050_win1_pass1.laz,f37a98938b1d4ac6ce858f9af1683d8af799195f48bb381054aa04593390292e,480,0.050000000,0.431000000,success,success,standard,true,false,true,2,2,1.000000000,3.883038759,12.301413187,672,0.999852881,167.885973001,167.832339001,167.807647656,true,true,1.000000000,3.543989669,11.354917333,0.999810607,0,0.000000000,0.339049090,0.000042274,phases/p2-gsjso/runs/20260718_qs_cheap_refine_sweep/jobs/cell050_win1_pass1/dense_w2_1_c001_cell050_win1_pass1.city.json,31ee383244987daab6754f072abb31e6da31d881a9e95bd9d5410c41974da874,phases/p2-gsjso/runs/20260718_qs_cheap_refine_sweep/jobs/cell050_win1_pass1/dense_w2_1_c001_cell050_win1_pass1_val3dity.json,0,EPSG:25832,0.000000000,LoD2 reference opened only after all 18 Roofer conditions; used for scoring and figure only,0,0
cell050_win1_pass1,0.500000000,1,0.500000000,1,DEBY_LOD2_4907188,overseg_smooth.py MLS-style local plane fit and z projection on roof-top class-6 points,phases/p2-gsjso/runs/20260717_qs_cheap_refine_pilot/input/dense_w2_1_c001_classified.laz,e9acd5eb90dc42d88f13485a73fbaf8d10cff76cb5a3063f5f5bc72f51454c4a,phases/p2-gsjso/runs/20260718_qs_cheap_refine_sweep/jobs/cell050_win1_pass1/dense_w2_1_c001_cell050_win1_pass1.laz,f37a98938b1d4ac6ce858f9af1683d8af799195f48bb381054aa04593390292e,1118,0.080000000,0.611500000,success,success,standard,true,false,true,5,2,2.500000000,1.621139888,7.678005804,668,0.999917843,165.877848001,165.881390000,165.867761760,true,true,1.500000000,1.354221199,4.138715144,0.999949573,0,1.000000000,0.266918689,-0.000031730,phases/p2-gsjso/runs/20260718_qs_cheap_refine_sweep/jobs/cell050_win1_pass1/dense_w2_1_c001_cell050_win1_pass1.city.json,31ee383244987daab6754f072abb31e6da31d881a9e95bd9d5410c41974da874,phases/p2-gsjso/runs/20260718_qs_cheap_refine_sweep/jobs/cell050_win1_pass1/dense_w2_1_c001_cell050_win1_pass1_val3dity.json,0,EPSG:25832,0.000000000,LoD2 reference opened only after all 18 Roofer conditions; used for scoring and figure only,0,0
cell050_win1_pass1,0.500000000,1,0.500000000,1,DEBY_LOD2_4907194,overseg_smooth.py MLS-style local plane fit and z projection on roof-top class-6 points,phases/p2-gsjso/runs/20260717_qs_cheap_refine_pilot/input/dense_w2_1_c001_classified.laz,e9acd5eb90dc42d88f13485a73fbaf8d10cff76cb5a3063f5f5bc72f51454c4a,phases/p2-gsjso/runs/20260718_qs_cheap_refine_sweep/jobs/cell050_win1_pass1/dense_w2_1_c001_cell050_win1_pass1.laz,f37a98938b1d4ac6ce858f9af1683d8af799195f48bb381054aa04593390292e,47,0.050000000,0.154000000,failure,missing_lod22_geometry,standard,false,false,true,0,2,0.000000000,,,0,0.000000000,0.000000000,212.725209999,0.000000000,false,false,0.000000000,,,0.000000000,0,0.000000000,,0.000000000,phases/p2-gsjso/runs/20260718_qs_cheap_refine_sweep/jobs/cell050_win1_pass1/dense_w2_1_c001_cell050_win1_pass1.city.json,31ee383244987daab6754f072abb31e6da31d881a9e95bd9d5410c41974da874,phases/p2-gsjso/runs/20260718_qs_cheap_refine_sweep/jobs/cell050_win1_pass1/dense_w2_1_c001_cell050_win1_pass1_val3dity.json,0,EPSG:25832,0.000000000,LoD2 reference opened only after all 18 Roofer conditions; used for scoring and figure only,0,0
cell050_win1_pass1,0.500000000,1,0.500000000,1,DEBY_LOD2_4907195,overseg_smooth.py MLS-style local plane fit and z projection on roof-top class-6 points,phases/p2-gsjso/runs/20260717_qs_cheap_refine_pilot/input/dense_w2_1_c001_classified.laz,e9acd5eb90dc42d88f13485a73fbaf8d10cff76cb5a3063f5f5bc72f51454c4a,phases/p2-gsjso/runs/20260718_qs_cheap_refine_sweep/jobs/cell050_win1_pass1/dense_w2_1_c001_cell050_win1_pass1.laz,f37a98938b1d4ac6ce858f9af1683d8af799195f48bb381054aa04593390292e,686,0.090000000,0.517500000,success,success,standard,true,false,true,1,2,0.500000000,0.367695079,0.767360288,177,0.250614524,44.569267506,177.839580000,44.569181770,true,true,1.000000000,0.269773262,0.570649324,0.082079788,0,-0.500000000,0.097921817,0.168534736,phases/p2-gsjso/runs/20260718_qs_cheap_refine_sweep/jobs/cell050_win1_pass1/dense_w2_1_c001_cell050_win1_pass1.city.json,31ee383244987daab6754f072abb31e6da31d881a9e95bd9d5410c41974da874,phases/p2-gsjso/runs/20260718_qs_cheap_refine_sweep/jobs/cell050_win1_pass1/dense_w2_1_c001_cell050_win1_pass1_val3dity.json,0,EPSG:25832,0.000000000,LoD2 reference opened only after all 18 Roofer conditions; used for scoring and figure only,0,0
cell050_win1_pass1,0.500000000,1,0.500000000,1,DEBY_LOD2_4907198,overseg_smooth.py MLS-style local plane fit and z projection on roof-top class-6 points,phases/p2-gsjso/runs/20260717_qs_cheap_refine_pilot/input/dense_w2_1_c001_classified.laz,e9acd5eb90dc42d88f13485a73fbaf8d10cff76cb5a3063f5f5bc72f51454c4a,phases/p2-gsjso/runs/20260718_qs_cheap_refine_sweep/jobs/cell050_win1_pass1/dense_w2_1_c001_cell050_win1_pass1.laz,f37a98938b1d4ac6ce858f9af1683d8af799195f48bb381054aa04593390292e,1309,0.040000000,0.636000000,success,success,standard,true,false,true,1,4,0.250000000,0.149817270,0.307076178,10,0.007035056,2.531195500,359.797467497,2.531195500,true,true,0.250000000,2.127468875,2.595384354,0.014397369,0,0.000000000,-1.977651605,-0.007362313,phases/p2-gsjso/runs/20260718_qs_cheap_refine_sweep/jobs/cell050_win1_pass1/dense_w2_1_c001_cell050_win1_pass1.city.json,31ee383244987daab6754f072abb31e6da31d881a9e95bd9d5410c41974da874,phases/p2-gsjso/runs/20260718_qs_cheap_refine_sweep/jobs/cell050_win1_pass1/dense_w2_1_c001_cell050_win1_pass1_val3dity.json,0,EPSG:25832,0.000000000,LoD2 reference opened only after all 18 Roofer conditions; used for scoring and figure only,0,0
cell050_win1_pass1,0.500000000,1,0.500000000,1,DEBY_LOD2_4907199,overseg_smooth.py MLS-style local plane fit and z projection on roof-top class-6 points,phases/p2-gsjso/runs/20260717_qs_cheap_refine_pilot/input/dense_w2_1_c001_classified.laz,e9acd5eb90dc42d88f13485a73fbaf8d10cff76cb5a3063f5f5bc72f51454c4a,phases/p2-gsjso/runs/20260718_qs_cheap_refine_sweep/jobs/cell050_win1_pass1/dense_w2_1_c001_cell050_win1_pass1.laz,f37a98938b1d4ac6ce858f9af1683d8af799195f48bb381054aa04593390292e,4,0.035000000,0.040000000,failure,pointcloud_unusable_no_points,skip,false,false,true,0,1,0.000000000,,,0,0.000000000,0.000000000,98.346449999,0.000000000,false,true,0.000000000,,,0.000000000,0,0.000000000,,0.000000000,phases/p2-gsjso/runs/20260718_qs_cheap_refine_sweep/jobs/cell050_win1_pass1/dense_w2_1_c001_cell050_win1_pass1.city.json,31ee383244987daab6754f072abb31e6da31d881a9e95bd9d5410c41974da874,phases/p2-gsjso/runs/20260718_qs_cheap_refine_sweep/jobs/cell050_win1_pass1/dense_w2_1_c001_cell050_win1_pass1_val3dity.json,0,EPSG:25832,0.000000000,LoD2 reference opened only after all 18 Roofer conditions; used for scoring and figure only,0,0
cell050_win1_pass1,0.500000000,1,0.500000000,1,DEBY_LOD2_4907202,overseg_smooth.py MLS-style local plane fit and z projection on roof-top class-6 points,phases/p2-gsjso/runs/20260717_qs_cheap_refine_pilot/input/dense_w2_1_c001_classified.laz,e9acd5eb90dc42d88f13485a73fbaf8d10cff76cb5a3063f5f5bc72f51454c4a,phases/p2-gsjso/runs/20260718_qs_cheap_refine_sweep/jobs/cell050_win1_pass1/dense_w2_1_c001_cell050_win1_pass1.laz,f37a98938b1d4ac6ce858f9af1683d8af799195f48bb381054aa04593390292e,5229,0.050000000,0.516000000,success,success,standard,true,false,true,2,2,1.000000000,0.520472874,2.728087763,643,0.999890804,160.597594497,160.461520004,160.443998276,true,true,1.500000000,0.563657590,3.486506786,0.994591924,0,-0.500000000,-0.043184716,0.005298880,phases/p2-gsjso/runs/20260718_qs_cheap_refine_sweep/jobs/cell050_win1_pass1/dense_w2_1_c001_cell050_win1_pass1.city.json,31ee383244987daab6754f072abb31e6da31d881a9e95bd9d5410c41974da874,phases/p2-gsjso/runs/20260718_qs_cheap_refine_sweep/jobs/cell050_win1_pass1/dense_w2_1_c001_cell050_win1_pass1_val3dity.json,0,EPSG:25832,0.000000000,LoD2 reference opened only after all 18 Roofer conditions; used for scoring and figure only,0,0
cell050_win1_pass1,0.500000000,1,0.500000000,1,DEBY_LOD2_4908168,overseg_smooth.py MLS-style local plane fit and z projection on roof-top class-6 points,phases/p2-gsjso/runs/20260717_qs_cheap_refine_pilot/input/dense_w2_1_c001_classified.laz,e9acd5eb90dc42d88f13485a73fbaf8d10cff76cb5a3063f5f5bc72f51454c4a,phases/p2-gsjso/runs/20260718_qs_cheap_refine_sweep/jobs/cell050_win1_pass1/dense_w2_1_c001_cell050_win1_pass1.laz,f37a98938b1d4ac6ce858f9af1683d8af799195f48bb381054aa04593390292e,752,0.010000000,0.100000000,success,success,standard,true,false,true,1,1,1.000000000,0.182582671,0.450974886,114,0.999745093,28.825925500,28.831400000,28.824050666,true,true,1.000000000,0.178913202,0.442979418,0.999879645,0,0.000000000,0.003669469,-0.000134552,phases/p2-gsjso/runs/20260718_qs_cheap_refine_sweep/jobs/cell050_win1_pass1/dense_w2_1_c001_cell050_win1_pass1.city.json,31ee383244987daab6754f072abb31e6da31d881a9e95bd9d5410c41974da874,phases/p2-gsjso/runs/20260718_qs_cheap_refine_sweep/jobs/cell050_win1_pass1/dense_w2_1_c001_cell050_win1_pass1_val3dity.json,0,EPSG:25832,0.000000000,LoD2 reference opened only after all 18 Roofer conditions; used for scoring and figure only,0,0
cell050_win1_pass1,0.500000000,1,0.500000000,1,DEBY_LOD2_4908178,overseg_smooth.py MLS-style local plane fit and z projection on roof-top class-6 points,phases/p2-gsjso/runs/20260717_qs_cheap_refine_pilot/input/dense_w2_1_c001_classified.laz,e9acd5eb90dc42d88f13485a73fbaf8d10cff76cb5a3063f5f5bc72f51454c4a,phases/p2-gsjso/runs/20260718_qs_cheap_refine_sweep/jobs/cell050_win1_pass1/dense_w2_1_c001_cell050_win1_pass1.laz,f37a98938b1d4ac6ce858f9af1683d8af799195f48bb381054aa04593390292e,421,0.020000000,0.200000000,failure,missing_lod22_geometry,standard,false,false,true,0,2,0.000000000,,,0,0.000000000,0.000000000,113.412679999,0.000000000,true,true,0.500000000,0.624888129,1.520071182,0.999921002,-1,-0.500000000,,-0.999921002,phases/p2-gsjso/runs/20260718_qs_cheap_refine_sweep/jobs/cell050_win1_pass1/dense_w2_1_c001_cell050_win1_pass1.city.json,31ee383244987daab6754f072abb31e6da31d881a9e95bd9d5410c41974da874,phases/p2-gsjso/runs/20260718_qs_cheap_refine_sweep/jobs/cell050_win1_pass1/dense_w2_1_c001_cell050_win1_pass1_val3dity.json,0,EPSG:25832,0.000000000,LoD2 reference opened only after all 18 Roofer conditions; used for scoring and figure only,0,0
cell050_win1_pass1,0.500000000,1,0.500000000,1,DEBY_LOD2_4908179,overseg_smooth.py MLS-style local plane fit and z projection on roof-top class-6 points,phases/p2-gsjso/runs/20260717_qs_cheap_refine_pilot/input/dense_w2_1_c001_classified.laz,e9acd5eb90dc42d88f13485a73fbaf8d10cff76cb5a3063f5f5bc72f51454c4a,phases/p2-gsjso/runs/20260718_qs_cheap_refine_sweep/jobs/cell050_win1_pass1/dense_w2_1_c001_cell050_win1_pass1.laz,f37a98938b1d4ac6ce858f9af1683d8af799195f48bb381054aa04593390292e,0,,,failure,pointcloud_unusable_no_points,skip,false,false,true,0,1,0.000000000,,,0,0.000000000,0.000000000,118.249599998,0.000000000,false,false,0.000000000,,,0.000000000,0,0.000000000,,0.000000000,phases/p2-gsjso/runs/20260718_qs_cheap_refine_sweep/jobs/cell050_win1_pass1/dense_w2_1_c001_cell050_win1_pass1.city.json,31ee383244987daab6754f072abb31e6da31d881a9e95bd9d5410c41974da874,phases/p2-gsjso/runs/20260718_qs_cheap_refine_sweep/jobs/cell050_win1_pass1/dense_w2_1_c001_cell050_win1_pass1_val3dity.json,0,EPSG:25832,0.000000000,LoD2 reference opened only after all 18 Roofer conditions; used for scoring and figure only,0,0
cell050_win1_pass1,0.500000000,1,0.500000000,1,DEBY_LOD2_60098,overseg_smooth.py MLS-style local plane fit and z projection on roof-top class-6 points,phases/p2-gsjso/runs/20260717_qs_cheap_refine_pilot/input/dense_w2_1_c001_classified.laz,e9acd5eb90dc42d88f13485a73fbaf8d10cff76cb5a3063f5f5bc72f51454c4a,phases/p2-gsjso/runs/20260718_qs_cheap_refine_sweep/jobs/cell050_win1_pass1/dense_w2_1_c001_cell050_win1_pass1.laz,f37a98938b1d4ac6ce858f9af1683d8af799195f48bb381054aa04593390292e,668,0.080000000,0.380000000,success,success,standard,true,false,true,3,2,1.500000000,2.857845773,9.476883799,785,0.999915362,195.945019999,195.925425003,195.908842201,true,true,1.500000000,2.991955569,9.730518924,0.999898969,0,0.000000000,-0.134109796,0.000016393,phases/p2-gsjso/runs/20260718_qs_cheap_refine_sweep/jobs/cell050_win1_pass1/dense_w2_1_c001_cell050_win1_pass1.city.json,31ee383244987daab6754f072abb31e6da31d881a9e95bd9d5410c41974da874,phases/p2-gsjso/runs/20260718_qs_cheap_refine_sweep/jobs/cell050_win1_pass1/dense_w2_1_c001_cell050_win1_pass1_val3dity.json,0,EPSG:25832,0.000000000,LoD2 reference opened only after all 18 Roofer conditions; used for scoring and figure only,0,0
cell050_win1_pass1,0.500000000,1,0.500000000,1,DEBY_LOD2_8568391,overseg_smooth.py MLS-style local plane fit and z projection on roof-top class-6 points,phases/p2-gsjso/runs/20260717_qs_cheap_refine_pilot/input/dense_w2_1_c001_classified.laz,e9acd5eb90dc42d88f13485a73fbaf8d10cff76cb5a3063f5f5bc72f51454c4a,phases/p2-gsjso/runs/20260718_qs_cheap_refine_sweep/jobs/cell050_win1_pass1/dense_w2_1_c001_cell050_win1_pass1.laz,f37a98938b1d4ac6ce858f9af1683d8af799195f48bb381054aa04593390292e,0,,,failure,pointcloud_unusable_no_points,skip,false,false,true,0,1,0.000000000,,,0,0.000000000,0.000000000,55.535699997,0.000000000,false,true,0.000000000,,,0.000000000,0,0.000000000,,0.000000000,phases/p2-gsjso/runs/20260718_qs_cheap_refine_sweep/jobs/cell050_win1_pass1/dense_w2_1_c001_cell050_win1_pass1.city.json,31ee383244987daab6754f072abb31e6da31d881a9e95bd9d5410c41974da874,phases/p2-gsjso/runs/20260718_qs_cheap_refine_sweep/jobs/cell050_win1_pass1/dense_w2_1_c001_cell050_win1_pass1_val3dity.json,0,EPSG:25832,0.000000000,LoD2 reference opened only after all 18 Roofer conditions; used for scoring and figure only,0,0
cell050_win1_pass1,0.500000000,1,0.500000000,1,DEBY_LOD2_8568392,overseg_smooth.py MLS-style local plane fit and z projection on roof-top class-6 points,phases/p2-gsjso/runs/20260717_qs_cheap_refine_pilot/input/dense_w2_1_c001_classified.laz,e9acd5eb90dc42d88f13485a73fbaf8d10cff76cb5a3063f5f5bc72f51454c4a,phases/p2-gsjso/runs/20260718_qs_cheap_refine_sweep/jobs/cell050_win1_pass1/dense_w2_1_c001_cell050_win1_pass1.laz,f37a98938b1d4ac6ce858f9af1683d8af799195f48bb381054aa04593390292e,0,,,failure,pointcloud_unusable_no_points,skip,false,false,true,0,1,0.000000000,,,0,0.000000000,0.000000000,5.797516501,0.000000000,false,true,0.000000000,,,0.000000000,0,0.000000000,,0.000000000,phases/p2-gsjso/runs/20260718_qs_cheap_refine_sweep/jobs/cell050_win1_pass1/dense_w2_1_c001_cell050_win1_pass1.city.json,31ee383244987daab6754f072abb31e6da31d881a9e95bd9d5410c41974da874,phases/p2-gsjso/runs/20260718_qs_cheap_refine_sweep/jobs/cell050_win1_pass1/dense_w2_1_c001_cell050_win1_pass1_val3dity.json,0,EPSG:25832,0.000000000,LoD2 reference opened only after all 18 Roofer conditions; used for scoring and figure only,0,0
cell050_win1_pass2,0.500000000,1,0.500000000,2,DEBY_LOD2_108247349,overseg_smooth.py MLS-style local plane fit and z projection on roof-top class-6 points,phases/p2-gsjso/runs/20260717_qs_cheap_refine_pilot/input/dense_w2_1_c001_classified.laz,e9acd5eb90dc42d88f13485a73fbaf8d10cff76cb5a3063f5f5bc72f51454c4a,phases/p2-gsjso/runs/20260718_qs_cheap_refine_sweep/jobs/cell050_win1_pass2/dense_w2_1_c001_cell050_win1_pass2.laz,7380db6b010585686a23e71af649a298a2e60648c98fd771183d36d786c12b49,0,,,failure,pointcloud_unusable_no_points,skip,false,false,true,0,1,0.000000000,,,0,0.000000000,0.000000000,101.102650001,0.000000000,false,false,0.000000000,,,0.000000000,0,0.000000000,,0.000000000,phases/p2-gsjso/runs/20260718_qs_cheap_refine_sweep/jobs/cell050_win1_pass2/dense_w2_1_c001_cell050_win1_pass2.city.json,95a4bfe0b5a8cebbe35e24638199920118bd321ed78d6650dcf3c4b231bc6e8c,phases/p2-gsjso/runs/20260718_qs_cheap_refine_sweep/jobs/cell050_win1_pass2/dense_w2_1_c001_cell050_win1_pass2_val3dity.json,0,EPSG:25832,0.000000000,LoD2 reference opened only after all 18 Roofer conditions; used for scoring and figure only,0,0
cell050_win1_pass2,0.500000000,1,0.500000000,2,DEBY_LOD2_108247350,overseg_smooth.py MLS-style local plane fit and z projection on roof-top class-6 points,phases/p2-gsjso/runs/20260717_qs_cheap_refine_pilot/input/dense_w2_1_c001_classified.laz,e9acd5eb90dc42d88f13485a73fbaf8d10cff76cb5a3063f5f5bc72f51454c4a,phases/p2-gsjso/runs/20260718_qs_cheap_refine_sweep/jobs/cell050_win1_pass2/dense_w2_1_c001_cell050_win1_pass2.laz,7380db6b010585686a23e71af649a298a2e60648c98fd771183d36d786c12b49,3,0.010000000,0.010000000,failure,pointcloud_unusable_no_points,skip,false,false,true,0,1,0.000000000,,,0,0.000000000,0.000000000,12.137050000,0.000000000,false,true,0.000000000,,,0.000000000,0,0.000000000,,0.000000000,phases/p2-gsjso/runs/20260718_qs_cheap_refine_sweep/jobs/cell050_win1_pass2/dense_w2_1_c001_cell050_win1_pass2.city.json,95a4bfe0b5a8cebbe35e24638199920118bd321ed78d6650dcf3c4b231bc6e8c,phases/p2-gsjso/runs/20260718_qs_cheap_refine_sweep/jobs/cell050_win1_pass2/dense_w2_1_c001_cell050_win1_pass2_val3dity.json,0,EPSG:25832,0.000000000,LoD2 reference opened only after all 18 Roofer conditions; used for scoring and figure only,0,0
cell050_win1_pass2,0.500000000,1,0.500000000,2,DEBY_LOD2_108247351,overseg_smooth.py MLS-style local plane fit and z projection on roof-top class-6 points,phases/p2-gsjso/runs/20260717_qs_cheap_refine_pilot/input/dense_w2_1_c001_classified.laz,e9acd5eb90dc42d88f13485a73fbaf8d10cff76cb5a3063f5f5bc72f51454c4a,phases/p2-gsjso/runs/20260718_qs_cheap_refine_sweep/jobs/cell050_win1_pass2/dense_w2_1_c001_cell050_win1_pass2.laz,7380db6b010585686a23e71af649a298a2e60648c98fd771183d36d786c12b49,0,,,failure,pointcloud_unusable_no_points,skip,false,false,true,0,1,0.000000000,,,0,0.000000000,0.000000000,65.278499998,0.000000000,false,true,0.000000000,,,0.000000000,0,0.000000000,,0.000000000,phases/p2-gsjso/runs/20260718_qs_cheap_refine_sweep/jobs/cell050_win1_pass2/dense_w2_1_c001_cell050_win1_pass2.city.json,95a4bfe0b5a8cebbe35e24638199920118bd321ed78d6650dcf3c4b231bc6e8c,phases/p2-gsjso/runs/20260718_qs_cheap_refine_sweep/jobs/cell050_win1_pass2/dense_w2_1_c001_cell050_win1_pass2_val3dity.json,0,EPSG:25832,0.000000000,LoD2 reference opened only after all 18 Roofer conditions; used for scoring and figure only,0,0
cell050_win1_pass2,0.500000000,1,0.500000000,2,DEBY_LOD2_4907184,overseg_smooth.py MLS-style local plane fit and z projection on roof-top class-6 points,phases/p2-gsjso/runs/20260717_qs_cheap_refine_pilot/input/dense_w2_1_c001_classified.laz,e9acd5eb90dc42d88f13485a73fbaf8d10cff76cb5a3063f5f5bc72f51454c4a,phases/p2-gsjso/runs/20260718_qs_cheap_refine_sweep/jobs/cell050_win1_pass2/dense_w2_1_c001_cell050_win1_pass2.laz,7380db6b010585686a23e71af649a298a2e60648c98fd771183d36d786c12b49,201892,0.040000000,0.520000000,success,success,standard,true,false,true,8,4,2.000000000,0.554408963,5.173136431,1356,0.999952457,337.891821995,337.863561498,337.847498555,true,true,1.500000000,0.354716522,2.638333513,0.995567105,0,0.500000000,0.199692441,0.004385352,phases/p2-gsjso/runs/20260718_qs_cheap_refine_sweep/jobs/cell050_win1_pass2/dense_w2_1_c001_cell050_win1_pass2.city.json,95a4bfe0b5a8cebbe35e24638199920118bd321ed78d6650dcf3c4b231bc6e8c,phases/p2-gsjso/runs/20260718_qs_cheap_refine_sweep/jobs/cell050_win1_pass2/dense_w2_1_c001_cell050_win1_pass2_val3dity.json,0,EPSG:25832,0.000000000,LoD2 reference opened only after all 18 Roofer conditions; used for scoring and figure only,0,0
cell050_win1_pass2,0.500000000,1,0.500000000,2,DEBY_LOD2_4907185,overseg_smooth.py MLS-style local plane fit and z projection on roof-top class-6 points,phases/p2-gsjso/runs/20260717_qs_cheap_refine_pilot/input/dense_w2_1_c001_classified.laz,e9acd5eb90dc42d88f13485a73fbaf8d10cff76cb5a3063f5f5bc72f51454c4a,phases/p2-gsjso/runs/20260718_qs_cheap_refine_sweep/jobs/cell050_win1_pass2/dense_w2_1_c001_cell050_win1_pass2.laz,7380db6b010585686a23e71af649a298a2e60648c98fd771183d36d786c12b49,3488,0.000000000,0.510000000,success,success,standard,true,false,true,4,2,2.000000000,3.425725040,8.615059490,648,0.999955019,161.057809998,160.981467003,160.974225838,true,true,1.500000000,2.613993006,10.997450351,0.999948727,0,0.500000000,0.811732034,0.000006292,phases/p2-gsjso/runs/20260718_qs_cheap_refine_sweep/jobs/cell050_win1_pass2/dense_w2_1_c001_cell050_win1_pass2.city.json,95a4bfe0b5a8cebbe35e24638199920118bd321ed78d6650dcf3c4b231bc6e8c,phases/p2-gsjso/runs/20260718_qs_cheap_refine_sweep/jobs/cell050_win1_pass2/dense_w2_1_c001_cell050_win1_pass2_val3dity.json,0,EPSG:25832,0.000000000,LoD2 reference opened only after all 18 Roofer conditions; used for scoring and figure only,0,0
cell050_win1_pass2,0.500000000,1,0.500000000,2,DEBY_LOD2_4907186,overseg_smooth.py MLS-style local plane fit and z projection on roof-top class-6 points,phases/p2-gsjso/runs/20260717_qs_cheap_refine_pilot/input/dense_w2_1_c001_classified.laz,e9acd5eb90dc42d88f13485a73fbaf8d10cff76cb5a3063f5f5bc72f51454c4a,phases/p2-gsjso/runs/20260718_qs_cheap_refine_sweep/jobs/cell050_win1_pass2/dense_w2_1_c001_cell050_win1_pass2.laz,7380db6b010585686a23e71af649a298a2e60648c98fd771183d36d786c12b49,480,0.060000000,0.550000000,success,success,standard,true,false,true,2,2,1.000000000,3.884507961,12.309077212,672,0.999851926,167.885649999,167.832339001,167.807487440,true,true,1.000000000,3.543989669,11.354917333,0.999810607,0,0.000000000,0.340518292,0.000041319,phases/p2-gsjso/runs/20260718_qs_cheap_refine_sweep/jobs/cell050_win1_pass2/dense_w2_1_c001_cell050_win1_pass2.city.json,95a4bfe0b5a8cebbe35e24638199920118bd321ed78d6650dcf3c4b231bc6e8c,phases/p2-gsjso/runs/20260718_qs_cheap_refine_sweep/jobs/cell050_win1_pass2/dense_w2_1_c001_cell050_win1_pass2_val3dity.json,0,EPSG:25832,0.000000000,LoD2 reference opened only after all 18 Roofer conditions; used for scoring and figure only,0,0
cell050_win1_pass2,0.500000000,1,0.500000000,2,DEBY_LOD2_4907188,overseg_smooth.py MLS-style local plane fit and z projection on roof-top class-6 points,phases/p2-gsjso/runs/20260717_qs_cheap_refine_pilot/input/dense_w2_1_c001_classified.laz,e9acd5eb90dc42d88f13485a73fbaf8d10cff76cb5a3063f5f5bc72f51454c4a,phases/p2-gsjso/runs/20260718_qs_cheap_refine_sweep/jobs/cell050_win1_pass2/dense_w2_1_c001_cell050_win1_pass2.laz,7380db6b010585686a23e71af649a298a2e60648c98fd771183d36d786c12b49,1118,0.090000000,0.640000000,success,success,standard,true,false,true,4,2,2.000000000,1.318681047,3.892465829,661,0.999953376,165.888836503,165.881390000,165.873655890,true,true,1.500000000,1.354221199,4.138715144,0.999949573,0,0.500000000,-0.035540152,0.000003803,phases/p2-gsjso/runs/20260718_qs_cheap_refine_sweep/jobs/cell050_win1_pass2/dense_w2_1_c001_cell050_win1_pass2.city.json,95a4bfe0b5a8cebbe35e24638199920118bd321ed78d6650dcf3c4b231bc6e8c,phases/p2-gsjso/runs/20260718_qs_cheap_refine_sweep/jobs/cell050_win1_pass2/dense_w2_1_c001_cell050_win1_pass2_val3dity.json,0,EPSG:25832,0.000000000,LoD2 reference opened only after all 18 Roofer conditions; used for scoring and figure only,0,0
cell050_win1_pass2,0.500000000,1,0.500000000,2,DEBY_LOD2_4907194,overseg_smooth.py MLS-style local plane fit and z projection on roof-top class-6 points,phases/p2-gsjso/runs/20260717_qs_cheap_refine_pilot/input/dense_w2_1_c001_classified.laz,e9acd5eb90dc42d88f13485a73fbaf8d10cff76cb5a3063f5f5bc72f51454c4a,phases/p2-gsjso/runs/20260718_qs_cheap_refine_sweep/jobs/cell050_win1_pass2/dense_w2_1_c001_cell050_win1_pass2.laz,7380db6b010585686a23e71af649a298a2e60648c98fd771183d36d786c12b49,47,0.050000000,0.137000000,failure,missing_lod22_geometry,standard,false,false,true,0,2,0.000000000,,,0,0.000000000,0.000000000,212.725209999,0.000000000,false,false,0.000000000,,,0.000000000,0,0.000000000,,0.000000000,phases/p2-gsjso/runs/20260718_qs_cheap_refine_sweep/jobs/cell050_win1_pass2/dense_w2_1_c001_cell050_win1_pass2.city.json,95a4bfe0b5a8cebbe35e24638199920118bd321ed78d6650dcf3c4b231bc6e8c,phases/p2-gsjso/runs/20260718_qs_cheap_refine_sweep/jobs/cell050_win1_pass2/dense_w2_1_c001_cell050_win1_pass2_val3dity.json,0,EPSG:25832,0.000000000,LoD2 reference opened only after all 18 Roofer conditions; used for scoring and figure only,0,0
cell050_win1_pass2,0.500000000,1,0.500000000,2,DEBY_LOD2_4907195,overseg_smooth.py MLS-style local plane fit and z projection on roof-top class-6 points,phases/p2-gsjso/runs/20260717_qs_cheap_refine_pilot/input/dense_w2_1_c001_classified.laz,e9acd5eb90dc42d88f13485a73fbaf8d10cff76cb5a3063f5f5bc72f51454c4a,phases/p2-gsjso/runs/20260718_qs_cheap_refine_sweep/jobs/cell050_win1_pass2/dense_w2_1_c001_cell050_win1_pass2.laz,7380db6b010585686a23e71af649a298a2e60648c98fd771183d36d786c12b49,686,0.090000000,0.517500000,success,success,standard,true,false,true,1,2,0.500000000,0.375089344,0.791497587,158,0.220451983,39.205469996,177.839580000,39.205088127,true,true,1.000000000,0.269773262,0.570649324,0.082079788,0,-0.500000000,0.105316082,0.138372195,phases/p2-gsjso/runs/20260718_qs_cheap_refine_sweep/jobs/cell050_win1_pass2/dense_w2_1_c001_cell050_win1_pass2.city.json,95a4bfe0b5a8cebbe35e24638199920118bd321ed78d6650dcf3c4b231bc6e8c,phases/p2-gsjso/runs/20260718_qs_cheap_refine_sweep/jobs/cell050_win1_pass2/dense_w2_1_c001_cell050_win1_pass2_val3dity.json,0,EPSG:25832,0.000000000,LoD2 reference opened only after all 18 Roofer conditions; used for scoring and figure only,0,0
cell050_win1_pass2,0.500000000,1,0.500000000,2,DEBY_LOD2_4907198,overseg_smooth.py MLS-style local plane fit and z projection on roof-top class-6 points,phases/p2-gsjso/runs/20260717_qs_cheap_refine_pilot/input/dense_w2_1_c001_classified.laz,e9acd5eb90dc42d88f13485a73fbaf8d10cff76cb5a3063f5f5bc72f51454c4a,phases/p2-gsjso/runs/20260718_qs_cheap_refine_sweep/jobs/cell050_win1_pass2/dense_w2_1_c001_cell050_win1_pass2.laz,7380db6b010585686a23e71af649a298a2e60648c98fd771183d36d786c12b49,1309,0.050000000,0.656000000,success,success,standard,true,false,true,1,4,0.250000000,2.297220023,2.819152417,30,0.019963018,7.184356499,359.797467497,7.182643412,true,true,0.250000000,2.127468875,2.595384354,0.014397369,0,0.000000000,0.169751148,0.005565649,phases/p2-gsjso/runs/20260718_qs_cheap_refine_sweep/jobs/cell050_win1_pass2/dense_w2_1_c001_cell050_win1_pass2.city.json,95a4bfe0b5a8cebbe35e24638199920118bd321ed78d6650dcf3c4b231bc6e8c,phases/p2-gsjso/runs/20260718_qs_cheap_refine_sweep/jobs/cell050_win1_pass2/dense_w2_1_c001_cell050_win1_pass2_val3dity.json,0,EPSG:25832,0.000000000,LoD2 reference opened only after all 18 Roofer conditions; used for scoring and figure only,0,0
cell050_win1_pass2,0.500000000,1,0.500000000,2,DEBY_LOD2_4907199,overseg_smooth.py MLS-style local plane fit and z projection on roof-top class-6 points,phases/p2-gsjso/runs/20260717_qs_cheap_refine_pilot/input/dense_w2_1_c001_classified.laz,e9acd5eb90dc42d88f13485a73fbaf8d10cff76cb5a3063f5f5bc72f51454c4a,phases/p2-gsjso/runs/20260718_qs_cheap_refine_sweep/jobs/cell050_win1_pass2/dense_w2_1_c001_cell050_win1_pass2.laz,7380db6b010585686a23e71af649a298a2e60648c98fd771183d36d786c12b49,4,0.030000000,0.047000000,failure,pointcloud_unusable_no_points,skip,false,false,true,0,1,0.000000000,,,0,0.000000000,0.000000000,98.346449999,0.000000000,false,true,0.000000000,,,0.000000000,0,0.000000000,,0.000000000,phases/p2-gsjso/runs/20260718_qs_cheap_refine_sweep/jobs/cell050_win1_pass2/dense_w2_1_c001_cell050_win1_pass2.city.json,95a4bfe0b5a8cebbe35e24638199920118bd321ed78d6650dcf3c4b231bc6e8c,phases/p2-gsjso/runs/20260718_qs_cheap_refine_sweep/jobs/cell050_win1_pass2/dense_w2_1_c001_cell050_win1_pass2_val3dity.json,0,EPSG:25832,0.000000000,LoD2 reference opened only after all 18 Roofer conditions; used for scoring and figure only,0,0
cell050_win1_pass2,0.500000000,1,0.500000000,2,DEBY_LOD2_4907202,overseg_smooth.py MLS-style local plane fit and z projection on roof-top class-6 points,phases/p2-gsjso/runs/20260717_qs_cheap_refine_pilot/input/dense_w2_1_c001_classified.laz,e9acd5eb90dc42d88f13485a73fbaf8d10cff76cb5a3063f5f5bc72f51454c4a,phases/p2-gsjso/runs/20260718_qs_cheap_refine_sweep/jobs/cell050_win1_pass2/dense_w2_1_c001_cell050_win1_pass2.laz,7380db6b010585686a23e71af649a298a2e60648c98fd771183d36d786c12b49,5229,0.070000000,0.620000000,success,success,standard,true,false,true,2,2,1.000000000,0.578736244,3.778064944,641,0.999897096,160.598534994,160.461520004,160.445007864,true,true,1.500000000,0.563657590,3.486506786,0.994591924,0,-0.500000000,0.015078654,0.005305172,phases/p2-gsjso/runs/20260718_qs_cheap_refine_sweep/jobs/cell050_win1_pass2/dense_w2_1_c001_cell050_win1_pass2.city.json,95a4bfe0b5a8cebbe35e24638199920118bd321ed78d6650dcf3c4b231bc6e8c,phases/p2-gsjso/runs/20260718_qs_cheap_refine_sweep/jobs/cell050_win1_pass2/dense_w2_1_c001_cell050_win1_pass2_val3dity.json,0,EPSG:25832,0.000000000,LoD2 reference opened only after all 18 Roofer conditions; used for scoring and figure only,0,0
cell050_win1_pass2,0.500000000,1,0.500000000,2,DEBY_LOD2_4908168,overseg_smooth.py MLS-style local plane fit and z projection on roof-top class-6 points,phases/p2-gsjso/runs/20260717_qs_cheap_refine_pilot/input/dense_w2_1_c001_classified.laz,e9acd5eb90dc42d88f13485a73fbaf8d10cff76cb5a3063f5f5bc72f51454c4a,phases/p2-gsjso/runs/20260718_qs_cheap_refine_sweep/jobs/cell050_win1_pass2/dense_w2_1_c001_cell050_win1_pass2.laz,7380db6b010585686a23e71af649a298a2e60648c98fd771183d36d786c12b49,752,0.010000000,0.114500000,success,success,standard,true,false,true,1,1,1.000000000,0.174514048,0.432899846,114,0.999745093,28.825925500,28.831400000,28.824050666,true,true,1.000000000,0.178913202,0.442979418,0.999879645,0,0.000000000,-0.004399154,-0.000134552,phases/p2-gsjso/runs/20260718_qs_cheap_refine_sweep/jobs/cell050_win1_pass2/dense_w2_1_c001_cell050_win1_pass2.city.json,95a4bfe0b5a8cebbe35e24638199920118bd321ed78d6650dcf3c4b231bc6e8c,phases/p2-gsjso/runs/20260718_qs_cheap_refine_sweep/jobs/cell050_win1_pass2/dense_w2_1_c001_cell050_win1_pass2_val3dity.json,0,EPSG:25832,0.000000000,LoD2 reference opened only after all 18 Roofer conditions; used for scoring and figure only,0,0
cell050_win1_pass2,0.500000000,1,0.500000000,2,DEBY_LOD2_4908178,overseg_smooth.py MLS-style local plane fit and z projection on roof-top class-6 points,phases/p2-gsjso/runs/20260717_qs_cheap_refine_pilot/input/dense_w2_1_c001_classified.laz,e9acd5eb90dc42d88f13485a73fbaf8d10cff76cb5a3063f5f5bc72f51454c4a,phases/p2-gsjso/runs/20260718_qs_cheap_refine_sweep/jobs/cell050_win1_pass2/dense_w2_1_c001_cell050_win1_pass2.laz,7380db6b010585686a23e71af649a298a2e60648c98fd771183d36d786c12b49,421,0.020000000,0.260000000,failure,missing_lod22_geometry,standard,false,false,true,0,2,0.000000000,,,0,0.000000000,0.000000000,113.412679999,0.000000000,true,true,0.500000000,0.624888129,1.520071182,0.999921002,-1,-0.500000000,,-0.999921002,phases/p2-gsjso/runs/20260718_qs_cheap_refine_sweep/jobs/cell050_win1_pass2/dense_w2_1_c001_cell050_win1_pass2.city.json,95a4bfe0b5a8cebbe35e24638199920118bd321ed78d6650dcf3c4b231bc6e8c,phases/p2-gsjso/runs/20260718_qs_cheap_refine_sweep/jobs/cell050_win1_pass2/dense_w2_1_c001_cell050_win1_pass2_val3dity.json,0,EPSG:25832,0.000000000,LoD2 reference opened only after all 18 Roofer conditions; used for scoring and figure only,0,0
cell050_win1_pass2,0.500000000,1,0.500000000,2,DEBY_LOD2_4908179,overseg_smooth.py MLS-style local plane fit and z projection on roof-top class-6 points,phases/p2-gsjso/runs/20260717_qs_cheap_refine_pilot/input/dense_w2_1_c001_classified.laz,e9acd5eb90dc42d88f13485a73fbaf8d10cff76cb5a3063f5f5bc72f51454c4a,phases/p2-gsjso/runs/20260718_qs_cheap_refine_sweep/jobs/cell050_win1_pass2/dense_w2_1_c001_cell050_win1_pass2.laz,7380db6b010585686a23e71af649a298a2e60648c98fd771183d36d786c12b49,0,,,failure,pointcloud_unusable_no_points,skip,false,false,true,0,1,0.000000000,,,0,0.000000000,0.000000000,118.249599998,0.000000000,false,false,0.000000000,,,0.000000000,0,0.000000000,,0.000000000,phases/p2-gsjso/runs/20260718_qs_cheap_refine_sweep/jobs/cell050_win1_pass2/dense_w2_1_c001_cell050_win1_pass2.city.json,95a4bfe0b5a8cebbe35e24638199920118bd321ed78d6650dcf3c4b231bc6e8c,phases/p2-gsjso/runs/20260718_qs_cheap_refine_sweep/jobs/cell050_win1_pass2/dense_w2_1_c001_cell050_win1_pass2_val3dity.json,0,EPSG:25832,0.000000000,LoD2 reference opened only after all 18 Roofer conditions; used for scoring and figure only,0,0
cell050_win1_pass2,0.500000000,1,0.500000000,2,DEBY_LOD2_60098,overseg_smooth.py MLS-style local plane fit and z projection on roof-top class-6 points,phases/p2-gsjso/runs/20260717_qs_cheap_refine_pilot/input/dense_w2_1_c001_classified.laz,e9acd5eb90dc42d88f13485a73fbaf8d10cff76cb5a3063f5f5bc72f51454c4a,phases/p2-gsjso/runs/20260718_qs_cheap_refine_sweep/jobs/cell050_win1_pass2/dense_w2_1_c001_cell050_win1_pass2.laz,7380db6b010585686a23e71af649a298a2e60648c98fd771183d36d786c12b49,668,0.100000000,0.400000000,success,success,standard,true,false,true,3,2,1.500000000,2.869841519,9.582853380,786,0.999912007,195.945560498,195.925425003,195.908184934,true,true,1.500000000,2.991955569,9.730518924,0.999898969,0,0.000000000,-0.122114050,0.000013038,phases/p2-gsjso/runs/20260718_qs_cheap_refine_sweep/jobs/cell050_win1_pass2/dense_w2_1_c001_cell050_win1_pass2.city.json,95a4bfe0b5a8cebbe35e24638199920118bd321ed78d6650dcf3c4b231bc6e8c,phases/p2-gsjso/runs/20260718_qs_cheap_refine_sweep/jobs/cell050_win1_pass2/dense_w2_1_c001_cell050_win1_pass2_val3dity.json,0,EPSG:25832,0.000000000,LoD2 reference opened only after all 18 Roofer conditions; used for scoring and figure only,0,0
cell050_win1_pass2,0.500000000,1,0.500000000,2,DEBY_LOD2_8568391,overseg_smooth.py MLS-style local plane fit and z projection on roof-top class-6 points,phases/p2-gsjso/runs/20260717_qs_cheap_refine_pilot/input/dense_w2_1_c001_classified.laz,e9acd5eb90dc42d88f13485a73fbaf8d10cff76cb5a3063f5f5bc72f51454c4a,phases/p2-gsjso/runs/20260718_qs_cheap_refine_sweep/jobs/cell050_win1_pass2/dense_w2_1_c001_cell050_win1_pass2.laz,7380db6b010585686a23e71af649a298a2e60648c98fd771183d36d786c12b49,0,,,failure,pointcloud_unusable_no_points,skip,false,false,true,0,1,0.000000000,,,0,0.000000000,0.000000000,55.535699997,0.000000000,false,true,0.000000000,,,0.000000000,0,0.000000000,,0.000000000,phases/p2-gsjso/runs/20260718_qs_cheap_refine_sweep/jobs/cell050_win1_pass2/dense_w2_1_c001_cell050_win1_pass2.city.json,95a4bfe0b5a8cebbe35e24638199920118bd321ed78d6650dcf3c4b231bc6e8c,phases/p2-gsjso/runs/20260718_qs_cheap_refine_sweep/jobs/cell050_win1_pass2/dense_w2_1_c001_cell050_win1_pass2_val3dity.json,0,EPSG:25832,0.000000000,LoD2 reference opened only after all 18 Roofer conditions; used for scoring and figure only,0,0
cell050_win1_pass2,0.500000000,1,0.500000000,2,DEBY_LOD2_8568392,overseg_smooth.py MLS-style local plane fit and z projection on roof-top class-6 points,phases/p2-gsjso/runs/20260717_qs_cheap_refine_pilot/input/dense_w2_1_c001_classified.laz,e9acd5eb90dc42d88f13485a73fbaf8d10cff76cb5a3063f5f5bc72f51454c4a,phases/p2-gsjso/runs/20260718_qs_cheap_refine_sweep/jobs/cell050_win1_pass2/dense_w2_1_c001_cell050_win1_pass2.laz,7380db6b010585686a23e71af649a298a2e60648c98fd771183d36d786c12b49,0,,,failure,pointcloud_unusable_no_points,skip,false,false,true,0,1,0.000000000,,,0,0.000000000,0.000000000,5.797516501,0.000000000,false,true,0.000000000,,,0.000000000,0,0.000000000,,0.000000000,phases/p2-gsjso/runs/20260718_qs_cheap_refine_sweep/jobs/cell050_win1_pass2/dense_w2_1_c001_cell050_win1_pass2.city.json,95a4bfe0b5a8cebbe35e24638199920118bd321ed78d6650dcf3c4b231bc6e8c,phases/p2-gsjso/runs/20260718_qs_cheap_refine_sweep/jobs/cell050_win1_pass2/dense_w2_1_c001_cell050_win1_pass2_val3dity.json,0,EPSG:25832,0.000000000,LoD2 reference opened only after all 18 Roofer conditions; used for scoring and figure only,0,0
cell050_win2_pass1,0.500000000,2,1.000000000,1,DEBY_LOD2_108247349,overseg_smooth.py MLS-style local plane fit and z projection on roof-top class-6 points,phases/p2-gsjso/runs/20260717_qs_cheap_refine_pilot/input/dense_w2_1_c001_classified.laz,e9acd5eb90dc42d88f13485a73fbaf8d10cff76cb5a3063f5f5bc72f51454c4a,phases/p2-gsjso/runs/20260718_qs_cheap_refine_sweep/jobs/cell050_win2_pass1/dense_w2_1_c001_cell050_win2_pass1.laz,4184cf45bd6cb30fce5d23fe51cc5b1a85ba19d891aed592a3fb1ec087f1f85a,0,,,failure,pointcloud_unusable_no_points,skip,false,false,true,0,1,0.000000000,,,0,0.000000000,0.000000000,101.102650001,0.000000000,false,false,0.000000000,,,0.000000000,0,0.000000000,,0.000000000,phases/p2-gsjso/runs/20260718_qs_cheap_refine_sweep/jobs/cell050_win2_pass1/dense_w2_1_c001_cell050_win2_pass1.city.json,a733a57ba6793b89402147d8ddc7a24b3b72478b71e9c1bd4958793e8d242985,phases/p2-gsjso/runs/20260718_qs_cheap_refine_sweep/jobs/cell050_win2_pass1/dense_w2_1_c001_cell050_win2_pass1_val3dity.json,0,EPSG:25832,0.000000000,LoD2 reference opened only after all 18 Roofer conditions; used for scoring and figure only,0,0
cell050_win2_pass1,0.500000000,2,1.000000000,1,DEBY_LOD2_108247350,overseg_smooth.py MLS-style local plane fit and z projection on roof-top class-6 points,phases/p2-gsjso/runs/20260717_qs_cheap_refine_pilot/input/dense_w2_1_c001_classified.laz,e9acd5eb90dc42d88f13485a73fbaf8d10cff76cb5a3063f5f5bc72f51454c4a,phases/p2-gsjso/runs/20260718_qs_cheap_refine_sweep/jobs/cell050_win2_pass1/dense_w2_1_c001_cell050_win2_pass1.laz,4184cf45bd6cb30fce5d23fe51cc5b1a85ba19d891aed592a3fb1ec087f1f85a,3,0.010000000,0.010000000,failure,pointcloud_unusable_no_points,skip,false,false,true,0,1,0.000000000,,,0,0.000000000,0.000000000,12.137050000,0.000000000,false,true,0.000000000,,,0.000000000,0,0.000000000,,0.000000000,phases/p2-gsjso/runs/20260718_qs_cheap_refine_sweep/jobs/cell050_win2_pass1/dense_w2_1_c001_cell050_win2_pass1.city.json,a733a57ba6793b89402147d8ddc7a24b3b72478b71e9c1bd4958793e8d242985,phases/p2-gsjso/runs/20260718_qs_cheap_refine_sweep/jobs/cell050_win2_pass1/dense_w2_1_c001_cell050_win2_pass1_val3dity.json,0,EPSG:25832,0.000000000,LoD2 reference opened only after all 18 Roofer conditions; used for scoring and figure only,0,0
cell050_win2_pass1,0.500000000,2,1.000000000,1,DEBY_LOD2_108247351,overseg_smooth.py MLS-style local plane fit and z projection on roof-top class-6 points,phases/p2-gsjso/runs/20260717_qs_cheap_refine_pilot/input/dense_w2_1_c001_classified.laz,e9acd5eb90dc42d88f13485a73fbaf8d10cff76cb5a3063f5f5bc72f51454c4a,phases/p2-gsjso/runs/20260718_qs_cheap_refine_sweep/jobs/cell050_win2_pass1/dense_w2_1_c001_cell050_win2_pass1.laz,4184cf45bd6cb30fce5d23fe51cc5b1a85ba19d891aed592a3fb1ec087f1f85a,0,,,failure,pointcloud_unusable_no_points,skip,false,false,true,0,1,0.000000000,,,0,0.000000000,0.000000000,65.278499998,0.000000000,false,true,0.000000000,,,0.000000000,0,0.000000000,,0.000000000,phases/p2-gsjso/runs/20260718_qs_cheap_refine_sweep/jobs/cell050_win2_pass1/dense_w2_1_c001_cell050_win2_pass1.city.json,a733a57ba6793b89402147d8ddc7a24b3b72478b71e9c1bd4958793e8d242985,phases/p2-gsjso/runs/20260718_qs_cheap_refine_sweep/jobs/cell050_win2_pass1/dense_w2_1_c001_cell050_win2_pass1_val3dity.json,0,EPSG:25832,0.000000000,LoD2 reference opened only after all 18 Roofer conditions; used for scoring and figure only,0,0
cell050_win2_pass1,0.500000000,2,1.000000000,1,DEBY_LOD2_4907184,overseg_smooth.py MLS-style local plane fit and z projection on roof-top class-6 points,phases/p2-gsjso/runs/20260717_qs_cheap_refine_pilot/input/dense_w2_1_c001_classified.laz,e9acd5eb90dc42d88f13485a73fbaf8d10cff76cb5a3063f5f5bc72f51454c4a,phases/p2-gsjso/runs/20260718_qs_cheap_refine_sweep/jobs/cell050_win2_pass1/dense_w2_1_c001_cell050_win2_pass1.laz,4184cf45bd6cb30fce5d23fe51cc5b1a85ba19d891aed592a3fb1ec087f1f85a,201892,0.060000000,0.610000000,success,success,standard,true,false,true,8,4,2.000000000,0.466510630,2.625995589,1356,0.999941268,337.889679495,337.863561498,337.843718138,true,true,1.500000000,0.354716522,2.638333513,0.995567105,0,0.500000000,0.111794108,0.004374163,phases/p2-gsjso/runs/20260718_qs_cheap_refine_sweep/jobs/cell050_win2_pass1/dense_w2_1_c001_cell050_win2_pass1.city.json,a733a57ba6793b89402147d8ddc7a24b3b72478b71e9c1bd4958793e8d242985,phases/p2-gsjso/runs/20260718_qs_cheap_refine_sweep/jobs/cell050_win2_pass1/dense_w2_1_c001_cell050_win2_pass1_val3dity.json,0,EPSG:25832,0.000000000,LoD2 reference opened only after all 18 Roofer conditions; used for scoring and figure only,0,0
cell050_win2_pass1,0.500000000,2,1.000000000,1,DEBY_LOD2_4907185,overseg_smooth.py MLS-style local plane fit and z projection on roof-top class-6 points,phases/p2-gsjso/runs/20260717_qs_cheap_refine_pilot/input/dense_w2_1_c001_classified.laz,e9acd5eb90dc42d88f13485a73fbaf8d10cff76cb5a3063f5f5bc72f51454c4a,phases/p2-gsjso/runs/20260718_qs_cheap_refine_sweep/jobs/cell050_win2_pass1/dense_w2_1_c001_cell050_win2_pass1.laz,4184cf45bd6cb30fce5d23fe51cc5b1a85ba19d891aed592a3fb1ec087f1f85a,3488,0.000000000,0.720000000,success,success,standard,true,false,true,5,2,2.500000000,3.083186612,8.604462219,648,0.999982470,161.065037001,160.981467003,160.978645076,true,true,1.500000000,2.613993006,10.997450351,0.999948727,0,1.000000000,0.469193606,0.000033743,phases/p2-gsjso/runs/20260718_qs_cheap_refine_sweep/jobs/cell050_win2_pass1/dense_w2_1_c001_cell050_win2_pass1.city.json,a733a57ba6793b89402147d8ddc7a24b3b72478b71e9c1bd4958793e8d242985,phases/p2-gsjso/runs/20260718_qs_cheap_refine_sweep/jobs/cell050_win2_pass1/dense_w2_1_c001_cell050_win2_pass1_val3dity.json,0,EPSG:25832,0.000000000,LoD2 reference opened only after all 18 Roofer conditions; used for scoring and figure only,0,0
cell050_win2_pass1,0.500000000,2,1.000000000,1,DEBY_LOD2_4907186,overseg_smooth.py MLS-style local plane fit and z projection on roof-top class-6 points,phases/p2-gsjso/runs/20260717_qs_cheap_refine_pilot/input/dense_w2_1_c001_classified.laz,e9acd5eb90dc42d88f13485a73fbaf8d10cff76cb5a3063f5f5bc72f51454c4a,phases/p2-gsjso/runs/20260718_qs_cheap_refine_sweep/jobs/cell050_win2_pass1/dense_w2_1_c001_cell050_win2_pass1.laz,4184cf45bd6cb30fce5d23fe51cc5b1a85ba19d891aed592a3fb1ec087f1f85a,480,0.060000000,0.621500000,success,success,standard,true,false,true,1,2,0.500000000,0.673449054,0.977932132,69,0.103811601,17.423734999,167.832339001,17.422943817,true,true,1.000000000,3.543989669,11.354917333,0.999810607,0,-0.500000000,-2.870540615,-0.895999006,phases/p2-gsjso/runs/20260718_qs_cheap_refine_sweep/jobs/cell050_win2_pass1/dense_w2_1_c001_cell050_win2_pass1.city.json,a733a57ba6793b89402147d8ddc7a24b3b72478b71e9c1bd4958793e8d242985,phases/p2-gsjso/runs/20260718_qs_cheap_refine_sweep/jobs/cell050_win2_pass1/dense_w2_1_c001_cell050_win2_pass1_val3dity.json,0,EPSG:25832,0.000000000,LoD2 reference opened only after all 18 Roofer conditions; used for scoring and figure only,0,0
cell050_win2_pass1,0.500000000,2,1.000000000,1,DEBY_LOD2_4907188,overseg_smooth.py MLS-style local plane fit and z projection on roof-top class-6 points,phases/p2-gsjso/runs/20260717_qs_cheap_refine_pilot/input/dense_w2_1_c001_classified.laz,e9acd5eb90dc42d88f13485a73fbaf8d10cff76cb5a3063f5f5bc72f51454c4a,phases/p2-gsjso/runs/20260718_qs_cheap_refine_sweep/jobs/cell050_win2_pass1/dense_w2_1_c001_cell050_win2_pass1.laz,4184cf45bd6cb30fce5d23fe51cc5b1a85ba19d891aed592a3fb1ec087f1f85a,1118,0.100000000,0.701500000,success,success,standard,true,false,true,5,2,2.500000000,1.480482297,7.044150463,666,0.999916697,165.881418001,165.881390000,165.867571604,true,true,1.500000000,1.354221199,4.138715144,0.999949573,0,1.000000000,0.126261098,-0.000032876,phases/p2-gsjso/runs/20260718_qs_cheap_refine_sweep/jobs/cell050_win2_pass1/dense_w2_1_c001_cell050_win2_pass1.city.json,a733a57ba6793b89402147d8ddc7a24b3b72478b71e9c1bd4958793e8d242985,phases/p2-gsjso/runs/20260718_qs_cheap_refine_sweep/jobs/cell050_win2_pass1/dense_w2_1_c001_cell050_win2_pass1_val3dity.json,0,EPSG:25832,0.000000000,LoD2 reference opened only after all 18 Roofer conditions; used for scoring and figure only,0,0
cell050_win2_pass1,0.500000000,2,1.000000000,1,DEBY_LOD2_4907194,overseg_smooth.py MLS-style local plane fit and z projection on roof-top class-6 points,phases/p2-gsjso/runs/20260717_qs_cheap_refine_pilot/input/dense_w2_1_c001_classified.laz,e9acd5eb90dc42d88f13485a73fbaf8d10cff76cb5a3063f5f5bc72f51454c4a,phases/p2-gsjso/runs/20260718_qs_cheap_refine_sweep/jobs/cell050_win2_pass1/dense_w2_1_c001_cell050_win2_pass1.laz,4184cf45bd6cb30fce5d23fe51cc5b1a85ba19d891aed592a3fb1ec087f1f85a,47,0.070000000,0.257000000,failure,missing_lod22_geometry,standard,false,false,true,0,2,0.000000000,,,0,0.000000000,0.000000000,212.725209999,0.000000000,false,false,0.000000000,,,0.000000000,0,0.000000000,,0.000000000,phases/p2-gsjso/runs/20260718_qs_cheap_refine_sweep/jobs/cell050_win2_pass1/dense_w2_1_c001_cell050_win2_pass1.city.json,a733a57ba6793b89402147d8ddc7a24b3b72478b71e9c1bd4958793e8d242985,phases/p2-gsjso/runs/20260718_qs_cheap_refine_sweep/jobs/cell050_win2_pass1/dense_w2_1_c001_cell050_win2_pass1_val3dity.json,0,EPSG:25832,0.000000000,LoD2 reference opened only after all 18 Roofer conditions; used for scoring and figure only,0,0
cell050_win2_pass1,0.500000000,2,1.000000000,1,DEBY_LOD2_4907195,overseg_smooth.py MLS-style local plane fit and z projection on roof-top class-6 points,phases/p2-gsjso/runs/20260717_qs_cheap_refine_pilot/input/dense_w2_1_c001_classified.laz,e9acd5eb90dc42d88f13485a73fbaf8d10cff76cb5a3063f5f5bc72f51454c4a,phases/p2-gsjso/runs/20260718_qs_cheap_refine_sweep/jobs/cell050_win2_pass1/dense_w2_1_c001_cell050_win2_pass1.laz,4184cf45bd6cb30fce5d23fe51cc5b1a85ba19d891aed592a3fb1ec087f1f85a,686,0.100000000,0.510000000,success,success,standard,true,false,true,1,2,0.500000000,0.379562629,0.762140240,163,0.227206038,40.406357001,177.839580000,40.406226342,true,true,1.000000000,0.269773262,0.570649324,0.082079788,0,-0.500000000,0.109789367,0.145126250,phases/p2-gsjso/runs/20260718_qs_cheap_refine_sweep/jobs/cell050_win2_pass1/dense_w2_1_c001_cell050_win2_pass1.city.json,a733a57ba6793b89402147d8ddc7a24b3b72478b71e9c1bd4958793e8d242985,phases/p2-gsjso/runs/20260718_qs_cheap_refine_sweep/jobs/cell050_win2_pass1/dense_w2_1_c001_cell050_win2_pass1_val3dity.json,0,EPSG:25832,0.000000000,LoD2 reference opened only after all 18 Roofer conditions; used for scoring and figure only,0,0
cell050_win2_pass1,0.500000000,2,1.000000000,1,DEBY_LOD2_4907198,overseg_smooth.py MLS-style local plane fit and z projection on roof-top class-6 points,phases/p2-gsjso/runs/20260717_qs_cheap_refine_pilot/input/dense_w2_1_c001_classified.laz,e9acd5eb90dc42d88f13485a73fbaf8d10cff76cb5a3063f5f5bc72f51454c4a,phases/p2-gsjso/runs/20260718_qs_cheap_refine_sweep/jobs/cell050_win2_pass1/dense_w2_1_c001_cell050_win2_pass1.laz,4184cf45bd6cb30fce5d23fe51cc5b1a85ba19d891aed592a3fb1ec087f1f85a,1309,0.050000000,0.726000000,failure,missing_lod22_geometry,standard,false,false,true,0,4,0.000000000,,,0,0.000000000,0.000000000,359.797467497,0.000000000,true,true,0.250000000,2.127468875,2.595384354,0.014397369,-1,-0.250000000,,-0.014397369,phases/p2-gsjso/runs/20260718_qs_cheap_refine_sweep/jobs/cell050_win2_pass1/dense_w2_1_c001_cell050_win2_pass1.city.json,a733a57ba6793b89402147d8ddc7a24b3b72478b71e9c1bd4958793e8d242985,phases/p2-gsjso/runs/20260718_qs_cheap_refine_sweep/jobs/cell050_win2_pass1/dense_w2_1_c001_cell050_win2_pass1_val3dity.json,0,EPSG:25832,0.000000000,LoD2 reference opened only after all 18 Roofer conditions; used for scoring and figure only,0,0
cell050_win2_pass1,0.500000000,2,1.000000000,1,DEBY_LOD2_4907199,overseg_smooth.py MLS-style local plane fit and z projection on roof-top class-6 points,phases/p2-gsjso/runs/20260717_qs_cheap_refine_pilot/input/dense_w2_1_c001_classified.laz,e9acd5eb90dc42d88f13485a73fbaf8d10cff76cb5a3063f5f5bc72f51454c4a,phases/p2-gsjso/runs/20260718_qs_cheap_refine_sweep/jobs/cell050_win2_pass1/dense_w2_1_c001_cell050_win2_pass1.laz,4184cf45bd6cb30fce5d23fe51cc5b1a85ba19d891aed592a3fb1ec087f1f85a,4,0.030000000,0.038500000,failure,pointcloud_unusable_no_points,skip,false,false,true,0,1,0.000000000,,,0,0.000000000,0.000000000,98.346449999,0.000000000,false,true,0.000000000,,,0.000000000,0,0.000000000,,0.000000000,phases/p2-gsjso/runs/20260718_qs_cheap_refine_sweep/jobs/cell050_win2_pass1/dense_w2_1_c001_cell050_win2_pass1.city.json,a733a57ba6793b89402147d8ddc7a24b3b72478b71e9c1bd4958793e8d242985,phases/p2-gsjso/runs/20260718_qs_cheap_refine_sweep/jobs/cell050_win2_pass1/dense_w2_1_c001_cell050_win2_pass1_val3dity.json,0,EPSG:25832,0.000000000,LoD2 reference opened only after all 18 Roofer conditions; used for scoring and figure only,0,0
cell050_win2_pass1,0.500000000,2,1.000000000,1,DEBY_LOD2_4907202,overseg_smooth.py MLS-style local plane fit and z projection on roof-top class-6 points,phases/p2-gsjso/runs/20260717_qs_cheap_refine_pilot/input/dense_w2_1_c001_classified.laz,e9acd5eb90dc42d88f13485a73fbaf8d10cff76cb5a3063f5f5bc72f51454c4a,phases/p2-gsjso/runs/20260718_qs_cheap_refine_sweep/jobs/cell050_win2_pass1/dense_w2_1_c001_cell050_win2_pass1.laz,4184cf45bd6cb30fce5d23fe51cc5b1a85ba19d891aed592a3fb1ec087f1f85a,5229,0.090000000,0.950000000,success,success,standard,true,false,true,2,2,1.000000000,0.544734182,3.645202975,646,0.999892821,160.595387993,160.461520004,160.444321905,true,true,1.500000000,0.563657590,3.486506786,0.994591924,0,-0.500000000,-0.018923408,0.005300897,phases/p2-gsjso/runs/20260718_qs_cheap_refine_sweep/jobs/cell050_win2_pass1/dense_w2_1_c001_cell050_win2_pass1.city.json,a733a57ba6793b89402147d8ddc7a24b3b72478b71e9c1bd4958793e8d242985,phases/p2-gsjso/runs/20260718_qs_cheap_refine_sweep/jobs/cell050_win2_pass1/dense_w2_1_c001_cell050_win2_pass1_val3dity.json,0,EPSG:25832,0.000000000,LoD2 reference opened only after all 18 Roofer conditions; used for scoring and figure only,0,0
cell050_win2_pass1,0.500000000,2,1.000000000,1,DEBY_LOD2_4908168,overseg_smooth.py MLS-style local plane fit and z projection on roof-top class-6 points,phases/p2-gsjso/runs/20260717_qs_cheap_refine_pilot/input/dense_w2_1_c001_classified.laz,e9acd5eb90dc42d88f13485a73fbaf8d10cff76cb5a3063f5f5bc72f51454c4a,phases/p2-gsjso/runs/20260718_qs_cheap_refine_sweep/jobs/cell050_win2_pass1/dense_w2_1_c001_cell050_win2_pass1.laz,4184cf45bd6cb30fce5d23fe51cc5b1a85ba19d891aed592a3fb1ec087f1f85a,752,0.010000000,0.120000000,success,success,standard,true,false,true,1,1,1.000000000,0.170495460,0.423377041,114,0.999745093,28.825925500,28.831400000,28.824050666,true,true,1.000000000,0.178913202,0.442979418,0.999879645,0,0.000000000,-0.008417742,-0.000134552,phases/p2-gsjso/runs/20260718_qs_cheap_refine_sweep/jobs/cell050_win2_pass1/dense_w2_1_c001_cell050_win2_pass1.city.json,a733a57ba6793b89402147d8ddc7a24b3b72478b71e9c1bd4958793e8d242985,phases/p2-gsjso/runs/20260718_qs_cheap_refine_sweep/jobs/cell050_win2_pass1/dense_w2_1_c001_cell050_win2_pass1_val3dity.json,0,EPSG:25832,0.000000000,LoD2 reference opened only after all 18 Roofer conditions; used for scoring and figure only,0,0
cell050_win2_pass1,0.500000000,2,1.000000000,1,DEBY_LOD2_4908178,overseg_smooth.py MLS-style local plane fit and z projection on roof-top class-6 points,phases/p2-gsjso/runs/20260717_qs_cheap_refine_pilot/input/dense_w2_1_c001_classified.laz,e9acd5eb90dc42d88f13485a73fbaf8d10cff76cb5a3063f5f5bc72f51454c4a,phases/p2-gsjso/runs/20260718_qs_cheap_refine_sweep/jobs/cell050_win2_pass1/dense_w2_1_c001_cell050_win2_pass1.laz,4184cf45bd6cb30fce5d23fe51cc5b1a85ba19d891aed592a3fb1ec087f1f85a,421,0.030000000,0.290000000,failure,missing_lod22_geometry,standard,false,false,true,0,2,0.000000000,,,0,0.000000000,0.000000000,113.412679999,0.000000000,true,true,0.500000000,0.624888129,1.520071182,0.999921002,-1,-0.500000000,,-0.999921002,phases/p2-gsjso/runs/20260718_qs_cheap_refine_sweep/jobs/cell050_win2_pass1/dense_w2_1_c001_cell050_win2_pass1.city.json,a733a57ba6793b89402147d8ddc7a24b3b72478b71e9c1bd4958793e8d242985,phases/p2-gsjso/runs/20260718_qs_cheap_refine_sweep/jobs/cell050_win2_pass1/dense_w2_1_c001_cell050_win2_pass1_val3dity.json,0,EPSG:25832,0.000000000,LoD2 reference opened only after all 18 Roofer conditions; used for scoring and figure only,0,0
cell050_win2_pass1,0.500000000,2,1.000000000,1,DEBY_LOD2_4908179,overseg_smooth.py MLS-style local plane fit and z projection on roof-top class-6 points,phases/p2-gsjso/runs/20260717_qs_cheap_refine_pilot/input/dense_w2_1_c001_classified.laz,e9acd5eb90dc42d88f13485a73fbaf8d10cff76cb5a3063f5f5bc72f51454c4a,phases/p2-gsjso/runs/20260718_qs_cheap_refine_sweep/jobs/cell050_win2_pass1/dense_w2_1_c001_cell050_win2_pass1.laz,4184cf45bd6cb30fce5d23fe51cc5b1a85ba19d891aed592a3fb1ec087f1f85a,0,,,failure,pointcloud_unusable_no_points,skip,false,false,true,0,1,0.000000000,,,0,0.000000000,0.000000000,118.249599998,0.000000000,false,false,0.000000000,,,0.000000000,0,0.000000000,,0.000000000,phases/p2-gsjso/runs/20260718_qs_cheap_refine_sweep/jobs/cell050_win2_pass1/dense_w2_1_c001_cell050_win2_pass1.city.json,a733a57ba6793b89402147d8ddc7a24b3b72478b71e9c1bd4958793e8d242985,phases/p2-gsjso/runs/20260718_qs_cheap_refine_sweep/jobs/cell050_win2_pass1/dense_w2_1_c001_cell050_win2_pass1_val3dity.json,0,EPSG:25832,0.000000000,LoD2 reference opened only after all 18 Roofer conditions; used for scoring and figure only,0,0
cell050_win2_pass1,0.500000000,2,1.000000000,1,DEBY_LOD2_60098,overseg_smooth.py MLS-style local plane fit and z projection on roof-top class-6 points,phases/p2-gsjso/runs/20260717_qs_cheap_refine_pilot/input/dense_w2_1_c001_classified.laz,e9acd5eb90dc42d88f13485a73fbaf8d10cff76cb5a3063f5f5bc72f51454c4a,phases/p2-gsjso/runs/20260718_qs_cheap_refine_sweep/jobs/cell050_win2_pass1/dense_w2_1_c001_cell050_win2_pass1.laz,4184cf45bd6cb30fce5d23fe51cc5b1a85ba19d891aed592a3fb1ec087f1f85a,668,0.105000000,0.450000000,success,success,standard,true,false,true,3,2,1.500000000,2.758894521,9.188396087,786,0.999912295,195.943383996,195.925425003,195.908241382,true,true,1.500000000,2.991955569,9.730518924,0.999898969,0,0.000000000,-0.233061048,0.000013326,phases/p2-gsjso/runs/20260718_qs_cheap_refine_sweep/jobs/cell050_win2_pass1/dense_w2_1_c001_cell050_win2_pass1.city.json,a733a57ba6793b89402147d8ddc7a24b3b72478b71e9c1bd4958793e8d242985,phases/p2-gsjso/runs/20260718_qs_cheap_refine_sweep/jobs/cell050_win2_pass1/dense_w2_1_c001_cell050_win2_pass1_val3dity.json,0,EPSG:25832,0.000000000,LoD2 reference opened only after all 18 Roofer conditions; used for scoring and figure only,0,0
cell050_win2_pass1,0.500000000,2,1.000000000,1,DEBY_LOD2_8568391,overseg_smooth.py MLS-style local plane fit and z projection on roof-top class-6 points,phases/p2-gsjso/runs/20260717_qs_cheap_refine_pilot/input/dense_w2_1_c001_classified.laz,e9acd5eb90dc42d88f13485a73fbaf8d10cff76cb5a3063f5f5bc72f51454c4a,phases/p2-gsjso/runs/20260718_qs_cheap_refine_sweep/jobs/cell050_win2_pass1/dense_w2_1_c001_cell050_win2_pass1.laz,4184cf45bd6cb30fce5d23fe51cc5b1a85ba19d891aed592a3fb1ec087f1f85a,0,,,failure,pointcloud_unusable_no_points,skip,false,false,true,0,1,0.000000000,,,0,0.000000000,0.000000000,55.535699997,0.000000000,false,true,0.000000000,,,0.000000000,0,0.000000000,,0.000000000,phases/p2-gsjso/runs/20260718_qs_cheap_refine_sweep/jobs/cell050_win2_pass1/dense_w2_1_c001_cell050_win2_pass1.city.json,a733a57ba6793b89402147d8ddc7a24b3b72478b71e9c1bd4958793e8d242985,phases/p2-gsjso/runs/20260718_qs_cheap_refine_sweep/jobs/cell050_win2_pass1/dense_w2_1_c001_cell050_win2_pass1_val3dity.json,0,EPSG:25832,0.000000000,LoD2 reference opened only after all 18 Roofer conditions; used for scoring and figure only,0,0
cell050_win2_pass1,0.500000000,2,1.000000000,1,DEBY_LOD2_8568392,overseg_smooth.py MLS-style local plane fit and z projection on roof-top class-6 points,phases/p2-gsjso/runs/20260717_qs_cheap_refine_pilot/input/dense_w2_1_c001_classified.laz,e9acd5eb90dc42d88f13485a73fbaf8d10cff76cb5a3063f5f5bc72f51454c4a,phases/p2-gsjso/runs/20260718_qs_cheap_refine_sweep/jobs/cell050_win2_pass1/dense_w2_1_c001_cell050_win2_pass1.laz,4184cf45bd6cb30fce5d23fe51cc5b1a85ba19d891aed592a3fb1ec087f1f85a,0,,,failure,pointcloud_unusable_no_points,skip,false,false,true,0,1,0.000000000,,,0,0.000000000,0.000000000,5.797516501,0.000000000,false,true,0.000000000,,,0.000000000,0,0.000000000,,0.000000000,phases/p2-gsjso/runs/20260718_qs_cheap_refine_sweep/jobs/cell050_win2_pass1/dense_w2_1_c001_cell050_win2_pass1.city.json,a733a57ba6793b89402147d8ddc7a24b3b72478b71e9c1bd4958793e8d242985,phases/p2-gsjso/runs/20260718_qs_cheap_refine_sweep/jobs/cell050_win2_pass1/dense_w2_1_c001_cell050_win2_pass1_val3dity.json,0,EPSG:25832,0.000000000,LoD2 reference opened only after all 18 Roofer conditions; used for scoring and figure only,0,0
cell050_win2_pass2,0.500000000,2,1.000000000,2,DEBY_LOD2_108247349,overseg_smooth.py MLS-style local plane fit and z projection on roof-top class-6 points,phases/p2-gsjso/runs/20260717_qs_cheap_refine_pilot/input/dense_w2_1_c001_classified.laz,e9acd5eb90dc42d88f13485a73fbaf8d10cff76cb5a3063f5f5bc72f51454c4a,phases/p2-gsjso/runs/20260718_qs_cheap_refine_sweep/jobs/cell050_win2_pass2/dense_w2_1_c001_cell050_win2_pass2.laz,6f9cfc824b2f69a83d6e56649ed89f8778aee5b95b9abf45befa62d9baa66811,0,,,failure,pointcloud_unusable_no_points,skip,false,false,true,0,1,0.000000000,,,0,0.000000000,0.000000000,101.102650001,0.000000000,false,false,0.000000000,,,0.000000000,0,0.000000000,,0.000000000,phases/p2-gsjso/runs/20260718_qs_cheap_refine_sweep/jobs/cell050_win2_pass2/dense_w2_1_c001_cell050_win2_pass2.city.json,182473b26edc6af1664281487db71b1473a8c5f1e589f3c079847ce594ee0ab2,phases/p2-gsjso/runs/20260718_qs_cheap_refine_sweep/jobs/cell050_win2_pass2/dense_w2_1_c001_cell050_win2_pass2_val3dity.json,0,EPSG:25832,0.000000000,LoD2 reference opened only after all 18 Roofer conditions; used for scoring and figure only,0,0
cell050_win2_pass2,0.500000000,2,1.000000000,2,DEBY_LOD2_108247350,overseg_smooth.py MLS-style local plane fit and z projection on roof-top class-6 points,phases/p2-gsjso/runs/20260717_qs_cheap_refine_pilot/input/dense_w2_1_c001_classified.laz,e9acd5eb90dc42d88f13485a73fbaf8d10cff76cb5a3063f5f5bc72f51454c4a,phases/p2-gsjso/runs/20260718_qs_cheap_refine_sweep/jobs/cell050_win2_pass2/dense_w2_1_c001_cell050_win2_pass2.laz,6f9cfc824b2f69a83d6e56649ed89f8778aee5b95b9abf45befa62d9baa66811,3,0.010000000,0.010000000,failure,pointcloud_unusable_no_points,skip,false,false,true,0,1,0.000000000,,,0,0.000000000,0.000000000,12.137050000,0.000000000,false,true,0.000000000,,,0.000000000,0,0.000000000,,0.000000000,phases/p2-gsjso/runs/20260718_qs_cheap_refine_sweep/jobs/cell050_win2_pass2/dense_w2_1_c001_cell050_win2_pass2.city.json,182473b26edc6af1664281487db71b1473a8c5f1e589f3c079847ce594ee0ab2,phases/p2-gsjso/runs/20260718_qs_cheap_refine_sweep/jobs/cell050_win2_pass2/dense_w2_1_c001_cell050_win2_pass2_val3dity.json,0,EPSG:25832,0.000000000,LoD2 reference opened only after all 18 Roofer conditions; used for scoring and figure only,0,0
cell050_win2_pass2,0.500000000,2,1.000000000,2,DEBY_LOD2_108247351,overseg_smooth.py MLS-style local plane fit and z projection on roof-top class-6 points,phases/p2-gsjso/runs/20260717_qs_cheap_refine_pilot/input/dense_w2_1_c001_classified.laz,e9acd5eb90dc42d88f13485a73fbaf8d10cff76cb5a3063f5f5bc72f51454c4a,phases/p2-gsjso/runs/20260718_qs_cheap_refine_sweep/jobs/cell050_win2_pass2/dense_w2_1_c001_cell050_win2_pass2.laz,6f9cfc824b2f69a83d6e56649ed89f8778aee5b95b9abf45befa62d9baa66811,0,,,failure,pointcloud_unusable_no_points,skip,false,false,true,0,1,0.000000000,,,0,0.000000000,0.000000000,65.278499998,0.000000000,false,true,0.000000000,,,0.000000000,0,0.000000000,,0.000000000,phases/p2-gsjso/runs/20260718_qs_cheap_refine_sweep/jobs/cell050_win2_pass2/dense_w2_1_c001_cell050_win2_pass2.city.json,182473b26edc6af1664281487db71b1473a8c5f1e589f3c079847ce594ee0ab2,phases/p2-gsjso/runs/20260718_qs_cheap_refine_sweep/jobs/cell050_win2_pass2/dense_w2_1_c001_cell050_win2_pass2_val3dity.json,0,EPSG:25832,0.000000000,LoD2 reference opened only after all 18 Roofer conditions; used for scoring and figure only,0,0
cell050_win2_pass2,0.500000000,2,1.000000000,2,DEBY_LOD2_4907184,overseg_smooth.py MLS-style local plane fit and z projection on roof-top class-6 points,phases/p2-gsjso/runs/20260717_qs_cheap_refine_pilot/input/dense_w2_1_c001_classified.laz,e9acd5eb90dc42d88f13485a73fbaf8d10cff76cb5a3063f5f5bc72f51454c4a,phases/p2-gsjso/runs/20260718_qs_cheap_refine_sweep/jobs/cell050_win2_pass2/dense_w2_1_c001_cell050_win2_pass2.laz,6f9cfc824b2f69a83d6e56649ed89f8778aee5b95b9abf45befa62d9baa66811,201892,0.090000000,0.670000000,success,success,standard,true,false,true,9,4,2.250000000,0.549203720,5.145364453,1351,0.996850626,336.842213999,337.863561498,336.799502906,true,true,1.500000000,0.354716522,2.638333513,0.995567105,0,0.750000000,0.194487198,0.001283521,phases/p2-gsjso/runs/20260718_qs_cheap_refine_sweep/jobs/cell050_win2_pass2/dense_w2_1_c001_cell050_win2_pass2.city.json,182473b26edc6af1664281487db71b1473a8c5f1e589f3c079847ce594ee0ab2,phases/p2-gsjso/runs/20260718_qs_cheap_refine_sweep/jobs/cell050_win2_pass2/dense_w2_1_c001_cell050_win2_pass2_val3dity.json,0,EPSG:25832,0.000000000,LoD2 reference opened only after all 18 Roofer conditions; used for scoring and figure only,0,0
cell050_win2_pass2,0.500000000,2,1.000000000,2,DEBY_LOD2_4907185,overseg_smooth.py MLS-style local plane fit and z projection on roof-top class-6 points,phases/p2-gsjso/runs/20260717_qs_cheap_refine_pilot/input/dense_w2_1_c001_classified.laz,e9acd5eb90dc42d88f13485a73fbaf8d10cff76cb5a3063f5f5bc72f51454c4a,phases/p2-gsjso/runs/20260718_qs_cheap_refine_sweep/jobs/cell050_win2_pass2/dense_w2_1_c001_cell050_win2_pass2.laz,6f9cfc824b2f69a83d6e56649ed89f8778aee5b95b9abf45befa62d9baa66811,3488,0.000000000,0.910000000,success,success,standard,true,false,true,4,2,2.000000000,3.135690591,8.408957298,645,0.999969686,161.056618002,160.981467003,160.976586993,true,true,1.500000000,2.613993006,10.997450351,0.999948727,0,0.500000000,0.521697585,0.000020959,phases/p2-gsjso/runs/20260718_qs_cheap_refine_sweep/jobs/cell050_win2_pass2/dense_w2_1_c001_cell050_win2_pass2.city.json,182473b26edc6af1664281487db71b1473a8c5f1e589f3c079847ce594ee0ab2,phases/p2-gsjso/runs/20260718_qs_cheap_refine_sweep/jobs/cell050_win2_pass2/dense_w2_1_c001_cell050_win2_pass2_val3dity.json,0,EPSG:25832,0.000000000,LoD2 reference opened only after all 18 Roofer conditions; used for scoring and figure only,0,0
cell050_win2_pass2,0.500000000,2,1.000000000,2,DEBY_LOD2_4907186,overseg_smooth.py MLS-style local plane fit and z projection on roof-top class-6 points,phases/p2-gsjso/runs/20260717_qs_cheap_refine_pilot/input/dense_w2_1_c001_classified.laz,e9acd5eb90dc42d88f13485a73fbaf8d10cff76cb5a3063f5f5bc72f51454c4a,phases/p2-gsjso/runs/20260718_qs_cheap_refine_sweep/jobs/cell050_win2_pass2/dense_w2_1_c001_cell050_win2_pass2.laz,6f9cfc824b2f69a83d6e56649ed89f8778aee5b95b9abf45befa62d9baa66811,480,0.075000000,0.740500000,success,success,standard,true,false,true,2,2,1.000000000,1.085332280,5.112914687,219,0.323092004,54.251525502,167.832339001,54.225286759,true,true,1.000000000,3.543989669,11.354917333,0.999810607,0,0.000000000,-2.458657389,-0.676718603,phases/p2-gsjso/runs/20260718_qs_cheap_refine_sweep/jobs/cell050_win2_pass2/dense_w2_1_c001_cell050_win2_pass2.city.json,182473b26edc6af1664281487db71b1473a8c5f1e589f3c079847ce594ee0ab2,phases/p2-gsjso/runs/20260718_qs_cheap_refine_sweep/jobs/cell050_win2_pass2/dense_w2_1_c001_cell050_win2_pass2_val3dity.json,0,EPSG:25832,0.000000000,LoD2 reference opened only after all 18 Roofer conditions; used for scoring and figure only,0,0
cell050_win2_pass2,0.500000000,2,1.000000000,2,DEBY_LOD2_4907188,overseg_smooth.py MLS-style local plane fit and z projection on roof-top class-6 points,phases/p2-gsjso/runs/20260717_qs_cheap_refine_pilot/input/dense_w2_1_c001_classified.laz,e9acd5eb90dc42d88f13485a73fbaf8d10cff76cb5a3063f5f5bc72f51454c4a,phases/p2-gsjso/runs/20260718_qs_cheap_refine_sweep/jobs/cell050_win2_pass2/dense_w2_1_c001_cell050_win2_pass2.laz,6f9cfc824b2f69a83d6e56649ed89f8778aee5b95b9abf45befa62d9baa66811,1118,0.110000000,0.760000000,success,success,standard,true,false,true,4,2,2.000000000,1.525394333,4.242231791,669,0.999910899,165.884459501,165.881390000,165.866609788,true,true,1.500000000,1.354221199,4.138715144,0.999949573,0,0.500000000,0.171173134,-0.000038674,phases/p2-gsjso/runs/20260718_qs_cheap_refine_sweep/jobs/cell050_win2_pass2/dense_w2_1_c001_cell050_win2_pass2.city.json,182473b26edc6af1664281487db71b1473a8c5f1e589f3c079847ce594ee0ab2,phases/p2-gsjso/runs/20260718_qs_cheap_refine_sweep/jobs/cell050_win2_pass2/dense_w2_1_c001_cell050_win2_pass2_val3dity.json,0,EPSG:25832,0.000000000,LoD2 reference opened only after all 18 Roofer conditions; used for scoring and figure only,0,0
cell050_win2_pass2,0.500000000,2,1.000000000,2,DEBY_LOD2_4907194,overseg_smooth.py MLS-style local plane fit and z projection on roof-top class-6 points,phases/p2-gsjso/runs/20260717_qs_cheap_refine_pilot/input/dense_w2_1_c001_classified.laz,e9acd5eb90dc42d88f13485a73fbaf8d10cff76cb5a3063f5f5bc72f51454c4a,phases/p2-gsjso/runs/20260718_qs_cheap_refine_sweep/jobs/cell050_win2_pass2/dense_w2_1_c001_cell050_win2_pass2.laz,6f9cfc824b2f69a83d6e56649ed89f8778aee5b95b9abf45befa62d9baa66811,47,0.060000000,0.251000000,failure,missing_lod22_geometry,standard,false,false,true,0,2,0.000000000,,,0,0.000000000,0.000000000,212.725209999,0.000000000,false,false,0.000000000,,,0.000000000,0,0.000000000,,0.000000000,phases/p2-gsjso/runs/20260718_qs_cheap_refine_sweep/jobs/cell050_win2_pass2/dense_w2_1_c001_cell050_win2_pass2.city.json,182473b26edc6af1664281487db71b1473a8c5f1e589f3c079847ce594ee0ab2,phases/p2-gsjso/runs/20260718_qs_cheap_refine_sweep/jobs/cell050_win2_pass2/dense_w2_1_c001_cell050_win2_pass2_val3dity.json,0,EPSG:25832,0.000000000,LoD2 reference opened only after all 18 Roofer conditions; used for scoring and figure only,0,0
cell050_win2_pass2,0.500000000,2,1.000000000,2,DEBY_LOD2_4907195,overseg_smooth.py MLS-style local plane fit and z projection on roof-top class-6 points,phases/p2-gsjso/runs/20260717_qs_cheap_refine_pilot/input/dense_w2_1_c001_classified.laz,e9acd5eb90dc42d88f13485a73fbaf8d10cff76cb5a3063f5f5bc72f51454c4a,phases/p2-gsjso/runs/20260718_qs_cheap_refine_sweep/jobs/cell050_win2_pass2/dense_w2_1_c001_cell050_win2_pass2.laz,6f9cfc824b2f69a83d6e56649ed89f8778aee5b95b9abf45befa62d9baa66811,686,0.110000000,0.560000000,success,success,standard,true,false,true,1,2,0.500000000,0.373559275,0.777226248,163,0.227431782,40.446432996,177.839580000,40.446372581,true,true,1.000000000,0.269773262,0.570649324,0.082079788,0,-0.500000000,0.103786013,0.145351994,phases/p2-gsjso/runs/20260718_qs_cheap_refine_sweep/jobs/cell050_win2_pass2/dense_w2_1_c001_cell050_win2_pass2.city.json,182473b26edc6af1664281487db71b1473a8c5f1e589f3c079847ce594ee0ab2,phases/p2-gsjso/runs/20260718_qs_cheap_refine_sweep/jobs/cell050_win2_pass2/dense_w2_1_c001_cell050_win2_pass2_val3dity.json,0,EPSG:25832,0.000000000,LoD2 reference opened only after all 18 Roofer conditions; used for scoring and figure only,0,0
cell050_win2_pass2,0.500000000,2,1.000000000,2,DEBY_LOD2_4907198,overseg_smooth.py MLS-style local plane fit and z projection on roof-top class-6 points,phases/p2-gsjso/runs/20260717_qs_cheap_refine_pilot/input/dense_w2_1_c001_classified.laz,e9acd5eb90dc42d88f13485a73fbaf8d10cff76cb5a3063f5f5bc72f51454c4a,phases/p2-gsjso/runs/20260718_qs_cheap_refine_sweep/jobs/cell050_win2_pass2/dense_w2_1_c001_cell050_win2_pass2.laz,6f9cfc824b2f69a83d6e56649ed89f8778aee5b95b9abf45befa62d9baa66811,1309,0.060000000,0.760000000,success,success,standard,true,false,true,3,4,0.750000000,1.560099977,2.779898038,84,0.056779828,20.429253500,359.797467497,20.429238260,true,true,0.250000000,2.127468875,2.595384354,0.014397369,0,0.500000000,-0.567368898,0.042382459,phases/p2-gsjso/runs/20260718_qs_cheap_refine_sweep/jobs/cell050_win2_pass2/dense_w2_1_c001_cell050_win2_pass2.city.json,182473b26edc6af1664281487db71b1473a8c5f1e589f3c079847ce594ee0ab2,phases/p2-gsjso/runs/20260718_qs_cheap_refine_sweep/jobs/cell050_win2_pass2/dense_w2_1_c001_cell050_win2_pass2_val3dity.json,0,EPSG:25832,0.000000000,LoD2 reference opened only after all 18 Roofer conditions; used for scoring and figure only,0,0
cell050_win2_pass2,0.500000000,2,1.000000000,2,DEBY_LOD2_4907199,overseg_smooth.py MLS-style local plane fit and z projection on roof-top class-6 points,phases/p2-gsjso/runs/20260717_qs_cheap_refine_pilot/input/dense_w2_1_c001_classified.laz,e9acd5eb90dc42d88f13485a73fbaf8d10cff76cb5a3063f5f5bc72f51454c4a,phases/p2-gsjso/runs/20260718_qs_cheap_refine_sweep/jobs/cell050_win2_pass2/dense_w2_1_c001_cell050_win2_pass2.laz,6f9cfc824b2f69a83d6e56649ed89f8778aee5b95b9abf45befa62d9baa66811,4,0.030000000,0.038500000,failure,pointcloud_unusable_no_points,skip,false,false,true,0,1,0.000000000,,,0,0.000000000,0.000000000,98.346449999,0.000000000,false,true,0.000000000,,,0.000000000,0,0.000000000,,0.000000000,phases/p2-gsjso/runs/20260718_qs_cheap_refine_sweep/jobs/cell050_win2_pass2/dense_w2_1_c001_cell050_win2_pass2.city.json,182473b26edc6af1664281487db71b1473a8c5f1e589f3c079847ce594ee0ab2,phases/p2-gsjso/runs/20260718_qs_cheap_refine_sweep/jobs/cell050_win2_pass2/dense_w2_1_c001_cell050_win2_pass2_val3dity.json,0,EPSG:25832,0.000000000,LoD2 reference opened only after all 18 Roofer conditions; used for scoring and figure only,0,0
cell050_win2_pass2,0.500000000,2,1.000000000,2,DEBY_LOD2_4907202,overseg_smooth.py MLS-style local plane fit and z projection on roof-top class-6 points,phases/p2-gsjso/runs/20260717_qs_cheap_refine_pilot/input/dense_w2_1_c001_classified.laz,e9acd5eb90dc42d88f13485a73fbaf8d10cff76cb5a3063f5f5bc72f51454c4a,phases/p2-gsjso/runs/20260718_qs_cheap_refine_sweep/jobs/cell050_win2_pass2/dense_w2_1_c001_cell050_win2_pass2.laz,6f9cfc824b2f69a83d6e56649ed89f8778aee5b95b9abf45befa62d9baa66811,5229,0.110000000,1.050000000,success,success,standard,true,false,true,2,2,1.000000000,0.603670336,2.464219538,644,0.999886922,160.596325494,160.461520004,160.443375383,true,true,1.500000000,0.563657590,3.486506786,0.994591924,0,-0.500000000,0.040012746,0.005294998,phases/p2-gsjso/runs/20260718_qs_cheap_refine_sweep/jobs/cell050_win2_pass2/dense_w2_1_c001_cell050_win2_pass2.city.json,182473b26edc6af1664281487db71b1473a8c5f1e589f3c079847ce594ee0ab2,phases/p2-gsjso/runs/20260718_qs_cheap_refine_sweep/jobs/cell050_win2_pass2/dense_w2_1_c001_cell050_win2_pass2_val3dity.json,0,EPSG:25832,0.000000000,LoD2 reference opened only after all 18 Roofer conditions; used for scoring and figure only,0,0
cell050_win2_pass2,0.500000000,2,1.000000000,2,DEBY_LOD2_4908168,overseg_smooth.py MLS-style local plane fit and z projection on roof-top class-6 points,phases/p2-gsjso/runs/20260717_qs_cheap_refine_pilot/input/dense_w2_1_c001_classified.laz,e9acd5eb90dc42d88f13485a73fbaf8d10cff76cb5a3063f5f5bc72f51454c4a,phases/p2-gsjso/runs/20260718_qs_cheap_refine_sweep/jobs/cell050_win2_pass2/dense_w2_1_c001_cell050_win2_pass2.laz,6f9cfc824b2f69a83d6e56649ed89f8778aee5b95b9abf45befa62d9baa66811,752,0.010000000,0.130000000,success,success,standard,true,false,true,1,1,1.000000000,0.160203598,0.398946711,114,0.999745093,28.825925500,28.831400000,28.824050666,true,true,1.000000000,0.178913202,0.442979418,0.999879645,0,0.000000000,-0.018709604,-0.000134552,phases/p2-gsjso/runs/20260718_qs_cheap_refine_sweep/jobs/cell050_win2_pass2/dense_w2_1_c001_cell050_win2_pass2.city.json,182473b26edc6af1664281487db71b1473a8c5f1e589f3c079847ce594ee0ab2,phases/p2-gsjso/runs/20260718_qs_cheap_refine_sweep/jobs/cell050_win2_pass2/dense_w2_1_c001_cell050_win2_pass2_val3dity.json,0,EPSG:25832,0.000000000,LoD2 reference opened only after all 18 Roofer conditions; used for scoring and figure only,0,0
cell050_win2_pass2,0.500000000,2,1.000000000,2,DEBY_LOD2_4908178,overseg_smooth.py MLS-style local plane fit and z projection on roof-top class-6 points,phases/p2-gsjso/runs/20260717_qs_cheap_refine_pilot/input/dense_w2_1_c001_classified.laz,e9acd5eb90dc42d88f13485a73fbaf8d10cff76cb5a3063f5f5bc72f51454c4a,phases/p2-gsjso/runs/20260718_qs_cheap_refine_sweep/jobs/cell050_win2_pass2/dense_w2_1_c001_cell050_win2_pass2.laz,6f9cfc824b2f69a83d6e56649ed89f8778aee5b95b9abf45befa62d9baa66811,421,0.040000000,0.340000000,failure,missing_lod22_geometry,standard,false,false,true,0,2,0.000000000,,,0,0.000000000,0.000000000,113.412679999,0.000000000,true,true,0.500000000,0.624888129,1.520071182,0.999921002,-1,-0.500000000,,-0.999921002,phases/p2-gsjso/runs/20260718_qs_cheap_refine_sweep/jobs/cell050_win2_pass2/dense_w2_1_c001_cell050_win2_pass2.city.json,182473b26edc6af1664281487db71b1473a8c5f1e589f3c079847ce594ee0ab2,phases/p2-gsjso/runs/20260718_qs_cheap_refine_sweep/jobs/cell050_win2_pass2/dense_w2_1_c001_cell050_win2_pass2_val3dity.json,0,EPSG:25832,0.000000000,LoD2 reference opened only after all 18 Roofer conditions; used for scoring and figure only,0,0
cell050_win2_pass2,0.500000000,2,1.000000000,2,DEBY_LOD2_4908179,overseg_smooth.py MLS-style local plane fit and z projection on roof-top class-6 points,phases/p2-gsjso/runs/20260717_qs_cheap_refine_pilot/input/dense_w2_1_c001_classified.laz,e9acd5eb90dc42d88f13485a73fbaf8d10cff76cb5a3063f5f5bc72f51454c4a,phases/p2-gsjso/runs/20260718_qs_cheap_refine_sweep/jobs/cell050_win2_pass2/dense_w2_1_c001_cell050_win2_pass2.laz,6f9cfc824b2f69a83d6e56649ed89f8778aee5b95b9abf45befa62d9baa66811,0,,,failure,pointcloud_unusable_no_points,skip,false,false,true,0,1,0.000000000,,,0,0.000000000,0.000000000,118.249599998,0.000000000,false,false,0.000000000,,,0.000000000,0,0.000000000,,0.000000000,phases/p2-gsjso/runs/20260718_qs_cheap_refine_sweep/jobs/cell050_win2_pass2/dense_w2_1_c001_cell050_win2_pass2.city.json,182473b26edc6af1664281487db71b1473a8c5f1e589f3c079847ce594ee0ab2,phases/p2-gsjso/runs/20260718_qs_cheap_refine_sweep/jobs/cell050_win2_pass2/dense_w2_1_c001_cell050_win2_pass2_val3dity.json,0,EPSG:25832,0.000000000,LoD2 reference opened only after all 18 Roofer conditions; used for scoring and figure only,0,0
cell050_win2_pass2,0.500000000,2,1.000000000,2,DEBY_LOD2_60098,overseg_smooth.py MLS-style local plane fit and z projection on roof-top class-6 points,phases/p2-gsjso/runs/20260717_qs_cheap_refine_pilot/input/dense_w2_1_c001_classified.laz,e9acd5eb90dc42d88f13485a73fbaf8d10cff76cb5a3063f5f5bc72f51454c4a,phases/p2-gsjso/runs/20260718_qs_cheap_refine_sweep/jobs/cell050_win2_pass2/dense_w2_1_c001_cell050_win2_pass2.laz,6f9cfc824b2f69a83d6e56649ed89f8778aee5b95b9abf45befa62d9baa66811,668,0.130000000,0.510000000,success,success,standard,true,false,true,3,2,1.500000000,1.758347665,5.484525878,785,0.999920712,195.947398996,195.925425003,195.909890370,true,true,1.500000000,2.991955569,9.730518924,0.999898969,0,0.000000000,-1.233607904,0.000021743,phases/p2-gsjso/runs/20260718_qs_cheap_refine_sweep/jobs/cell050_win2_pass2/dense_w2_1_c001_cell050_win2_pass2.city.json,182473b26edc6af1664281487db71b1473a8c5f1e589f3c079847ce594ee0ab2,phases/p2-gsjso/runs/20260718_qs_cheap_refine_sweep/jobs/cell050_win2_pass2/dense_w2_1_c001_cell050_win2_pass2_val3dity.json,0,EPSG:25832,0.000000000,LoD2 reference opened only after all 18 Roofer conditions; used for scoring and figure only,0,0
cell050_win2_pass2,0.500000000,2,1.000000000,2,DEBY_LOD2_8568391,overseg_smooth.py MLS-style local plane fit and z projection on roof-top class-6 points,phases/p2-gsjso/runs/20260717_qs_cheap_refine_pilot/input/dense_w2_1_c001_classified.laz,e9acd5eb90dc42d88f13485a73fbaf8d10cff76cb5a3063f5f5bc72f51454c4a,phases/p2-gsjso/runs/20260718_qs_cheap_refine_sweep/jobs/cell050_win2_pass2/dense_w2_1_c001_cell050_win2_pass2.laz,6f9cfc824b2f69a83d6e56649ed89f8778aee5b95b9abf45befa62d9baa66811,0,,,failure,pointcloud_unusable_no_points,skip,false,false,true,0,1,0.000000000,,,0,0.000000000,0.000000000,55.535699997,0.000000000,false,true,0.000000000,,,0.000000000,0,0.000000000,,0.000000000,phases/p2-gsjso/runs/20260718_qs_cheap_refine_sweep/jobs/cell050_win2_pass2/dense_w2_1_c001_cell050_win2_pass2.city.json,182473b26edc6af1664281487db71b1473a8c5f1e589f3c079847ce594ee0ab2,phases/p2-gsjso/runs/20260718_qs_cheap_refine_sweep/jobs/cell050_win2_pass2/dense_w2_1_c001_cell050_win2_pass2_val3dity.json,0,EPSG:25832,0.000000000,LoD2 reference opened only after all 18 Roofer conditions; used for scoring and figure only,0,0
cell050_win2_pass2,0.500000000,2,1.000000000,2,DEBY_LOD2_8568392,overseg_smooth.py MLS-style local plane fit and z projection on roof-top class-6 points,phases/p2-gsjso/runs/20260717_qs_cheap_refine_pilot/input/dense_w2_1_c001_classified.laz,e9acd5eb90dc42d88f13485a73fbaf8d10cff76cb5a3063f5f5bc72f51454c4a,phases/p2-gsjso/runs/20260718_qs_cheap_refine_sweep/jobs/cell050_win2_pass2/dense_w2_1_c001_cell050_win2_pass2.laz,6f9cfc824b2f69a83d6e56649ed89f8778aee5b95b9abf45befa62d9baa66811,0,,,failure,pointcloud_unusable_no_points,skip,false,false,true,0,1,0.000000000,,,0,0.000000000,0.000000000,5.797516501,0.000000000,false,true,0.000000000,,,0.000000000,0,0.000000000,,0.000000000,phases/p2-gsjso/runs/20260718_qs_cheap_refine_sweep/jobs/cell050_win2_pass2/dense_w2_1_c001_cell050_win2_pass2.city.json,182473b26edc6af1664281487db71b1473a8c5f1e589f3c079847ce594ee0ab2,phases/p2-gsjso/runs/20260718_qs_cheap_refine_sweep/jobs/cell050_win2_pass2/dense_w2_1_c001_cell050_win2_pass2_val3dity.json,0,EPSG:25832,0.000000000,LoD2 reference opened only after all 18 Roofer conditions; used for scoring and figure only,0,0
cell050_win3_pass1,0.500000000,3,1.500000000,1,DEBY_LOD2_108247349,overseg_smooth.py MLS-style local plane fit and z projection on roof-top class-6 points,phases/p2-gsjso/runs/20260717_qs_cheap_refine_pilot/input/dense_w2_1_c001_classified.laz,e9acd5eb90dc42d88f13485a73fbaf8d10cff76cb5a3063f5f5bc72f51454c4a,phases/p2-gsjso/runs/20260718_qs_cheap_refine_sweep/jobs/cell050_win3_pass1/dense_w2_1_c001_cell050_win3_pass1.laz,ca23f243f314d43c9016959123616bd61dddc66ae901b82f1995dcb20cd74007,0,,,failure,pointcloud_unusable_no_points,skip,false,false,true,0,1,0.000000000,,,0,0.000000000,0.000000000,101.102650001,0.000000000,false,false,0.000000000,,,0.000000000,0,0.000000000,,0.000000000,phases/p2-gsjso/runs/20260718_qs_cheap_refine_sweep/jobs/cell050_win3_pass1/dense_w2_1_c001_cell050_win3_pass1.city.json,f8c61d36ed3115785412e1c20dc8c41529ae406d05c11b13bcfb2ec134814da4,phases/p2-gsjso/runs/20260718_qs_cheap_refine_sweep/jobs/cell050_win3_pass1/dense_w2_1_c001_cell050_win3_pass1_val3dity.json,0,EPSG:25832,0.000000000,LoD2 reference opened only after all 18 Roofer conditions; used for scoring and figure only,0,0
cell050_win3_pass1,0.500000000,3,1.500000000,1,DEBY_LOD2_108247350,overseg_smooth.py MLS-style local plane fit and z projection on roof-top class-6 points,phases/p2-gsjso/runs/20260717_qs_cheap_refine_pilot/input/dense_w2_1_c001_classified.laz,e9acd5eb90dc42d88f13485a73fbaf8d10cff76cb5a3063f5f5bc72f51454c4a,phases/p2-gsjso/runs/20260718_qs_cheap_refine_sweep/jobs/cell050_win3_pass1/dense_w2_1_c001_cell050_win3_pass1.laz,ca23f243f314d43c9016959123616bd61dddc66ae901b82f1995dcb20cd74007,3,0.010000000,0.010000000,failure,pointcloud_unusable_no_points,skip,false,false,true,0,1,0.000000000,,,0,0.000000000,0.000000000,12.137050000,0.000000000,false,true,0.000000000,,,0.000000000,0,0.000000000,,0.000000000,phases/p2-gsjso/runs/20260718_qs_cheap_refine_sweep/jobs/cell050_win3_pass1/dense_w2_1_c001_cell050_win3_pass1.city.json,f8c61d36ed3115785412e1c20dc8c41529ae406d05c11b13bcfb2ec134814da4,phases/p2-gsjso/runs/20260718_qs_cheap_refine_sweep/jobs/cell050_win3_pass1/dense_w2_1_c001_cell050_win3_pass1_val3dity.json,0,EPSG:25832,0.000000000,LoD2 reference opened only after all 18 Roofer conditions; used for scoring and figure only,0,0
cell050_win3_pass1,0.500000000,3,1.500000000,1,DEBY_LOD2_108247351,overseg_smooth.py MLS-style local plane fit and z projection on roof-top class-6 points,phases/p2-gsjso/runs/20260717_qs_cheap_refine_pilot/input/dense_w2_1_c001_classified.laz,e9acd5eb90dc42d88f13485a73fbaf8d10cff76cb5a3063f5f5bc72f51454c4a,phases/p2-gsjso/runs/20260718_qs_cheap_refine_sweep/jobs/cell050_win3_pass1/dense_w2_1_c001_cell050_win3_pass1.laz,ca23f243f314d43c9016959123616bd61dddc66ae901b82f1995dcb20cd74007,0,,,failure,pointcloud_unusable_no_points,skip,false,false,true,0,1,0.000000000,,,0,0.000000000,0.000000000,65.278499998,0.000000000,false,true,0.000000000,,,0.000000000,0,0.000000000,,0.000000000,phases/p2-gsjso/runs/20260718_qs_cheap_refine_sweep/jobs/cell050_win3_pass1/dense_w2_1_c001_cell050_win3_pass1.city.json,f8c61d36ed3115785412e1c20dc8c41529ae406d05c11b13bcfb2ec134814da4,phases/p2-gsjso/runs/20260718_qs_cheap_refine_sweep/jobs/cell050_win3_pass1/dense_w2_1_c001_cell050_win3_pass1_val3dity.json,0,EPSG:25832,0.000000000,LoD2 reference opened only after all 18 Roofer conditions; used for scoring and figure only,0,0
cell050_win3_pass1,0.500000000,3,1.500000000,1,DEBY_LOD2_4907184,overseg_smooth.py MLS-style local plane fit and z projection on roof-top class-6 points,phases/p2-gsjso/runs/20260717_qs_cheap_refine_pilot/input/dense_w2_1_c001_classified.laz,e9acd5eb90dc42d88f13485a73fbaf8d10cff76cb5a3063f5f5bc72f51454c4a,phases/p2-gsjso/runs/20260718_qs_cheap_refine_sweep/jobs/cell050_win3_pass1/dense_w2_1_c001_cell050_win3_pass1.laz,ca23f243f314d43c9016959123616bd61dddc66ae901b82f1995dcb20cd74007,201892,0.100000000,0.740000000,success,success,standard,true,false,true,9,4,2.250000000,0.593068921,5.009888597,1344,0.999936658,337.884093499,337.863561498,337.842160622,true,true,1.500000000,0.354716522,2.638333513,0.995567105,0,0.750000000,0.238352399,0.004369553,phases/p2-gsjso/runs/20260718_qs_cheap_refine_sweep/jobs/cell050_win3_pass1/dense_w2_1_c001_cell050_win3_pass1.city.json,f8c61d36ed3115785412e1c20dc8c41529ae406d05c11b13bcfb2ec134814da4,phases/p2-gsjso/runs/20260718_qs_cheap_refine_sweep/jobs/cell050_win3_pass1/dense_w2_1_c001_cell050_win3_pass1_val3dity.json,0,EPSG:25832,0.000000000,LoD2 reference opened only after all 18 Roofer conditions; used for scoring and figure only,0,0
cell050_win3_pass1,0.500000000,3,1.500000000,1,DEBY_LOD2_4907185,overseg_smooth.py MLS-style local plane fit and z projection on roof-top class-6 points,phases/p2-gsjso/runs/20260717_qs_cheap_refine_pilot/input/dense_w2_1_c001_classified.laz,e9acd5eb90dc42d88f13485a73fbaf8d10cff76cb5a3063f5f5bc72f51454c4a,phases/p2-gsjso/runs/20260718_qs_cheap_refine_sweep/jobs/cell050_win3_pass1/dense_w2_1_c001_cell050_win3_pass1.laz,ca23f243f314d43c9016959123616bd61dddc66ae901b82f1995dcb20cd74007,3488,0.000000000,1.180000000,success,success,standard,true,false,true,4,2,2.000000000,3.394889450,8.487567353,629,0.973798022,156.840057500,160.981467003,156.763434109,true,true,1.500000000,2.613993006,10.997450351,0.999948727,0,0.500000000,0.780896444,-0.026150705,phases/p2-gsjso/runs/20260718_qs_cheap_refine_sweep/jobs/cell050_win3_pass1/dense_w2_1_c001_cell050_win3_pass1.city.json,f8c61d36ed3115785412e1c20dc8c41529ae406d05c11b13bcfb2ec134814da4,phases/p2-gsjso/runs/20260718_qs_cheap_refine_sweep/jobs/cell050_win3_pass1/dense_w2_1_c001_cell050_win3_pass1_val3dity.json,0,EPSG:25832,0.000000000,LoD2 reference opened only after all 18 Roofer conditions; used for scoring and figure only,0,0
cell050_win3_pass1,0.500000000,3,1.500000000,1,DEBY_LOD2_4907186,overseg_smooth.py MLS-style local plane fit and z projection on roof-top class-6 points,phases/p2-gsjso/runs/20260717_qs_cheap_refine_pilot/input/dense_w2_1_c001_classified.laz,e9acd5eb90dc42d88f13485a73fbaf8d10cff76cb5a3063f5f5bc72f51454c4a,phases/p2-gsjso/runs/20260718_qs_cheap_refine_sweep/jobs/cell050_win3_pass1/dense_w2_1_c001_cell050_win3_pass1.laz,ca23f243f314d43c9016959123616bd61dddc66ae901b82f1995dcb20cd74007,480,0.080000000,0.812000000,success,success,standard,true,false,true,2,2,1.000000000,0.660704491,1.077538799,190,0.282358191,47.414664501,167.832339001,47.388835594,true,true,1.000000000,3.543989669,11.354917333,0.999810607,0,0.000000000,-2.883285178,-0.717452416,phases/p2-gsjso/runs/20260718_qs_cheap_refine_sweep/jobs/cell050_win3_pass1/dense_w2_1_c001_cell050_win3_pass1.city.json,f8c61d36ed3115785412e1c20dc8c41529ae406d05c11b13bcfb2ec134814da4,phases/p2-gsjso/runs/20260718_qs_cheap_refine_sweep/jobs/cell050_win3_pass1/dense_w2_1_c001_cell050_win3_pass1_val3dity.json,0,EPSG:25832,0.000000000,LoD2 reference opened only after all 18 Roofer conditions; used for scoring and figure only,0,0
cell050_win3_pass1,0.500000000,3,1.500000000,1,DEBY_LOD2_4907188,overseg_smooth.py MLS-style local plane fit and z projection on roof-top class-6 points,phases/p2-gsjso/runs/20260717_qs_cheap_refine_pilot/input/dense_w2_1_c001_classified.laz,e9acd5eb90dc42d88f13485a73fbaf8d10cff76cb5a3063f5f5bc72f51454c4a,phases/p2-gsjso/runs/20260718_qs_cheap_refine_sweep/jobs/cell050_win3_pass1/dense_w2_1_c001_cell050_win3_pass1.laz,ca23f243f314d43c9016959123616bd61dddc66ae901b82f1995dcb20cd74007,1118,0.120000000,0.760000000,success,success,standard,true,false,true,4,2,2.000000000,1.469271099,3.849624647,668,0.999908124,165.880180002,165.881390000,165.866149399,true,true,1.500000000,1.354221199,4.138715144,0.999949573,0,0.500000000,0.115049900,-0.000041449,phases/p2-gsjso/runs/20260718_qs_cheap_refine_sweep/jobs/cell050_win3_pass1/dense_w2_1_c001_cell050_win3_pass1.city.json,f8c61d36ed3115785412e1c20dc8c41529ae406d05c11b13bcfb2ec134814da4,phases/p2-gsjso/runs/20260718_qs_cheap_refine_sweep/jobs/cell050_win3_pass1/dense_w2_1_c001_cell050_win3_pass1_val3dity.json,0,EPSG:25832,0.000000000,LoD2 reference opened only after all 18 Roofer conditions; used for scoring and figure only,0,0
cell050_win3_pass1,0.500000000,3,1.500000000,1,DEBY_LOD2_4907194,overseg_smooth.py MLS-style local plane fit and z projection on roof-top class-6 points,phases/p2-gsjso/runs/20260717_qs_cheap_refine_pilot/input/dense_w2_1_c001_classified.laz,e9acd5eb90dc42d88f13485a73fbaf8d10cff76cb5a3063f5f5bc72f51454c4a,phases/p2-gsjso/runs/20260718_qs_cheap_refine_sweep/jobs/cell050_win3_pass1/dense_w2_1_c001_cell050_win3_pass1.laz,ca23f243f314d43c9016959123616bd61dddc66ae901b82f1995dcb20cd74007,47,0.080000000,0.247000000,failure,missing_lod22_geometry,standard,false,false,true,0,2,0.000000000,,,0,0.000000000,0.000000000,212.725209999,0.000000000,false,false,0.000000000,,,0.000000000,0,0.000000000,,0.000000000,phases/p2-gsjso/runs/20260718_qs_cheap_refine_sweep/jobs/cell050_win3_pass1/dense_w2_1_c001_cell050_win3_pass1.city.json,f8c61d36ed3115785412e1c20dc8c41529ae406d05c11b13bcfb2ec134814da4,phases/p2-gsjso/runs/20260718_qs_cheap_refine_sweep/jobs/cell050_win3_pass1/dense_w2_1_c001_cell050_win3_pass1_val3dity.json,0,EPSG:25832,0.000000000,LoD2 reference opened only after all 18 Roofer conditions; used for scoring and figure only,0,0
cell050_win3_pass1,0.500000000,3,1.500000000,1,DEBY_LOD2_4907195,overseg_smooth.py MLS-style local plane fit and z projection on roof-top class-6 points,phases/p2-gsjso/runs/20260717_qs_cheap_refine_pilot/input/dense_w2_1_c001_classified.laz,e9acd5eb90dc42d88f13485a73fbaf8d10cff76cb5a3063f5f5bc72f51454c4a,phases/p2-gsjso/runs/20260718_qs_cheap_refine_sweep/jobs/cell050_win3_pass1/dense_w2_1_c001_cell050_win3_pass1.laz,ca23f243f314d43c9016959123616bd61dddc66ae901b82f1995dcb20cd74007,686,0.120000000,0.570000000,success,success,standard,true,false,true,1,2,0.500000000,0.391532541,0.818314904,167,0.231375571,41.147746003,177.839580000,41.147734369,true,true,1.000000000,0.269773262,0.570649324,0.082079788,0,-0.500000000,0.121759279,0.149295783,phases/p2-gsjso/runs/20260718_qs_cheap_refine_sweep/jobs/cell050_win3_pass1/dense_w2_1_c001_cell050_win3_pass1.city.json,f8c61d36ed3115785412e1c20dc8c41529ae406d05c11b13bcfb2ec134814da4,phases/p2-gsjso/runs/20260718_qs_cheap_refine_sweep/jobs/cell050_win3_pass1/dense_w2_1_c001_cell050_win3_pass1_val3dity.json,0,EPSG:25832,0.000000000,LoD2 reference opened only after all 18 Roofer conditions; used for scoring and figure only,0,0
cell050_win3_pass1,0.500000000,3,1.500000000,1,DEBY_LOD2_4907198,overseg_smooth.py MLS-style local plane fit and z projection on roof-top class-6 points,phases/p2-gsjso/runs/20260717_qs_cheap_refine_pilot/input/dense_w2_1_c001_classified.laz,e9acd5eb90dc42d88f13485a73fbaf8d10cff76cb5a3063f5f5bc72f51454c4a,phases/p2-gsjso/runs/20260718_qs_cheap_refine_sweep/jobs/cell050_win3_pass1/dense_w2_1_c001_cell050_win3_pass1.laz,ca23f243f314d43c9016959123616bd61dddc66ae901b82f1995dcb20cd74007,1309,0.060000000,0.856000000,success,success,standard,true,false,true,3,4,0.750000000,1.649016179,2.790085797,64,0.046672754,16.792758001,359.797467497,16.792738809,true,true,0.250000000,2.127468875,2.595384354,0.014397369,0,0.500000000,-0.478452696,0.032275385,phases/p2-gsjso/runs/20260718_qs_cheap_refine_sweep/jobs/cell050_win3_pass1/dense_w2_1_c001_cell050_win3_pass1.city.json,f8c61d36ed3115785412e1c20dc8c41529ae406d05c11b13bcfb2ec134814da4,phases/p2-gsjso/runs/20260718_qs_cheap_refine_sweep/jobs/cell050_win3_pass1/dense_w2_1_c001_cell050_win3_pass1_val3dity.json,0,EPSG:25832,0.000000000,LoD2 reference opened only after all 18 Roofer conditions; used for scoring and figure only,0,0
cell050_win3_pass1,0.500000000,3,1.500000000,1,DEBY_LOD2_4907199,overseg_smooth.py MLS-style local plane fit and z projection on roof-top class-6 points,phases/p2-gsjso/runs/20260717_qs_cheap_refine_pilot/input/dense_w2_1_c001_classified.laz,e9acd5eb90dc42d88f13485a73fbaf8d10cff76cb5a3063f5f5bc72f51454c4a,phases/p2-gsjso/runs/20260718_qs_cheap_refine_sweep/jobs/cell050_win3_pass1/dense_w2_1_c001_cell050_win3_pass1.laz,ca23f243f314d43c9016959123616bd61dddc66ae901b82f1995dcb20cd74007,4,0.030000000,0.038500000,failure,pointcloud_unusable_no_points,skip,false,false,true,0,1,0.000000000,,,0,0.000000000,0.000000000,98.346449999,0.000000000,false,true,0.000000000,,,0.000000000,0,0.000000000,,0.000000000,phases/p2-gsjso/runs/20260718_qs_cheap_refine_sweep/jobs/cell050_win3_pass1/dense_w2_1_c001_cell050_win3_pass1.city.json,f8c61d36ed3115785412e1c20dc8c41529ae406d05c11b13bcfb2ec134814da4,phases/p2-gsjso/runs/20260718_qs_cheap_refine_sweep/jobs/cell050_win3_pass1/dense_w2_1_c001_cell050_win3_pass1_val3dity.json,0,EPSG:25832,0.000000000,LoD2 reference opened only after all 18 Roofer conditions; used for scoring and figure only,0,0
cell050_win3_pass1,0.500000000,3,1.500000000,1,DEBY_LOD2_4907202,overseg_smooth.py MLS-style local plane fit and z projection on roof-top class-6 points,phases/p2-gsjso/runs/20260717_qs_cheap_refine_pilot/input/dense_w2_1_c001_classified.laz,e9acd5eb90dc42d88f13485a73fbaf8d10cff76cb5a3063f5f5bc72f51454c4a,phases/p2-gsjso/runs/20260718_qs_cheap_refine_sweep/jobs/cell050_win3_pass1/dense_w2_1_c001_cell050_win3_pass1.laz,ca23f243f314d43c9016959123616bd61dddc66ae901b82f1995dcb20cd74007,5229,0.130000000,1.260000000,success,success,standard,true,false,true,2,2,1.000000000,0.681644165,2.940982731,645,0.999897950,160.589144496,160.461520004,160.445144927,true,true,1.500000000,0.563657590,3.486506786,0.994591924,0,-0.500000000,0.117986575,0.005306026,phases/p2-gsjso/runs/20260718_qs_cheap_refine_sweep/jobs/cell050_win3_pass1/dense_w2_1_c001_cell050_win3_pass1.city.json,f8c61d36ed3115785412e1c20dc8c41529ae406d05c11b13bcfb2ec134814da4,phases/p2-gsjso/runs/20260718_qs_cheap_refine_sweep/jobs/cell050_win3_pass1/dense_w2_1_c001_cell050_win3_pass1_val3dity.json,0,EPSG:25832,0.000000000,LoD2 reference opened only after all 18 Roofer conditions; used for scoring and figure only,0,0
cell050_win3_pass1,0.500000000,3,1.500000000,1,DEBY_LOD2_4908168,overseg_smooth.py MLS-style local plane fit and z projection on roof-top class-6 points,phases/p2-gsjso/runs/20260717_qs_cheap_refine_pilot/input/dense_w2_1_c001_classified.laz,e9acd5eb90dc42d88f13485a73fbaf8d10cff76cb5a3063f5f5bc72f51454c4a,phases/p2-gsjso/runs/20260718_qs_cheap_refine_sweep/jobs/cell050_win3_pass1/dense_w2_1_c001_cell050_win3_pass1.laz,ca23f243f314d43c9016959123616bd61dddc66ae901b82f1995dcb20cd74007,752,0.010000000,0.130000000,success,success,standard,true,false,true,1,1,1.000000000,0.157793320,0.393142896,114,0.999745093,28.825925500,28.831400000,28.824050666,true,true,1.000000000,0.178913202,0.442979418,0.999879645,0,0.000000000,-0.021119882,-0.000134552,phases/p2-gsjso/runs/20260718_qs_cheap_refine_sweep/jobs/cell050_win3_pass1/dense_w2_1_c001_cell050_win3_pass1.city.json,f8c61d36ed3115785412e1c20dc8c41529ae406d05c11b13bcfb2ec134814da4,phases/p2-gsjso/runs/20260718_qs_cheap_refine_sweep/jobs/cell050_win3_pass1/dense_w2_1_c001_cell050_win3_pass1_val3dity.json,0,EPSG:25832,0.000000000,LoD2 reference opened only after all 18 Roofer conditions; used for scoring and figure only,0,0
cell050_win3_pass1,0.500000000,3,1.500000000,1,DEBY_LOD2_4908178,overseg_smooth.py MLS-style local plane fit and z projection on roof-top class-6 points,phases/p2-gsjso/runs/20260717_qs_cheap_refine_pilot/input/dense_w2_1_c001_classified.laz,e9acd5eb90dc42d88f13485a73fbaf8d10cff76cb5a3063f5f5bc72f51454c4a,phases/p2-gsjso/runs/20260718_qs_cheap_refine_sweep/jobs/cell050_win3_pass1/dense_w2_1_c001_cell050_win3_pass1.laz,ca23f243f314d43c9016959123616bd61dddc66ae901b82f1995dcb20cd74007,421,0.040000000,0.350000000,failure,missing_lod22_geometry,standard,false,false,true,0,2,0.000000000,,,0,0.000000000,0.000000000,113.412679999,0.000000000,true,true,0.500000000,0.624888129,1.520071182,0.999921002,-1,-0.500000000,,-0.999921002,phases/p2-gsjso/runs/20260718_qs_cheap_refine_sweep/jobs/cell050_win3_pass1/dense_w2_1_c001_cell050_win3_pass1.city.json,f8c61d36ed3115785412e1c20dc8c41529ae406d05c11b13bcfb2ec134814da4,phases/p2-gsjso/runs/20260718_qs_cheap_refine_sweep/jobs/cell050_win3_pass1/dense_w2_1_c001_cell050_win3_pass1_val3dity.json,0,EPSG:25832,0.000000000,LoD2 reference opened only after all 18 Roofer conditions; used for scoring and figure only,0,0
cell050_win3_pass1,0.500000000,3,1.500000000,1,DEBY_LOD2_4908179,overseg_smooth.py MLS-style local plane fit and z projection on roof-top class-6 points,phases/p2-gsjso/runs/20260717_qs_cheap_refine_pilot/input/dense_w2_1_c001_classified.laz,e9acd5eb90dc42d88f13485a73fbaf8d10cff76cb5a3063f5f5bc72f51454c4a,phases/p2-gsjso/runs/20260718_qs_cheap_refine_sweep/jobs/cell050_win3_pass1/dense_w2_1_c001_cell050_win3_pass1.laz,ca23f243f314d43c9016959123616bd61dddc66ae901b82f1995dcb20cd74007,0,,,failure,pointcloud_unusable_no_points,skip,false,false,true,0,1,0.000000000,,,0,0.000000000,0.000000000,118.249599998,0.000000000,false,false,0.000000000,,,0.000000000,0,0.000000000,,0.000000000,phases/p2-gsjso/runs/20260718_qs_cheap_refine_sweep/jobs/cell050_win3_pass1/dense_w2_1_c001_cell050_win3_pass1.city.json,f8c61d36ed3115785412e1c20dc8c41529ae406d05c11b13bcfb2ec134814da4,phases/p2-gsjso/runs/20260718_qs_cheap_refine_sweep/jobs/cell050_win3_pass1/dense_w2_1_c001_cell050_win3_pass1_val3dity.json,0,EPSG:25832,0.000000000,LoD2 reference opened only after all 18 Roofer conditions; used for scoring and figure only,0,0
cell050_win3_pass1,0.500000000,3,1.500000000,1,DEBY_LOD2_60098,overseg_smooth.py MLS-style local plane fit and z projection on roof-top class-6 points,phases/p2-gsjso/runs/20260717_qs_cheap_refine_pilot/input/dense_w2_1_c001_classified.laz,e9acd5eb90dc42d88f13485a73fbaf8d10cff76cb5a3063f5f5bc72f51454c4a,phases/p2-gsjso/runs/20260718_qs_cheap_refine_sweep/jobs/cell050_win3_pass1/dense_w2_1_c001_cell050_win3_pass1.laz,ca23f243f314d43c9016959123616bd61dddc66ae901b82f1995dcb20cd74007,668,0.130000000,0.576500000,success,success,standard,true,false,true,3,2,1.500000000,2.887630360,9.270247138,785,0.999909584,195.936888002,195.925425003,195.907710262,true,true,1.500000000,2.991955569,9.730518924,0.999898969,0,0.000000000,-0.104325209,0.000010615,phases/p2-gsjso/runs/20260718_qs_cheap_refine_sweep/jobs/cell050_win3_pass1/dense_w2_1_c001_cell050_win3_pass1.city.json,f8c61d36ed3115785412e1c20dc8c41529ae406d05c11b13bcfb2ec134814da4,phases/p2-gsjso/runs/20260718_qs_cheap_refine_sweep/jobs/cell050_win3_pass1/dense_w2_1_c001_cell050_win3_pass1_val3dity.json,0,EPSG:25832,0.000000000,LoD2 reference opened only after all 18 Roofer conditions; used for scoring and figure only,0,0
cell050_win3_pass1,0.500000000,3,1.500000000,1,DEBY_LOD2_8568391,overseg_smooth.py MLS-style local plane fit and z projection on roof-top class-6 points,phases/p2-gsjso/runs/20260717_qs_cheap_refine_pilot/input/dense_w2_1_c001_classified.laz,e9acd5eb90dc42d88f13485a73fbaf8d10cff76cb5a3063f5f5bc72f51454c4a,phases/p2-gsjso/runs/20260718_qs_cheap_refine_sweep/jobs/cell050_win3_pass1/dense_w2_1_c001_cell050_win3_pass1.laz,ca23f243f314d43c9016959123616bd61dddc66ae901b82f1995dcb20cd74007,0,,,failure,pointcloud_unusable_no_points,skip,false,false,true,0,1,0.000000000,,,0,0.000000000,0.000000000,55.535699997,0.000000000,false,true,0.000000000,,,0.000000000,0,0.000000000,,0.000000000,phases/p2-gsjso/runs/20260718_qs_cheap_refine_sweep/jobs/cell050_win3_pass1/dense_w2_1_c001_cell050_win3_pass1.city.json,f8c61d36ed3115785412e1c20dc8c41529ae406d05c11b13bcfb2ec134814da4,phases/p2-gsjso/runs/20260718_qs_cheap_refine_sweep/jobs/cell050_win3_pass1/dense_w2_1_c001_cell050_win3_pass1_val3dity.json,0,EPSG:25832,0.000000000,LoD2 reference opened only after all 18 Roofer conditions; used for scoring and figure only,0,0
cell050_win3_pass1,0.500000000,3,1.500000000,1,DEBY_LOD2_8568392,overseg_smooth.py MLS-style local plane fit and z projection on roof-top class-6 points,phases/p2-gsjso/runs/20260717_qs_cheap_refine_pilot/input/dense_w2_1_c001_classified.laz,e9acd5eb90dc42d88f13485a73fbaf8d10cff76cb5a3063f5f5bc72f51454c4a,phases/p2-gsjso/runs/20260718_qs_cheap_refine_sweep/jobs/cell050_win3_pass1/dense_w2_1_c001_cell050_win3_pass1.laz,ca23f243f314d43c9016959123616bd61dddc66ae901b82f1995dcb20cd74007,0,,,failure,pointcloud_unusable_no_points,skip,false,false,true,0,1,0.000000000,,,0,0.000000000,0.000000000,5.797516501,0.000000000,false,true,0.000000000,,,0.000000000,0,0.000000000,,0.000000000,phases/p2-gsjso/runs/20260718_qs_cheap_refine_sweep/jobs/cell050_win3_pass1/dense_w2_1_c001_cell050_win3_pass1.city.json,f8c61d36ed3115785412e1c20dc8c41529ae406d05c11b13bcfb2ec134814da4,phases/p2-gsjso/runs/20260718_qs_cheap_refine_sweep/jobs/cell050_win3_pass1/dense_w2_1_c001_cell050_win3_pass1_val3dity.json,0,EPSG:25832,0.000000000,LoD2 reference opened only after all 18 Roofer conditions; used for scoring and figure only,0,0
cell050_win3_pass2,0.500000000,3,1.500000000,2,DEBY_LOD2_108247349,overseg_smooth.py MLS-style local plane fit and z projection on roof-top class-6 points,phases/p2-gsjso/runs/20260717_qs_cheap_refine_pilot/input/dense_w2_1_c001_classified.laz,e9acd5eb90dc42d88f13485a73fbaf8d10cff76cb5a3063f5f5bc72f51454c4a,phases/p2-gsjso/runs/20260718_qs_cheap_refine_sweep/jobs/cell050_win3_pass2/dense_w2_1_c001_cell050_win3_pass2.laz,04f44d8adeb630ff8c52f23e2e1c44441a889f2465de8220ba33ec7037e46f12,0,,,failure,pointcloud_unusable_no_points,skip,false,false,true,0,1,0.000000000,,,0,0.000000000,0.000000000,101.102650001,0.000000000,false,false,0.000000000,,,0.000000000,0,0.000000000,,0.000000000,phases/p2-gsjso/runs/20260718_qs_cheap_refine_sweep/jobs/cell050_win3_pass2/dense_w2_1_c001_cell050_win3_pass2.city.json,5c16e41e2fb2607742275e0ade98de5c9d94c8a35a18fdf5529746daca31758e,phases/p2-gsjso/runs/20260718_qs_cheap_refine_sweep/jobs/cell050_win3_pass2/dense_w2_1_c001_cell050_win3_pass2_val3dity.json,0,EPSG:25832,0.000000000,LoD2 reference opened only after all 18 Roofer conditions; used for scoring and figure only,0,0
cell050_win3_pass2,0.500000000,3,1.500000000,2,DEBY_LOD2_108247350,overseg_smooth.py MLS-style local plane fit and z projection on roof-top class-6 points,phases/p2-gsjso/runs/20260717_qs_cheap_refine_pilot/input/dense_w2_1_c001_classified.laz,e9acd5eb90dc42d88f13485a73fbaf8d10cff76cb5a3063f5f5bc72f51454c4a,phases/p2-gsjso/runs/20260718_qs_cheap_refine_sweep/jobs/cell050_win3_pass2/dense_w2_1_c001_cell050_win3_pass2.laz,04f44d8adeb630ff8c52f23e2e1c44441a889f2465de8220ba33ec7037e46f12,3,0.010000000,0.010000000,failure,pointcloud_unusable_no_points,skip,false,false,true,0,1,0.000000000,,,0,0.000000000,0.000000000,12.137050000,0.000000000,false,true,0.000000000,,,0.000000000,0,0.000000000,,0.000000000,phases/p2-gsjso/runs/20260718_qs_cheap_refine_sweep/jobs/cell050_win3_pass2/dense_w2_1_c001_cell050_win3_pass2.city.json,5c16e41e2fb2607742275e0ade98de5c9d94c8a35a18fdf5529746daca31758e,phases/p2-gsjso/runs/20260718_qs_cheap_refine_sweep/jobs/cell050_win3_pass2/dense_w2_1_c001_cell050_win3_pass2_val3dity.json,0,EPSG:25832,0.000000000,LoD2 reference opened only after all 18 Roofer conditions; used for scoring and figure only,0,0
cell050_win3_pass2,0.500000000,3,1.500000000,2,DEBY_LOD2_108247351,overseg_smooth.py MLS-style local plane fit and z projection on roof-top class-6 points,phases/p2-gsjso/runs/20260717_qs_cheap_refine_pilot/input/dense_w2_1_c001_classified.laz,e9acd5eb90dc42d88f13485a73fbaf8d10cff76cb5a3063f5f5bc72f51454c4a,phases/p2-gsjso/runs/20260718_qs_cheap_refine_sweep/jobs/cell050_win3_pass2/dense_w2_1_c001_cell050_win3_pass2.laz,04f44d8adeb630ff8c52f23e2e1c44441a889f2465de8220ba33ec7037e46f12,0,,,failure,pointcloud_unusable_no_points,skip,false,false,true,0,1,0.000000000,,,0,0.000000000,0.000000000,65.278499998,0.000000000,false,true,0.000000000,,,0.000000000,0,0.000000000,,0.000000000,phases/p2-gsjso/runs/20260718_qs_cheap_refine_sweep/jobs/cell050_win3_pass2/dense_w2_1_c001_cell050_win3_pass2.city.json,5c16e41e2fb2607742275e0ade98de5c9d94c8a35a18fdf5529746daca31758e,phases/p2-gsjso/runs/20260718_qs_cheap_refine_sweep/jobs/cell050_win3_pass2/dense_w2_1_c001_cell050_win3_pass2_val3dity.json,0,EPSG:25832,0.000000000,LoD2 reference opened only after all 18 Roofer conditions; used for scoring and figure only,0,0
cell050_win3_pass2,0.500000000,3,1.500000000,2,DEBY_LOD2_4907184,overseg_smooth.py MLS-style local plane fit and z projection on roof-top class-6 points,phases/p2-gsjso/runs/20260717_qs_cheap_refine_pilot/input/dense_w2_1_c001_classified.laz,e9acd5eb90dc42d88f13485a73fbaf8d10cff76cb5a3063f5f5bc72f51454c4a,phases/p2-gsjso/runs/20260718_qs_cheap_refine_sweep/jobs/cell050_win3_pass2/dense_w2_1_c001_cell050_win3_pass2.laz,04f44d8adeb630ff8c52f23e2e1c44441a889f2465de8220ba33ec7037e46f12,201892,0.130000000,0.810000000,success,success,standard,true,false,true,8,4,2.000000000,0.584831997,2.546868078,1347,0.993959207,335.863521999,337.863561498,335.822597666,true,true,1.500000000,0.354716522,2.638333513,0.995567105,0,0.500000000,0.230115475,-0.001607898,phases/p2-gsjso/runs/20260718_qs_cheap_refine_sweep/jobs/cell050_win3_pass2/dense_w2_1_c001_cell050_win3_pass2.city.json,5c16e41e2fb2607742275e0ade98de5c9d94c8a35a18fdf5529746daca31758e,phases/p2-gsjso/runs/20260718_qs_cheap_refine_sweep/jobs/cell050_win3_pass2/dense_w2_1_c001_cell050_win3_pass2_val3dity.json,0,EPSG:25832,0.000000000,LoD2 reference opened only after all 18 Roofer conditions; used for scoring and figure only,0,0
cell050_win3_pass2,0.500000000,3,1.500000000,2,DEBY_LOD2_4907185,overseg_smooth.py MLS-style local plane fit and z projection on roof-top class-6 points,phases/p2-gsjso/runs/20260717_qs_cheap_refine_pilot/input/dense_w2_1_c001_classified.laz,e9acd5eb90dc42d88f13485a73fbaf8d10cff76cb5a3063f5f5bc72f51454c4a,phases/p2-gsjso/runs/20260718_qs_cheap_refine_sweep/jobs/cell050_win3_pass2/dense_w2_1_c001_cell050_win3_pass2.laz,04f44d8adeb630ff8c52f23e2e1c44441a889f2465de8220ba33ec7037e46f12,3488,0.000000000,1.190000000,success,success,standard,true,false,true,3,2,1.500000000,2.196883749,8.794329869,639,0.999944160,161.056687502,160.981467003,160.972477802,true,true,1.500000000,2.613993006,10.997450351,0.999948727,0,0.000000000,-0.417109257,-0.000004567,phases/p2-gsjso/runs/20260718_qs_cheap_refine_sweep/jobs/cell050_win3_pass2/dense_w2_1_c001_cell050_win3_pass2.city.json,5c16e41e2fb2607742275e0ade98de5c9d94c8a35a18fdf5529746daca31758e,phases/p2-gsjso/runs/20260718_qs_cheap_refine_sweep/jobs/cell050_win3_pass2/dense_w2_1_c001_cell050_win3_pass2_val3dity.json,0,EPSG:25832,0.000000000,LoD2 reference opened only after all 18 Roofer conditions; used for scoring and figure only,0,0
cell050_win3_pass2,0.500000000,3,1.500000000,2,DEBY_LOD2_4907186,overseg_smooth.py MLS-style local plane fit and z projection on roof-top class-6 points,phases/p2-gsjso/runs/20260717_qs_cheap_refine_pilot/input/dense_w2_1_c001_classified.laz,e9acd5eb90dc42d88f13485a73fbaf8d10cff76cb5a3063f5f5bc72f51454c4a,phases/p2-gsjso/runs/20260718_qs_cheap_refine_sweep/jobs/cell050_win3_pass2/dense_w2_1_c001_cell050_win3_pass2.laz,04f44d8adeb630ff8c52f23e2e1c44441a889f2465de8220ba33ec7037e46f12,480,0.100000000,0.900000000,success,success,standard,true,false,true,2,2,1.000000000,0.641584337,1.126039347,185,0.275241563,46.223673499,167.832339001,46.194435248,true,true,1.000000000,3.543989669,11.354917333,0.999810607,0,0.000000000,-2.902405332,-0.724569044,phases/p2-gsjso/runs/20260718_qs_cheap_refine_sweep/jobs/cell050_win3_pass2/dense_w2_1_c001_cell050_win3_pass2.city.json,5c16e41e2fb2607742275e0ade98de5c9d94c8a35a18fdf5529746daca31758e,phases/p2-gsjso/runs/20260718_qs_cheap_refine_sweep/jobs/cell050_win3_pass2/dense_w2_1_c001_cell050_win3_pass2_val3dity.json,0,EPSG:25832,0.000000000,LoD2 reference opened only after all 18 Roofer conditions; used for scoring and figure only,0,0
cell050_win3_pass2,0.500000000,3,1.500000000,2,DEBY_LOD2_4907188,overseg_smooth.py MLS-style local plane fit and z projection on roof-top class-6 points,phases/p2-gsjso/runs/20260717_qs_cheap_refine_pilot/input/dense_w2_1_c001_classified.laz,e9acd5eb90dc42d88f13485a73fbaf8d10cff76cb5a3063f5f5bc72f51454c4a,phases/p2-gsjso/runs/20260718_qs_cheap_refine_sweep/jobs/cell050_win3_pass2/dense_w2_1_c001_cell050_win3_pass2.laz,04f44d8adeb630ff8c52f23e2e1c44441a889f2465de8220ba33ec7037e46f12,1118,0.130000000,0.831500000,success,success,standard,true,false,true,4,2,2.000000000,1.525691377,4.399902715,667,0.999948991,165.886025999,165.881390000,165.872928540,true,true,1.500000000,1.354221199,4.138715144,0.999949573,0,0.500000000,0.171470178,-0.000000582,phases/p2-gsjso/runs/20260718_qs_cheap_refine_sweep/jobs/cell050_win3_pass2/dense_w2_1_c001_cell050_win3_pass2.city.json,5c16e41e2fb2607742275e0ade98de5c9d94c8a35a18fdf5529746daca31758e,phases/p2-gsjso/runs/20260718_qs_cheap_refine_sweep/jobs/cell050_win3_pass2/dense_w2_1_c001_cell050_win3_pass2_val3dity.json,0,EPSG:25832,0.000000000,LoD2 reference opened only after all 18 Roofer conditions; used for scoring and figure only,0,0
cell050_win3_pass2,0.500000000,3,1.500000000,2,DEBY_LOD2_4907194,overseg_smooth.py MLS-style local plane fit and z projection on roof-top class-6 points,phases/p2-gsjso/runs/20260717_qs_cheap_refine_pilot/input/dense_w2_1_c001_classified.laz,e9acd5eb90dc42d88f13485a73fbaf8d10cff76cb5a3063f5f5bc72f51454c4a,phases/p2-gsjso/runs/20260718_qs_cheap_refine_sweep/jobs/cell050_win3_pass2/dense_w2_1_c001_cell050_win3_pass2.laz,04f44d8adeb630ff8c52f23e2e1c44441a889f2465de8220ba33ec7037e46f12,47,0.080000000,0.250000000,failure,missing_lod22_geometry,standard,false,false,true,0,2,0.000000000,,,0,0.000000000,0.000000000,212.725209999,0.000000000,false,false,0.000000000,,,0.000000000,0,0.000000000,,0.000000000,phases/p2-gsjso/runs/20260718_qs_cheap_refine_sweep/jobs/cell050_win3_pass2/dense_w2_1_c001_cell050_win3_pass2.city.json,5c16e41e2fb2607742275e0ade98de5c9d94c8a35a18fdf5529746daca31758e,phases/p2-gsjso/runs/20260718_qs_cheap_refine_sweep/jobs/cell050_win3_pass2/dense_w2_1_c001_cell050_win3_pass2_val3dity.json,0,EPSG:25832,0.000000000,LoD2 reference opened only after all 18 Roofer conditions; used for scoring and figure only,0,0
cell050_win3_pass2,0.500000000,3,1.500000000,2,DEBY_LOD2_4907195,overseg_smooth.py MLS-style local plane fit and z projection on roof-top class-6 points,phases/p2-gsjso/runs/20260717_qs_cheap_refine_pilot/input/dense_w2_1_c001_classified.laz,e9acd5eb90dc42d88f13485a73fbaf8d10cff76cb5a3063f5f5bc72f51454c4a,phases/p2-gsjso/runs/20260718_qs_cheap_refine_sweep/jobs/cell050_win3_pass2/dense_w2_1_c001_cell050_win3_pass2.laz,04f44d8adeb630ff8c52f23e2e1c44441a889f2465de8220ba33ec7037e46f12,686,0.130000000,0.620000000,success,success,standard,true,false,true,1,2,0.500000000,0.397314550,0.823559675,168,0.234792390,41.755379998,177.839580000,41.755379998,true,true,1.000000000,0.269773262,0.570649324,0.082079788,0,-0.500000000,0.127541288,0.152712602,phases/p2-gsjso/runs/20260718_qs_cheap_refine_sweep/jobs/cell050_win3_pass2/dense_w2_1_c001_cell050_win3_pass2.city.json,5c16e41e2fb2607742275e0ade98de5c9d94c8a35a18fdf5529746daca31758e,phases/p2-gsjso/runs/20260718_qs_cheap_refine_sweep/jobs/cell050_win3_pass2/dense_w2_1_c001_cell050_win3_pass2_val3dity.json,0,EPSG:25832,0.000000000,LoD2 reference opened only after all 18 Roofer conditions; used for scoring and figure only,0,0
cell050_win3_pass2,0.500000000,3,1.500000000,2,DEBY_LOD2_4907198,overseg_smooth.py MLS-style local plane fit and z projection on roof-top class-6 points,phases/p2-gsjso/runs/20260717_qs_cheap_refine_pilot/input/dense_w2_1_c001_classified.laz,e9acd5eb90dc42d88f13485a73fbaf8d10cff76cb5a3063f5f5bc72f51454c4a,phases/p2-gsjso/runs/20260718_qs_cheap_refine_sweep/jobs/cell050_win3_pass2/dense_w2_1_c001_cell050_win3_pass2.laz,04f44d8adeb630ff8c52f23e2e1c44441a889f2465de8220ba33ec7037e46f12,1309,0.070000000,0.942000000,success,success,standard,true,false,true,2,4,0.500000000,1.523504606,2.483026420,47,0.032581756,11.723578501,359.797467497,11.722833261,true,true,0.250000000,2.127468875,2.595384354,0.014397369,0,0.250000000,-0.603964269,0.018184387,phases/p2-gsjso/runs/20260718_qs_cheap_refine_sweep/jobs/cell050_win3_pass2/dense_w2_1_c001_cell050_win3_pass2.city.json,5c16e41e2fb2607742275e0ade98de5c9d94c8a35a18fdf5529746daca31758e,phases/p2-gsjso/runs/20260718_qs_cheap_refine_sweep/jobs/cell050_win3_pass2/dense_w2_1_c001_cell050_win3_pass2_val3dity.json,0,EPSG:25832,0.000000000,LoD2 reference opened only after all 18 Roofer conditions; used for scoring and figure only,0,0
cell050_win3_pass2,0.500000000,3,1.500000000,2,DEBY_LOD2_4907199,overseg_smooth.py MLS-style local plane fit and z projection on roof-top class-6 points,phases/p2-gsjso/runs/20260717_qs_cheap_refine_pilot/input/dense_w2_1_c001_classified.laz,e9acd5eb90dc42d88f13485a73fbaf8d10cff76cb5a3063f5f5bc72f51454c4a,phases/p2-gsjso/runs/20260718_qs_cheap_refine_sweep/jobs/cell050_win3_pass2/dense_w2_1_c001_cell050_win3_pass2.laz,04f44d8adeb630ff8c52f23e2e1c44441a889f2465de8220ba33ec7037e46f12,4,0.040000000,0.050000000,failure,pointcloud_unusable_no_points,skip,false,false,true,0,1,0.000000000,,,0,0.000000000,0.000000000,98.346449999,0.000000000,false,true,0.000000000,,,0.000000000,0,0.000000000,,0.000000000,phases/p2-gsjso/runs/20260718_qs_cheap_refine_sweep/jobs/cell050_win3_pass2/dense_w2_1_c001_cell050_win3_pass2.city.json,5c16e41e2fb2607742275e0ade98de5c9d94c8a35a18fdf5529746daca31758e,phases/p2-gsjso/runs/20260718_qs_cheap_refine_sweep/jobs/cell050_win3_pass2/dense_w2_1_c001_cell050_win3_pass2_val3dity.json,0,EPSG:25832,0.000000000,LoD2 reference opened only after all 18 Roofer conditions; used for scoring and figure only,0,0
cell050_win3_pass2,0.500000000,3,1.500000000,2,DEBY_LOD2_4907202,overseg_smooth.py MLS-style local plane fit and z projection on roof-top class-6 points,phases/p2-gsjso/runs/20260717_qs_cheap_refine_pilot/input/dense_w2_1_c001_classified.laz,e9acd5eb90dc42d88f13485a73fbaf8d10cff76cb5a3063f5f5bc72f51454c4a,phases/p2-gsjso/runs/20260718_qs_cheap_refine_sweep/jobs/cell050_win3_pass2/dense_w2_1_c001_cell050_win3_pass2.laz,04f44d8adeb630ff8c52f23e2e1c44441a889f2465de8220ba33ec7037e46f12,5229,0.150000000,1.310000000,success,success,standard,true,false,true,2,2,1.000000000,0.616580047,2.801206538,644,0.999893196,160.592445497,160.461520004,160.444382133,true,true,1.500000000,0.563657590,3.486506786,0.994591924,0,-0.500000000,0.052922457,0.005301272,phases/p2-gsjso/runs/20260718_qs_cheap_refine_sweep/jobs/cell050_win3_pass2/dense_w2_1_c001_cell050_win3_pass2.city.json,5c16e41e2fb2607742275e0ade98de5c9d94c8a35a18fdf5529746daca31758e,phases/p2-gsjso/runs/20260718_qs_cheap_refine_sweep/jobs/cell050_win3_pass2/dense_w2_1_c001_cell050_win3_pass2_val3dity.json,0,EPSG:25832,0.000000000,LoD2 reference opened only after all 18 Roofer conditions; used for scoring and figure only,0,0
cell050_win3_pass2,0.500000000,3,1.500000000,2,DEBY_LOD2_4908168,overseg_smooth.py MLS-style local plane fit and z projection on roof-top class-6 points,phases/p2-gsjso/runs/20260717_qs_cheap_refine_pilot/input/dense_w2_1_c001_classified.laz,e9acd5eb90dc42d88f13485a73fbaf8d10cff76cb5a3063f5f5bc72f51454c4a,phases/p2-gsjso/runs/20260718_qs_cheap_refine_sweep/jobs/cell050_win3_pass2/dense_w2_1_c001_cell050_win3_pass2.laz,04f44d8adeb630ff8c52f23e2e1c44441a889f2465de8220ba33ec7037e46f12,752,0.020000000,0.150000000,success,success,standard,true,false,true,1,1,1.000000000,0.159310994,0.396926567,114,0.999745093,28.825925500,28.831400000,28.824050666,true,true,1.000000000,0.178913202,0.442979418,0.999879645,0,0.000000000,-0.019602208,-0.000134552,phases/p2-gsjso/runs/20260718_qs_cheap_refine_sweep/jobs/cell050_win3_pass2/dense_w2_1_c001_cell050_win3_pass2.city.json,5c16e41e2fb2607742275e0ade98de5c9d94c8a35a18fdf5529746daca31758e,phases/p2-gsjso/runs/20260718_qs_cheap_refine_sweep/jobs/cell050_win3_pass2/dense_w2_1_c001_cell050_win3_pass2_val3dity.json,0,EPSG:25832,0.000000000,LoD2 reference opened only after all 18 Roofer conditions; used for scoring and figure only,0,0
cell050_win3_pass2,0.500000000,3,1.500000000,2,DEBY_LOD2_4908178,overseg_smooth.py MLS-style local plane fit and z projection on roof-top class-6 points,phases/p2-gsjso/runs/20260717_qs_cheap_refine_pilot/input/dense_w2_1_c001_classified.laz,e9acd5eb90dc42d88f13485a73fbaf8d10cff76cb5a3063f5f5bc72f51454c4a,phases/p2-gsjso/runs/20260718_qs_cheap_refine_sweep/jobs/cell050_win3_pass2/dense_w2_1_c001_cell050_win3_pass2.laz,04f44d8adeb630ff8c52f23e2e1c44441a889f2465de8220ba33ec7037e46f12,421,0.050000000,0.440000000,failure,missing_lod22_geometry,standard,false,false,true,0,2,0.000000000,,,0,0.000000000,0.000000000,113.412679999,0.000000000,true,true,0.500000000,0.624888129,1.520071182,0.999921002,-1,-0.500000000,,-0.999921002,phases/p2-gsjso/runs/20260718_qs_cheap_refine_sweep/jobs/cell050_win3_pass2/dense_w2_1_c001_cell050_win3_pass2.city.json,5c16e41e2fb2607742275e0ade98de5c9d94c8a35a18fdf5529746daca31758e,phases/p2-gsjso/runs/20260718_qs_cheap_refine_sweep/jobs/cell050_win3_pass2/dense_w2_1_c001_cell050_win3_pass2_val3dity.json,0,EPSG:25832,0.000000000,LoD2 reference opened only after all 18 Roofer conditions; used for scoring and figure only,0,0
cell050_win3_pass2,0.500000000,3,1.500000000,2,DEBY_LOD2_4908179,overseg_smooth.py MLS-style local plane fit and z projection on roof-top class-6 points,phases/p2-gsjso/runs/20260717_qs_cheap_refine_pilot/input/dense_w2_1_c001_classified.laz,e9acd5eb90dc42d88f13485a73fbaf8d10cff76cb5a3063f5f5bc72f51454c4a,phases/p2-gsjso/runs/20260718_qs_cheap_refine_sweep/jobs/cell050_win3_pass2/dense_w2_1_c001_cell050_win3_pass2.laz,04f44d8adeb630ff8c52f23e2e1c44441a889f2465de8220ba33ec7037e46f12,0,,,failure,pointcloud_unusable_no_points,skip,false,false,true,0,1,0.000000000,,,0,0.000000000,0.000000000,118.249599998,0.000000000,false,false,0.000000000,,,0.000000000,0,0.000000000,,0.000000000,phases/p2-gsjso/runs/20260718_qs_cheap_refine_sweep/jobs/cell050_win3_pass2/dense_w2_1_c001_cell050_win3_pass2.city.json,5c16e41e2fb2607742275e0ade98de5c9d94c8a35a18fdf5529746daca31758e,phases/p2-gsjso/runs/20260718_qs_cheap_refine_sweep/jobs/cell050_win3_pass2/dense_w2_1_c001_cell050_win3_pass2_val3dity.json,0,EPSG:25832,0.000000000,LoD2 reference opened only after all 18 Roofer conditions; used for scoring and figure only,0,0
cell050_win3_pass2,0.500000000,3,1.500000000,2,DEBY_LOD2_60098,overseg_smooth.py MLS-style local plane fit and z projection on roof-top class-6 points,phases/p2-gsjso/runs/20260717_qs_cheap_refine_pilot/input/dense_w2_1_c001_classified.laz,e9acd5eb90dc42d88f13485a73fbaf8d10cff76cb5a3063f5f5bc72f51454c4a,phases/p2-gsjso/runs/20260718_qs_cheap_refine_sweep/jobs/cell050_win3_pass2/dense_w2_1_c001_cell050_win3_pass2.laz,04f44d8adeb630ff8c52f23e2e1c44441a889f2465de8220ba33ec7037e46f12,668,0.160000000,0.636500000,success,success,standard,true,false,true,3,2,1.500000000,2.632821505,8.690649711,786,0.999916681,195.946663002,195.925425003,195.909100633,true,true,1.500000000,2.991955569,9.730518924,0.999898969,0,0.000000000,-0.359134064,0.000017712,phases/p2-gsjso/runs/20260718_qs_cheap_refine_sweep/jobs/cell050_win3_pass2/dense_w2_1_c001_cell050_win3_pass2.city.json,5c16e41e2fb2607742275e0ade98de5c9d94c8a35a18fdf5529746daca31758e,phases/p2-gsjso/runs/20260718_qs_cheap_refine_sweep/jobs/cell050_win3_pass2/dense_w2_1_c001_cell050_win3_pass2_val3dity.json,0,EPSG:25832,0.000000000,LoD2 reference opened only after all 18 Roofer conditions; used for scoring and figure only,0,0
cell050_win3_pass2,0.500000000,3,1.500000000,2,DEBY_LOD2_8568391,overseg_smooth.py MLS-style local plane fit and z projection on roof-top class-6 points,phases/p2-gsjso/runs/20260717_qs_cheap_refine_pilot/input/dense_w2_1_c001_classified.laz,e9acd5eb90dc42d88f13485a73fbaf8d10cff76cb5a3063f5f5bc72f51454c4a,phases/p2-gsjso/runs/20260718_qs_cheap_refine_sweep/jobs/cell050_win3_pass2/dense_w2_1_c001_cell050_win3_pass2.laz,04f44d8adeb630ff8c52f23e2e1c44441a889f2465de8220ba33ec7037e46f12,0,,,failure,pointcloud_unusable_no_points,skip,false,false,true,0,1,0.000000000,,,0,0.000000000,0.000000000,55.535699997,0.000000000,false,true,0.000000000,,,0.000000000,0,0.000000000,,0.000000000,phases/p2-gsjso/runs/20260718_qs_cheap_refine_sweep/jobs/cell050_win3_pass2/dense_w2_1_c001_cell050_win3_pass2.city.json,5c16e41e2fb2607742275e0ade98de5c9d94c8a35a18fdf5529746daca31758e,phases/p2-gsjso/runs/20260718_qs_cheap_refine_sweep/jobs/cell050_win3_pass2/dense_w2_1_c001_cell050_win3_pass2_val3dity.json,0,EPSG:25832,0.000000000,LoD2 reference opened only after all 18 Roofer conditions; used for scoring and figure only,0,0
cell050_win3_pass2,0.500000000,3,1.500000000,2,DEBY_LOD2_8568392,overseg_smooth.py MLS-style local plane fit and z projection on roof-top class-6 points,phases/p2-gsjso/runs/20260717_qs_cheap_refine_pilot/input/dense_w2_1_c001_classified.laz,e9acd5eb90dc42d88f13485a73fbaf8d10cff76cb5a3063f5f5bc72f51454c4a,phases/p2-gsjso/runs/20260718_qs_cheap_refine_sweep/jobs/cell050_win3_pass2/dense_w2_1_c001_cell050_win3_pass2.laz,04f44d8adeb630ff8c52f23e2e1c44441a889f2465de8220ba33ec7037e46f12,0,,,failure,pointcloud_unusable_no_points,skip,false,false,true,0,1,0.000000000,,,0,0.000000000,0.000000000,5.797516501,0.000000000,false,true,0.000000000,,,0.000000000,0,0.000000000,,0.000000000,phases/p2-gsjso/runs/20260718_qs_cheap_refine_sweep/jobs/cell050_win3_pass2/dense_w2_1_c001_cell050_win3_pass2.city.json,5c16e41e2fb2607742275e0ade98de5c9d94c8a35a18fdf5529746daca31758e,phases/p2-gsjso/runs/20260718_qs_cheap_refine_sweep/jobs/cell050_win3_pass2/dense_w2_1_c001_cell050_win3_pass2_val3dity.json,0,EPSG:25832,0.000000000,LoD2 reference opened only after all 18 Roofer conditions; used for scoring and figure only,0,0
cell100_win1_pass1,1.000000000,1,1.000000000,1,DEBY_LOD2_108247349,overseg_smooth.py MLS-style local plane fit and z projection on roof-top class-6 points,phases/p2-gsjso/runs/20260717_qs_cheap_refine_pilot/input/dense_w2_1_c001_classified.laz,e9acd5eb90dc42d88f13485a73fbaf8d10cff76cb5a3063f5f5bc72f51454c4a,phases/p2-gsjso/runs/20260718_qs_cheap_refine_sweep/jobs/cell100_win1_pass1/dense_w2_1_c001_cell100_win1_pass1.laz,65f47b0fa26adada3d2a810522c3275a8726889a2fa64147ccc3e6d34a9d44ea,0,,,failure,pointcloud_unusable_no_points,skip,false,false,true,0,1,0.000000000,,,0,0.000000000,0.000000000,101.102650001,0.000000000,false,false,0.000000000,,,0.000000000,0,0.000000000,,0.000000000,phases/p2-gsjso/runs/20260718_qs_cheap_refine_sweep/jobs/cell100_win1_pass1/dense_w2_1_c001_cell100_win1_pass1.city.json,749ac10e28863e0fed7653e961500afc2b84885b39d75a02b9ffec223c74b6ab,phases/p2-gsjso/runs/20260718_qs_cheap_refine_sweep/jobs/cell100_win1_pass1/dense_w2_1_c001_cell100_win1_pass1_val3dity.json,0,EPSG:25832,0.000000000,LoD2 reference opened only after all 18 Roofer conditions; used for scoring and figure only,0,0
cell100_win1_pass1,1.000000000,1,1.000000000,1,DEBY_LOD2_108247350,overseg_smooth.py MLS-style local plane fit and z projection on roof-top class-6 points,phases/p2-gsjso/runs/20260717_qs_cheap_refine_pilot/input/dense_w2_1_c001_classified.laz,e9acd5eb90dc42d88f13485a73fbaf8d10cff76cb5a3063f5f5bc72f51454c4a,phases/p2-gsjso/runs/20260718_qs_cheap_refine_sweep/jobs/cell100_win1_pass1/dense_w2_1_c001_cell100_win1_pass1.laz,65f47b0fa26adada3d2a810522c3275a8726889a2fa64147ccc3e6d34a9d44ea,3,0.010000000,0.010000000,failure,pointcloud_unusable_no_points,skip,false,false,true,0,1,0.000000000,,,0,0.000000000,0.000000000,12.137050000,0.000000000,false,true,0.000000000,,,0.000000000,0,0.000000000,,0.000000000,phases/p2-gsjso/runs/20260718_qs_cheap_refine_sweep/jobs/cell100_win1_pass1/dense_w2_1_c001_cell100_win1_pass1.city.json,749ac10e28863e0fed7653e961500afc2b84885b39d75a02b9ffec223c74b6ab,phases/p2-gsjso/runs/20260718_qs_cheap_refine_sweep/jobs/cell100_win1_pass1/dense_w2_1_c001_cell100_win1_pass1_val3dity.json,0,EPSG:25832,0.000000000,LoD2 reference opened only after all 18 Roofer conditions; used for scoring and figure only,0,0
cell100_win1_pass1,1.000000000,1,1.000000000,1,DEBY_LOD2_108247351,overseg_smooth.py MLS-style local plane fit and z projection on roof-top class-6 points,phases/p2-gsjso/runs/20260717_qs_cheap_refine_pilot/input/dense_w2_1_c001_classified.laz,e9acd5eb90dc42d88f13485a73fbaf8d10cff76cb5a3063f5f5bc72f51454c4a,phases/p2-gsjso/runs/20260718_qs_cheap_refine_sweep/jobs/cell100_win1_pass1/dense_w2_1_c001_cell100_win1_pass1.laz,65f47b0fa26adada3d2a810522c3275a8726889a2fa64147ccc3e6d34a9d44ea,0,,,failure,pointcloud_unusable_no_points,skip,false,false,true,0,1,0.000000000,,,0,0.000000000,0.000000000,65.278499998,0.000000000,false,true,0.000000000,,,0.000000000,0,0.000000000,,0.000000000,phases/p2-gsjso/runs/20260718_qs_cheap_refine_sweep/jobs/cell100_win1_pass1/dense_w2_1_c001_cell100_win1_pass1.city.json,749ac10e28863e0fed7653e961500afc2b84885b39d75a02b9ffec223c74b6ab,phases/p2-gsjso/runs/20260718_qs_cheap_refine_sweep/jobs/cell100_win1_pass1/dense_w2_1_c001_cell100_win1_pass1_val3dity.json,0,EPSG:25832,0.000000000,LoD2 reference opened only after all 18 Roofer conditions; used for scoring and figure only,0,0
cell100_win1_pass1,1.000000000,1,1.000000000,1,DEBY_LOD2_4907184,overseg_smooth.py MLS-style local plane fit and z projection on roof-top class-6 points,phases/p2-gsjso/runs/20260717_qs_cheap_refine_pilot/input/dense_w2_1_c001_classified.laz,e9acd5eb90dc42d88f13485a73fbaf8d10cff76cb5a3063f5f5bc72f51454c4a,phases/p2-gsjso/runs/20260718_qs_cheap_refine_sweep/jobs/cell100_win1_pass1/dense_w2_1_c001_cell100_win1_pass1.laz,65f47b0fa26adada3d2a810522c3275a8726889a2fa64147ccc3e6d34a9d44ea,201892,0.070000000,0.640000000,success,success,standard,true,false,true,8,4,2.000000000,0.475093038,2.441241755,1357,0.999832784,337.856951498,337.863561498,337.807065212,true,true,1.500000000,0.354716522,2.638333513,0.995567105,0,0.500000000,0.120376516,0.004265679,phases/p2-gsjso/runs/20260718_qs_cheap_refine_sweep/jobs/cell100_win1_pass1/dense_w2_1_c001_cell100_win1_pass1.city.json,749ac10e28863e0fed7653e961500afc2b84885b39d75a02b9ffec223c74b6ab,phases/p2-gsjso/runs/20260718_qs_cheap_refine_sweep/jobs/cell100_win1_pass1/dense_w2_1_c001_cell100_win1_pass1_val3dity.json,0,EPSG:25832,0.000000000,LoD2 reference opened only after all 18 Roofer conditions; used for scoring and figure only,0,0
cell100_win1_pass1,1.000000000,1,1.000000000,1,DEBY_LOD2_4907185,overseg_smooth.py MLS-style local plane fit and z projection on roof-top class-6 points,phases/p2-gsjso/runs/20260717_qs_cheap_refine_pilot/input/dense_w2_1_c001_classified.laz,e9acd5eb90dc42d88f13485a73fbaf8d10cff76cb5a3063f5f5bc72f51454c4a,phases/p2-gsjso/runs/20260718_qs_cheap_refine_sweep/jobs/cell100_win1_pass1/dense_w2_1_c001_cell100_win1_pass1.laz,65f47b0fa26adada3d2a810522c3275a8726889a2fa64147ccc3e6d34a9d44ea,3488,0.000000000,0.796500000,success,success,standard,true,false,true,5,2,2.500000000,3.429474564,8.508096937,643,0.999945859,161.057220998,160.981467003,160.972751310,true,true,1.500000000,2.613993006,10.997450351,0.999948727,0,1.000000000,0.815481558,-0.000002868,phases/p2-gsjso/runs/20260718_qs_cheap_refine_sweep/jobs/cell100_win1_pass1/dense_w2_1_c001_cell100_win1_pass1.city.json,749ac10e28863e0fed7653e961500afc2b84885b39d75a02b9ffec223c74b6ab,phases/p2-gsjso/runs/20260718_qs_cheap_refine_sweep/jobs/cell100_win1_pass1/dense_w2_1_c001_cell100_win1_pass1_val3dity.json,0,EPSG:25832,0.000000000,LoD2 reference opened only after all 18 Roofer conditions; used for scoring and figure only,0,0
cell100_win1_pass1,1.000000000,1,1.000000000,1,DEBY_LOD2_4907186,overseg_smooth.py MLS-style local plane fit and z projection on roof-top class-6 points,phases/p2-gsjso/runs/20260717_qs_cheap_refine_pilot/input/dense_w2_1_c001_classified.laz,e9acd5eb90dc42d88f13485a73fbaf8d10cff76cb5a3063f5f5bc72f51454c4a,phases/p2-gsjso/runs/20260718_qs_cheap_refine_sweep/jobs/cell100_win1_pass1/dense_w2_1_c001_cell100_win1_pass1.laz,65f47b0fa26adada3d2a810522c3275a8726889a2fa64147ccc3e6d34a9d44ea,480,0.070000000,0.780500000,success,success,standard,true,false,true,3,2,1.500000000,1.083930697,5.153120020,235,0.352690952,59.227210999,167.832339001,59.192947450,true,true,1.000000000,3.543989669,11.354917333,0.999810607,0,0.500000000,-2.460058972,-0.647119655,phases/p2-gsjso/runs/20260718_qs_cheap_refine_sweep/jobs/cell100_win1_pass1/dense_w2_1_c001_cell100_win1_pass1.city.json,749ac10e28863e0fed7653e961500afc2b84885b39d75a02b9ffec223c74b6ab,phases/p2-gsjso/runs/20260718_qs_cheap_refine_sweep/jobs/cell100_win1_pass1/dense_w2_1_c001_cell100_win1_pass1_val3dity.json,0,EPSG:25832,0.000000000,LoD2 reference opened only after all 18 Roofer conditions; used for scoring and figure only,0,0
cell100_win1_pass1,1.000000000,1,1.000000000,1,DEBY_LOD2_4907188,overseg_smooth.py MLS-style local plane fit and z projection on roof-top class-6 points,phases/p2-gsjso/runs/20260717_qs_cheap_refine_pilot/input/dense_w2_1_c001_classified.laz,e9acd5eb90dc42d88f13485a73fbaf8d10cff76cb5a3063f5f5bc72f51454c4a,phases/p2-gsjso/runs/20260718_qs_cheap_refine_sweep/jobs/cell100_win1_pass1/dense_w2_1_c001_cell100_win1_pass1.laz,65f47b0fa26adada3d2a810522c3275a8726889a2fa64147ccc3e6d34a9d44ea,1118,0.110000000,0.730000000,success,success,standard,true,false,true,4,2,2.000000000,1.427801900,3.824755419,663,0.999942800,165.884309501,165.881390000,165.871901657,true,true,1.500000000,1.354221199,4.138715144,0.999949573,0,0.500000000,0.073580701,-0.000006773,phases/p2-gsjso/runs/20260718_qs_cheap_refine_sweep/jobs/cell100_win1_pass1/dense_w2_1_c001_cell100_win1_pass1.city.json,749ac10e28863e0fed7653e961500afc2b84885b39d75a02b9ffec223c74b6ab,phases/p2-gsjso/runs/20260718_qs_cheap_refine_sweep/jobs/cell100_win1_pass1/dense_w2_1_c001_cell100_win1_pass1_val3dity.json,0,EPSG:25832,0.000000000,LoD2 reference opened only after all 18 Roofer conditions; used for scoring and figure only,0,0
cell100_win1_pass1,1.000000000,1,1.000000000,1,DEBY_LOD2_4907194,overseg_smooth.py MLS-style local plane fit and z projection on roof-top class-6 points,phases/p2-gsjso/runs/20260717_qs_cheap_refine_pilot/input/dense_w2_1_c001_classified.laz,e9acd5eb90dc42d88f13485a73fbaf8d10cff76cb5a3063f5f5bc72f51454c4a,phases/p2-gsjso/runs/20260718_qs_cheap_refine_sweep/jobs/cell100_win1_pass1/dense_w2_1_c001_cell100_win1_pass1.laz,65f47b0fa26adada3d2a810522c3275a8726889a2fa64147ccc3e6d34a9d44ea,47,0.070000000,0.247000000,failure,missing_lod22_geometry,standard,false,false,true,0,2,0.000000000,,,0,0.000000000,0.000000000,212.725209999,0.000000000,false,false,0.000000000,,,0.000000000,0,0.000000000,,0.000000000,phases/p2-gsjso/runs/20260718_qs_cheap_refine_sweep/jobs/cell100_win1_pass1/dense_w2_1_c001_cell100_win1_pass1.city.json,749ac10e28863e0fed7653e961500afc2b84885b39d75a02b9ffec223c74b6ab,phases/p2-gsjso/runs/20260718_qs_cheap_refine_sweep/jobs/cell100_win1_pass1/dense_w2_1_c001_cell100_win1_pass1_val3dity.json,0,EPSG:25832,0.000000000,LoD2 reference opened only after all 18 Roofer conditions; used for scoring and figure only,0,0
cell100_win1_pass1,1.000000000,1,1.000000000,1,DEBY_LOD2_4907195,overseg_smooth.py MLS-style local plane fit and z projection on roof-top class-6 points,phases/p2-gsjso/runs/20260717_qs_cheap_refine_pilot/input/dense_w2_1_c001_classified.laz,e9acd5eb90dc42d88f13485a73fbaf8d10cff76cb5a3063f5f5bc72f51454c4a,phases/p2-gsjso/runs/20260718_qs_cheap_refine_sweep/jobs/cell100_win1_pass1/dense_w2_1_c001_cell100_win1_pass1.laz,65f47b0fa26adada3d2a810522c3275a8726889a2fa64147ccc3e6d34a9d44ea,686,0.110000000,0.540000000,success,success,standard,true,false,true,1,2,0.500000000,0.385488739,0.804687310,165,0.230254207,40.948377500,177.839580000,40.948311415,true,true,1.000000000,0.269773262,0.570649324,0.082079788,0,-0.500000000,0.115715477,0.148174419,phases/p2-gsjso/runs/20260718_qs_cheap_refine_sweep/jobs/cell100_win1_pass1/dense_w2_1_c001_cell100_win1_pass1.city.json,749ac10e28863e0fed7653e961500afc2b84885b39d75a02b9ffec223c74b6ab,phases/p2-gsjso/runs/20260718_qs_cheap_refine_sweep/jobs/cell100_win1_pass1/dense_w2_1_c001_cell100_win1_pass1_val3dity.json,0,EPSG:25832,0.000000000,LoD2 reference opened only after all 18 Roofer conditions; used for scoring and figure only,0,0
cell100_win1_pass1,1.000000000,1,1.000000000,1,DEBY_LOD2_4907198,overseg_smooth.py MLS-style local plane fit and z projection on roof-top class-6 points,phases/p2-gsjso/runs/20260717_qs_cheap_refine_pilot/input/dense_w2_1_c001_classified.laz,e9acd5eb90dc42d88f13485a73fbaf8d10cff76cb5a3063f5f5bc72f51454c4a,phases/p2-gsjso/runs/20260718_qs_cheap_refine_sweep/jobs/cell100_win1_pass1/dense_w2_1_c001_cell100_win1_pass1.laz,65f47b0fa26adada3d2a810522c3275a8726889a2fa64147ccc3e6d34a9d44ea,1309,0.060000000,0.760000000,success,success,standard,true,false,true,2,4,0.500000000,1.455615541,2.728691009,58,0.039941172,14.372194000,359.797467497,14.370732439,true,true,0.250000000,2.127468875,2.595384354,0.014397369,0,0.250000000,-0.671853334,0.025543803,phases/p2-gsjso/runs/20260718_qs_cheap_refine_sweep/jobs/cell100_win1_pass1/dense_w2_1_c001_cell100_win1_pass1.city.json,749ac10e28863e0fed7653e961500afc2b84885b39d75a02b9ffec223c74b6ab,phases/p2-gsjso/runs/20260718_qs_cheap_refine_sweep/jobs/cell100_win1_pass1/dense_w2_1_c001_cell100_win1_pass1_val3dity.json,0,EPSG:25832,0.000000000,LoD2 reference opened only after all 18 Roofer conditions; used for scoring and figure only,0,0
cell100_win1_pass1,1.000000000,1,1.000000000,1,DEBY_LOD2_4907199,overseg_smooth.py MLS-style local plane fit and z projection on roof-top class-6 points,phases/p2-gsjso/runs/20260717_qs_cheap_refine_pilot/input/dense_w2_1_c001_classified.laz,e9acd5eb90dc42d88f13485a73fbaf8d10cff76cb5a3063f5f5bc72f51454c4a,phases/p2-gsjso/runs/20260718_qs_cheap_refine_sweep/jobs/cell100_win1_pass1/dense_w2_1_c001_cell100_win1_pass1.laz,65f47b0fa26adada3d2a810522c3275a8726889a2fa64147ccc3e6d34a9d44ea,4,0.030000000,0.038500000,failure,pointcloud_unusable_no_points,skip,false,false,true,0,1,0.000000000,,,0,0.000000000,0.000000000,98.346449999,0.000000000,false,true,0.000000000,,,0.000000000,0,0.000000000,,0.000000000,phases/p2-gsjso/runs/20260718_qs_cheap_refine_sweep/jobs/cell100_win1_pass1/dense_w2_1_c001_cell100_win1_pass1.city.json,749ac10e28863e0fed7653e961500afc2b84885b39d75a02b9ffec223c74b6ab,phases/p2-gsjso/runs/20260718_qs_cheap_refine_sweep/jobs/cell100_win1_pass1/dense_w2_1_c001_cell100_win1_pass1_val3dity.json,0,EPSG:25832,0.000000000,LoD2 reference opened only after all 18 Roofer conditions; used for scoring and figure only,0,0
cell100_win1_pass1,1.000000000,1,1.000000000,1,DEBY_LOD2_4907202,overseg_smooth.py MLS-style local plane fit and z projection on roof-top class-6 points,phases/p2-gsjso/runs/20260717_qs_cheap_refine_pilot/input/dense_w2_1_c001_classified.laz,e9acd5eb90dc42d88f13485a73fbaf8d10cff76cb5a3063f5f5bc72f51454c4a,phases/p2-gsjso/runs/20260718_qs_cheap_refine_sweep/jobs/cell100_win1_pass1/dense_w2_1_c001_cell100_win1_pass1.laz,65f47b0fa26adada3d2a810522c3275a8726889a2fa64147ccc3e6d34a9d44ea,5229,0.100000000,0.980000000,success,success,standard,true,false,true,2,2,1.000000000,0.600790678,2.631703328,639,0.999899079,160.595140996,160.461520004,160.445326082,true,true,1.500000000,0.563657590,3.486506786,0.994591924,0,-0.500000000,0.037133088,0.005307155,phases/p2-gsjso/runs/20260718_qs_cheap_refine_sweep/jobs/cell100_win1_pass1/dense_w2_1_c001_cell100_win1_pass1.city.json,749ac10e28863e0fed7653e961500afc2b84885b39d75a02b9ffec223c74b6ab,phases/p2-gsjso/runs/20260718_qs_cheap_refine_sweep/jobs/cell100_win1_pass1/dense_w2_1_c001_cell100_win1_pass1_val3dity.json,0,EPSG:25832,0.000000000,LoD2 reference opened only after all 18 Roofer conditions; used for scoring and figure only,0,0
cell100_win1_pass1,1.000000000,1,1.000000000,1,DEBY_LOD2_4908168,overseg_smooth.py MLS-style local plane fit and z projection on roof-top class-6 points,phases/p2-gsjso/runs/20260717_qs_cheap_refine_pilot/input/dense_w2_1_c001_classified.laz,e9acd5eb90dc42d88f13485a73fbaf8d10cff76cb5a3063f5f5bc72f51454c4a,phases/p2-gsjso/runs/20260718_qs_cheap_refine_sweep/jobs/cell100_win1_pass1/dense_w2_1_c001_cell100_win1_pass1.laz,65f47b0fa26adada3d2a810522c3275a8726889a2fa64147ccc3e6d34a9d44ea,752,0.010000000,0.120000000,success,success,standard,true,false,true,1,1,1.000000000,0.165870756,0.412595422,114,0.999745093,28.825925500,28.831400000,28.824050666,true,true,1.000000000,0.178913202,0.442979418,0.999879645,0,0.000000000,-0.013042446,-0.000134552,phases/p2-gsjso/runs/20260718_qs_cheap_refine_sweep/jobs/cell100_win1_pass1/dense_w2_1_c001_cell100_win1_pass1.city.json,749ac10e28863e0fed7653e961500afc2b84885b39d75a02b9ffec223c74b6ab,phases/p2-gsjso/runs/20260718_qs_cheap_refine_sweep/jobs/cell100_win1_pass1/dense_w2_1_c001_cell100_win1_pass1_val3dity.json,0,EPSG:25832,0.000000000,LoD2 reference opened only after all 18 Roofer conditions; used for scoring and figure only,0,0
cell100_win1_pass1,1.000000000,1,1.000000000,1,DEBY_LOD2_4908178,overseg_smooth.py MLS-style local plane fit and z projection on roof-top class-6 points,phases/p2-gsjso/runs/20260717_qs_cheap_refine_pilot/input/dense_w2_1_c001_classified.laz,e9acd5eb90dc42d88f13485a73fbaf8d10cff76cb5a3063f5f5bc72f51454c4a,phases/p2-gsjso/runs/20260718_qs_cheap_refine_sweep/jobs/cell100_win1_pass1/dense_w2_1_c001_cell100_win1_pass1.laz,65f47b0fa26adada3d2a810522c3275a8726889a2fa64147ccc3e6d34a9d44ea,421,0.030000000,0.320000000,failure,missing_lod22_geometry,standard,false,false,true,0,2,0.000000000,,,0,0.000000000,0.000000000,113.412679999,0.000000000,true,true,0.500000000,0.624888129,1.520071182,0.999921002,-1,-0.500000000,,-0.999921002,phases/p2-gsjso/runs/20260718_qs_cheap_refine_sweep/jobs/cell100_win1_pass1/dense_w2_1_c001_cell100_win1_pass1.city.json,749ac10e28863e0fed7653e961500afc2b84885b39d75a02b9ffec223c74b6ab,phases/p2-gsjso/runs/20260718_qs_cheap_refine_sweep/jobs/cell100_win1_pass1/dense_w2_1_c001_cell100_win1_pass1_val3dity.json,0,EPSG:25832,0.000000000,LoD2 reference opened only after all 18 Roofer conditions; used for scoring and figure only,0,0
cell100_win1_pass1,1.000000000,1,1.000000000,1,DEBY_LOD2_4908179,overseg_smooth.py MLS-style local plane fit and z projection on roof-top class-6 points,phases/p2-gsjso/runs/20260717_qs_cheap_refine_pilot/input/dense_w2_1_c001_classified.laz,e9acd5eb90dc42d88f13485a73fbaf8d10cff76cb5a3063f5f5bc72f51454c4a,phases/p2-gsjso/runs/20260718_qs_cheap_refine_sweep/jobs/cell100_win1_pass1/dense_w2_1_c001_cell100_win1_pass1.laz,65f47b0fa26adada3d2a810522c3275a8726889a2fa64147ccc3e6d34a9d44ea,0,,,failure,pointcloud_unusable_no_points,skip,false,false,true,0,1,0.000000000,,,0,0.000000000,0.000000000,118.249599998,0.000000000,false,false,0.000000000,,,0.000000000,0,0.000000000,,0.000000000,phases/p2-gsjso/runs/20260718_qs_cheap_refine_sweep/jobs/cell100_win1_pass1/dense_w2_1_c001_cell100_win1_pass1.city.json,749ac10e28863e0fed7653e961500afc2b84885b39d75a02b9ffec223c74b6ab,phases/p2-gsjso/runs/20260718_qs_cheap_refine_sweep/jobs/cell100_win1_pass1/dense_w2_1_c001_cell100_win1_pass1_val3dity.json,0,EPSG:25832,0.000000000,LoD2 reference opened only after all 18 Roofer conditions; used for scoring and figure only,0,0
cell100_win1_pass1,1.000000000,1,1.000000000,1,DEBY_LOD2_60098,overseg_smooth.py MLS-style local plane fit and z projection on roof-top class-6 points,phases/p2-gsjso/runs/20260717_qs_cheap_refine_pilot/input/dense_w2_1_c001_classified.laz,e9acd5eb90dc42d88f13485a73fbaf8d10cff76cb5a3063f5f5bc72f51454c4a,phases/p2-gsjso/runs/20260718_qs_cheap_refine_sweep/jobs/cell100_win1_pass1/dense_w2_1_c001_cell100_win1_pass1.laz,65f47b0fa26adada3d2a810522c3275a8726889a2fa64147ccc3e6d34a9d44ea,668,0.120000000,0.486500000,success,success,standard,true,false,true,3,2,1.500000000,2.774793191,9.272926632,785,0.999905824,195.941213498,195.925425003,195.906973562,true,true,1.500000000,2.991955569,9.730518924,0.999898969,0,0.000000000,-0.217162378,0.000006855,phases/p2-gsjso/runs/20260718_qs_cheap_refine_sweep/jobs/cell100_win1_pass1/dense_w2_1_c001_cell100_win1_pass1.city.json,749ac10e28863e0fed7653e961500afc2b84885b39d75a02b9ffec223c74b6ab,phases/p2-gsjso/runs/20260718_qs_cheap_refine_sweep/jobs/cell100_win1_pass1/dense_w2_1_c001_cell100_win1_pass1_val3dity.json,0,EPSG:25832,0.000000000,LoD2 reference opened only after all 18 Roofer conditions; used for scoring and figure only,0,0
cell100_win1_pass1,1.000000000,1,1.000000000,1,DEBY_LOD2_8568391,overseg_smooth.py MLS-style local plane fit and z projection on roof-top class-6 points,phases/p2-gsjso/runs/20260717_qs_cheap_refine_pilot/input/dense_w2_1_c001_classified.laz,e9acd5eb90dc42d88f13485a73fbaf8d10cff76cb5a3063f5f5bc72f51454c4a,phases/p2-gsjso/runs/20260718_qs_cheap_refine_sweep/jobs/cell100_win1_pass1/dense_w2_1_c001_cell100_win1_pass1.laz,65f47b0fa26adada3d2a810522c3275a8726889a2fa64147ccc3e6d34a9d44ea,0,,,failure,pointcloud_unusable_no_points,skip,false,false,true,0,1,0.000000000,,,0,0.000000000,0.000000000,55.535699997,0.000000000,false,true,0.000000000,,,0.000000000,0,0.000000000,,0.000000000,phases/p2-gsjso/runs/20260718_qs_cheap_refine_sweep/jobs/cell100_win1_pass1/dense_w2_1_c001_cell100_win1_pass1.city.json,749ac10e28863e0fed7653e961500afc2b84885b39d75a02b9ffec223c74b6ab,phases/p2-gsjso/runs/20260718_qs_cheap_refine_sweep/jobs/cell100_win1_pass1/dense_w2_1_c001_cell100_win1_pass1_val3dity.json,0,EPSG:25832,0.000000000,LoD2 reference opened only after all 18 Roofer conditions; used for scoring and figure only,0,0
cell100_win1_pass1,1.000000000,1,1.000000000,1,DEBY_LOD2_8568392,overseg_smooth.py MLS-style local plane fit and z projection on roof-top class-6 points,phases/p2-gsjso/runs/20260717_qs_cheap_refine_pilot/input/dense_w2_1_c001_classified.laz,e9acd5eb90dc42d88f13485a73fbaf8d10cff76cb5a3063f5f5bc72f51454c4a,phases/p2-gsjso/runs/20260718_qs_cheap_refine_sweep/jobs/cell100_win1_pass1/dense_w2_1_c001_cell100_win1_pass1.laz,65f47b0fa26adada3d2a810522c3275a8726889a2fa64147ccc3e6d34a9d44ea,0,,,failure,pointcloud_unusable_no_points,skip,false,false,true,0,1,0.000000000,,,0,0.000000000,0.000000000,5.797516501,0.000000000,false,true,0.000000000,,,0.000000000,0,0.000000000,,0.000000000,phases/p2-gsjso/runs/20260718_qs_cheap_refine_sweep/jobs/cell100_win1_pass1/dense_w2_1_c001_cell100_win1_pass1.city.json,749ac10e28863e0fed7653e961500afc2b84885b39d75a02b9ffec223c74b6ab,phases/p2-gsjso/runs/20260718_qs_cheap_refine_sweep/jobs/cell100_win1_pass1/dense_w2_1_c001_cell100_win1_pass1_val3dity.json,0,EPSG:25832,0.000000000,LoD2 reference opened only after all 18 Roofer conditions; used for scoring and figure only,0,0
cell100_win1_pass2,1.000000000,1,1.000000000,2,DEBY_LOD2_108247349,overseg_smooth.py MLS-style local plane fit and z projection on roof-top class-6 points,phases/p2-gsjso/runs/20260717_qs_cheap_refine_pilot/input/dense_w2_1_c001_classified.laz,e9acd5eb90dc42d88f13485a73fbaf8d10cff76cb5a3063f5f5bc72f51454c4a,phases/p2-gsjso/runs/20260718_qs_cheap_refine_sweep/jobs/cell100_win1_pass2/dense_w2_1_c001_cell100_win1_pass2.laz,0afddb843f9efed28bfe4212a2369177fdfde19310491ea59ea394d5a1afd414,0,,,failure,pointcloud_unusable_no_points,skip,false,false,true,0,1,0.000000000,,,0,0.000000000,0.000000000,101.102650001,0.000000000,false,false,0.000000000,,,0.000000000,0,0.000000000,,0.000000000,phases/p2-gsjso/runs/20260718_qs_cheap_refine_sweep/jobs/cell100_win1_pass2/dense_w2_1_c001_cell100_win1_pass2.city.json,463a089805bb80fbc9fcf95a0334d193cbd72de5eb655e726d31d6692b1ac0cd,phases/p2-gsjso/runs/20260718_qs_cheap_refine_sweep/jobs/cell100_win1_pass2/dense_w2_1_c001_cell100_win1_pass2_val3dity.json,0,EPSG:25832,0.000000000,LoD2 reference opened only after all 18 Roofer conditions; used for scoring and figure only,0,0
cell100_win1_pass2,1.000000000,1,1.000000000,2,DEBY_LOD2_108247350,overseg_smooth.py MLS-style local plane fit and z projection on roof-top class-6 points,phases/p2-gsjso/runs/20260717_qs_cheap_refine_pilot/input/dense_w2_1_c001_classified.laz,e9acd5eb90dc42d88f13485a73fbaf8d10cff76cb5a3063f5f5bc72f51454c4a,phases/p2-gsjso/runs/20260718_qs_cheap_refine_sweep/jobs/cell100_win1_pass2/dense_w2_1_c001_cell100_win1_pass2.laz,0afddb843f9efed28bfe4212a2369177fdfde19310491ea59ea394d5a1afd414,3,0.010000000,0.010000000,failure,pointcloud_unusable_no_points,skip,false,false,true,0,1,0.000000000,,,0,0.000000000,0.000000000,12.137050000,0.000000000,false,true,0.000000000,,,0.000000000,0,0.000000000,,0.000000000,phases/p2-gsjso/runs/20260718_qs_cheap_refine_sweep/jobs/cell100_win1_pass2/dense_w2_1_c001_cell100_win1_pass2.city.json,463a089805bb80fbc9fcf95a0334d193cbd72de5eb655e726d31d6692b1ac0cd,phases/p2-gsjso/runs/20260718_qs_cheap_refine_sweep/jobs/cell100_win1_pass2/dense_w2_1_c001_cell100_win1_pass2_val3dity.json,0,EPSG:25832,0.000000000,LoD2 reference opened only after all 18 Roofer conditions; used for scoring and figure only,0,0
cell100_win1_pass2,1.000000000,1,1.000000000,2,DEBY_LOD2_108247351,overseg_smooth.py MLS-style local plane fit and z projection on roof-top class-6 points,phases/p2-gsjso/runs/20260717_qs_cheap_refine_pilot/input/dense_w2_1_c001_classified.laz,e9acd5eb90dc42d88f13485a73fbaf8d10cff76cb5a3063f5f5bc72f51454c4a,phases/p2-gsjso/runs/20260718_qs_cheap_refine_sweep/jobs/cell100_win1_pass2/dense_w2_1_c001_cell100_win1_pass2.laz,0afddb843f9efed28bfe4212a2369177fdfde19310491ea59ea394d5a1afd414,0,,,failure,pointcloud_unusable_no_points,skip,false,false,true,0,1,0.000000000,,,0,0.000000000,0.000000000,65.278499998,0.000000000,false,true,0.000000000,,,0.000000000,0,0.000000000,,0.000000000,phases/p2-gsjso/runs/20260718_qs_cheap_refine_sweep/jobs/cell100_win1_pass2/dense_w2_1_c001_cell100_win1_pass2.city.json,463a089805bb80fbc9fcf95a0334d193cbd72de5eb655e726d31d6692b1ac0cd,phases/p2-gsjso/runs/20260718_qs_cheap_refine_sweep/jobs/cell100_win1_pass2/dense_w2_1_c001_cell100_win1_pass2_val3dity.json,0,EPSG:25832,0.000000000,LoD2 reference opened only after all 18 Roofer conditions; used for scoring and figure only,0,0
cell100_win1_pass2,1.000000000,1,1.000000000,2,DEBY_LOD2_4907184,overseg_smooth.py MLS-style local plane fit and z projection on roof-top class-6 points,phases/p2-gsjso/runs/20260717_qs_cheap_refine_pilot/input/dense_w2_1_c001_classified.laz,e9acd5eb90dc42d88f13485a73fbaf8d10cff76cb5a3063f5f5bc72f51454c4a,phases/p2-gsjso/runs/20260718_qs_cheap_refine_sweep/jobs/cell100_win1_pass2/dense_w2_1_c001_cell100_win1_pass2.laz,0afddb843f9efed28bfe4212a2369177fdfde19310491ea59ea394d5a1afd414,201892,0.110000000,0.710000000,success,success,standard,true,false,true,11,4,2.750000000,0.589732550,5.172411508,1352,0.999928584,337.880172999,337.863561498,337.839432481,true,true,1.500000000,0.354716522,2.638333513,0.995567105,0,1.250000000,0.235016028,0.004361479,phases/p2-gsjso/runs/20260718_qs_cheap_refine_sweep/jobs/cell100_win1_pass2/dense_w2_1_c001_cell100_win1_pass2.city.json,463a089805bb80fbc9fcf95a0334d193cbd72de5eb655e726d31d6692b1ac0cd,phases/p2-gsjso/runs/20260718_qs_cheap_refine_sweep/jobs/cell100_win1_pass2/dense_w2_1_c001_cell100_win1_pass2_val3dity.json,0,EPSG:25832,0.000000000,LoD2 reference opened only after all 18 Roofer conditions; used for scoring and figure only,0,0
cell100_win1_pass2,1.000000000,1,1.000000000,2,DEBY_LOD2_4907185,overseg_smooth.py MLS-style local plane fit and z projection on roof-top class-6 points,phases/p2-gsjso/runs/20260717_qs_cheap_refine_pilot/input/dense_w2_1_c001_classified.laz,e9acd5eb90dc42d88f13485a73fbaf8d10cff76cb5a3063f5f5bc72f51454c4a,phases/p2-gsjso/runs/20260718_qs_cheap_refine_sweep/jobs/cell100_win1_pass2/dense_w2_1_c001_cell100_win1_pass2.laz,0afddb843f9efed28bfe4212a2369177fdfde19310491ea59ea394d5a1afd414,3488,0.000000000,0.990000000,success,success,standard,true,false,true,4,2,2.000000000,3.091339760,8.517045985,641,0.999952166,161.065284497,160.981467003,160.973766585,true,true,1.500000000,2.613993006,10.997450351,0.999948727,0,0.500000000,0.477346754,0.000003439,phases/p2-gsjso/runs/20260718_qs_cheap_refine_sweep/jobs/cell100_win1_pass2/dense_w2_1_c001_cell100_win1_pass2.city.json,463a089805bb80fbc9fcf95a0334d193cbd72de5eb655e726d31d6692b1ac0cd,phases/p2-gsjso/runs/20260718_qs_cheap_refine_sweep/jobs/cell100_win1_pass2/dense_w2_1_c001_cell100_win1_pass2_val3dity.json,0,EPSG:25832,0.000000000,LoD2 reference opened only after all 18 Roofer conditions; used for scoring and figure only,0,0
cell100_win1_pass2,1.000000000,1,1.000000000,2,DEBY_LOD2_4907186,overseg_smooth.py MLS-style local plane fit and z projection on roof-top class-6 points,phases/p2-gsjso/runs/20260717_qs_cheap_refine_pilot/input/dense_w2_1_c001_classified.laz,e9acd5eb90dc42d88f13485a73fbaf8d10cff76cb5a3063f5f5bc72f51454c4a,phases/p2-gsjso/runs/20260718_qs_cheap_refine_sweep/jobs/cell100_win1_pass2/dense_w2_1_c001_cell100_win1_pass2.laz,0afddb843f9efed28bfe4212a2369177fdfde19310491ea59ea394d5a1afd414,480,0.080000000,0.771000000,success,success,standard,true,false,true,2,2,1.000000000,0.726909268,1.134591576,166,0.248403250,41.711710000,167.832339001,41.690098472,true,true,1.000000000,3.543989669,11.354917333,0.999810607,0,0.000000000,-2.817080401,-0.751407357,phases/p2-gsjso/runs/20260718_qs_cheap_refine_sweep/jobs/cell100_win1_pass2/dense_w2_1_c001_cell100_win1_pass2.city.json,463a089805bb80fbc9fcf95a0334d193cbd72de5eb655e726d31d6692b1ac0cd,phases/p2-gsjso/runs/20260718_qs_cheap_refine_sweep/jobs/cell100_win1_pass2/dense_w2_1_c001_cell100_win1_pass2_val3dity.json,0,EPSG:25832,0.000000000,LoD2 reference opened only after all 18 Roofer conditions; used for scoring and figure only,0,0
cell100_win1_pass2,1.000000000,1,1.000000000,2,DEBY_LOD2_4907188,overseg_smooth.py MLS-style local plane fit and z projection on roof-top class-6 points,phases/p2-gsjso/runs/20260717_qs_cheap_refine_pilot/input/dense_w2_1_c001_classified.laz,e9acd5eb90dc42d88f13485a73fbaf8d10cff76cb5a3063f5f5bc72f51454c4a,phases/p2-gsjso/runs/20260718_qs_cheap_refine_sweep/jobs/cell100_win1_pass2/dense_w2_1_c001_cell100_win1_pass2.laz,0afddb843f9efed28bfe4212a2369177fdfde19310491ea59ea394d5a1afd414,1118,0.120000000,0.781500000,success,success,standard,true,false,true,4,2,2.000000000,1.380139025,3.858605048,664,0.999951258,165.884351000,165.881390000,165.873304644,true,true,1.500000000,1.354221199,4.138715144,0.999949573,0,0.500000000,0.025917826,0.000001685,phases/p2-gsjso/runs/20260718_qs_cheap_refine_sweep/jobs/cell100_win1_pass2/dense_w2_1_c001_cell100_win1_pass2.city.json,463a089805bb80fbc9fcf95a0334d193cbd72de5eb655e726d31d6692b1ac0cd,phases/p2-gsjso/runs/20260718_qs_cheap_refine_sweep/jobs/cell100_win1_pass2/dense_w2_1_c001_cell100_win1_pass2_val3dity.json,0,EPSG:25832,0.000000000,LoD2 reference opened only after all 18 Roofer conditions; used for scoring and figure only,0,0
cell100_win1_pass2,1.000000000,1,1.000000000,2,DEBY_LOD2_4907194,overseg_smooth.py MLS-style local plane fit and z projection on roof-top class-6 points,phases/p2-gsjso/runs/20260717_qs_cheap_refine_pilot/input/dense_w2_1_c001_classified.laz,e9acd5eb90dc42d88f13485a73fbaf8d10cff76cb5a3063f5f5bc72f51454c4a,phases/p2-gsjso/runs/20260718_qs_cheap_refine_sweep/jobs/cell100_win1_pass2/dense_w2_1_c001_cell100_win1_pass2.laz,0afddb843f9efed28bfe4212a2369177fdfde19310491ea59ea394d5a1afd414,47,0.080000000,0.241000000,failure,missing_lod22_geometry,standard,false,false,true,0,2,0.000000000,,,0,0.000000000,0.000000000,212.725209999,0.000000000,false,false,0.000000000,,,0.000000000,0,0.000000000,,0.000000000,phases/p2-gsjso/runs/20260718_qs_cheap_refine_sweep/jobs/cell100_win1_pass2/dense_w2_1_c001_cell100_win1_pass2.city.json,463a089805bb80fbc9fcf95a0334d193cbd72de5eb655e726d31d6692b1ac0cd,phases/p2-gsjso/runs/20260718_qs_cheap_refine_sweep/jobs/cell100_win1_pass2/dense_w2_1_c001_cell100_win1_pass2_val3dity.json,0,EPSG:25832,0.000000000,LoD2 reference opened only after all 18 Roofer conditions; used for scoring and figure only,0,0
cell100_win1_pass2,1.000000000,1,1.000000000,2,DEBY_LOD2_4907195,overseg_smooth.py MLS-style local plane fit and z projection on roof-top class-6 points,phases/p2-gsjso/runs/20260717_qs_cheap_refine_pilot/input/dense_w2_1_c001_classified.laz,e9acd5eb90dc42d88f13485a73fbaf8d10cff76cb5a3063f5f5bc72f51454c4a,phases/p2-gsjso/runs/20260718_qs_cheap_refine_sweep/jobs/cell100_win1_pass2/dense_w2_1_c001_cell100_win1_pass2.laz,0afddb843f9efed28bfe4212a2369177fdfde19310491ea59ea394d5a1afd414,686,0.120000000,0.570000000,success,success,standard,true,false,true,1,2,0.500000000,0.379097077,0.780355442,169,0.236983093,42.144978496,177.839580000,42.144973807,true,true,1.000000000,0.269773262,0.570649324,0.082079788,0,-0.500000000,0.109323815,0.154903305,phases/p2-gsjso/runs/20260718_qs_cheap_refine_sweep/jobs/cell100_win1_pass2/dense_w2_1_c001_cell100_win1_pass2.city.json,463a089805bb80fbc9fcf95a0334d193cbd72de5eb655e726d31d6692b1ac0cd,phases/p2-gsjso/runs/20260718_qs_cheap_refine_sweep/jobs/cell100_win1_pass2/dense_w2_1_c001_cell100_win1_pass2_val3dity.json,0,EPSG:25832,0.000000000,LoD2 reference opened only after all 18 Roofer conditions; used for scoring and figure only,0,0
cell100_win1_pass2,1.000000000,1,1.000000000,2,DEBY_LOD2_4907198,overseg_smooth.py MLS-style local plane fit and z projection on roof-top class-6 points,phases/p2-gsjso/runs/20260717_qs_cheap_refine_pilot/input/dense_w2_1_c001_classified.laz,e9acd5eb90dc42d88f13485a73fbaf8d10cff76cb5a3063f5f5bc72f51454c4a,phases/p2-gsjso/runs/20260718_qs_cheap_refine_sweep/jobs/cell100_win1_pass2/dense_w2_1_c001_cell100_win1_pass2.laz,0afddb843f9efed28bfe4212a2369177fdfde19310491ea59ea394d5a1afd414,1309,0.060000000,0.830000000,success,success,standard,true,false,true,3,4,0.750000000,1.667303362,2.971453382,68,0.045942290,16.530438999,359.797467497,16.529919742,true,true,0.250000000,2.127468875,2.595384354,0.014397369,0,0.500000000,-0.460165513,0.031544921,phases/p2-gsjso/runs/20260718_qs_cheap_refine_sweep/jobs/cell100_win1_pass2/dense_w2_1_c001_cell100_win1_pass2.city.json,463a089805bb80fbc9fcf95a0334d193cbd72de5eb655e726d31d6692b1ac0cd,phases/p2-gsjso/runs/20260718_qs_cheap_refine_sweep/jobs/cell100_win1_pass2/dense_w2_1_c001_cell100_win1_pass2_val3dity.json,0,EPSG:25832,0.000000000,LoD2 reference opened only after all 18 Roofer conditions; used for scoring and figure only,0,0
cell100_win1_pass2,1.000000000,1,1.000000000,2,DEBY_LOD2_4907199,overseg_smooth.py MLS-style local plane fit and z projection on roof-top class-6 points,phases/p2-gsjso/runs/20260717_qs_cheap_refine_pilot/input/dense_w2_1_c001_classified.laz,e9acd5eb90dc42d88f13485a73fbaf8d10cff76cb5a3063f5f5bc72f51454c4a,phases/p2-gsjso/runs/20260718_qs_cheap_refine_sweep/jobs/cell100_win1_pass2/dense_w2_1_c001_cell100_win1_pass2.laz,0afddb843f9efed28bfe4212a2369177fdfde19310491ea59ea394d5a1afd414,4,0.030000000,0.038500000,failure,pointcloud_unusable_no_points,skip,false,false,true,0,1,0.000000000,,,0,0.000000000,0.000000000,98.346449999,0.000000000,false,true,0.000000000,,,0.000000000,0,0.000000000,,0.000000000,phases/p2-gsjso/runs/20260718_qs_cheap_refine_sweep/jobs/cell100_win1_pass2/dense_w2_1_c001_cell100_win1_pass2.city.json,463a089805bb80fbc9fcf95a0334d193cbd72de5eb655e726d31d6692b1ac0cd,phases/p2-gsjso/runs/20260718_qs_cheap_refine_sweep/jobs/cell100_win1_pass2/dense_w2_1_c001_cell100_win1_pass2_val3dity.json,0,EPSG:25832,0.000000000,LoD2 reference opened only after all 18 Roofer conditions; used for scoring and figure only,0,0
cell100_win1_pass2,1.000000000,1,1.000000000,2,DEBY_LOD2_4907202,overseg_smooth.py MLS-style local plane fit and z projection on roof-top class-6 points,phases/p2-gsjso/runs/20260717_qs_cheap_refine_pilot/input/dense_w2_1_c001_classified.laz,e9acd5eb90dc42d88f13485a73fbaf8d10cff76cb5a3063f5f5bc72f51454c4a,phases/p2-gsjso/runs/20260718_qs_cheap_refine_sweep/jobs/cell100_win1_pass2/dense_w2_1_c001_cell100_win1_pass2.laz,0afddb843f9efed28bfe4212a2369177fdfde19310491ea59ea394d5a1afd414,5229,0.140000000,1.096000000,success,success,standard,true,false,true,2,2,1.000000000,0.677448451,2.673235146,645,0.999895162,160.588662496,160.461520004,160.444697604,true,true,1.500000000,0.563657590,3.486506786,0.994591924,0,-0.500000000,0.113790861,0.005303238,phases/p2-gsjso/runs/20260718_qs_cheap_refine_sweep/jobs/cell100_win1_pass2/dense_w2_1_c001_cell100_win1_pass2.city.json,463a089805bb80fbc9fcf95a0334d193cbd72de5eb655e726d31d6692b1ac0cd,phases/p2-gsjso/runs/20260718_qs_cheap_refine_sweep/jobs/cell100_win1_pass2/dense_w2_1_c001_cell100_win1_pass2_val3dity.json,0,EPSG:25832,0.000000000,LoD2 reference opened only after all 18 Roofer conditions; used for scoring and figure only,0,0
cell100_win1_pass2,1.000000000,1,1.000000000,2,DEBY_LOD2_4908168,overseg_smooth.py MLS-style local plane fit and z projection on roof-top class-6 points,phases/p2-gsjso/runs/20260717_qs_cheap_refine_pilot/input/dense_w2_1_c001_classified.laz,e9acd5eb90dc42d88f13485a73fbaf8d10cff76cb5a3063f5f5bc72f51454c4a,phases/p2-gsjso/runs/20260718_qs_cheap_refine_sweep/jobs/cell100_win1_pass2/dense_w2_1_c001_cell100_win1_pass2.laz,0afddb843f9efed28bfe4212a2369177fdfde19310491ea59ea394d5a1afd414,752,0.010000000,0.140000000,success,success,standard,true,false,true,1,1,1.000000000,0.161796534,0.402918040,114,0.999745093,28.825925500,28.831400000,28.824050666,true,true,1.000000000,0.178913202,0.442979418,0.999879645,0,0.000000000,-0.017116668,-0.000134552,phases/p2-gsjso/runs/20260718_qs_cheap_refine_sweep/jobs/cell100_win1_pass2/dense_w2_1_c001_cell100_win1_pass2.city.json,463a089805bb80fbc9fcf95a0334d193cbd72de5eb655e726d31d6692b1ac0cd,phases/p2-gsjso/runs/20260718_qs_cheap_refine_sweep/jobs/cell100_win1_pass2/dense_w2_1_c001_cell100_win1_pass2_val3dity.json,0,EPSG:25832,0.000000000,LoD2 reference opened only after all 18 Roofer conditions; used for scoring and figure only,0,0
cell100_win1_pass2,1.000000000,1,1.000000000,2,DEBY_LOD2_4908178,overseg_smooth.py MLS-style local plane fit and z projection on roof-top class-6 points,phases/p2-gsjso/runs/20260717_qs_cheap_refine_pilot/input/dense_w2_1_c001_classified.laz,e9acd5eb90dc42d88f13485a73fbaf8d10cff76cb5a3063f5f5bc72f51454c4a,phases/p2-gsjso/runs/20260718_qs_cheap_refine_sweep/jobs/cell100_win1_pass2/dense_w2_1_c001_cell100_win1_pass2.laz,0afddb843f9efed28bfe4212a2369177fdfde19310491ea59ea394d5a1afd414,421,0.040000000,0.380000000,failure,missing_lod22_geometry,standard,false,false,true,0,2,0.000000000,,,0,0.000000000,0.000000000,113.412679999,0.000000000,true,true,0.500000000,0.624888129,1.520071182,0.999921002,-1,-0.500000000,,-0.999921002,phases/p2-gsjso/runs/20260718_qs_cheap_refine_sweep/jobs/cell100_win1_pass2/dense_w2_1_c001_cell100_win1_pass2.city.json,463a089805bb80fbc9fcf95a0334d193cbd72de5eb655e726d31d6692b1ac0cd,phases/p2-gsjso/runs/20260718_qs_cheap_refine_sweep/jobs/cell100_win1_pass2/dense_w2_1_c001_cell100_win1_pass2_val3dity.json,0,EPSG:25832,0.000000000,LoD2 reference opened only after all 18 Roofer conditions; used for scoring and figure only,0,0
cell100_win1_pass2,1.000000000,1,1.000000000,2,DEBY_LOD2_4908179,overseg_smooth.py MLS-style local plane fit and z projection on roof-top class-6 points,phases/p2-gsjso/runs/20260717_qs_cheap_refine_pilot/input/dense_w2_1_c001_classified.laz,e9acd5eb90dc42d88f13485a73fbaf8d10cff76cb5a3063f5f5bc72f51454c4a,phases/p2-gsjso/runs/20260718_qs_cheap_refine_sweep/jobs/cell100_win1_pass2/dense_w2_1_c001_cell100_win1_pass2.laz,0afddb843f9efed28bfe4212a2369177fdfde19310491ea59ea394d5a1afd414,0,,,failure,pointcloud_unusable_no_points,skip,false,false,true,0,1,0.000000000,,,0,0.000000000,0.000000000,118.249599998,0.000000000,false,false,0.000000000,,,0.000000000,0,0.000000000,,0.000000000,phases/p2-gsjso/runs/20260718_qs_cheap_refine_sweep/jobs/cell100_win1_pass2/dense_w2_1_c001_cell100_win1_pass2.city.json,463a089805bb80fbc9fcf95a0334d193cbd72de5eb655e726d31d6692b1ac0cd,phases/p2-gsjso/runs/20260718_qs_cheap_refine_sweep/jobs/cell100_win1_pass2/dense_w2_1_c001_cell100_win1_pass2_val3dity.json,0,EPSG:25832,0.000000000,LoD2 reference opened only after all 18 Roofer conditions; used for scoring and figure only,0,0
cell100_win1_pass2,1.000000000,1,1.000000000,2,DEBY_LOD2_60098,overseg_smooth.py MLS-style local plane fit and z projection on roof-top class-6 points,phases/p2-gsjso/runs/20260717_qs_cheap_refine_pilot/input/dense_w2_1_c001_classified.laz,e9acd5eb90dc42d88f13485a73fbaf8d10cff76cb5a3063f5f5bc72f51454c4a,phases/p2-gsjso/runs/20260718_qs_cheap_refine_sweep/jobs/cell100_win1_pass2/dense_w2_1_c001_cell100_win1_pass2.laz,0afddb843f9efed28bfe4212a2369177fdfde19310491ea59ea394d5a1afd414,668,0.130000000,0.590000000,success,success,standard,true,false,true,3,2,1.500000000,2.700782517,8.907304952,785,0.999916410,195.943672000,195.925425003,195.909047500,true,true,1.500000000,2.991955569,9.730518924,0.999898969,0,0.000000000,-0.291173052,0.000017441,phases/p2-gsjso/runs/20260718_qs_cheap_refine_sweep/jobs/cell100_win1_pass2/dense_w2_1_c001_cell100_win1_pass2.city.json,463a089805bb80fbc9fcf95a0334d193cbd72de5eb655e726d31d6692b1ac0cd,phases/p2-gsjso/runs/20260718_qs_cheap_refine_sweep/jobs/cell100_win1_pass2/dense_w2_1_c001_cell100_win1_pass2_val3dity.json,0,EPSG:25832,0.000000000,LoD2 reference opened only after all 18 Roofer conditions; used for scoring and figure only,0,0
cell100_win1_pass2,1.000000000,1,1.000000000,2,DEBY_LOD2_8568391,overseg_smooth.py MLS-style local plane fit and z projection on roof-top class-6 points,phases/p2-gsjso/runs/20260717_qs_cheap_refine_pilot/input/dense_w2_1_c001_classified.laz,e9acd5eb90dc42d88f13485a73fbaf8d10cff76cb5a3063f5f5bc72f51454c4a,phases/p2-gsjso/runs/20260718_qs_cheap_refine_sweep/jobs/cell100_win1_pass2/dense_w2_1_c001_cell100_win1_pass2.laz,0afddb843f9efed28bfe4212a2369177fdfde19310491ea59ea394d5a1afd414,0,,,failure,pointcloud_unusable_no_points,skip,false,false,true,0,1,0.000000000,,,0,0.000000000,0.000000000,55.535699997,0.000000000,false,true,0.000000000,,,0.000000000,0,0.000000000,,0.000000000,phases/p2-gsjso/runs/20260718_qs_cheap_refine_sweep/jobs/cell100_win1_pass2/dense_w2_1_c001_cell100_win1_pass2.city.json,463a089805bb80fbc9fcf95a0334d193cbd72de5eb655e726d31d6692b1ac0cd,phases/p2-gsjso/runs/20260718_qs_cheap_refine_sweep/jobs/cell100_win1_pass2/dense_w2_1_c001_cell100_win1_pass2_val3dity.json,0,EPSG:25832,0.000000000,LoD2 reference opened only after all 18 Roofer conditions; used for scoring and figure only,0,0
cell100_win1_pass2,1.000000000,1,1.000000000,2,DEBY_LOD2_8568392,overseg_smooth.py MLS-style local plane fit and z projection on roof-top class-6 points,phases/p2-gsjso/runs/20260717_qs_cheap_refine_pilot/input/dense_w2_1_c001_classified.laz,e9acd5eb90dc42d88f13485a73fbaf8d10cff76cb5a3063f5f5bc72f51454c4a,phases/p2-gsjso/runs/20260718_qs_cheap_refine_sweep/jobs/cell100_win1_pass2/dense_w2_1_c001_cell100_win1_pass2.laz,0afddb843f9efed28bfe4212a2369177fdfde19310491ea59ea394d5a1afd414,0,,,failure,pointcloud_unusable_no_points,skip,false,false,true,0,1,0.000000000,,,0,0.000000000,0.000000000,5.797516501,0.000000000,false,true,0.000000000,,,0.000000000,0,0.000000000,,0.000000000,phases/p2-gsjso/runs/20260718_qs_cheap_refine_sweep/jobs/cell100_win1_pass2/dense_w2_1_c001_cell100_win1_pass2.city.json,463a089805bb80fbc9fcf95a0334d193cbd72de5eb655e726d31d6692b1ac0cd,phases/p2-gsjso/runs/20260718_qs_cheap_refine_sweep/jobs/cell100_win1_pass2/dense_w2_1_c001_cell100_win1_pass2_val3dity.json,0,EPSG:25832,0.000000000,LoD2 reference opened only after all 18 Roofer conditions; used for scoring and figure only,0,0
cell100_win2_pass1,1.000000000,2,2.000000000,1,DEBY_LOD2_108247349,overseg_smooth.py MLS-style local plane fit and z projection on roof-top class-6 points,phases/p2-gsjso/runs/20260717_qs_cheap_refine_pilot/input/dense_w2_1_c001_classified.laz,e9acd5eb90dc42d88f13485a73fbaf8d10cff76cb5a3063f5f5bc72f51454c4a,phases/p2-gsjso/runs/20260718_qs_cheap_refine_sweep/jobs/cell100_win2_pass1/dense_w2_1_c001_cell100_win2_pass1.laz,3002fb2629921011bdc1b9d0cfb04dba8e1d7d65df9032346c631a73561915b4,0,,,failure,pointcloud_unusable_no_points,skip,false,false,true,0,1,0.000000000,,,0,0.000000000,0.000000000,101.102650001,0.000000000,false,false,0.000000000,,,0.000000000,0,0.000000000,,0.000000000,phases/p2-gsjso/runs/20260718_qs_cheap_refine_sweep/jobs/cell100_win2_pass1/dense_w2_1_c001_cell100_win2_pass1.city.json,1af5f52bd40fc85f2a217a9dec2bbb5ac664ba5e42d7e8c5f2cb8c6cd5eb4b74,phases/p2-gsjso/runs/20260718_qs_cheap_refine_sweep/jobs/cell100_win2_pass1/dense_w2_1_c001_cell100_win2_pass1_val3dity.json,0,EPSG:25832,0.000000000,LoD2 reference opened only after all 18 Roofer conditions; used for scoring and figure only,0,0
cell100_win2_pass1,1.000000000,2,2.000000000,1,DEBY_LOD2_108247350,overseg_smooth.py MLS-style local plane fit and z projection on roof-top class-6 points,phases/p2-gsjso/runs/20260717_qs_cheap_refine_pilot/input/dense_w2_1_c001_classified.laz,e9acd5eb90dc42d88f13485a73fbaf8d10cff76cb5a3063f5f5bc72f51454c4a,phases/p2-gsjso/runs/20260718_qs_cheap_refine_sweep/jobs/cell100_win2_pass1/dense_w2_1_c001_cell100_win2_pass1.laz,3002fb2629921011bdc1b9d0cfb04dba8e1d7d65df9032346c631a73561915b4,3,0.010000000,0.010000000,failure,pointcloud_unusable_no_points,skip,false,false,true,0,1,0.000000000,,,0,0.000000000,0.000000000,12.137050000,0.000000000,false,true,0.000000000,,,0.000000000,0,0.000000000,,0.000000000,phases/p2-gsjso/runs/20260718_qs_cheap_refine_sweep/jobs/cell100_win2_pass1/dense_w2_1_c001_cell100_win2_pass1.city.json,1af5f52bd40fc85f2a217a9dec2bbb5ac664ba5e42d7e8c5f2cb8c6cd5eb4b74,phases/p2-gsjso/runs/20260718_qs_cheap_refine_sweep/jobs/cell100_win2_pass1/dense_w2_1_c001_cell100_win2_pass1_val3dity.json,0,EPSG:25832,0.000000000,LoD2 reference opened only after all 18 Roofer conditions; used for scoring and figure only,0,0
cell100_win2_pass1,1.000000000,2,2.000000000,1,DEBY_LOD2_108247351,overseg_smooth.py MLS-style local plane fit and z projection on roof-top class-6 points,phases/p2-gsjso/runs/20260717_qs_cheap_refine_pilot/input/dense_w2_1_c001_classified.laz,e9acd5eb90dc42d88f13485a73fbaf8d10cff76cb5a3063f5f5bc72f51454c4a,phases/p2-gsjso/runs/20260718_qs_cheap_refine_sweep/jobs/cell100_win2_pass1/dense_w2_1_c001_cell100_win2_pass1.laz,3002fb2629921011bdc1b9d0cfb04dba8e1d7d65df9032346c631a73561915b4,0,,,failure,pointcloud_unusable_no_points,skip,false,false,true,0,1,0.000000000,,,0,0.000000000,0.000000000,65.278499998,0.000000000,false,true,0.000000000,,,0.000000000,0,0.000000000,,0.000000000,phases/p2-gsjso/runs/20260718_qs_cheap_refine_sweep/jobs/cell100_win2_pass1/dense_w2_1_c001_cell100_win2_pass1.city.json,1af5f52bd40fc85f2a217a9dec2bbb5ac664ba5e42d7e8c5f2cb8c6cd5eb4b74,phases/p2-gsjso/runs/20260718_qs_cheap_refine_sweep/jobs/cell100_win2_pass1/dense_w2_1_c001_cell100_win2_pass1_val3dity.json,0,EPSG:25832,0.000000000,LoD2 reference opened only after all 18 Roofer conditions; used for scoring and figure only,0,0
cell100_win2_pass1,1.000000000,2,2.000000000,1,DEBY_LOD2_4907184,overseg_smooth.py MLS-style local plane fit and z projection on roof-top class-6 points,phases/p2-gsjso/runs/20260717_qs_cheap_refine_pilot/input/dense_w2_1_c001_classified.laz,e9acd5eb90dc42d88f13485a73fbaf8d10cff76cb5a3063f5f5bc72f51454c4a,phases/p2-gsjso/runs/20260718_qs_cheap_refine_sweep/jobs/cell100_win2_pass1/dense_w2_1_c001_cell100_win2_pass1.laz,3002fb2629921011bdc1b9d0cfb04dba8e1d7d65df9032346c631a73561915b4,201892,0.150000000,0.860000000,success,success,standard,true,false,true,11,4,2.750000000,0.621958088,5.038065111,1354,0.999946893,337.974615494,337.863561498,337.845618569,true,true,1.500000000,0.354716522,2.638333513,0.995567105,0,1.250000000,0.267241566,0.004379788,phases/p2-gsjso/runs/20260718_qs_cheap_refine_sweep/jobs/cell100_win2_pass1/dense_w2_1_c001_cell100_win2_pass1.city.json,1af5f52bd40fc85f2a217a9dec2bbb5ac664ba5e42d7e8c5f2cb8c6cd5eb4b74,phases/p2-gsjso/runs/20260718_qs_cheap_refine_sweep/jobs/cell100_win2_pass1/dense_w2_1_c001_cell100_win2_pass1_val3dity.json,0,EPSG:25832,0.000000000,LoD2 reference opened only after all 18 Roofer conditions; used for scoring and figure only,0,0
cell100_win2_pass1,1.000000000,2,2.000000000,1,DEBY_LOD2_4907185,overseg_smooth.py MLS-style local plane fit and z projection on roof-top class-6 points,phases/p2-gsjso/runs/20260717_qs_cheap_refine_pilot/input/dense_w2_1_c001_classified.laz,e9acd5eb90dc42d88f13485a73fbaf8d10cff76cb5a3063f5f5bc72f51454c4a,phases/p2-gsjso/runs/20260718_qs_cheap_refine_sweep/jobs/cell100_win2_pass1/dense_w2_1_c001_cell100_win2_pass1.laz,3002fb2629921011bdc1b9d0cfb04dba8e1d7d65df9032346c631a73561915b4,3488,0.000000000,1.366500000,success,success,standard,true,false,true,3,2,1.500000000,2.125038044,8.240662633,646,0.999962481,161.066803503,160.981467003,160.975427107,true,true,1.500000000,2.613993006,10.997450351,0.999948727,0,0.000000000,-0.488954962,0.000013754,phases/p2-gsjso/runs/20260718_qs_cheap_refine_sweep/jobs/cell100_win2_pass1/dense_w2_1_c001_cell100_win2_pass1.city.json,1af5f52bd40fc85f2a217a9dec2bbb5ac664ba5e42d7e8c5f2cb8c6cd5eb4b74,phases/p2-gsjso/runs/20260718_qs_cheap_refine_sweep/jobs/cell100_win2_pass1/dense_w2_1_c001_cell100_win2_pass1_val3dity.json,0,EPSG:25832,0.000000000,LoD2 reference opened only after all 18 Roofer conditions; used for scoring and figure only,0,0
cell100_win2_pass1,1.000000000,2,2.000000000,1,DEBY_LOD2_4907186,overseg_smooth.py MLS-style local plane fit and z projection on roof-top class-6 points,phases/p2-gsjso/runs/20260717_qs_cheap_refine_pilot/input/dense_w2_1_c001_classified.laz,e9acd5eb90dc42d88f13485a73fbaf8d10cff76cb5a3063f5f5bc72f51454c4a,phases/p2-gsjso/runs/20260718_qs_cheap_refine_sweep/jobs/cell100_win2_pass1/dense_w2_1_c001_cell100_win2_pass1.laz,3002fb2629921011bdc1b9d0cfb04dba8e1d7d65df9032346c631a73561915b4,480,0.100000000,0.953000000,success,success,standard,true,false,true,2,2,1.000000000,0.733959364,1.246069846,177,0.265288411,44.546804999,167.832339001,44.523974460,true,true,1.000000000,3.543989669,11.354917333,0.999810607,0,0.000000000,-2.810030305,-0.734522196,phases/p2-gsjso/runs/20260718_qs_cheap_refine_sweep/jobs/cell100_win2_pass1/dense_w2_1_c001_cell100_win2_pass1.city.json,1af5f52bd40fc85f2a217a9dec2bbb5ac664ba5e42d7e8c5f2cb8c6cd5eb4b74,phases/p2-gsjso/runs/20260718_qs_cheap_refine_sweep/jobs/cell100_win2_pass1/dense_w2_1_c001_cell100_win2_pass1_val3dity.json,0,EPSG:25832,0.000000000,LoD2 reference opened only after all 18 Roofer conditions; used for scoring and figure only,0,0
cell100_win2_pass1,1.000000000,2,2.000000000,1,DEBY_LOD2_4907188,overseg_smooth.py MLS-style local plane fit and z projection on roof-top class-6 points,phases/p2-gsjso/runs/20260717_qs_cheap_refine_pilot/input/dense_w2_1_c001_classified.laz,e9acd5eb90dc42d88f13485a73fbaf8d10cff76cb5a3063f5f5bc72f51454c4a,phases/p2-gsjso/runs/20260718_qs_cheap_refine_sweep/jobs/cell100_win2_pass1/dense_w2_1_c001_cell100_win2_pass1.laz,3002fb2629921011bdc1b9d0cfb04dba8e1d7d65df9032346c631a73561915b4,1118,0.150000000,0.830000000,success,success,standard,true,false,true,5,2,2.500000000,1.156686639,4.978987150,663,0.999951450,165.887954999,165.881390000,165.873336422,true,true,1.500000000,1.354221199,4.138715144,0.999949573,0,1.000000000,-0.197534560,0.000001877,phases/p2-gsjso/runs/20260718_qs_cheap_refine_sweep/jobs/cell100_win2_pass1/dense_w2_1_c001_cell100_win2_pass1.city.json,1af5f52bd40fc85f2a217a9dec2bbb5ac664ba5e42d7e8c5f2cb8c6cd5eb4b74,phases/p2-gsjso/runs/20260718_qs_cheap_refine_sweep/jobs/cell100_win2_pass1/dense_w2_1_c001_cell100_win2_pass1_val3dity.json,0,EPSG:25832,0.000000000,LoD2 reference opened only after all 18 Roofer conditions; used for scoring and figure only,0,0
cell100_win2_pass1,1.000000000,2,2.000000000,1,DEBY_LOD2_4907194,overseg_smooth.py MLS-style local plane fit and z projection on roof-top class-6 points,phases/p2-gsjso/runs/20260717_qs_cheap_refine_pilot/input/dense_w2_1_c001_classified.laz,e9acd5eb90dc42d88f13485a73fbaf8d10cff76cb5a3063f5f5bc72f51454c4a,phases/p2-gsjso/runs/20260718_qs_cheap_refine_sweep/jobs/cell100_win2_pass1/dense_w2_1_c001_cell100_win2_pass1.laz,3002fb2629921011bdc1b9d0cfb04dba8e1d7d65df9032346c631a73561915b4,47,0.080000000,0.237000000,failure,missing_lod22_geometry,standard,false,false,true,0,2,0.000000000,,,0,0.000000000,0.000000000,212.725209999,0.000000000,false,false,0.000000000,,,0.000000000,0,0.000000000,,0.000000000,phases/p2-gsjso/runs/20260718_qs_cheap_refine_sweep/jobs/cell100_win2_pass1/dense_w2_1_c001_cell100_win2_pass1.city.json,1af5f52bd40fc85f2a217a9dec2bbb5ac664ba5e42d7e8c5f2cb8c6cd5eb4b74,phases/p2-gsjso/runs/20260718_qs_cheap_refine_sweep/jobs/cell100_win2_pass1/dense_w2_1_c001_cell100_win2_pass1_val3dity.json,0,EPSG:25832,0.000000000,LoD2 reference opened only after all 18 Roofer conditions; used for scoring and figure only,0,0
cell100_win2_pass1,1.000000000,2,2.000000000,1,DEBY_LOD2_4907195,overseg_smooth.py MLS-style local plane fit and z projection on roof-top class-6 points,phases/p2-gsjso/runs/20260717_qs_cheap_refine_pilot/input/dense_w2_1_c001_classified.laz,e9acd5eb90dc42d88f13485a73fbaf8d10cff76cb5a3063f5f5bc72f51454c4a,phases/p2-gsjso/runs/20260718_qs_cheap_refine_sweep/jobs/cell100_win2_pass1/dense_w2_1_c001_cell100_win2_pass1.laz,3002fb2629921011bdc1b9d0cfb04dba8e1d7d65df9032346c631a73561915b4,686,0.130000000,0.597500000,success,success,standard,true,false,true,1,2,0.500000000,0.378120597,0.836449706,170,0.236771132,42.107699997,177.839580000,42.107278702,true,true,1.000000000,0.269773262,0.570649324,0.082079788,0,-0.500000000,0.108347335,0.154691344,phases/p2-gsjso/runs/20260718_qs_cheap_refine_sweep/jobs/cell100_win2_pass1/dense_w2_1_c001_cell100_win2_pass1.city.json,1af5f52bd40fc85f2a217a9dec2bbb5ac664ba5e42d7e8c5f2cb8c6cd5eb4b74,phases/p2-gsjso/runs/20260718_qs_cheap_refine_sweep/jobs/cell100_win2_pass1/dense_w2_1_c001_cell100_win2_pass1_val3dity.json,0,EPSG:25832,0.000000000,LoD2 reference opened only after all 18 Roofer conditions; used for scoring and figure only,0,0
cell100_win2_pass1,1.000000000,2,2.000000000,1,DEBY_LOD2_4907198,overseg_smooth.py MLS-style local plane fit and z projection on roof-top class-6 points,phases/p2-gsjso/runs/20260717_qs_cheap_refine_pilot/input/dense_w2_1_c001_classified.laz,e9acd5eb90dc42d88f13485a73fbaf8d10cff76cb5a3063f5f5bc72f51454c4a,phases/p2-gsjso/runs/20260718_qs_cheap_refine_sweep/jobs/cell100_win2_pass1/dense_w2_1_c001_cell100_win2_pass1.laz,3002fb2629921011bdc1b9d0cfb04dba8e1d7d65df9032346c631a73561915b4,1309,0.070000000,0.980000000,success,success,standard,true,false,true,1,4,0.250000000,1.720657837,2.671957544,59,0.039310660,14.145556499,359.797467497,14.143875853,true,true,0.250000000,2.127468875,2.595384354,0.014397369,0,0.000000000,-0.406811038,0.024913291,phases/p2-gsjso/runs/20260718_qs_cheap_refine_sweep/jobs/cell100_win2_pass1/dense_w2_1_c001_cell100_win2_pass1.city.json,1af5f52bd40fc85f2a217a9dec2bbb5ac664ba5e42d7e8c5f2cb8c6cd5eb4b74,phases/p2-gsjso/runs/20260718_qs_cheap_refine_sweep/jobs/cell100_win2_pass1/dense_w2_1_c001_cell100_win2_pass1_val3dity.json,0,EPSG:25832,0.000000000,LoD2 reference opened only after all 18 Roofer conditions; used for scoring and figure only,0,0
cell100_win2_pass1,1.000000000,2,2.000000000,1,DEBY_LOD2_4907199,overseg_smooth.py MLS-style local plane fit and z projection on roof-top class-6 points,phases/p2-gsjso/runs/20260717_qs_cheap_refine_pilot/input/dense_w2_1_c001_classified.laz,e9acd5eb90dc42d88f13485a73fbaf8d10cff76cb5a3063f5f5bc72f51454c4a,phases/p2-gsjso/runs/20260718_qs_cheap_refine_sweep/jobs/cell100_win2_pass1/dense_w2_1_c001_cell100_win2_pass1.laz,3002fb2629921011bdc1b9d0cfb04dba8e1d7d65df9032346c631a73561915b4,4,0.065000000,0.088500000,failure,pointcloud_unusable_no_points,skip,false,false,true,0,1,0.000000000,,,0,0.000000000,0.000000000,98.346449999,0.000000000,false,true,0.000000000,,,0.000000000,0,0.000000000,,0.000000000,phases/p2-gsjso/runs/20260718_qs_cheap_refine_sweep/jobs/cell100_win2_pass1/dense_w2_1_c001_cell100_win2_pass1.city.json,1af5f52bd40fc85f2a217a9dec2bbb5ac664ba5e42d7e8c5f2cb8c6cd5eb4b74,phases/p2-gsjso/runs/20260718_qs_cheap_refine_sweep/jobs/cell100_win2_pass1/dense_w2_1_c001_cell100_win2_pass1_val3dity.json,0,EPSG:25832,0.000000000,LoD2 reference opened only after all 18 Roofer conditions; used for scoring and figure only,0,0
cell100_win2_pass1,1.000000000,2,2.000000000,1,DEBY_LOD2_4907202,overseg_smooth.py MLS-style local plane fit and z projection on roof-top class-6 points,phases/p2-gsjso/runs/20260717_qs_cheap_refine_pilot/input/dense_w2_1_c001_classified.laz,e9acd5eb90dc42d88f13485a73fbaf8d10cff76cb5a3063f5f5bc72f51454c4a,phases/p2-gsjso/runs/20260718_qs_cheap_refine_sweep/jobs/cell100_win2_pass1/dense_w2_1_c001_cell100_win2_pass1.laz,3002fb2629921011bdc1b9d0cfb04dba8e1d7d65df9032346c631a73561915b4,5229,0.210000000,1.430000000,success,success,standard,true,false,true,3,2,1.500000000,0.580689752,2.708252533,642,0.999897334,160.594394995,160.461520004,160.445046134,true,true,1.500000000,0.563657590,3.486506786,0.994591924,0,0.000000000,0.017032162,0.005305410,phases/p2-gsjso/runs/20260718_qs_cheap_refine_sweep/jobs/cell100_win2_pass1/dense_w2_1_c001_cell100_win2_pass1.city.json,1af5f52bd40fc85f2a217a9dec2bbb5ac664ba5e42d7e8c5f2cb8c6cd5eb4b74,phases/p2-gsjso/runs/20260718_qs_cheap_refine_sweep/jobs/cell100_win2_pass1/dense_w2_1_c001_cell100_win2_pass1_val3dity.json,0,EPSG:25832,0.000000000,LoD2 reference opened only after all 18 Roofer conditions; used for scoring and figure only,0,0
cell100_win2_pass1,1.000000000,2,2.000000000,1,DEBY_LOD2_4908168,overseg_smooth.py MLS-style local plane fit and z projection on roof-top class-6 points,phases/p2-gsjso/runs/20260717_qs_cheap_refine_pilot/input/dense_w2_1_c001_classified.laz,e9acd5eb90dc42d88f13485a73fbaf8d10cff76cb5a3063f5f5bc72f51454c4a,phases/p2-gsjso/runs/20260718_qs_cheap_refine_sweep/jobs/cell100_win2_pass1/dense_w2_1_c001_cell100_win2_pass1.laz,3002fb2629921011bdc1b9d0cfb04dba8e1d7d65df9032346c631a73561915b4,752,0.020000000,0.140000000,success,success,standard,true,false,true,1,1,1.000000000,0.109156208,0.249403183,114,0.999745093,28.825925500,28.831400000,28.824050666,true,true,1.000000000,0.178913202,0.442979418,0.999879645,0,0.000000000,-0.069756994,-0.000134552,phases/p2-gsjso/runs/20260718_qs_cheap_refine_sweep/jobs/cell100_win2_pass1/dense_w2_1_c001_cell100_win2_pass1.city.json,1af5f52bd40fc85f2a217a9dec2bbb5ac664ba5e42d7e8c5f2cb8c6cd5eb4b74,phases/p2-gsjso/runs/20260718_qs_cheap_refine_sweep/jobs/cell100_win2_pass1/dense_w2_1_c001_cell100_win2_pass1_val3dity.json,0,EPSG:25832,0.000000000,LoD2 reference opened only after all 18 Roofer conditions; used for scoring and figure only,0,0
cell100_win2_pass1,1.000000000,2,2.000000000,1,DEBY_LOD2_4908178,overseg_smooth.py MLS-style local plane fit and z projection on roof-top class-6 points,phases/p2-gsjso/runs/20260717_qs_cheap_refine_pilot/input/dense_w2_1_c001_classified.laz,e9acd5eb90dc42d88f13485a73fbaf8d10cff76cb5a3063f5f5bc72f51454c4a,phases/p2-gsjso/runs/20260718_qs_cheap_refine_sweep/jobs/cell100_win2_pass1/dense_w2_1_c001_cell100_win2_pass1.laz,3002fb2629921011bdc1b9d0cfb04dba8e1d7d65df9032346c631a73561915b4,421,0.050000000,0.420000000,failure,missing_lod22_geometry,standard,false,false,true,0,2,0.000000000,,,0,0.000000000,0.000000000,113.412679999,0.000000000,true,true,0.500000000,0.624888129,1.520071182,0.999921002,-1,-0.500000000,,-0.999921002,phases/p2-gsjso/runs/20260718_qs_cheap_refine_sweep/jobs/cell100_win2_pass1/dense_w2_1_c001_cell100_win2_pass1.city.json,1af5f52bd40fc85f2a217a9dec2bbb5ac664ba5e42d7e8c5f2cb8c6cd5eb4b74,phases/p2-gsjso/runs/20260718_qs_cheap_refine_sweep/jobs/cell100_win2_pass1/dense_w2_1_c001_cell100_win2_pass1_val3dity.json,0,EPSG:25832,0.000000000,LoD2 reference opened only after all 18 Roofer conditions; used for scoring and figure only,0,0
cell100_win2_pass1,1.000000000,2,2.000000000,1,DEBY_LOD2_4908179,overseg_smooth.py MLS-style local plane fit and z projection on roof-top class-6 points,phases/p2-gsjso/runs/20260717_qs_cheap_refine_pilot/input/dense_w2_1_c001_classified.laz,e9acd5eb90dc42d88f13485a73fbaf8d10cff76cb5a3063f5f5bc72f51454c4a,phases/p2-gsjso/runs/20260718_qs_cheap_refine_sweep/jobs/cell100_win2_pass1/dense_w2_1_c001_cell100_win2_pass1.laz,3002fb2629921011bdc1b9d0cfb04dba8e1d7d65df9032346c631a73561915b4,0,,,failure,pointcloud_unusable_no_points,skip,false,false,true,0,1,0.000000000,,,0,0.000000000,0.000000000,118.249599998,0.000000000,false,false,0.000000000,,,0.000000000,0,0.000000000,,0.000000000,phases/p2-gsjso/runs/20260718_qs_cheap_refine_sweep/jobs/cell100_win2_pass1/dense_w2_1_c001_cell100_win2_pass1.city.json,1af5f52bd40fc85f2a217a9dec2bbb5ac664ba5e42d7e8c5f2cb8c6cd5eb4b74,phases/p2-gsjso/runs/20260718_qs_cheap_refine_sweep/jobs/cell100_win2_pass1/dense_w2_1_c001_cell100_win2_pass1_val3dity.json,0,EPSG:25832,0.000000000,LoD2 reference opened only after all 18 Roofer conditions; used for scoring and figure only,0,0
cell100_win2_pass1,1.000000000,2,2.000000000,1,DEBY_LOD2_60098,overseg_smooth.py MLS-style local plane fit and z projection on roof-top class-6 points,phases/p2-gsjso/runs/20260717_qs_cheap_refine_pilot/input/dense_w2_1_c001_classified.laz,e9acd5eb90dc42d88f13485a73fbaf8d10cff76cb5a3063f5f5bc72f51454c4a,phases/p2-gsjso/runs/20260718_qs_cheap_refine_sweep/jobs/cell100_win2_pass1/dense_w2_1_c001_cell100_win2_pass1.laz,3002fb2629921011bdc1b9d0cfb04dba8e1d7d65df9032346c631a73561915b4,668,0.160000000,0.756500000,success,success,standard,true,false,true,4,2,2.000000000,2.790550335,8.920109352,784,0.999916533,195.943296497,195.925425003,195.909071655,true,true,1.500000000,2.991955569,9.730518924,0.999898969,0,0.500000000,-0.201405234,0.000017564,phases/p2-gsjso/runs/20260718_qs_cheap_refine_sweep/jobs/cell100_win2_pass1/dense_w2_1_c001_cell100_win2_pass1.city.json,1af5f52bd40fc85f2a217a9dec2bbb5ac664ba5e42d7e8c5f2cb8c6cd5eb4b74,phases/p2-gsjso/runs/20260718_qs_cheap_refine_sweep/jobs/cell100_win2_pass1/dense_w2_1_c001_cell100_win2_pass1_val3dity.json,0,EPSG:25832,0.000000000,LoD2 reference opened only after all 18 Roofer conditions; used for scoring and figure only,0,0
cell100_win2_pass1,1.000000000,2,2.000000000,1,DEBY_LOD2_8568391,overseg_smooth.py MLS-style local plane fit and z projection on roof-top class-6 points,phases/p2-gsjso/runs/20260717_qs_cheap_refine_pilot/input/dense_w2_1_c001_classified.laz,e9acd5eb90dc42d88f13485a73fbaf8d10cff76cb5a3063f5f5bc72f51454c4a,phases/p2-gsjso/runs/20260718_qs_cheap_refine_sweep/jobs/cell100_win2_pass1/dense_w2_1_c001_cell100_win2_pass1.laz,3002fb2629921011bdc1b9d0cfb04dba8e1d7d65df9032346c631a73561915b4,0,,,failure,pointcloud_unusable_no_points,skip,false,false,true,0,1,0.000000000,,,0,0.000000000,0.000000000,55.535699997,0.000000000,false,true,0.000000000,,,0.000000000,0,0.000000000,,0.000000000,phases/p2-gsjso/runs/20260718_qs_cheap_refine_sweep/jobs/cell100_win2_pass1/dense_w2_1_c001_cell100_win2_pass1.city.json,1af5f52bd40fc85f2a217a9dec2bbb5ac664ba5e42d7e8c5f2cb8c6cd5eb4b74,phases/p2-gsjso/runs/20260718_qs_cheap_refine_sweep/jobs/cell100_win2_pass1/dense_w2_1_c001_cell100_win2_pass1_val3dity.json,0,EPSG:25832,0.000000000,LoD2 reference opened only after all 18 Roofer conditions; used for scoring and figure only,0,0
cell100_win2_pass1,1.000000000,2,2.000000000,1,DEBY_LOD2_8568392,overseg_smooth.py MLS-style local plane fit and z projection on roof-top class-6 points,phases/p2-gsjso/runs/20260717_qs_cheap_refine_pilot/input/dense_w2_1_c001_classified.laz,e9acd5eb90dc42d88f13485a73fbaf8d10cff76cb5a3063f5f5bc72f51454c4a,phases/p2-gsjso/runs/20260718_qs_cheap_refine_sweep/jobs/cell100_win2_pass1/dense_w2_1_c001_cell100_win2_pass1.laz,3002fb2629921011bdc1b9d0cfb04dba8e1d7d65df9032346c631a73561915b4,0,,,failure,pointcloud_unusable_no_points,skip,false,false,true,0,1,0.000000000,,,0,0.000000000,0.000000000,5.797516501,0.000000000,false,true,0.000000000,,,0.000000000,0,0.000000000,,0.000000000,phases/p2-gsjso/runs/20260718_qs_cheap_refine_sweep/jobs/cell100_win2_pass1/dense_w2_1_c001_cell100_win2_pass1.city.json,1af5f52bd40fc85f2a217a9dec2bbb5ac664ba5e42d7e8c5f2cb8c6cd5eb4b74,phases/p2-gsjso/runs/20260718_qs_cheap_refine_sweep/jobs/cell100_win2_pass1/dense_w2_1_c001_cell100_win2_pass1_val3dity.json,0,EPSG:25832,0.000000000,LoD2 reference opened only after all 18 Roofer conditions; used for scoring and figure only,0,0
cell100_win2_pass2,1.000000000,2,2.000000000,2,DEBY_LOD2_108247349,overseg_smooth.py MLS-style local plane fit and z projection on roof-top class-6 points,phases/p2-gsjso/runs/20260717_qs_cheap_refine_pilot/input/dense_w2_1_c001_classified.laz,e9acd5eb90dc42d88f13485a73fbaf8d10cff76cb5a3063f5f5bc72f51454c4a,phases/p2-gsjso/runs/20260718_qs_cheap_refine_sweep/jobs/cell100_win2_pass2/dense_w2_1_c001_cell100_win2_pass2.laz,f9ecff52a01d615162ce9636a54b85d718ffcee6fa2404b1c6028094d22f836b,0,,,failure,pointcloud_unusable_no_points,skip,false,false,true,0,1,0.000000000,,,0,0.000000000,0.000000000,101.102650001,0.000000000,false,false,0.000000000,,,0.000000000,0,0.000000000,,0.000000000,phases/p2-gsjso/runs/20260718_qs_cheap_refine_sweep/jobs/cell100_win2_pass2/dense_w2_1_c001_cell100_win2_pass2.city.json,5a549a654597c6b53ff6091ca6d5e3890e7309707478ee7cf12bccc4828fa808,phases/p2-gsjso/runs/20260718_qs_cheap_refine_sweep/jobs/cell100_win2_pass2/dense_w2_1_c001_cell100_win2_pass2_val3dity.json,0,EPSG:25832,0.000000000,LoD2 reference opened only after all 18 Roofer conditions; used for scoring and figure only,0,0
cell100_win2_pass2,1.000000000,2,2.000000000,2,DEBY_LOD2_108247350,overseg_smooth.py MLS-style local plane fit and z projection on roof-top class-6 points,phases/p2-gsjso/runs/20260717_qs_cheap_refine_pilot/input/dense_w2_1_c001_classified.laz,e9acd5eb90dc42d88f13485a73fbaf8d10cff76cb5a3063f5f5bc72f51454c4a,phases/p2-gsjso/runs/20260718_qs_cheap_refine_sweep/jobs/cell100_win2_pass2/dense_w2_1_c001_cell100_win2_pass2.laz,f9ecff52a01d615162ce9636a54b85d718ffcee6fa2404b1c6028094d22f836b,3,0.010000000,0.010000000,failure,pointcloud_unusable_no_points,skip,false,false,true,0,1,0.000000000,,,0,0.000000000,0.000000000,12.137050000,0.000000000,false,true,0.000000000,,,0.000000000,0,0.000000000,,0.000000000,phases/p2-gsjso/runs/20260718_qs_cheap_refine_sweep/jobs/cell100_win2_pass2/dense_w2_1_c001_cell100_win2_pass2.city.json,5a549a654597c6b53ff6091ca6d5e3890e7309707478ee7cf12bccc4828fa808,phases/p2-gsjso/runs/20260718_qs_cheap_refine_sweep/jobs/cell100_win2_pass2/dense_w2_1_c001_cell100_win2_pass2_val3dity.json,0,EPSG:25832,0.000000000,LoD2 reference opened only after all 18 Roofer conditions; used for scoring and figure only,0,0
cell100_win2_pass2,1.000000000,2,2.000000000,2,DEBY_LOD2_108247351,overseg_smooth.py MLS-style local plane fit and z projection on roof-top class-6 points,phases/p2-gsjso/runs/20260717_qs_cheap_refine_pilot/input/dense_w2_1_c001_classified.laz,e9acd5eb90dc42d88f13485a73fbaf8d10cff76cb5a3063f5f5bc72f51454c4a,phases/p2-gsjso/runs/20260718_qs_cheap_refine_sweep/jobs/cell100_win2_pass2/dense_w2_1_c001_cell100_win2_pass2.laz,f9ecff52a01d615162ce9636a54b85d718ffcee6fa2404b1c6028094d22f836b,0,,,failure,pointcloud_unusable_no_points,skip,false,false,true,0,1,0.000000000,,,0,0.000000000,0.000000000,65.278499998,0.000000000,false,true,0.000000000,,,0.000000000,0,0.000000000,,0.000000000,phases/p2-gsjso/runs/20260718_qs_cheap_refine_sweep/jobs/cell100_win2_pass2/dense_w2_1_c001_cell100_win2_pass2.city.json,5a549a654597c6b53ff6091ca6d5e3890e7309707478ee7cf12bccc4828fa808,phases/p2-gsjso/runs/20260718_qs_cheap_refine_sweep/jobs/cell100_win2_pass2/dense_w2_1_c001_cell100_win2_pass2_val3dity.json,0,EPSG:25832,0.000000000,LoD2 reference opened only after all 18 Roofer conditions; used for scoring and figure only,0,0
cell100_win2_pass2,1.000000000,2,2.000000000,2,DEBY_LOD2_4907184,overseg_smooth.py MLS-style local plane fit and z projection on roof-top class-6 points,phases/p2-gsjso/runs/20260717_qs_cheap_refine_pilot/input/dense_w2_1_c001_classified.laz,e9acd5eb90dc42d88f13485a73fbaf8d10cff76cb5a3063f5f5bc72f51454c4a,phases/p2-gsjso/runs/20260718_qs_cheap_refine_sweep/jobs/cell100_win2_pass2/dense_w2_1_c001_cell100_win2_pass2.laz,f9ecff52a01d615162ce9636a54b85d718ffcee6fa2404b1c6028094d22f836b,201892,0.160000000,1.000000000,success,success,standard,true,false,true,10,4,2.500000000,0.567781183,2.561725318,1350,0.999915251,337.873854997,337.863561498,337.834928020,true,true,1.500000000,0.354716522,2.638333513,0.995567105,0,1.000000000,0.213064661,0.004348146,phases/p2-gsjso/runs/20260718_qs_cheap_refine_sweep/jobs/cell100_win2_pass2/dense_w2_1_c001_cell100_win2_pass2.city.json,5a549a654597c6b53ff6091ca6d5e3890e7309707478ee7cf12bccc4828fa808,phases/p2-gsjso/runs/20260718_qs_cheap_refine_sweep/jobs/cell100_win2_pass2/dense_w2_1_c001_cell100_win2_pass2_val3dity.json,0,EPSG:25832,0.000000000,LoD2 reference opened only after all 18 Roofer conditions; used for scoring and figure only,0,0
cell100_win2_pass2,1.000000000,2,2.000000000,2,DEBY_LOD2_4907185,overseg_smooth.py MLS-style local plane fit and z projection on roof-top class-6 points,phases/p2-gsjso/runs/20260717_qs_cheap_refine_pilot/input/dense_w2_1_c001_classified.laz,e9acd5eb90dc42d88f13485a73fbaf8d10cff76cb5a3063f5f5bc72f51454c4a,phases/p2-gsjso/runs/20260718_qs_cheap_refine_sweep/jobs/cell100_win2_pass2/dense_w2_1_c001_cell100_win2_pass2.laz,f9ecff52a01d615162ce9636a54b85d718ffcee6fa2404b1c6028094d22f836b,3488,0.000000000,1.350000000,success,success,standard,true,false,true,4,2,2.000000000,3.321707137,8.451868910,644,0.999968599,161.063089000,160.981467003,160.976412073,true,true,1.500000000,2.613993006,10.997450351,0.999948727,0,0.500000000,0.707714131,0.000019872,phases/p2-gsjso/runs/20260718_qs_cheap_refine_sweep/jobs/cell100_win2_pass2/dense_w2_1_c001_cell100_win2_pass2.city.json,5a549a654597c6b53ff6091ca6d5e3890e7309707478ee7cf12bccc4828fa808,phases/p2-gsjso/runs/20260718_qs_cheap_refine_sweep/jobs/cell100_win2_pass2/dense_w2_1_c001_cell100_win2_pass2_val3dity.json,0,EPSG:25832,0.000000000,LoD2 reference opened only after all 18 Roofer conditions; used for scoring and figure only,0,0
cell100_win2_pass2,1.000000000,2,2.000000000,2,DEBY_LOD2_4907186,overseg_smooth.py MLS-style local plane fit and z projection on roof-top class-6 points,phases/p2-gsjso/runs/20260717_qs_cheap_refine_pilot/input/dense_w2_1_c001_classified.laz,e9acd5eb90dc42d88f13485a73fbaf8d10cff76cb5a3063f5f5bc72f51454c4a,phases/p2-gsjso/runs/20260718_qs_cheap_refine_sweep/jobs/cell100_win2_pass2/dense_w2_1_c001_cell100_win2_pass2.laz,f9ecff52a01d615162ce9636a54b85d718ffcee6fa2404b1c6028094d22f836b,480,0.110000000,1.121500000,success,success,standard,true,false,true,2,2,1.000000000,0.667442267,1.523100275,232,0.345715105,58.058627002,167.832339001,58.022174657,true,true,1.000000000,3.543989669,11.354917333,0.999810607,0,0.000000000,-2.876547402,-0.654095502,phases/p2-gsjso/runs/20260718_qs_cheap_refine_sweep/jobs/cell100_win2_pass2/dense_w2_1_c001_cell100_win2_pass2.city.json,5a549a654597c6b53ff6091ca6d5e3890e7309707478ee7cf12bccc4828fa808,phases/p2-gsjso/runs/20260718_qs_cheap_refine_sweep/jobs/cell100_win2_pass2/dense_w2_1_c001_cell100_win2_pass2_val3dity.json,0,EPSG:25832,0.000000000,LoD2 reference opened only after all 18 Roofer conditions; used for scoring and figure only,0,0
cell100_win2_pass2,1.000000000,2,2.000000000,2,DEBY_LOD2_4907188,overseg_smooth.py MLS-style local plane fit and z projection on roof-top class-6 points,phases/p2-gsjso/runs/20260717_qs_cheap_refine_pilot/input/dense_w2_1_c001_classified.laz,e9acd5eb90dc42d88f13485a73fbaf8d10cff76cb5a3063f5f5bc72f51454c4a,phases/p2-gsjso/runs/20260718_qs_cheap_refine_sweep/jobs/cell100_win2_pass2/dense_w2_1_c001_cell100_win2_pass2.laz,f9ecff52a01d615162ce9636a54b85d718ffcee6fa2404b1c6028094d22f836b,1118,0.180000000,0.911500000,success,success,standard,true,false,true,4,2,2.000000000,1.529918074,4.032890070,664,0.999935453,165.884947000,165.881390000,165.870682805,true,true,1.500000000,1.354221199,4.138715144,0.999949573,0,0.500000000,0.175696875,-0.000014120,phases/p2-gsjso/runs/20260718_qs_cheap_refine_sweep/jobs/cell100_win2_pass2/dense_w2_1_c001_cell100_win2_pass2.city.json,5a549a654597c6b53ff6091ca6d5e3890e7309707478ee7cf12bccc4828fa808,phases/p2-gsjso/runs/20260718_qs_cheap_refine_sweep/jobs/cell100_win2_pass2/dense_w2_1_c001_cell100_win2_pass2_val3dity.json,0,EPSG:25832,0.000000000,LoD2 reference opened only after all 18 Roofer conditions; used for scoring and figure only,0,0
cell100_win2_pass2,1.000000000,2,2.000000000,2,DEBY_LOD2_4907194,overseg_smooth.py MLS-style local plane fit and z projection on roof-top class-6 points,phases/p2-gsjso/runs/20260717_qs_cheap_refine_pilot/input/dense_w2_1_c001_classified.laz,e9acd5eb90dc42d88f13485a73fbaf8d10cff76cb5a3063f5f5bc72f51454c4a,phases/p2-gsjso/runs/20260718_qs_cheap_refine_sweep/jobs/cell100_win2_pass2/dense_w2_1_c001_cell100_win2_pass2.laz,f9ecff52a01d615162ce9636a54b85d718ffcee6fa2404b1c6028094d22f836b,47,0.080000000,0.250000000,failure,missing_lod22_geometry,standard,false,false,true,0,2,0.000000000,,,0,0.000000000,0.000000000,212.725209999,0.000000000,false,false,0.000000000,,,0.000000000,0,0.000000000,,0.000000000,phases/p2-gsjso/runs/20260718_qs_cheap_refine_sweep/jobs/cell100_win2_pass2/dense_w2_1_c001_cell100_win2_pass2.city.json,5a549a654597c6b53ff6091ca6d5e3890e7309707478ee7cf12bccc4828fa808,phases/p2-gsjso/runs/20260718_qs_cheap_refine_sweep/jobs/cell100_win2_pass2/dense_w2_1_c001_cell100_win2_pass2_val3dity.json,0,EPSG:25832,0.000000000,LoD2 reference opened only after all 18 Roofer conditions; used for scoring and figure only,0,0
cell100_win2_pass2,1.000000000,2,2.000000000,2,DEBY_LOD2_4907195,overseg_smooth.py MLS-style local plane fit and z projection on roof-top class-6 points,phases/p2-gsjso/runs/20260717_qs_cheap_refine_pilot/input/dense_w2_1_c001_classified.laz,e9acd5eb90dc42d88f13485a73fbaf8d10cff76cb5a3063f5f5bc72f51454c4a,phases/p2-gsjso/runs/20260718_qs_cheap_refine_sweep/jobs/cell100_win2_pass2/dense_w2_1_c001_cell100_win2_pass2.laz,f9ecff52a01d615162ce9636a54b85d718ffcee6fa2404b1c6028094d22f836b,686,0.150000000,0.750000000,success,success,standard,true,false,true,1,2,0.500000000,0.404076673,0.885463120,160,0.223143971,39.684058995,177.839580000,39.683830073,true,true,1.000000000,0.269773262,0.570649324,0.082079788,0,-0.500000000,0.134303411,0.141064183,phases/p2-gsjso/runs/20260718_qs_cheap_refine_sweep/jobs/cell100_win2_pass2/dense_w2_1_c001_cell100_win2_pass2.city.json,5a549a654597c6b53ff6091ca6d5e3890e7309707478ee7cf12bccc4828fa808,phases/p2-gsjso/runs/20260718_qs_cheap_refine_sweep/jobs/cell100_win2_pass2/dense_w2_1_c001_cell100_win2_pass2_val3dity.json,0,EPSG:25832,0.000000000,LoD2 reference opened only after all 18 Roofer conditions; used for scoring and figure only,0,0
cell100_win2_pass2,1.000000000,2,2.000000000,2,DEBY_LOD2_4907198,overseg_smooth.py MLS-style local plane fit and z projection on roof-top class-6 points,phases/p2-gsjso/runs/20260717_qs_cheap_refine_pilot/input/dense_w2_1_c001_classified.laz,e9acd5eb90dc42d88f13485a73fbaf8d10cff76cb5a3063f5f5bc72f51454c4a,phases/p2-gsjso/runs/20260718_qs_cheap_refine_sweep/jobs/cell100_win2_pass2/dense_w2_1_c001_cell100_win2_pass2.laz,f9ecff52a01d615162ce9636a54b85d718ffcee6fa2404b1c6028094d22f836b,1309,0.090000000,1.090000000,success,success,standard,true,false,true,1,4,0.250000000,1.364913875,1.518463136,9,0.006478802,2.331056499,359.797467497,2.331056499,true,true,0.250000000,2.127468875,2.595384354,0.014397369,0,0.000000000,-0.762555000,-0.007918567,phases/p2-gsjso/runs/20260718_qs_cheap_refine_sweep/jobs/cell100_win2_pass2/dense_w2_1_c001_cell100_win2_pass2.city.json,5a549a654597c6b53ff6091ca6d5e3890e7309707478ee7cf12bccc4828fa808,phases/p2-gsjso/runs/20260718_qs_cheap_refine_sweep/jobs/cell100_win2_pass2/dense_w2_1_c001_cell100_win2_pass2_val3dity.json,0,EPSG:25832,0.000000000,LoD2 reference opened only after all 18 Roofer conditions; used for scoring and figure only,0,0
cell100_win2_pass2,1.000000000,2,2.000000000,2,DEBY_LOD2_4907199,overseg_smooth.py MLS-style local plane fit and z projection on roof-top class-6 points,phases/p2-gsjso/runs/20260717_qs_cheap_refine_pilot/input/dense_w2_1_c001_classified.laz,e9acd5eb90dc42d88f13485a73fbaf8d10cff76cb5a3063f5f5bc72f51454c4a,phases/p2-gsjso/runs/20260718_qs_cheap_refine_sweep/jobs/cell100_win2_pass2/dense_w2_1_c001_cell100_win2_pass2.laz,f9ecff52a01d615162ce9636a54b85d718ffcee6fa2404b1c6028094d22f836b,4,0.095000000,0.100000000,failure,pointcloud_unusable_no_points,skip,false,false,true,0,1,0.000000000,,,0,0.000000000,0.000000000,98.346449999,0.000000000,false,true,0.000000000,,,0.000000000,0,0.000000000,,0.000000000,phases/p2-gsjso/runs/20260718_qs_cheap_refine_sweep/jobs/cell100_win2_pass2/dense_w2_1_c001_cell100_win2_pass2.city.json,5a549a654597c6b53ff6091ca6d5e3890e7309707478ee7cf12bccc4828fa808,phases/p2-gsjso/runs/20260718_qs_cheap_refine_sweep/jobs/cell100_win2_pass2/dense_w2_1_c001_cell100_win2_pass2_val3dity.json,0,EPSG:25832,0.000000000,LoD2 reference opened only after all 18 Roofer conditions; used for scoring and figure only,0,0
cell100_win2_pass2,1.000000000,2,2.000000000,2,DEBY_LOD2_4907202,overseg_smooth.py MLS-style local plane fit and z projection on roof-top class-6 points,phases/p2-gsjso/runs/20260717_qs_cheap_refine_pilot/input/dense_w2_1_c001_classified.laz,e9acd5eb90dc42d88f13485a73fbaf8d10cff76cb5a3063f5f5bc72f51454c4a,phases/p2-gsjso/runs/20260718_qs_cheap_refine_sweep/jobs/cell100_win2_pass2/dense_w2_1_c001_cell100_win2_pass2.laz,f9ecff52a01d615162ce9636a54b85d718ffcee6fa2404b1c6028094d22f836b,5229,0.200000000,1.650000000,success,success,standard,true,false,true,2,2,1.000000000,0.460045065,2.351538182,642,0.999890328,160.589603496,160.461520004,160.443921900,true,true,1.500000000,0.563657590,3.486506786,0.994591924,0,-0.500000000,-0.103612525,0.005298404,phases/p2-gsjso/runs/20260718_qs_cheap_refine_sweep/jobs/cell100_win2_pass2/dense_w2_1_c001_cell100_win2_pass2.city.json,5a549a654597c6b53ff6091ca6d5e3890e7309707478ee7cf12bccc4828fa808,phases/p2-gsjso/runs/20260718_qs_cheap_refine_sweep/jobs/cell100_win2_pass2/dense_w2_1_c001_cell100_win2_pass2_val3dity.json,0,EPSG:25832,0.000000000,LoD2 reference opened only after all 18 Roofer conditions; used for scoring and figure only,0,0
cell100_win2_pass2,1.000000000,2,2.000000000,2,DEBY_LOD2_4908168,overseg_smooth.py MLS-style local plane fit and z projection on roof-top class-6 points,phases/p2-gsjso/runs/20260717_qs_cheap_refine_pilot/input/dense_w2_1_c001_classified.laz,e9acd5eb90dc42d88f13485a73fbaf8d10cff76cb5a3063f5f5bc72f51454c4a,phases/p2-gsjso/runs/20260718_qs_cheap_refine_sweep/jobs/cell100_win2_pass2/dense_w2_1_c001_cell100_win2_pass2.laz,f9ecff52a01d615162ce9636a54b85d718ffcee6fa2404b1c6028094d22f836b,752,0.020000000,0.150000000,success,success,standard,true,false,true,1,1,1.000000000,0.106425361,0.253497683,114,0.999745093,28.825925500,28.831400000,28.824050666,true,true,1.000000000,0.178913202,0.442979418,0.999879645,0,0.000000000,-0.072487841,-0.000134552,phases/p2-gsjso/runs/20260718_qs_cheap_refine_sweep/jobs/cell100_win2_pass2/dense_w2_1_c001_cell100_win2_pass2.city.json,5a549a654597c6b53ff6091ca6d5e3890e7309707478ee7cf12bccc4828fa808,phases/p2-gsjso/runs/20260718_qs_cheap_refine_sweep/jobs/cell100_win2_pass2/dense_w2_1_c001_cell100_win2_pass2_val3dity.json,0,EPSG:25832,0.000000000,LoD2 reference opened only after all 18 Roofer conditions; used for scoring and figure only,0,0
cell100_win2_pass2,1.000000000,2,2.000000000,2,DEBY_LOD2_4908178,overseg_smooth.py MLS-style local plane fit and z projection on roof-top class-6 points,phases/p2-gsjso/runs/20260717_qs_cheap_refine_pilot/input/dense_w2_1_c001_classified.laz,e9acd5eb90dc42d88f13485a73fbaf8d10cff76cb5a3063f5f5bc72f51454c4a,phases/p2-gsjso/runs/20260718_qs_cheap_refine_sweep/jobs/cell100_win2_pass2/dense_w2_1_c001_cell100_win2_pass2.laz,f9ecff52a01d615162ce9636a54b85d718ffcee6fa2404b1c6028094d22f836b,421,0.080000000,0.480000000,failure,missing_lod22_geometry,standard,false,false,true,0,2,0.000000000,,,0,0.000000000,0.000000000,113.412679999,0.000000000,true,true,0.500000000,0.624888129,1.520071182,0.999921002,-1,-0.500000000,,-0.999921002,phases/p2-gsjso/runs/20260718_qs_cheap_refine_sweep/jobs/cell100_win2_pass2/dense_w2_1_c001_cell100_win2_pass2.city.json,5a549a654597c6b53ff6091ca6d5e3890e7309707478ee7cf12bccc4828fa808,phases/p2-gsjso/runs/20260718_qs_cheap_refine_sweep/jobs/cell100_win2_pass2/dense_w2_1_c001_cell100_win2_pass2_val3dity.json,0,EPSG:25832,0.000000000,LoD2 reference opened only after all 18 Roofer conditions; used for scoring and figure only,0,0
cell100_win2_pass2,1.000000000,2,2.000000000,2,DEBY_LOD2_4908179,overseg_smooth.py MLS-style local plane fit and z projection on roof-top class-6 points,phases/p2-gsjso/runs/20260717_qs_cheap_refine_pilot/input/dense_w2_1_c001_classified.laz,e9acd5eb90dc42d88f13485a73fbaf8d10cff76cb5a3063f5f5bc72f51454c4a,phases/p2-gsjso/runs/20260718_qs_cheap_refine_sweep/jobs/cell100_win2_pass2/dense_w2_1_c001_cell100_win2_pass2.laz,f9ecff52a01d615162ce9636a54b85d718ffcee6fa2404b1c6028094d22f836b,0,,,failure,pointcloud_unusable_no_points,skip,false,false,true,0,1,0.000000000,,,0,0.000000000,0.000000000,118.249599998,0.000000000,false,false,0.000000000,,,0.000000000,0,0.000000000,,0.000000000,phases/p2-gsjso/runs/20260718_qs_cheap_refine_sweep/jobs/cell100_win2_pass2/dense_w2_1_c001_cell100_win2_pass2.city.json,5a549a654597c6b53ff6091ca6d5e3890e7309707478ee7cf12bccc4828fa808,phases/p2-gsjso/runs/20260718_qs_cheap_refine_sweep/jobs/cell100_win2_pass2/dense_w2_1_c001_cell100_win2_pass2_val3dity.json,0,EPSG:25832,0.000000000,LoD2 reference opened only after all 18 Roofer conditions; used for scoring and figure only,0,0
cell100_win2_pass2,1.000000000,2,2.000000000,2,DEBY_LOD2_60098,overseg_smooth.py MLS-style local plane fit and z projection on roof-top class-6 points,phases/p2-gsjso/runs/20260717_qs_cheap_refine_pilot/input/dense_w2_1_c001_classified.laz,e9acd5eb90dc42d88f13485a73fbaf8d10cff76cb5a3063f5f5bc72f51454c4a,phases/p2-gsjso/runs/20260718_qs_cheap_refine_sweep/jobs/cell100_win2_pass2/dense_w2_1_c001_cell100_win2_pass2.laz,f9ecff52a01d615162ce9636a54b85d718ffcee6fa2404b1c6028094d22f836b,668,0.190000000,1.026500000,success,success,standard,true,false,true,3,2,1.500000000,2.540012999,7.927135355,786,0.999920843,195.941696003,195.925425003,195.909916076,true,true,1.500000000,2.991955569,9.730518924,0.999898969,0,0.000000000,-0.451942570,0.000021874,phases/p2-gsjso/runs/20260718_qs_cheap_refine_sweep/jobs/cell100_win2_pass2/dense_w2_1_c001_cell100_win2_pass2.city.json,5a549a654597c6b53ff6091ca6d5e3890e7309707478ee7cf12bccc4828fa808,phases/p2-gsjso/runs/20260718_qs_cheap_refine_sweep/jobs/cell100_win2_pass2/dense_w2_1_c001_cell100_win2_pass2_val3dity.json,0,EPSG:25832,0.000000000,LoD2 reference opened only after all 18 Roofer conditions; used for scoring and figure only,0,0
cell100_win2_pass2,1.000000000,2,2.000000000,2,DEBY_LOD2_8568391,overseg_smooth.py MLS-style local plane fit and z projection on roof-top class-6 points,phases/p2-gsjso/runs/20260717_qs_cheap_refine_pilot/input/dense_w2_1_c001_classified.laz,e9acd5eb90dc42d88f13485a73fbaf8d10cff76cb5a3063f5f5bc72f51454c4a,phases/p2-gsjso/runs/20260718_qs_cheap_refine_sweep/jobs/cell100_win2_pass2/dense_w2_1_c001_cell100_win2_pass2.laz,f9ecff52a01d615162ce9636a54b85d718ffcee6fa2404b1c6028094d22f836b,0,,,failure,pointcloud_unusable_no_points,skip,false,false,true,0,1,0.000000000,,,0,0.000000000,0.000000000,55.535699997,0.000000000,false,true,0.000000000,,,0.000000000,0,0.000000000,,0.000000000,phases/p2-gsjso/runs/20260718_qs_cheap_refine_sweep/jobs/cell100_win2_pass2/dense_w2_1_c001_cell100_win2_pass2.city.json,5a549a654597c6b53ff6091ca6d5e3890e7309707478ee7cf12bccc4828fa808,phases/p2-gsjso/runs/20260718_qs_cheap_refine_sweep/jobs/cell100_win2_pass2/dense_w2_1_c001_cell100_win2_pass2_val3dity.json,0,EPSG:25832,0.000000000,LoD2 reference opened only after all 18 Roofer conditions; used for scoring and figure only,0,0
cell100_win2_pass2,1.000000000,2,2.000000000,2,DEBY_LOD2_8568392,overseg_smooth.py MLS-style local plane fit and z projection on roof-top class-6 points,phases/p2-gsjso/runs/20260717_qs_cheap_refine_pilot/input/dense_w2_1_c001_classified.laz,e9acd5eb90dc42d88f13485a73fbaf8d10cff76cb5a3063f5f5bc72f51454c4a,phases/p2-gsjso/runs/20260718_qs_cheap_refine_sweep/jobs/cell100_win2_pass2/dense_w2_1_c001_cell100_win2_pass2.laz,f9ecff52a01d615162ce9636a54b85d718ffcee6fa2404b1c6028094d22f836b,0,,,failure,pointcloud_unusable_no_points,skip,false,false,true,0,1,0.000000000,,,0,0.000000000,0.000000000,5.797516501,0.000000000,false,true,0.000000000,,,0.000000000,0,0.000000000,,0.000000000,phases/p2-gsjso/runs/20260718_qs_cheap_refine_sweep/jobs/cell100_win2_pass2/dense_w2_1_c001_cell100_win2_pass2.city.json,5a549a654597c6b53ff6091ca6d5e3890e7309707478ee7cf12bccc4828fa808,phases/p2-gsjso/runs/20260718_qs_cheap_refine_sweep/jobs/cell100_win2_pass2/dense_w2_1_c001_cell100_win2_pass2_val3dity.json,0,EPSG:25832,0.000000000,LoD2 reference opened only after all 18 Roofer conditions; used for scoring and figure only,0,0
cell100_win3_pass1,1.000000000,3,3.000000000,1,DEBY_LOD2_108247349,overseg_smooth.py MLS-style local plane fit and z projection on roof-top class-6 points,phases/p2-gsjso/runs/20260717_qs_cheap_refine_pilot/input/dense_w2_1_c001_classified.laz,e9acd5eb90dc42d88f13485a73fbaf8d10cff76cb5a3063f5f5bc72f51454c4a,phases/p2-gsjso/runs/20260718_qs_cheap_refine_sweep/jobs/cell100_win3_pass1/dense_w2_1_c001_cell100_win3_pass1.laz,21819a814bab55989202bbd3b849c34c6d44033f68051bcdeee97e08b708e296,0,,,failure,pointcloud_unusable_no_points,skip,false,false,true,0,1,0.000000000,,,0,0.000000000,0.000000000,101.102650001,0.000000000,false,false,0.000000000,,,0.000000000,0,0.000000000,,0.000000000,phases/p2-gsjso/runs/20260718_qs_cheap_refine_sweep/jobs/cell100_win3_pass1/dense_w2_1_c001_cell100_win3_pass1.city.json,4a2907fd9fe30d52f704e0e6681adfbeeae7bf641d15defa4dd516e0508d10d2,phases/p2-gsjso/runs/20260718_qs_cheap_refine_sweep/jobs/cell100_win3_pass1/dense_w2_1_c001_cell100_win3_pass1_val3dity.json,0,EPSG:25832,0.000000000,LoD2 reference opened only after all 18 Roofer conditions; used for scoring and figure only,0,0
cell100_win3_pass1,1.000000000,3,3.000000000,1,DEBY_LOD2_108247350,overseg_smooth.py MLS-style local plane fit and z projection on roof-top class-6 points,phases/p2-gsjso/runs/20260717_qs_cheap_refine_pilot/input/dense_w2_1_c001_classified.laz,e9acd5eb90dc42d88f13485a73fbaf8d10cff76cb5a3063f5f5bc72f51454c4a,phases/p2-gsjso/runs/20260718_qs_cheap_refine_sweep/jobs/cell100_win3_pass1/dense_w2_1_c001_cell100_win3_pass1.laz,21819a814bab55989202bbd3b849c34c6d44033f68051bcdeee97e08b708e296,3,0.010000000,0.019000000,failure,pointcloud_unusable_no_points,skip,false,false,true,0,1,0.000000000,,,0,0.000000000,0.000000000,12.137050000,0.000000000,false,true,0.000000000,,,0.000000000,0,0.000000000,,0.000000000,phases/p2-gsjso/runs/20260718_qs_cheap_refine_sweep/jobs/cell100_win3_pass1/dense_w2_1_c001_cell100_win3_pass1.city.json,4a2907fd9fe30d52f704e0e6681adfbeeae7bf641d15defa4dd516e0508d10d2,phases/p2-gsjso/runs/20260718_qs_cheap_refine_sweep/jobs/cell100_win3_pass1/dense_w2_1_c001_cell100_win3_pass1_val3dity.json,0,EPSG:25832,0.000000000,LoD2 reference opened only after all 18 Roofer conditions; used for scoring and figure only,0,0
cell100_win3_pass1,1.000000000,3,3.000000000,1,DEBY_LOD2_108247351,overseg_smooth.py MLS-style local plane fit and z projection on roof-top class-6 points,phases/p2-gsjso/runs/20260717_qs_cheap_refine_pilot/input/dense_w2_1_c001_classified.laz,e9acd5eb90dc42d88f13485a73fbaf8d10cff76cb5a3063f5f5bc72f51454c4a,phases/p2-gsjso/runs/20260718_qs_cheap_refine_sweep/jobs/cell100_win3_pass1/dense_w2_1_c001_cell100_win3_pass1.laz,21819a814bab55989202bbd3b849c34c6d44033f68051bcdeee97e08b708e296,0,,,failure,pointcloud_unusable_no_points,skip,false,false,true,0,1,0.000000000,,,0,0.000000000,0.000000000,65.278499998,0.000000000,false,true,0.000000000,,,0.000000000,0,0.000000000,,0.000000000,phases/p2-gsjso/runs/20260718_qs_cheap_refine_sweep/jobs/cell100_win3_pass1/dense_w2_1_c001_cell100_win3_pass1.city.json,4a2907fd9fe30d52f704e0e6681adfbeeae7bf641d15defa4dd516e0508d10d2,phases/p2-gsjso/runs/20260718_qs_cheap_refine_sweep/jobs/cell100_win3_pass1/dense_w2_1_c001_cell100_win3_pass1_val3dity.json,0,EPSG:25832,0.000000000,LoD2 reference opened only after all 18 Roofer conditions; used for scoring and figure only,0,0
cell100_win3_pass1,1.000000000,3,3.000000000,1,DEBY_LOD2_4907184,overseg_smooth.py MLS-style local plane fit and z projection on roof-top class-6 points,phases/p2-gsjso/runs/20260717_qs_cheap_refine_pilot/input/dense_w2_1_c001_classified.laz,e9acd5eb90dc42d88f13485a73fbaf8d10cff76cb5a3063f5f5bc72f51454c4a,phases/p2-gsjso/runs/20260718_qs_cheap_refine_sweep/jobs/cell100_win3_pass1/dense_w2_1_c001_cell100_win3_pass1.laz,21819a814bab55989202bbd3b849c34c6d44033f68051bcdeee97e08b708e296,201892,0.170000000,1.050000000,success,success,standard,true,false,true,8,4,2.000000000,0.594257160,1.971065600,1355,0.999930240,337.875837499,337.863561498,337.839992170,true,true,1.500000000,0.354716522,2.638333513,0.995567105,0,0.500000000,0.239540638,0.004363135,phases/p2-gsjso/runs/20260718_qs_cheap_refine_sweep/jobs/cell100_win3_pass1/dense_w2_1_c001_cell100_win3_pass1.city.json,4a2907fd9fe30d52f704e0e6681adfbeeae7bf641d15defa4dd516e0508d10d2,phases/p2-gsjso/runs/20260718_qs_cheap_refine_sweep/jobs/cell100_win3_pass1/dense_w2_1_c001_cell100_win3_pass1_val3dity.json,0,EPSG:25832,0.000000000,LoD2 reference opened only after all 18 Roofer conditions; used for scoring and figure only,0,0
cell100_win3_pass1,1.000000000,3,3.000000000,1,DEBY_LOD2_4907185,overseg_smooth.py MLS-style local plane fit and z projection on roof-top class-6 points,phases/p2-gsjso/runs/20260717_qs_cheap_refine_pilot/input/dense_w2_1_c001_classified.laz,e9acd5eb90dc42d88f13485a73fbaf8d10cff76cb5a3063f5f5bc72f51454c4a,phases/p2-gsjso/runs/20260718_qs_cheap_refine_sweep/jobs/cell100_win3_pass1/dense_w2_1_c001_cell100_win3_pass1.laz,21819a814bab55989202bbd3b849c34c6d44033f68051bcdeee97e08b708e296,3488,0.000000000,1.546500000,success,success,standard,true,false,true,3,2,1.500000000,2.306005649,9.381859672,643,0.999960456,161.063934002,160.981467003,160.975101096,true,true,1.500000000,2.613993006,10.997450351,0.999948727,0,0.000000000,-0.307987357,0.000011729,phases/p2-gsjso/runs/20260718_qs_cheap_refine_sweep/jobs/cell100_win3_pass1/dense_w2_1_c001_cell100_win3_pass1.city.json,4a2907fd9fe30d52f704e0e6681adfbeeae7bf641d15defa4dd516e0508d10d2,phases/p2-gsjso/runs/20260718_qs_cheap_refine_sweep/jobs/cell100_win3_pass1/dense_w2_1_c001_cell100_win3_pass1_val3dity.json,0,EPSG:25832,0.000000000,LoD2 reference opened only after all 18 Roofer conditions; used for scoring and figure only,0,0
cell100_win3_pass1,1.000000000,3,3.000000000,1,DEBY_LOD2_4907186,overseg_smooth.py MLS-style local plane fit and z projection on roof-top class-6 points,phases/p2-gsjso/runs/20260717_qs_cheap_refine_pilot/input/dense_w2_1_c001_classified.laz,e9acd5eb90dc42d88f13485a73fbaf8d10cff76cb5a3063f5f5bc72f51454c4a,phases/p2-gsjso/runs/20260718_qs_cheap_refine_sweep/jobs/cell100_win3_pass1/dense_w2_1_c001_cell100_win3_pass1.laz,21819a814bab55989202bbd3b849c34c6d44033f68051bcdeee97e08b708e296,480,0.130000000,1.292500000,success,success,standard,true,false,true,2,2,1.000000000,0.648132088,1.283878138,229,0.339165887,56.959784502,167.832339001,56.923004195,true,true,1.000000000,3.543989669,11.354917333,0.999810607,0,0.000000000,-2.895857581,-0.660644720,phases/p2-gsjso/runs/20260718_qs_cheap_refine_sweep/jobs/cell100_win3_pass1/dense_w2_1_c001_cell100_win3_pass1.city.json,4a2907fd9fe30d52f704e0e6681adfbeeae7bf641d15defa4dd516e0508d10d2,phases/p2-gsjso/runs/20260718_qs_cheap_refine_sweep/jobs/cell100_win3_pass1/dense_w2_1_c001_cell100_win3_pass1_val3dity.json,0,EPSG:25832,0.000000000,LoD2 reference opened only after all 18 Roofer conditions; used for scoring and figure only,0,0
cell100_win3_pass1,1.000000000,3,3.000000000,1,DEBY_LOD2_4907188,overseg_smooth.py MLS-style local plane fit and z projection on roof-top class-6 points,phases/p2-gsjso/runs/20260717_qs_cheap_refine_pilot/input/dense_w2_1_c001_classified.laz,e9acd5eb90dc42d88f13485a73fbaf8d10cff76cb5a3063f5f5bc72f51454c4a,phases/p2-gsjso/runs/20260718_qs_cheap_refine_sweep/jobs/cell100_win3_pass1/dense_w2_1_c001_cell100_win3_pass1.laz,21819a814bab55989202bbd3b849c34c6d44033f68051bcdeee97e08b708e296,1118,0.190000000,0.903000000,success,success,standard,true,false,true,5,2,2.500000000,1.283835422,5.024535872,666,0.999926449,165.883396496,165.881390000,165.869189208,true,true,1.500000000,1.354221199,4.138715144,0.999949573,0,1.000000000,-0.070385777,-0.000023124,phases/p2-gsjso/runs/20260718_qs_cheap_refine_sweep/jobs/cell100_win3_pass1/dense_w2_1_c001_cell100_win3_pass1.city.json,4a2907fd9fe30d52f704e0e6681adfbeeae7bf641d15defa4dd516e0508d10d2,phases/p2-gsjso/runs/20260718_qs_cheap_refine_sweep/jobs/cell100_win3_pass1/dense_w2_1_c001_cell100_win3_pass1_val3dity.json,0,EPSG:25832,0.000000000,LoD2 reference opened only after all 18 Roofer conditions; used for scoring and figure only,0,0
cell100_win3_pass1,1.000000000,3,3.000000000,1,DEBY_LOD2_4907194,overseg_smooth.py MLS-style local plane fit and z projection on roof-top class-6 points,phases/p2-gsjso/runs/20260717_qs_cheap_refine_pilot/input/dense_w2_1_c001_classified.laz,e9acd5eb90dc42d88f13485a73fbaf8d10cff76cb5a3063f5f5bc72f51454c4a,phases/p2-gsjso/runs/20260718_qs_cheap_refine_sweep/jobs/cell100_win3_pass1/dense_w2_1_c001_cell100_win3_pass1.laz,21819a814bab55989202bbd3b849c34c6d44033f68051bcdeee97e08b708e296,47,0.070000000,0.228000000,failure,missing_lod22_geometry,standard,false,false,true,0,2,0.000000000,,,0,0.000000000,0.000000000,212.725209999,0.000000000,false,false,0.000000000,,,0.000000000,0,0.000000000,,0.000000000,phases/p2-gsjso/runs/20260718_qs_cheap_refine_sweep/jobs/cell100_win3_pass1/dense_w2_1_c001_cell100_win3_pass1.city.json,4a2907fd9fe30d52f704e0e6681adfbeeae7bf641d15defa4dd516e0508d10d2,phases/p2-gsjso/runs/20260718_qs_cheap_refine_sweep/jobs/cell100_win3_pass1/dense_w2_1_c001_cell100_win3_pass1_val3dity.json,0,EPSG:25832,0.000000000,LoD2 reference opened only after all 18 Roofer conditions; used for scoring and figure only,0,0
cell100_win3_pass1,1.000000000,3,3.000000000,1,DEBY_LOD2_4907195,overseg_smooth.py MLS-style local plane fit and z projection on roof-top class-6 points,phases/p2-gsjso/runs/20260717_qs_cheap_refine_pilot/input/dense_w2_1_c001_classified.laz,e9acd5eb90dc42d88f13485a73fbaf8d10cff76cb5a3063f5f5bc72f51454c4a,phases/p2-gsjso/runs/20260718_qs_cheap_refine_sweep/jobs/cell100_win3_pass1/dense_w2_1_c001_cell100_win3_pass1.laz,21819a814bab55989202bbd3b849c34c6d44033f68051bcdeee97e08b708e296,686,0.140000000,0.740000000,success,success,standard,true,false,true,1,2,0.500000000,0.399430257,0.879871978,151,0.208804140,37.133809997,177.839580000,37.133640635,true,true,1.000000000,0.269773262,0.570649324,0.082079788,0,-0.500000000,0.129656995,0.126724352,phases/p2-gsjso/runs/20260718_qs_cheap_refine_sweep/jobs/cell100_win3_pass1/dense_w2_1_c001_cell100_win3_pass1.city.json,4a2907fd9fe30d52f704e0e6681adfbeeae7bf641d15defa4dd516e0508d10d2,phases/p2-gsjso/runs/20260718_qs_cheap_refine_sweep/jobs/cell100_win3_pass1/dense_w2_1_c001_cell100_win3_pass1_val3dity.json,0,EPSG:25832,0.000000000,LoD2 reference opened only after all 18 Roofer conditions; used for scoring and figure only,0,0
cell100_win3_pass1,1.000000000,3,3.000000000,1,DEBY_LOD2_4907198,overseg_smooth.py MLS-style local plane fit and z projection on roof-top class-6 points,phases/p2-gsjso/runs/20260717_qs_cheap_refine_pilot/input/dense_w2_1_c001_classified.laz,e9acd5eb90dc42d88f13485a73fbaf8d10cff76cb5a3063f5f5bc72f51454c4a,phases/p2-gsjso/runs/20260718_qs_cheap_refine_sweep/jobs/cell100_win3_pass1/dense_w2_1_c001_cell100_win3_pass1.laz,21819a814bab55989202bbd3b849c34c6d44033f68051bcdeee97e08b708e296,1309,0.100000000,1.288000000,success,success,standard,true,false,true,1,4,0.250000000,1.509360225,2.274793778,86,0.059139952,21.279271502,359.797467497,21.278404986,true,true,0.250000000,2.127468875,2.595384354,0.014397369,0,0.000000000,-0.618108650,0.044742583,phases/p2-gsjso/runs/20260718_qs_cheap_refine_sweep/jobs/cell100_win3_pass1/dense_w2_1_c001_cell100_win3_pass1.city.json,4a2907fd9fe30d52f704e0e6681adfbeeae7bf641d15defa4dd516e0508d10d2,phases/p2-gsjso/runs/20260718_qs_cheap_refine_sweep/jobs/cell100_win3_pass1/dense_w2_1_c001_cell100_win3_pass1_val3dity.json,0,EPSG:25832,0.000000000,LoD2 reference opened only after all 18 Roofer conditions; used for scoring and figure only,0,0
cell100_win3_pass1,1.000000000,3,3.000000000,1,DEBY_LOD2_4907199,overseg_smooth.py MLS-style local plane fit and z projection on roof-top class-6 points,phases/p2-gsjso/runs/20260717_qs_cheap_refine_pilot/input/dense_w2_1_c001_classified.laz,e9acd5eb90dc42d88f13485a73fbaf8d10cff76cb5a3063f5f5bc72f51454c4a,phases/p2-gsjso/runs/20260718_qs_cheap_refine_sweep/jobs/cell100_win3_pass1/dense_w2_1_c001_cell100_win3_pass1.laz,21819a814bab55989202bbd3b849c34c6d44033f68051bcdeee97e08b708e296,4,0.085000000,0.107000000,failure,pointcloud_unusable_no_points,skip,false,false,true,0,1,0.000000000,,,0,0.000000000,0.000000000,98.346449999,0.000000000,false,true,0.000000000,,,0.000000000,0,0.000000000,,0.000000000,phases/p2-gsjso/runs/20260718_qs_cheap_refine_sweep/jobs/cell100_win3_pass1/dense_w2_1_c001_cell100_win3_pass1.city.json,4a2907fd9fe30d52f704e0e6681adfbeeae7bf641d15defa4dd516e0508d10d2,phases/p2-gsjso/runs/20260718_qs_cheap_refine_sweep/jobs/cell100_win3_pass1/dense_w2_1_c001_cell100_win3_pass1_val3dity.json,0,EPSG:25832,0.000000000,LoD2 reference opened only after all 18 Roofer conditions; used for scoring and figure only,0,0
cell100_win3_pass1,1.000000000,3,3.000000000,1,DEBY_LOD2_4907202,overseg_smooth.py MLS-style local plane fit and z projection on roof-top class-6 points,phases/p2-gsjso/runs/20260717_qs_cheap_refine_pilot/input/dense_w2_1_c001_classified.laz,e9acd5eb90dc42d88f13485a73fbaf8d10cff76cb5a3063f5f5bc72f51454c4a,phases/p2-gsjso/runs/20260718_qs_cheap_refine_sweep/jobs/cell100_win3_pass1/dense_w2_1_c001_cell100_win3_pass1.laz,21819a814bab55989202bbd3b849c34c6d44033f68051bcdeee97e08b708e296,5229,0.210000000,1.666000000,success,success,standard,true,false,true,4,2,2.000000000,0.730392214,2.776147305,646,0.999895159,160.598082999,160.461520004,160.444697119,true,true,1.500000000,0.563657590,3.486506786,0.994591924,0,0.500000000,0.166734624,0.005303235,phases/p2-gsjso/runs/20260718_qs_cheap_refine_sweep/jobs/cell100_win3_pass1/dense_w2_1_c001_cell100_win3_pass1.city.json,4a2907fd9fe30d52f704e0e6681adfbeeae7bf641d15defa4dd516e0508d10d2,phases/p2-gsjso/runs/20260718_qs_cheap_refine_sweep/jobs/cell100_win3_pass1/dense_w2_1_c001_cell100_win3_pass1_val3dity.json,0,EPSG:25832,0.000000000,LoD2 reference opened only after all 18 Roofer conditions; used for scoring and figure only,0,0
cell100_win3_pass1,1.000000000,3,3.000000000,1,DEBY_LOD2_4908168,overseg_smooth.py MLS-style local plane fit and z projection on roof-top class-6 points,phases/p2-gsjso/runs/20260717_qs_cheap_refine_pilot/input/dense_w2_1_c001_classified.laz,e9acd5eb90dc42d88f13485a73fbaf8d10cff76cb5a3063f5f5bc72f51454c4a,phases/p2-gsjso/runs/20260718_qs_cheap_refine_sweep/jobs/cell100_win3_pass1/dense_w2_1_c001_cell100_win3_pass1.laz,21819a814bab55989202bbd3b849c34c6d44033f68051bcdeee97e08b708e296,752,0.020000000,0.184500000,success,success,standard,true,false,true,1,1,1.000000000,0.167115641,0.316738475,114,0.999745093,28.825925500,28.831400000,28.824050666,true,true,1.000000000,0.178913202,0.442979418,0.999879645,0,0.000000000,-0.011797561,-0.000134552,phases/p2-gsjso/runs/20260718_qs_cheap_refine_sweep/jobs/cell100_win3_pass1/dense_w2_1_c001_cell100_win3_pass1.city.json,4a2907fd9fe30d52f704e0e6681adfbeeae7bf641d15defa4dd516e0508d10d2,phases/p2-gsjso/runs/20260718_qs_cheap_refine_sweep/jobs/cell100_win3_pass1/dense_w2_1_c001_cell100_win3_pass1_val3dity.json,0,EPSG:25832,0.000000000,LoD2 reference opened only after all 18 Roofer conditions; used for scoring and figure only,0,0
cell100_win3_pass1,1.000000000,3,3.000000000,1,DEBY_LOD2_4908178,overseg_smooth.py MLS-style local plane fit and z projection on roof-top class-6 points,phases/p2-gsjso/runs/20260717_qs_cheap_refine_pilot/input/dense_w2_1_c001_classified.laz,e9acd5eb90dc42d88f13485a73fbaf8d10cff76cb5a3063f5f5bc72f51454c4a,phases/p2-gsjso/runs/20260718_qs_cheap_refine_sweep/jobs/cell100_win3_pass1/dense_w2_1_c001_cell100_win3_pass1.laz,21819a814bab55989202bbd3b849c34c6d44033f68051bcdeee97e08b708e296,421,0.070000000,0.440000000,failure,missing_lod22_geometry,standard,false,false,true,0,2,0.000000000,,,0,0.000000000,0.000000000,113.412679999,0.000000000,true,true,0.500000000,0.624888129,1.520071182,0.999921002,-1,-0.500000000,,-0.999921002,phases/p2-gsjso/runs/20260718_qs_cheap_refine_sweep/jobs/cell100_win3_pass1/dense_w2_1_c001_cell100_win3_pass1.city.json,4a2907fd9fe30d52f704e0e6681adfbeeae7bf641d15defa4dd516e0508d10d2,phases/p2-gsjso/runs/20260718_qs_cheap_refine_sweep/jobs/cell100_win3_pass1/dense_w2_1_c001_cell100_win3_pass1_val3dity.json,0,EPSG:25832,0.000000000,LoD2 reference opened only after all 18 Roofer conditions; used for scoring and figure only,0,0
cell100_win3_pass1,1.000000000,3,3.000000000,1,DEBY_LOD2_4908179,overseg_smooth.py MLS-style local plane fit and z projection on roof-top class-6 points,phases/p2-gsjso/runs/20260717_qs_cheap_refine_pilot/input/dense_w2_1_c001_classified.laz,e9acd5eb90dc42d88f13485a73fbaf8d10cff76cb5a3063f5f5bc72f51454c4a,phases/p2-gsjso/runs/20260718_qs_cheap_refine_sweep/jobs/cell100_win3_pass1/dense_w2_1_c001_cell100_win3_pass1.laz,21819a814bab55989202bbd3b849c34c6d44033f68051bcdeee97e08b708e296,0,,,failure,pointcloud_unusable_no_points,skip,false,false,true,0,1,0.000000000,,,0,0.000000000,0.000000000,118.249599998,0.000000000,false,false,0.000000000,,,0.000000000,0,0.000000000,,0.000000000,phases/p2-gsjso/runs/20260718_qs_cheap_refine_sweep/jobs/cell100_win3_pass1/dense_w2_1_c001_cell100_win3_pass1.city.json,4a2907fd9fe30d52f704e0e6681adfbeeae7bf641d15defa4dd516e0508d10d2,phases/p2-gsjso/runs/20260718_qs_cheap_refine_sweep/jobs/cell100_win3_pass1/dense_w2_1_c001_cell100_win3_pass1_val3dity.json,0,EPSG:25832,0.000000000,LoD2 reference opened only after all 18 Roofer conditions; used for scoring and figure only,0,0
cell100_win3_pass1,1.000000000,3,3.000000000,1,DEBY_LOD2_60098,overseg_smooth.py MLS-style local plane fit and z projection on roof-top class-6 points,phases/p2-gsjso/runs/20260717_qs_cheap_refine_pilot/input/dense_w2_1_c001_classified.laz,e9acd5eb90dc42d88f13485a73fbaf8d10cff76cb5a3063f5f5bc72f51454c4a,phases/p2-gsjso/runs/20260718_qs_cheap_refine_sweep/jobs/cell100_win3_pass1/dense_w2_1_c001_cell100_win3_pass1.laz,21819a814bab55989202bbd3b849c34c6d44033f68051bcdeee97e08b708e296,668,0.210000000,1.156500000,success,success,standard,true,false,true,3,2,1.500000000,2.510804445,8.242071194,784,0.999923002,195.944725502,195.925425003,195.910339227,true,true,1.500000000,2.991955569,9.730518924,0.999898969,0,0.000000000,-0.481151124,0.000024033,phases/p2-gsjso/runs/20260718_qs_cheap_refine_sweep/jobs/cell100_win3_pass1/dense_w2_1_c001_cell100_win3_pass1.city.json,4a2907fd9fe30d52f704e0e6681adfbeeae7bf641d15defa4dd516e0508d10d2,phases/p2-gsjso/runs/20260718_qs_cheap_refine_sweep/jobs/cell100_win3_pass1/dense_w2_1_c001_cell100_win3_pass1_val3dity.json,0,EPSG:25832,0.000000000,LoD2 reference opened only after all 18 Roofer conditions; used for scoring and figure only,0,0
cell100_win3_pass1,1.000000000,3,3.000000000,1,DEBY_LOD2_8568391,overseg_smooth.py MLS-style local plane fit and z projection on roof-top class-6 points,phases/p2-gsjso/runs/20260717_qs_cheap_refine_pilot/input/dense_w2_1_c001_classified.laz,e9acd5eb90dc42d88f13485a73fbaf8d10cff76cb5a3063f5f5bc72f51454c4a,phases/p2-gsjso/runs/20260718_qs_cheap_refine_sweep/jobs/cell100_win3_pass1/dense_w2_1_c001_cell100_win3_pass1.laz,21819a814bab55989202bbd3b849c34c6d44033f68051bcdeee97e08b708e296,0,,,failure,pointcloud_unusable_no_points,skip,false,false,true,0,1,0.000000000,,,0,0.000000000,0.000000000,55.535699997,0.000000000,false,true,0.000000000,,,0.000000000,0,0.000000000,,0.000000000,phases/p2-gsjso/runs/20260718_qs_cheap_refine_sweep/jobs/cell100_win3_pass1/dense_w2_1_c001_cell100_win3_pass1.city.json,4a2907fd9fe30d52f704e0e6681adfbeeae7bf641d15defa4dd516e0508d10d2,phases/p2-gsjso/runs/20260718_qs_cheap_refine_sweep/jobs/cell100_win3_pass1/dense_w2_1_c001_cell100_win3_pass1_val3dity.json,0,EPSG:25832,0.000000000,LoD2 reference opened only after all 18 Roofer conditions; used for scoring and figure only,0,0
cell100_win3_pass1,1.000000000,3,3.000000000,1,DEBY_LOD2_8568392,overseg_smooth.py MLS-style local plane fit and z projection on roof-top class-6 points,phases/p2-gsjso/runs/20260717_qs_cheap_refine_pilot/input/dense_w2_1_c001_classified.laz,e9acd5eb90dc42d88f13485a73fbaf8d10cff76cb5a3063f5f5bc72f51454c4a,phases/p2-gsjso/runs/20260718_qs_cheap_refine_sweep/jobs/cell100_win3_pass1/dense_w2_1_c001_cell100_win3_pass1.laz,21819a814bab55989202bbd3b849c34c6d44033f68051bcdeee97e08b708e296,0,,,failure,pointcloud_unusable_no_points,skip,false,false,true,0,1,0.000000000,,,0,0.000000000,0.000000000,5.797516501,0.000000000,false,true,0.000000000,,,0.000000000,0,0.000000000,,0.000000000,phases/p2-gsjso/runs/20260718_qs_cheap_refine_sweep/jobs/cell100_win3_pass1/dense_w2_1_c001_cell100_win3_pass1.city.json,4a2907fd9fe30d52f704e0e6681adfbeeae7bf641d15defa4dd516e0508d10d2,phases/p2-gsjso/runs/20260718_qs_cheap_refine_sweep/jobs/cell100_win3_pass1/dense_w2_1_c001_cell100_win3_pass1_val3dity.json,0,EPSG:25832,0.000000000,LoD2 reference opened only after all 18 Roofer conditions; used for scoring and figure only,0,0
cell100_win3_pass2,1.000000000,3,3.000000000,2,DEBY_LOD2_108247349,overseg_smooth.py MLS-style local plane fit and z projection on roof-top class-6 points,phases/p2-gsjso/runs/20260717_qs_cheap_refine_pilot/input/dense_w2_1_c001_classified.laz,e9acd5eb90dc42d88f13485a73fbaf8d10cff76cb5a3063f5f5bc72f51454c4a,phases/p2-gsjso/runs/20260718_qs_cheap_refine_sweep/jobs/cell100_win3_pass2/dense_w2_1_c001_cell100_win3_pass2.laz,8497224c42354a6393abfb4980b1447e8b05bb194ff83c9ee5044117cdd6a5f9,0,,,failure,pointcloud_unusable_no_points,skip,false,false,true,0,1,0.000000000,,,0,0.000000000,0.000000000,101.102650001,0.000000000,false,false,0.000000000,,,0.000000000,0,0.000000000,,0.000000000,phases/p2-gsjso/runs/20260718_qs_cheap_refine_sweep/jobs/cell100_win3_pass2/dense_w2_1_c001_cell100_win3_pass2.city.json,efa62d55a0b68575925d3ff3e05ec640ce9263a315b22bba9331a7822245befa,phases/p2-gsjso/runs/20260718_qs_cheap_refine_sweep/jobs/cell100_win3_pass2/dense_w2_1_c001_cell100_win3_pass2_val3dity.json,0,EPSG:25832,0.000000000,LoD2 reference opened only after all 18 Roofer conditions; used for scoring and figure only,0,0
cell100_win3_pass2,1.000000000,3,3.000000000,2,DEBY_LOD2_108247350,overseg_smooth.py MLS-style local plane fit and z projection on roof-top class-6 points,phases/p2-gsjso/runs/20260717_qs_cheap_refine_pilot/input/dense_w2_1_c001_classified.laz,e9acd5eb90dc42d88f13485a73fbaf8d10cff76cb5a3063f5f5bc72f51454c4a,phases/p2-gsjso/runs/20260718_qs_cheap_refine_sweep/jobs/cell100_win3_pass2/dense_w2_1_c001_cell100_win3_pass2.laz,8497224c42354a6393abfb4980b1447e8b05bb194ff83c9ee5044117cdd6a5f9,3,0.020000000,0.020000000,failure,pointcloud_unusable_no_points,skip,false,false,true,0,1,0.000000000,,,0,0.000000000,0.000000000,12.137050000,0.000000000,false,true,0.000000000,,,0.000000000,0,0.000000000,,0.000000000,phases/p2-gsjso/runs/20260718_qs_cheap_refine_sweep/jobs/cell100_win3_pass2/dense_w2_1_c001_cell100_win3_pass2.city.json,efa62d55a0b68575925d3ff3e05ec640ce9263a315b22bba9331a7822245befa,phases/p2-gsjso/runs/20260718_qs_cheap_refine_sweep/jobs/cell100_win3_pass2/dense_w2_1_c001_cell100_win3_pass2_val3dity.json,0,EPSG:25832,0.000000000,LoD2 reference opened only after all 18 Roofer conditions; used for scoring and figure only,0,0
cell100_win3_pass2,1.000000000,3,3.000000000,2,DEBY_LOD2_108247351,overseg_smooth.py MLS-style local plane fit and z projection on roof-top class-6 points,phases/p2-gsjso/runs/20260717_qs_cheap_refine_pilot/input/dense_w2_1_c001_classified.laz,e9acd5eb90dc42d88f13485a73fbaf8d10cff76cb5a3063f5f5bc72f51454c4a,phases/p2-gsjso/runs/20260718_qs_cheap_refine_sweep/jobs/cell100_win3_pass2/dense_w2_1_c001_cell100_win3_pass2.laz,8497224c42354a6393abfb4980b1447e8b05bb194ff83c9ee5044117cdd6a5f9,0,,,failure,pointcloud_unusable_no_points,skip,false,false,true,0,1,0.000000000,,,0,0.000000000,0.000000000,65.278499998,0.000000000,false,true,0.000000000,,,0.000000000,0,0.000000000,,0.000000000,phases/p2-gsjso/runs/20260718_qs_cheap_refine_sweep/jobs/cell100_win3_pass2/dense_w2_1_c001_cell100_win3_pass2.city.json,efa62d55a0b68575925d3ff3e05ec640ce9263a315b22bba9331a7822245befa,phases/p2-gsjso/runs/20260718_qs_cheap_refine_sweep/jobs/cell100_win3_pass2/dense_w2_1_c001_cell100_win3_pass2_val3dity.json,0,EPSG:25832,0.000000000,LoD2 reference opened only after all 18 Roofer conditions; used for scoring and figure only,0,0
cell100_win3_pass2,1.000000000,3,3.000000000,2,DEBY_LOD2_4907184,overseg_smooth.py MLS-style local plane fit and z projection on roof-top class-6 points,phases/p2-gsjso/runs/20260717_qs_cheap_refine_pilot/input/dense_w2_1_c001_classified.laz,e9acd5eb90dc42d88f13485a73fbaf8d10cff76cb5a3063f5f5bc72f51454c4a,phases/p2-gsjso/runs/20260718_qs_cheap_refine_sweep/jobs/cell100_win3_pass2/dense_w2_1_c001_cell100_win3_pass2.laz,8497224c42354a6393abfb4980b1447e8b05bb194ff83c9ee5044117cdd6a5f9,201892,0.210000000,1.390000000,success,success,standard,true,false,true,10,4,2.500000000,0.755798233,4.968262065,1360,0.999934830,337.882448995,337.863561498,337.841543090,true,true,1.500000000,0.354716522,2.638333513,0.995567105,0,1.000000000,0.401081711,0.004367725,phases/p2-gsjso/runs/20260718_qs_cheap_refine_sweep/jobs/cell100_win3_pass2/dense_w2_1_c001_cell100_win3_pass2.city.json,efa62d55a0b68575925d3ff3e05ec640ce9263a315b22bba9331a7822245befa,phases/p2-gsjso/runs/20260718_qs_cheap_refine_sweep/jobs/cell100_win3_pass2/dense_w2_1_c001_cell100_win3_pass2_val3dity.json,0,EPSG:25832,0.000000000,LoD2 reference opened only after all 18 Roofer conditions; used for scoring and figure only,0,0
cell100_win3_pass2,1.000000000,3,3.000000000,2,DEBY_LOD2_4907185,overseg_smooth.py MLS-style local plane fit and z projection on roof-top class-6 points,phases/p2-gsjso/runs/20260717_qs_cheap_refine_pilot/input/dense_w2_1_c001_classified.laz,e9acd5eb90dc42d88f13485a73fbaf8d10cff76cb5a3063f5f5bc72f51454c4a,phases/p2-gsjso/runs/20260718_qs_cheap_refine_sweep/jobs/cell100_win3_pass2/dense_w2_1_c001_cell100_win3_pass2.laz,8497224c42354a6393abfb4980b1447e8b05bb194ff83c9ee5044117cdd6a5f9,3488,0.000000000,1.550000000,success,success,standard,true,false,true,5,2,2.500000000,2.996685077,8.069862549,648,0.999941436,161.058124999,160.981467003,160.972039264,true,true,1.500000000,2.613993006,10.997450351,0.999948727,0,1.000000000,0.382692071,-0.000007291,phases/p2-gsjso/runs/20260718_qs_cheap_refine_sweep/jobs/cell100_win3_pass2/dense_w2_1_c001_cell100_win3_pass2.city.json,efa62d55a0b68575925d3ff3e05ec640ce9263a315b22bba9331a7822245befa,phases/p2-gsjso/runs/20260718_qs_cheap_refine_sweep/jobs/cell100_win3_pass2/dense_w2_1_c001_cell100_win3_pass2_val3dity.json,0,EPSG:25832,0.000000000,LoD2 reference opened only after all 18 Roofer conditions; used for scoring and figure only,0,0
cell100_win3_pass2,1.000000000,3,3.000000000,2,DEBY_LOD2_4907186,overseg_smooth.py MLS-style local plane fit and z projection on roof-top class-6 points,phases/p2-gsjso/runs/20260717_qs_cheap_refine_pilot/input/dense_w2_1_c001_classified.laz,e9acd5eb90dc42d88f13485a73fbaf8d10cff76cb5a3063f5f5bc72f51454c4a,phases/p2-gsjso/runs/20260718_qs_cheap_refine_sweep/jobs/cell100_win3_pass2/dense_w2_1_c001_cell100_win3_pass2.laz,8497224c42354a6393abfb4980b1447e8b05bb194ff83c9ee5044117cdd6a5f9,480,0.150000000,1.492000000,success,success,standard,true,false,true,4,2,2.000000000,1.577631695,4.139535081,673,0.999855672,167.882598998,167.832339001,167.808116034,true,true,1.000000000,3.543989669,11.354917333,0.999810607,0,1.000000000,-1.966357974,0.000045065,phases/p2-gsjso/runs/20260718_qs_cheap_refine_sweep/jobs/cell100_win3_pass2/dense_w2_1_c001_cell100_win3_pass2.city.json,efa62d55a0b68575925d3ff3e05ec640ce9263a315b22bba9331a7822245befa,phases/p2-gsjso/runs/20260718_qs_cheap_refine_sweep/jobs/cell100_win3_pass2/dense_w2_1_c001_cell100_win3_pass2_val3dity.json,0,EPSG:25832,0.000000000,LoD2 reference opened only after all 18 Roofer conditions; used for scoring and figure only,0,0
cell100_win3_pass2,1.000000000,3,3.000000000,2,DEBY_LOD2_4907188,overseg_smooth.py MLS-style local plane fit and z projection on roof-top class-6 points,phases/p2-gsjso/runs/20260717_qs_cheap_refine_pilot/input/dense_w2_1_c001_classified.laz,e9acd5eb90dc42d88f13485a73fbaf8d10cff76cb5a3063f5f5bc72f51454c4a,phases/p2-gsjso/runs/20260718_qs_cheap_refine_sweep/jobs/cell100_win3_pass2/dense_w2_1_c001_cell100_win3_pass2.laz,8497224c42354a6393abfb4980b1447e8b05bb194ff83c9ee5044117cdd6a5f9,1118,0.250000000,0.990000000,success,success,standard,true,false,true,4,2,2.000000000,1.682363204,4.508825410,664,0.999910215,165.880020002,165.881390000,165.866496288,true,true,1.500000000,1.354221199,4.138715144,0.999949573,0,0.500000000,0.328142005,-0.000039358,phases/p2-gsjso/runs/20260718_qs_cheap_refine_sweep/jobs/cell100_win3_pass2/dense_w2_1_c001_cell100_win3_pass2.city.json,efa62d55a0b68575925d3ff3e05ec640ce9263a315b22bba9331a7822245befa,phases/p2-gsjso/runs/20260718_qs_cheap_refine_sweep/jobs/cell100_win3_pass2/dense_w2_1_c001_cell100_win3_pass2_val3dity.json,0,EPSG:25832,0.000000000,LoD2 reference opened only after all 18 Roofer conditions; used for scoring and figure only,0,0
cell100_win3_pass2,1.000000000,3,3.000000000,2,DEBY_LOD2_4907194,overseg_smooth.py MLS-style local plane fit and z projection on roof-top class-6 points,phases/p2-gsjso/runs/20260717_qs_cheap_refine_pilot/input/dense_w2_1_c001_classified.laz,e9acd5eb90dc42d88f13485a73fbaf8d10cff76cb5a3063f5f5bc72f51454c4a,phases/p2-gsjso/runs/20260718_qs_cheap_refine_sweep/jobs/cell100_win3_pass2/dense_w2_1_c001_cell100_win3_pass2.laz,8497224c42354a6393abfb4980b1447e8b05bb194ff83c9ee5044117cdd6a5f9,47,0.080000000,0.227000000,failure,missing_lod22_geometry,standard,false,false,true,0,2,0.000000000,,,0,0.000000000,0.000000000,212.725209999,0.000000000,false,false,0.000000000,,,0.000000000,0,0.000000000,,0.000000000,phases/p2-gsjso/runs/20260718_qs_cheap_refine_sweep/jobs/cell100_win3_pass2/dense_w2_1_c001_cell100_win3_pass2.city.json,efa62d55a0b68575925d3ff3e05ec640ce9263a315b22bba9331a7822245befa,phases/p2-gsjso/runs/20260718_qs_cheap_refine_sweep/jobs/cell100_win3_pass2/dense_w2_1_c001_cell100_win3_pass2_val3dity.json,0,EPSG:25832,0.000000000,LoD2 reference opened only after all 18 Roofer conditions; used for scoring and figure only,0,0
cell100_win3_pass2,1.000000000,3,3.000000000,2,DEBY_LOD2_4907195,overseg_smooth.py MLS-style local plane fit and z projection on roof-top class-6 points,phases/p2-gsjso/runs/20260717_qs_cheap_refine_pilot/input/dense_w2_1_c001_classified.laz,e9acd5eb90dc42d88f13485a73fbaf8d10cff76cb5a3063f5f5bc72f51454c4a,phases/p2-gsjso/runs/20260718_qs_cheap_refine_sweep/jobs/cell100_win3_pass2/dense_w2_1_c001_cell100_win3_pass2.laz,8497224c42354a6393abfb4980b1447e8b05bb194ff83c9ee5044117cdd6a5f9,686,0.190000000,1.007500000,success,success,standard,true,false,true,1,2,0.500000000,0.448019709,0.958540811,159,0.223662950,39.776157496,177.839580000,39.776125173,true,true,1.000000000,0.269773262,0.570649324,0.082079788,0,-0.500000000,0.178246447,0.141583162,phases/p2-gsjso/runs/20260718_qs_cheap_refine_sweep/jobs/cell100_win3_pass2/dense_w2_1_c001_cell100_win3_pass2.city.json,efa62d55a0b68575925d3ff3e05ec640ce9263a315b22bba9331a7822245befa,phases/p2-gsjso/runs/20260718_qs_cheap_refine_sweep/jobs/cell100_win3_pass2/dense_w2_1_c001_cell100_win3_pass2_val3dity.json,0,EPSG:25832,0.000000000,LoD2 reference opened only after all 18 Roofer conditions; used for scoring and figure only,0,0
cell100_win3_pass2,1.000000000,3,3.000000000,2,DEBY_LOD2_4907198,overseg_smooth.py MLS-style local plane fit and z projection on roof-top class-6 points,phases/p2-gsjso/runs/20260717_qs_cheap_refine_pilot/input/dense_w2_1_c001_classified.laz,e9acd5eb90dc42d88f13485a73fbaf8d10cff76cb5a3063f5f5bc72f51454c4a,phases/p2-gsjso/runs/20260718_qs_cheap_refine_sweep/jobs/cell100_win3_pass2/dense_w2_1_c001_cell100_win3_pass2.laz,8497224c42354a6393abfb4980b1447e8b05bb194ff83c9ee5044117cdd6a5f9,1309,0.110000000,1.450000000,success,success,standard,true,false,true,1,4,0.250000000,1.421469930,2.057337686,60,0.041775705,15.031056501,359.797467497,15.030792788,true,true,0.250000000,2.127468875,2.595384354,0.014397369,0,0.000000000,-0.705998945,0.027378336,phases/p2-gsjso/runs/20260718_qs_cheap_refine_sweep/jobs/cell100_win3_pass2/dense_w2_1_c001_cell100_win3_pass2.city.json,efa62d55a0b68575925d3ff3e05ec640ce9263a315b22bba9331a7822245befa,phases/p2-gsjso/runs/20260718_qs_cheap_refine_sweep/jobs/cell100_win3_pass2/dense_w2_1_c001_cell100_win3_pass2_val3dity.json,0,EPSG:25832,0.000000000,LoD2 reference opened only after all 18 Roofer conditions; used for scoring and figure only,0,0
cell100_win3_pass2,1.000000000,3,3.000000000,2,DEBY_LOD2_4907199,overseg_smooth.py MLS-style local plane fit and z projection on roof-top class-6 points,phases/p2-gsjso/runs/20260717_qs_cheap_refine_pilot/input/dense_w2_1_c001_classified.laz,e9acd5eb90dc42d88f13485a73fbaf8d10cff76cb5a3063f5f5bc72f51454c4a,phases/p2-gsjso/runs/20260718_qs_cheap_refine_sweep/jobs/cell100_win3_pass2/dense_w2_1_c001_cell100_win3_pass2.laz,8497224c42354a6393abfb4980b1447e8b05bb194ff83c9ee5044117cdd6a5f9,4,0.095000000,0.108500000,failure,pointcloud_unusable_no_points,skip,false,false,true,0,1,0.000000000,,,0,0.000000000,0.000000000,98.346449999,0.000000000,false,true,0.000000000,,,0.000000000,0,0.000000000,,0.000000000,phases/p2-gsjso/runs/20260718_qs_cheap_refine_sweep/jobs/cell100_win3_pass2/dense_w2_1_c001_cell100_win3_pass2.city.json,efa62d55a0b68575925d3ff3e05ec640ce9263a315b22bba9331a7822245befa,phases/p2-gsjso/runs/20260718_qs_cheap_refine_sweep/jobs/cell100_win3_pass2/dense_w2_1_c001_cell100_win3_pass2_val3dity.json,0,EPSG:25832,0.000000000,LoD2 reference opened only after all 18 Roofer conditions; used for scoring and figure only,0,0
cell100_win3_pass2,1.000000000,3,3.000000000,2,DEBY_LOD2_4907202,overseg_smooth.py MLS-style local plane fit and z projection on roof-top class-6 points,phases/p2-gsjso/runs/20260717_qs_cheap_refine_pilot/input/dense_w2_1_c001_classified.laz,e9acd5eb90dc42d88f13485a73fbaf8d10cff76cb5a3063f5f5bc72f51454c4a,phases/p2-gsjso/runs/20260718_qs_cheap_refine_sweep/jobs/cell100_win3_pass2/dense_w2_1_c001_cell100_win3_pass2.laz,8497224c42354a6393abfb4980b1447e8b05bb194ff83c9ee5044117cdd6a5f9,5229,0.320000000,2.080000000,success,success,standard,true,false,true,2,2,1.000000000,0.432279744,3.219967378,646,0.999889229,160.590101497,160.461520004,160.443745554,true,true,1.500000000,0.563657590,3.486506786,0.994591924,0,-0.500000000,-0.131377846,0.005297305,phases/p2-gsjso/runs/20260718_qs_cheap_refine_sweep/jobs/cell100_win3_pass2/dense_w2_1_c001_cell100_win3_pass2.city.json,efa62d55a0b68575925d3ff3e05ec640ce9263a315b22bba9331a7822245befa,phases/p2-gsjso/runs/20260718_qs_cheap_refine_sweep/jobs/cell100_win3_pass2/dense_w2_1_c001_cell100_win3_pass2_val3dity.json,0,EPSG:25832,0.000000000,LoD2 reference opened only after all 18 Roofer conditions; used for scoring and figure only,0,0
cell100_win3_pass2,1.000000000,3,3.000000000,2,DEBY_LOD2_4908168,overseg_smooth.py MLS-style local plane fit and z projection on roof-top class-6 points,phases/p2-gsjso/runs/20260717_qs_cheap_refine_pilot/input/dense_w2_1_c001_classified.laz,e9acd5eb90dc42d88f13485a73fbaf8d10cff76cb5a3063f5f5bc72f51454c4a,phases/p2-gsjso/runs/20260718_qs_cheap_refine_sweep/jobs/cell100_win3_pass2/dense_w2_1_c001_cell100_win3_pass2.laz,8497224c42354a6393abfb4980b1447e8b05bb194ff83c9ee5044117cdd6a5f9,752,0.020000000,0.200000000,success,success,standard,true,false,true,1,1,1.000000000,0.139007037,0.261603856,114,0.999745093,28.825925500,28.831400000,28.824050666,true,true,1.000000000,0.178913202,0.442979418,0.999879645,0,0.000000000,-0.039906165,-0.000134552,phases/p2-gsjso/runs/20260718_qs_cheap_refine_sweep/jobs/cell100_win3_pass2/dense_w2_1_c001_cell100_win3_pass2.city.json,efa62d55a0b68575925d3ff3e05ec640ce9263a315b22bba9331a7822245befa,phases/p2-gsjso/runs/20260718_qs_cheap_refine_sweep/jobs/cell100_win3_pass2/dense_w2_1_c001_cell100_win3_pass2_val3dity.json,0,EPSG:25832,0.000000000,LoD2 reference opened only after all 18 Roofer conditions; used for scoring and figure only,0,0
cell100_win3_pass2,1.000000000,3,3.000000000,2,DEBY_LOD2_4908178,overseg_smooth.py MLS-style local plane fit and z projection on roof-top class-6 points,phases/p2-gsjso/runs/20260717_qs_cheap_refine_pilot/input/dense_w2_1_c001_classified.laz,e9acd5eb90dc42d88f13485a73fbaf8d10cff76cb5a3063f5f5bc72f51454c4a,phases/p2-gsjso/runs/20260718_qs_cheap_refine_sweep/jobs/cell100_win3_pass2/dense_w2_1_c001_cell100_win3_pass2.laz,8497224c42354a6393abfb4980b1447e8b05bb194ff83c9ee5044117cdd6a5f9,421,0.110000000,0.490000000,failure,missing_lod22_geometry,standard,false,false,true,0,2,0.000000000,,,0,0.000000000,0.000000000,113.412679999,0.000000000,true,true,0.500000000,0.624888129,1.520071182,0.999921002,-1,-0.500000000,,-0.999921002,phases/p2-gsjso/runs/20260718_qs_cheap_refine_sweep/jobs/cell100_win3_pass2/dense_w2_1_c001_cell100_win3_pass2.city.json,efa62d55a0b68575925d3ff3e05ec640ce9263a315b22bba9331a7822245befa,phases/p2-gsjso/runs/20260718_qs_cheap_refine_sweep/jobs/cell100_win3_pass2/dense_w2_1_c001_cell100_win3_pass2_val3dity.json,0,EPSG:25832,0.000000000,LoD2 reference opened only after all 18 Roofer conditions; used for scoring and figure only,0,0
cell100_win3_pass2,1.000000000,3,3.000000000,2,DEBY_LOD2_4908179,overseg_smooth.py MLS-style local plane fit and z projection on roof-top class-6 points,phases/p2-gsjso/runs/20260717_qs_cheap_refine_pilot/input/dense_w2_1_c001_classified.laz,e9acd5eb90dc42d88f13485a73fbaf8d10cff76cb5a3063f5f5bc72f51454c4a,phases/p2-gsjso/runs/20260718_qs_cheap_refine_sweep/jobs/cell100_win3_pass2/dense_w2_1_c001_cell100_win3_pass2.laz,8497224c42354a6393abfb4980b1447e8b05bb194ff83c9ee5044117cdd6a5f9,0,,,failure,pointcloud_unusable_no_points,skip,false,false,true,0,1,0.000000000,,,0,0.000000000,0.000000000,118.249599998,0.000000000,false,false,0.000000000,,,0.000000000,0,0.000000000,,0.000000000,phases/p2-gsjso/runs/20260718_qs_cheap_refine_sweep/jobs/cell100_win3_pass2/dense_w2_1_c001_cell100_win3_pass2.city.json,efa62d55a0b68575925d3ff3e05ec640ce9263a315b22bba9331a7822245befa,phases/p2-gsjso/runs/20260718_qs_cheap_refine_sweep/jobs/cell100_win3_pass2/dense_w2_1_c001_cell100_win3_pass2_val3dity.json,0,EPSG:25832,0.000000000,LoD2 reference opened only after all 18 Roofer conditions; used for scoring and figure only,0,0
cell100_win3_pass2,1.000000000,3,3.000000000,2,DEBY_LOD2_60098,overseg_smooth.py MLS-style local plane fit and z projection on roof-top class-6 points,phases/p2-gsjso/runs/20260717_qs_cheap_refine_pilot/input/dense_w2_1_c001_classified.laz,e9acd5eb90dc42d88f13485a73fbaf8d10cff76cb5a3063f5f5bc72f51454c4a,phases/p2-gsjso/runs/20260718_qs_cheap_refine_sweep/jobs/cell100_win3_pass2/dense_w2_1_c001_cell100_win3_pass2.laz,8497224c42354a6393abfb4980b1447e8b05bb194ff83c9ee5044117cdd6a5f9,668,0.300000000,1.476500000,success,success,standard,true,false,true,3,2,1.500000000,2.195654654,5.496174487,784,0.999914808,195.936506500,195.925425003,195.908733724,true,true,1.500000000,2.991955569,9.730518924,0.999898969,0,0.000000000,-0.796300915,0.000015839,phases/p2-gsjso/runs/20260718_qs_cheap_refine_sweep/jobs/cell100_win3_pass2/dense_w2_1_c001_cell100_win3_pass2.city.json,efa62d55a0b68575925d3ff3e05ec640ce9263a315b22bba9331a7822245befa,phases/p2-gsjso/runs/20260718_qs_cheap_refine_sweep/jobs/cell100_win3_pass2/dense_w2_1_c001_cell100_win3_pass2_val3dity.json,0,EPSG:25832,0.000000000,LoD2 reference opened only after all 18 Roofer conditions; used for scoring and figure only,0,0
cell100_win3_pass2,1.000000000,3,3.000000000,2,DEBY_LOD2_8568391,overseg_smooth.py MLS-style local plane fit and z projection on roof-top class-6 points,phases/p2-gsjso/runs/20260717_qs_cheap_refine_pilot/input/dense_w2_1_c001_classified.laz,e9acd5eb90dc42d88f13485a73fbaf8d10cff76cb5a3063f5f5bc72f51454c4a,phases/p2-gsjso/runs/20260718_qs_cheap_refine_sweep/jobs/cell100_win3_pass2/dense_w2_1_c001_cell100_win3_pass2.laz,8497224c42354a6393abfb4980b1447e8b05bb194ff83c9ee5044117cdd6a5f9,0,,,failure,pointcloud_unusable_no_points,skip,false,false,true,0,1,0.000000000,,,0,0.000000000,0.000000000,55.535699997,0.000000000,false,true,0.000000000,,,0.000000000,0,0.000000000,,0.000000000,phases/p2-gsjso/runs/20260718_qs_cheap_refine_sweep/jobs/cell100_win3_pass2/dense_w2_1_c001_cell100_win3_pass2.city.json,efa62d55a0b68575925d3ff3e05ec640ce9263a315b22bba9331a7822245befa,phases/p2-gsjso/runs/20260718_qs_cheap_refine_sweep/jobs/cell100_win3_pass2/dense_w2_1_c001_cell100_win3_pass2_val3dity.json,0,EPSG:25832,0.000000000,LoD2 reference opened only after all 18 Roofer conditions; used for scoring and figure only,0,0
cell100_win3_pass2,1.000000000,3,3.000000000,2,DEBY_LOD2_8568392,overseg_smooth.py MLS-style local plane fit and z projection on roof-top class-6 points,phases/p2-gsjso/runs/20260717_qs_cheap_refine_pilot/input/dense_w2_1_c001_classified.laz,e9acd5eb90dc42d88f13485a73fbaf8d10cff76cb5a3063f5f5bc72f51454c4a,phases/p2-gsjso/runs/20260718_qs_cheap_refine_sweep/jobs/cell100_win3_pass2/dense_w2_1_c001_cell100_win3_pass2.laz,8497224c42354a6393abfb4980b1447e8b05bb194ff83c9ee5044117cdd6a5f9,0,,,failure,pointcloud_unusable_no_points,skip,false,false,true,0,1,0.000000000,,,0,0.000000000,0.000000000,5.797516501,0.000000000,false,true,0.000000000,,,0.000000000,0,0.000000000,,0.000000000,phases/p2-gsjso/runs/20260718_qs_cheap_refine_sweep/jobs/cell100_win3_pass2/dense_w2_1_c001_cell100_win3_pass2.city.json,efa62d55a0b68575925d3ff3e05ec640ce9263a315b22bba9331a7822245befa,phases/p2-gsjso/runs/20260718_qs_cheap_refine_sweep/jobs/cell100_win3_pass2/dense_w2_1_c001_cell100_win3_pass2_val3dity.json,0,EPSG:25832,0.000000000,LoD2 reference opened only after all 18 Roofer conditions; used for scoring and figure only,0,0
