image_name,capture_time,block_id,block_start,block_end,block_image_count,definition,result_blind
DJI_20241217084239_0003_D.JPG,2024-12-17T09:42:39,capture_block_01,2024-12-17T09:42:39,2024-12-17T09:49:19,194,OPF capture time gap > 600 seconds,true
DJI_20241217084241_0004_D.JPG,2024-12-17T09:42:41,capture_block_01,2024-12-17T09:42:39,2024-12-17T09:49:19,194,OPF capture time gap > 600 seconds,true
DJI_20241217084243_0005_D.JPG,2024-12-17T09:42:43,capture_block_01,2024-12-17T09:42:39,2024-12-17T09:49:19,194,OPF capture time gap > 600 seconds,true
DJI_20241217084245_0006_D.JPG,2024-12-17T09:42:45,capture_block_01,2024-12-17T09:42:39,2024-12-17T09:49:19,194,OPF capture time gap > 600 seconds,true
DJI_20241217084247_0007_D.JPG,2024-12-17T09:42:47,capture_block_01,2024-12-17T09:42:39,2024-12-17T09:49:19,194,OPF capture time gap > 600 seconds,true
DJI_20241217084249_0008_D.JPG,2024-12-17T09:42:49,capture_block_01,2024-12-17T09:42:39,2024-12-17T09:49:19,194,OPF capture time gap > 600 seconds,true
DJI_20241217084251_0009_D.JPG,2024-12-17T09:42:51,capture_block_01,2024-12-17T09:42:39,2024-12-17T09:49:19,194,OPF capture time gap > 600 seconds,true
DJI_20241217084253_0010_D.JPG,2024-12-17T09:42:53,capture_block_01,2024-12-17T09:42:39,2024-12-17T09:49:19,194,OPF capture time gap > 600 seconds,true
DJI_20241217084255_0011_D.JPG,2024-12-17T09:42:55,capture_block_01,2024-12-17T09:42:39,2024-12-17T09:49:19,194,OPF capture time gap > 600 seconds,true
DJI_20241217084256_0012_D.JPG,2024-12-17T09:42:56,capture_block_01,2024-12-17T09:42:39,2024-12-17T09:49:19,194,OPF capture time gap > 600 seconds,true
DJI_20241217084258_0013_D.JPG,2024-12-17T09:42:58,capture_block_01,2024-12-17T09:42:39,2024-12-17T09:49:19,194,OPF capture time gap > 600 seconds,true
DJI_20241217084300_0014_D.JPG,2024-12-17T09:43:00,capture_block_01,2024-12-17T09:42:39,2024-12-17T09:49:19,194,OPF capture time gap > 600 seconds,true
DJI_20241217084302_0015_D.JPG,2024-12-17T09:43:02,capture_block_01,2024-12-17T09:42:39,2024-12-17T09:49:19,194,OPF capture time gap > 600 seconds,true
DJI_20241217084304_0016_D.JPG,2024-12-17T09:43:04,capture_block_01,2024-12-17T09:42:39,2024-12-17T09:49:19,194,OPF capture time gap > 600 seconds,true
DJI_20241217084306_0017_D.JPG,2024-12-17T09:43:06,capture_block_01,2024-12-17T09:42:39,2024-12-17T09:49:19,194,OPF capture time gap > 600 seconds,true
DJI_20241217084308_0018_D.JPG,2024-12-17T09:43:08,capture_block_01,2024-12-17T09:42:39,2024-12-17T09:49:19,194,OPF capture time gap > 600 seconds,true
DJI_20241217084310_0019_D.JPG,2024-12-17T09:43:10,capture_block_01,2024-12-17T09:42:39,2024-12-17T09:49:19,194,OPF capture time gap > 600 seconds,true
DJI_20241217084312_0020_D.JPG,2024-12-17T09:43:12,capture_block_01,2024-12-17T09:42:39,2024-12-17T09:49:19,194,OPF capture time gap > 600 seconds,true
DJI_20241217084314_0021_D.JPG,2024-12-17T09:43:14,capture_block_01,2024-12-17T09:42:39,2024-12-17T09:49:19,194,OPF capture time gap > 600 seconds,true
DJI_20241217084316_0022_D.JPG,2024-12-17T09:43:16,capture_block_01,2024-12-17T09:42:39,2024-12-17T09:49:19,194,OPF capture time gap > 600 seconds,true
DJI_20241217084318_0023_D.JPG,2024-12-17T09:43:18,capture_block_01,2024-12-17T09:42:39,2024-12-17T09:49:19,194,OPF capture time gap > 600 seconds,true
DJI_20241217084320_0024_D.JPG,2024-12-17T09:43:20,capture_block_01,2024-12-17T09:42:39,2024-12-17T09:49:19,194,OPF capture time gap > 600 seconds,true
DJI_20241217084322_0025_D.JPG,2024-12-17T09:43:22,capture_block_01,2024-12-17T09:42:39,2024-12-17T09:49:19,194,OPF capture time gap > 600 seconds,true
DJI_20241217084324_0026_D.JPG,2024-12-17T09:43:24,capture_block_01,2024-12-17T09:42:39,2024-12-17T09:49:19,194,OPF capture time gap > 600 seconds,true
DJI_20241217084340_0034_D.JPG,2024-12-17T09:43:40,capture_block_01,2024-12-17T09:42:39,2024-12-17T09:49:19,194,OPF capture time gap > 600 seconds,true
DJI_20241217084342_0035_D.JPG,2024-12-17T09:43:42,capture_block_01,2024-12-17T09:42:39,2024-12-17T09:49:19,194,OPF capture time gap > 600 seconds,true
DJI_20241217084345_0036_D.JPG,2024-12-17T09:43:45,capture_block_01,2024-12-17T09:42:39,2024-12-17T09:49:19,194,OPF capture time gap > 600 seconds,true
DJI_20241217084347_0037_D.JPG,2024-12-17T09:43:47,capture_block_01,2024-12-17T09:42:39,2024-12-17T09:49:19,194,OPF capture time gap > 600 seconds,true
DJI_20241217084349_0038_D.JPG,2024-12-17T09:43:49,capture_block_01,2024-12-17T09:42:39,2024-12-17T09:49:19,194,OPF capture time gap > 600 seconds,true
DJI_20241217084350_0039_D.JPG,2024-12-17T09:43:50,capture_block_01,2024-12-17T09:42:39,2024-12-17T09:49:19,194,OPF capture time gap > 600 seconds,true
DJI_20241217084353_0040_D.JPG,2024-12-17T09:43:53,capture_block_01,2024-12-17T09:42:39,2024-12-17T09:49:19,194,OPF capture time gap > 600 seconds,true
DJI_20241217084355_0041_D.JPG,2024-12-17T09:43:55,capture_block_01,2024-12-17T09:42:39,2024-12-17T09:49:19,194,OPF capture time gap > 600 seconds,true
DJI_20241217084357_0042_D.JPG,2024-12-17T09:43:57,capture_block_01,2024-12-17T09:42:39,2024-12-17T09:49:19,194,OPF capture time gap > 600 seconds,true
DJI_20241217084359_0043_D.JPG,2024-12-17T09:43:59,capture_block_01,2024-12-17T09:42:39,2024-12-17T09:49:19,194,OPF capture time gap > 600 seconds,true
DJI_20241217084401_0044_D.JPG,2024-12-17T09:44:01,capture_block_01,2024-12-17T09:42:39,2024-12-17T09:49:19,194,OPF capture time gap > 600 seconds,true
DJI_20241217084403_0045_D.JPG,2024-12-17T09:44:03,capture_block_01,2024-12-17T09:42:39,2024-12-17T09:49:19,194,OPF capture time gap > 600 seconds,true
DJI_20241217084405_0046_D.JPG,2024-12-17T09:44:05,capture_block_01,2024-12-17T09:42:39,2024-12-17T09:49:19,194,OPF capture time gap > 600 seconds,true
DJI_20241217084407_0047_D.JPG,2024-12-17T09:44:07,capture_block_01,2024-12-17T09:42:39,2024-12-17T09:49:19,194,OPF capture time gap > 600 seconds,true
DJI_20241217084409_0048_D.JPG,2024-12-17T09:44:09,capture_block_01,2024-12-17T09:42:39,2024-12-17T09:49:19,194,OPF capture time gap > 600 seconds,true
DJI_20241217084411_0049_D.JPG,2024-12-17T09:44:11,capture_block_01,2024-12-17T09:42:39,2024-12-17T09:49:19,194,OPF capture time gap > 600 seconds,true
DJI_20241217084413_0050_D.JPG,2024-12-17T09:44:13,capture_block_01,2024-12-17T09:42:39,2024-12-17T09:49:19,194,OPF capture time gap > 600 seconds,true
DJI_20241217084415_0051_D.JPG,2024-12-17T09:44:15,capture_block_01,2024-12-17T09:42:39,2024-12-17T09:49:19,194,OPF capture time gap > 600 seconds,true
DJI_20241217084417_0052_D.JPG,2024-12-17T09:44:17,capture_block_01,2024-12-17T09:42:39,2024-12-17T09:49:19,194,OPF capture time gap > 600 seconds,true
DJI_20241217084419_0053_D.JPG,2024-12-17T09:44:19,capture_block_01,2024-12-17T09:42:39,2024-12-17T09:49:19,194,OPF capture time gap > 600 seconds,true
DJI_20241217084421_0054_D.JPG,2024-12-17T09:44:21,capture_block_01,2024-12-17T09:42:39,2024-12-17T09:49:19,194,OPF capture time gap > 600 seconds,true
DJI_20241217084423_0055_D.JPG,2024-12-17T09:44:23,capture_block_01,2024-12-17T09:42:39,2024-12-17T09:49:19,194,OPF capture time gap > 600 seconds,true
DJI_20241217084425_0056_D.JPG,2024-12-17T09:44:25,capture_block_01,2024-12-17T09:42:39,2024-12-17T09:49:19,194,OPF capture time gap > 600 seconds,true
DJI_20241217084427_0057_D.JPG,2024-12-17T09:44:27,capture_block_01,2024-12-17T09:42:39,2024-12-17T09:49:19,194,OPF capture time gap > 600 seconds,true
DJI_20241217084429_0058_D.JPG,2024-12-17T09:44:29,capture_block_01,2024-12-17T09:42:39,2024-12-17T09:49:19,194,OPF capture time gap > 600 seconds,true
DJI_20241217084431_0059_D.JPG,2024-12-17T09:44:31,capture_block_01,2024-12-17T09:42:39,2024-12-17T09:49:19,194,OPF capture time gap > 600 seconds,true
DJI_20241217084433_0060_D.JPG,2024-12-17T09:44:33,capture_block_01,2024-12-17T09:42:39,2024-12-17T09:49:19,194,OPF capture time gap > 600 seconds,true
DJI_20241217084435_0061_D.JPG,2024-12-17T09:44:35,capture_block_01,2024-12-17T09:42:39,2024-12-17T09:49:19,194,OPF capture time gap > 600 seconds,true
DJI_20241217084437_0062_D.JPG,2024-12-17T09:44:37,capture_block_01,2024-12-17T09:42:39,2024-12-17T09:49:19,194,OPF capture time gap > 600 seconds,true
DJI_20241217084439_0063_D.JPG,2024-12-17T09:44:39,capture_block_01,2024-12-17T09:42:39,2024-12-17T09:49:19,194,OPF capture time gap > 600 seconds,true
DJI_20241217084441_0064_D.JPG,2024-12-17T09:44:41,capture_block_01,2024-12-17T09:42:39,2024-12-17T09:49:19,194,OPF capture time gap > 600 seconds,true
DJI_20241217084443_0065_D.JPG,2024-12-17T09:44:43,capture_block_01,2024-12-17T09:42:39,2024-12-17T09:49:19,194,OPF capture time gap > 600 seconds,true
DJI_20241217084445_0066_D.JPG,2024-12-17T09:44:45,capture_block_01,2024-12-17T09:42:39,2024-12-17T09:49:19,194,OPF capture time gap > 600 seconds,true
DJI_20241217084447_0067_D.JPG,2024-12-17T09:44:47,capture_block_01,2024-12-17T09:42:39,2024-12-17T09:49:19,194,OPF capture time gap > 600 seconds,true
DJI_20241217084449_0068_D.JPG,2024-12-17T09:44:49,capture_block_01,2024-12-17T09:42:39,2024-12-17T09:49:19,194,OPF capture time gap > 600 seconds,true
DJI_20241217084451_0069_D.JPG,2024-12-17T09:44:51,capture_block_01,2024-12-17T09:42:39,2024-12-17T09:49:19,194,OPF capture time gap > 600 seconds,true
DJI_20241217084453_0070_D.JPG,2024-12-17T09:44:53,capture_block_01,2024-12-17T09:42:39,2024-12-17T09:49:19,194,OPF capture time gap > 600 seconds,true
DJI_20241217084455_0071_D.JPG,2024-12-17T09:44:55,capture_block_01,2024-12-17T09:42:39,2024-12-17T09:49:19,194,OPF capture time gap > 600 seconds,true
DJI_20241217084457_0072_D.JPG,2024-12-17T09:44:57,capture_block_01,2024-12-17T09:42:39,2024-12-17T09:49:19,194,OPF capture time gap > 600 seconds,true
DJI_20241217084459_0073_D.JPG,2024-12-17T09:44:59,capture_block_01,2024-12-17T09:42:39,2024-12-17T09:49:19,194,OPF capture time gap > 600 seconds,true
DJI_20241217084501_0074_D.JPG,2024-12-17T09:45:01,capture_block_01,2024-12-17T09:42:39,2024-12-17T09:49:19,194,OPF capture time gap > 600 seconds,true
DJI_20241217084503_0075_D.JPG,2024-12-17T09:45:03,capture_block_01,2024-12-17T09:42:39,2024-12-17T09:49:19,194,OPF capture time gap > 600 seconds,true
DJI_20241217084505_0076_D.JPG,2024-12-17T09:45:05,capture_block_01,2024-12-17T09:42:39,2024-12-17T09:49:19,194,OPF capture time gap > 600 seconds,true
DJI_20241217084507_0077_D.JPG,2024-12-17T09:45:07,capture_block_01,2024-12-17T09:42:39,2024-12-17T09:49:19,194,OPF capture time gap > 600 seconds,true
DJI_20241217084509_0078_D.JPG,2024-12-17T09:45:09,capture_block_01,2024-12-17T09:42:39,2024-12-17T09:49:19,194,OPF capture time gap > 600 seconds,true
DJI_20241217084511_0079_D.JPG,2024-12-17T09:45:11,capture_block_01,2024-12-17T09:42:39,2024-12-17T09:49:19,194,OPF capture time gap > 600 seconds,true
DJI_20241217084513_0080_D.JPG,2024-12-17T09:45:13,capture_block_01,2024-12-17T09:42:39,2024-12-17T09:49:19,194,OPF capture time gap > 600 seconds,true
DJI_20241217084515_0081_D.JPG,2024-12-17T09:45:15,capture_block_01,2024-12-17T09:42:39,2024-12-17T09:49:19,194,OPF capture time gap > 600 seconds,true
DJI_20241217084517_0082_D.JPG,2024-12-17T09:45:17,capture_block_01,2024-12-17T09:42:39,2024-12-17T09:49:19,194,OPF capture time gap > 600 seconds,true
DJI_20241217084519_0083_D.JPG,2024-12-17T09:45:19,capture_block_01,2024-12-17T09:42:39,2024-12-17T09:49:19,194,OPF capture time gap > 600 seconds,true
DJI_20241217084521_0084_D.JPG,2024-12-17T09:45:21,capture_block_01,2024-12-17T09:42:39,2024-12-17T09:49:19,194,OPF capture time gap > 600 seconds,true
DJI_20241217084523_0085_D.JPG,2024-12-17T09:45:23,capture_block_01,2024-12-17T09:42:39,2024-12-17T09:49:19,194,OPF capture time gap > 600 seconds,true
DJI_20241217084525_0086_D.JPG,2024-12-17T09:45:25,capture_block_01,2024-12-17T09:42:39,2024-12-17T09:49:19,194,OPF capture time gap > 600 seconds,true
DJI_20241217084527_0087_D.JPG,2024-12-17T09:45:27,capture_block_01,2024-12-17T09:42:39,2024-12-17T09:49:19,194,OPF capture time gap > 600 seconds,true
DJI_20241217084529_0088_D.JPG,2024-12-17T09:45:29,capture_block_01,2024-12-17T09:42:39,2024-12-17T09:49:19,194,OPF capture time gap > 600 seconds,true
DJI_20241217084531_0089_D.JPG,2024-12-17T09:45:31,capture_block_01,2024-12-17T09:42:39,2024-12-17T09:49:19,194,OPF capture time gap > 600 seconds,true
DJI_20241217084533_0090_D.JPG,2024-12-17T09:45:33,capture_block_01,2024-12-17T09:42:39,2024-12-17T09:49:19,194,OPF capture time gap > 600 seconds,true
DJI_20241217084535_0091_D.JPG,2024-12-17T09:45:35,capture_block_01,2024-12-17T09:42:39,2024-12-17T09:49:19,194,OPF capture time gap > 600 seconds,true
DJI_20241217084537_0092_D.JPG,2024-12-17T09:45:37,capture_block_01,2024-12-17T09:42:39,2024-12-17T09:49:19,194,OPF capture time gap > 600 seconds,true
DJI_20241217084539_0093_D.JPG,2024-12-17T09:45:39,capture_block_01,2024-12-17T09:42:39,2024-12-17T09:49:19,194,OPF capture time gap > 600 seconds,true
DJI_20241217084541_0094_D.JPG,2024-12-17T09:45:41,capture_block_01,2024-12-17T09:42:39,2024-12-17T09:49:19,194,OPF capture time gap > 600 seconds,true
DJI_20241217084543_0095_D.JPG,2024-12-17T09:45:43,capture_block_01,2024-12-17T09:42:39,2024-12-17T09:49:19,194,OPF capture time gap > 600 seconds,true
DJI_20241217084545_0096_D.JPG,2024-12-17T09:45:45,capture_block_01,2024-12-17T09:42:39,2024-12-17T09:49:19,194,OPF capture time gap > 600 seconds,true
DJI_20241217084547_0097_D.JPG,2024-12-17T09:45:47,capture_block_01,2024-12-17T09:42:39,2024-12-17T09:49:19,194,OPF capture time gap > 600 seconds,true
DJI_20241217084549_0098_D.JPG,2024-12-17T09:45:49,capture_block_01,2024-12-17T09:42:39,2024-12-17T09:49:19,194,OPF capture time gap > 600 seconds,true
DJI_20241217084551_0099_D.JPG,2024-12-17T09:45:51,capture_block_01,2024-12-17T09:42:39,2024-12-17T09:49:19,194,OPF capture time gap > 600 seconds,true
DJI_20241217084553_0100_D.JPG,2024-12-17T09:45:53,capture_block_01,2024-12-17T09:42:39,2024-12-17T09:49:19,194,OPF capture time gap > 600 seconds,true
DJI_20241217084555_0101_D.JPG,2024-12-17T09:45:55,capture_block_01,2024-12-17T09:42:39,2024-12-17T09:49:19,194,OPF capture time gap > 600 seconds,true
DJI_20241217084557_0102_D.JPG,2024-12-17T09:45:57,capture_block_01,2024-12-17T09:42:39,2024-12-17T09:49:19,194,OPF capture time gap > 600 seconds,true
DJI_20241217084559_0103_D.JPG,2024-12-17T09:45:59,capture_block_01,2024-12-17T09:42:39,2024-12-17T09:49:19,194,OPF capture time gap > 600 seconds,true
DJI_20241217084601_0104_D.JPG,2024-12-17T09:46:01,capture_block_01,2024-12-17T09:42:39,2024-12-17T09:49:19,194,OPF capture time gap > 600 seconds,true
DJI_20241217084603_0105_D.JPG,2024-12-17T09:46:03,capture_block_01,2024-12-17T09:42:39,2024-12-17T09:49:19,194,OPF capture time gap > 600 seconds,true
DJI_20241217084605_0106_D.JPG,2024-12-17T09:46:05,capture_block_01,2024-12-17T09:42:39,2024-12-17T09:49:19,194,OPF capture time gap > 600 seconds,true
DJI_20241217084607_0107_D.JPG,2024-12-17T09:46:07,capture_block_01,2024-12-17T09:42:39,2024-12-17T09:49:19,194,OPF capture time gap > 600 seconds,true
DJI_20241217084609_0108_D.JPG,2024-12-17T09:46:09,capture_block_01,2024-12-17T09:42:39,2024-12-17T09:49:19,194,OPF capture time gap > 600 seconds,true
DJI_20241217084611_0109_D.JPG,2024-12-17T09:46:11,capture_block_01,2024-12-17T09:42:39,2024-12-17T09:49:19,194,OPF capture time gap > 600 seconds,true
DJI_20241217084613_0110_D.JPG,2024-12-17T09:46:13,capture_block_01,2024-12-17T09:42:39,2024-12-17T09:49:19,194,OPF capture time gap > 600 seconds,true
DJI_20241217084615_0111_D.JPG,2024-12-17T09:46:15,capture_block_01,2024-12-17T09:42:39,2024-12-17T09:49:19,194,OPF capture time gap > 600 seconds,true
DJI_20241217084617_0112_D.JPG,2024-12-17T09:46:17,capture_block_01,2024-12-17T09:42:39,2024-12-17T09:49:19,194,OPF capture time gap > 600 seconds,true
DJI_20241217084619_0113_D.JPG,2024-12-17T09:46:19,capture_block_01,2024-12-17T09:42:39,2024-12-17T09:49:19,194,OPF capture time gap > 600 seconds,true
DJI_20241217084621_0114_D.JPG,2024-12-17T09:46:21,capture_block_01,2024-12-17T09:42:39,2024-12-17T09:49:19,194,OPF capture time gap > 600 seconds,true
DJI_20241217084623_0115_D.JPG,2024-12-17T09:46:23,capture_block_01,2024-12-17T09:42:39,2024-12-17T09:49:19,194,OPF capture time gap > 600 seconds,true
DJI_20241217084625_0116_D.JPG,2024-12-17T09:46:25,capture_block_01,2024-12-17T09:42:39,2024-12-17T09:49:19,194,OPF capture time gap > 600 seconds,true
DJI_20241217084627_0117_D.JPG,2024-12-17T09:46:27,capture_block_01,2024-12-17T09:42:39,2024-12-17T09:49:19,194,OPF capture time gap > 600 seconds,true
DJI_20241217084629_0118_D.JPG,2024-12-17T09:46:29,capture_block_01,2024-12-17T09:42:39,2024-12-17T09:49:19,194,OPF capture time gap > 600 seconds,true
DJI_20241217084631_0119_D.JPG,2024-12-17T09:46:31,capture_block_01,2024-12-17T09:42:39,2024-12-17T09:49:19,194,OPF capture time gap > 600 seconds,true
DJI_20241217084633_0120_D.JPG,2024-12-17T09:46:33,capture_block_01,2024-12-17T09:42:39,2024-12-17T09:49:19,194,OPF capture time gap > 600 seconds,true
DJI_20241217084635_0121_D.JPG,2024-12-17T09:46:35,capture_block_01,2024-12-17T09:42:39,2024-12-17T09:49:19,194,OPF capture time gap > 600 seconds,true
DJI_20241217084637_0122_D.JPG,2024-12-17T09:46:37,capture_block_01,2024-12-17T09:42:39,2024-12-17T09:49:19,194,OPF capture time gap > 600 seconds,true
DJI_20241217084639_0123_D.JPG,2024-12-17T09:46:39,capture_block_01,2024-12-17T09:42:39,2024-12-17T09:49:19,194,OPF capture time gap > 600 seconds,true
DJI_20241217084641_0124_D.JPG,2024-12-17T09:46:41,capture_block_01,2024-12-17T09:42:39,2024-12-17T09:49:19,194,OPF capture time gap > 600 seconds,true
DJI_20241217084643_0125_D.JPG,2024-12-17T09:46:43,capture_block_01,2024-12-17T09:42:39,2024-12-17T09:49:19,194,OPF capture time gap > 600 seconds,true
DJI_20241217084645_0126_D.JPG,2024-12-17T09:46:45,capture_block_01,2024-12-17T09:42:39,2024-12-17T09:49:19,194,OPF capture time gap > 600 seconds,true
DJI_20241217084647_0127_D.JPG,2024-12-17T09:46:47,capture_block_01,2024-12-17T09:42:39,2024-12-17T09:49:19,194,OPF capture time gap > 600 seconds,true
DJI_20241217084649_0128_D.JPG,2024-12-17T09:46:49,capture_block_01,2024-12-17T09:42:39,2024-12-17T09:49:19,194,OPF capture time gap > 600 seconds,true
DJI_20241217084651_0129_D.JPG,2024-12-17T09:46:51,capture_block_01,2024-12-17T09:42:39,2024-12-17T09:49:19,194,OPF capture time gap > 600 seconds,true
DJI_20241217084653_0130_D.JPG,2024-12-17T09:46:53,capture_block_01,2024-12-17T09:42:39,2024-12-17T09:49:19,194,OPF capture time gap > 600 seconds,true
DJI_20241217084655_0131_D.JPG,2024-12-17T09:46:55,capture_block_01,2024-12-17T09:42:39,2024-12-17T09:49:19,194,OPF capture time gap > 600 seconds,true
DJI_20241217084657_0132_D.JPG,2024-12-17T09:46:57,capture_block_01,2024-12-17T09:42:39,2024-12-17T09:49:19,194,OPF capture time gap > 600 seconds,true
DJI_20241217084659_0133_D.JPG,2024-12-17T09:46:59,capture_block_01,2024-12-17T09:42:39,2024-12-17T09:49:19,194,OPF capture time gap > 600 seconds,true
DJI_20241217084701_0134_D.JPG,2024-12-17T09:47:01,capture_block_01,2024-12-17T09:42:39,2024-12-17T09:49:19,194,OPF capture time gap > 600 seconds,true
DJI_20241217084703_0135_D.JPG,2024-12-17T09:47:03,capture_block_01,2024-12-17T09:42:39,2024-12-17T09:49:19,194,OPF capture time gap > 600 seconds,true
DJI_20241217084705_0136_D.JPG,2024-12-17T09:47:05,capture_block_01,2024-12-17T09:42:39,2024-12-17T09:49:19,194,OPF capture time gap > 600 seconds,true
DJI_20241217084707_0137_D.JPG,2024-12-17T09:47:07,capture_block_01,2024-12-17T09:42:39,2024-12-17T09:49:19,194,OPF capture time gap > 600 seconds,true
DJI_20241217084709_0138_D.JPG,2024-12-17T09:47:09,capture_block_01,2024-12-17T09:42:39,2024-12-17T09:49:19,194,OPF capture time gap > 600 seconds,true
DJI_20241217084711_0139_D.JPG,2024-12-17T09:47:11,capture_block_01,2024-12-17T09:42:39,2024-12-17T09:49:19,194,OPF capture time gap > 600 seconds,true
DJI_20241217084713_0140_D.JPG,2024-12-17T09:47:13,capture_block_01,2024-12-17T09:42:39,2024-12-17T09:49:19,194,OPF capture time gap > 600 seconds,true
DJI_20241217084715_0141_D.JPG,2024-12-17T09:47:15,capture_block_01,2024-12-17T09:42:39,2024-12-17T09:49:19,194,OPF capture time gap > 600 seconds,true
DJI_20241217084717_0142_D.JPG,2024-12-17T09:47:17,capture_block_01,2024-12-17T09:42:39,2024-12-17T09:49:19,194,OPF capture time gap > 600 seconds,true
DJI_20241217084719_0143_D.JPG,2024-12-17T09:47:19,capture_block_01,2024-12-17T09:42:39,2024-12-17T09:49:19,194,OPF capture time gap > 600 seconds,true
DJI_20241217084721_0144_D.JPG,2024-12-17T09:47:21,capture_block_01,2024-12-17T09:42:39,2024-12-17T09:49:19,194,OPF capture time gap > 600 seconds,true
DJI_20241217084723_0145_D.JPG,2024-12-17T09:47:23,capture_block_01,2024-12-17T09:42:39,2024-12-17T09:49:19,194,OPF capture time gap > 600 seconds,true
DJI_20241217084725_0146_D.JPG,2024-12-17T09:47:25,capture_block_01,2024-12-17T09:42:39,2024-12-17T09:49:19,194,OPF capture time gap > 600 seconds,true
DJI_20241217084727_0147_D.JPG,2024-12-17T09:47:27,capture_block_01,2024-12-17T09:42:39,2024-12-17T09:49:19,194,OPF capture time gap > 600 seconds,true
DJI_20241217084729_0148_D.JPG,2024-12-17T09:47:29,capture_block_01,2024-12-17T09:42:39,2024-12-17T09:49:19,194,OPF capture time gap > 600 seconds,true
DJI_20241217084731_0149_D.JPG,2024-12-17T09:47:31,capture_block_01,2024-12-17T09:42:39,2024-12-17T09:49:19,194,OPF capture time gap > 600 seconds,true
DJI_20241217084733_0150_D.JPG,2024-12-17T09:47:33,capture_block_01,2024-12-17T09:42:39,2024-12-17T09:49:19,194,OPF capture time gap > 600 seconds,true
DJI_20241217084735_0151_D.JPG,2024-12-17T09:47:35,capture_block_01,2024-12-17T09:42:39,2024-12-17T09:49:19,194,OPF capture time gap > 600 seconds,true
DJI_20241217084737_0152_D.JPG,2024-12-17T09:47:37,capture_block_01,2024-12-17T09:42:39,2024-12-17T09:49:19,194,OPF capture time gap > 600 seconds,true
DJI_20241217084739_0153_D.JPG,2024-12-17T09:47:39,capture_block_01,2024-12-17T09:42:39,2024-12-17T09:49:19,194,OPF capture time gap > 600 seconds,true
DJI_20241217084741_0154_D.JPG,2024-12-17T09:47:41,capture_block_01,2024-12-17T09:42:39,2024-12-17T09:49:19,194,OPF capture time gap > 600 seconds,true
DJI_20241217084743_0155_D.JPG,2024-12-17T09:47:43,capture_block_01,2024-12-17T09:42:39,2024-12-17T09:49:19,194,OPF capture time gap > 600 seconds,true
DJI_20241217084745_0156_D.JPG,2024-12-17T09:47:45,capture_block_01,2024-12-17T09:42:39,2024-12-17T09:49:19,194,OPF capture time gap > 600 seconds,true
DJI_20241217084747_0157_D.JPG,2024-12-17T09:47:47,capture_block_01,2024-12-17T09:42:39,2024-12-17T09:49:19,194,OPF capture time gap > 600 seconds,true
DJI_20241217084749_0158_D.JPG,2024-12-17T09:47:49,capture_block_01,2024-12-17T09:42:39,2024-12-17T09:49:19,194,OPF capture time gap > 600 seconds,true
DJI_20241217084751_0159_D.JPG,2024-12-17T09:47:51,capture_block_01,2024-12-17T09:42:39,2024-12-17T09:49:19,194,OPF capture time gap > 600 seconds,true
DJI_20241217084753_0160_D.JPG,2024-12-17T09:47:53,capture_block_01,2024-12-17T09:42:39,2024-12-17T09:49:19,194,OPF capture time gap > 600 seconds,true
DJI_20241217084755_0161_D.JPG,2024-12-17T09:47:55,capture_block_01,2024-12-17T09:42:39,2024-12-17T09:49:19,194,OPF capture time gap > 600 seconds,true
DJI_20241217084757_0162_D.JPG,2024-12-17T09:47:57,capture_block_01,2024-12-17T09:42:39,2024-12-17T09:49:19,194,OPF capture time gap > 600 seconds,true
DJI_20241217084759_0163_D.JPG,2024-12-17T09:47:59,capture_block_01,2024-12-17T09:42:39,2024-12-17T09:49:19,194,OPF capture time gap > 600 seconds,true
DJI_20241217084801_0164_D.JPG,2024-12-17T09:48:01,capture_block_01,2024-12-17T09:42:39,2024-12-17T09:49:19,194,OPF capture time gap > 600 seconds,true
DJI_20241217084803_0165_D.JPG,2024-12-17T09:48:03,capture_block_01,2024-12-17T09:42:39,2024-12-17T09:49:19,194,OPF capture time gap > 600 seconds,true
DJI_20241217084805_0166_D.JPG,2024-12-17T09:48:05,capture_block_01,2024-12-17T09:42:39,2024-12-17T09:49:19,194,OPF capture time gap > 600 seconds,true
DJI_20241217084807_0167_D.JPG,2024-12-17T09:48:07,capture_block_01,2024-12-17T09:42:39,2024-12-17T09:49:19,194,OPF capture time gap > 600 seconds,true
DJI_20241217084809_0168_D.JPG,2024-12-17T09:48:09,capture_block_01,2024-12-17T09:42:39,2024-12-17T09:49:19,194,OPF capture time gap > 600 seconds,true
DJI_20241217084811_0169_D.JPG,2024-12-17T09:48:11,capture_block_01,2024-12-17T09:42:39,2024-12-17T09:49:19,194,OPF capture time gap > 600 seconds,true
DJI_20241217084813_0170_D.JPG,2024-12-17T09:48:13,capture_block_01,2024-12-17T09:42:39,2024-12-17T09:49:19,194,OPF capture time gap > 600 seconds,true
DJI_20241217084815_0171_D.JPG,2024-12-17T09:48:15,capture_block_01,2024-12-17T09:42:39,2024-12-17T09:49:19,194,OPF capture time gap > 600 seconds,true
DJI_20241217084817_0172_D.JPG,2024-12-17T09:48:17,capture_block_01,2024-12-17T09:42:39,2024-12-17T09:49:19,194,OPF capture time gap > 600 seconds,true
DJI_20241217084819_0173_D.JPG,2024-12-17T09:48:19,capture_block_01,2024-12-17T09:42:39,2024-12-17T09:49:19,194,OPF capture time gap > 600 seconds,true
DJI_20241217084821_0174_D.JPG,2024-12-17T09:48:21,capture_block_01,2024-12-17T09:42:39,2024-12-17T09:49:19,194,OPF capture time gap > 600 seconds,true
DJI_20241217084823_0175_D.JPG,2024-12-17T09:48:23,capture_block_01,2024-12-17T09:42:39,2024-12-17T09:49:19,194,OPF capture time gap > 600 seconds,true
DJI_20241217084825_0176_D.JPG,2024-12-17T09:48:25,capture_block_01,2024-12-17T09:42:39,2024-12-17T09:49:19,194,OPF capture time gap > 600 seconds,true
DJI_20241217084827_0177_D.JPG,2024-12-17T09:48:27,capture_block_01,2024-12-17T09:42:39,2024-12-17T09:49:19,194,OPF capture time gap > 600 seconds,true
DJI_20241217084829_0178_D.JPG,2024-12-17T09:48:29,capture_block_01,2024-12-17T09:42:39,2024-12-17T09:49:19,194,OPF capture time gap > 600 seconds,true
DJI_20241217084831_0179_D.JPG,2024-12-17T09:48:31,capture_block_01,2024-12-17T09:42:39,2024-12-17T09:49:19,194,OPF capture time gap > 600 seconds,true
DJI_20241217084833_0180_D.JPG,2024-12-17T09:48:33,capture_block_01,2024-12-17T09:42:39,2024-12-17T09:49:19,194,OPF capture time gap > 600 seconds,true
DJI_20241217084835_0181_D.JPG,2024-12-17T09:48:35,capture_block_01,2024-12-17T09:42:39,2024-12-17T09:49:19,194,OPF capture time gap > 600 seconds,true
DJI_20241217084837_0182_D.JPG,2024-12-17T09:48:37,capture_block_01,2024-12-17T09:42:39,2024-12-17T09:49:19,194,OPF capture time gap > 600 seconds,true
DJI_20241217084839_0183_D.JPG,2024-12-17T09:48:39,capture_block_01,2024-12-17T09:42:39,2024-12-17T09:49:19,194,OPF capture time gap > 600 seconds,true
DJI_20241217084841_0184_D.JPG,2024-12-17T09:48:41,capture_block_01,2024-12-17T09:42:39,2024-12-17T09:49:19,194,OPF capture time gap > 600 seconds,true
DJI_20241217084843_0185_D.JPG,2024-12-17T09:48:43,capture_block_01,2024-12-17T09:42:39,2024-12-17T09:49:19,194,OPF capture time gap > 600 seconds,true
DJI_20241217084845_0186_D.JPG,2024-12-17T09:48:45,capture_block_01,2024-12-17T09:42:39,2024-12-17T09:49:19,194,OPF capture time gap > 600 seconds,true
DJI_20241217084847_0187_D.JPG,2024-12-17T09:48:47,capture_block_01,2024-12-17T09:42:39,2024-12-17T09:49:19,194,OPF capture time gap > 600 seconds,true
DJI_20241217084849_0188_D.JPG,2024-12-17T09:48:49,capture_block_01,2024-12-17T09:42:39,2024-12-17T09:49:19,194,OPF capture time gap > 600 seconds,true
DJI_20241217084851_0189_D.JPG,2024-12-17T09:48:51,capture_block_01,2024-12-17T09:42:39,2024-12-17T09:49:19,194,OPF capture time gap > 600 seconds,true
DJI_20241217084853_0190_D.JPG,2024-12-17T09:48:53,capture_block_01,2024-12-17T09:42:39,2024-12-17T09:49:19,194,OPF capture time gap > 600 seconds,true
DJI_20241217084855_0191_D.JPG,2024-12-17T09:48:55,capture_block_01,2024-12-17T09:42:39,2024-12-17T09:49:19,194,OPF capture time gap > 600 seconds,true
DJI_20241217084857_0192_D.JPG,2024-12-17T09:48:57,capture_block_01,2024-12-17T09:42:39,2024-12-17T09:49:19,194,OPF capture time gap > 600 seconds,true
DJI_20241217084859_0193_D.JPG,2024-12-17T09:48:59,capture_block_01,2024-12-17T09:42:39,2024-12-17T09:49:19,194,OPF capture time gap > 600 seconds,true
DJI_20241217084901_0194_D.JPG,2024-12-17T09:49:01,capture_block_01,2024-12-17T09:42:39,2024-12-17T09:49:19,194,OPF capture time gap > 600 seconds,true
DJI_20241217084903_0195_D.JPG,2024-12-17T09:49:03,capture_block_01,2024-12-17T09:42:39,2024-12-17T09:49:19,194,OPF capture time gap > 600 seconds,true
DJI_20241217084905_0196_D.JPG,2024-12-17T09:49:05,capture_block_01,2024-12-17T09:42:39,2024-12-17T09:49:19,194,OPF capture time gap > 600 seconds,true
DJI_20241217084907_0197_D.JPG,2024-12-17T09:49:07,capture_block_01,2024-12-17T09:42:39,2024-12-17T09:49:19,194,OPF capture time gap > 600 seconds,true
DJI_20241217084909_0198_D.JPG,2024-12-17T09:49:09,capture_block_01,2024-12-17T09:42:39,2024-12-17T09:49:19,194,OPF capture time gap > 600 seconds,true
DJI_20241217084911_0199_D.JPG,2024-12-17T09:49:11,capture_block_01,2024-12-17T09:42:39,2024-12-17T09:49:19,194,OPF capture time gap > 600 seconds,true
DJI_20241217084913_0200_D.JPG,2024-12-17T09:49:13,capture_block_01,2024-12-17T09:42:39,2024-12-17T09:49:19,194,OPF capture time gap > 600 seconds,true
DJI_20241217084915_0201_D.JPG,2024-12-17T09:49:15,capture_block_01,2024-12-17T09:42:39,2024-12-17T09:49:19,194,OPF capture time gap > 600 seconds,true
DJI_20241217084917_0202_D.JPG,2024-12-17T09:49:17,capture_block_01,2024-12-17T09:42:39,2024-12-17T09:49:19,194,OPF capture time gap > 600 seconds,true
DJI_20241217084919_0203_D.JPG,2024-12-17T09:49:19,capture_block_01,2024-12-17T09:42:39,2024-12-17T09:49:19,194,OPF capture time gap > 600 seconds,true
DJI_20241217090805_0005_D.JPG,2024-12-17T10:08:05,capture_block_02,2024-12-17T10:08:05,2024-12-17T10:13:00,147,OPF capture time gap > 600 seconds,true
DJI_20241217090807_0006_D.JPG,2024-12-17T10:08:07,capture_block_02,2024-12-17T10:08:05,2024-12-17T10:13:00,147,OPF capture time gap > 600 seconds,true
DJI_20241217090809_0007_D.JPG,2024-12-17T10:08:09,capture_block_02,2024-12-17T10:08:05,2024-12-17T10:13:00,147,OPF capture time gap > 600 seconds,true
DJI_20241217090811_0008_D.JPG,2024-12-17T10:08:11,capture_block_02,2024-12-17T10:08:05,2024-12-17T10:13:00,147,OPF capture time gap > 600 seconds,true
DJI_20241217090813_0009_D.JPG,2024-12-17T10:08:13,capture_block_02,2024-12-17T10:08:05,2024-12-17T10:13:00,147,OPF capture time gap > 600 seconds,true
DJI_20241217090815_0010_D.JPG,2024-12-17T10:08:15,capture_block_02,2024-12-17T10:08:05,2024-12-17T10:13:00,147,OPF capture time gap > 600 seconds,true
DJI_20241217090817_0011_D.JPG,2024-12-17T10:08:17,capture_block_02,2024-12-17T10:08:05,2024-12-17T10:13:00,147,OPF capture time gap > 600 seconds,true
DJI_20241217090821_0013_D.JPG,2024-12-17T10:08:21,capture_block_02,2024-12-17T10:08:05,2024-12-17T10:13:00,147,OPF capture time gap > 600 seconds,true
DJI_20241217090823_0014_D.JPG,2024-12-17T10:08:23,capture_block_02,2024-12-17T10:08:05,2024-12-17T10:13:00,147,OPF capture time gap > 600 seconds,true
DJI_20241217090825_0015_D.JPG,2024-12-17T10:08:25,capture_block_02,2024-12-17T10:08:05,2024-12-17T10:13:00,147,OPF capture time gap > 600 seconds,true
DJI_20241217090827_0016_D.JPG,2024-12-17T10:08:27,capture_block_02,2024-12-17T10:08:05,2024-12-17T10:13:00,147,OPF capture time gap > 600 seconds,true
DJI_20241217090829_0017_D.JPG,2024-12-17T10:08:29,capture_block_02,2024-12-17T10:08:05,2024-12-17T10:13:00,147,OPF capture time gap > 600 seconds,true
DJI_20241217090831_0018_D.JPG,2024-12-17T10:08:31,capture_block_02,2024-12-17T10:08:05,2024-12-17T10:13:00,147,OPF capture time gap > 600 seconds,true
DJI_20241217090833_0019_D.JPG,2024-12-17T10:08:33,capture_block_02,2024-12-17T10:08:05,2024-12-17T10:13:00,147,OPF capture time gap > 600 seconds,true
DJI_20241217090835_0020_D.JPG,2024-12-17T10:08:35,capture_block_02,2024-12-17T10:08:05,2024-12-17T10:13:00,147,OPF capture time gap > 600 seconds,true
DJI_20241217090837_0021_D.JPG,2024-12-17T10:08:37,capture_block_02,2024-12-17T10:08:05,2024-12-17T10:13:00,147,OPF capture time gap > 600 seconds,true
DJI_20241217090839_0022_D.JPG,2024-12-17T10:08:39,capture_block_02,2024-12-17T10:08:05,2024-12-17T10:13:00,147,OPF capture time gap > 600 seconds,true
DJI_20241217090841_0023_D.JPG,2024-12-17T10:08:41,capture_block_02,2024-12-17T10:08:05,2024-12-17T10:13:00,147,OPF capture time gap > 600 seconds,true
DJI_20241217090843_0024_D.JPG,2024-12-17T10:08:43,capture_block_02,2024-12-17T10:08:05,2024-12-17T10:13:00,147,OPF capture time gap > 600 seconds,true
DJI_20241217090845_0025_D.JPG,2024-12-17T10:08:45,capture_block_02,2024-12-17T10:08:05,2024-12-17T10:13:00,147,OPF capture time gap > 600 seconds,true
DJI_20241217090847_0026_D.JPG,2024-12-17T10:08:47,capture_block_02,2024-12-17T10:08:05,2024-12-17T10:13:00,147,OPF capture time gap > 600 seconds,true
DJI_20241217090849_0027_D.JPG,2024-12-17T10:08:49,capture_block_02,2024-12-17T10:08:05,2024-12-17T10:13:00,147,OPF capture time gap > 600 seconds,true
DJI_20241217090851_0028_D.JPG,2024-12-17T10:08:51,capture_block_02,2024-12-17T10:08:05,2024-12-17T10:13:00,147,OPF capture time gap > 600 seconds,true
DJI_20241217090853_0029_D.JPG,2024-12-17T10:08:53,capture_block_02,2024-12-17T10:08:05,2024-12-17T10:13:00,147,OPF capture time gap > 600 seconds,true
DJI_20241217090855_0030_D.JPG,2024-12-17T10:08:55,capture_block_02,2024-12-17T10:08:05,2024-12-17T10:13:00,147,OPF capture time gap > 600 seconds,true
DJI_20241217090857_0031_D.JPG,2024-12-17T10:08:57,capture_block_02,2024-12-17T10:08:05,2024-12-17T10:13:00,147,OPF capture time gap > 600 seconds,true
DJI_20241217090859_0032_D.JPG,2024-12-17T10:08:59,capture_block_02,2024-12-17T10:08:05,2024-12-17T10:13:00,147,OPF capture time gap > 600 seconds,true
DJI_20241217090901_0033_D.JPG,2024-12-17T10:09:01,capture_block_02,2024-12-17T10:08:05,2024-12-17T10:13:00,147,OPF capture time gap > 600 seconds,true
DJI_20241217090903_0034_D.JPG,2024-12-17T10:09:03,capture_block_02,2024-12-17T10:08:05,2024-12-17T10:13:00,147,OPF capture time gap > 600 seconds,true
DJI_20241217090905_0035_D.JPG,2024-12-17T10:09:05,capture_block_02,2024-12-17T10:08:05,2024-12-17T10:13:00,147,OPF capture time gap > 600 seconds,true
DJI_20241217090907_0036_D.JPG,2024-12-17T10:09:07,capture_block_02,2024-12-17T10:08:05,2024-12-17T10:13:00,147,OPF capture time gap > 600 seconds,true
DJI_20241217090909_0037_D.JPG,2024-12-17T10:09:09,capture_block_02,2024-12-17T10:08:05,2024-12-17T10:13:00,147,OPF capture time gap > 600 seconds,true
DJI_20241217090911_0038_D.JPG,2024-12-17T10:09:11,capture_block_02,2024-12-17T10:08:05,2024-12-17T10:13:00,147,OPF capture time gap > 600 seconds,true
DJI_20241217090913_0039_D.JPG,2024-12-17T10:09:13,capture_block_02,2024-12-17T10:08:05,2024-12-17T10:13:00,147,OPF capture time gap > 600 seconds,true
DJI_20241217090915_0040_D.JPG,2024-12-17T10:09:15,capture_block_02,2024-12-17T10:08:05,2024-12-17T10:13:00,147,OPF capture time gap > 600 seconds,true
DJI_20241217090917_0041_D.JPG,2024-12-17T10:09:17,capture_block_02,2024-12-17T10:08:05,2024-12-17T10:13:00,147,OPF capture time gap > 600 seconds,true
DJI_20241217090919_0042_D.JPG,2024-12-17T10:09:19,capture_block_02,2024-12-17T10:08:05,2024-12-17T10:13:00,147,OPF capture time gap > 600 seconds,true
DJI_20241217090921_0043_D.JPG,2024-12-17T10:09:21,capture_block_02,2024-12-17T10:08:05,2024-12-17T10:13:00,147,OPF capture time gap > 600 seconds,true
DJI_20241217090923_0044_D.JPG,2024-12-17T10:09:23,capture_block_02,2024-12-17T10:08:05,2024-12-17T10:13:00,147,OPF capture time gap > 600 seconds,true
DJI_20241217090925_0045_D.JPG,2024-12-17T10:09:25,capture_block_02,2024-12-17T10:08:05,2024-12-17T10:13:00,147,OPF capture time gap > 600 seconds,true
DJI_20241217090927_0046_D.JPG,2024-12-17T10:09:27,capture_block_02,2024-12-17T10:08:05,2024-12-17T10:13:00,147,OPF capture time gap > 600 seconds,true
DJI_20241217090929_0047_D.JPG,2024-12-17T10:09:29,capture_block_02,2024-12-17T10:08:05,2024-12-17T10:13:00,147,OPF capture time gap > 600 seconds,true
DJI_20241217090931_0048_D.JPG,2024-12-17T10:09:31,capture_block_02,2024-12-17T10:08:05,2024-12-17T10:13:00,147,OPF capture time gap > 600 seconds,true
DJI_20241217090933_0049_D.JPG,2024-12-17T10:09:33,capture_block_02,2024-12-17T10:08:05,2024-12-17T10:13:00,147,OPF capture time gap > 600 seconds,true
DJI_20241217090935_0050_D.JPG,2024-12-17T10:09:35,capture_block_02,2024-12-17T10:08:05,2024-12-17T10:13:00,147,OPF capture time gap > 600 seconds,true
DJI_20241217090937_0051_D.JPG,2024-12-17T10:09:37,capture_block_02,2024-12-17T10:08:05,2024-12-17T10:13:00,147,OPF capture time gap > 600 seconds,true
DJI_20241217090939_0052_D.JPG,2024-12-17T10:09:39,capture_block_02,2024-12-17T10:08:05,2024-12-17T10:13:00,147,OPF capture time gap > 600 seconds,true
DJI_20241217090941_0053_D.JPG,2024-12-17T10:09:41,capture_block_02,2024-12-17T10:08:05,2024-12-17T10:13:00,147,OPF capture time gap > 600 seconds,true
DJI_20241217090943_0054_D.JPG,2024-12-17T10:09:43,capture_block_02,2024-12-17T10:08:05,2024-12-17T10:13:00,147,OPF capture time gap > 600 seconds,true
DJI_20241217090945_0055_D.JPG,2024-12-17T10:09:45,capture_block_02,2024-12-17T10:08:05,2024-12-17T10:13:00,147,OPF capture time gap > 600 seconds,true
DJI_20241217090947_0056_D.JPG,2024-12-17T10:09:47,capture_block_02,2024-12-17T10:08:05,2024-12-17T10:13:00,147,OPF capture time gap > 600 seconds,true
DJI_20241217090949_0057_D.JPG,2024-12-17T10:09:49,capture_block_02,2024-12-17T10:08:05,2024-12-17T10:13:00,147,OPF capture time gap > 600 seconds,true
DJI_20241217090951_0058_D.JPG,2024-12-17T10:09:51,capture_block_02,2024-12-17T10:08:05,2024-12-17T10:13:00,147,OPF capture time gap > 600 seconds,true
DJI_20241217090953_0059_D.JPG,2024-12-17T10:09:53,capture_block_02,2024-12-17T10:08:05,2024-12-17T10:13:00,147,OPF capture time gap > 600 seconds,true
DJI_20241217090955_0060_D.JPG,2024-12-17T10:09:55,capture_block_02,2024-12-17T10:08:05,2024-12-17T10:13:00,147,OPF capture time gap > 600 seconds,true
DJI_20241217090957_0061_D.JPG,2024-12-17T10:09:57,capture_block_02,2024-12-17T10:08:05,2024-12-17T10:13:00,147,OPF capture time gap > 600 seconds,true
DJI_20241217090959_0062_D.JPG,2024-12-17T10:09:59,capture_block_02,2024-12-17T10:08:05,2024-12-17T10:13:00,147,OPF capture time gap > 600 seconds,true
DJI_20241217091001_0063_D.JPG,2024-12-17T10:10:01,capture_block_02,2024-12-17T10:08:05,2024-12-17T10:13:00,147,OPF capture time gap > 600 seconds,true
DJI_20241217091003_0064_D.JPG,2024-12-17T10:10:03,capture_block_02,2024-12-17T10:08:05,2024-12-17T10:13:00,147,OPF capture time gap > 600 seconds,true
DJI_20241217091005_0065_D.JPG,2024-12-17T10:10:05,capture_block_02,2024-12-17T10:08:05,2024-12-17T10:13:00,147,OPF capture time gap > 600 seconds,true
DJI_20241217091007_0066_D.JPG,2024-12-17T10:10:07,capture_block_02,2024-12-17T10:08:05,2024-12-17T10:13:00,147,OPF capture time gap > 600 seconds,true
DJI_20241217091009_0067_D.JPG,2024-12-17T10:10:09,capture_block_02,2024-12-17T10:08:05,2024-12-17T10:13:00,147,OPF capture time gap > 600 seconds,true
DJI_20241217091011_0068_D.JPG,2024-12-17T10:10:11,capture_block_02,2024-12-17T10:08:05,2024-12-17T10:13:00,147,OPF capture time gap > 600 seconds,true
DJI_20241217091013_0069_D.JPG,2024-12-17T10:10:13,capture_block_02,2024-12-17T10:08:05,2024-12-17T10:13:00,147,OPF capture time gap > 600 seconds,true
DJI_20241217091015_0070_D.JPG,2024-12-17T10:10:15,capture_block_02,2024-12-17T10:08:05,2024-12-17T10:13:00,147,OPF capture time gap > 600 seconds,true
DJI_20241217091017_0071_D.JPG,2024-12-17T10:10:17,capture_block_02,2024-12-17T10:08:05,2024-12-17T10:13:00,147,OPF capture time gap > 600 seconds,true
DJI_20241217091019_0072_D.JPG,2024-12-17T10:10:19,capture_block_02,2024-12-17T10:08:05,2024-12-17T10:13:00,147,OPF capture time gap > 600 seconds,true
DJI_20241217091021_0073_D.JPG,2024-12-17T10:10:21,capture_block_02,2024-12-17T10:08:05,2024-12-17T10:13:00,147,OPF capture time gap > 600 seconds,true
DJI_20241217091023_0074_D.JPG,2024-12-17T10:10:23,capture_block_02,2024-12-17T10:08:05,2024-12-17T10:13:00,147,OPF capture time gap > 600 seconds,true
DJI_20241217091025_0075_D.JPG,2024-12-17T10:10:25,capture_block_02,2024-12-17T10:08:05,2024-12-17T10:13:00,147,OPF capture time gap > 600 seconds,true
DJI_20241217091027_0076_D.JPG,2024-12-17T10:10:27,capture_block_02,2024-12-17T10:08:05,2024-12-17T10:13:00,147,OPF capture time gap > 600 seconds,true
DJI_20241217091029_0077_D.JPG,2024-12-17T10:10:29,capture_block_02,2024-12-17T10:08:05,2024-12-17T10:13:00,147,OPF capture time gap > 600 seconds,true
DJI_20241217091031_0078_D.JPG,2024-12-17T10:10:31,capture_block_02,2024-12-17T10:08:05,2024-12-17T10:13:00,147,OPF capture time gap > 600 seconds,true
DJI_20241217091033_0079_D.JPG,2024-12-17T10:10:33,capture_block_02,2024-12-17T10:08:05,2024-12-17T10:13:00,147,OPF capture time gap > 600 seconds,true
DJI_20241217091035_0080_D.JPG,2024-12-17T10:10:35,capture_block_02,2024-12-17T10:08:05,2024-12-17T10:13:00,147,OPF capture time gap > 600 seconds,true
DJI_20241217091037_0081_D.JPG,2024-12-17T10:10:37,capture_block_02,2024-12-17T10:08:05,2024-12-17T10:13:00,147,OPF capture time gap > 600 seconds,true
DJI_20241217091039_0082_D.JPG,2024-12-17T10:10:39,capture_block_02,2024-12-17T10:08:05,2024-12-17T10:13:00,147,OPF capture time gap > 600 seconds,true
DJI_20241217091041_0083_D.JPG,2024-12-17T10:10:41,capture_block_02,2024-12-17T10:08:05,2024-12-17T10:13:00,147,OPF capture time gap > 600 seconds,true
DJI_20241217091043_0084_D.JPG,2024-12-17T10:10:43,capture_block_02,2024-12-17T10:08:05,2024-12-17T10:13:00,147,OPF capture time gap > 600 seconds,true
DJI_20241217091045_0085_D.JPG,2024-12-17T10:10:45,capture_block_02,2024-12-17T10:08:05,2024-12-17T10:13:00,147,OPF capture time gap > 600 seconds,true
DJI_20241217091047_0086_D.JPG,2024-12-17T10:10:47,capture_block_02,2024-12-17T10:08:05,2024-12-17T10:13:00,147,OPF capture time gap > 600 seconds,true
DJI_20241217091049_0087_D.JPG,2024-12-17T10:10:49,capture_block_02,2024-12-17T10:08:05,2024-12-17T10:13:00,147,OPF capture time gap > 600 seconds,true
DJI_20241217091051_0088_D.JPG,2024-12-17T10:10:51,capture_block_02,2024-12-17T10:08:05,2024-12-17T10:13:00,147,OPF capture time gap > 600 seconds,true
DJI_20241217091053_0089_D.JPG,2024-12-17T10:10:53,capture_block_02,2024-12-17T10:08:05,2024-12-17T10:13:00,147,OPF capture time gap > 600 seconds,true
DJI_20241217091055_0090_D.JPG,2024-12-17T10:10:55,capture_block_02,2024-12-17T10:08:05,2024-12-17T10:13:00,147,OPF capture time gap > 600 seconds,true
DJI_20241217091057_0091_D.JPG,2024-12-17T10:10:57,capture_block_02,2024-12-17T10:08:05,2024-12-17T10:13:00,147,OPF capture time gap > 600 seconds,true
DJI_20241217091059_0092_D.JPG,2024-12-17T10:10:59,capture_block_02,2024-12-17T10:08:05,2024-12-17T10:13:00,147,OPF capture time gap > 600 seconds,true
DJI_20241217091101_0093_D.JPG,2024-12-17T10:11:01,capture_block_02,2024-12-17T10:08:05,2024-12-17T10:13:00,147,OPF capture time gap > 600 seconds,true
DJI_20241217091103_0094_D.JPG,2024-12-17T10:11:03,capture_block_02,2024-12-17T10:08:05,2024-12-17T10:13:00,147,OPF capture time gap > 600 seconds,true
DJI_20241217091105_0095_D.JPG,2024-12-17T10:11:05,capture_block_02,2024-12-17T10:08:05,2024-12-17T10:13:00,147,OPF capture time gap > 600 seconds,true
DJI_20241217091107_0096_D.JPG,2024-12-17T10:11:07,capture_block_02,2024-12-17T10:08:05,2024-12-17T10:13:00,147,OPF capture time gap > 600 seconds,true
DJI_20241217091109_0097_D.JPG,2024-12-17T10:11:09,capture_block_02,2024-12-17T10:08:05,2024-12-17T10:13:00,147,OPF capture time gap > 600 seconds,true
DJI_20241217091111_0098_D.JPG,2024-12-17T10:11:11,capture_block_02,2024-12-17T10:08:05,2024-12-17T10:13:00,147,OPF capture time gap > 600 seconds,true
DJI_20241217091113_0099_D.JPG,2024-12-17T10:11:13,capture_block_02,2024-12-17T10:08:05,2024-12-17T10:13:00,147,OPF capture time gap > 600 seconds,true
DJI_20241217091115_0100_D.JPG,2024-12-17T10:11:15,capture_block_02,2024-12-17T10:08:05,2024-12-17T10:13:00,147,OPF capture time gap > 600 seconds,true
DJI_20241217091117_0101_D.JPG,2024-12-17T10:11:17,capture_block_02,2024-12-17T10:08:05,2024-12-17T10:13:00,147,OPF capture time gap > 600 seconds,true
DJI_20241217091119_0102_D.JPG,2024-12-17T10:11:19,capture_block_02,2024-12-17T10:08:05,2024-12-17T10:13:00,147,OPF capture time gap > 600 seconds,true
DJI_20241217091121_0103_D.JPG,2024-12-17T10:11:21,capture_block_02,2024-12-17T10:08:05,2024-12-17T10:13:00,147,OPF capture time gap > 600 seconds,true
DJI_20241217091123_0104_D.JPG,2024-12-17T10:11:23,capture_block_02,2024-12-17T10:08:05,2024-12-17T10:13:00,147,OPF capture time gap > 600 seconds,true
DJI_20241217091125_0105_D.JPG,2024-12-17T10:11:25,capture_block_02,2024-12-17T10:08:05,2024-12-17T10:13:00,147,OPF capture time gap > 600 seconds,true
DJI_20241217091127_0106_D.JPG,2024-12-17T10:11:27,capture_block_02,2024-12-17T10:08:05,2024-12-17T10:13:00,147,OPF capture time gap > 600 seconds,true
DJI_20241217091129_0107_D.JPG,2024-12-17T10:11:29,capture_block_02,2024-12-17T10:08:05,2024-12-17T10:13:00,147,OPF capture time gap > 600 seconds,true
DJI_20241217091131_0108_D.JPG,2024-12-17T10:11:31,capture_block_02,2024-12-17T10:08:05,2024-12-17T10:13:00,147,OPF capture time gap > 600 seconds,true
DJI_20241217091133_0109_D.JPG,2024-12-17T10:11:33,capture_block_02,2024-12-17T10:08:05,2024-12-17T10:13:00,147,OPF capture time gap > 600 seconds,true
DJI_20241217091135_0110_D.JPG,2024-12-17T10:11:35,capture_block_02,2024-12-17T10:08:05,2024-12-17T10:13:00,147,OPF capture time gap > 600 seconds,true
DJI_20241217091137_0111_D.JPG,2024-12-17T10:11:37,capture_block_02,2024-12-17T10:08:05,2024-12-17T10:13:00,147,OPF capture time gap > 600 seconds,true
DJI_20241217091139_0112_D.JPG,2024-12-17T10:11:39,capture_block_02,2024-12-17T10:08:05,2024-12-17T10:13:00,147,OPF capture time gap > 600 seconds,true
DJI_20241217091141_0113_D.JPG,2024-12-17T10:11:41,capture_block_02,2024-12-17T10:08:05,2024-12-17T10:13:00,147,OPF capture time gap > 600 seconds,true
DJI_20241217091143_0114_D.JPG,2024-12-17T10:11:43,capture_block_02,2024-12-17T10:08:05,2024-12-17T10:13:00,147,OPF capture time gap > 600 seconds,true
DJI_20241217091145_0115_D.JPG,2024-12-17T10:11:45,capture_block_02,2024-12-17T10:08:05,2024-12-17T10:13:00,147,OPF capture time gap > 600 seconds,true
DJI_20241217091147_0116_D.JPG,2024-12-17T10:11:47,capture_block_02,2024-12-17T10:08:05,2024-12-17T10:13:00,147,OPF capture time gap > 600 seconds,true
DJI_20241217091149_0117_D.JPG,2024-12-17T10:11:49,capture_block_02,2024-12-17T10:08:05,2024-12-17T10:13:00,147,OPF capture time gap > 600 seconds,true
DJI_20241217091151_0118_D.JPG,2024-12-17T10:11:51,capture_block_02,2024-12-17T10:08:05,2024-12-17T10:13:00,147,OPF capture time gap > 600 seconds,true
DJI_20241217091153_0119_D.JPG,2024-12-17T10:11:53,capture_block_02,2024-12-17T10:08:05,2024-12-17T10:13:00,147,OPF capture time gap > 600 seconds,true
DJI_20241217091155_0120_D.JPG,2024-12-17T10:11:55,capture_block_02,2024-12-17T10:08:05,2024-12-17T10:13:00,147,OPF capture time gap > 600 seconds,true
DJI_20241217091157_0121_D.JPG,2024-12-17T10:11:57,capture_block_02,2024-12-17T10:08:05,2024-12-17T10:13:00,147,OPF capture time gap > 600 seconds,true
DJI_20241217091159_0122_D.JPG,2024-12-17T10:11:59,capture_block_02,2024-12-17T10:08:05,2024-12-17T10:13:00,147,OPF capture time gap > 600 seconds,true
DJI_20241217091201_0123_D.JPG,2024-12-17T10:12:01,capture_block_02,2024-12-17T10:08:05,2024-12-17T10:13:00,147,OPF capture time gap > 600 seconds,true
DJI_20241217091203_0124_D.JPG,2024-12-17T10:12:03,capture_block_02,2024-12-17T10:08:05,2024-12-17T10:13:00,147,OPF capture time gap > 600 seconds,true
DJI_20241217091205_0125_D.JPG,2024-12-17T10:12:05,capture_block_02,2024-12-17T10:08:05,2024-12-17T10:13:00,147,OPF capture time gap > 600 seconds,true
DJI_20241217091207_0126_D.JPG,2024-12-17T10:12:07,capture_block_02,2024-12-17T10:08:05,2024-12-17T10:13:00,147,OPF capture time gap > 600 seconds,true
DJI_20241217091209_0127_D.JPG,2024-12-17T10:12:09,capture_block_02,2024-12-17T10:08:05,2024-12-17T10:13:00,147,OPF capture time gap > 600 seconds,true
DJI_20241217091211_0128_D.JPG,2024-12-17T10:12:11,capture_block_02,2024-12-17T10:08:05,2024-12-17T10:13:00,147,OPF capture time gap > 600 seconds,true
DJI_20241217091213_0129_D.JPG,2024-12-17T10:12:13,capture_block_02,2024-12-17T10:08:05,2024-12-17T10:13:00,147,OPF capture time gap > 600 seconds,true
DJI_20241217091215_0130_D.JPG,2024-12-17T10:12:15,capture_block_02,2024-12-17T10:08:05,2024-12-17T10:13:00,147,OPF capture time gap > 600 seconds,true
DJI_20241217091217_0131_D.JPG,2024-12-17T10:12:17,capture_block_02,2024-12-17T10:08:05,2024-12-17T10:13:00,147,OPF capture time gap > 600 seconds,true
DJI_20241217091219_0132_D.JPG,2024-12-17T10:12:19,capture_block_02,2024-12-17T10:08:05,2024-12-17T10:13:00,147,OPF capture time gap > 600 seconds,true
DJI_20241217091221_0133_D.JPG,2024-12-17T10:12:21,capture_block_02,2024-12-17T10:08:05,2024-12-17T10:13:00,147,OPF capture time gap > 600 seconds,true
DJI_20241217091223_0134_D.JPG,2024-12-17T10:12:23,capture_block_02,2024-12-17T10:08:05,2024-12-17T10:13:00,147,OPF capture time gap > 600 seconds,true
DJI_20241217091225_0135_D.JPG,2024-12-17T10:12:25,capture_block_02,2024-12-17T10:08:05,2024-12-17T10:13:00,147,OPF capture time gap > 600 seconds,true
DJI_20241217091227_0136_D.JPG,2024-12-17T10:12:27,capture_block_02,2024-12-17T10:08:05,2024-12-17T10:13:00,147,OPF capture time gap > 600 seconds,true
DJI_20241217091229_0137_D.JPG,2024-12-17T10:12:29,capture_block_02,2024-12-17T10:08:05,2024-12-17T10:13:00,147,OPF capture time gap > 600 seconds,true
DJI_20241217091231_0138_D.JPG,2024-12-17T10:12:31,capture_block_02,2024-12-17T10:08:05,2024-12-17T10:13:00,147,OPF capture time gap > 600 seconds,true
DJI_20241217091233_0139_D.JPG,2024-12-17T10:12:33,capture_block_02,2024-12-17T10:08:05,2024-12-17T10:13:00,147,OPF capture time gap > 600 seconds,true
DJI_20241217091235_0140_D.JPG,2024-12-17T10:12:35,capture_block_02,2024-12-17T10:08:05,2024-12-17T10:13:00,147,OPF capture time gap > 600 seconds,true
DJI_20241217091237_0141_D.JPG,2024-12-17T10:12:37,capture_block_02,2024-12-17T10:08:05,2024-12-17T10:13:00,147,OPF capture time gap > 600 seconds,true
DJI_20241217091239_0142_D.JPG,2024-12-17T10:12:39,capture_block_02,2024-12-17T10:08:05,2024-12-17T10:13:00,147,OPF capture time gap > 600 seconds,true
DJI_20241217091241_0143_D.JPG,2024-12-17T10:12:41,capture_block_02,2024-12-17T10:08:05,2024-12-17T10:13:00,147,OPF capture time gap > 600 seconds,true
DJI_20241217091243_0144_D.JPG,2024-12-17T10:12:43,capture_block_02,2024-12-17T10:08:05,2024-12-17T10:13:00,147,OPF capture time gap > 600 seconds,true
DJI_20241217091245_0145_D.JPG,2024-12-17T10:12:45,capture_block_02,2024-12-17T10:08:05,2024-12-17T10:13:00,147,OPF capture time gap > 600 seconds,true
DJI_20241217091247_0146_D.JPG,2024-12-17T10:12:47,capture_block_02,2024-12-17T10:08:05,2024-12-17T10:13:00,147,OPF capture time gap > 600 seconds,true
DJI_20241217091249_0147_D.JPG,2024-12-17T10:12:49,capture_block_02,2024-12-17T10:08:05,2024-12-17T10:13:00,147,OPF capture time gap > 600 seconds,true
DJI_20241217091251_0148_D.JPG,2024-12-17T10:12:51,capture_block_02,2024-12-17T10:08:05,2024-12-17T10:13:00,147,OPF capture time gap > 600 seconds,true
DJI_20241217091253_0149_D.JPG,2024-12-17T10:12:53,capture_block_02,2024-12-17T10:08:05,2024-12-17T10:13:00,147,OPF capture time gap > 600 seconds,true
DJI_20241217091255_0150_D.JPG,2024-12-17T10:12:55,capture_block_02,2024-12-17T10:08:05,2024-12-17T10:13:00,147,OPF capture time gap > 600 seconds,true
DJI_20241217091257_0151_D.JPG,2024-12-17T10:12:57,capture_block_02,2024-12-17T10:08:05,2024-12-17T10:13:00,147,OPF capture time gap > 600 seconds,true
DJI_20241217091300_0152_D.JPG,2024-12-17T10:13:00,capture_block_02,2024-12-17T10:08:05,2024-12-17T10:13:00,147,OPF capture time gap > 600 seconds,true
DJI_20241217093731_0002_D.JPG,2024-12-17T10:37:31,capture_block_03,2024-12-17T10:37:31,2024-12-17T11:36:51,596,OPF capture time gap > 600 seconds,true
DJI_20241217093733_0003_D.JPG,2024-12-17T10:37:33,capture_block_03,2024-12-17T10:37:31,2024-12-17T11:36:51,596,OPF capture time gap > 600 seconds,true
DJI_20241217093735_0004_D.JPG,2024-12-17T10:37:35,capture_block_03,2024-12-17T10:37:31,2024-12-17T11:36:51,596,OPF capture time gap > 600 seconds,true
DJI_20241217093905_0026_D.JPG,2024-12-17T10:39:05,capture_block_03,2024-12-17T10:37:31,2024-12-17T11:36:51,596,OPF capture time gap > 600 seconds,true
DJI_20241217093907_0027_D.JPG,2024-12-17T10:39:07,capture_block_03,2024-12-17T10:37:31,2024-12-17T11:36:51,596,OPF capture time gap > 600 seconds,true
DJI_20241217093909_0028_D.JPG,2024-12-17T10:39:09,capture_block_03,2024-12-17T10:37:31,2024-12-17T11:36:51,596,OPF capture time gap > 600 seconds,true
DJI_20241217093911_0029_D.JPG,2024-12-17T10:39:11,capture_block_03,2024-12-17T10:37:31,2024-12-17T11:36:51,596,OPF capture time gap > 600 seconds,true
DJI_20241217094010_0030_D.JPG,2024-12-17T10:40:10,capture_block_03,2024-12-17T10:37:31,2024-12-17T11:36:51,596,OPF capture time gap > 600 seconds,true
DJI_20241217094012_0031_D.JPG,2024-12-17T10:40:12,capture_block_03,2024-12-17T10:37:31,2024-12-17T11:36:51,596,OPF capture time gap > 600 seconds,true
DJI_20241217094014_0032_D.JPG,2024-12-17T10:40:14,capture_block_03,2024-12-17T10:37:31,2024-12-17T11:36:51,596,OPF capture time gap > 600 seconds,true
DJI_20241217094028_0039_D.JPG,2024-12-17T10:40:28,capture_block_03,2024-12-17T10:37:31,2024-12-17T11:36:51,596,OPF capture time gap > 600 seconds,true
DJI_20241217094030_0040_D.JPG,2024-12-17T10:40:30,capture_block_03,2024-12-17T10:37:31,2024-12-17T11:36:51,596,OPF capture time gap > 600 seconds,true
DJI_20241217094032_0041_D.JPG,2024-12-17T10:40:32,capture_block_03,2024-12-17T10:37:31,2024-12-17T11:36:51,596,OPF capture time gap > 600 seconds,true
DJI_20241217094034_0042_D.JPG,2024-12-17T10:40:34,capture_block_03,2024-12-17T10:37:31,2024-12-17T11:36:51,596,OPF capture time gap > 600 seconds,true
DJI_20241217094036_0043_D.JPG,2024-12-17T10:40:36,capture_block_03,2024-12-17T10:37:31,2024-12-17T11:36:51,596,OPF capture time gap > 600 seconds,true
DJI_20241217094038_0044_D.JPG,2024-12-17T10:40:38,capture_block_03,2024-12-17T10:37:31,2024-12-17T11:36:51,596,OPF capture time gap > 600 seconds,true
DJI_20241217094040_0045_D.JPG,2024-12-17T10:40:40,capture_block_03,2024-12-17T10:37:31,2024-12-17T11:36:51,596,OPF capture time gap > 600 seconds,true
DJI_20241217094042_0046_D.JPG,2024-12-17T10:40:42,capture_block_03,2024-12-17T10:37:31,2024-12-17T11:36:51,596,OPF capture time gap > 600 seconds,true
DJI_20241217094104_0057_D.JPG,2024-12-17T10:41:04,capture_block_03,2024-12-17T10:37:31,2024-12-17T11:36:51,596,OPF capture time gap > 600 seconds,true
DJI_20241217094106_0058_D.JPG,2024-12-17T10:41:06,capture_block_03,2024-12-17T10:37:31,2024-12-17T11:36:51,596,OPF capture time gap > 600 seconds,true
DJI_20241217094108_0059_D.JPG,2024-12-17T10:41:08,capture_block_03,2024-12-17T10:37:31,2024-12-17T11:36:51,596,OPF capture time gap > 600 seconds,true
DJI_20241217094122_0066_D.JPG,2024-12-17T10:41:22,capture_block_03,2024-12-17T10:37:31,2024-12-17T11:36:51,596,OPF capture time gap > 600 seconds,true
DJI_20241217094124_0067_D.JPG,2024-12-17T10:41:24,capture_block_03,2024-12-17T10:37:31,2024-12-17T11:36:51,596,OPF capture time gap > 600 seconds,true
DJI_20241217094126_0068_D.JPG,2024-12-17T10:41:26,capture_block_03,2024-12-17T10:37:31,2024-12-17T11:36:51,596,OPF capture time gap > 600 seconds,true
DJI_20241217094452_0002_D.JPG,2024-12-17T10:44:52,capture_block_03,2024-12-17T10:37:31,2024-12-17T11:36:51,596,OPF capture time gap > 600 seconds,true
DJI_20241217094454_0003_D.JPG,2024-12-17T10:44:54,capture_block_03,2024-12-17T10:37:31,2024-12-17T11:36:51,596,OPF capture time gap > 600 seconds,true
DJI_20241217094456_0004_D.JPG,2024-12-17T10:44:56,capture_block_03,2024-12-17T10:37:31,2024-12-17T11:36:51,596,OPF capture time gap > 600 seconds,true
DJI_20241217094458_0005_D.JPG,2024-12-17T10:44:58,capture_block_03,2024-12-17T10:37:31,2024-12-17T11:36:51,596,OPF capture time gap > 600 seconds,true
DJI_20241217094500_0006_D.JPG,2024-12-17T10:45:00,capture_block_03,2024-12-17T10:37:31,2024-12-17T11:36:51,596,OPF capture time gap > 600 seconds,true
DJI_20241217094516_0014_D.JPG,2024-12-17T10:45:16,capture_block_03,2024-12-17T10:37:31,2024-12-17T11:36:51,596,OPF capture time gap > 600 seconds,true
DJI_20241217094528_0020_D.JPG,2024-12-17T10:45:28,capture_block_03,2024-12-17T10:37:31,2024-12-17T11:36:51,596,OPF capture time gap > 600 seconds,true
DJI_20241217094532_0022_D.JPG,2024-12-17T10:45:32,capture_block_03,2024-12-17T10:37:31,2024-12-17T11:36:51,596,OPF capture time gap > 600 seconds,true
DJI_20241217094534_0023_D.JPG,2024-12-17T10:45:34,capture_block_03,2024-12-17T10:37:31,2024-12-17T11:36:51,596,OPF capture time gap > 600 seconds,true
DJI_20241217094536_0024_D.JPG,2024-12-17T10:45:36,capture_block_03,2024-12-17T10:37:31,2024-12-17T11:36:51,596,OPF capture time gap > 600 seconds,true
DJI_20241217094538_0025_D.JPG,2024-12-17T10:45:38,capture_block_03,2024-12-17T10:37:31,2024-12-17T11:36:51,596,OPF capture time gap > 600 seconds,true
DJI_20241217094540_0026_D.JPG,2024-12-17T10:45:40,capture_block_03,2024-12-17T10:37:31,2024-12-17T11:36:51,596,OPF capture time gap > 600 seconds,true
DJI_20241217094542_0027_D.JPG,2024-12-17T10:45:42,capture_block_03,2024-12-17T10:37:31,2024-12-17T11:36:51,596,OPF capture time gap > 600 seconds,true
DJI_20241217094544_0028_D.JPG,2024-12-17T10:45:44,capture_block_03,2024-12-17T10:37:31,2024-12-17T11:36:51,596,OPF capture time gap > 600 seconds,true
DJI_20241217094546_0029_D.JPG,2024-12-17T10:45:46,capture_block_03,2024-12-17T10:37:31,2024-12-17T11:36:51,596,OPF capture time gap > 600 seconds,true
DJI_20241217094548_0030_D.JPG,2024-12-17T10:45:48,capture_block_03,2024-12-17T10:37:31,2024-12-17T11:36:51,596,OPF capture time gap > 600 seconds,true
DJI_20241217094550_0031_D.JPG,2024-12-17T10:45:50,capture_block_03,2024-12-17T10:37:31,2024-12-17T11:36:51,596,OPF capture time gap > 600 seconds,true
DJI_20241217094552_0032_D.JPG,2024-12-17T10:45:52,capture_block_03,2024-12-17T10:37:31,2024-12-17T11:36:51,596,OPF capture time gap > 600 seconds,true
DJI_20241217094554_0033_D.JPG,2024-12-17T10:45:54,capture_block_03,2024-12-17T10:37:31,2024-12-17T11:36:51,596,OPF capture time gap > 600 seconds,true
DJI_20241217094556_0034_D.JPG,2024-12-17T10:45:56,capture_block_03,2024-12-17T10:37:31,2024-12-17T11:36:51,596,OPF capture time gap > 600 seconds,true
DJI_20241217094558_0035_D.JPG,2024-12-17T10:45:58,capture_block_03,2024-12-17T10:37:31,2024-12-17T11:36:51,596,OPF capture time gap > 600 seconds,true
DJI_20241217094652_0041_D.JPG,2024-12-17T10:46:52,capture_block_03,2024-12-17T10:37:31,2024-12-17T11:36:51,596,OPF capture time gap > 600 seconds,true
DJI_20241217094653_0042_D.JPG,2024-12-17T10:46:53,capture_block_03,2024-12-17T10:37:31,2024-12-17T11:36:51,596,OPF capture time gap > 600 seconds,true
DJI_20241217094917_0005_D.JPG,2024-12-17T10:49:17,capture_block_03,2024-12-17T10:37:31,2024-12-17T11:36:51,596,OPF capture time gap > 600 seconds,true
DJI_20241217094925_0009_D.JPG,2024-12-17T10:49:25,capture_block_03,2024-12-17T10:37:31,2024-12-17T11:36:51,596,OPF capture time gap > 600 seconds,true
DJI_20241217094927_0010_D.JPG,2024-12-17T10:49:27,capture_block_03,2024-12-17T10:37:31,2024-12-17T11:36:51,596,OPF capture time gap > 600 seconds,true
DJI_20241217094929_0011_D.JPG,2024-12-17T10:49:29,capture_block_03,2024-12-17T10:37:31,2024-12-17T11:36:51,596,OPF capture time gap > 600 seconds,true
DJI_20241217094931_0012_D.JPG,2024-12-17T10:49:31,capture_block_03,2024-12-17T10:37:31,2024-12-17T11:36:51,596,OPF capture time gap > 600 seconds,true
DJI_20241217094933_0013_D.JPG,2024-12-17T10:49:33,capture_block_03,2024-12-17T10:37:31,2024-12-17T11:36:51,596,OPF capture time gap > 600 seconds,true
DJI_20241217094935_0014_D.JPG,2024-12-17T10:49:35,capture_block_03,2024-12-17T10:37:31,2024-12-17T11:36:51,596,OPF capture time gap > 600 seconds,true
DJI_20241217094937_0015_D.JPG,2024-12-17T10:49:37,capture_block_03,2024-12-17T10:37:31,2024-12-17T11:36:51,596,OPF capture time gap > 600 seconds,true
DJI_20241217094939_0016_D.JPG,2024-12-17T10:49:39,capture_block_03,2024-12-17T10:37:31,2024-12-17T11:36:51,596,OPF capture time gap > 600 seconds,true
DJI_20241217094941_0017_D.JPG,2024-12-17T10:49:41,capture_block_03,2024-12-17T10:37:31,2024-12-17T11:36:51,596,OPF capture time gap > 600 seconds,true
DJI_20241217094943_0018_D.JPG,2024-12-17T10:49:43,capture_block_03,2024-12-17T10:37:31,2024-12-17T11:36:51,596,OPF capture time gap > 600 seconds,true
DJI_20241217094945_0019_D.JPG,2024-12-17T10:49:45,capture_block_03,2024-12-17T10:37:31,2024-12-17T11:36:51,596,OPF capture time gap > 600 seconds,true
DJI_20241217094947_0020_D.JPG,2024-12-17T10:49:47,capture_block_03,2024-12-17T10:37:31,2024-12-17T11:36:51,596,OPF capture time gap > 600 seconds,true
DJI_20241217094949_0021_D.JPG,2024-12-17T10:49:49,capture_block_03,2024-12-17T10:37:31,2024-12-17T11:36:51,596,OPF capture time gap > 600 seconds,true
DJI_20241217094951_0022_D.JPG,2024-12-17T10:49:51,capture_block_03,2024-12-17T10:37:31,2024-12-17T11:36:51,596,OPF capture time gap > 600 seconds,true
DJI_20241217094953_0023_D.JPG,2024-12-17T10:49:53,capture_block_03,2024-12-17T10:37:31,2024-12-17T11:36:51,596,OPF capture time gap > 600 seconds,true
DJI_20241217094955_0024_D.JPG,2024-12-17T10:49:55,capture_block_03,2024-12-17T10:37:31,2024-12-17T11:36:51,596,OPF capture time gap > 600 seconds,true
DJI_20241217094957_0025_D.JPG,2024-12-17T10:49:57,capture_block_03,2024-12-17T10:37:31,2024-12-17T11:36:51,596,OPF capture time gap > 600 seconds,true
DJI_20241217094959_0026_D.JPG,2024-12-17T10:49:59,capture_block_03,2024-12-17T10:37:31,2024-12-17T11:36:51,596,OPF capture time gap > 600 seconds,true
DJI_20241217095005_0029_D.JPG,2024-12-17T10:50:05,capture_block_03,2024-12-17T10:37:31,2024-12-17T11:36:51,596,OPF capture time gap > 600 seconds,true
DJI_20241217095007_0030_D.JPG,2024-12-17T10:50:07,capture_block_03,2024-12-17T10:37:31,2024-12-17T11:36:51,596,OPF capture time gap > 600 seconds,true
DJI_20241217095009_0031_D.JPG,2024-12-17T10:50:09,capture_block_03,2024-12-17T10:37:31,2024-12-17T11:36:51,596,OPF capture time gap > 600 seconds,true
DJI_20241217095011_0032_D.JPG,2024-12-17T10:50:11,capture_block_03,2024-12-17T10:37:31,2024-12-17T11:36:51,596,OPF capture time gap > 600 seconds,true
DJI_20241217095013_0033_D.JPG,2024-12-17T10:50:13,capture_block_03,2024-12-17T10:37:31,2024-12-17T11:36:51,596,OPF capture time gap > 600 seconds,true
DJI_20241217095015_0034_D.JPG,2024-12-17T10:50:15,capture_block_03,2024-12-17T10:37:31,2024-12-17T11:36:51,596,OPF capture time gap > 600 seconds,true
DJI_20241217095017_0035_D.JPG,2024-12-17T10:50:17,capture_block_03,2024-12-17T10:37:31,2024-12-17T11:36:51,596,OPF capture time gap > 600 seconds,true
DJI_20241217095023_0038_D.JPG,2024-12-17T10:50:23,capture_block_03,2024-12-17T10:37:31,2024-12-17T11:36:51,596,OPF capture time gap > 600 seconds,true
DJI_20241217095027_0040_D.JPG,2024-12-17T10:50:27,capture_block_03,2024-12-17T10:37:31,2024-12-17T11:36:51,596,OPF capture time gap > 600 seconds,true
DJI_20241217095029_0041_D.JPG,2024-12-17T10:50:29,capture_block_03,2024-12-17T10:37:31,2024-12-17T11:36:51,596,OPF capture time gap > 600 seconds,true
DJI_20241217095039_0046_D.JPG,2024-12-17T10:50:39,capture_block_03,2024-12-17T10:37:31,2024-12-17T11:36:51,596,OPF capture time gap > 600 seconds,true
DJI_20241217095041_0047_D.JPG,2024-12-17T10:50:41,capture_block_03,2024-12-17T10:37:31,2024-12-17T11:36:51,596,OPF capture time gap > 600 seconds,true
DJI_20241217095051_0052_D.JPG,2024-12-17T10:50:51,capture_block_03,2024-12-17T10:37:31,2024-12-17T11:36:51,596,OPF capture time gap > 600 seconds,true
DJI_20241217095053_0053_D.JPG,2024-12-17T10:50:53,capture_block_03,2024-12-17T10:37:31,2024-12-17T11:36:51,596,OPF capture time gap > 600 seconds,true
DJI_20241217095055_0054_D.JPG,2024-12-17T10:50:55,capture_block_03,2024-12-17T10:37:31,2024-12-17T11:36:51,596,OPF capture time gap > 600 seconds,true
DJI_20241217095057_0055_D.JPG,2024-12-17T10:50:57,capture_block_03,2024-12-17T10:37:31,2024-12-17T11:36:51,596,OPF capture time gap > 600 seconds,true
DJI_20241217095103_0058_D.JPG,2024-12-17T10:51:03,capture_block_03,2024-12-17T10:37:31,2024-12-17T11:36:51,596,OPF capture time gap > 600 seconds,true
DJI_20241217095121_0067_D.JPG,2024-12-17T10:51:21,capture_block_03,2024-12-17T10:37:31,2024-12-17T11:36:51,596,OPF capture time gap > 600 seconds,true
DJI_20241217095123_0068_D.JPG,2024-12-17T10:51:23,capture_block_03,2024-12-17T10:37:31,2024-12-17T11:36:51,596,OPF capture time gap > 600 seconds,true
DJI_20241217095125_0069_D.JPG,2024-12-17T10:51:25,capture_block_03,2024-12-17T10:37:31,2024-12-17T11:36:51,596,OPF capture time gap > 600 seconds,true
DJI_20241217095127_0070_D.JPG,2024-12-17T10:51:27,capture_block_03,2024-12-17T10:37:31,2024-12-17T11:36:51,596,OPF capture time gap > 600 seconds,true
DJI_20241217095129_0071_D.JPG,2024-12-17T10:51:29,capture_block_03,2024-12-17T10:37:31,2024-12-17T11:36:51,596,OPF capture time gap > 600 seconds,true
DJI_20241217095131_0072_D.JPG,2024-12-17T10:51:31,capture_block_03,2024-12-17T10:37:31,2024-12-17T11:36:51,596,OPF capture time gap > 600 seconds,true
DJI_20241217095137_0075_D.JPG,2024-12-17T10:51:37,capture_block_03,2024-12-17T10:37:31,2024-12-17T11:36:51,596,OPF capture time gap > 600 seconds,true
DJI_20241217095139_0076_D.JPG,2024-12-17T10:51:39,capture_block_03,2024-12-17T10:37:31,2024-12-17T11:36:51,596,OPF capture time gap > 600 seconds,true
DJI_20241217095141_0077_D.JPG,2024-12-17T10:51:41,capture_block_03,2024-12-17T10:37:31,2024-12-17T11:36:51,596,OPF capture time gap > 600 seconds,true
DJI_20241217095143_0078_D.JPG,2024-12-17T10:51:43,capture_block_03,2024-12-17T10:37:31,2024-12-17T11:36:51,596,OPF capture time gap > 600 seconds,true
DJI_20241217095145_0079_D.JPG,2024-12-17T10:51:45,capture_block_03,2024-12-17T10:37:31,2024-12-17T11:36:51,596,OPF capture time gap > 600 seconds,true
DJI_20241217095147_0080_D.JPG,2024-12-17T10:51:47,capture_block_03,2024-12-17T10:37:31,2024-12-17T11:36:51,596,OPF capture time gap > 600 seconds,true
DJI_20241217095149_0081_D.JPG,2024-12-17T10:51:49,capture_block_03,2024-12-17T10:37:31,2024-12-17T11:36:51,596,OPF capture time gap > 600 seconds,true
DJI_20241217095359_0002_D.JPG,2024-12-17T10:53:59,capture_block_03,2024-12-17T10:37:31,2024-12-17T11:36:51,596,OPF capture time gap > 600 seconds,true
DJI_20241217095403_0004_D.JPG,2024-12-17T10:54:03,capture_block_03,2024-12-17T10:37:31,2024-12-17T11:36:51,596,OPF capture time gap > 600 seconds,true
DJI_20241217095417_0011_D.JPG,2024-12-17T10:54:17,capture_block_03,2024-12-17T10:37:31,2024-12-17T11:36:51,596,OPF capture time gap > 600 seconds,true
DJI_20241217095419_0012_D.JPG,2024-12-17T10:54:19,capture_block_03,2024-12-17T10:37:31,2024-12-17T11:36:51,596,OPF capture time gap > 600 seconds,true
DJI_20241217095421_0013_D.JPG,2024-12-17T10:54:21,capture_block_03,2024-12-17T10:37:31,2024-12-17T11:36:51,596,OPF capture time gap > 600 seconds,true
DJI_20241217095427_0016_D.JPG,2024-12-17T10:54:27,capture_block_03,2024-12-17T10:37:31,2024-12-17T11:36:51,596,OPF capture time gap > 600 seconds,true
DJI_20241217095429_0017_D.JPG,2024-12-17T10:54:29,capture_block_03,2024-12-17T10:37:31,2024-12-17T11:36:51,596,OPF capture time gap > 600 seconds,true
DJI_20241217095431_0018_D.JPG,2024-12-17T10:54:31,capture_block_03,2024-12-17T10:37:31,2024-12-17T11:36:51,596,OPF capture time gap > 600 seconds,true
DJI_20241217095433_0019_D.JPG,2024-12-17T10:54:33,capture_block_03,2024-12-17T10:37:31,2024-12-17T11:36:51,596,OPF capture time gap > 600 seconds,true
DJI_20241217095435_0020_D.JPG,2024-12-17T10:54:35,capture_block_03,2024-12-17T10:37:31,2024-12-17T11:36:51,596,OPF capture time gap > 600 seconds,true
DJI_20241217095437_0021_D.JPG,2024-12-17T10:54:37,capture_block_03,2024-12-17T10:37:31,2024-12-17T11:36:51,596,OPF capture time gap > 600 seconds,true
DJI_20241217095439_0022_D.JPG,2024-12-17T10:54:39,capture_block_03,2024-12-17T10:37:31,2024-12-17T11:36:51,596,OPF capture time gap > 600 seconds,true
DJI_20241217095441_0023_D.JPG,2024-12-17T10:54:41,capture_block_03,2024-12-17T10:37:31,2024-12-17T11:36:51,596,OPF capture time gap > 600 seconds,true
DJI_20241217095443_0024_D.JPG,2024-12-17T10:54:43,capture_block_03,2024-12-17T10:37:31,2024-12-17T11:36:51,596,OPF capture time gap > 600 seconds,true
DJI_20241217095445_0025_D.JPG,2024-12-17T10:54:45,capture_block_03,2024-12-17T10:37:31,2024-12-17T11:36:51,596,OPF capture time gap > 600 seconds,true
DJI_20241217095447_0026_D.JPG,2024-12-17T10:54:47,capture_block_03,2024-12-17T10:37:31,2024-12-17T11:36:51,596,OPF capture time gap > 600 seconds,true
DJI_20241217095449_0027_D.JPG,2024-12-17T10:54:49,capture_block_03,2024-12-17T10:37:31,2024-12-17T11:36:51,596,OPF capture time gap > 600 seconds,true
DJI_20241217095451_0028_D.JPG,2024-12-17T10:54:51,capture_block_03,2024-12-17T10:37:31,2024-12-17T11:36:51,596,OPF capture time gap > 600 seconds,true
DJI_20241217095453_0029_D.JPG,2024-12-17T10:54:53,capture_block_03,2024-12-17T10:37:31,2024-12-17T11:36:51,596,OPF capture time gap > 600 seconds,true
DJI_20241217095455_0030_D.JPG,2024-12-17T10:54:55,capture_block_03,2024-12-17T10:37:31,2024-12-17T11:36:51,596,OPF capture time gap > 600 seconds,true
DJI_20241217095457_0031_D.JPG,2024-12-17T10:54:57,capture_block_03,2024-12-17T10:37:31,2024-12-17T11:36:51,596,OPF capture time gap > 600 seconds,true
DJI_20241217095459_0032_D.JPG,2024-12-17T10:54:59,capture_block_03,2024-12-17T10:37:31,2024-12-17T11:36:51,596,OPF capture time gap > 600 seconds,true
DJI_20241217095501_0033_D.JPG,2024-12-17T10:55:01,capture_block_03,2024-12-17T10:37:31,2024-12-17T11:36:51,596,OPF capture time gap > 600 seconds,true
DJI_20241217095503_0034_D.JPG,2024-12-17T10:55:03,capture_block_03,2024-12-17T10:37:31,2024-12-17T11:36:51,596,OPF capture time gap > 600 seconds,true
DJI_20241217095505_0035_D.JPG,2024-12-17T10:55:05,capture_block_03,2024-12-17T10:37:31,2024-12-17T11:36:51,596,OPF capture time gap > 600 seconds,true
DJI_20241217095507_0036_D.JPG,2024-12-17T10:55:07,capture_block_03,2024-12-17T10:37:31,2024-12-17T11:36:51,596,OPF capture time gap > 600 seconds,true
DJI_20241217095509_0037_D.JPG,2024-12-17T10:55:09,capture_block_03,2024-12-17T10:37:31,2024-12-17T11:36:51,596,OPF capture time gap > 600 seconds,true
DJI_20241217095511_0038_D.JPG,2024-12-17T10:55:11,capture_block_03,2024-12-17T10:37:31,2024-12-17T11:36:51,596,OPF capture time gap > 600 seconds,true
DJI_20241217095513_0039_D.JPG,2024-12-17T10:55:13,capture_block_03,2024-12-17T10:37:31,2024-12-17T11:36:51,596,OPF capture time gap > 600 seconds,true
DJI_20241217095515_0040_D.JPG,2024-12-17T10:55:15,capture_block_03,2024-12-17T10:37:31,2024-12-17T11:36:51,596,OPF capture time gap > 600 seconds,true
DJI_20241217095517_0041_D.JPG,2024-12-17T10:55:17,capture_block_03,2024-12-17T10:37:31,2024-12-17T11:36:51,596,OPF capture time gap > 600 seconds,true
DJI_20241217095519_0042_D.JPG,2024-12-17T10:55:19,capture_block_03,2024-12-17T10:37:31,2024-12-17T11:36:51,596,OPF capture time gap > 600 seconds,true
DJI_20241217095521_0043_D.JPG,2024-12-17T10:55:21,capture_block_03,2024-12-17T10:37:31,2024-12-17T11:36:51,596,OPF capture time gap > 600 seconds,true
DJI_20241217095523_0044_D.JPG,2024-12-17T10:55:23,capture_block_03,2024-12-17T10:37:31,2024-12-17T11:36:51,596,OPF capture time gap > 600 seconds,true
DJI_20241217095525_0045_D.JPG,2024-12-17T10:55:25,capture_block_03,2024-12-17T10:37:31,2024-12-17T11:36:51,596,OPF capture time gap > 600 seconds,true
DJI_20241217095527_0046_D.JPG,2024-12-17T10:55:27,capture_block_03,2024-12-17T10:37:31,2024-12-17T11:36:51,596,OPF capture time gap > 600 seconds,true
DJI_20241217095529_0047_D.JPG,2024-12-17T10:55:29,capture_block_03,2024-12-17T10:37:31,2024-12-17T11:36:51,596,OPF capture time gap > 600 seconds,true
DJI_20241217095531_0048_D.JPG,2024-12-17T10:55:31,capture_block_03,2024-12-17T10:37:31,2024-12-17T11:36:51,596,OPF capture time gap > 600 seconds,true
DJI_20241217095533_0049_D.JPG,2024-12-17T10:55:33,capture_block_03,2024-12-17T10:37:31,2024-12-17T11:36:51,596,OPF capture time gap > 600 seconds,true
DJI_20241217095535_0050_D.JPG,2024-12-17T10:55:35,capture_block_03,2024-12-17T10:37:31,2024-12-17T11:36:51,596,OPF capture time gap > 600 seconds,true
DJI_20241217095537_0051_D.JPG,2024-12-17T10:55:37,capture_block_03,2024-12-17T10:37:31,2024-12-17T11:36:51,596,OPF capture time gap > 600 seconds,true
DJI_20241217095539_0052_D.JPG,2024-12-17T10:55:39,capture_block_03,2024-12-17T10:37:31,2024-12-17T11:36:51,596,OPF capture time gap > 600 seconds,true
DJI_20241217095541_0053_D.JPG,2024-12-17T10:55:41,capture_block_03,2024-12-17T10:37:31,2024-12-17T11:36:51,596,OPF capture time gap > 600 seconds,true
DJI_20241217095543_0054_D.JPG,2024-12-17T10:55:43,capture_block_03,2024-12-17T10:37:31,2024-12-17T11:36:51,596,OPF capture time gap > 600 seconds,true
DJI_20241217095545_0055_D.JPG,2024-12-17T10:55:45,capture_block_03,2024-12-17T10:37:31,2024-12-17T11:36:51,596,OPF capture time gap > 600 seconds,true
DJI_20241217095547_0056_D.JPG,2024-12-17T10:55:47,capture_block_03,2024-12-17T10:37:31,2024-12-17T11:36:51,596,OPF capture time gap > 600 seconds,true
DJI_20241217095549_0057_D.JPG,2024-12-17T10:55:49,capture_block_03,2024-12-17T10:37:31,2024-12-17T11:36:51,596,OPF capture time gap > 600 seconds,true
DJI_20241217095551_0058_D.JPG,2024-12-17T10:55:51,capture_block_03,2024-12-17T10:37:31,2024-12-17T11:36:51,596,OPF capture time gap > 600 seconds,true
DJI_20241217095553_0059_D.JPG,2024-12-17T10:55:53,capture_block_03,2024-12-17T10:37:31,2024-12-17T11:36:51,596,OPF capture time gap > 600 seconds,true
DJI_20241217095555_0060_D.JPG,2024-12-17T10:55:55,capture_block_03,2024-12-17T10:37:31,2024-12-17T11:36:51,596,OPF capture time gap > 600 seconds,true
DJI_20241217095557_0061_D.JPG,2024-12-17T10:55:57,capture_block_03,2024-12-17T10:37:31,2024-12-17T11:36:51,596,OPF capture time gap > 600 seconds,true
DJI_20241217095559_0062_D.JPG,2024-12-17T10:55:59,capture_block_03,2024-12-17T10:37:31,2024-12-17T11:36:51,596,OPF capture time gap > 600 seconds,true
DJI_20241217095603_0064_D.JPG,2024-12-17T10:56:03,capture_block_03,2024-12-17T10:37:31,2024-12-17T11:36:51,596,OPF capture time gap > 600 seconds,true
DJI_20241217095605_0065_D.JPG,2024-12-17T10:56:05,capture_block_03,2024-12-17T10:37:31,2024-12-17T11:36:51,596,OPF capture time gap > 600 seconds,true
DJI_20241217095607_0066_D.JPG,2024-12-17T10:56:07,capture_block_03,2024-12-17T10:37:31,2024-12-17T11:36:51,596,OPF capture time gap > 600 seconds,true
DJI_20241217095609_0067_D.JPG,2024-12-17T10:56:09,capture_block_03,2024-12-17T10:37:31,2024-12-17T11:36:51,596,OPF capture time gap > 600 seconds,true
DJI_20241217095611_0068_D.JPG,2024-12-17T10:56:11,capture_block_03,2024-12-17T10:37:31,2024-12-17T11:36:51,596,OPF capture time gap > 600 seconds,true
DJI_20241217095613_0069_D.JPG,2024-12-17T10:56:13,capture_block_03,2024-12-17T10:37:31,2024-12-17T11:36:51,596,OPF capture time gap > 600 seconds,true
DJI_20241217095615_0070_D.JPG,2024-12-17T10:56:15,capture_block_03,2024-12-17T10:37:31,2024-12-17T11:36:51,596,OPF capture time gap > 600 seconds,true
DJI_20241217095617_0071_D.JPG,2024-12-17T10:56:17,capture_block_03,2024-12-17T10:37:31,2024-12-17T11:36:51,596,OPF capture time gap > 600 seconds,true
DJI_20241217095619_0072_D.JPG,2024-12-17T10:56:19,capture_block_03,2024-12-17T10:37:31,2024-12-17T11:36:51,596,OPF capture time gap > 600 seconds,true
DJI_20241217095621_0073_D.JPG,2024-12-17T10:56:21,capture_block_03,2024-12-17T10:37:31,2024-12-17T11:36:51,596,OPF capture time gap > 600 seconds,true
DJI_20241217095623_0074_D.JPG,2024-12-17T10:56:23,capture_block_03,2024-12-17T10:37:31,2024-12-17T11:36:51,596,OPF capture time gap > 600 seconds,true
DJI_20241217095625_0075_D.JPG,2024-12-17T10:56:25,capture_block_03,2024-12-17T10:37:31,2024-12-17T11:36:51,596,OPF capture time gap > 600 seconds,true
DJI_20241217095627_0076_D.JPG,2024-12-17T10:56:27,capture_block_03,2024-12-17T10:37:31,2024-12-17T11:36:51,596,OPF capture time gap > 600 seconds,true
DJI_20241217095629_0077_D.JPG,2024-12-17T10:56:29,capture_block_03,2024-12-17T10:37:31,2024-12-17T11:36:51,596,OPF capture time gap > 600 seconds,true
DJI_20241217095631_0078_D.JPG,2024-12-17T10:56:31,capture_block_03,2024-12-17T10:37:31,2024-12-17T11:36:51,596,OPF capture time gap > 600 seconds,true
DJI_20241217095633_0079_D.JPG,2024-12-17T10:56:33,capture_block_03,2024-12-17T10:37:31,2024-12-17T11:36:51,596,OPF capture time gap > 600 seconds,true
DJI_20241217095635_0080_D.JPG,2024-12-17T10:56:35,capture_block_03,2024-12-17T10:37:31,2024-12-17T11:36:51,596,OPF capture time gap > 600 seconds,true
DJI_20241217095637_0081_D.JPG,2024-12-17T10:56:37,capture_block_03,2024-12-17T10:37:31,2024-12-17T11:36:51,596,OPF capture time gap > 600 seconds,true
DJI_20241217095639_0082_D.JPG,2024-12-17T10:56:39,capture_block_03,2024-12-17T10:37:31,2024-12-17T11:36:51,596,OPF capture time gap > 600 seconds,true
DJI_20241217095641_0083_D.JPG,2024-12-17T10:56:41,capture_block_03,2024-12-17T10:37:31,2024-12-17T11:36:51,596,OPF capture time gap > 600 seconds,true
DJI_20241217095643_0084_D.JPG,2024-12-17T10:56:43,capture_block_03,2024-12-17T10:37:31,2024-12-17T11:36:51,596,OPF capture time gap > 600 seconds,true
DJI_20241217095645_0085_D.JPG,2024-12-17T10:56:45,capture_block_03,2024-12-17T10:37:31,2024-12-17T11:36:51,596,OPF capture time gap > 600 seconds,true
DJI_20241217095647_0086_D.JPG,2024-12-17T10:56:47,capture_block_03,2024-12-17T10:37:31,2024-12-17T11:36:51,596,OPF capture time gap > 600 seconds,true
DJI_20241217095649_0087_D.JPG,2024-12-17T10:56:49,capture_block_03,2024-12-17T10:37:31,2024-12-17T11:36:51,596,OPF capture time gap > 600 seconds,true
DJI_20241217095755_0002_D.JPG,2024-12-17T10:57:55,capture_block_03,2024-12-17T10:37:31,2024-12-17T11:36:51,596,OPF capture time gap > 600 seconds,true
DJI_20241217095757_0003_D.JPG,2024-12-17T10:57:57,capture_block_03,2024-12-17T10:37:31,2024-12-17T11:36:51,596,OPF capture time gap > 600 seconds,true
DJI_20241217095759_0004_D.JPG,2024-12-17T10:57:59,capture_block_03,2024-12-17T10:37:31,2024-12-17T11:36:51,596,OPF capture time gap > 600 seconds,true
DJI_20241217095801_0005_D.JPG,2024-12-17T10:58:01,capture_block_03,2024-12-17T10:37:31,2024-12-17T11:36:51,596,OPF capture time gap > 600 seconds,true
DJI_20241217095803_0006_D.JPG,2024-12-17T10:58:03,capture_block_03,2024-12-17T10:37:31,2024-12-17T11:36:51,596,OPF capture time gap > 600 seconds,true
DJI_20241217095805_0007_D.JPG,2024-12-17T10:58:05,capture_block_03,2024-12-17T10:37:31,2024-12-17T11:36:51,596,OPF capture time gap > 600 seconds,true
DJI_20241217095807_0008_D.JPG,2024-12-17T10:58:07,capture_block_03,2024-12-17T10:37:31,2024-12-17T11:36:51,596,OPF capture time gap > 600 seconds,true
DJI_20241217095809_0009_D.JPG,2024-12-17T10:58:09,capture_block_03,2024-12-17T10:37:31,2024-12-17T11:36:51,596,OPF capture time gap > 600 seconds,true
DJI_20241217095811_0010_D.JPG,2024-12-17T10:58:11,capture_block_03,2024-12-17T10:37:31,2024-12-17T11:36:51,596,OPF capture time gap > 600 seconds,true
DJI_20241217095813_0011_D.JPG,2024-12-17T10:58:13,capture_block_03,2024-12-17T10:37:31,2024-12-17T11:36:51,596,OPF capture time gap > 600 seconds,true
DJI_20241217095815_0012_D.JPG,2024-12-17T10:58:15,capture_block_03,2024-12-17T10:37:31,2024-12-17T11:36:51,596,OPF capture time gap > 600 seconds,true
DJI_20241217095817_0013_D.JPG,2024-12-17T10:58:17,capture_block_03,2024-12-17T10:37:31,2024-12-17T11:36:51,596,OPF capture time gap > 600 seconds,true
DJI_20241217095819_0014_D.JPG,2024-12-17T10:58:19,capture_block_03,2024-12-17T10:37:31,2024-12-17T11:36:51,596,OPF capture time gap > 600 seconds,true
DJI_20241217095821_0015_D.JPG,2024-12-17T10:58:21,capture_block_03,2024-12-17T10:37:31,2024-12-17T11:36:51,596,OPF capture time gap > 600 seconds,true
DJI_20241217095823_0016_D.JPG,2024-12-17T10:58:23,capture_block_03,2024-12-17T10:37:31,2024-12-17T11:36:51,596,OPF capture time gap > 600 seconds,true
DJI_20241217095825_0017_D.JPG,2024-12-17T10:58:25,capture_block_03,2024-12-17T10:37:31,2024-12-17T11:36:51,596,OPF capture time gap > 600 seconds,true
DJI_20241217095827_0018_D.JPG,2024-12-17T10:58:27,capture_block_03,2024-12-17T10:37:31,2024-12-17T11:36:51,596,OPF capture time gap > 600 seconds,true
DJI_20241217095829_0019_D.JPG,2024-12-17T10:58:29,capture_block_03,2024-12-17T10:37:31,2024-12-17T11:36:51,596,OPF capture time gap > 600 seconds,true
DJI_20241217095839_0024_D.JPG,2024-12-17T10:58:39,capture_block_03,2024-12-17T10:37:31,2024-12-17T11:36:51,596,OPF capture time gap > 600 seconds,true
DJI_20241217095841_0025_D.JPG,2024-12-17T10:58:41,capture_block_03,2024-12-17T10:37:31,2024-12-17T11:36:51,596,OPF capture time gap > 600 seconds,true
DJI_20241217095843_0026_D.JPG,2024-12-17T10:58:43,capture_block_03,2024-12-17T10:37:31,2024-12-17T11:36:51,596,OPF capture time gap > 600 seconds,true
DJI_20241217095845_0027_D.JPG,2024-12-17T10:58:45,capture_block_03,2024-12-17T10:37:31,2024-12-17T11:36:51,596,OPF capture time gap > 600 seconds,true
DJI_20241217095847_0028_D.JPG,2024-12-17T10:58:47,capture_block_03,2024-12-17T10:37:31,2024-12-17T11:36:51,596,OPF capture time gap > 600 seconds,true
DJI_20241217095851_0030_D.JPG,2024-12-17T10:58:51,capture_block_03,2024-12-17T10:37:31,2024-12-17T11:36:51,596,OPF capture time gap > 600 seconds,true
DJI_20241217095853_0031_D.JPG,2024-12-17T10:58:53,capture_block_03,2024-12-17T10:37:31,2024-12-17T11:36:51,596,OPF capture time gap > 600 seconds,true
DJI_20241217095855_0032_D.JPG,2024-12-17T10:58:55,capture_block_03,2024-12-17T10:37:31,2024-12-17T11:36:51,596,OPF capture time gap > 600 seconds,true
DJI_20241217095857_0033_D.JPG,2024-12-17T10:58:57,capture_block_03,2024-12-17T10:37:31,2024-12-17T11:36:51,596,OPF capture time gap > 600 seconds,true
DJI_20241217095859_0034_D.JPG,2024-12-17T10:58:59,capture_block_03,2024-12-17T10:37:31,2024-12-17T11:36:51,596,OPF capture time gap > 600 seconds,true
DJI_20241217095901_0035_D.JPG,2024-12-17T10:59:01,capture_block_03,2024-12-17T10:37:31,2024-12-17T11:36:51,596,OPF capture time gap > 600 seconds,true
DJI_20241217095903_0036_D.JPG,2024-12-17T10:59:03,capture_block_03,2024-12-17T10:37:31,2024-12-17T11:36:51,596,OPF capture time gap > 600 seconds,true
DJI_20241217095905_0037_D.JPG,2024-12-17T10:59:05,capture_block_03,2024-12-17T10:37:31,2024-12-17T11:36:51,596,OPF capture time gap > 600 seconds,true
DJI_20241217095907_0038_D.JPG,2024-12-17T10:59:07,capture_block_03,2024-12-17T10:37:31,2024-12-17T11:36:51,596,OPF capture time gap > 600 seconds,true
DJI_20241217100036_0024_D.JPG,2024-12-17T11:00:36,capture_block_03,2024-12-17T10:37:31,2024-12-17T11:36:51,596,OPF capture time gap > 600 seconds,true
DJI_20241217100038_0025_D.JPG,2024-12-17T11:00:38,capture_block_03,2024-12-17T10:37:31,2024-12-17T11:36:51,596,OPF capture time gap > 600 seconds,true
DJI_20241217100040_0026_D.JPG,2024-12-17T11:00:40,capture_block_03,2024-12-17T10:37:31,2024-12-17T11:36:51,596,OPF capture time gap > 600 seconds,true
DJI_20241217100042_0027_D.JPG,2024-12-17T11:00:42,capture_block_03,2024-12-17T10:37:31,2024-12-17T11:36:51,596,OPF capture time gap > 600 seconds,true
DJI_20241217100044_0028_D.JPG,2024-12-17T11:00:44,capture_block_03,2024-12-17T10:37:31,2024-12-17T11:36:51,596,OPF capture time gap > 600 seconds,true
DJI_20241217100046_0029_D.JPG,2024-12-17T11:00:46,capture_block_03,2024-12-17T10:37:31,2024-12-17T11:36:51,596,OPF capture time gap > 600 seconds,true
DJI_20241217100048_0030_D.JPG,2024-12-17T11:00:48,capture_block_03,2024-12-17T10:37:31,2024-12-17T11:36:51,596,OPF capture time gap > 600 seconds,true
DJI_20241217100054_0033_D.JPG,2024-12-17T11:00:54,capture_block_03,2024-12-17T10:37:31,2024-12-17T11:36:51,596,OPF capture time gap > 600 seconds,true
DJI_20241217100056_0034_D.JPG,2024-12-17T11:00:56,capture_block_03,2024-12-17T10:37:31,2024-12-17T11:36:51,596,OPF capture time gap > 600 seconds,true
DJI_20241217100058_0035_D.JPG,2024-12-17T11:00:58,capture_block_03,2024-12-17T10:37:31,2024-12-17T11:36:51,596,OPF capture time gap > 600 seconds,true
DJI_20241217100100_0036_D.JPG,2024-12-17T11:01:00,capture_block_03,2024-12-17T10:37:31,2024-12-17T11:36:51,596,OPF capture time gap > 600 seconds,true
DJI_20241217100102_0037_D.JPG,2024-12-17T11:01:02,capture_block_03,2024-12-17T10:37:31,2024-12-17T11:36:51,596,OPF capture time gap > 600 seconds,true
DJI_20241217100106_0039_D.JPG,2024-12-17T11:01:06,capture_block_03,2024-12-17T10:37:31,2024-12-17T11:36:51,596,OPF capture time gap > 600 seconds,true
DJI_20241217100108_0040_D.JPG,2024-12-17T11:01:08,capture_block_03,2024-12-17T10:37:31,2024-12-17T11:36:51,596,OPF capture time gap > 600 seconds,true
DJI_20241217100110_0041_D.JPG,2024-12-17T11:01:10,capture_block_03,2024-12-17T10:37:31,2024-12-17T11:36:51,596,OPF capture time gap > 600 seconds,true
DJI_20241217100112_0042_D.JPG,2024-12-17T11:01:12,capture_block_03,2024-12-17T10:37:31,2024-12-17T11:36:51,596,OPF capture time gap > 600 seconds,true
DJI_20241217100114_0043_D.JPG,2024-12-17T11:01:14,capture_block_03,2024-12-17T10:37:31,2024-12-17T11:36:51,596,OPF capture time gap > 600 seconds,true
DJI_20241217100116_0044_D.JPG,2024-12-17T11:01:16,capture_block_03,2024-12-17T10:37:31,2024-12-17T11:36:51,596,OPF capture time gap > 600 seconds,true
DJI_20241217100118_0045_D.JPG,2024-12-17T11:01:18,capture_block_03,2024-12-17T10:37:31,2024-12-17T11:36:51,596,OPF capture time gap > 600 seconds,true
DJI_20241217100120_0046_D.JPG,2024-12-17T11:01:20,capture_block_03,2024-12-17T10:37:31,2024-12-17T11:36:51,596,OPF capture time gap > 600 seconds,true
DJI_20241217100122_0047_D.JPG,2024-12-17T11:01:22,capture_block_03,2024-12-17T10:37:31,2024-12-17T11:36:51,596,OPF capture time gap > 600 seconds,true
DJI_20241217100124_0048_D.JPG,2024-12-17T11:01:24,capture_block_03,2024-12-17T10:37:31,2024-12-17T11:36:51,596,OPF capture time gap > 600 seconds,true
DJI_20241217100126_0049_D.JPG,2024-12-17T11:01:26,capture_block_03,2024-12-17T10:37:31,2024-12-17T11:36:51,596,OPF capture time gap > 600 seconds,true
DJI_20241217100255_0002_D.JPG,2024-12-17T11:02:55,capture_block_03,2024-12-17T10:37:31,2024-12-17T11:36:51,596,OPF capture time gap > 600 seconds,true
DJI_20241217100257_0003_D.JPG,2024-12-17T11:02:57,capture_block_03,2024-12-17T10:37:31,2024-12-17T11:36:51,596,OPF capture time gap > 600 seconds,true
DJI_20241217100259_0004_D.JPG,2024-12-17T11:02:59,capture_block_03,2024-12-17T10:37:31,2024-12-17T11:36:51,596,OPF capture time gap > 600 seconds,true
DJI_20241217100301_0005_D.JPG,2024-12-17T11:03:01,capture_block_03,2024-12-17T10:37:31,2024-12-17T11:36:51,596,OPF capture time gap > 600 seconds,true
DJI_20241217100303_0006_D.JPG,2024-12-17T11:03:03,capture_block_03,2024-12-17T10:37:31,2024-12-17T11:36:51,596,OPF capture time gap > 600 seconds,true
DJI_20241217100305_0007_D.JPG,2024-12-17T11:03:05,capture_block_03,2024-12-17T10:37:31,2024-12-17T11:36:51,596,OPF capture time gap > 600 seconds,true
DJI_20241217100307_0008_D.JPG,2024-12-17T11:03:07,capture_block_03,2024-12-17T10:37:31,2024-12-17T11:36:51,596,OPF capture time gap > 600 seconds,true
DJI_20241217100309_0009_D.JPG,2024-12-17T11:03:09,capture_block_03,2024-12-17T10:37:31,2024-12-17T11:36:51,596,OPF capture time gap > 600 seconds,true
DJI_20241217100311_0010_D.JPG,2024-12-17T11:03:11,capture_block_03,2024-12-17T10:37:31,2024-12-17T11:36:51,596,OPF capture time gap > 600 seconds,true
DJI_20241217100313_0011_D.JPG,2024-12-17T11:03:13,capture_block_03,2024-12-17T10:37:31,2024-12-17T11:36:51,596,OPF capture time gap > 600 seconds,true
DJI_20241217100315_0012_D.JPG,2024-12-17T11:03:15,capture_block_03,2024-12-17T10:37:31,2024-12-17T11:36:51,596,OPF capture time gap > 600 seconds,true
DJI_20241217100317_0013_D.JPG,2024-12-17T11:03:17,capture_block_03,2024-12-17T10:37:31,2024-12-17T11:36:51,596,OPF capture time gap > 600 seconds,true
DJI_20241217100319_0014_D.JPG,2024-12-17T11:03:19,capture_block_03,2024-12-17T10:37:31,2024-12-17T11:36:51,596,OPF capture time gap > 600 seconds,true
DJI_20241217100321_0015_D.JPG,2024-12-17T11:03:21,capture_block_03,2024-12-17T10:37:31,2024-12-17T11:36:51,596,OPF capture time gap > 600 seconds,true
DJI_20241217100323_0016_D.JPG,2024-12-17T11:03:23,capture_block_03,2024-12-17T10:37:31,2024-12-17T11:36:51,596,OPF capture time gap > 600 seconds,true
DJI_20241217100329_0019_D.JPG,2024-12-17T11:03:29,capture_block_03,2024-12-17T10:37:31,2024-12-17T11:36:51,596,OPF capture time gap > 600 seconds,true
DJI_20241217100331_0020_D.JPG,2024-12-17T11:03:31,capture_block_03,2024-12-17T10:37:31,2024-12-17T11:36:51,596,OPF capture time gap > 600 seconds,true
DJI_20241217100333_0021_D.JPG,2024-12-17T11:03:33,capture_block_03,2024-12-17T10:37:31,2024-12-17T11:36:51,596,OPF capture time gap > 600 seconds,true
DJI_20241217100337_0023_D.JPG,2024-12-17T11:03:37,capture_block_03,2024-12-17T10:37:31,2024-12-17T11:36:51,596,OPF capture time gap > 600 seconds,true
DJI_20241217100339_0024_D.JPG,2024-12-17T11:03:39,capture_block_03,2024-12-17T10:37:31,2024-12-17T11:36:51,596,OPF capture time gap > 600 seconds,true
DJI_20241217100341_0025_D.JPG,2024-12-17T11:03:41,capture_block_03,2024-12-17T10:37:31,2024-12-17T11:36:51,596,OPF capture time gap > 600 seconds,true
DJI_20241217100343_0026_D.JPG,2024-12-17T11:03:43,capture_block_03,2024-12-17T10:37:31,2024-12-17T11:36:51,596,OPF capture time gap > 600 seconds,true
DJI_20241217100345_0027_D.JPG,2024-12-17T11:03:45,capture_block_03,2024-12-17T10:37:31,2024-12-17T11:36:51,596,OPF capture time gap > 600 seconds,true
DJI_20241217100347_0028_D.JPG,2024-12-17T11:03:47,capture_block_03,2024-12-17T10:37:31,2024-12-17T11:36:51,596,OPF capture time gap > 600 seconds,true
DJI_20241217100349_0029_D.JPG,2024-12-17T11:03:49,capture_block_03,2024-12-17T10:37:31,2024-12-17T11:36:51,596,OPF capture time gap > 600 seconds,true
DJI_20241217100351_0030_D.JPG,2024-12-17T11:03:51,capture_block_03,2024-12-17T10:37:31,2024-12-17T11:36:51,596,OPF capture time gap > 600 seconds,true
DJI_20241217100353_0031_D.JPG,2024-12-17T11:03:53,capture_block_03,2024-12-17T10:37:31,2024-12-17T11:36:51,596,OPF capture time gap > 600 seconds,true
DJI_20241217100355_0032_D.JPG,2024-12-17T11:03:55,capture_block_03,2024-12-17T10:37:31,2024-12-17T11:36:51,596,OPF capture time gap > 600 seconds,true
DJI_20241217100357_0033_D.JPG,2024-12-17T11:03:57,capture_block_03,2024-12-17T10:37:31,2024-12-17T11:36:51,596,OPF capture time gap > 600 seconds,true
DJI_20241217100359_0034_D.JPG,2024-12-17T11:03:59,capture_block_03,2024-12-17T10:37:31,2024-12-17T11:36:51,596,OPF capture time gap > 600 seconds,true
DJI_20241217100401_0035_D.JPG,2024-12-17T11:04:01,capture_block_03,2024-12-17T10:37:31,2024-12-17T11:36:51,596,OPF capture time gap > 600 seconds,true
DJI_20241217100403_0036_D.JPG,2024-12-17T11:04:03,capture_block_03,2024-12-17T10:37:31,2024-12-17T11:36:51,596,OPF capture time gap > 600 seconds,true
DJI_20241217100405_0037_D.JPG,2024-12-17T11:04:05,capture_block_03,2024-12-17T10:37:31,2024-12-17T11:36:51,596,OPF capture time gap > 600 seconds,true
DJI_20241217100413_0041_D.JPG,2024-12-17T11:04:13,capture_block_03,2024-12-17T10:37:31,2024-12-17T11:36:51,596,OPF capture time gap > 600 seconds,true
DJI_20241217101108_0003_D.JPG,2024-12-17T11:11:08,capture_block_03,2024-12-17T10:37:31,2024-12-17T11:36:51,596,OPF capture time gap > 600 seconds,true
DJI_20241217101110_0004_D.JPG,2024-12-17T11:11:10,capture_block_03,2024-12-17T10:37:31,2024-12-17T11:36:51,596,OPF capture time gap > 600 seconds,true
DJI_20241217101112_0005_D.JPG,2024-12-17T11:11:12,capture_block_03,2024-12-17T10:37:31,2024-12-17T11:36:51,596,OPF capture time gap > 600 seconds,true
DJI_20241217101114_0006_D.JPG,2024-12-17T11:11:14,capture_block_03,2024-12-17T10:37:31,2024-12-17T11:36:51,596,OPF capture time gap > 600 seconds,true
DJI_20241217101116_0007_D.JPG,2024-12-17T11:11:16,capture_block_03,2024-12-17T10:37:31,2024-12-17T11:36:51,596,OPF capture time gap > 600 seconds,true
DJI_20241217101118_0008_D.JPG,2024-12-17T11:11:18,capture_block_03,2024-12-17T10:37:31,2024-12-17T11:36:51,596,OPF capture time gap > 600 seconds,true
DJI_20241217101120_0009_D.JPG,2024-12-17T11:11:20,capture_block_03,2024-12-17T10:37:31,2024-12-17T11:36:51,596,OPF capture time gap > 600 seconds,true
DJI_20241217101122_0010_D.JPG,2024-12-17T11:11:22,capture_block_03,2024-12-17T10:37:31,2024-12-17T11:36:51,596,OPF capture time gap > 600 seconds,true
DJI_20241217101124_0011_D.JPG,2024-12-17T11:11:24,capture_block_03,2024-12-17T10:37:31,2024-12-17T11:36:51,596,OPF capture time gap > 600 seconds,true
DJI_20241217101126_0012_D.JPG,2024-12-17T11:11:26,capture_block_03,2024-12-17T10:37:31,2024-12-17T11:36:51,596,OPF capture time gap > 600 seconds,true
DJI_20241217101128_0013_D.JPG,2024-12-17T11:11:28,capture_block_03,2024-12-17T10:37:31,2024-12-17T11:36:51,596,OPF capture time gap > 600 seconds,true
DJI_20241217101130_0014_D.JPG,2024-12-17T11:11:30,capture_block_03,2024-12-17T10:37:31,2024-12-17T11:36:51,596,OPF capture time gap > 600 seconds,true
DJI_20241217101132_0015_D.JPG,2024-12-17T11:11:32,capture_block_03,2024-12-17T10:37:31,2024-12-17T11:36:51,596,OPF capture time gap > 600 seconds,true
DJI_20241217101134_0016_D.JPG,2024-12-17T11:11:34,capture_block_03,2024-12-17T10:37:31,2024-12-17T11:36:51,596,OPF capture time gap > 600 seconds,true
DJI_20241217101136_0017_D.JPG,2024-12-17T11:11:36,capture_block_03,2024-12-17T10:37:31,2024-12-17T11:36:51,596,OPF capture time gap > 600 seconds,true
DJI_20241217101138_0018_D.JPG,2024-12-17T11:11:38,capture_block_03,2024-12-17T10:37:31,2024-12-17T11:36:51,596,OPF capture time gap > 600 seconds,true
DJI_20241217101140_0019_D.JPG,2024-12-17T11:11:40,capture_block_03,2024-12-17T10:37:31,2024-12-17T11:36:51,596,OPF capture time gap > 600 seconds,true
DJI_20241217101142_0020_D.JPG,2024-12-17T11:11:42,capture_block_03,2024-12-17T10:37:31,2024-12-17T11:36:51,596,OPF capture time gap > 600 seconds,true
DJI_20241217101144_0021_D.JPG,2024-12-17T11:11:44,capture_block_03,2024-12-17T10:37:31,2024-12-17T11:36:51,596,OPF capture time gap > 600 seconds,true
DJI_20241217101146_0022_D.JPG,2024-12-17T11:11:46,capture_block_03,2024-12-17T10:37:31,2024-12-17T11:36:51,596,OPF capture time gap > 600 seconds,true
DJI_20241217101148_0023_D.JPG,2024-12-17T11:11:48,capture_block_03,2024-12-17T10:37:31,2024-12-17T11:36:51,596,OPF capture time gap > 600 seconds,true
DJI_20241217101150_0024_D.JPG,2024-12-17T11:11:50,capture_block_03,2024-12-17T10:37:31,2024-12-17T11:36:51,596,OPF capture time gap > 600 seconds,true
DJI_20241217101152_0025_D.JPG,2024-12-17T11:11:52,capture_block_03,2024-12-17T10:37:31,2024-12-17T11:36:51,596,OPF capture time gap > 600 seconds,true
DJI_20241217101259_0002_D.JPG,2024-12-17T11:12:59,capture_block_03,2024-12-17T10:37:31,2024-12-17T11:36:51,596,OPF capture time gap > 600 seconds,true
DJI_20241217101301_0003_D.JPG,2024-12-17T11:13:01,capture_block_03,2024-12-17T10:37:31,2024-12-17T11:36:51,596,OPF capture time gap > 600 seconds,true
DJI_20241217101303_0004_D.JPG,2024-12-17T11:13:03,capture_block_03,2024-12-17T10:37:31,2024-12-17T11:36:51,596,OPF capture time gap > 600 seconds,true
DJI_20241217101305_0005_D.JPG,2024-12-17T11:13:05,capture_block_03,2024-12-17T10:37:31,2024-12-17T11:36:51,596,OPF capture time gap > 600 seconds,true
DJI_20241217101307_0006_D.JPG,2024-12-17T11:13:07,capture_block_03,2024-12-17T10:37:31,2024-12-17T11:36:51,596,OPF capture time gap > 600 seconds,true
DJI_20241217101309_0007_D.JPG,2024-12-17T11:13:09,capture_block_03,2024-12-17T10:37:31,2024-12-17T11:36:51,596,OPF capture time gap > 600 seconds,true
DJI_20241217101311_0008_D.JPG,2024-12-17T11:13:11,capture_block_03,2024-12-17T10:37:31,2024-12-17T11:36:51,596,OPF capture time gap > 600 seconds,true
DJI_20241217101313_0009_D.JPG,2024-12-17T11:13:13,capture_block_03,2024-12-17T10:37:31,2024-12-17T11:36:51,596,OPF capture time gap > 600 seconds,true
DJI_20241217101315_0010_D.JPG,2024-12-17T11:13:15,capture_block_03,2024-12-17T10:37:31,2024-12-17T11:36:51,596,OPF capture time gap > 600 seconds,true
DJI_20241217101317_0011_D.JPG,2024-12-17T11:13:17,capture_block_03,2024-12-17T10:37:31,2024-12-17T11:36:51,596,OPF capture time gap > 600 seconds,true
DJI_20241217101319_0012_D.JPG,2024-12-17T11:13:19,capture_block_03,2024-12-17T10:37:31,2024-12-17T11:36:51,596,OPF capture time gap > 600 seconds,true
DJI_20241217101321_0013_D.JPG,2024-12-17T11:13:21,capture_block_03,2024-12-17T10:37:31,2024-12-17T11:36:51,596,OPF capture time gap > 600 seconds,true
DJI_20241217101323_0014_D.JPG,2024-12-17T11:13:23,capture_block_03,2024-12-17T10:37:31,2024-12-17T11:36:51,596,OPF capture time gap > 600 seconds,true
DJI_20241217101325_0015_D.JPG,2024-12-17T11:13:25,capture_block_03,2024-12-17T10:37:31,2024-12-17T11:36:51,596,OPF capture time gap > 600 seconds,true
DJI_20241217101327_0016_D.JPG,2024-12-17T11:13:27,capture_block_03,2024-12-17T10:37:31,2024-12-17T11:36:51,596,OPF capture time gap > 600 seconds,true
DJI_20241217101329_0017_D.JPG,2024-12-17T11:13:29,capture_block_03,2024-12-17T10:37:31,2024-12-17T11:36:51,596,OPF capture time gap > 600 seconds,true
DJI_20241217101331_0018_D.JPG,2024-12-17T11:13:31,capture_block_03,2024-12-17T10:37:31,2024-12-17T11:36:51,596,OPF capture time gap > 600 seconds,true
DJI_20241217101333_0019_D.JPG,2024-12-17T11:13:33,capture_block_03,2024-12-17T10:37:31,2024-12-17T11:36:51,596,OPF capture time gap > 600 seconds,true
DJI_20241217101335_0020_D.JPG,2024-12-17T11:13:35,capture_block_03,2024-12-17T10:37:31,2024-12-17T11:36:51,596,OPF capture time gap > 600 seconds,true
DJI_20241217101337_0021_D.JPG,2024-12-17T11:13:37,capture_block_03,2024-12-17T10:37:31,2024-12-17T11:36:51,596,OPF capture time gap > 600 seconds,true
DJI_20241217101339_0022_D.JPG,2024-12-17T11:13:39,capture_block_03,2024-12-17T10:37:31,2024-12-17T11:36:51,596,OPF capture time gap > 600 seconds,true
DJI_20241217101341_0023_D.JPG,2024-12-17T11:13:41,capture_block_03,2024-12-17T10:37:31,2024-12-17T11:36:51,596,OPF capture time gap > 600 seconds,true
DJI_20241217101343_0024_D.JPG,2024-12-17T11:13:43,capture_block_03,2024-12-17T10:37:31,2024-12-17T11:36:51,596,OPF capture time gap > 600 seconds,true
DJI_20241217101345_0025_D.JPG,2024-12-17T11:13:45,capture_block_03,2024-12-17T10:37:31,2024-12-17T11:36:51,596,OPF capture time gap > 600 seconds,true
DJI_20241217101347_0026_D.JPG,2024-12-17T11:13:47,capture_block_03,2024-12-17T10:37:31,2024-12-17T11:36:51,596,OPF capture time gap > 600 seconds,true
DJI_20241217101349_0027_D.JPG,2024-12-17T11:13:49,capture_block_03,2024-12-17T10:37:31,2024-12-17T11:36:51,596,OPF capture time gap > 600 seconds,true
DJI_20241217101351_0028_D.JPG,2024-12-17T11:13:51,capture_block_03,2024-12-17T10:37:31,2024-12-17T11:36:51,596,OPF capture time gap > 600 seconds,true
DJI_20241217101353_0029_D.JPG,2024-12-17T11:13:53,capture_block_03,2024-12-17T10:37:31,2024-12-17T11:36:51,596,OPF capture time gap > 600 seconds,true
DJI_20241217101355_0030_D.JPG,2024-12-17T11:13:55,capture_block_03,2024-12-17T10:37:31,2024-12-17T11:36:51,596,OPF capture time gap > 600 seconds,true
DJI_20241217101357_0031_D.JPG,2024-12-17T11:13:57,capture_block_03,2024-12-17T10:37:31,2024-12-17T11:36:51,596,OPF capture time gap > 600 seconds,true
DJI_20241217101359_0032_D.JPG,2024-12-17T11:13:59,capture_block_03,2024-12-17T10:37:31,2024-12-17T11:36:51,596,OPF capture time gap > 600 seconds,true
DJI_20241217101401_0033_D.JPG,2024-12-17T11:14:01,capture_block_03,2024-12-17T10:37:31,2024-12-17T11:36:51,596,OPF capture time gap > 600 seconds,true
DJI_20241217101403_0034_D.JPG,2024-12-17T11:14:03,capture_block_03,2024-12-17T10:37:31,2024-12-17T11:36:51,596,OPF capture time gap > 600 seconds,true
DJI_20241217101405_0035_D.JPG,2024-12-17T11:14:05,capture_block_03,2024-12-17T10:37:31,2024-12-17T11:36:51,596,OPF capture time gap > 600 seconds,true
DJI_20241217101453_0037_D.JPG,2024-12-17T11:14:53,capture_block_03,2024-12-17T10:37:31,2024-12-17T11:36:51,596,OPF capture time gap > 600 seconds,true
DJI_20241217101530_0002_D.JPG,2024-12-17T11:15:30,capture_block_03,2024-12-17T10:37:31,2024-12-17T11:36:51,596,OPF capture time gap > 600 seconds,true
DJI_20241217101532_0003_D.JPG,2024-12-17T11:15:32,capture_block_03,2024-12-17T10:37:31,2024-12-17T11:36:51,596,OPF capture time gap > 600 seconds,true
DJI_20241217101534_0004_D.JPG,2024-12-17T11:15:34,capture_block_03,2024-12-17T10:37:31,2024-12-17T11:36:51,596,OPF capture time gap > 600 seconds,true
DJI_20241217101536_0005_D.JPG,2024-12-17T11:15:36,capture_block_03,2024-12-17T10:37:31,2024-12-17T11:36:51,596,OPF capture time gap > 600 seconds,true
DJI_20241217101538_0006_D.JPG,2024-12-17T11:15:38,capture_block_03,2024-12-17T10:37:31,2024-12-17T11:36:51,596,OPF capture time gap > 600 seconds,true
DJI_20241217101540_0007_D.JPG,2024-12-17T11:15:40,capture_block_03,2024-12-17T10:37:31,2024-12-17T11:36:51,596,OPF capture time gap > 600 seconds,true
DJI_20241217101542_0008_D.JPG,2024-12-17T11:15:42,capture_block_03,2024-12-17T10:37:31,2024-12-17T11:36:51,596,OPF capture time gap > 600 seconds,true
DJI_20241217101544_0009_D.JPG,2024-12-17T11:15:44,capture_block_03,2024-12-17T10:37:31,2024-12-17T11:36:51,596,OPF capture time gap > 600 seconds,true
DJI_20241217101546_0010_D.JPG,2024-12-17T11:15:46,capture_block_03,2024-12-17T10:37:31,2024-12-17T11:36:51,596,OPF capture time gap > 600 seconds,true
DJI_20241217101548_0011_D.JPG,2024-12-17T11:15:48,capture_block_03,2024-12-17T10:37:31,2024-12-17T11:36:51,596,OPF capture time gap > 600 seconds,true
DJI_20241217101550_0012_D.JPG,2024-12-17T11:15:50,capture_block_03,2024-12-17T10:37:31,2024-12-17T11:36:51,596,OPF capture time gap > 600 seconds,true
DJI_20241217101552_0013_D.JPG,2024-12-17T11:15:52,capture_block_03,2024-12-17T10:37:31,2024-12-17T11:36:51,596,OPF capture time gap > 600 seconds,true
DJI_20241217101554_0014_D.JPG,2024-12-17T11:15:54,capture_block_03,2024-12-17T10:37:31,2024-12-17T11:36:51,596,OPF capture time gap > 600 seconds,true
DJI_20241217101556_0015_D.JPG,2024-12-17T11:15:56,capture_block_03,2024-12-17T10:37:31,2024-12-17T11:36:51,596,OPF capture time gap > 600 seconds,true
DJI_20241217101558_0016_D.JPG,2024-12-17T11:15:58,capture_block_03,2024-12-17T10:37:31,2024-12-17T11:36:51,596,OPF capture time gap > 600 seconds,true
DJI_20241217101600_0017_D.JPG,2024-12-17T11:16:00,capture_block_03,2024-12-17T10:37:31,2024-12-17T11:36:51,596,OPF capture time gap > 600 seconds,true
DJI_20241217101602_0018_D.JPG,2024-12-17T11:16:02,capture_block_03,2024-12-17T10:37:31,2024-12-17T11:36:51,596,OPF capture time gap > 600 seconds,true
DJI_20241217101747_0011_D.JPG,2024-12-17T11:17:47,capture_block_03,2024-12-17T10:37:31,2024-12-17T11:36:51,596,OPF capture time gap > 600 seconds,true
DJI_20241217101749_0012_D.JPG,2024-12-17T11:17:49,capture_block_03,2024-12-17T10:37:31,2024-12-17T11:36:51,596,OPF capture time gap > 600 seconds,true
DJI_20241217101751_0013_D.JPG,2024-12-17T11:17:51,capture_block_03,2024-12-17T10:37:31,2024-12-17T11:36:51,596,OPF capture time gap > 600 seconds,true
DJI_20241217101753_0014_D.JPG,2024-12-17T11:17:53,capture_block_03,2024-12-17T10:37:31,2024-12-17T11:36:51,596,OPF capture time gap > 600 seconds,true
DJI_20241217101755_0015_D.JPG,2024-12-17T11:17:55,capture_block_03,2024-12-17T10:37:31,2024-12-17T11:36:51,596,OPF capture time gap > 600 seconds,true
DJI_20241217101757_0016_D.JPG,2024-12-17T11:17:57,capture_block_03,2024-12-17T10:37:31,2024-12-17T11:36:51,596,OPF capture time gap > 600 seconds,true
DJI_20241217101759_0017_D.JPG,2024-12-17T11:17:59,capture_block_03,2024-12-17T10:37:31,2024-12-17T11:36:51,596,OPF capture time gap > 600 seconds,true
DJI_20241217101801_0018_D.JPG,2024-12-17T11:18:01,capture_block_03,2024-12-17T10:37:31,2024-12-17T11:36:51,596,OPF capture time gap > 600 seconds,true
DJI_20241217101803_0019_D.JPG,2024-12-17T11:18:03,capture_block_03,2024-12-17T10:37:31,2024-12-17T11:36:51,596,OPF capture time gap > 600 seconds,true
DJI_20241217101805_0020_D.JPG,2024-12-17T11:18:05,capture_block_03,2024-12-17T10:37:31,2024-12-17T11:36:51,596,OPF capture time gap > 600 seconds,true
DJI_20241217101807_0021_D.JPG,2024-12-17T11:18:07,capture_block_03,2024-12-17T10:37:31,2024-12-17T11:36:51,596,OPF capture time gap > 600 seconds,true
DJI_20241217101809_0022_D.JPG,2024-12-17T11:18:09,capture_block_03,2024-12-17T10:37:31,2024-12-17T11:36:51,596,OPF capture time gap > 600 seconds,true
DJI_20241217101811_0023_D.JPG,2024-12-17T11:18:11,capture_block_03,2024-12-17T10:37:31,2024-12-17T11:36:51,596,OPF capture time gap > 600 seconds,true
DJI_20241217101813_0024_D.JPG,2024-12-17T11:18:13,capture_block_03,2024-12-17T10:37:31,2024-12-17T11:36:51,596,OPF capture time gap > 600 seconds,true
DJI_20241217101815_0025_D.JPG,2024-12-17T11:18:15,capture_block_03,2024-12-17T10:37:31,2024-12-17T11:36:51,596,OPF capture time gap > 600 seconds,true
DJI_20241217101817_0026_D.JPG,2024-12-17T11:18:17,capture_block_03,2024-12-17T10:37:31,2024-12-17T11:36:51,596,OPF capture time gap > 600 seconds,true
DJI_20241217101819_0027_D.JPG,2024-12-17T11:18:19,capture_block_03,2024-12-17T10:37:31,2024-12-17T11:36:51,596,OPF capture time gap > 600 seconds,true
DJI_20241217101821_0028_D.JPG,2024-12-17T11:18:21,capture_block_03,2024-12-17T10:37:31,2024-12-17T11:36:51,596,OPF capture time gap > 600 seconds,true
DJI_20241217101823_0029_D.JPG,2024-12-17T11:18:23,capture_block_03,2024-12-17T10:37:31,2024-12-17T11:36:51,596,OPF capture time gap > 600 seconds,true
DJI_20241217101825_0030_D.JPG,2024-12-17T11:18:25,capture_block_03,2024-12-17T10:37:31,2024-12-17T11:36:51,596,OPF capture time gap > 600 seconds,true
DJI_20241217101827_0031_D.JPG,2024-12-17T11:18:27,capture_block_03,2024-12-17T10:37:31,2024-12-17T11:36:51,596,OPF capture time gap > 600 seconds,true
DJI_20241217101829_0032_D.JPG,2024-12-17T11:18:29,capture_block_03,2024-12-17T10:37:31,2024-12-17T11:36:51,596,OPF capture time gap > 600 seconds,true
DJI_20241217101831_0033_D.JPG,2024-12-17T11:18:31,capture_block_03,2024-12-17T10:37:31,2024-12-17T11:36:51,596,OPF capture time gap > 600 seconds,true
DJI_20241217101833_0034_D.JPG,2024-12-17T11:18:33,capture_block_03,2024-12-17T10:37:31,2024-12-17T11:36:51,596,OPF capture time gap > 600 seconds,true
DJI_20241217101839_0037_D.JPG,2024-12-17T11:18:39,capture_block_03,2024-12-17T10:37:31,2024-12-17T11:36:51,596,OPF capture time gap > 600 seconds,true
DJI_20241217101845_0040_D.JPG,2024-12-17T11:18:45,capture_block_03,2024-12-17T10:37:31,2024-12-17T11:36:51,596,OPF capture time gap > 600 seconds,true
DJI_20241217101847_0041_D.JPG,2024-12-17T11:18:47,capture_block_03,2024-12-17T10:37:31,2024-12-17T11:36:51,596,OPF capture time gap > 600 seconds,true
DJI_20241217102006_0002_D.JPG,2024-12-17T11:20:06,capture_block_03,2024-12-17T10:37:31,2024-12-17T11:36:51,596,OPF capture time gap > 600 seconds,true
DJI_20241217102008_0003_D.JPG,2024-12-17T11:20:08,capture_block_03,2024-12-17T10:37:31,2024-12-17T11:36:51,596,OPF capture time gap > 600 seconds,true
DJI_20241217102010_0004_D.JPG,2024-12-17T11:20:10,capture_block_03,2024-12-17T10:37:31,2024-12-17T11:36:51,596,OPF capture time gap > 600 seconds,true
DJI_20241217102012_0005_D.JPG,2024-12-17T11:20:12,capture_block_03,2024-12-17T10:37:31,2024-12-17T11:36:51,596,OPF capture time gap > 600 seconds,true
DJI_20241217102026_0012_D.JPG,2024-12-17T11:20:26,capture_block_03,2024-12-17T10:37:31,2024-12-17T11:36:51,596,OPF capture time gap > 600 seconds,true
DJI_20241217102028_0013_D.JPG,2024-12-17T11:20:28,capture_block_03,2024-12-17T10:37:31,2024-12-17T11:36:51,596,OPF capture time gap > 600 seconds,true
DJI_20241217102030_0014_D.JPG,2024-12-17T11:20:30,capture_block_03,2024-12-17T10:37:31,2024-12-17T11:36:51,596,OPF capture time gap > 600 seconds,true
DJI_20241217102032_0015_D.JPG,2024-12-17T11:20:32,capture_block_03,2024-12-17T10:37:31,2024-12-17T11:36:51,596,OPF capture time gap > 600 seconds,true
DJI_20241217102034_0016_D.JPG,2024-12-17T11:20:34,capture_block_03,2024-12-17T10:37:31,2024-12-17T11:36:51,596,OPF capture time gap > 600 seconds,true
DJI_20241217102036_0017_D.JPG,2024-12-17T11:20:36,capture_block_03,2024-12-17T10:37:31,2024-12-17T11:36:51,596,OPF capture time gap > 600 seconds,true
DJI_20241217102038_0018_D.JPG,2024-12-17T11:20:38,capture_block_03,2024-12-17T10:37:31,2024-12-17T11:36:51,596,OPF capture time gap > 600 seconds,true
DJI_20241217102040_0019_D.JPG,2024-12-17T11:20:40,capture_block_03,2024-12-17T10:37:31,2024-12-17T11:36:51,596,OPF capture time gap > 600 seconds,true
DJI_20241217102042_0020_D.JPG,2024-12-17T11:20:42,capture_block_03,2024-12-17T10:37:31,2024-12-17T11:36:51,596,OPF capture time gap > 600 seconds,true
DJI_20241217102044_0021_D.JPG,2024-12-17T11:20:44,capture_block_03,2024-12-17T10:37:31,2024-12-17T11:36:51,596,OPF capture time gap > 600 seconds,true
DJI_20241217102046_0022_D.JPG,2024-12-17T11:20:46,capture_block_03,2024-12-17T10:37:31,2024-12-17T11:36:51,596,OPF capture time gap > 600 seconds,true
DJI_20241217102048_0023_D.JPG,2024-12-17T11:20:48,capture_block_03,2024-12-17T10:37:31,2024-12-17T11:36:51,596,OPF capture time gap > 600 seconds,true
DJI_20241217102050_0024_D.JPG,2024-12-17T11:20:50,capture_block_03,2024-12-17T10:37:31,2024-12-17T11:36:51,596,OPF capture time gap > 600 seconds,true
DJI_20241217102052_0025_D.JPG,2024-12-17T11:20:52,capture_block_03,2024-12-17T10:37:31,2024-12-17T11:36:51,596,OPF capture time gap > 600 seconds,true
DJI_20241217102056_0027_D.JPG,2024-12-17T11:20:56,capture_block_03,2024-12-17T10:37:31,2024-12-17T11:36:51,596,OPF capture time gap > 600 seconds,true
DJI_20241217102104_0031_D.JPG,2024-12-17T11:21:04,capture_block_03,2024-12-17T10:37:31,2024-12-17T11:36:51,596,OPF capture time gap > 600 seconds,true
DJI_20241217102243_0003_D.JPG,2024-12-17T11:22:43,capture_block_03,2024-12-17T10:37:31,2024-12-17T11:36:51,596,OPF capture time gap > 600 seconds,true
DJI_20241217102245_0004_D.JPG,2024-12-17T11:22:45,capture_block_03,2024-12-17T10:37:31,2024-12-17T11:36:51,596,OPF capture time gap > 600 seconds,true
DJI_20241217102247_0005_D.JPG,2024-12-17T11:22:47,capture_block_03,2024-12-17T10:37:31,2024-12-17T11:36:51,596,OPF capture time gap > 600 seconds,true
DJI_20241217102249_0006_D.JPG,2024-12-17T11:22:49,capture_block_03,2024-12-17T10:37:31,2024-12-17T11:36:51,596,OPF capture time gap > 600 seconds,true
DJI_20241217102251_0007_D.JPG,2024-12-17T11:22:51,capture_block_03,2024-12-17T10:37:31,2024-12-17T11:36:51,596,OPF capture time gap > 600 seconds,true
DJI_20241217102253_0008_D.JPG,2024-12-17T11:22:53,capture_block_03,2024-12-17T10:37:31,2024-12-17T11:36:51,596,OPF capture time gap > 600 seconds,true
DJI_20241217102255_0009_D.JPG,2024-12-17T11:22:55,capture_block_03,2024-12-17T10:37:31,2024-12-17T11:36:51,596,OPF capture time gap > 600 seconds,true
DJI_20241217102257_0010_D.JPG,2024-12-17T11:22:57,capture_block_03,2024-12-17T10:37:31,2024-12-17T11:36:51,596,OPF capture time gap > 600 seconds,true
DJI_20241217102259_0011_D.JPG,2024-12-17T11:22:59,capture_block_03,2024-12-17T10:37:31,2024-12-17T11:36:51,596,OPF capture time gap > 600 seconds,true
DJI_20241217102301_0012_D.JPG,2024-12-17T11:23:01,capture_block_03,2024-12-17T10:37:31,2024-12-17T11:36:51,596,OPF capture time gap > 600 seconds,true
DJI_20241217102303_0013_D.JPG,2024-12-17T11:23:03,capture_block_03,2024-12-17T10:37:31,2024-12-17T11:36:51,596,OPF capture time gap > 600 seconds,true
DJI_20241217102305_0014_D.JPG,2024-12-17T11:23:05,capture_block_03,2024-12-17T10:37:31,2024-12-17T11:36:51,596,OPF capture time gap > 600 seconds,true
DJI_20241217102307_0015_D.JPG,2024-12-17T11:23:07,capture_block_03,2024-12-17T10:37:31,2024-12-17T11:36:51,596,OPF capture time gap > 600 seconds,true
DJI_20241217102309_0016_D.JPG,2024-12-17T11:23:09,capture_block_03,2024-12-17T10:37:31,2024-12-17T11:36:51,596,OPF capture time gap > 600 seconds,true
DJI_20241217102311_0017_D.JPG,2024-12-17T11:23:11,capture_block_03,2024-12-17T10:37:31,2024-12-17T11:36:51,596,OPF capture time gap > 600 seconds,true
DJI_20241217102313_0018_D.JPG,2024-12-17T11:23:13,capture_block_03,2024-12-17T10:37:31,2024-12-17T11:36:51,596,OPF capture time gap > 600 seconds,true
DJI_20241217102315_0019_D.JPG,2024-12-17T11:23:15,capture_block_03,2024-12-17T10:37:31,2024-12-17T11:36:51,596,OPF capture time gap > 600 seconds,true
DJI_20241217102317_0020_D.JPG,2024-12-17T11:23:17,capture_block_03,2024-12-17T10:37:31,2024-12-17T11:36:51,596,OPF capture time gap > 600 seconds,true
DJI_20241217102319_0021_D.JPG,2024-12-17T11:23:19,capture_block_03,2024-12-17T10:37:31,2024-12-17T11:36:51,596,OPF capture time gap > 600 seconds,true
DJI_20241217102321_0022_D.JPG,2024-12-17T11:23:21,capture_block_03,2024-12-17T10:37:31,2024-12-17T11:36:51,596,OPF capture time gap > 600 seconds,true
DJI_20241217102323_0023_D.JPG,2024-12-17T11:23:23,capture_block_03,2024-12-17T10:37:31,2024-12-17T11:36:51,596,OPF capture time gap > 600 seconds,true
DJI_20241217102325_0024_D.JPG,2024-12-17T11:23:25,capture_block_03,2024-12-17T10:37:31,2024-12-17T11:36:51,596,OPF capture time gap > 600 seconds,true
DJI_20241217102327_0025_D.JPG,2024-12-17T11:23:27,capture_block_03,2024-12-17T10:37:31,2024-12-17T11:36:51,596,OPF capture time gap > 600 seconds,true
DJI_20241217102459_0002_D.JPG,2024-12-17T11:24:59,capture_block_03,2024-12-17T10:37:31,2024-12-17T11:36:51,596,OPF capture time gap > 600 seconds,true
DJI_20241217102501_0003_D.JPG,2024-12-17T11:25:01,capture_block_03,2024-12-17T10:37:31,2024-12-17T11:36:51,596,OPF capture time gap > 600 seconds,true
DJI_20241217102503_0004_D.JPG,2024-12-17T11:25:03,capture_block_03,2024-12-17T10:37:31,2024-12-17T11:36:51,596,OPF capture time gap > 600 seconds,true
DJI_20241217102505_0005_D.JPG,2024-12-17T11:25:05,capture_block_03,2024-12-17T10:37:31,2024-12-17T11:36:51,596,OPF capture time gap > 600 seconds,true
DJI_20241217102507_0006_D.JPG,2024-12-17T11:25:07,capture_block_03,2024-12-17T10:37:31,2024-12-17T11:36:51,596,OPF capture time gap > 600 seconds,true
DJI_20241217102509_0007_D.JPG,2024-12-17T11:25:09,capture_block_03,2024-12-17T10:37:31,2024-12-17T11:36:51,596,OPF capture time gap > 600 seconds,true
DJI_20241217102511_0008_D.JPG,2024-12-17T11:25:11,capture_block_03,2024-12-17T10:37:31,2024-12-17T11:36:51,596,OPF capture time gap > 600 seconds,true
DJI_20241217102513_0009_D.JPG,2024-12-17T11:25:13,capture_block_03,2024-12-17T10:37:31,2024-12-17T11:36:51,596,OPF capture time gap > 600 seconds,true
DJI_20241217102515_0010_D.JPG,2024-12-17T11:25:15,capture_block_03,2024-12-17T10:37:31,2024-12-17T11:36:51,596,OPF capture time gap > 600 seconds,true
DJI_20241217102517_0011_D.JPG,2024-12-17T11:25:17,capture_block_03,2024-12-17T10:37:31,2024-12-17T11:36:51,596,OPF capture time gap > 600 seconds,true
DJI_20241217102519_0012_D.JPG,2024-12-17T11:25:19,capture_block_03,2024-12-17T10:37:31,2024-12-17T11:36:51,596,OPF capture time gap > 600 seconds,true
DJI_20241217102521_0013_D.JPG,2024-12-17T11:25:21,capture_block_03,2024-12-17T10:37:31,2024-12-17T11:36:51,596,OPF capture time gap > 600 seconds,true
DJI_20241217102523_0014_D.JPG,2024-12-17T11:25:23,capture_block_03,2024-12-17T10:37:31,2024-12-17T11:36:51,596,OPF capture time gap > 600 seconds,true
DJI_20241217102525_0015_D.JPG,2024-12-17T11:25:25,capture_block_03,2024-12-17T10:37:31,2024-12-17T11:36:51,596,OPF capture time gap > 600 seconds,true
DJI_20241217102527_0016_D.JPG,2024-12-17T11:25:27,capture_block_03,2024-12-17T10:37:31,2024-12-17T11:36:51,596,OPF capture time gap > 600 seconds,true
DJI_20241217102529_0017_D.JPG,2024-12-17T11:25:29,capture_block_03,2024-12-17T10:37:31,2024-12-17T11:36:51,596,OPF capture time gap > 600 seconds,true
DJI_20241217102531_0018_D.JPG,2024-12-17T11:25:31,capture_block_03,2024-12-17T10:37:31,2024-12-17T11:36:51,596,OPF capture time gap > 600 seconds,true
DJI_20241217102533_0019_D.JPG,2024-12-17T11:25:33,capture_block_03,2024-12-17T10:37:31,2024-12-17T11:36:51,596,OPF capture time gap > 600 seconds,true
DJI_20241217102535_0020_D.JPG,2024-12-17T11:25:35,capture_block_03,2024-12-17T10:37:31,2024-12-17T11:36:51,596,OPF capture time gap > 600 seconds,true
DJI_20241217102537_0021_D.JPG,2024-12-17T11:25:37,capture_block_03,2024-12-17T10:37:31,2024-12-17T11:36:51,596,OPF capture time gap > 600 seconds,true
DJI_20241217102539_0022_D.JPG,2024-12-17T11:25:39,capture_block_03,2024-12-17T10:37:31,2024-12-17T11:36:51,596,OPF capture time gap > 600 seconds,true
DJI_20241217102541_0023_D.JPG,2024-12-17T11:25:41,capture_block_03,2024-12-17T10:37:31,2024-12-17T11:36:51,596,OPF capture time gap > 600 seconds,true
DJI_20241217102543_0024_D.JPG,2024-12-17T11:25:43,capture_block_03,2024-12-17T10:37:31,2024-12-17T11:36:51,596,OPF capture time gap > 600 seconds,true
DJI_20241217102545_0025_D.JPG,2024-12-17T11:25:45,capture_block_03,2024-12-17T10:37:31,2024-12-17T11:36:51,596,OPF capture time gap > 600 seconds,true
DJI_20241217102547_0026_D.JPG,2024-12-17T11:25:47,capture_block_03,2024-12-17T10:37:31,2024-12-17T11:36:51,596,OPF capture time gap > 600 seconds,true
DJI_20241217102549_0027_D.JPG,2024-12-17T11:25:49,capture_block_03,2024-12-17T10:37:31,2024-12-17T11:36:51,596,OPF capture time gap > 600 seconds,true
DJI_20241217102551_0028_D.JPG,2024-12-17T11:25:51,capture_block_03,2024-12-17T10:37:31,2024-12-17T11:36:51,596,OPF capture time gap > 600 seconds,true
DJI_20241217102553_0029_D.JPG,2024-12-17T11:25:53,capture_block_03,2024-12-17T10:37:31,2024-12-17T11:36:51,596,OPF capture time gap > 600 seconds,true
DJI_20241217102555_0030_D.JPG,2024-12-17T11:25:55,capture_block_03,2024-12-17T10:37:31,2024-12-17T11:36:51,596,OPF capture time gap > 600 seconds,true
DJI_20241217102557_0031_D.JPG,2024-12-17T11:25:57,capture_block_03,2024-12-17T10:37:31,2024-12-17T11:36:51,596,OPF capture time gap > 600 seconds,true
DJI_20241217102559_0032_D.JPG,2024-12-17T11:25:59,capture_block_03,2024-12-17T10:37:31,2024-12-17T11:36:51,596,OPF capture time gap > 600 seconds,true
DJI_20241217102601_0033_D.JPG,2024-12-17T11:26:01,capture_block_03,2024-12-17T10:37:31,2024-12-17T11:36:51,596,OPF capture time gap > 600 seconds,true
DJI_20241217102603_0034_D.JPG,2024-12-17T11:26:03,capture_block_03,2024-12-17T10:37:31,2024-12-17T11:36:51,596,OPF capture time gap > 600 seconds,true
DJI_20241217102605_0035_D.JPG,2024-12-17T11:26:05,capture_block_03,2024-12-17T10:37:31,2024-12-17T11:36:51,596,OPF capture time gap > 600 seconds,true
DJI_20241217102609_0037_D.JPG,2024-12-17T11:26:09,capture_block_03,2024-12-17T10:37:31,2024-12-17T11:36:51,596,OPF capture time gap > 600 seconds,true
DJI_20241217102611_0038_D.JPG,2024-12-17T11:26:11,capture_block_03,2024-12-17T10:37:31,2024-12-17T11:36:51,596,OPF capture time gap > 600 seconds,true
DJI_20241217102613_0039_D.JPG,2024-12-17T11:26:13,capture_block_03,2024-12-17T10:37:31,2024-12-17T11:36:51,596,OPF capture time gap > 600 seconds,true
DJI_20241217102615_0040_D.JPG,2024-12-17T11:26:15,capture_block_03,2024-12-17T10:37:31,2024-12-17T11:36:51,596,OPF capture time gap > 600 seconds,true
DJI_20241217102617_0041_D.JPG,2024-12-17T11:26:17,capture_block_03,2024-12-17T10:37:31,2024-12-17T11:36:51,596,OPF capture time gap > 600 seconds,true
DJI_20241217102619_0042_D.JPG,2024-12-17T11:26:19,capture_block_03,2024-12-17T10:37:31,2024-12-17T11:36:51,596,OPF capture time gap > 600 seconds,true
DJI_20241217102621_0043_D.JPG,2024-12-17T11:26:21,capture_block_03,2024-12-17T10:37:31,2024-12-17T11:36:51,596,OPF capture time gap > 600 seconds,true
DJI_20241217102623_0044_D.JPG,2024-12-17T11:26:23,capture_block_03,2024-12-17T10:37:31,2024-12-17T11:36:51,596,OPF capture time gap > 600 seconds,true
DJI_20241217102625_0045_D.JPG,2024-12-17T11:26:25,capture_block_03,2024-12-17T10:37:31,2024-12-17T11:36:51,596,OPF capture time gap > 600 seconds,true
DJI_20241217102627_0046_D.JPG,2024-12-17T11:26:27,capture_block_03,2024-12-17T10:37:31,2024-12-17T11:36:51,596,OPF capture time gap > 600 seconds,true
DJI_20241217102629_0047_D.JPG,2024-12-17T11:26:29,capture_block_03,2024-12-17T10:37:31,2024-12-17T11:36:51,596,OPF capture time gap > 600 seconds,true
DJI_20241217102653_0002_D.JPG,2024-12-17T11:26:53,capture_block_03,2024-12-17T10:37:31,2024-12-17T11:36:51,596,OPF capture time gap > 600 seconds,true
DJI_20241217102655_0003_D.JPG,2024-12-17T11:26:55,capture_block_03,2024-12-17T10:37:31,2024-12-17T11:36:51,596,OPF capture time gap > 600 seconds,true
DJI_20241217102657_0004_D.JPG,2024-12-17T11:26:57,capture_block_03,2024-12-17T10:37:31,2024-12-17T11:36:51,596,OPF capture time gap > 600 seconds,true
DJI_20241217102659_0005_D.JPG,2024-12-17T11:26:59,capture_block_03,2024-12-17T10:37:31,2024-12-17T11:36:51,596,OPF capture time gap > 600 seconds,true
DJI_20241217102701_0006_D.JPG,2024-12-17T11:27:01,capture_block_03,2024-12-17T10:37:31,2024-12-17T11:36:51,596,OPF capture time gap > 600 seconds,true
DJI_20241217102703_0007_D.JPG,2024-12-17T11:27:03,capture_block_03,2024-12-17T10:37:31,2024-12-17T11:36:51,596,OPF capture time gap > 600 seconds,true
DJI_20241217102705_0008_D.JPG,2024-12-17T11:27:05,capture_block_03,2024-12-17T10:37:31,2024-12-17T11:36:51,596,OPF capture time gap > 600 seconds,true
DJI_20241217102707_0009_D.JPG,2024-12-17T11:27:07,capture_block_03,2024-12-17T10:37:31,2024-12-17T11:36:51,596,OPF capture time gap > 600 seconds,true
DJI_20241217102709_0010_D.JPG,2024-12-17T11:27:09,capture_block_03,2024-12-17T10:37:31,2024-12-17T11:36:51,596,OPF capture time gap > 600 seconds,true
DJI_20241217102711_0011_D.JPG,2024-12-17T11:27:11,capture_block_03,2024-12-17T10:37:31,2024-12-17T11:36:51,596,OPF capture time gap > 600 seconds,true
DJI_20241217102713_0012_D.JPG,2024-12-17T11:27:13,capture_block_03,2024-12-17T10:37:31,2024-12-17T11:36:51,596,OPF capture time gap > 600 seconds,true
DJI_20241217102715_0013_D.JPG,2024-12-17T11:27:15,capture_block_03,2024-12-17T10:37:31,2024-12-17T11:36:51,596,OPF capture time gap > 600 seconds,true
DJI_20241217102717_0014_D.JPG,2024-12-17T11:27:17,capture_block_03,2024-12-17T10:37:31,2024-12-17T11:36:51,596,OPF capture time gap > 600 seconds,true
DJI_20241217102719_0015_D.JPG,2024-12-17T11:27:19,capture_block_03,2024-12-17T10:37:31,2024-12-17T11:36:51,596,OPF capture time gap > 600 seconds,true
DJI_20241217102721_0016_D.JPG,2024-12-17T11:27:21,capture_block_03,2024-12-17T10:37:31,2024-12-17T11:36:51,596,OPF capture time gap > 600 seconds,true
DJI_20241217102723_0017_D.JPG,2024-12-17T11:27:23,capture_block_03,2024-12-17T10:37:31,2024-12-17T11:36:51,596,OPF capture time gap > 600 seconds,true
DJI_20241217102725_0018_D.JPG,2024-12-17T11:27:25,capture_block_03,2024-12-17T10:37:31,2024-12-17T11:36:51,596,OPF capture time gap > 600 seconds,true
DJI_20241217102727_0019_D.JPG,2024-12-17T11:27:27,capture_block_03,2024-12-17T10:37:31,2024-12-17T11:36:51,596,OPF capture time gap > 600 seconds,true
DJI_20241217102729_0020_D.JPG,2024-12-17T11:27:29,capture_block_03,2024-12-17T10:37:31,2024-12-17T11:36:51,596,OPF capture time gap > 600 seconds,true
DJI_20241217102731_0021_D.JPG,2024-12-17T11:27:31,capture_block_03,2024-12-17T10:37:31,2024-12-17T11:36:51,596,OPF capture time gap > 600 seconds,true
DJI_20241217102733_0022_D.JPG,2024-12-17T11:27:33,capture_block_03,2024-12-17T10:37:31,2024-12-17T11:36:51,596,OPF capture time gap > 600 seconds,true
DJI_20241217102735_0023_D.JPG,2024-12-17T11:27:35,capture_block_03,2024-12-17T10:37:31,2024-12-17T11:36:51,596,OPF capture time gap > 600 seconds,true
DJI_20241217102737_0024_D.JPG,2024-12-17T11:27:37,capture_block_03,2024-12-17T10:37:31,2024-12-17T11:36:51,596,OPF capture time gap > 600 seconds,true
DJI_20241217102739_0025_D.JPG,2024-12-17T11:27:39,capture_block_03,2024-12-17T10:37:31,2024-12-17T11:36:51,596,OPF capture time gap > 600 seconds,true
DJI_20241217102741_0026_D.JPG,2024-12-17T11:27:41,capture_block_03,2024-12-17T10:37:31,2024-12-17T11:36:51,596,OPF capture time gap > 600 seconds,true
DJI_20241217102913_0002_D.JPG,2024-12-17T11:29:13,capture_block_03,2024-12-17T10:37:31,2024-12-17T11:36:51,596,OPF capture time gap > 600 seconds,true
DJI_20241217102915_0003_D.JPG,2024-12-17T11:29:15,capture_block_03,2024-12-17T10:37:31,2024-12-17T11:36:51,596,OPF capture time gap > 600 seconds,true
DJI_20241217102917_0004_D.JPG,2024-12-17T11:29:17,capture_block_03,2024-12-17T10:37:31,2024-12-17T11:36:51,596,OPF capture time gap > 600 seconds,true
DJI_20241217102919_0005_D.JPG,2024-12-17T11:29:19,capture_block_03,2024-12-17T10:37:31,2024-12-17T11:36:51,596,OPF capture time gap > 600 seconds,true
DJI_20241217102921_0006_D.JPG,2024-12-17T11:29:21,capture_block_03,2024-12-17T10:37:31,2024-12-17T11:36:51,596,OPF capture time gap > 600 seconds,true
DJI_20241217102923_0007_D.JPG,2024-12-17T11:29:23,capture_block_03,2024-12-17T10:37:31,2024-12-17T11:36:51,596,OPF capture time gap > 600 seconds,true
DJI_20241217102925_0008_D.JPG,2024-12-17T11:29:25,capture_block_03,2024-12-17T10:37:31,2024-12-17T11:36:51,596,OPF capture time gap > 600 seconds,true
DJI_20241217102927_0009_D.JPG,2024-12-17T11:29:27,capture_block_03,2024-12-17T10:37:31,2024-12-17T11:36:51,596,OPF capture time gap > 600 seconds,true
DJI_20241217102929_0010_D.JPG,2024-12-17T11:29:29,capture_block_03,2024-12-17T10:37:31,2024-12-17T11:36:51,596,OPF capture time gap > 600 seconds,true
DJI_20241217102931_0011_D.JPG,2024-12-17T11:29:31,capture_block_03,2024-12-17T10:37:31,2024-12-17T11:36:51,596,OPF capture time gap > 600 seconds,true
DJI_20241217102933_0012_D.JPG,2024-12-17T11:29:33,capture_block_03,2024-12-17T10:37:31,2024-12-17T11:36:51,596,OPF capture time gap > 600 seconds,true
DJI_20241217102935_0013_D.JPG,2024-12-17T11:29:35,capture_block_03,2024-12-17T10:37:31,2024-12-17T11:36:51,596,OPF capture time gap > 600 seconds,true
DJI_20241217102937_0014_D.JPG,2024-12-17T11:29:37,capture_block_03,2024-12-17T10:37:31,2024-12-17T11:36:51,596,OPF capture time gap > 600 seconds,true
DJI_20241217102939_0015_D.JPG,2024-12-17T11:29:39,capture_block_03,2024-12-17T10:37:31,2024-12-17T11:36:51,596,OPF capture time gap > 600 seconds,true
DJI_20241217102941_0016_D.JPG,2024-12-17T11:29:41,capture_block_03,2024-12-17T10:37:31,2024-12-17T11:36:51,596,OPF capture time gap > 600 seconds,true
DJI_20241217102943_0017_D.JPG,2024-12-17T11:29:43,capture_block_03,2024-12-17T10:37:31,2024-12-17T11:36:51,596,OPF capture time gap > 600 seconds,true
DJI_20241217102945_0018_D.JPG,2024-12-17T11:29:45,capture_block_03,2024-12-17T10:37:31,2024-12-17T11:36:51,596,OPF capture time gap > 600 seconds,true
DJI_20241217102947_0019_D.JPG,2024-12-17T11:29:47,capture_block_03,2024-12-17T10:37:31,2024-12-17T11:36:51,596,OPF capture time gap > 600 seconds,true
DJI_20241217102949_0020_D.JPG,2024-12-17T11:29:49,capture_block_03,2024-12-17T10:37:31,2024-12-17T11:36:51,596,OPF capture time gap > 600 seconds,true
DJI_20241217102951_0021_D.JPG,2024-12-17T11:29:51,capture_block_03,2024-12-17T10:37:31,2024-12-17T11:36:51,596,OPF capture time gap > 600 seconds,true
DJI_20241217102953_0022_D.JPG,2024-12-17T11:29:53,capture_block_03,2024-12-17T10:37:31,2024-12-17T11:36:51,596,OPF capture time gap > 600 seconds,true
DJI_20241217102955_0023_D.JPG,2024-12-17T11:29:55,capture_block_03,2024-12-17T10:37:31,2024-12-17T11:36:51,596,OPF capture time gap > 600 seconds,true
DJI_20241217102957_0024_D.JPG,2024-12-17T11:29:57,capture_block_03,2024-12-17T10:37:31,2024-12-17T11:36:51,596,OPF capture time gap > 600 seconds,true
DJI_20241217102959_0025_D.JPG,2024-12-17T11:29:59,capture_block_03,2024-12-17T10:37:31,2024-12-17T11:36:51,596,OPF capture time gap > 600 seconds,true
DJI_20241217103001_0026_D.JPG,2024-12-17T11:30:01,capture_block_03,2024-12-17T10:37:31,2024-12-17T11:36:51,596,OPF capture time gap > 600 seconds,true
DJI_20241217103003_0027_D.JPG,2024-12-17T11:30:03,capture_block_03,2024-12-17T10:37:31,2024-12-17T11:36:51,596,OPF capture time gap > 600 seconds,true
DJI_20241217103005_0028_D.JPG,2024-12-17T11:30:05,capture_block_03,2024-12-17T10:37:31,2024-12-17T11:36:51,596,OPF capture time gap > 600 seconds,true
DJI_20241217103007_0029_D.JPG,2024-12-17T11:30:07,capture_block_03,2024-12-17T10:37:31,2024-12-17T11:36:51,596,OPF capture time gap > 600 seconds,true
DJI_20241217103009_0030_D.JPG,2024-12-17T11:30:09,capture_block_03,2024-12-17T10:37:31,2024-12-17T11:36:51,596,OPF capture time gap > 600 seconds,true
DJI_20241217103011_0031_D.JPG,2024-12-17T11:30:11,capture_block_03,2024-12-17T10:37:31,2024-12-17T11:36:51,596,OPF capture time gap > 600 seconds,true
DJI_20241217103013_0032_D.JPG,2024-12-17T11:30:13,capture_block_03,2024-12-17T10:37:31,2024-12-17T11:36:51,596,OPF capture time gap > 600 seconds,true
DJI_20241217103015_0033_D.JPG,2024-12-17T11:30:15,capture_block_03,2024-12-17T10:37:31,2024-12-17T11:36:51,596,OPF capture time gap > 600 seconds,true
DJI_20241217103017_0034_D.JPG,2024-12-17T11:30:17,capture_block_03,2024-12-17T10:37:31,2024-12-17T11:36:51,596,OPF capture time gap > 600 seconds,true
DJI_20241217103019_0035_D.JPG,2024-12-17T11:30:19,capture_block_03,2024-12-17T10:37:31,2024-12-17T11:36:51,596,OPF capture time gap > 600 seconds,true
DJI_20241217103021_0036_D.JPG,2024-12-17T11:30:21,capture_block_03,2024-12-17T10:37:31,2024-12-17T11:36:51,596,OPF capture time gap > 600 seconds,true
DJI_20241217103023_0037_D.JPG,2024-12-17T11:30:23,capture_block_03,2024-12-17T10:37:31,2024-12-17T11:36:51,596,OPF capture time gap > 600 seconds,true
DJI_20241217103025_0038_D.JPG,2024-12-17T11:30:25,capture_block_03,2024-12-17T10:37:31,2024-12-17T11:36:51,596,OPF capture time gap > 600 seconds,true
DJI_20241217103027_0039_D.JPG,2024-12-17T11:30:27,capture_block_03,2024-12-17T10:37:31,2024-12-17T11:36:51,596,OPF capture time gap > 600 seconds,true
DJI_20241217103029_0040_D.JPG,2024-12-17T11:30:29,capture_block_03,2024-12-17T10:37:31,2024-12-17T11:36:51,596,OPF capture time gap > 600 seconds,true
DJI_20241217103031_0041_D.JPG,2024-12-17T11:30:31,capture_block_03,2024-12-17T10:37:31,2024-12-17T11:36:51,596,OPF capture time gap > 600 seconds,true
DJI_20241217103033_0042_D.JPG,2024-12-17T11:30:33,capture_block_03,2024-12-17T10:37:31,2024-12-17T11:36:51,596,OPF capture time gap > 600 seconds,true
DJI_20241217103035_0043_D.JPG,2024-12-17T11:30:35,capture_block_03,2024-12-17T10:37:31,2024-12-17T11:36:51,596,OPF capture time gap > 600 seconds,true
DJI_20241217103037_0044_D.JPG,2024-12-17T11:30:37,capture_block_03,2024-12-17T10:37:31,2024-12-17T11:36:51,596,OPF capture time gap > 600 seconds,true
DJI_20241217103039_0045_D.JPG,2024-12-17T11:30:39,capture_block_03,2024-12-17T10:37:31,2024-12-17T11:36:51,596,OPF capture time gap > 600 seconds,true
DJI_20241217103041_0046_D.JPG,2024-12-17T11:30:41,capture_block_03,2024-12-17T10:37:31,2024-12-17T11:36:51,596,OPF capture time gap > 600 seconds,true
DJI_20241217103051_0002_D.JPG,2024-12-17T11:30:51,capture_block_03,2024-12-17T10:37:31,2024-12-17T11:36:51,596,OPF capture time gap > 600 seconds,true
DJI_20241217103053_0003_D.JPG,2024-12-17T11:30:53,capture_block_03,2024-12-17T10:37:31,2024-12-17T11:36:51,596,OPF capture time gap > 600 seconds,true
DJI_20241217103055_0004_D.JPG,2024-12-17T11:30:55,capture_block_03,2024-12-17T10:37:31,2024-12-17T11:36:51,596,OPF capture time gap > 600 seconds,true
DJI_20241217103057_0005_D.JPG,2024-12-17T11:30:57,capture_block_03,2024-12-17T10:37:31,2024-12-17T11:36:51,596,OPF capture time gap > 600 seconds,true
DJI_20241217103059_0006_D.JPG,2024-12-17T11:30:59,capture_block_03,2024-12-17T10:37:31,2024-12-17T11:36:51,596,OPF capture time gap > 600 seconds,true
DJI_20241217103101_0007_D.JPG,2024-12-17T11:31:01,capture_block_03,2024-12-17T10:37:31,2024-12-17T11:36:51,596,OPF capture time gap > 600 seconds,true
DJI_20241217103103_0008_D.JPG,2024-12-17T11:31:03,capture_block_03,2024-12-17T10:37:31,2024-12-17T11:36:51,596,OPF capture time gap > 600 seconds,true
DJI_20241217103105_0009_D.JPG,2024-12-17T11:31:05,capture_block_03,2024-12-17T10:37:31,2024-12-17T11:36:51,596,OPF capture time gap > 600 seconds,true
DJI_20241217103107_0010_D.JPG,2024-12-17T11:31:07,capture_block_03,2024-12-17T10:37:31,2024-12-17T11:36:51,596,OPF capture time gap > 600 seconds,true
DJI_20241217103109_0011_D.JPG,2024-12-17T11:31:09,capture_block_03,2024-12-17T10:37:31,2024-12-17T11:36:51,596,OPF capture time gap > 600 seconds,true
DJI_20241217103111_0012_D.JPG,2024-12-17T11:31:11,capture_block_03,2024-12-17T10:37:31,2024-12-17T11:36:51,596,OPF capture time gap > 600 seconds,true
DJI_20241217103113_0013_D.JPG,2024-12-17T11:31:13,capture_block_03,2024-12-17T10:37:31,2024-12-17T11:36:51,596,OPF capture time gap > 600 seconds,true
DJI_20241217103115_0014_D.JPG,2024-12-17T11:31:15,capture_block_03,2024-12-17T10:37:31,2024-12-17T11:36:51,596,OPF capture time gap > 600 seconds,true
DJI_20241217103117_0015_D.JPG,2024-12-17T11:31:17,capture_block_03,2024-12-17T10:37:31,2024-12-17T11:36:51,596,OPF capture time gap > 600 seconds,true
DJI_20241217103119_0016_D.JPG,2024-12-17T11:31:19,capture_block_03,2024-12-17T10:37:31,2024-12-17T11:36:51,596,OPF capture time gap > 600 seconds,true
DJI_20241217103121_0017_D.JPG,2024-12-17T11:31:21,capture_block_03,2024-12-17T10:37:31,2024-12-17T11:36:51,596,OPF capture time gap > 600 seconds,true
DJI_20241217103123_0018_D.JPG,2024-12-17T11:31:23,capture_block_03,2024-12-17T10:37:31,2024-12-17T11:36:51,596,OPF capture time gap > 600 seconds,true
DJI_20241217103125_0019_D.JPG,2024-12-17T11:31:25,capture_block_03,2024-12-17T10:37:31,2024-12-17T11:36:51,596,OPF capture time gap > 600 seconds,true
DJI_20241217103127_0020_D.JPG,2024-12-17T11:31:27,capture_block_03,2024-12-17T10:37:31,2024-12-17T11:36:51,596,OPF capture time gap > 600 seconds,true
DJI_20241217103403_0011_D.JPG,2024-12-17T11:34:03,capture_block_03,2024-12-17T10:37:31,2024-12-17T11:36:51,596,OPF capture time gap > 600 seconds,true
DJI_20241217103411_0015_D.JPG,2024-12-17T11:34:11,capture_block_03,2024-12-17T10:37:31,2024-12-17T11:36:51,596,OPF capture time gap > 600 seconds,true
DJI_20241217103413_0016_D.JPG,2024-12-17T11:34:13,capture_block_03,2024-12-17T10:37:31,2024-12-17T11:36:51,596,OPF capture time gap > 600 seconds,true
DJI_20241217103419_0019_D.JPG,2024-12-17T11:34:19,capture_block_03,2024-12-17T10:37:31,2024-12-17T11:36:51,596,OPF capture time gap > 600 seconds,true
DJI_20241217103427_0023_D.JPG,2024-12-17T11:34:27,capture_block_03,2024-12-17T10:37:31,2024-12-17T11:36:51,596,OPF capture time gap > 600 seconds,true
DJI_20241217103429_0024_D.JPG,2024-12-17T11:34:29,capture_block_03,2024-12-17T10:37:31,2024-12-17T11:36:51,596,OPF capture time gap > 600 seconds,true
DJI_20241217103431_0025_D.JPG,2024-12-17T11:34:31,capture_block_03,2024-12-17T10:37:31,2024-12-17T11:36:51,596,OPF capture time gap > 600 seconds,true
DJI_20241217103433_0026_D.JPG,2024-12-17T11:34:33,capture_block_03,2024-12-17T10:37:31,2024-12-17T11:36:51,596,OPF capture time gap > 600 seconds,true
DJI_20241217103435_0027_D.JPG,2024-12-17T11:34:35,capture_block_03,2024-12-17T10:37:31,2024-12-17T11:36:51,596,OPF capture time gap > 600 seconds,true
DJI_20241217103437_0028_D.JPG,2024-12-17T11:34:37,capture_block_03,2024-12-17T10:37:31,2024-12-17T11:36:51,596,OPF capture time gap > 600 seconds,true
DJI_20241217103439_0029_D.JPG,2024-12-17T11:34:39,capture_block_03,2024-12-17T10:37:31,2024-12-17T11:36:51,596,OPF capture time gap > 600 seconds,true
DJI_20241217103457_0038_D.JPG,2024-12-17T11:34:57,capture_block_03,2024-12-17T10:37:31,2024-12-17T11:36:51,596,OPF capture time gap > 600 seconds,true
DJI_20241217103459_0039_D.JPG,2024-12-17T11:34:59,capture_block_03,2024-12-17T10:37:31,2024-12-17T11:36:51,596,OPF capture time gap > 600 seconds,true
DJI_20241217103501_0040_D.JPG,2024-12-17T11:35:01,capture_block_03,2024-12-17T10:37:31,2024-12-17T11:36:51,596,OPF capture time gap > 600 seconds,true
DJI_20241217103503_0041_D.JPG,2024-12-17T11:35:03,capture_block_03,2024-12-17T10:37:31,2024-12-17T11:36:51,596,OPF capture time gap > 600 seconds,true
DJI_20241217103505_0042_D.JPG,2024-12-17T11:35:05,capture_block_03,2024-12-17T10:37:31,2024-12-17T11:36:51,596,OPF capture time gap > 600 seconds,true
DJI_20241217103507_0043_D.JPG,2024-12-17T11:35:07,capture_block_03,2024-12-17T10:37:31,2024-12-17T11:36:51,596,OPF capture time gap > 600 seconds,true
DJI_20241217103509_0044_D.JPG,2024-12-17T11:35:09,capture_block_03,2024-12-17T10:37:31,2024-12-17T11:36:51,596,OPF capture time gap > 600 seconds,true
DJI_20241217103511_0045_D.JPG,2024-12-17T11:35:11,capture_block_03,2024-12-17T10:37:31,2024-12-17T11:36:51,596,OPF capture time gap > 600 seconds,true
DJI_20241217103517_0048_D.JPG,2024-12-17T11:35:17,capture_block_03,2024-12-17T10:37:31,2024-12-17T11:36:51,596,OPF capture time gap > 600 seconds,true
DJI_20241217103519_0049_D.JPG,2024-12-17T11:35:19,capture_block_03,2024-12-17T10:37:31,2024-12-17T11:36:51,596,OPF capture time gap > 600 seconds,true
DJI_20241217103521_0050_D.JPG,2024-12-17T11:35:21,capture_block_03,2024-12-17T10:37:31,2024-12-17T11:36:51,596,OPF capture time gap > 600 seconds,true
DJI_20241217103523_0051_D.JPG,2024-12-17T11:35:23,capture_block_03,2024-12-17T10:37:31,2024-12-17T11:36:51,596,OPF capture time gap > 600 seconds,true
DJI_20241217103525_0052_D.JPG,2024-12-17T11:35:25,capture_block_03,2024-12-17T10:37:31,2024-12-17T11:36:51,596,OPF capture time gap > 600 seconds,true
DJI_20241217103527_0053_D.JPG,2024-12-17T11:35:27,capture_block_03,2024-12-17T10:37:31,2024-12-17T11:36:51,596,OPF capture time gap > 600 seconds,true
DJI_20241217103529_0054_D.JPG,2024-12-17T11:35:29,capture_block_03,2024-12-17T10:37:31,2024-12-17T11:36:51,596,OPF capture time gap > 600 seconds,true
DJI_20241217103531_0055_D.JPG,2024-12-17T11:35:31,capture_block_03,2024-12-17T10:37:31,2024-12-17T11:36:51,596,OPF capture time gap > 600 seconds,true
DJI_20241217103533_0056_D.JPG,2024-12-17T11:35:33,capture_block_03,2024-12-17T10:37:31,2024-12-17T11:36:51,596,OPF capture time gap > 600 seconds,true
DJI_20241217103535_0057_D.JPG,2024-12-17T11:35:35,capture_block_03,2024-12-17T10:37:31,2024-12-17T11:36:51,596,OPF capture time gap > 600 seconds,true
DJI_20241217103537_0058_D.JPG,2024-12-17T11:35:37,capture_block_03,2024-12-17T10:37:31,2024-12-17T11:36:51,596,OPF capture time gap > 600 seconds,true
DJI_20241217103539_0059_D.JPG,2024-12-17T11:35:39,capture_block_03,2024-12-17T10:37:31,2024-12-17T11:36:51,596,OPF capture time gap > 600 seconds,true
DJI_20241217103541_0060_D.JPG,2024-12-17T11:35:41,capture_block_03,2024-12-17T10:37:31,2024-12-17T11:36:51,596,OPF capture time gap > 600 seconds,true
DJI_20241217103543_0061_D.JPG,2024-12-17T11:35:43,capture_block_03,2024-12-17T10:37:31,2024-12-17T11:36:51,596,OPF capture time gap > 600 seconds,true
DJI_20241217103545_0062_D.JPG,2024-12-17T11:35:45,capture_block_03,2024-12-17T10:37:31,2024-12-17T11:36:51,596,OPF capture time gap > 600 seconds,true
DJI_20241217103547_0063_D.JPG,2024-12-17T11:35:47,capture_block_03,2024-12-17T10:37:31,2024-12-17T11:36:51,596,OPF capture time gap > 600 seconds,true
DJI_20241217103549_0064_D.JPG,2024-12-17T11:35:49,capture_block_03,2024-12-17T10:37:31,2024-12-17T11:36:51,596,OPF capture time gap > 600 seconds,true
DJI_20241217103551_0065_D.JPG,2024-12-17T11:35:51,capture_block_03,2024-12-17T10:37:31,2024-12-17T11:36:51,596,OPF capture time gap > 600 seconds,true
DJI_20241217103553_0066_D.JPG,2024-12-17T11:35:53,capture_block_03,2024-12-17T10:37:31,2024-12-17T11:36:51,596,OPF capture time gap > 600 seconds,true
DJI_20241217103609_0074_D.JPG,2024-12-17T11:36:09,capture_block_03,2024-12-17T10:37:31,2024-12-17T11:36:51,596,OPF capture time gap > 600 seconds,true
DJI_20241217103611_0075_D.JPG,2024-12-17T11:36:11,capture_block_03,2024-12-17T10:37:31,2024-12-17T11:36:51,596,OPF capture time gap > 600 seconds,true
DJI_20241217103613_0076_D.JPG,2024-12-17T11:36:13,capture_block_03,2024-12-17T10:37:31,2024-12-17T11:36:51,596,OPF capture time gap > 600 seconds,true
DJI_20241217103615_0077_D.JPG,2024-12-17T11:36:15,capture_block_03,2024-12-17T10:37:31,2024-12-17T11:36:51,596,OPF capture time gap > 600 seconds,true
DJI_20241217103617_0078_D.JPG,2024-12-17T11:36:17,capture_block_03,2024-12-17T10:37:31,2024-12-17T11:36:51,596,OPF capture time gap > 600 seconds,true
DJI_20241217103619_0079_D.JPG,2024-12-17T11:36:19,capture_block_03,2024-12-17T10:37:31,2024-12-17T11:36:51,596,OPF capture time gap > 600 seconds,true
DJI_20241217103621_0080_D.JPG,2024-12-17T11:36:21,capture_block_03,2024-12-17T10:37:31,2024-12-17T11:36:51,596,OPF capture time gap > 600 seconds,true
DJI_20241217103623_0081_D.JPG,2024-12-17T11:36:23,capture_block_03,2024-12-17T10:37:31,2024-12-17T11:36:51,596,OPF capture time gap > 600 seconds,true
DJI_20241217103625_0082_D.JPG,2024-12-17T11:36:25,capture_block_03,2024-12-17T10:37:31,2024-12-17T11:36:51,596,OPF capture time gap > 600 seconds,true
DJI_20241217103627_0083_D.JPG,2024-12-17T11:36:27,capture_block_03,2024-12-17T10:37:31,2024-12-17T11:36:51,596,OPF capture time gap > 600 seconds,true
DJI_20241217103629_0084_D.JPG,2024-12-17T11:36:29,capture_block_03,2024-12-17T10:37:31,2024-12-17T11:36:51,596,OPF capture time gap > 600 seconds,true
DJI_20241217103631_0085_D.JPG,2024-12-17T11:36:31,capture_block_03,2024-12-17T10:37:31,2024-12-17T11:36:51,596,OPF capture time gap > 600 seconds,true
DJI_20241217103633_0086_D.JPG,2024-12-17T11:36:33,capture_block_03,2024-12-17T10:37:31,2024-12-17T11:36:51,596,OPF capture time gap > 600 seconds,true
DJI_20241217103635_0087_D.JPG,2024-12-17T11:36:35,capture_block_03,2024-12-17T10:37:31,2024-12-17T11:36:51,596,OPF capture time gap > 600 seconds,true
DJI_20241217103637_0088_D.JPG,2024-12-17T11:36:37,capture_block_03,2024-12-17T10:37:31,2024-12-17T11:36:51,596,OPF capture time gap > 600 seconds,true
DJI_20241217103639_0089_D.JPG,2024-12-17T11:36:39,capture_block_03,2024-12-17T10:37:31,2024-12-17T11:36:51,596,OPF capture time gap > 600 seconds,true
DJI_20241217103641_0090_D.JPG,2024-12-17T11:36:41,capture_block_03,2024-12-17T10:37:31,2024-12-17T11:36:51,596,OPF capture time gap > 600 seconds,true
DJI_20241217103651_0095_D.JPG,2024-12-17T11:36:51,capture_block_03,2024-12-17T10:37:31,2024-12-17T11:36:51,596,OPF capture time gap > 600 seconds,true
